SCIP version 10.0.1 [precision: 8 byte] [memory: block] [mode: optimized] [LP solver: SoPlex 8.0.1] [GitHash: 76a50c97d6]
Copyright (c) 2002-2026 Zuse Institute Berlin (ZIB)

External libraries: 
  SoPlex 8.0.1         Linear programming solver developed at Zuse Institute Berlin (soplex.zib.de) [GitHash: c69290aa]
  CppAD 20180000.0     Algorithmic Differentiation of C++ algorithms developed by B. Bell (github.com/coin-or/CppAD)
  ZLIB 1.3.1           General purpose compression library by J. Gailly and M. Adler (zlib.net)
  MPFR 4.2.2           GNU Multiple Precision Floating-Point Reliable Library (mpfr.org)
  Boost 1.89.0         Boost C++ Libraries (boost.org)
  TinyCThread 1.2      small portable implementation of the C11 threads API (tinycthread.github.io)
  GMP 6.3.0            GNU Multiple Precision Arithmetic Library developed by T. Granlund (gmplib.org)
  ZIMPL 3.7.0          Zuse Institute Mathematical Programming Language developed by T. Koch (zimpl.zib.de)
  AMPL/MP 4.0.4        AMPL .nl file reader library (github.com/ampl/mp)
  PaPILO 3.0.0         parallel presolve for integer and linear optimization (github.com/scipopt/papilo) (built with TBB) [GitHash: 4cbdc327]
  Nauty 2.8.8          Computing Graph Automorphism Groups by Brendan D. McKay (users.cecs.anu.edu.au/~bdm/nauty)
  sassy 2.0            Symmetry preprocessor by Markus Anders (github.com/markusa4/sassy)
  Ipopt 3.14.19        Interior Point Optimizer developed by A. Waechter et.al. (github.com/coin-or/Ipopt)

user parameter file <scip.set> not found - using default parameters


read problem <N20_R8_K3_1_20_split_20_fix1B_4_wo_lem.lp>
============

original problem has 1457 variables (1434 bin, 21 int, 2 cont) and 5145 constraints
heuristics/padm/freq = -1
heuristics/ofins/freq = -1
heuristics/reoptsols/freq = -1
heuristics/trivialnegation/freq = -1
heuristics/trivial/freq = -1
heuristics/clique/freq = -1
heuristics/locks/freq = -1
heuristics/vbounds/freq = -1
heuristics/shiftandpropagate/freq = -1
heuristics/completesol/freq = -1
heuristics/simplerounding/freq = -1
heuristics/randrounding/freq = -1
heuristics/zirounding/freq = -1
heuristics/rounding/freq = -1
heuristics/shifting/freq = -1
heuristics/intshifting/freq = -1
heuristics/oneopt/freq = -1
heuristics/indicator/freq = -1
heuristics/adaptivediving/freq = -1
heuristics/indicatordiving/freq = -1
heuristics/farkasdiving/freq = -1
heuristics/feaspump/freq = -1
heuristics/conflictdiving/freq = -1
heuristics/pscostdiving/freq = -1
heuristics/fracdiving/freq = -1
heuristics/nlpdiving/freq = -1
heuristics/veclendiving/freq = -1
heuristics/distributiondiving/freq = -1
heuristics/objpscostdiving/freq = -1
heuristics/rootsoldiving/freq = -1
heuristics/linesearchdiving/freq = -1
heuristics/guideddiving/freq = -1
heuristics/rens/freq = -1
heuristics/alns/freq = -1
heuristics/rins/freq = -1
heuristics/gins/freq = -1
heuristics/crossover/freq = -1
heuristics/lpface/freq = -1
heuristics/undercover/freq = -1
heuristics/subnlp/freq = -1
heuristics/mpec/freq = -1
heuristics/multistart/freq = -1
heuristics/trysol/freq = -1
presolving/restartfac = 0.0125
presolving/restartminred = 0.06
constraints/setppc/cliquelifting = TRUE
presolving/boundshift/maxrounds = -1
presolving/qpkktref/maxrounds = -1
presolving/stuffing/maxrounds = -1
presolving/tworowbnd/maxrounds = -1
presolving/dualinfer/maxrounds = -1
presolving/dualagg/maxrounds = -1
presolving/implint/maxrounds = -1
presolving/redvub/maxrounds = -1
propagating/probing/maxuseless = 1500
propagating/probing/maxtotaluseless = 75
separating/closecuts/freq = 0
separating/rlt/freq = 20
separating/rlt/maxroundsroot = 15
separating/disjunctive/freq = 20
separating/disjunctive/maxroundsroot = 150
separating/gauge/freq = 0
separating/interminor/freq = 0
separating/convexproj/freq = 0
separating/gomory/maxroundsroot = 15
separating/gomory/maxsepacutsroot = 400
separating/aggregation/maxsepacutsroot = 1000
separating/clique/freq = 20
separating/zerohalf/maxroundsroot = 30
separating/zerohalf/maxsepacutsroot = 200
separating/lagromory/freq = 0
separating/mcf/freq = 20
separating/mcf/maxsepacutsroot = 400
separating/eccuts/freq = 0
separating/eccuts/maxroundsroot = 375
separating/eccuts/maxsepacutsroot = 100
separating/oddcycle/freq = 0
separating/oddcycle/maxroundsroot = 15
separating/oddcycle/maxsepacutsroot = 10000
constraints/benderslp/sepafreq = 0
constraints/integral/sepafreq = 0
constraints/SOS2/sepafreq = 10
constraints/varbound/sepafreq = 10
constraints/knapsack/sepafreq = 10
constraints/knapsack/maxsepacutsroot = 500
constraints/setppc/sepafreq = 10
constraints/or/sepafreq = 10
constraints/xor/sepafreq = 10
constraints/conjunction/sepafreq = 0
constraints/disjunction/sepafreq = 0
constraints/exactsol/sepafreq = 0
constraints/linear/sepafreq = 10
constraints/linear/maxsepacutsroot = 500
constraints/exactlinear/sepafreq = 10
constraints/exactlinear/maxsepacutsroot = 500
constraints/orbitope_full/sepafreq = 0
constraints/orbitope_pp/sepafreq = 0
constraints/logicor/sepafreq = 10
constraints/bounddisjunction/sepafreq = 0
constraints/pseudoboolean/sepafreq = 0
constraints/superindicator/sepafreq = 0
constraints/benders/sepafreq = 0
constraints/fixedvar/sepafreq = 0
constraints/countsols/sepafreq = 0
constraints/components/sepafreq = 0
cutselection/hybrid/minorthoroot = 0.1
separating/maxroundsrootsubrun = 5
separating/maxaddrounds = 5
separating/maxcutsroot = 5000
constraints/linear/separateall = TRUE
separating/aggregation/maxfailsroot = 200
separating/mcf/maxtestdelta = -1
separating/mcf/trynegscaling = TRUE
nodeselection/restartdfs/stdpriority = 100000
conflict/useinflp = b

presolving:
(round 1, fast)       189 del vars, 127 del conss, 0 add conss, 53 chg bounds, 104 chg sides, 208 chg coeffs, 0 upgd conss, 0 impls, 2869 clqs, 0 implints
(round 2, fast)       347 del vars, 835 del conss, 0 add conss, 65 chg bounds, 167 chg sides, 341 chg coeffs, 0 upgd conss, 0 impls, 2903 clqs, 0 implints
(round 3, fast)       347 del vars, 835 del conss, 0 add conss, 74 chg bounds, 210 chg sides, 437 chg coeffs, 0 upgd conss, 0 impls, 2903 clqs, 0 implints
(round 4, fast)       347 del vars, 835 del conss, 0 add conss, 80 chg bounds, 234 chg sides, 506 chg coeffs, 0 upgd conss, 0 impls, 2903 clqs, 0 implints
(round 5, fast)       347 del vars, 835 del conss, 0 add conss, 84 chg bounds, 247 chg sides, 549 chg coeffs, 0 upgd conss, 0 impls, 2903 clqs, 0 implints
   (0.0s) running MILP presolver
   (0.0s) MILP presolver (16 rounds): 34 aggregations, 147 fixings, 1 bound changes
(round 6, medium)     528 del vars, 835 del conss, 0 add conss, 87 chg bounds, 248 chg sides, 570 chg coeffs, 0 upgd conss, 0 impls, 2450 clqs, 0 implints
(round 7, fast)       528 del vars, 1306 del conss, 0 add conss, 87 chg bounds, 248 chg sides, 580 chg coeffs, 0 upgd conss, 0 impls, 2506 clqs, 0 implints
(round 8, exhaustive) 528 del vars, 1321 del conss, 0 add conss, 87 chg bounds, 248 chg sides, 580 chg coeffs, 0 upgd conss, 0 impls, 2506 clqs, 0 implints
(round 9, exhaustive) 528 del vars, 1321 del conss, 0 add conss, 87 chg bounds, 248 chg sides, 580 chg coeffs, 3589 upgd conss, 0 impls, 2506 clqs, 0 implints
(round 10, exhaustive) 528 del vars, 4585 del conss, 816 add conss, 87 chg bounds, 248 chg sides, 580 chg coeffs, 3589 upgd conss, 0 impls, 2506 clqs, 0 implints
(round 11, exhaustive) 528 del vars, 4585 del conss, 816 add conss, 87 chg bounds, 248 chg sides, 733 chg coeffs, 3589 upgd conss, 0 impls, 2506 clqs, 0 implints
(round 12, exhaustive) 532 del vars, 4586 del conss, 816 add conss, 87 chg bounds, 248 chg sides, 733 chg coeffs, 3589 upgd conss, 0 impls, 2493 clqs, 0 implints
(round 13, fast)       532 del vars, 4586 del conss, 816 add conss, 87 chg bounds, 248 chg sides, 733 chg coeffs, 3593 upgd conss, 0 impls, 2493 clqs, 0 implints
   (0.0s) probing: 1000/1083 (92.3%) - 0 fixings, 0 aggregations, 5727 implications, 0 bound changes
   (0.0s) probing: 1050/1083 (97.0%) - 0 fixings, 0 aggregations, 5727 implications, 0 bound changes
   (0.0s) probing aborted: 75/75 successive totally useless probings
   (0.0s) symmetry computation started: requiring (bin +, int +, cont +), (fixed: bin -, int -, cont -)
   (0.0s) no symmetry present (symcode time: 0.00)
presolving (14 rounds: 14 fast, 7 medium, 6 exhaustive):
 532 deleted vars, 4586 deleted constraints, 816 added constraints, 87 tightened bounds, 0 added holes, 248 changed sides, 733 changed coefficients
 1180 implications, 7040 cliques, 0 implied integral variables (0 bin, 0 int, 0 cont)
presolved problem has 1101 variables (1083 bin, 18 int, 0 cont) and 1375 constraints
     15 constraints of type <varbound>
    153 constraints of type <knapsack>
     57 constraints of type <setppc>
    812 constraints of type <and>
    235 constraints of type <linear>
    103 constraints of type <logicor>
transformed objective value is always integral (scale: 1)
Presolving Time: 0.00

 time | node  | left  |LP iter|LP it/n|mem/heur|mdpt |vars |cons |rows |cuts |sepa|confs|strbr|  dualbound   | primalbound  |  gap   | compl. 
  0.0s|     1 |     0 |  1661 |     - |    27M |   0 |1101 |1375 |2187 |   0 |  0 |   0 |   0 | 0.000000e+00 |      --      |    Inf | unknown
Computing relative interior point (time limit: 1e+20, iter limit: 16610) ...
  0.0s|     1 |     0 |  2268 |     - |    31M |   0 |1101 |1375 |2243 |  56 |  1 |   0 |   0 | 0.000000e+00 |      --      |    Inf | unknown
  0.0s|     1 |     0 |  2505 |     - |    31M |   0 |1101 |1375 |2286 |  99 |  2 |   0 |   0 | 0.000000e+00 |      --      |    Inf | unknown
  0.0s|     1 |     0 |  2593 |     - |    32M |   0 |1101 |1375 |2303 | 116 |  3 |   0 |   0 | 0.000000e+00 |      --      |    Inf | unknown
  1.0s|     1 |     0 |  2826 |     - |    62M |   0 |1101 |1409 |2575 | 388 |  4 |   0 |   0 | 0.000000e+00 |      --      |    Inf | unknown
  2.0s|     1 |     0 |  3179 |     - |    86M |   0 |1101 |1409 |2792 | 605 |  5 |   0 |   0 | 0.000000e+00 |      --      |    Inf | unknown
  6.0s|     1 |     0 |  3444 |     - |   109M |   0 |1101 |1409 |3084 | 897 |  6 |   0 |   0 | 0.000000e+00 |      --      |    Inf | unknown
  9.0s|     1 |     0 |  3574 |     - |   134M |   0 |1101 |1409 |3348 |1161 |  7 |   0 |   0 | 0.000000e+00 |      --      |    Inf | unknown
 13.0s|     1 |     0 |  3695 |     - |   156M |   0 |1101 |1409 |3632 |1445 |  8 |   0 |   0 | 0.000000e+00 |      --      |    Inf | unknown
 16.0s|     1 |     0 |  3905 |     - |   186M |   0 |1101 |1409 |3781 |1594 |  9 |   0 |   0 | 0.000000e+00 |      --      |    Inf | unknown
 21.0s|     1 |     0 |  4042 |     - |   218M |   0 |1101 |1409 |3935 |1748 | 10 |   0 |   0 | 0.000000e+00 |      --      |    Inf | unknown
 25.0s|     1 |     0 |  4187 |     - |   243M |   0 |1101 |1409 |4234 |2047 | 11 |   0 |   0 | 0.000000e+00 |      --      |    Inf | unknown
 27.0s|     1 |     2 |  4300 |     - |   243M |   0 |1101 |1409 |4234 |2047 | 11 |   0 |  11 | 0.000000e+00 |      --      |    Inf | unknown
 31.0s|   100 |    74 | 57929 | 542.8 |   250M |  22 |1101 |1438 |2511 |3816 |  2 |  29 |  11 | 0.000000e+00 |      --      |    Inf | unknown
 35.0s|   200 |    86 |110223 | 532.8 |   250M |  25 |1101 |1539 |2531 |5028 |  2 | 130 |  11 | 0.000000e+00 |      --      |    Inf | unknown
 time | node  | left  |LP iter|LP it/n|mem/heur|mdpt |vars |cons |rows |cuts |sepa|confs|strbr|  dualbound   | primalbound  |  gap   | compl. 
 39.0s|   300 |    96 |155085 | 504.7 |   252M |  26 |1101 |1635 |2611 |6086 |  2 | 226 |  11 | 0.000000e+00 |      --      |    Inf | unknown
 42.0s|   400 |    97 |197559 | 484.6 |   252M |  27 |1101 |1777 |2593 |6996 |  2 | 368 |  11 | 0.000000e+00 |      --      |    Inf | unknown
 46.0s|   500 |    98 |239034 | 470.6 |   235M |  29 |1101 |1903 |2641 |7883 |  0 | 495 |  11 | 0.000000e+00 |      --      |    Inf | unknown
 50.0s|   600 |    98 |287176 | 472.4 |   237M |  29 |1101 |2025 |2545 |8805 |  0 | 626 |  11 | 0.000000e+00 |      --      |    Inf | unknown
 53.0s|   700 |    78 |334495 | 472.5 |   237M |  29 |1101 |2172 |2395 |9532 |  2 | 773 |  11 | 0.000000e+00 |      --      |    Inf | unknown
 57.0s|   800 |    79 |378317 | 468.2 |   237M |  29 |1101 |2306 |2669 |  10k|  0 | 907 |  11 | 0.000000e+00 |      --      |    Inf |   0.51%
 60.0s|   900 |    73 |427344 | 470.7 |   238M |  29 |1101 |2432 |2755 |  10k|  0 |1033 |  11 | 0.000000e+00 |      --      |    Inf |   0.66%
 64.0s|  1000 |    63 |478171 | 474.5 |   239M |  29 |1101 |2555 |2424 |  11k|  2 |1156 |  11 | 0.000000e+00 |      --      |    Inf |   1.10%
 67.0s|  1100 |    85 |519613 | 469.0 |   239M |  29 |1101 |2645 |2445 |  12k|  2 |1247 |  11 | 0.000000e+00 |      --      |    Inf |   1.14%
 71.0s|  1200 |    79 |557458 | 461.4 |   239M |  29 |1101 |2732 |2632 |  13k|  2 |1338 |  11 | 0.000000e+00 |      --      |    Inf |   1.16%
 74.0s|  1300 |    70 |594755 | 454.6 |   239M |  29 |1101 |2836 |   0 |  13k|  0 |1449 |  11 | 0.000000e+00 |      --      |    Inf |   1.19%
 77.0s|  1400 |    71 |634569 | 450.6 |   239M |  29 |1101 |2931 |2531 |  14k|  2 |1561 |  11 | 0.000000e+00 |      --      |    Inf |   1.25%
 80.0s|  1500 |    69 |672627 | 445.9 |   239M |  29 |1101 |3024 |   0 |  15k|  0 |1663 |  11 | 0.000000e+00 |      --      |    Inf |   1.26%
 84.0s|  1600 |    75 |714848 | 444.4 |   239M |  29 |1101 |3048 |   0 |  16k|  0 |1748 |  11 | 0.000000e+00 |      --      |    Inf |   1.29%
 87.0s|  1700 |    78 |752104 | 440.2 |   240M |  29 |1101 |3088 |2534 |  17k|  2 |1813 |  11 | 0.000000e+00 |      --      |    Inf |   1.35%
 time | node  | left  |LP iter|LP it/n|mem/heur|mdpt |vars |cons |rows |cuts |sepa|confs|strbr|  dualbound   | primalbound  |  gap   | compl. 
 91.0s|  1800 |    89 |806835 | 446.2 |   240M |  29 |1101 |3180 |2531 |  17k|  1 |1925 |  11 | 0.000000e+00 |      --      |    Inf |   1.35%
 95.0s|  1900 |    81 |857927 | 449.6 |   240M |  29 |1101 |3281 |2604 |  18k|  2 |2053 |  11 | 0.000000e+00 |      --      |    Inf |   1.37%
 99.0s|  2000 |    83 |910708 | 453.5 |   240M |  29 |1101 |3323 |2817 |  19k|  2 |2171 |  11 | 0.000000e+00 |      --      |    Inf |   1.41%
  102s|  2100 |    69 |947431 | 449.4 |   240M |  29 |1101 |3359 |2839 |  19k|  2 |2279 |  11 | 0.000000e+00 |      --      |    Inf |   1.46%
  105s|  2200 |    74 |992780 | 449.6 |   241M |  29 |1101 |3412 |2596 |  20k|  1 |2394 |  11 | 0.000000e+00 |      --      |    Inf |   1.53%
  109s|  2300 |    79 |  1041k| 451.1 |   241M |  29 |1101 |3517 |   0 |  20k|  0 |2514 |  11 | 0.000000e+00 |      --      |    Inf |   1.53%
  112s|  2400 |    63 |  1085k| 450.6 |   241M |  29 |1101 |3481 |2906 |  20k|  0 |2644 |  11 | 0.000000e+00 |      --      |    Inf |   1.55%
  116s|  2500 |    63 |  1130k| 450.9 |   242M |  29 |1101 |3419 |2841 |  21k|  0 |2751 |  11 | 0.000000e+00 |      --      |    Inf |   1.77%
  119s|  2600 |    71 |  1168k| 448.1 |   242M |  29 |1101 |3342 |2571 |  22k|  2 |2857 |  11 | 0.000000e+00 |      --      |    Inf |   1.88%
  122s|  2700 |    84 |  1208k| 446.3 |   242M |  29 |1101 |3433 |2693 |  22k|  0 |2960 |  11 | 0.000000e+00 |      --      |    Inf |   1.88%
  125s|  2800 |    70 |  1250k| 445.3 |   242M |  29 |1101 |3557 |2611 |  23k|  2 |3111 |  11 | 0.000000e+00 |      --      |    Inf |   1.88%
  129s|  2900 |    78 |  1296k| 445.8 |   242M |  29 |1101 |3671 |2638 |  23k|  0 |3235 |  11 | 0.000000e+00 |      --      |    Inf |   1.88%
  132s|  3000 |    77 |  1333k| 443.2 |   242M |  29 |1101 |3776 |2661 |  24k|  2 |3345 |  11 | 0.000000e+00 |      --      |    Inf |   1.89%
  134s|  3100 |    74 |  1366k| 439.7 |   242M |  29 |1101 |3878 |2670 |  24k|  0 |3459 |  11 | 0.000000e+00 |      --      |    Inf |   1.89%
  137s|  3200 |    79 |  1406k| 438.3 |   242M |  29 |1101 |3814 |   0 |  25k|  0 |3574 |  11 | 0.000000e+00 |      --      |    Inf |   1.90%
 time | node  | left  |LP iter|LP it/n|mem/heur|mdpt |vars |cons |rows |cuts |sepa|confs|strbr|  dualbound   | primalbound  |  gap   | compl. 
  140s|  3300 |    92 |  1445k| 437.0 |   242M |  29 |1101 |3912 |   0 |  25k|  0 |3688 |  11 | 0.000000e+00 |      --      |    Inf |   1.91%
  143s|  3400 |    83 |  1489k| 436.9 |   242M |  29 |1101 |3579 |2730 |  26k|  2 |3830 |  11 | 0.000000e+00 |      --      |    Inf |   1.93%
  146s|  3500 |    76 |  1531k| 436.4 |   242M |  29 |1101 |3599 |2689 |  26k|  1 |3966 |  11 | 0.000000e+00 |      --      |    Inf |   1.94%
  149s|  3600 |    74 |  1565k| 433.8 |   242M |  29 |1101 |3431 |2450 |  27k|  2 |4062 |  11 | 0.000000e+00 |      --      |    Inf |   2.01%
  152s|  3700 |    50 |  1612k| 434.8 |   243M |  29 |1101 |2896 |2871 |  27k|  0 |4200 |  11 | 0.000000e+00 |      --      |    Inf |   2.21%
  154s|  3800 |    60 |  1629k| 427.8 |   243M |  29 |1101 |2683 |2744 |  27k|  2 |4269 |  11 | 0.000000e+00 |      --      |    Inf |   2.26%
  156s|  3900 |    70 |  1649k| 422.0 |   243M |  29 |1101 |2713 |2801 |  28k|  0 |4314 |  11 | 0.000000e+00 |      --      |    Inf |   2.27%
  157s|  4000 |    62 |  1665k| 415.5 |   243M |  29 |1101 |2754 |2774 |  28k|  2 |4370 |  11 | 0.000000e+00 |      --      |    Inf |   2.30%
  159s|  4100 |    77 |  1691k| 411.6 |   244M |  29 |1101 |2736 |2629 |  29k|  2 |4407 |  11 | 0.000000e+00 |      --      |    Inf |   2.37%
  162s|  4200 |    79 |  1734k| 412.1 |   244M |  29 |1101 |2782 |2704 |  29k|  0 |4504 |  11 | 0.000000e+00 |      --      |    Inf |   2.39%
  166s|  4300 |    88 |  1785k| 414.3 |   244M |  29 |1101 |2842 |2678 |  30k|  1 |4601 |  11 | 0.000000e+00 |      --      |    Inf |   2.42%
  169s|  4400 |    74 |  1833k| 415.9 |   244M |  29 |1101 |2962 |2723 |  30k|  0 |4738 |  11 | 0.000000e+00 |      --      |    Inf |   2.44%
  173s|  4500 |    85 |  1880k| 417.1 |   245M |  29 |1101 |3032 |2646 |  31k|  2 |4848 |  11 | 0.000000e+00 |      --      |    Inf |   2.58%
  177s|  4600 |    82 |  1933k| 419.4 |   245M |  29 |1101 |3167 |2652 |  31k|  2 |4983 |  11 | 0.000000e+00 |      --      |    Inf |   2.59%
  180s|  4700 |    80 |  1980k| 420.5 |   246M |  29 |1101 |3282 |2647 |  32k|  0 |5100 |  11 | 0.000000e+00 |      --      |    Inf |   2.60%
 time | node  | left  |LP iter|LP it/n|mem/heur|mdpt |vars |cons |rows |cuts |sepa|confs|strbr|  dualbound   | primalbound  |  gap   | compl. 
  184s|  4800 |    79 |  2028k| 421.9 |   246M |  29 |1101 |3373 |2663 |  32k|  2 |5215 |  11 | 0.000000e+00 |      --      |    Inf |   2.75%
  187s|  4900 |    84 |  2076k| 423.0 |   247M |  29 |1101 |3420 |2622 |  33k|  2 |5321 |  11 | 0.000000e+00 |      --      |    Inf |   2.78%
  190s|  5000 |    85 |  2109k| 421.2 |   247M |  29 |1101 |3479 |2515 |  33k|  2 |5420 |  11 | 0.000000e+00 |      --      |    Inf |   2.84%
  192s|  5100 |    87 |  2138k| 418.6 |   247M |  29 |1101 |3470 |2620 |  34k|  0 |5520 |  11 | 0.000000e+00 |      --      |    Inf |   2.93%
  195s|  5200 |    89 |  2175k| 417.6 |   247M |  29 |1101 |3583 |2636 |  34k|  0 |5653 |  11 | 0.000000e+00 |      --      |    Inf |   2.96%
  199s|  5300 |    87 |  2229k| 420.0 |   247M |  29 |1101 |3732 |2729 |  35k|  2 |5819 |  11 | 0.000000e+00 |      --      |    Inf |   2.96%
  202s|  5400 |    86 |  2263k| 418.6 |   247M |  29 |1101 |3845 |2740 |  35k|  0 |5960 |  11 | 0.000000e+00 |      --      |    Inf |   2.99%
  205s|  5500 |    82 |  2309k| 419.3 |   247M |  29 |1101 |3968 |2730 |  35k|  0 |6095 |  11 | 0.000000e+00 |      --      |    Inf |   3.00%
  209s|  5600 |    80 |  2355k| 419.9 |   248M |  29 |1101 |4060 |2625 |  36k|  2 |6225 |  11 | 0.000000e+00 |      --      |    Inf |   3.13%
  211s|  5700 |    82 |  2393k| 419.2 |   248M |  29 |1101 |4213 |2601 |  36k|  2 |6404 |  11 | 0.000000e+00 |      --      |    Inf |   3.15%
  214s|  5800 |    78 |  2432k| 418.7 |   249M |  29 |1101 |4307 |2665 |  36k|  2 |6545 |  11 | 0.000000e+00 |      --      |    Inf |   3.32%
  218s|  5900 |    75 |  2479k| 419.7 |   249M |  29 |1101 |4342 |2688 |  37k|  0 |6676 |  11 | 0.000000e+00 |      --      |    Inf |   3.49%
  222s|  6000 |    93 |  2523k| 419.9 |   250M |  29 |1101 |4133 |2828 |  37k|  0 |6778 |  11 | 0.000000e+00 |      --      |    Inf |   3.62%
  225s|  6100 |   115 |  2567k| 420.3 |   250M |  29 |1101 |4171 |2885 |  37k|  1 |6872 |  11 | 0.000000e+00 |      --      |    Inf |   3.62%
  229s|  6200 |   103 |  2610k| 420.4 |   250M |  29 |1101 |4310 |2921 |  37k|  2 |7020 |  11 | 0.000000e+00 |      --      |    Inf |   3.62%
 time | node  | left  |LP iter|LP it/n|mem/heur|mdpt |vars |cons |rows |cuts |sepa|confs|strbr|  dualbound   | primalbound  |  gap   | compl. 
  232s|  6300 |    93 |  2647k| 419.6 |   250M |  29 |1101 |4272 |2770 |  38k|  2 |7126 |  11 | 0.000000e+00 |      --      |    Inf |   3.63%
  236s|  6400 |   102 |  2684k| 418.9 |   250M |  30 |1101 |4268 |2784 |  38k|  1 |7232 |  11 | 0.000000e+00 |      --      |    Inf |   3.64%
  239s|  6500 |    92 |  2722k| 418.3 |   251M |  30 |1101 |4347 |2915 |  38k|  1 |7391 |  11 | 0.000000e+00 |      --      |    Inf |   3.65%
  242s|  6600 |    93 |  2759k| 417.6 |   251M |  30 |1101 |4372 |2950 |  38k|  1 |7489 |  11 | 0.000000e+00 |      --      |    Inf |   3.65%
  245s|  6700 |    97 |  2799k| 417.3 |   251M |  30 |1101 |4349 |2799 |  38k|  0 |7594 |  11 | 0.000000e+00 |      --      |    Inf |   3.68%
  248s|  6800 |    96 |  2839k| 417.1 |   251M |  30 |1101 |4380 |2932 |  38k|  0 |7705 |  11 | 0.000000e+00 |      --      |    Inf |   3.68%
  252s|  6900 |    94 |  2884k| 417.5 |   251M |  30 |1101 |4493 |2937 |  38k|  0 |7828 |  11 | 0.000000e+00 |      --      |    Inf |   3.69%
  255s|  7000 |    94 |  2924k| 417.2 |   251M |  30 |1101 |4578 |2786 |  39k|  0 |7944 |  11 | 0.000000e+00 |      --      |    Inf |   3.70%
  259s|  7100 |    88 |  2967k| 417.4 |   251M |  30 |1101 |4587 |2934 |  39k|  2 |8074 |  11 | 0.000000e+00 |      --      |    Inf |   3.71%
  262s|  7200 |    92 |  3006k| 417.0 |   251M |  30 |1101 |4680 |2941 |  39k|  0 |8196 |  11 | 0.000000e+00 |      --      |    Inf |   3.71%
  266s|  7300 |    97 |  3046k| 416.8 |   251M |  30 |1101 |4793 |2939 |  39k|  2 |8318 |  11 | 0.000000e+00 |      --      |    Inf |   3.71%
  270s|  7400 |    95 |  3097k| 418.1 |   251M |  30 |1101 |4912 |2962 |  39k|  0 |8448 |  11 | 0.000000e+00 |      --      |    Inf |   3.71%
  274s|  7500 |    92 |  3143k| 418.6 |   251M |  30 |1101 |5013 |2936 |  39k|  0 |8565 |  11 | 0.000000e+00 |      --      |    Inf |   3.71%
  277s|  7600 |    91 |  3183k| 418.4 |   251M |  30 |1101 |5075 |2947 |  39k|  1 |8690 |  11 | 0.000000e+00 |      --      |    Inf |   3.72%
  281s|  7700 |    98 |  3227k| 418.6 |   252M |  30 |1101 |5152 |2998 |  39k|  1 |8797 |  11 | 0.000000e+00 |      --      |    Inf |   3.73%
 time | node  | left  |LP iter|LP it/n|mem/heur|mdpt |vars |cons |rows |cuts |sepa|confs|strbr|  dualbound   | primalbound  |  gap   | compl. 
  284s|  7800 |    95 |  3269k| 418.7 |   252M |  30 |1101 |5260 |2994 |  39k|  0 |8907 |  11 | 0.000000e+00 |      --      |    Inf |   3.73%
  287s|  7900 |    99 |  3313k| 419.0 |   252M |  30 |1101 |5376 |2812 |  39k|  0 |9034 |  11 | 0.000000e+00 |      --      |    Inf |   3.76%
  291s|  8000 |   104 |  3354k| 418.8 |   252M |  30 |1101 |5488 |2827 |  39k|  0 |9149 |  11 | 0.000000e+00 |      --      |    Inf |   3.76%
  294s|  8100 |   102 |  3393k| 418.5 |   252M |  30 |1101 |5612 |2808 |  39k|  0 |9275 |  11 | 0.000000e+00 |      --      |    Inf |   3.76%
  297s|  8200 |    95 |  3435k| 418.5 |   252M |  30 |1101 |5752 |2788 |  39k|  0 |9420 |  11 | 0.000000e+00 |      --      |    Inf |   3.77%
  300s|  8300 |    99 |  3474k| 418.2 |   252M |  30 |1101 |5882 |2828 |  40k|  2 |9553 |  11 | 0.000000e+00 |      --      |    Inf |   3.77%
  303s|  8400 |    93 |  3504k| 416.8 |   253M |  30 |1101 |5812 |2661 |  40k|  2 |9648 |  11 | 0.000000e+00 |      --      |    Inf |   3.83%
  306s|  8500 |    91 |  3546k| 416.8 |   253M |  30 |1101 |5545 |2945 |  40k|  2 |9768 |  11 | 0.000000e+00 |      --      |    Inf |   3.84%
  309s|  8600 |    92 |  3585k| 416.5 |   253M |  30 |1101 |5523 |2975 |  40k|  2 |9908 |  11 | 0.000000e+00 |      --      |    Inf |   3.84%
  313s|  8700 |    87 |  3630k| 416.9 |   253M |  30 |1101 |5565 |   0 |  40k|  0 |  10k|  11 | 0.000000e+00 |      --      |    Inf |   3.84%
  316s|  8800 |   129 |  3660k| 415.5 |   256M |  30 |1101 |4848 |2737 |  41k|  2 |  10k|  11 | 0.000000e+00 |      --      |    Inf |   4.01%
  318s|  8900 |   140 |  3681k| 413.3 |   256M |  30 |1101 |4692 |   0 |  41k|  0 |  10k|  11 | 0.000000e+00 |      --      |    Inf |   4.23%
  320s|  9000 |   134 |  3702k| 411.0 |   257M |  30 |1101 |4697 |   0 |  41k|  0 |  10k|  11 | 0.000000e+00 |      --      |    Inf |   4.31%
  322s|  9100 |   142 |  3726k| 409.1 |   258M |  30 |1101 |4629 |   0 |  42k|  0 |  10k|  11 | 0.000000e+00 |      --      |    Inf |   4.46%
  323s|  9200 |   149 |  3746k| 406.8 |   258M |  30 |1101 |4619 |2772 |  42k|  2 |  10k|  11 | 0.000000e+00 |      --      |    Inf |   4.52%
 time | node  | left  |LP iter|LP it/n|mem/heur|mdpt |vars |cons |rows |cuts |sepa|confs|strbr|  dualbound   | primalbound  |  gap   | compl. 
  325s|  9300 |   154 |  3766k| 404.6 |   258M |  30 |1101 |4585 |2505 |  42k|  2 |  10k|  11 | 0.000000e+00 |      --      |    Inf |   4.53%
  327s|  9400 |   151 |  3787k| 402.6 |   258M |  30 |1101 |4475 |2834 |  43k|  0 |  10k|  11 | 0.000000e+00 |      --      |    Inf |   4.74%
  330s|  9500 |   176 |  3834k| 403.3 |   260M |  30 |1101 |4050 |2561 |  43k|  2 |  10k|  11 | 0.000000e+00 |      --      |    Inf |   4.88%
  334s|  9600 |   174 |  3881k| 404.0 |   260M |  30 |1101 |4165 |2500 |  44k|  2 |  10k|  11 | 0.000000e+00 |      --      |    Inf |   4.88%
  338s|  9700 |   169 |  3930k| 404.8 |   260M |  30 |1101 |4096 |2572 |  45k|  2 |  10k|  11 | 0.000000e+00 |      --      |    Inf |   4.89%
  341s|  9800 |   170 |  3976k| 405.4 |   260M |  30 |1101 |4191 |2682 |  45k|  2 |  10k|  11 | 0.000000e+00 |      --      |    Inf |   4.90%
  347s|  9900 |   171 |  4024k| 406.2 |   260M |  30 |1101 |4271 |2525 |  46k|  2 |  11k|  11 | 0.000000e+00 |      --      |    Inf |   4.91%
  356s| 10000 |   167 |  4075k| 407.2 |   260M |  30 |1101 |4381 |2800 |  46k|  0 |  11k|  11 | 0.000000e+00 |      --      |    Inf |   4.91%
  363s| 10100 |   175 |  4118k| 407.4 |   260M |  30 |1101 |4391 |3078 |  46k|  1 |  11k|  11 | 0.000000e+00 |      --      |    Inf |   4.91%
  371s| 10200 |   163 |  4163k| 407.8 |   260M |  30 |1101 |4324 |2905 |  47k|  2 |  11k|  11 | 0.000000e+00 |      --      |    Inf |   4.94%
  379s| 10300 |   182 |  4206k| 408.0 |   261M |  30 |1101 |4307 |2947 |  47k|  2 |  11k|  11 | 0.000000e+00 |      --      |    Inf |   5.01%
  387s| 10400 |   176 |  4248k| 408.2 |   261M |  30 |1101 |4407 |2950 |  47k|  0 |  11k|  11 | 0.000000e+00 |      --      |    Inf |   5.10%
  393s| 10500 |   174 |  4288k| 408.0 |   261M |  30 |1101 |4520 |2962 |  47k|  1 |  11k|  11 | 0.000000e+00 |      --      |    Inf |   5.14%
  400s| 10600 |   175 |  4330k| 408.2 |   261M |  30 |1101 |4596 |2950 |  47k|  2 |  11k|  11 | 0.000000e+00 |      --      |    Inf |   5.19%
  407s| 10700 |   168 |  4370k| 408.1 |   261M |  30 |1101 |4624 |2584 |  47k|  2 |  11k|  11 | 0.000000e+00 |      --      |    Inf |   5.26%
 time | node  | left  |LP iter|LP it/n|mem/heur|mdpt |vars |cons |rows |cuts |sepa|confs|strbr|  dualbound   | primalbound  |  gap   | compl. 
  412s| 10800 |   173 |  4410k| 408.0 |   261M |  30 |1101 |4662 |   0 |  48k|  0 |  12k|  11 | 0.000000e+00 |      --      |    Inf |   5.26%
  414s| 10900 |   163 |  4432k| 406.3 |   262M |  30 |1101 |4567 |2666 |  48k|  2 |  12k|  11 | 0.000000e+00 |      --      |    Inf |   5.30%
  416s| 11000 |   165 |  4448k| 404.0 |   262M |  30 |1101 |4438 |2491 |  49k|  2 |  12k|  11 | 0.000000e+00 |      --      |    Inf |   5.37%
  419s| 11100 |   170 |  4490k| 404.2 |   262M |  30 |1101 |4504 |   0 |  49k|  0 |  12k|  11 | 0.000000e+00 |      --      |    Inf |   5.38%
  422s| 11200 |   170 |  4524k| 403.6 |   262M |  30 |1101 |4555 |2943 |  50k|  1 |  12k|  11 | 0.000000e+00 |      --      |    Inf |   5.40%
  425s| 11300 |   163 |  4562k| 403.4 |   262M |  30 |1101 |4633 |2950 |  50k|  2 |  12k|  11 | 0.000000e+00 |      --      |    Inf |   5.42%
  426s| 11400 |   162 |  4587k| 402.1 |   263M |  30 |1101 |4402 |   0 |  51k|  0 |  12k|  11 | 0.000000e+00 |      --      |    Inf |   5.51%
  429s| 11500 |   179 |  4617k| 401.2 |   263M |  30 |1101 |4426 |2534 |  51k|  2 |  12k|  11 | 0.000000e+00 |      --      |    Inf |   5.53%
  432s| 11600 |   181 |  4659k| 401.4 |   263M |  30 |1101 |4540 |2669 |  52k|  0 |  12k|  11 | 0.000000e+00 |      --      |    Inf |   5.53%
  435s| 11700 |   181 |  4704k| 401.8 |   263M |  30 |1101 |4664 |2590 |  52k|  2 |  12k|  11 | 0.000000e+00 |      --      |    Inf |   5.53%
  438s| 11800 |   179 |  4744k| 401.7 |   263M |  30 |1101 |4772 |2611 |  52k|  2 |  13k|  11 | 0.000000e+00 |      --      |    Inf |   5.53%
  440s| 11900 |   181 |  4771k| 400.7 |   263M |  32 |1101 |4859 |   0 |  53k|  0 |  13k|  11 | 0.000000e+00 |      --      |    Inf |   5.53%
  441s| 12000 |   188 |  4784k| 398.4 |   263M |  32 |1101 |4848 |2543 |  53k|  2 |  13k|  11 | 0.000000e+00 |      --      |    Inf |   5.54%
  444s| 12100 |   186 |  4821k| 398.1 |   263M |  32 |1101 |4942 |2680 |  54k|  2 |  13k|  11 | 0.000000e+00 |      --      |    Inf |   5.54%
  446s| 12200 |   189 |  4852k| 397.4 |   263M |  33 |1101 |5085 |2685 |  54k|  1 |  13k|  11 | 0.000000e+00 |      --      |    Inf |   5.54%
 time | node  | left  |LP iter|LP it/n|mem/heur|mdpt |vars |cons |rows |cuts |sepa|confs|strbr|  dualbound   | primalbound  |  gap   | compl. 
  449s| 12300 |   180 |  4885k| 396.9 |   263M |  33 |1101 |5180 |2534 |  54k|  1 |  13k|  11 | 0.000000e+00 |      --      |    Inf |   5.54%
  451s| 12400 |   189 |  4919k| 396.4 |   263M |  33 |1101 |5252 |2640 |  55k|  1 |  13k|  11 | 0.000000e+00 |      --      |    Inf |   5.54%
  454s| 12500 |   199 |  4952k| 395.9 |   263M |  33 |1101 |5314 |2642 |  55k|  2 |  13k|  11 | 0.000000e+00 |      --      |    Inf |   5.54%
  457s| 12600 |   195 |  4991k| 395.8 |   263M |  33 |1101 |5438 |2684 |  55k|  2 |  13k|  11 | 0.000000e+00 |      --      |    Inf |   5.54%
  459s| 12700 |   199 |  5026k| 395.5 |   263M |  33 |1101 |5550 |2688 |  56k|  2 |  14k|  11 | 0.000000e+00 |      --      |    Inf |   5.54%
  462s| 12800 |   192 |  5069k| 395.7 |   263M |  33 |1101 |5679 |   0 |  56k|  0 |  14k|  11 | 0.000000e+00 |      --      |    Inf |   5.54%
  466s| 12900 |   192 |  5113k| 396.1 |   263M |  33 |1101 |5815 |2666 |  57k|  2 |  14k|  11 | 0.000000e+00 |      --      |    Inf |   5.54%
  469s| 13000 |   190 |  5155k| 396.3 |   263M |  33 |1101 |5909 |2492 |  57k|  2 |  14k|  11 | 0.000000e+00 |      --      |    Inf |   5.55%
  471s| 13100 |   183 |  5184k| 395.5 |   263M |  33 |1101 |5931 |   0 |  57k|  0 |  14k|  11 | 0.000000e+00 |      --      |    Inf |   5.55%
  474s| 13200 |   181 |  5222k| 395.3 |   263M |  33 |1101 |6033 |2678 |  57k|  2 |  14k|  11 | 0.000000e+00 |      --      |    Inf |   5.55%
  476s| 13300 |   189 |  5250k| 394.5 |   263M |  33 |1101 |5984 |2507 |  58k|  0 |  14k|  11 | 0.000000e+00 |      --      |    Inf |   5.56%
  479s| 13400 |   184 |  5285k| 394.2 |   263M |  33 |1101 |6074 |2527 |  58k|  0 |  14k|  11 | 0.000000e+00 |      --      |    Inf |   5.56%
  481s| 13500 |   190 |  5311k| 393.2 |   263M |  35 |1101 |6062 |2657 |  58k|  0 |  14k|  11 | 0.000000e+00 |      --      |    Inf |   5.56%
  484s| 13600 |   186 |  5352k| 393.3 |   263M |  35 |1101 |6136 |2604 |  59k|  3 |  15k|  11 | 0.000000e+00 |      --      |    Inf |   5.56%
  487s| 13700 |   190 |  5397k| 393.7 |   263M |  35 |1101 |6132 |2638 |  59k|  0 |  15k|  11 | 0.000000e+00 |      --      |    Inf |   5.56%
 time | node  | left  |LP iter|LP it/n|mem/heur|mdpt |vars |cons |rows |cuts |sepa|confs|strbr|  dualbound   | primalbound  |  gap   | compl. 
  491s| 13800 |   188 |  5443k| 394.2 |   263M |  35 |1101 |6175 |2683 |  60k|  0 |  15k|  11 | 0.000000e+00 |      --      |    Inf |   5.56%
  492s| 13900 |   194 |  5466k| 393.0 |   263M |  35 |1101 |6197 |2690 |  60k|  1 |  15k|  11 | 0.000000e+00 |      --      |    Inf |   5.57%
  495s| 14000 |   187 |  5504k| 392.9 |   263M |  35 |1101 |6263 |2696 |  60k|  2 |  15k|  11 | 0.000000e+00 |      --      |    Inf |   5.57%
  498s| 14100 |   181 |  5543k| 392.9 |   263M |  35 |1101 |6380 |2699 |  60k|  0 |  15k|  11 | 0.000000e+00 |      --      |    Inf |   5.57%
  500s| 14200 |   185 |  5576k| 392.4 |   263M |  35 |1101 |6088 |2671 |  61k|  2 |  15k|  11 | 0.000000e+00 |      --      |    Inf |   5.57%
  504s| 14300 |   182 |  5621k| 392.8 |   263M |  35 |1101 |6182 |2717 |  61k|  2 |  15k|  11 | 0.000000e+00 |      --      |    Inf |   5.57%
  506s| 14400 |   176 |  5656k| 392.6 |   263M |  35 |1101 |5959 |   0 |  62k|  0 |  15k|  11 | 0.000000e+00 |      --      |    Inf |   5.57%
  509s| 14500 |   175 |  5686k| 391.9 |   263M |  35 |1101 |5898 |2688 |  62k|  2 |  16k|  11 | 0.000000e+00 |      --      |    Inf |   5.57%
  512s| 14600 |   174 |  5727k| 392.0 |   263M |  35 |1101 |5665 |2946 |  62k|  0 |  16k|  11 | 0.000000e+00 |      --      |    Inf |   5.61%
  515s| 14700 |   178 |  5767k| 392.1 |   263M |  35 |1101 |5589 |   0 |  62k|  0 |  16k|  11 | 0.000000e+00 |      --      |    Inf |   5.64%
  517s| 14800 |   176 |  5799k| 391.6 |   263M |  35 |1101 |5664 |2599 |  63k|  1 |  16k|  11 | 0.000000e+00 |      --      |    Inf |   5.74%
  520s| 14900 |   187 |  5838k| 391.6 |   264M |  35 |1101 |5745 |2693 |  63k|  0 |  16k|  11 | 0.000000e+00 |      --      |    Inf |   5.79%
  524s| 15000 |   184 |  5888k| 392.3 |   264M |  35 |1101 |5880 |2807 |  64k|  0 |  16k|  11 | 0.000000e+00 |      --      |    Inf |   5.79%
  528s| 15100 |   185 |  5935k| 392.8 |   264M |  35 |1101 |5986 |2672 |  64k|  0 |  16k|  11 | 0.000000e+00 |      --      |    Inf |   5.80%
  531s| 15200 |   185 |  5981k| 393.2 |   264M |  35 |1101 |6098 |2710 |  64k|  1 |  16k|  11 | 0.000000e+00 |      --      |    Inf |   5.80%
 time | node  | left  |LP iter|LP it/n|mem/heur|mdpt |vars |cons |rows |cuts |sepa|confs|strbr|  dualbound   | primalbound  |  gap   | compl. 
  535s| 15300 |   186 |  6018k| 393.1 |   264M |  35 |1101 |6213 |2777 |  64k|  0 |  17k|  11 | 0.000000e+00 |      --      |    Inf |   5.80%
  539s| 15400 |   180 |  6069k| 393.9 |   265M |  35 |1101 |6333 |2702 |  65k|  0 |  17k|  11 | 0.000000e+00 |      --      |    Inf |   5.85%
  542s| 15500 |   182 |  6111k| 394.0 |   265M |  35 |1101 |6390 |2573 |  65k|  2 |  17k|  11 | 0.000000e+00 |      --      |    Inf |   5.94%
  546s| 15600 |   184 |  6158k| 394.5 |   265M |  35 |1101 |6477 |2638 |  66k|  2 |  17k|  11 | 0.000000e+00 |      --      |    Inf |   5.97%
  549s| 15700 |   186 |  6202k| 394.8 |   265M |  35 |1101 |6596 |2694 |  67k|  2 |  17k|  11 | 0.000000e+00 |      --      |    Inf |   6.00%
  553s| 15800 |   187 |  6249k| 395.3 |   265M |  35 |1101 |6714 |2672 |  67k|  2 |  17k|  11 | 0.000000e+00 |      --      |    Inf |   6.01%
  556s| 15900 |   185 |  6288k| 395.3 |   265M |  35 |1101 |6839 |2721 |  67k|  1 |  17k|  11 | 0.000000e+00 |      --      |    Inf |   6.02%
  560s| 16000 |   189 |  6334k| 395.7 |   265M |  35 |1101 |6976 |2751 |  68k|  0 |  18k|  11 | 0.000000e+00 |      --      |    Inf |   6.03%
  564s| 16100 |   186 |  6377k| 395.9 |   265M |  35 |1101 |7151 |2813 |  68k|  0 |  18k|  11 | 0.000000e+00 |      --      |    Inf |   6.03%
  568s| 16200 |   185 |  6421k| 396.1 |   265M |  35 |1101 |7310 |2778 |  68k|  0 |  18k|  11 | 0.000000e+00 |      --      |    Inf |   6.03%
  571s| 16300 |   189 |  6457k| 395.9 |   266M |  35 |1101 |7049 |2735 |  68k|  0 |  18k|  11 | 0.000000e+00 |      --      |    Inf |   6.40%
  574s| 16400 |   181 |  6495k| 395.8 |   266M |  35 |1101 |6903 |2951 |  69k|  2 |  18k|  11 | 0.000000e+00 |      --      |    Inf |   6.45%
  578s| 16500 |   190 |  6534k| 395.8 |   267M |  35 |1101 |6476 |2928 |  69k|  0 |  18k|  11 | 0.000000e+00 |      --      |    Inf |   6.66%
  582s| 16600 |   186 |  6579k| 396.2 |   267M |  35 |1101 |6399 |2821 |  69k|  2 |  19k|  11 | 0.000000e+00 |      --      |    Inf |   6.76%
  585s| 16700 |   175 |  6622k| 396.3 |   267M |  35 |1101 |5776 |2884 |  69k|  0 |  19k|  11 | 0.000000e+00 |      --      |    Inf |   6.87%
 time | node  | left  |LP iter|LP it/n|mem/heur|mdpt |vars |cons |rows |cuts |sepa|confs|strbr|  dualbound   | primalbound  |  gap   | compl. 
  588s| 16800 |   174 |  6660k| 396.2 |   267M |  35 |1101 |5649 |   0 |  70k|  0 |  19k|  11 | 0.000000e+00 |      --      |    Inf |   6.93%
  591s| 16900 |   177 |  6694k| 395.9 |   268M |  35 |1101 |5172 |2370 |  70k|  1 |  19k|  11 | 0.000000e+00 |      --      |    Inf |   7.39%
  594s| 17000 |   183 |  6732k| 395.8 |   269M |  35 |1101 |5123 |2954 |  70k|  1 |  19k|  11 | 0.000000e+00 |      --      |    Inf |   7.53%
  597s| 17100 |   181 |  6770k| 395.7 |   269M |  35 |1101 |5176 |2544 |  71k|  2 |  19k|  11 | 0.000000e+00 |      --      |    Inf |   7.55%
  600s| 17200 |   195 |  6813k| 395.9 |   269M |  35 |1101 |5263 |2642 |  71k|  2 |  19k|  11 | 0.000000e+00 |      --      |    Inf |   7.55%
  604s| 17300 |   190 |  6858k| 396.2 |   269M |  35 |1101 |5376 |2611 |  72k|  2 |  19k|  11 | 0.000000e+00 |      --      |    Inf |   7.55%
  607s| 17400 |   190 |  6896k| 396.1 |   269M |  35 |1101 |5561 |2620 |  72k|  2 |  20k|  11 | 0.000000e+00 |      --      |    Inf |   7.55%
  611s| 17500 |   179 |  6941k| 396.5 |   269M |  35 |1101 |5708 |2665 |  72k|  0 |  20k|  11 | 0.000000e+00 |      --      |    Inf |   7.55%
  614s| 17600 |   188 |  6973k| 396.0 |   269M |  35 |1101 |5763 |   0 |  73k|  0 |  20k|  11 | 0.000000e+00 |      --      |    Inf |   7.56%
  616s| 17700 |   188 |  6995k| 395.0 |   269M |  35 |1101 |5737 |2531 |  73k|  2 |  20k|  11 | 0.000000e+00 |      --      |    Inf |   7.56%
  618s| 17800 |   176 |  7023k| 394.4 |   269M |  35 |1101 |5784 |2551 |  74k|  2 |  20k|  11 | 0.000000e+00 |      --      |    Inf |   7.57%
  620s| 17900 |   183 |  7041k| 393.2 |   269M |  35 |1101 |5811 |   0 |  74k|  0 |  20k|  11 | 0.000000e+00 |      --      |    Inf |   7.57%
  622s| 18000 |   178 |  7061k| 392.1 |   269M |  35 |1101 |5869 |2503 |  75k|  2 |  20k|  11 | 0.000000e+00 |      --      |    Inf |   7.57%
  625s| 18100 |   188 |  7091k| 391.6 |   270M |  35 |1101 |5666 |   0 |  75k|  0 |  20k|  11 | 0.000000e+00 |      --      |    Inf |   7.70%
  628s| 18200 |   198 |  7130k| 391.6 |   270M |  35 |1101 |5485 |2459 |  76k|  2 |  20k|  11 | 0.000000e+00 |      --      |    Inf |   8.02%
 time | node  | left  |LP iter|LP it/n|mem/heur|mdpt |vars |cons |rows |cuts |sepa|confs|strbr|  dualbound   | primalbound  |  gap   | compl. 
  632s| 18300 |   203 |  7171k| 391.7 |   270M |  35 |1101 |5506 |2529 |  77k|  0 |  20k|  11 | 0.000000e+00 |      --      |    Inf |   8.11%
  636s| 18400 |   210 |  7217k| 392.1 |   272M |  35 |1101 |5585 |2494 |  77k|  2 |  20k|  11 | 0.000000e+00 |      --      |    Inf |   8.27%
  639s| 18500 |   214 |  7248k| 391.6 |   272M |  35 |1101 |5341 |   0 |  78k|  0 |  21k|  11 | 0.000000e+00 |      --      |    Inf |   8.41%
  642s| 18600 |   212 |  7282k| 391.3 |   272M |  35 |1101 |5159 |2499 |  79k|  0 |  21k|  11 | 0.000000e+00 |      --      |    Inf |   8.74%
  646s| 18700 |   221 |  7318k| 391.2 |   274M |  35 |1101 |4825 |2543 |  79k|  0 |  21k|  11 | 0.000000e+00 |      --      |    Inf |   9.91%
  649s| 18800 |   223 |  7353k| 390.9 |   274M |  35 |1101 |4855 |2579 |  80k|  0 |  21k|  11 | 0.000000e+00 |      --      |    Inf |  10.10%
  653s| 18900 |   225 |  7397k| 391.2 |   276M |  35 |1101 |4820 |2638 |  81k|  2 |  21k|  11 | 0.000000e+00 |      --      |    Inf |  10.65%
  656s| 19000 |   225 |  7438k| 391.3 |   276M |  35 |1101 |4893 |2636 |  81k|  0 |  21k|  11 | 0.000000e+00 |      --      |    Inf |  10.79%
  660s| 19100 |   224 |  7481k| 391.5 |   276M |  35 |1101 |4997 |2641 |  82k|  0 |  21k|  11 | 0.000000e+00 |      --      |    Inf |  10.80%
  664s| 19200 |   217 |  7522k| 391.6 |   276M |  35 |1101 |5105 |2580 |  82k|  2 |  21k|  11 | 0.000000e+00 |      --      |    Inf |  10.93%
  668s| 19300 |   231 |  7563k| 391.7 |   276M |  35 |1101 |4896 |   0 |  83k|  0 |  21k|  11 | 0.000000e+00 |      --      |    Inf |  11.21%
  672s| 19400 |   219 |  7611k| 392.2 |   276M |  35 |1101 |4950 |2415 |  84k|  2 |  22k|  11 | 0.000000e+00 |      --      |    Inf |  11.21%
  676s| 19500 |   231 |  7656k| 392.4 |   277M |  35 |1101 |4927 |2564 |  85k|  2 |  22k|  11 | 0.000000e+00 |      --      |    Inf |  11.44%
  679s| 19600 |   230 |  7688k| 392.1 |   277M |  35 |1101 |4989 |2483 |  85k|  2 |  22k|  11 | 0.000000e+00 |      --      |    Inf |  11.54%
  684s| 19700 |   237 |  7748k| 393.1 |   277M |  35 |1101 |5116 |2618 |  86k|  0 |  22k|  11 | 0.000000e+00 |      --      |    Inf |  11.54%
 time | node  | left  |LP iter|LP it/n|mem/heur|mdpt |vars |cons |rows |cuts |sepa|confs|strbr|  dualbound   | primalbound  |  gap   | compl. 
  689s| 19800 |   241 |  7804k| 394.0 |   277M |  35 |1101 |5240 |2536 |  87k|  2 |  22k|  11 | 0.000000e+00 |      --      |    Inf |  11.55%
  694s| 19900 |   249 |  7850k| 394.3 |   277M |  35 |1101 |5298 |2509 |  88k|  2 |  22k|  11 | 0.000000e+00 |      --      |    Inf |  11.55%
  698s| 20000 |   231 |  7892k| 394.4 |   277M |  35 |1101 |5367 |   0 |  89k|  0 |  22k|  11 | 0.000000e+00 |      --      |    Inf |  11.55%
  702s| 20100 |   238 |  7937k| 394.7 |   277M |  35 |1101 |5470 |2847 |  89k|  2 |  22k|  11 | 0.000000e+00 |      --      |    Inf |  11.56%
  706s| 20200 |   225 |  7984k| 395.1 |   277M |  35 |1101 |5592 |2604 |  89k|  2 |  22k|  11 | 0.000000e+00 |      --      |    Inf |  11.59%
  708s| 20300 |   223 |  8009k| 394.4 |   277M |  35 |1101 |5626 |   0 |  90k|  0 |  23k|  11 | 0.000000e+00 |      --      |    Inf |  11.59%
  712s| 20400 |   222 |  8047k| 394.3 |   277M |  35 |1101 |5468 |2939 |  90k|  0 |  23k|  11 | 0.000000e+00 |      --      |    Inf |  16.49%
  716s| 20500 |   225 |  8091k| 394.5 |   277M |  35 |1101 |5518 |2560 |  91k|  2 |  23k|  11 | 0.000000e+00 |      --      |    Inf |  16.52%
  720s| 20600 |   221 |  8138k| 394.9 |   277M |  35 |1101 |5608 |2923 |  92k|  2 |  23k|  11 | 0.000000e+00 |      --      |    Inf |  16.53%
  724s| 20700 |   219 |  8180k| 395.0 |   277M |  35 |1101 |5713 |3002 |  92k|  1 |  23k|  11 | 0.000000e+00 |      --      |    Inf |  16.96%
  727s| 20800 |   223 |  8222k| 395.1 |   277M |  35 |1101 |5881 |2944 |  92k|  2 |  23k|  11 | 0.000000e+00 |      --      |    Inf |  16.99%
  732s| 20900 |   219 |  8263k| 395.2 |   277M |  35 |1101 |6089 |2947 |  92k|  2 |  24k|  11 | 0.000000e+00 |      --      |    Inf |  17.00%
  735s| 21000 |   214 |  8303k| 395.2 |   277M |  35 |1101 |6194 |2944 |  92k|  2 |  24k|  11 | 0.000000e+00 |      --      |    Inf |  17.10%
  739s| 21100 |   225 |  8341k| 395.2 |   278M |  35 |1101 |6080 |   0 |  93k|  0 |  24k|  11 | 0.000000e+00 |      --      |    Inf |  17.19%
  741s| 21200 |   225 |  8368k| 394.6 |   278M |  35 |1101 |5816 |   0 |  93k|  0 |  24k|  11 | 0.000000e+00 |      --      |    Inf |  17.89%
 time | node  | left  |LP iter|LP it/n|mem/heur|mdpt |vars |cons |rows |cuts |sepa|confs|strbr|  dualbound   | primalbound  |  gap   | compl. 
  744s| 21300 |   219 |  8399k| 394.2 |   278M |  35 |1101 |5743 |2620 |  94k|  0 |  24k|  11 | 0.000000e+00 |      --      |    Inf |  18.04%
  748s| 21400 |   213 |  8449k| 394.7 |   278M |  35 |1101 |5649 |2575 |  95k|  2 |  24k|  11 | 0.000000e+00 |      --      |    Inf |  18.08%
  751s| 21500 |   212 |  8481k| 394.3 |   278M |  35 |1101 |5523 |2619 |  95k|  2 |  24k|  11 | 0.000000e+00 |      --      |    Inf |  18.11%
  756s| 21600 |   212 |  8532k| 394.8 |   278M |  35 |1101 |5597 |2579 |  96k|  1 |  24k|  11 | 0.000000e+00 |      --      |    Inf |  18.12%
  761s| 21700 |   217 |  8575k| 395.0 |   278M |  35 |1101 |5678 |2606 |  97k|  0 |  24k|  11 | 0.000000e+00 |      --      |    Inf |  18.13%
  765s| 21800 |   213 |  8621k| 395.3 |   278M |  35 |1101 |5756 |2789 |  97k|  0 |  24k|  11 | 0.000000e+00 |      --      |    Inf |  18.17%
  770s| 21900 |   218 |  8672k| 395.8 |   278M |  35 |1101 |5824 |2696 |  98k|  2 |  25k|  11 | 0.000000e+00 |      --      |    Inf |  18.19%
  775s| 22000 |   214 |  8723k| 396.3 |   278M |  35 |1101 |5940 |2771 |  99k|  2 |  25k|  11 | 0.000000e+00 |      --      |    Inf |  18.20%
  780s| 22100 |   208 |  8767k| 396.6 |   278M |  35 |1101 |5947 |2632 |  99k|  2 |  25k|  11 | 0.000000e+00 |      --      |    Inf |  18.23%
  785s| 22200 |   201 |  8814k| 396.9 |   278M |  35 |1101 |5968 |2466 |  99k|  2 |  25k|  11 | 0.000000e+00 |      --      |    Inf |  18.27%
  790s| 22300 |   212 |  8861k| 397.2 |   278M |  35 |1101 |6007 |2639 | 100k|  0 |  25k|  11 | 0.000000e+00 |      --      |    Inf |  18.28%
  795s| 22400 |   208 |  8910k| 397.6 |   278M |  35 |1101 |6185 |2563 | 100k|  0 |  25k|  11 | 0.000000e+00 |      --      |    Inf |  18.30%
  798s| 22500 |   221 |  8936k| 397.0 |   278M |  35 |1101 |6213 |2628 | 101k|  2 |  25k|  11 | 0.000000e+00 |      --      |    Inf |  18.31%
  801s| 22600 |   217 |  8961k| 396.4 |   278M |  35 |1101 |6096 |2511 | 101k|  2 |  25k|  11 | 0.000000e+00 |      --      |    Inf |  18.39%
  804s| 22700 |   213 |  8995k| 396.1 |   278M |  35 |1101 |6072 |2438 | 102k|  1 |  26k|  11 | 0.000000e+00 |      --      |    Inf |  18.43%
 time | node  | left  |LP iter|LP it/n|mem/heur|mdpt |vars |cons |rows |cuts |sepa|confs|strbr|  dualbound   | primalbound  |  gap   | compl. 
  808s| 22800 |   218 |  9026k| 395.8 |   278M |  35 |1101 |6141 |2491 | 102k|  2 |  26k|  11 | 0.000000e+00 |      --      |    Inf |  18.47%
  811s| 22900 |   214 |  9057k| 395.3 |   279M |  35 |1101 |5986 |2577 | 103k|  2 |  26k|  11 | 0.000000e+00 |      --      |    Inf |  18.86%
  815s| 23000 |   214 |  9086k| 394.9 |   279M |  35 |1101 |6068 |2549 | 103k|  2 |  26k|  11 | 0.000000e+00 |      --      |    Inf |  19.18%
  818s| 23100 |   209 |  9116k| 394.5 |   279M |  35 |1101 |6065 |   0 | 104k|  0 |  26k|  11 | 0.000000e+00 |      --      |    Inf |  19.56%
  821s| 23200 |   207 |  9145k| 394.0 |   279M |  35 |1101 |6015 |2510 | 104k|  2 |  26k|  11 | 0.000000e+00 |      --      |    Inf |  19.68%
  823s| 23300 |   202 |  9167k| 393.3 |   279M |  35 |1101 |5880 |2939 | 104k|  0 |  26k|  11 | 0.000000e+00 |      --      |    Inf |  19.79%
  828s| 23400 |   191 |  9206k| 393.3 |   279M |  35 |1101 |5878 |2756 | 105k|  2 |  26k|  11 | 0.000000e+00 |      --      |    Inf |  19.92%
  832s| 23500 |   185 |  9247k| 393.4 |   279M |  35 |1101 |5786 |2557 | 106k|  0 |  26k|  11 | 0.000000e+00 |      --      |    Inf |  20.04%
  837s| 23600 |   187 |  9294k| 393.7 |   279M |  35 |1101 |5622 |2944 | 106k|  0 |  27k|  11 | 0.000000e+00 |      --      |    Inf |  20.20%
  842s| 23700 |   183 |  9337k| 393.8 |   279M |  35 |1101 |5756 |2938 | 106k|  2 |  27k|  11 | 0.000000e+00 |      --      |    Inf |  20.22%
  847s| 23800 |   180 |  9379k| 394.0 |   279M |  35 |1101 |5907 |2945 | 106k|  1 |  27k|  11 | 0.000000e+00 |      --      |    Inf |  20.23%
  851s| 23900 |   178 |  9425k| 394.2 |   279M |  35 |1101 |6020 |2686 | 106k|  1 |  27k|  11 | 0.000000e+00 |      --      |    Inf |  20.26%
  857s| 24000 |   187 |  9472k| 394.5 |   281M |  35 |1101 |5547 |2954 | 107k|  2 |  27k|  11 | 0.000000e+00 |      --      |    Inf |  22.16%
  861s| 24100 |   188 |  9513k| 394.6 |   281M |  35 |1101 |5619 |2964 | 108k|  0 |  27k|  11 | 0.000000e+00 |      --      |    Inf |  23.01%
  865s| 24200 |   187 |  9552k| 394.6 |   281M |  35 |1101 |5724 |2634 | 108k|  0 |  27k|  11 | 0.000000e+00 |      --      |    Inf |  23.14%
 time | node  | left  |LP iter|LP it/n|mem/heur|mdpt |vars |cons |rows |cuts |sepa|confs|strbr|  dualbound   | primalbound  |  gap   | compl. 
  869s| 24300 |   190 |  9586k| 394.4 |   281M |  35 |1101 |5606 |2585 | 108k|  1 |  27k|  11 | 0.000000e+00 |      --      |    Inf |  23.48%
  874s| 24400 |   184 |  9634k| 394.7 |   282M |  35 |1101 |5659 |2615 | 109k|  0 |  28k|  11 | 0.000000e+00 |      --      |    Inf |  23.66%
  878s| 24500 |   183 |  9672k| 394.7 |   282M |  35 |1101 |5604 |2957 | 109k|  1 |  28k|  11 | 0.000000e+00 |      --      |    Inf |  23.89%
  881s| 24600 |   192 |  9703k| 394.3 |   282M |  35 |1101 |5456 |2480 | 110k|  2 |  28k|  11 | 0.000000e+00 |      --      |    Inf |  25.11%
  884s| 24700 |   197 |  9730k| 393.8 |   282M |  35 |1101 |5401 |2451 | 110k|  2 |  28k|  11 | 0.000000e+00 |      --      |    Inf |  25.23%
  892s| 24800 |   201 |  9768k| 393.7 |   282M |  35 |1101 |5433 |3034 | 110k|  2 |  28k|  11 | 0.000000e+00 |      --      |    Inf |  25.25%
  899s| 24900 |   202 |  9800k| 393.4 |   282M |  35 |1101 |5477 |2520 | 111k|  2 |  28k|  11 | 0.000000e+00 |      --      |    Inf |  25.29%
  904s| 25000 |   190 |  9830k| 393.1 |   282M |  35 |1101 |5543 |   0 | 111k|  0 |  28k|  11 | 0.000000e+00 |      --      |    Inf |  25.46%
  907s| 25100 |   192 |  9867k| 393.0 |   284M |  35 |1101 |5525 |2978 | 111k|  1 |  28k|  11 | 0.000000e+00 |      --      |    Inf |  26.28%
  911s| 25200 |   190 |  9902k| 392.8 |   284M |  35 |1101 |5581 |3007 | 112k|  0 |  28k|  11 | 0.000000e+00 |      --      |    Inf |  26.47%
  913s| 25300 |   188 |  9929k| 392.3 |   284M |  35 |1101 |5594 |   0 | 112k|  0 |  29k|  11 | 0.000000e+00 |      --      |    Inf |  26.52%
  916s| 25400 |   182 |  9959k| 392.0 |   284M |  35 |1101 |5640 |   0 | 112k|  0 |  29k|  11 | 0.000000e+00 |      --      |    Inf |  26.63%
  919s| 25500 |   178 |  9986k| 391.5 |   284M |  35 |1101 |5637 |2964 | 112k|  2 |  29k|  11 | 0.000000e+00 |      --      |    Inf |  27.15%
  923s| 25600 |   186 | 10027k| 391.5 |   284M |  35 |1101 |5638 |2538 | 113k|  2 |  29k|  11 | 0.000000e+00 |      --      |    Inf |  27.31%
  926s| 25700 |   181 | 10062k| 391.4 |   284M |  35 |1101 |5733 |2501 | 113k|  0 |  29k|  11 | 0.000000e+00 |      --      |    Inf |  27.36%
 time | node  | left  |LP iter|LP it/n|mem/heur|mdpt |vars |cons |rows |cuts |sepa|confs|strbr|  dualbound   | primalbound  |  gap   | compl. 
  931s| 25800 |   177 | 10102k| 391.4 |   285M |  35 |1101 |5777 |2473 | 114k|  2 |  29k|  11 | 0.000000e+00 |      --      |    Inf |  27.97%
  935s| 25900 |   188 | 10139k| 391.3 |   285M |  35 |1101 |5807 |2530 | 115k|  2 |  29k|  11 | 0.000000e+00 |      --      |    Inf |  28.12%
  937s| 26000 |   185 | 10164k| 390.8 |   285M |  35 |1101 |5862 |2492 | 115k|  2 |  29k|  11 | 0.000000e+00 |      --      |    Inf |  28.18%
  941s| 26100 |   186 | 10194k| 390.5 |   285M |  35 |1101 |5861 |   0 | 116k|  0 |  29k|  11 | 0.000000e+00 |      --      |    Inf |  28.73%
  944s| 26200 |   179 | 10223k| 390.1 |   285M |  35 |1101 |5935 |2511 | 116k|  2 |  29k|  11 | 0.000000e+00 |      --      |    Inf |  28.82%
  950s| 26300 |   187 | 10277k| 390.6 |   286M |  35 |1101 |6035 |2618 | 117k|  0 |  30k|  11 | 0.000000e+00 |      --      |    Inf |  29.15%
  955s| 26400 |   183 | 10330k| 391.2 |   286M |  35 |1101 |6172 |2610 | 118k|  2 |  30k|  11 | 0.000000e+00 |      --      |    Inf |  29.35%
  960s| 26500 |   186 | 10380k| 391.6 |   286M |  35 |1101 |6270 |2567 | 119k|  2 |  30k|  11 | 0.000000e+00 |      --      |    Inf |  29.44%
  964s| 26600 |   177 | 10424k| 391.8 |   286M |  35 |1101 |6394 |2782 | 119k|  2 |  30k|  11 | 0.000000e+00 |      --      |    Inf |  29.47%
  967s| 26700 |   181 | 10448k| 391.2 |   286M |  35 |1101 |6381 |   0 | 119k|  0 |  30k|  11 | 0.000000e+00 |      --      |    Inf |  29.54%
  969s| 26800 |   182 | 10463k| 390.3 |   286M |  35 |1101 |6381 |2858 | 119k|  1 |  30k|  11 | 0.000000e+00 |      --      |    Inf |  29.59%
  972s| 26900 |   176 | 10489k| 389.8 |   286M |  35 |1101 |6373 |2495 | 120k|  2 |  30k|  11 | 0.000000e+00 |      --      |    Inf |  29.62%
  977s| 27000 |   187 | 10533k| 390.0 |   286M |  35 |1101 |6483 |2570 | 121k|  2 |  30k|  11 | 0.000000e+00 |      --      |    Inf |  29.63%
  982s| 27100 |   179 | 10583k| 390.4 |   286M |  35 |1101 |6616 |2693 | 121k|  0 |  30k|  11 | 0.000000e+00 |      --      |    Inf |  29.64%
  987s| 27200 |   176 | 10628k| 390.6 |   286M |  35 |1101 |6711 |2532 | 122k|  2 |  31k|  11 | 0.000000e+00 |      --      |    Inf |  29.65%
 time | node  | left  |LP iter|LP it/n|mem/heur|mdpt |vars |cons |rows |cuts |sepa|confs|strbr|  dualbound   | primalbound  |  gap   | compl. 
  992s| 27300 |   167 | 10671k| 390.8 |   286M |  35 |1101 |6846 |2761 | 122k|  0 |  31k|  11 | 0.000000e+00 |      --      |    Inf |  29.66%
  995s| 27400 |   171 | 10700k| 390.4 |   286M |  35 |1101 |6917 |2443 | 122k|  1 |  31k|  11 | 0.000000e+00 |      --      |    Inf |  29.66%
 1000s| 27500 |   171 | 10742k| 390.5 |   286M |  35 |1101 |6930 |2708 | 123k|  0 |  31k|  11 | 0.000000e+00 |      --      |    Inf |  29.69%
 1006s| 27600 |   165 | 10792k| 390.9 |   286M |  35 |1101 |6988 |2655 | 123k|  0 |  31k|  11 | 0.000000e+00 |      --      |    Inf |  29.71%
 1011s| 27700 |   170 | 10837k| 391.1 |   286M |  35 |1101 |7068 |2668 | 124k|  2 |  31k|  11 | 0.000000e+00 |      --      |    Inf |  29.72%
 1015s| 27800 |   175 | 10881k| 391.3 |   287M |  35 |1101 |6878 |2944 | 124k|  0 |  31k|  11 | 0.000000e+00 |      --      |    Inf |  29.89%
 1020s| 27900 |   185 | 10923k| 391.4 |   287M |  35 |1101 |6968 |2962 | 125k|  1 |  31k|  11 | 0.000000e+00 |      --      |    Inf |  29.89%
 1024s| 28000 |   187 | 10960k| 391.3 |   287M |  35 |1101 |7076 |2966 | 125k|  2 |  32k|  11 | 0.000000e+00 |      --      |    Inf |  29.90%
 1029s| 28100 |   184 | 10999k| 391.3 |   287M |  35 |1101 |7203 |3006 | 125k|  1 |  32k|  11 | 0.000000e+00 |      --      |    Inf |  29.90%
 1033s| 28200 |   185 | 11041k| 391.4 |   287M |  35 |1101 |7287 |2957 | 125k|  2 |  32k|  11 | 0.000000e+00 |      --      |    Inf |  29.92%
 1039s| 28300 |   183 | 11085k| 391.6 |   287M |  35 |1101 |7438 |2968 | 125k|  2 |  32k|  11 | 0.000000e+00 |      --      |    Inf |  29.92%
 1044s| 28400 |   198 | 11129k| 391.7 |   287M |  35 |1101 |7517 |2951 | 125k|  0 |  32k|  11 | 0.000000e+00 |      --      |    Inf |  29.93%
 1047s| 28500 |   226 | 11166k| 391.7 |   287M |  35 |1101 |7512 |2951 | 125k|  0 |  32k|  11 | 0.000000e+00 |      --      |    Inf |  29.93%
 1053s| 28600 |   236 | 11213k| 391.9 |   287M |  35 |1101 |7642 |2963 | 126k|  0 |  32k|  11 | 0.000000e+00 |      --      |    Inf |  29.93%
 1058s| 28700 |   241 | 11258k| 392.2 |   287M |  35 |1101 |7769 |2996 | 126k|  0 |  32k|  11 | 0.000000e+00 |      --      |    Inf |  29.93%
 time | node  | left  |LP iter|LP it/n|mem/heur|mdpt |vars |cons |rows |cuts |sepa|confs|strbr|  dualbound   | primalbound  |  gap   | compl. 
 1063s| 28800 |   231 | 11304k| 392.4 |   287M |  35 |1101 |7876 |3011 | 126k|  0 |  33k|  11 | 0.000000e+00 |      --      |    Inf |  29.93%
 1068s| 28900 |   230 | 11352k| 392.7 |   287M |  35 |1101 |7984 |3000 | 126k|  0 |  33k|  11 | 0.000000e+00 |      --      |    Inf |  29.93%
 1072s| 29000 |   224 | 11396k| 392.8 |   287M |  35 |1101 |8105 |2937 | 126k|  2 |  33k|  11 | 0.000000e+00 |      --      |    Inf |  29.93%
 1077s| 29100 |   222 | 11439k| 393.0 |   287M |  35 |1101 |8222 |2954 | 126k|  2 |  33k|  11 | 0.000000e+00 |      --      |    Inf |  29.93%
 1082s| 29200 |   214 | 11484k| 393.2 |   287M |  35 |1101 |8212 |2953 | 126k|  1 |  33k|  11 | 0.000000e+00 |      --      |    Inf |  29.93%
 1086s| 29300 |   214 | 11529k| 393.4 |   287M |  35 |1101 |8284 |3008 | 126k|  1 |  33k|  11 | 0.000000e+00 |      --      |    Inf |  29.93%
 1090s| 29400 |   217 | 11570k| 393.4 |   287M |  35 |1101 |8333 |3019 | 126k|  0 |  33k|  11 | 0.000000e+00 |      --      |    Inf |  29.93%
 1095s| 29500 |   209 | 11611k| 393.5 |   287M |  35 |1101 |8417 |2898 | 126k|  2 |  34k|  11 | 0.000000e+00 |      --      |    Inf |  29.94%
 1098s| 29600 |   214 | 11648k| 393.4 |   287M |  35 |1101 |8464 |3046 | 127k|  0 |  34k|  11 | 0.000000e+00 |      --      |    Inf |  29.94%
 1103s| 29700 |   224 | 11692k| 393.6 |   287M |  35 |1101 |8513 |2978 | 127k|  2 |  34k|  11 | 0.000000e+00 |      --      |    Inf |  29.94%
 1107s| 29800 |   218 | 11735k| 393.7 |   287M |  35 |1101 |8544 |2938 | 127k|  0 |  34k|  11 | 0.000000e+00 |      --      |    Inf |  29.94%
 1112s| 29900 |   218 | 11778k| 393.8 |   287M |  35 |1101 |8693 |3030 | 127k|  1 |  34k|  11 | 0.000000e+00 |      --      |    Inf |  29.94%
 1116s| 30000 |   220 | 11819k| 393.8 |   287M |  35 |1101 |8827 |2962 | 127k|  0 |  34k|  11 | 0.000000e+00 |      --      |    Inf |  29.94%
 1120s| 30100 |   214 | 11858k| 393.9 |   288M |  35 |1101 |8927 |3014 | 127k|  0 |  34k|  11 | 0.000000e+00 |      --      |    Inf |  29.94%
 1123s| 30200 |   201 | 11896k| 393.8 |   288M |  35 |1101 |8950 |   0 | 127k|  0 |  35k|  11 | 0.000000e+00 |      --      |    Inf |  29.95%
 time | node  | left  |LP iter|LP it/n|mem/heur|mdpt |vars |cons |rows |cuts |sepa|confs|strbr|  dualbound   | primalbound  |  gap   | compl. 
 1128s| 30300 |   202 | 11943k| 394.0 |   288M |  35 |1101 |9045 |3029 | 127k|  1 |  35k|  11 | 0.000000e+00 |      --      |    Inf |  29.95%
 1132s| 30400 |   198 | 11978k| 393.9 |   288M |  35 |1101 |9158 |2953 | 127k|  1 |  35k|  11 | 0.000000e+00 |      --      |    Inf |  29.95%
 1136s| 30500 |   198 | 12015k| 393.8 |   289M |  35 |1101 |8746 |3024 | 128k|  1 |  35k|  11 | 0.000000e+00 |      --      |    Inf |  29.95%
 1140s| 30600 |   208 | 12054k| 393.8 |   289M |  35 |1101 |8809 |3039 | 128k|  2 |  35k|  11 | 0.000000e+00 |      --      |    Inf |  29.95%
 1145s| 30700 |   201 | 12100k| 394.0 |   289M |  35 |1101 |8920 |2927 | 128k|  2 |  35k|  11 | 0.000000e+00 |      --      |    Inf |  29.96%
 1150s| 30800 |   200 | 12140k| 394.0 |   289M |  35 |1101 |9018 |3022 | 128k|  2 |  36k|  11 | 0.000000e+00 |      --      |    Inf |  29.96%
 1154s| 30900 |   198 | 12179k| 394.0 |   289M |  35 |1101 |8907 |3022 | 128k|  1 |  36k|  11 | 0.000000e+00 |      --      |    Inf |  29.96%
 1159s| 31000 |   208 | 12220k| 394.1 |   289M |  35 |1101 |8984 |2985 | 128k|  2 |  36k|  11 | 0.000000e+00 |      --      |    Inf |  29.96%
 1164s| 31100 |   209 | 12266k| 394.3 |   289M |  35 |1101 |9119 |2988 | 128k|  2 |  36k|  11 | 0.000000e+00 |      --      |    Inf |  29.96%
 1168s| 31200 |   203 | 12308k| 394.4 |   289M |  35 |1101 |9272 |2973 | 128k|  1 |  36k|  11 | 0.000000e+00 |      --      |    Inf |  29.97%
 1172s| 31300 |   202 | 12351k| 394.5 |   289M |  35 |1101 |9392 |2973 | 129k|  2 |  36k|  11 | 0.000000e+00 |      --      |    Inf |  29.97%
 1176s| 31400 |   199 | 12392k| 394.5 |   289M |  35 |1101 |9497 |3006 | 129k|  0 |  36k|  11 | 0.000000e+00 |      --      |    Inf |  29.97%
 1180s| 31500 |   201 | 12430k| 394.5 |   289M |  35 |1101 |9599 |2936 | 129k|  0 |  36k|  11 | 0.000000e+00 |      --      |    Inf |  29.97%
 1183s| 31600 |   201 | 12466k| 394.4 |   289M |  35 |1101 |9729 |2960 | 129k|  0 |  37k|  11 | 0.000000e+00 |      --      |    Inf |  29.97%
 1187s| 31700 |   201 | 12502k| 394.3 |   289M |  35 |1101 |9905 |2986 | 129k|  1 |  37k|  11 | 0.000000e+00 |      --      |    Inf |  29.97%
 time | node  | left  |LP iter|LP it/n|mem/heur|mdpt |vars |cons |rows |cuts |sepa|confs|strbr|  dualbound   | primalbound  |  gap   | compl. 
 1191s| 31800 |   196 | 12541k| 394.3 |   289M |  35 |1101 |  10k|2957 | 129k|  0 |  37k|  11 | 0.000000e+00 |      --      |    Inf |  29.97%
 1194s| 31900 |   217 | 12571k| 394.0 |   290M |  35 |1101 |9872 |2947 | 129k|  1 |  37k|  11 | 0.000000e+00 |      --      |    Inf |  29.97%
 1198s| 32000 |   221 | 12618k| 394.2 |   290M |  35 |1101 |  10k|2978 | 129k|  0 |  37k|  11 | 0.000000e+00 |      --      |    Inf |  29.97%
 1203s| 32100 |   219 | 12666k| 394.5 |   290M |  35 |1101 |  10k|2972 | 130k|  0 |  37k|  11 | 0.000000e+00 |      --      |    Inf |  29.98%
 1208s| 32200 |   217 | 12717k| 394.8 |   290M |  35 |1101 |  10k|3046 | 130k|  0 |  38k|  11 | 0.000000e+00 |      --      |    Inf |  29.98%
 1212s| 32300 |   213 | 12764k| 395.1 |   290M |  35 |1101 |  10k|2913 | 130k|  2 |  38k|  11 | 0.000000e+00 |      --      |    Inf |  29.98%
 1215s| 32400 |   212 | 12801k| 395.0 |   290M |  35 |1101 |  10k|2923 | 130k|  0 |  38k|  11 | 0.000000e+00 |      --      |    Inf |  29.98%
 1219s| 32500 |   210 | 12848k| 395.2 |   290M |  35 |1101 |  10k|2986 | 130k|  0 |  38k|  11 | 0.000000e+00 |      --      |    Inf |  29.98%
 1223s| 32600 |   205 | 12895k| 395.4 |   290M |  35 |1101 |  10k|2982 | 130k|  0 |  38k|  11 | 0.000000e+00 |      --      |    Inf |  29.98%
 1227s| 32700 |   212 | 12932k| 395.4 |   290M |  35 |1101 |  10k|2940 | 130k|  0 |  38k|  11 | 0.000000e+00 |      --      |    Inf |  29.98%
 1231s| 32800 |   211 | 12974k| 395.5 |   290M |  35 |1101 |  10k|2957 | 130k|  0 |  39k|  11 | 0.000000e+00 |      --      |    Inf |  29.98%
 1235s| 32900 |   208 | 13014k| 395.5 |   290M |  35 |1101 |  10k|2885 | 131k|  1 |  39k|  11 | 0.000000e+00 |      --      |    Inf |  29.98%
 1239s| 33000 |   216 | 13058k| 395.6 |   290M |  35 |1101 |  10k|3022 | 131k|  0 |  39k|  11 | 0.000000e+00 |      --      |    Inf |  29.98%
 1243s| 33100 |   213 | 13106k| 395.9 |   290M |  35 |1101 |  10k|3031 | 131k|  0 |  39k|  11 | 0.000000e+00 |      --      |    Inf |  29.98%
 1247s| 33200 |   226 | 13151k| 396.0 |   290M |  35 |1101 |  10k|2964 | 131k|  2 |  39k|  11 | 0.000000e+00 |      --      |    Inf |  29.98%
 time | node  | left  |LP iter|LP it/n|mem/heur|mdpt |vars |cons |rows |cuts |sepa|confs|strbr|  dualbound   | primalbound  |  gap   | compl. 
 1252s| 33300 |   218 | 13197k| 396.2 |   290M |  35 |1101 |  10k|3010 | 131k|  2 |  40k|  11 | 0.000000e+00 |      --      |    Inf |  29.98%
 1255s| 33400 |   218 | 13239k| 396.3 |   290M |  35 |1101 |  10k|2920 | 131k|  1 |  40k|  11 | 0.000000e+00 |      --      |    Inf |  29.98%
 1259s| 33500 |   225 | 13280k| 396.3 |   290M |  39 |1101 |  10k|2982 | 132k|  2 |  40k|  11 | 0.000000e+00 |      --      |    Inf |  29.98%
 1263s| 33600 |   215 | 13325k| 396.5 |   290M |  39 |1101 |  10k|2969 | 132k|  0 |  40k|  11 | 0.000000e+00 |      --      |    Inf |  29.98%
 1267s| 33700 |   212 | 13369k| 396.6 |   290M |  39 |1101 |  10k|2986 | 132k|  0 |  40k|  11 | 0.000000e+00 |      --      |    Inf |  29.98%
 1271s| 33800 |   214 | 13414k| 396.8 |   290M |  39 |1101 |  10k|2954 | 132k|  2 |  41k|  11 | 0.000000e+00 |      --      |    Inf |  29.98%
 1275s| 33900 |   218 | 13460k| 396.9 |   290M |  39 |1101 |  10k|2971 | 132k|  1 |  41k|  11 | 0.000000e+00 |      --      |    Inf |  29.98%
 1280s| 34000 |   216 | 13509k| 397.2 |   290M |  39 |1101 |  10k|2957 | 132k|  1 |  41k|  11 | 0.000000e+00 |      --      |    Inf |  29.98%
 1283s| 34100 |   216 | 13548k| 397.2 |   290M |  39 |1101 |  10k|2984 | 133k|  1 |  41k|  11 | 0.000000e+00 |      --      |    Inf |  29.98%
 1287s| 34200 |   215 | 13591k| 397.3 |   290M |  39 |1101 |  10k|2960 | 133k|  0 |  41k|  11 | 0.000000e+00 |      --      |    Inf |  29.98%
 1291s| 34300 |   219 | 13631k| 397.3 |   290M |  39 |1101 |  10k|3003 | 133k|  2 |  42k|  11 | 0.000000e+00 |      --      |    Inf |  29.98%
 1295s| 34400 |   218 | 13680k| 397.6 |   290M |  39 |1101 |  10k|2979 | 133k|  1 |  42k|  11 | 0.000000e+00 |      --      |    Inf |  29.98%
 1299s| 34500 |   219 | 13725k| 397.7 |   290M |  39 |1101 |  10k|3082 | 133k|  1 |  42k|  11 | 0.000000e+00 |      --      |    Inf |  29.98%
 1304s| 34600 |   215 | 13767k| 397.8 |   290M |  39 |1101 |  10k|2955 | 133k|  2 |  42k|  11 | 0.000000e+00 |      --      |    Inf |  29.98%
 1307s| 34700 |   214 | 13810k| 397.9 |   290M |  39 |1101 |  10k|3062 | 134k|  0 |  42k|  11 | 0.000000e+00 |      --      |    Inf |  29.98%
 time | node  | left  |LP iter|LP it/n|mem/heur|mdpt |vars |cons |rows |cuts |sepa|confs|strbr|  dualbound   | primalbound  |  gap   | compl. 
 1311s| 34800 |   222 | 13851k| 397.9 |   290M |  39 |1101 |  10k|2978 | 134k|  0 |  42k|  11 | 0.000000e+00 |      --      |    Inf |  29.98%
 1316s| 34900 |   218 | 13900k| 398.2 |   290M |  39 |1101 |  10k|2942 | 134k|  0 |  43k|  11 | 0.000000e+00 |      --      |    Inf |  29.98%
 1321s| 35000 |   215 | 13949k| 398.4 |   290M |  39 |1101 |  10k|3005 | 134k|  0 |  43k|  11 | 0.000000e+00 |      --      |    Inf |  29.98%
 1326s| 35100 |   214 | 13996k| 398.6 |   290M |  39 |1101 |  10k|2989 | 134k|  0 |  43k|  11 | 0.000000e+00 |      --      |    Inf |  29.98%
 1331s| 35200 |   222 | 14042k| 398.8 |   290M |  39 |1101 |  10k|2950 | 134k|  0 |  43k|  11 | 0.000000e+00 |      --      |    Inf |  29.98%
 1335s| 35300 |   223 | 14090k| 399.1 |   290M |  39 |1101 |  10k|2982 | 135k|  2 |  43k|  11 | 0.000000e+00 |      --      |    Inf |  29.98%
 1339s| 35400 |   223 | 14133k| 399.1 |   290M |  39 |1101 |  10k|2956 | 135k|  1 |  43k|  11 | 0.000000e+00 |      --      |    Inf |  29.98%
 1343s| 35500 |   234 | 14177k| 399.2 |   290M |  39 |1101 |  10k|3037 | 135k|  0 |  44k|  11 | 0.000000e+00 |      --      |    Inf |  29.98%
 1347s| 35600 |   231 | 14212k| 399.1 |   290M |  39 |1101 |  10k|2992 | 135k|  2 |  44k|  11 | 0.000000e+00 |      --      |    Inf |  29.98%
 1351s| 35700 |   229 | 14258k| 399.3 |   290M |  39 |1101 |  10k|2982 | 136k|  2 |  44k|  11 | 0.000000e+00 |      --      |    Inf |  29.98%
 1355s| 35800 |   225 | 14304k| 399.5 |   290M |  39 |1101 |  10k|2969 | 136k|  2 |  44k|  11 | 0.000000e+00 |      --      |    Inf |  29.98%
 1359s| 35900 |   225 | 14348k| 399.6 |   290M |  39 |1101 |  10k|2999 | 136k|  0 |  44k|  11 | 0.000000e+00 |      --      |    Inf |  29.98%
 1362s| 36000 |   229 | 14390k| 399.6 |   290M |  39 |1101 |  10k|2990 | 136k|  0 |  44k|  11 | 0.000000e+00 |      --      |    Inf |  29.98%
 1367s| 36100 |   226 | 14436k| 399.8 |   290M |  39 |1101 |  10k|3020 | 136k|  0 |  45k|  11 | 0.000000e+00 |      --      |    Inf |  29.98%
 1371s| 36200 |   224 | 14480k| 399.9 |   290M |  39 |1101 |  10k|2985 | 136k|  0 |  45k|  11 | 0.000000e+00 |      --      |    Inf |  29.98%
 time | node  | left  |LP iter|LP it/n|mem/heur|mdpt |vars |cons |rows |cuts |sepa|confs|strbr|  dualbound   | primalbound  |  gap   | compl. 
 1375s| 36300 |   221 | 14522k| 400.0 |   290M |  39 |1101 |  10k|2954 | 137k|  2 |  45k|  11 | 0.000000e+00 |      --      |    Inf |  29.98%
 1378s| 36400 |   215 | 14566k| 400.1 |   290M |  39 |1101 |  10k|3011 | 137k|  0 |  45k|  11 | 0.000000e+00 |      --      |    Inf |  29.98%
 1382s| 36500 |   215 | 14609k| 400.2 |   290M |  39 |1101 |  10k|2960 | 137k|  2 |  45k|  11 | 0.000000e+00 |      --      |    Inf |  29.98%
 1386s| 36600 |   216 | 14654k| 400.3 |   290M |  39 |1101 |  10k|   0 | 137k|  0 |  45k|  11 | 0.000000e+00 |      --      |    Inf |  29.98%
 1390s| 36700 |   219 | 14694k| 400.3 |   290M |  39 |1101 |  10k|2943 | 137k|  2 |  45k|  11 | 0.000000e+00 |      --      |    Inf |  29.99%
 1395s| 36800 |   210 | 14738k| 400.4 |   290M |  39 |1101 |  10k|2953 | 138k|  0 |  46k|  11 | 0.000000e+00 |      --      |    Inf |  30.00%
 1398s| 36900 |   215 | 14777k| 400.4 |   290M |  39 |1101 |  10k|2923 | 138k|  2 |  46k|  11 | 0.000000e+00 |      --      |    Inf |  30.01%
 1403s| 37000 |   226 | 14822k| 400.5 |   290M |  39 |1101 |  10k|2901 | 138k|  2 |  46k|  11 | 0.000000e+00 |      --      |    Inf |  30.02%
 1406s| 37100 |   229 | 14862k| 400.5 |   290M |  39 |1101 |  10k|2952 | 138k|  0 |  46k|  11 | 0.000000e+00 |      --      |    Inf |  30.02%
 1411s| 37200 |   223 | 14911k| 400.7 |   290M |  39 |1101 |  10k|2963 | 139k|  0 |  46k|  11 | 0.000000e+00 |      --      |    Inf |  30.02%
 1415s| 37300 |   219 | 14954k| 400.8 |   291M |  39 |1101 |  10k|2760 | 139k|  3 |  46k|  11 | 0.000000e+00 |      --      |    Inf |  30.05%
 1417s| 37400 |   225 | 14978k| 400.4 |   291M |  39 |1101 |9753 |2777 | 139k|  2 |  46k|  11 | 0.000000e+00 |      --      |    Inf |  30.07%
 1421s| 37500 |   227 | 15018k| 400.4 |   291M |  39 |1101 |9430 |2876 | 140k|  1 |  46k|  11 | 0.000000e+00 |      --      |    Inf |  30.11%
 1423s| 37600 |   230 | 15044k| 400.0 |   291M |  39 |1101 |9176 |2952 | 140k|  0 |  46k|  11 | 0.000000e+00 |      --      |    Inf |  30.12%
 1427s| 37700 |   231 | 15085k| 400.1 |   291M |  39 |1101 |9214 |   0 | 140k|  0 |  47k|  11 | 0.000000e+00 |      --      |    Inf |  30.13%
 time | node  | left  |LP iter|LP it/n|mem/heur|mdpt |vars |cons |rows |cuts |sepa|confs|strbr|  dualbound   | primalbound  |  gap   | compl. 
 1429s| 37800 |   242 | 15109k| 399.6 |   291M |  39 |1101 |8707 |   0 | 140k|  0 |  47k|  11 | 0.000000e+00 |      --      |    Inf |  30.19%
 1432s| 37900 |   232 | 15141k| 399.4 |   291M |  39 |1101 |7928 |2628 | 141k|  2 |  47k|  11 | 0.000000e+00 |      --      |    Inf |  30.21%
 1437s| 38000 |   231 | 15197k| 399.8 |   291M |  39 |1101 |7851 |2941 | 142k|  1 |  47k|  11 | 0.000000e+00 |      --      |    Inf |  31.81%
 1440s| 38100 |   236 | 15236k| 399.8 |   291M |  39 |1101 |7689 |2914 | 142k|  1 |  47k|  11 | 0.000000e+00 |      --      |    Inf |  31.83%
 1443s| 38200 |   224 | 15269k| 399.6 |   291M |  39 |1101 |7361 |3022 | 142k|  2 |  47k|  11 | 0.000000e+00 |      --      |    Inf |  32.30%
 1448s| 38300 |   222 | 15318k| 399.9 |   291M |  39 |1101 |7466 |3051 | 142k|  0 |  47k|  11 | 0.000000e+00 |      --      |    Inf |  32.32%
 1452s| 38400 |   227 | 15365k| 400.0 |   292M |  39 |1101 |7397 |2522 | 143k|  2 |  47k|  11 | 0.000000e+00 |      --      |    Inf |  32.67%
 1456s| 38500 |   231 | 15409k| 400.2 |   292M |  39 |1101 |7256 |2927 | 143k|  2 |  48k|  11 | 0.000000e+00 |      --      |    Inf |  32.97%
 1460s| 38600 |   232 | 15457k| 400.3 |   292M |  39 |1101 |7228 |   0 | 143k|  0 |  48k|  11 | 0.000000e+00 |      --      |    Inf |  32.97%
 1464s| 38700 |   228 | 15499k| 400.4 |   292M |  39 |1101 |7154 |2945 | 143k|  2 |  48k|  11 | 0.000000e+00 |      --      |    Inf |  32.99%
 1467s| 38800 |   229 | 15545k| 400.5 |   292M |  39 |1101 |7259 |3008 | 144k|  2 |  48k|  11 | 0.000000e+00 |      --      |    Inf |  32.99%
 1471s| 38900 |   223 | 15588k| 400.6 |   292M |  39 |1101 |7318 |3017 | 144k|  0 |  48k|  11 | 0.000000e+00 |      --      |    Inf |  32.99%
 1475s| 39000 |   223 | 15630k| 400.7 |   292M |  39 |1101 |7277 |2679 | 144k|  0 |  48k|  11 | 0.000000e+00 |      --      |    Inf |  33.00%
 1479s| 39100 |   231 | 15678k| 400.9 |   292M |  39 |1101 |7415 |2724 | 145k|  2 |  48k|  11 | 0.000000e+00 |      --      |    Inf |  33.00%
 1483s| 39200 |   223 | 15724k| 401.0 |   292M |  39 |1101 |7529 |   0 | 145k|  0 |  48k|  11 | 0.000000e+00 |      --      |    Inf |  33.00%
 time | node  | left  |LP iter|LP it/n|mem/heur|mdpt |vars |cons |rows |cuts |sepa|confs|strbr|  dualbound   | primalbound  |  gap   | compl. 
 1487s| 39300 |   217 | 15768k| 401.1 |   292M |  39 |1101 |7527 |2960 | 146k|  0 |  48k|  11 | 0.000000e+00 |      --      |    Inf |  33.19%
 1489s| 39400 |   218 | 15797k| 400.8 |   292M |  39 |1101 |7586 |2752 | 146k|  2 |  49k|  11 | 0.000000e+00 |      --      |    Inf |  33.26%
 1492s| 39500 |   218 | 15825k| 400.6 |   292M |  39 |1101 |7560 |3032 | 146k|  0 |  49k|  11 | 0.000000e+00 |      --      |    Inf |  33.39%
 1495s| 39600 |   216 | 15861k| 400.5 |   293M |  39 |1101 |7451 |2784 | 146k|  2 |  49k|  11 | 0.000000e+00 |      --      |    Inf |  33.47%
 1499s| 39700 |   211 | 15899k| 400.4 |   293M |  39 |1101 |7328 |2738 | 147k|  1 |  49k|  11 | 0.000000e+00 |      --      |    Inf |  33.59%
 1502s| 39800 |   216 | 15931k| 400.2 |   294M |  39 |1101 |7308 |2945 | 147k|  2 |  49k|  11 | 0.000000e+00 |      --      |    Inf |  33.65%
 1506s| 39900 |   212 | 15974k| 400.3 |   295M |  39 |1101 |7272 |2788 | 148k|  0 |  49k|  11 | 0.000000e+00 |      --      |    Inf |  33.99%
 1509s| 40000 |   217 | 16010k| 400.2 |   295M |  39 |1101 |7137 |   0 | 148k|  0 |  49k|  11 | 0.000000e+00 |      --      |    Inf |  34.44%
 1513s| 40100 |   213 | 16053k| 400.3 |   295M |  39 |1101 |7270 |3000 | 148k|  1 |  49k|  11 | 0.000000e+00 |      --      |    Inf |  34.44%
 1517s| 40200 |   217 | 16096k| 400.3 |   295M |  39 |1101 |7378 |2650 | 149k|  0 |  49k|  11 | 0.000000e+00 |      --      |    Inf |  34.45%
 1521s| 40300 |   215 | 16143k| 400.5 |   295M |  39 |1101 |7515 |2717 | 149k|  0 |  50k|  11 | 0.000000e+00 |      --      |    Inf |  34.45%
 1525s| 40400 |   214 | 16187k| 400.6 |   295M |  39 |1101 |7618 |2981 | 149k|  0 |  50k|  11 | 0.000000e+00 |      --      |    Inf |  34.45%
 1529s| 40500 |   213 | 16229k| 400.6 |   295M |  39 |1101 |7737 |2797 | 149k|  2 |  50k|  11 | 0.000000e+00 |      --      |    Inf |  34.45%
 1533s| 40600 |   207 | 16281k| 400.9 |   295M |  39 |1101 |7822 |   0 | 150k|  0 |  50k|  11 | 0.000000e+00 |      --      |    Inf |  34.46%
 1538s| 40700 |   214 | 16328k| 401.1 |   295M |  39 |1101 |7923 |2724 | 150k|  2 |  50k|  11 | 0.000000e+00 |      --      |    Inf |  34.46%
 time | node  | left  |LP iter|LP it/n|mem/heur|mdpt |vars |cons |rows |cuts |sepa|confs|strbr|  dualbound   | primalbound  |  gap   | compl. 
 1542s| 40800 |   215 | 16374k| 401.2 |   295M |  39 |1101 |8070 |2699 | 151k|  0 |  50k|  11 | 0.000000e+00 |      --      |    Inf |  34.46%
 1546s| 40900 |   214 | 16421k| 401.4 |   295M |  39 |1101 |8171 |   0 | 151k|  0 |  50k|  11 | 0.000000e+00 |      --      |    Inf |  34.46%
 1550s| 41000 |   210 | 16466k| 401.5 |   295M |  39 |1101 |8271 |2632 | 151k|  0 |  51k|  11 | 0.000000e+00 |      --      |    Inf |  34.46%
 1553s| 41100 |   204 | 16502k| 401.4 |   295M |  39 |1101 |8030 |3139 | 152k|  2 |  51k|  11 | 0.000000e+00 |      --      |    Inf |  34.97%
 1557s| 41200 |   204 | 16549k| 401.6 |   295M |  39 |1101 |8144 |2969 | 152k|  0 |  51k|  11 | 0.000000e+00 |      --      |    Inf |  35.02%
 1561s| 41300 |   207 | 16593k| 401.7 |   295M |  39 |1101 |8037 |   0 | 152k|  0 |  51k|  11 | 0.000000e+00 |      --      |    Inf |  35.08%
 1565s| 41400 |   203 | 16632k| 401.7 |   295M |  39 |1101 |8113 |2575 | 153k|  0 |  51k|  11 | 0.000000e+00 |      --      |    Inf |  35.12%
 1569s| 41500 |   201 | 16673k| 401.7 |   295M |  39 |1101 |8182 |3017 | 153k|  0 |  51k|  11 | 0.000000e+00 |      --      |    Inf |  35.16%
 1573s| 41600 |   204 | 16714k| 401.7 |   295M |  39 |1101 |8228 |3046 | 153k|  2 |  51k|  11 | 0.000000e+00 |      --      |    Inf |  35.18%
 1577s| 41700 |   195 | 16756k| 401.7 |   296M |  39 |1101 |8197 |2894 | 153k|  2 |  51k|  11 | 0.000000e+00 |      --      |    Inf |  35.81%
 1581s| 41800 |   204 | 16800k| 401.8 |   296M |  39 |1101 |8307 |2938 | 154k|  0 |  52k|  11 | 0.000000e+00 |      --      |    Inf |  35.84%
 1586s| 41900 |   201 | 16846k| 402.0 |   296M |  39 |1101 |8529 |2946 | 154k|  0 |  52k|  11 | 0.000000e+00 |      --      |    Inf |  35.85%
 1590s| 42000 |   202 | 16887k| 402.0 |   296M |  39 |1101 |8635 |2978 | 154k|  2 |  52k|  11 | 0.000000e+00 |      --      |    Inf |  35.87%
 1594s| 42100 |   201 | 16930k| 402.1 |   296M |  39 |1101 |8761 |2998 | 154k|  0 |  52k|  11 | 0.000000e+00 |      --      |    Inf |  35.87%
 1598s| 42200 |   209 | 16972k| 402.1 |   296M |  39 |1101 |8826 |2991 | 154k|  0 |  52k|  11 | 0.000000e+00 |      --      |    Inf |  35.88%
 time | node  | left  |LP iter|LP it/n|mem/heur|mdpt |vars |cons |rows |cuts |sepa|confs|strbr|  dualbound   | primalbound  |  gap   | compl. 
 1606s| 42300 |   209 | 17015k| 402.2 |   296M |  39 |1101 |8948 |2992 | 154k|  1 |  52k|  11 | 0.000000e+00 |      --      |    Inf |  35.88%
 1615s| 42400 |   215 | 17058k| 402.2 |   296M |  39 |1101 |9063 |3044 | 154k|  1 |  53k|  11 | 0.000000e+00 |      --      |    Inf |  35.89%
 1625s| 42500 |   213 | 17104k| 402.4 |   296M |  39 |1101 |9205 |2961 | 154k|  0 |  53k|  11 | 0.000000e+00 |      --      |    Inf |  35.89%
 1631s| 42600 |   218 | 17147k| 402.4 |   296M |  39 |1101 |9331 |3038 | 154k|  1 |  53k|  11 | 0.000000e+00 |      --      |    Inf |  35.89%
 1635s| 42700 |   207 | 17198k| 402.7 |   296M |  39 |1101 |9400 |3037 | 154k|  0 |  53k|  11 | 0.000000e+00 |      --      |    Inf |  35.89%
 1638s| 42800 |   201 | 17242k| 402.8 |   296M |  39 |1101 |9507 |3058 | 154k|  0 |  53k|  11 | 0.000000e+00 |      --      |    Inf |  35.89%
 1642s| 42900 |   204 | 17290k| 402.9 |   296M |  39 |1101 |9632 |3046 | 155k|  1 |  53k|  11 | 0.000000e+00 |      --      |    Inf |  35.89%
 1646s| 43000 |   198 | 17331k| 403.0 |   296M |  39 |1101 |9794 |3049 | 155k|  0 |  53k|  11 | 0.000000e+00 |      --      |    Inf |  35.89%
 1649s| 43100 |   205 | 17368k| 402.9 |   296M |  39 |1101 |9893 |2955 | 155k|  2 |  54k|  11 | 0.000000e+00 |      --      |    Inf |  35.89%
 1652s| 43200 |   203 | 17405k| 402.8 |   296M |  39 |1101 |  10k|3001 | 155k|  1 |  54k|  11 | 0.000000e+00 |      --      |    Inf |  35.90%
 1656s| 43300 |   199 | 17452k| 403.0 |   296M |  39 |1101 |  10k|3048 | 155k|  1 |  54k|  11 | 0.000000e+00 |      --      |    Inf |  35.90%
 1659s| 43400 |   198 | 17492k| 403.0 |   296M |  39 |1101 |9840 |2939 | 155k|  0 |  54k|  11 | 0.000000e+00 |      --      |    Inf |  36.13%
 1663s| 43500 |   198 | 17544k| 403.2 |   296M |  39 |1101 |9921 |2981 | 155k|  2 |  54k|  11 | 0.000000e+00 |      --      |    Inf |  36.13%
 1668s| 43600 |   194 | 17593k| 403.4 |   296M |  39 |1101 |  10k|2918 | 156k|  2 |  54k|  11 | 0.000000e+00 |      --      |    Inf |  36.13%
 1671s| 43700 |   200 | 17641k| 403.6 |   296M |  39 |1101 |  10k|2959 | 156k|  2 |  55k|  11 | 0.000000e+00 |      --      |    Inf |  36.13%
 time | node  | left  |LP iter|LP it/n|mem/heur|mdpt |vars |cons |rows |cuts |sepa|confs|strbr|  dualbound   | primalbound  |  gap   | compl. 
 1675s| 43800 |   184 | 17682k| 403.6 |   296M |  39 |1101 |  10k|2935 | 156k|  2 |  55k|  11 | 0.000000e+00 |      --      |    Inf |  36.92%
 1679s| 43900 |   197 | 17727k| 403.7 |   296M |  39 |1101 |  10k|2958 | 156k|  2 |  55k|  11 | 0.000000e+00 |      --      |    Inf |  36.92%
 1683s| 44000 |   191 | 17776k| 403.9 |   296M |  39 |1101 |  10k|2977 | 157k|  2 |  55k|  11 | 0.000000e+00 |      --      |    Inf |  36.92%
 1687s| 44100 |   187 | 17823k| 404.1 |   296M |  39 |1101 |  10k|2958 | 157k|  1 |  55k|  11 | 0.000000e+00 |      --      |    Inf |  36.92%
 1692s| 44200 |   193 | 17868k| 404.2 |   296M |  39 |1101 |  10k|2943 | 157k|  2 |  55k|  11 | 0.000000e+00 |      --      |    Inf |  36.92%
 1696s| 44300 |   190 | 17912k| 404.3 |   296M |  39 |1101 |  10k|2967 | 157k|  2 |  56k|  11 | 0.000000e+00 |      --      |    Inf |  36.92%
 1700s| 44400 |   186 | 17957k| 404.4 |   297M |  39 |1101 |  10k|2967 | 157k|  2 |  56k|  11 | 0.000000e+00 |      --      |    Inf |  37.20%
 1704s| 44500 |   189 | 18000k| 404.4 |   300M |  39 |1101 |  10k|3030 | 158k|  1 |  56k|  11 | 0.000000e+00 |      --      |    Inf |  38.05%
 1708s| 44600 |   182 | 18048k| 404.6 |   300M |  39 |1101 |  10k|3053 | 158k|  0 |  56k|  11 | 0.000000e+00 |      --      |    Inf |  38.08%
 1712s| 44700 |   187 | 18095k| 404.7 |   300M |  39 |1101 |  10k|2583 | 158k|  0 |  56k|  11 | 0.000000e+00 |      --      |    Inf |  38.08%
 1716s| 44800 |   189 | 18136k| 404.7 |   300M |  39 |1101 |  10k|   0 | 159k|  0 |  56k|  11 | 0.000000e+00 |      --      |    Inf |  38.11%
 1720s| 44900 |   192 | 18179k| 404.8 |   300M |  39 |1101 |  10k|2664 | 159k|  2 |  56k|  11 | 0.000000e+00 |      --      |    Inf |  38.13%
 1723s| 45000 |   186 | 18220k| 404.8 |   300M |  39 |1101 |  10k|2782 | 160k|  0 |  56k|  11 | 0.000000e+00 |      --      |    Inf |  38.21%
 1726s| 45100 |   184 | 18246k| 404.5 |   301M |  39 |1101 |  10k|2762 | 160k|  0 |  56k|  11 | 0.000000e+00 |      --      |    Inf |  38.29%
 1729s| 45200 |   188 | 18277k| 404.3 |   301M |  39 |1101 |  10k|2769 | 160k|  2 |  57k|  11 | 0.000000e+00 |      --      |    Inf |  38.80%
 time | node  | left  |LP iter|LP it/n|mem/heur|mdpt |vars |cons |rows |cuts |sepa|confs|strbr|  dualbound   | primalbound  |  gap   | compl. 
 1732s| 45300 |   188 | 18305k| 404.0 |   301M |  39 |1101 |  10k|2794 | 161k|  0 |  57k|  11 | 0.000000e+00 |      --      |    Inf |  38.80%
 1734s| 45400 |   190 | 18332k| 403.7 |   301M |  39 |1101 |  10k|2769 | 161k|  0 |  57k|  11 | 0.000000e+00 |      --      |    Inf |  38.81%
 1736s| 45500 |   183 | 18349k| 403.2 |   301M |  39 |1101 |  10k|   0 | 161k|  0 |  57k|  11 | 0.000000e+00 |      --      |    Inf |  38.81%
 1738s| 45600 |   194 | 18376k| 402.9 |   301M |  39 |1101 |  10k|2837 | 161k|  2 |  57k|  11 | 0.000000e+00 |      --      |    Inf |  38.82%
 1740s| 45700 |   187 | 18395k| 402.5 |   301M |  39 |1101 |  10k|2767 | 161k|  2 |  57k|  11 | 0.000000e+00 |      --      |    Inf |  38.82%
 1742s| 45800 |   180 | 18418k| 402.1 |   301M |  39 |1101 |  10k|2763 | 162k|  2 |  57k|  11 | 0.000000e+00 |      --      |    Inf |  38.84%
 1745s| 45900 |   183 | 18447k| 401.8 |   302M |  39 |1101 |  10k|2820 | 162k|  2 |  57k|  11 | 0.000000e+00 |      --      |    Inf |  39.13%
 1749s| 46000 |   178 | 18488k| 401.8 |   302M |  39 |1101 |  10k|2577 | 162k|  2 |  57k|  11 | 0.000000e+00 |      --      |    Inf |  39.31%
 1753s| 46100 |   177 | 18539k| 402.1 |   302M |  39 |1101 |  10k|2745 | 163k|  2 |  57k|  11 | 0.000000e+00 |      --      |    Inf |  39.34%
 1757s| 46200 |   179 | 18582k| 402.1 |   302M |  39 |1101 |  10k|2954 | 164k|  2 |  57k|  11 | 0.000000e+00 |      --      |    Inf |  39.34%
 1761s| 46300 |   180 | 18627k| 402.2 |   302M |  39 |1101 |  10k|2958 | 164k|  1 |  58k|  11 | 0.000000e+00 |      --      |    Inf |  39.34%
 1765s| 46400 |   182 | 18666k| 402.2 |   302M |  39 |1101 |  10k|2484 | 164k|  2 |  58k|  11 | 0.000000e+00 |      --      |    Inf |  39.36%
 1768s| 46500 |   197 | 18704k| 402.2 |   302M |  39 |1101 |  10k|2609 | 165k|  2 |  58k|  11 | 0.000000e+00 |      --      |    Inf |  39.38%
 1773s| 46600 |   197 | 18756k| 402.4 |   302M |  39 |1101 |9995 |2605 | 165k|  1 |  58k|  11 | 0.000000e+00 |      --      |    Inf |  39.40%
 1776s| 46700 |   207 | 18793k| 402.4 |   302M |  39 |1101 |9717 |2633 | 166k|  2 |  58k|  11 | 0.000000e+00 |      --      |    Inf |  39.41%
 time | node  | left  |LP iter|LP it/n|mem/heur|mdpt |vars |cons |rows |cuts |sepa|confs|strbr|  dualbound   | primalbound  |  gap   | compl. 
 1780s| 46800 |   200 | 18832k| 402.3 |   302M |  39 |1101 |9724 |2497 | 167k|  2 |  58k|  11 | 0.000000e+00 |      --      |    Inf |  39.41%
 1783s| 46900 |   204 | 18868k| 402.2 |   302M |  39 |1101 |9804 |2534 | 167k|  2 |  58k|  11 | 0.000000e+00 |      --      |    Inf |  39.42%
 1786s| 47000 |   223 | 18908k| 402.2 |   302M |  39 |1101 |9413 |2541 | 168k|  2 |  58k|  11 | 0.000000e+00 |      --      |    Inf |  39.45%
 1789s| 47100 |   234 | 18941k| 402.1 |   302M |  39 |1101 |9406 |2746 | 168k|  2 |  58k|  11 | 0.000000e+00 |      --      |    Inf |  39.46%
 1793s| 47200 |   238 | 18983k| 402.1 |   302M |  39 |1101 |9533 |2775 | 169k|  2 |  59k|  11 | 0.000000e+00 |      --      |    Inf |  39.47%
 1796s| 47300 |   222 | 19022k| 402.1 |   302M |  39 |1101 |9636 |   0 | 169k|  0 |  59k|  11 | 0.000000e+00 |      --      |    Inf |  39.48%
 1800s| 47400 |   236 | 19059k| 402.0 |   302M |  39 |1101 |9673 |2758 | 169k|  2 |  59k|  11 | 0.000000e+00 |      --      |    Inf |  39.49%
 1803s| 47500 |   231 | 19099k| 402.0 |   302M |  39 |1101 |9762 |   0 | 170k|  0 |  59k|  11 | 0.000000e+00 |      --      |    Inf |  39.49%
 1806s| 47600 |   233 | 19135k| 401.9 |   303M |  39 |1101 |9727 |2482 | 170k|  2 |  59k|  11 | 0.000000e+00 |      --      |    Inf |  39.63%
 1809s| 47700 |   233 | 19179k| 402.0 |   303M |  39 |1101 |9845 |2635 | 171k|  2 |  59k|  11 | 0.000000e+00 |      --      |    Inf |  39.64%
 1813s| 47800 |   240 | 19219k| 402.0 |   303M |  39 |1101 |9878 |2542 | 171k|  2 |  59k|  11 | 0.000000e+00 |      --      |    Inf |  39.64%
 1816s| 47900 |   231 | 19254k| 401.9 |   303M |  39 |1101 |9924 |2633 | 172k|  2 |  59k|  11 | 0.000000e+00 |      --      |    Inf |  39.65%
 1820s| 48000 |   233 | 19301k| 402.0 |   303M |  39 |1101 |  10k|2672 | 173k|  2 |  60k|  11 | 0.000000e+00 |      --      |    Inf |  39.68%
 1823s| 48100 |   239 | 19341k| 402.0 |   303M |  39 |1101 |  10k|2693 | 173k|  2 |  60k|  11 | 0.000000e+00 |      --      |    Inf |  39.68%
 1827s| 48200 |   239 | 19380k| 402.0 |   303M |  39 |1101 |  10k|2729 | 174k|  2 |  60k|  11 | 0.000000e+00 |      --      |    Inf |  39.68%
 time | node  | left  |LP iter|LP it/n|mem/heur|mdpt |vars |cons |rows |cuts |sepa|confs|strbr|  dualbound   | primalbound  |  gap   | compl. 
 1830s| 48300 |   246 | 19424k| 402.1 |   303M |  39 |1101 |  10k|2743 | 174k|  2 |  60k|  11 | 0.000000e+00 |      --      |    Inf |  39.68%
 1834s| 48400 |   245 | 19469k| 402.2 |   303M |  39 |1101 |  10k|2746 | 174k|  2 |  60k|  11 | 0.000000e+00 |      --      |    Inf |  39.68%
 1838s| 48500 |   239 | 19514k| 402.3 |   303M |  39 |1101 |  10k|2740 | 175k|  0 |  60k|  11 | 0.000000e+00 |      --      |    Inf |  39.69%
 1840s| 48600 |   247 | 19542k| 402.0 |   303M |  39 |1101 |  10k|   0 | 175k|  0 |  60k|  11 | 0.000000e+00 |      --      |    Inf |  39.70%
 1843s| 48700 |   247 | 19570k| 401.8 |   303M |  39 |1101 |  10k|2622 | 176k|  2 |  60k|  11 | 0.000000e+00 |      --      |    Inf |  39.73%
 1846s| 48800 |   248 | 19606k| 401.7 |   303M |  39 |1101 |  10k|2664 | 176k|  0 |  60k|  11 | 0.000000e+00 |      --      |    Inf |  39.73%
 1850s| 48900 |   247 | 19652k| 401.8 |   303M |  39 |1101 |  10k|   0 | 177k|  0 |  61k|  11 | 0.000000e+00 |      --      |    Inf |  39.74%
 1854s| 49000 |   245 | 19701k| 402.0 |   303M |  39 |1101 |  10k|2511 | 177k|  2 |  61k|  11 | 0.000000e+00 |      --      |    Inf |  39.74%
 1857s| 49100 |   258 | 19741k| 402.0 |   303M |  39 |1101 |  10k|2594 | 178k|  2 |  61k|  11 | 0.000000e+00 |      --      |    Inf |  39.74%
 1861s| 49200 |   255 | 19788k| 402.1 |   303M |  39 |1101 |  10k|2611 | 179k|  2 |  61k|  11 | 0.000000e+00 |      --      |    Inf |  39.74%
 1865s| 49300 |   261 | 19832k| 402.2 |   303M |  39 |1101 |  10k|2594 | 179k|  0 |  61k|  11 | 0.000000e+00 |      --      |    Inf |  39.74%
 1869s| 49400 |   260 | 19878k| 402.3 |   303M |  39 |1101 |  10k|2611 | 180k|  0 |  61k|  11 | 0.000000e+00 |      --      |    Inf |  39.74%
 1874s| 49500 |   252 | 19928k| 402.5 |   303M |  39 |1101 |  10k|2524 | 180k|  2 |  61k|  11 | 0.000000e+00 |      --      |    Inf |  39.74%
 1878s| 49600 |   254 | 19978k| 402.7 |   303M |  39 |1101 |  10k|2579 | 181k|  2 |  62k|  11 | 0.000000e+00 |      --      |    Inf |  39.74%
 1882s| 49700 |   247 | 20025k| 402.9 |   303M |  39 |1101 |  10k|2717 | 182k|  0 |  62k|  11 | 0.000000e+00 |      --      |    Inf |  39.74%
 time | node  | left  |LP iter|LP it/n|mem/heur|mdpt |vars |cons |rows |cuts |sepa|confs|strbr|  dualbound   | primalbound  |  gap   | compl. 
 1887s| 49800 |   248 | 20073k| 403.0 |   303M |  39 |1101 |  10k|2774 | 182k|  2 |  62k|  11 | 0.000000e+00 |      --      |    Inf |  39.75%
 1889s| 49900 |   257 | 20101k| 402.8 |   303M |  39 |1101 |  10k|2484 | 183k|  2 |  62k|  11 | 0.000000e+00 |      --      |    Inf |  39.75%
 1892s| 50000 |   256 | 20129k| 402.5 |   303M |  39 |1101 |  10k|2508 | 183k|  2 |  62k|  11 | 0.000000e+00 |      --      |    Inf |  39.75%
 1894s| 50100 |   269 | 20150k| 402.1 |   303M |  39 |1101 |  10k|   0 | 184k|  0 |  62k|  11 | 0.000000e+00 |      --      |    Inf |  39.76%
 1896s| 50200 |   267 | 20176k| 401.9 |   303M |  39 |1101 |  10k|2533 | 184k|  2 |  62k|  11 | 0.000000e+00 |      --      |    Inf |  39.76%
 1898s| 50300 |   259 | 20196k| 401.5 |   303M |  39 |1101 |  10k|2530 | 185k|  1 |  62k|  11 | 0.000000e+00 |      --      |    Inf |  39.76%
 1899s| 50400 |   248 | 20215k| 401.0 |   303M |  39 |1101 |  10k|   0 | 185k|  0 |  62k|  11 | 0.000000e+00 |      --      |    Inf |  39.77%
 1902s| 50500 |   248 | 20245k| 400.8 |   303M |  39 |1101 |  10k|2666 | 186k|  2 |  62k|  11 | 0.000000e+00 |      --      |    Inf |  39.78%
 1905s| 50600 |   251 | 20284k| 400.8 |   303M |  39 |1101 |  10k|2646 | 186k|  0 |  63k|  11 | 0.000000e+00 |      --      |    Inf |  39.78%
 1909s| 50700 |   251 | 20327k| 400.9 |   303M |  39 |1101 |  10k|2696 | 186k|  1 |  63k|  11 | 0.000000e+00 |      --      |    Inf |  39.78%
 1912s| 50800 |   252 | 20373k| 401.0 |   303M |  39 |1101 |  10k|   0 | 187k|  0 |  63k|  11 | 0.000000e+00 |      --      |    Inf |  39.78%
 1916s| 50900 |   249 | 20420k| 401.1 |   303M |  39 |1101 |  10k|2753 | 187k|  0 |  63k|  11 | 0.000000e+00 |      --      |    Inf |  39.78%
 1921s| 51000 |   248 | 20473k| 401.4 |   303M |  39 |1101 |  10k|2642 | 187k|  2 |  63k|  11 | 0.000000e+00 |      --      |    Inf |  39.78%
 1924s| 51100 |   247 | 20513k| 401.4 |   303M |  39 |1101 |  10k|2695 | 188k|  2 |  63k|  11 | 0.000000e+00 |      --      |    Inf |  39.79%
 1928s| 51200 |   247 | 20559k| 401.5 |   303M |  39 |1101 |  10k|2725 | 188k|  0 |  63k|  11 | 0.000000e+00 |      --      |    Inf |  39.79%
 time | node  | left  |LP iter|LP it/n|mem/heur|mdpt |vars |cons |rows |cuts |sepa|confs|strbr|  dualbound   | primalbound  |  gap   | compl. 
 1931s| 51300 |   245 | 20600k| 401.5 |   303M |  39 |1101 |  10k|2774 | 188k|  0 |  63k|  11 | 0.000000e+00 |      --      |    Inf |  39.79%
 1935s| 51400 |   243 | 20642k| 401.5 |   303M |  39 |1101 |  10k|2680 | 189k|  0 |  64k|  11 | 0.000000e+00 |      --      |    Inf |  39.79%
 1939s| 51500 |   249 | 20691k| 401.7 |   303M |  39 |1101 |  10k|2642 | 189k|  3 |  64k|  11 | 0.000000e+00 |      --      |    Inf |  39.79%
 1943s| 51600 |   251 | 20744k| 401.9 |   303M |  39 |1101 |  10k|2698 | 190k|  2 |  64k|  11 | 0.000000e+00 |      --      |    Inf |  39.79%
 1948s| 51700 |   245 | 20795k| 402.2 |   303M |  39 |1101 |  10k|2769 | 190k|  2 |  64k|  11 | 0.000000e+00 |      --      |    Inf |  39.79%
 1951s| 51800 |   246 | 20835k| 402.2 |   303M |  39 |1101 |  10k|2732 | 190k|  1 |  64k|  11 | 0.000000e+00 |      --      |    Inf |  39.79%
 1955s| 51900 |   241 | 20882k| 402.3 |   303M |  39 |1101 |  10k|2707 | 191k|  2 |  64k|  11 | 0.000000e+00 |      --      |    Inf |  39.80%
 1958s| 52000 |   233 | 20912k| 402.1 |   303M |  39 |1101 |  10k|2580 | 191k|  0 |  64k|  11 | 0.000000e+00 |      --      |    Inf |  39.85%
 1961s| 52100 |   234 | 20951k| 402.1 |   303M |  39 |1101 |  10k|2606 | 192k|  1 |  65k|  11 | 0.000000e+00 |      --      |    Inf |  39.88%
 1964s| 52200 |   240 | 20983k| 401.9 |   303M |  39 |1101 |  10k|2627 | 193k|  2 |  65k|  11 | 0.000000e+00 |      --      |    Inf |  39.88%
 1967s| 52300 |   237 | 21015k| 401.8 |   303M |  39 |1101 |  10k|   0 | 193k|  0 |  65k|  11 | 0.000000e+00 |      --      |    Inf |  39.88%
 1971s| 52400 |   241 | 21061k| 401.9 |   303M |  39 |1101 |  10k|2663 | 194k|  2 |  65k|  11 | 0.000000e+00 |      --      |    Inf |  39.89%
 1974s| 52500 |   230 | 21098k| 401.8 |   303M |  39 |1101 |  10k|   0 | 195k|  0 |  65k|  11 | 0.000000e+00 |      --      |    Inf |  39.99%
 1978s| 52600 |   235 | 21137k| 401.8 |   303M |  39 |1101 |  10k|2607 | 195k|  2 |  65k|  11 | 0.000000e+00 |      --      |    Inf |  40.09%
 1981s| 52700 |   235 | 21182k| 401.9 |   303M |  39 |1101 |  10k|2712 | 196k|  0 |  65k|  11 | 0.000000e+00 |      --      |    Inf |  40.09%
 time | node  | left  |LP iter|LP it/n|mem/heur|mdpt |vars |cons |rows |cuts |sepa|confs|strbr|  dualbound   | primalbound  |  gap   | compl. 
 1985s| 52800 |   234 | 21227k| 402.0 |   303M |  39 |1101 |  10k|2691 | 196k|  0 |  65k|  11 | 0.000000e+00 |      --      |    Inf |  40.09%
 1989s| 52900 |   236 | 21270k| 402.0 |   303M |  39 |1101 |  10k|   0 | 196k|  0 |  66k|  11 | 0.000000e+00 |      --      |    Inf |  40.10%
 1991s| 53000 |   233 | 21298k| 401.8 |   303M |  39 |1101 |  10k|2778 | 197k|  0 |  66k|  11 | 0.000000e+00 |      --      |    Inf |  40.11%
 1993s| 53100 |   225 | 21318k| 401.4 |   303M |  39 |1101 |  10k|   0 | 197k|  0 |  66k|  11 | 0.000000e+00 |      --      |    Inf |  40.19%
 1997s| 53200 |   228 | 21362k| 401.5 |   303M |  39 |1101 |  10k|2559 | 198k|  2 |  66k|  11 | 0.000000e+00 |      --      |    Inf |  40.23%
 2000s| 53300 |   229 | 21402k| 401.5 |   303M |  39 |1101 |  10k|2722 | 198k|  2 |  66k|  11 | 0.000000e+00 |      --      |    Inf |  40.24%
 2004s| 53400 |   228 | 21451k| 401.6 |   303M |  39 |1101 |  10k|2608 | 199k|  1 |  66k|  11 | 0.000000e+00 |      --      |    Inf |  40.24%
 2009s| 53500 |   232 | 21504k| 401.9 |   303M |  39 |1101 |  10k|2648 | 199k|  0 |  66k|  11 | 0.000000e+00 |      --      |    Inf |  40.24%
 2013s| 53600 |   230 | 21558k| 402.1 |   303M |  39 |1101 |  10k|2805 | 200k|  0 |  66k|  11 | 0.000000e+00 |      --      |    Inf |  40.24%
 2017s| 53700 |   232 | 21603k| 402.2 |   303M |  39 |1101 |  10k|2636 | 200k|  2 |  67k|  11 | 0.000000e+00 |      --      |    Inf |  40.24%
 2021s| 53800 |   232 | 21650k| 402.4 |   303M |  39 |1101 |  10k|2701 | 201k|  2 |  67k|  11 | 0.000000e+00 |      --      |    Inf |  40.24%
 2025s| 53900 |   231 | 21700k| 402.5 |   303M |  39 |1101 |  10k|2699 | 201k|  2 |  67k|  11 | 0.000000e+00 |      --      |    Inf |  40.24%
 2029s| 54000 |   225 | 21747k| 402.7 |   303M |  39 |1101 |  10k|2574 | 202k|  2 |  67k|  11 | 0.000000e+00 |      --      |    Inf |  40.24%
 2032s| 54100 |   233 | 21790k| 402.7 |   303M |  39 |1101 |  10k|2660 | 202k|  2 |  67k|  11 | 0.000000e+00 |      --      |    Inf |  40.25%
 2035s| 54200 |   233 | 21832k| 402.7 |   303M |  39 |1101 |  10k|2669 | 203k|  0 |  67k|  11 | 0.000000e+00 |      --      |    Inf |  40.25%
 time | node  | left  |LP iter|LP it/n|mem/heur|mdpt |vars |cons |rows |cuts |sepa|confs|strbr|  dualbound   | primalbound  |  gap   | compl. 
 2039s| 54300 |   234 | 21872k| 402.7 |   303M |  39 |1101 |  10k|2618 | 203k|  1 |  68k|  11 | 0.000000e+00 |      --      |    Inf |  40.25%
 2042s| 54400 |   228 | 21912k| 402.7 |   303M |  39 |1101 |  10k|   0 | 204k|  0 |  68k|  11 | 0.000000e+00 |      --      |    Inf |  40.25%
 2046s| 54500 |   235 | 21961k| 402.9 |   303M |  39 |1101 |  10k|2658 | 204k|  2 |  68k|  11 | 0.000000e+00 |      --      |    Inf |  40.25%
 2050s| 54600 |   229 | 22008k| 403.0 |   303M |  39 |1101 |  10k|2644 | 205k|  2 |  68k|  11 | 0.000000e+00 |      --      |    Inf |  40.25%
 2054s| 54700 |   231 | 22055k| 403.1 |   303M |  39 |1101 |  10k|2610 | 205k|  1 |  68k|  11 | 0.000000e+00 |      --      |    Inf |  40.25%
 2058s| 54800 |   233 | 22105k| 403.3 |   303M |  39 |1101 |  10k|2632 | 205k|  2 |  68k|  11 | 0.000000e+00 |      --      |    Inf |  40.25%
 2062s| 54900 |   228 | 22153k| 403.5 |   303M |  39 |1101 |  10k|2724 | 206k|  0 |  69k|  11 | 0.000000e+00 |      --      |    Inf |  40.25%
 2065s| 55000 |   226 | 22196k| 403.5 |   303M |  39 |1101 |  10k|2648 | 206k|  2 |  69k|  11 | 0.000000e+00 |      --      |    Inf |  40.25%
 2068s| 55100 |   225 | 22234k| 403.5 |   303M |  39 |1101 |  10k|2719 | 207k|  0 |  69k|  11 | 0.000000e+00 |      --      |    Inf |  40.25%
 2072s| 55200 |   230 | 22277k| 403.5 |   303M |  39 |1101 |  10k|2558 | 207k|  3 |  69k|  11 | 0.000000e+00 |      --      |    Inf |  40.25%
 2075s| 55300 |   226 | 22322k| 403.6 |   303M |  39 |1101 |  10k|2659 | 208k|  2 |  69k|  11 | 0.000000e+00 |      --      |    Inf |  40.25%
 2079s| 55400 |   223 | 22369k| 403.7 |   303M |  39 |1101 |  10k|2644 | 208k|  0 |  69k|  11 | 0.000000e+00 |      --      |    Inf |  40.25%
 2083s| 55500 |   222 | 22414k| 403.8 |   303M |  39 |1101 |  10k|2564 | 209k|  2 |  69k|  11 | 0.000000e+00 |      --      |    Inf |  40.25%
 2086s| 55600 |   220 | 22456k| 403.8 |   303M |  39 |1101 |  10k|   0 | 209k|  0 |  70k|  11 | 0.000000e+00 |      --      |    Inf |  40.25%
 2090s| 55700 |   218 | 22496k| 403.8 |   303M |  39 |1101 |  10k|2950 | 209k|  2 |  70k|  11 | 0.000000e+00 |      --      |    Inf |  40.40%
 time | node  | left  |LP iter|LP it/n|mem/heur|mdpt |vars |cons |rows |cuts |sepa|confs|strbr|  dualbound   | primalbound  |  gap   | compl. 
 2095s| 55800 |   220 | 22550k| 404.1 |   303M |  39 |1101 |  10k|2998 | 209k|  2 |  70k|  11 | 0.000000e+00 |      --      |    Inf |  40.40%
 2100s| 55900 |   212 | 22601k| 404.3 |   304M |  39 |1101 |  10k|2952 | 210k|  0 |  70k|  11 | 0.000000e+00 |      --      |    Inf |  40.46%
 2103s| 56000 |   208 | 22637k| 404.2 |   304M |  39 |1101 |9960 |2507 | 210k|  1 |  70k|  11 | 0.000000e+00 |      --      |    Inf |  40.55%
 2107s| 56100 |   215 | 22682k| 404.2 |   304M |  39 |1101 |9839 |2567 | 212k|  2 |  70k|  11 | 0.000000e+00 |      --      |    Inf |  40.98%
 2109s| 56200 |   214 | 22706k| 404.0 |   304M |  39 |1101 |9377 |2620 | 212k|  2 |  70k|  11 | 0.000000e+00 |      --      |    Inf |  41.11%
 2112s| 56300 |   214 | 22742k| 403.9 |   304M |  39 |1101 |9324 |2947 | 212k|  0 |  70k|  11 | 0.000000e+00 |      --      |    Inf |  41.21%
 2116s| 56400 |   219 | 22788k| 404.0 |   304M |  39 |1101 |9441 |2979 | 212k|  1 |  71k|  11 | 0.000000e+00 |      --      |    Inf |  41.21%
 2120s| 56500 |   219 | 22833k| 404.1 |   304M |  39 |1101 |9576 |2978 | 213k|  1 |  71k|  11 | 0.000000e+00 |      --      |    Inf |  41.21%
 2123s| 56600 |   219 | 22868k| 404.0 |   304M |  39 |1101 |9658 |2967 | 213k|  0 |  71k|  11 | 0.000000e+00 |      --      |    Inf |  41.21%
 2127s| 56700 |   214 | 22917k| 404.1 |   304M |  39 |1101 |9857 |3018 | 213k|  2 |  71k|  11 | 0.000000e+00 |      --      |    Inf |  41.21%
 2130s| 56800 |   217 | 22949k| 404.0 |   304M |  39 |1101 |9816 |2617 | 213k|  2 |  71k|  11 | 0.000000e+00 |      --      |    Inf |  41.22%
 2131s| 56900 |   213 | 22966k| 403.6 |   304M |  39 |1101 |9851 |2981 | 214k|  0 |  71k|  11 | 0.000000e+00 |      --      |    Inf |  41.22%
 2134s| 57000 |   218 | 23002k| 403.5 |   304M |  39 |1101 |9836 |2924 | 214k|  2 |  71k|  11 | 0.000000e+00 |      --      |    Inf |  41.22%
 2137s| 57100 |   218 | 23032k| 403.3 |   304M |  39 |1101 |9773 |2558 | 214k|  2 |  71k|  11 | 0.000000e+00 |      --      |    Inf |  41.26%
 2139s| 57200 |   213 | 23053k| 403.0 |   304M |  39 |1101 |9791 |   0 | 215k|  0 |  72k|  11 | 0.000000e+00 |      --      |    Inf |  41.29%
 time | node  | left  |LP iter|LP it/n|mem/heur|mdpt |vars |cons |rows |cuts |sepa|confs|strbr|  dualbound   | primalbound  |  gap   | compl. 
 2141s| 57300 |   215 | 23080k| 402.7 |   304M |  39 |1101 |9719 |2926 | 215k|  2 |  72k|  11 | 0.000000e+00 |      --      |    Inf |  41.33%
 2146s| 57400 |   219 | 23126k| 402.8 |   304M |  39 |1101 |9589 |2962 | 216k|  0 |  72k|  11 | 0.000000e+00 |      --      |    Inf |  41.35%
 2149s| 57500 |   210 | 23169k| 402.9 |   304M |  39 |1101 |9526 |   0 | 216k|  0 |  72k|  11 | 0.000000e+00 |      --      |    Inf |  41.36%
 2152s| 57600 |   210 | 23200k| 402.7 |   304M |  39 |1101 |9512 |2899 | 216k|  2 |  72k|  11 | 0.000000e+00 |      --      |    Inf |  41.39%
 2155s| 57700 |   212 | 23232k| 402.6 |   304M |  39 |1101 |9363 |2614 | 217k|  2 |  72k|  11 | 0.000000e+00 |      --      |    Inf |  41.43%
 2158s| 57800 |   204 | 23268k| 402.5 |   304M |  39 |1101 |9190 |2565 | 217k|  0 |  72k|  11 | 0.000000e+00 |      --      |    Inf |  41.49%
 2161s| 57900 |   200 | 23308k| 402.5 |   304M |  39 |1101 |8863 |2502 | 218k|  0 |  72k|  11 | 0.000000e+00 |      --      |    Inf |  41.53%
 2165s| 58000 |   199 | 23354k| 402.6 |   304M |  39 |1101 |8469 |2860 | 218k|  1 |  73k|  11 | 0.000000e+00 |      --      |    Inf |  41.74%
 2170s| 58100 |   205 | 23400k| 402.7 |   304M |  39 |1101 |8242 |2926 | 218k|  2 |  73k|  11 | 0.000000e+00 |      --      |    Inf |  41.80%
 2175s| 58200 |   196 | 23457k| 403.0 |   304M |  39 |1101 |8153 |2979 | 219k|  2 |  73k|  11 | 0.000000e+00 |      --      |    Inf |  41.82%
 2179s| 58300 |   198 | 23501k| 403.1 |   304M |  39 |1101 |7649 |2629 | 220k|  0 |  73k|  11 | 0.000000e+00 |      --      |    Inf |  42.12%
 2182s| 58400 |   197 | 23545k| 403.1 |   304M |  39 |1101 |7775 |2602 | 220k|  2 |  73k|  11 | 0.000000e+00 |      --      |    Inf |  42.13%
 2186s| 58500 |   189 | 23591k| 403.2 |   304M |  39 |1101 |7515 |2955 | 220k|  1 |  73k|  11 | 0.000000e+00 |      --      |    Inf |  42.16%
 2190s| 58600 |   190 | 23638k| 403.3 |   304M |  39 |1101 |7419 |   0 | 221k|  0 |  73k|  11 | 0.000000e+00 |      --      |    Inf |  42.16%
 2194s| 58700 |   187 | 23682k| 403.4 |   305M |  39 |1101 |7265 |3028 | 221k|  1 |  73k|  11 | 0.000000e+00 |      --      |    Inf |  42.28%
 time | node  | left  |LP iter|LP it/n|mem/heur|mdpt |vars |cons |rows |cuts |sepa|confs|strbr|  dualbound   | primalbound  |  gap   | compl. 
 2196s| 58800 |   197 | 23709k| 403.2 |   305M |  39 |1101 |7243 |2536 | 222k|  2 |  74k|  11 | 0.000000e+00 |      --      |    Inf |  42.28%
 2198s| 58900 |   199 | 23732k| 402.9 |   305M |  39 |1101 |7278 |2601 | 222k|  2 |  74k|  11 | 0.000000e+00 |      --      |    Inf |  42.28%
 2200s| 59000 |   194 | 23756k| 402.6 |   305M |  39 |1101 |7294 |2610 | 223k|  2 |  74k|  11 | 0.000000e+00 |      --      |    Inf |  42.29%
 2203s| 59100 |   192 | 23784k| 402.4 |   305M |  39 |1101 |7238 |2498 | 223k|  0 |  74k|  11 | 0.000000e+00 |      --      |    Inf |  42.30%
 2205s| 59200 |   188 | 23808k| 402.1 |   305M |  39 |1101 |7240 |2658 | 224k|  2 |  74k|  11 | 0.000000e+00 |      --      |    Inf |  42.31%
 2208s| 59300 |   181 | 23848k| 402.1 |   305M |  39 |1101 |7303 |2944 | 224k|  2 |  74k|  11 | 0.000000e+00 |      --      |    Inf |  42.73%
 2212s| 59400 |   169 | 23888k| 402.1 |   305M |  39 |1101 |7107 |2947 | 225k|  0 |  74k|  11 | 0.000000e+00 |      --      |    Inf |  42.87%
 2216s| 59500 |   174 | 23929k| 402.1 |   305M |  39 |1101 |7148 |3023 | 225k|  1 |  74k|  11 | 0.000000e+00 |      --      |    Inf |  43.01%
 2219s| 59600 |   169 | 23972k| 402.2 |   305M |  39 |1101 |7253 |2658 | 225k|  0 |  74k|  11 | 0.000000e+00 |      --      |    Inf |  43.02%
 2223s| 59700 |   169 | 24019k| 402.3 |   305M |  39 |1101 |7308 |2615 | 226k|  0 |  75k|  11 | 0.000000e+00 |      --      |    Inf |  43.03%
 2227s| 59800 |   168 | 24068k| 402.4 |   305M |  39 |1101 |7459 |3005 | 226k|  0 |  75k|  11 | 0.000000e+00 |      --      |    Inf |  43.03%
 2231s| 59900 |   166 | 24115k| 402.5 |   305M |  39 |1101 |7560 |3032 | 226k|  0 |  75k|  11 | 0.000000e+00 |      --      |    Inf |  43.03%
 2235s| 60000 |   168 | 24161k| 402.6 |   305M |  39 |1101 |7728 |3044 | 226k|  2 |  75k|  11 | 0.000000e+00 |      --      |    Inf |  43.04%
 2238s| 60100 |   165 | 24193k| 402.5 |   305M |  39 |1101 |7703 |2676 | 227k|  2 |  75k|  11 | 0.000000e+00 |      --      |    Inf |  43.07%
 2242s| 60200 |   169 | 24240k| 402.6 |   305M |  39 |1101 |7820 |2694 | 227k|  2 |  75k|  11 | 0.000000e+00 |      --      |    Inf |  43.08%
 time | node  | left  |LP iter|LP it/n|mem/heur|mdpt |vars |cons |rows |cuts |sepa|confs|strbr|  dualbound   | primalbound  |  gap   | compl. 
 2246s| 60300 |   165 | 24284k| 402.7 |   305M |  39 |1101 |7905 |2756 | 227k|  2 |  75k|  11 | 0.000000e+00 |      --      |    Inf |  43.08%
 2250s| 60400 |   167 | 24330k| 402.8 |   305M |  39 |1101 |8063 |2769 | 228k|  2 |  76k|  11 | 0.000000e+00 |      --      |    Inf |  43.08%
 2254s| 60500 |   170 | 24376k| 402.9 |   305M |  39 |1101 |8229 |2759 | 228k|  2 |  76k|  11 | 0.000000e+00 |      --      |    Inf |  43.08%
 2258s| 60600 |   160 | 24424k| 403.0 |   305M |  39 |1101 |8400 |2720 | 228k|  2 |  76k|  11 | 0.000000e+00 |      --      |    Inf |  43.08%
 2262s| 60700 |   160 | 24470k| 403.1 |   305M |  39 |1101 |8322 |2680 | 229k|  0 |  76k|  11 | 0.000000e+00 |      --      |    Inf |  43.15%
 2265s| 60800 |   158 | 24499k| 402.9 |   305M |  39 |1101 |8373 |   0 | 229k|  0 |  76k|  11 | 0.000000e+00 |      --      |    Inf |  43.22%
 2267s| 60900 |   168 | 24518k| 402.5 |   305M |  39 |1101 |8309 |2777 | 230k|  1 |  76k|  11 | 0.000000e+00 |      --      |    Inf |  43.24%
 2270s| 61000 |   167 | 24546k| 402.3 |   305M |  39 |1101 |8381 |2810 | 230k|  2 |  76k|  11 | 0.000000e+00 |      --      |    Inf |  43.24%
 2272s| 61100 |   166 | 24573k| 402.1 |   305M |  39 |1101 |8452 |2789 | 230k|  2 |  76k|  11 | 0.000000e+00 |      --      |    Inf |  43.24%
 2276s| 61200 |   159 | 24611k| 402.1 |   305M |  39 |1101 |8443 |2802 | 230k|  2 |  77k|  11 | 0.000000e+00 |      --      |    Inf |  43.32%
 2278s| 61300 |   160 | 24635k| 401.8 |   305M |  39 |1101 |8488 |   0 | 231k|  0 |  77k|  11 | 0.000000e+00 |      --      |    Inf |  43.33%
 2281s| 61400 |   163 | 24667k| 401.7 |   306M |  39 |1101 |8447 |   0 | 231k|  0 |  77k|  11 | 0.000000e+00 |      --      |    Inf |  43.53%
 2283s| 61500 |   155 | 24690k| 401.4 |   306M |  39 |1101 |8361 |2948 | 232k|  2 |  77k|  11 | 0.000000e+00 |      --      |    Inf |  43.63%
 2287s| 61600 |   151 | 24729k| 401.4 |   307M |  39 |1101 |8385 |2841 | 232k|  2 |  77k|  11 | 0.000000e+00 |      --      |    Inf |  43.83%
 2290s| 61700 |   151 | 24765k| 401.3 |   307M |  39 |1101 |8503 |   0 | 232k|  0 |  77k|  11 | 0.000000e+00 |      --      |    Inf |  43.86%
 time | node  | left  |LP iter|LP it/n|mem/heur|mdpt |vars |cons |rows |cuts |sepa|confs|strbr|  dualbound   | primalbound  |  gap   | compl. 
 2294s| 61800 |   157 | 24812k| 401.4 |   307M |  39 |1101 |8600 |2965 | 232k|  2 |  77k|  11 | 0.000000e+00 |      --      |    Inf |  43.87%
 2297s| 61900 |   156 | 24849k| 401.4 |   307M |  39 |1101 |8733 |   0 | 233k|  0 |  77k|  11 | 0.000000e+00 |      --      |    Inf |  43.87%
 2301s| 62000 |   156 | 24892k| 401.4 |   307M |  39 |1101 |8896 |2990 | 233k|  1 |  77k|  11 | 0.000000e+00 |      --      |    Inf |  43.87%
 2305s| 62100 |   158 | 24934k| 401.5 |   307M |  39 |1101 |9002 |2983 | 233k|  0 |  78k|  11 | 0.000000e+00 |      --      |    Inf |  43.87%
 2308s| 62200 |   154 | 24972k| 401.4 |   307M |  39 |1101 |9111 |   0 | 233k|  0 |  78k|  11 | 0.000000e+00 |      --      |    Inf |  43.87%
 2311s| 62300 |   144 | 25004k| 401.3 |   307M |  39 |1101 |9079 |2897 | 233k|  0 |  78k|  11 | 0.000000e+00 |      --      |    Inf |  43.96%
 2314s| 62400 |   153 | 25039k| 401.2 |   307M |  39 |1101 |9122 |2913 | 233k|  2 |  78k|  11 | 0.000000e+00 |      --      |    Inf |  43.96%
 2317s| 62500 |   148 | 25079k| 401.2 |   307M |  39 |1101 |9280 |2925 | 234k|  0 |  78k|  11 | 0.000000e+00 |      --      |    Inf |  43.96%
 2320s| 62600 |   145 | 25108k| 401.0 |   307M |  39 |1101 |9399 |2931 | 234k|  2 |  78k|  11 | 0.000000e+00 |      --      |    Inf |  43.97%
 2323s| 62700 |   145 | 25143k| 401.0 |   307M |  39 |1101 |9488 |2912 | 234k|  0 |  78k|  11 | 0.000000e+00 |      --      |    Inf |  43.97%
 2326s| 62800 |   142 | 25180k| 400.9 |   307M |  39 |1101 |9424 |2839 | 235k|  2 |  79k|  11 | 0.000000e+00 |      --      |    Inf |  44.05%
 2328s| 62900 |   151 | 25200k| 400.6 |   307M |  39 |1101 |9408 |   0 | 235k|  0 |  79k|  11 | 0.000000e+00 |      --      |    Inf |  44.05%
 2330s| 63000 |   143 | 25218k| 400.2 |   307M |  39 |1101 |9421 |   0 | 235k|  0 |  79k|  11 | 0.000000e+00 |      --      |    Inf |  44.05%
 2333s| 63100 |   148 | 25242k| 400.0 |   307M |  39 |1101 |9434 |   0 | 235k|  0 |  79k|  11 | 0.000000e+00 |      --      |    Inf |  44.06%
 2334s| 63200 |   148 | 25260k| 399.6 |   307M |  39 |1101 |9440 |   0 | 236k|  0 |  79k|  11 | 0.000000e+00 |      --      |    Inf |  44.06%
 time | node  | left  |LP iter|LP it/n|mem/heur|mdpt |vars |cons |rows |cuts |sepa|confs|strbr|  dualbound   | primalbound  |  gap   | compl. 
 2336s| 63300 |   153 | 25281k| 399.3 |   307M |  39 |1101 |9462 |2855 | 236k|  2 |  79k|  11 | 0.000000e+00 |      --      |    Inf |  44.06%
 2339s| 63400 |   145 | 25305k| 399.1 |   307M |  39 |1101 |9484 |2853 | 236k|  2 |  79k|  11 | 0.000000e+00 |      --      |    Inf |  44.07%
 2340s| 63500 |   146 | 25325k| 398.8 |   307M |  39 |1101 |9518 |2852 | 236k|  2 |  79k|  11 | 0.000000e+00 |      --      |    Inf |  44.07%
 2343s| 63600 |   139 | 25358k| 398.7 |   307M |  39 |1101 |9310 |2910 | 237k|  2 |  79k|  11 | 0.000000e+00 |      --      |    Inf |  44.13%
 2346s| 63700 |   153 | 25398k| 398.7 |   307M |  39 |1101 |9246 |2617 | 237k|  2 |  79k|  11 | 0.000000e+00 |      --      |    Inf |  44.13%
 2350s| 63800 |   154 | 25439k| 398.7 |   307M |  39 |1101 |9332 |2656 | 238k|  3 |  79k|  11 | 0.000000e+00 |      --      |    Inf |  44.13%
 2354s| 63900 |   148 | 25486k| 398.8 |   307M |  39 |1101 |9524 |2714 | 238k|  0 |  79k|  11 | 0.000000e+00 |      --      |    Inf |  44.13%
 2357s| 64000 |   145 | 25529k| 398.8 |   307M |  39 |1101 |9638 |2691 | 239k|  0 |  80k|  11 | 0.000000e+00 |      --      |    Inf |  44.13%
 2361s| 64100 |   148 | 25574k| 398.9 |   307M |  39 |1101 |9739 |2754 | 239k|  0 |  80k|  11 | 0.000000e+00 |      --      |    Inf |  44.13%
 2365s| 64200 |   147 | 25619k| 399.0 |   307M |  39 |1101 |9824 |2750 | 239k|  0 |  80k|  11 | 0.000000e+00 |      --      |    Inf |  44.13%
 2368s| 64300 |   150 | 25665k| 399.1 |   307M |  39 |1101 |9937 |2723 | 239k|  0 |  80k|  11 | 0.000000e+00 |      --      |    Inf |  44.13%
 2372s| 64400 |   150 | 25711k| 399.2 |   307M |  39 |1101 |  10k|2744 | 239k|  1 |  80k|  11 | 0.000000e+00 |      --      |    Inf |  44.13%
 2376s| 64500 |   148 | 25754k| 399.2 |   307M |  39 |1101 |  10k|2818 | 239k|  2 |  80k|  11 | 0.000000e+00 |      --      |    Inf |  44.13%
 2379s| 64600 |   147 | 25796k| 399.3 |   307M |  39 |1101 |  10k|   0 | 240k|  0 |  80k|  11 | 0.000000e+00 |      --      |    Inf |  44.13%
 2383s| 64700 |   150 | 25834k| 399.2 |   307M |  39 |1101 |  10k|2528 | 240k|  1 |  81k|  11 | 0.000000e+00 |      --      |    Inf |  44.13%
 time | node  | left  |LP iter|LP it/n|mem/heur|mdpt |vars |cons |rows |cuts |sepa|confs|strbr|  dualbound   | primalbound  |  gap   | compl. 
 2386s| 64800 |   154 | 25874k| 399.2 |   307M |  39 |1101 |  10k|2666 | 240k|  0 |  81k|  11 | 0.000000e+00 |      --      |    Inf |  44.13%
 2389s| 64900 |   150 | 25916k| 399.3 |   307M |  39 |1101 |  10k|2722 | 240k|  1 |  81k|  11 | 0.000000e+00 |      --      |    Inf |  44.13%
 2393s| 65000 |   155 | 25960k| 399.3 |   307M |  39 |1101 |  10k|2683 | 241k|  0 |  81k|  11 | 0.000000e+00 |      --      |    Inf |  44.13%
 2396s| 65100 |   148 | 26004k| 399.4 |   307M |  39 |1101 |  10k|2701 | 241k|  1 |  81k|  11 | 0.000000e+00 |      --      |    Inf |  44.13%
 2400s| 65200 |   146 | 26045k| 399.4 |   307M |  39 |1101 |  10k|2702 | 241k|  2 |  81k|  11 | 0.000000e+00 |      --      |    Inf |  44.14%
 2403s| 65300 |   152 | 26082k| 399.4 |   307M |  39 |1101 |  10k|2598 | 242k|  2 |  81k|  11 | 0.000000e+00 |      --      |    Inf |  44.14%
 2406s| 65400 |   150 | 26126k| 399.4 |   307M |  39 |1101 |  10k|2587 | 242k|  2 |  82k|  11 | 0.000000e+00 |      --      |    Inf |  44.14%
 2410s| 65500 |   153 | 26168k| 399.5 |   307M |  39 |1101 |  10k|2606 | 243k|  2 |  82k|  11 | 0.000000e+00 |      --      |    Inf |  44.14%
 2413s| 65600 |   157 | 26215k| 399.6 |   307M |  39 |1101 |  10k|2619 | 243k|  2 |  82k|  11 | 0.000000e+00 |      --      |    Inf |  44.14%
 2417s| 65700 |   156 | 26259k| 399.6 |   307M |  39 |1101 |  10k|2627 | 244k|  3 |  82k|  11 | 0.000000e+00 |      --      |    Inf |  44.14%
 2421s| 65800 |   157 | 26309k| 399.8 |   307M |  39 |1101 |  10k|2628 | 244k|  2 |  82k|  11 | 0.000000e+00 |      --      |    Inf |  44.14%
 2425s| 65900 |   147 | 26353k| 399.8 |   307M |  39 |1101 |  10k|   0 | 244k|  0 |  82k|  11 | 0.000000e+00 |      --      |    Inf |  44.14%
 2428s| 66000 |   154 | 26390k| 399.8 |   307M |  39 |1101 |  10k|2650 | 245k|  2 |  83k|  11 | 0.000000e+00 |      --      |    Inf |  44.14%
 2431s| 66100 |   149 | 26435k| 399.9 |   307M |  39 |1101 |  10k|2645 | 245k|  0 |  83k|  11 | 0.000000e+00 |      --      |    Inf |  44.14%
 2435s| 66200 |   142 | 26481k| 400.0 |   307M |  39 |1101 |  10k|2524 | 246k|  2 |  83k|  11 | 0.000000e+00 |      --      |    Inf |  44.14%
 time | node  | left  |LP iter|LP it/n|mem/heur|mdpt |vars |cons |rows |cuts |sepa|confs|strbr|  dualbound   | primalbound  |  gap   | compl. 
 2438s| 66300 |   151 | 26518k| 399.9 |   307M |  39 |1101 |  10k|2597 | 246k|  0 |  83k|  11 | 0.000000e+00 |      --      |    Inf |  44.14%
 2442s| 66400 |   148 | 26563k| 400.0 |   307M |  39 |1101 |  10k|2666 | 247k|  2 |  83k|  11 | 0.000000e+00 |      --      |    Inf |  44.14%
 2446s| 66500 |   146 | 26614k| 400.2 |   307M |  39 |1101 |  10k|2691 | 247k|  0 |  83k|  11 | 0.000000e+00 |      --      |    Inf |  44.14%
 2450s| 66600 |   141 | 26660k| 400.2 |   307M |  39 |1101 |  10k|2714 | 247k|  2 |  84k|  11 | 0.000000e+00 |      --      |    Inf |  44.14%
 2454s| 66700 |   146 | 26714k| 400.5 |   307M |  39 |1101 |  10k|2663 | 248k|  2 |  84k|  11 | 0.000000e+00 |      --      |    Inf |  44.14%
 2458s| 66800 |   142 | 26764k| 400.6 |   307M |  39 |1101 |  10k|2713 | 248k|  0 |  84k|  11 | 0.000000e+00 |      --      |    Inf |  44.14%
 2462s| 66900 |   151 | 26813k| 400.7 |   307M |  39 |1101 |  10k|2579 | 249k|  0 |  84k|  11 | 0.000000e+00 |      --      |    Inf |  44.14%
 2465s| 67000 |   145 | 26847k| 400.6 |   307M |  39 |1101 |  10k|2617 | 249k|  0 |  84k|  11 | 0.000000e+00 |      --      |    Inf |  44.14%
 2468s| 67100 |   147 | 26877k| 400.5 |   307M |  39 |1101 |  10k|   0 | 250k|  0 |  85k|  11 | 0.000000e+00 |      --      |    Inf |  44.14%
 2471s| 67200 |   142 | 26910k| 400.4 |   307M |  39 |1101 |  10k|2676 | 250k|  1 |  85k|  11 | 0.000000e+00 |      --      |    Inf |  44.14%
 2474s| 67300 |   140 | 26938k| 400.2 |   307M |  39 |1101 |  10k|2611 | 251k|  2 |  85k|  11 | 0.000000e+00 |      --      |    Inf |  44.14%
 2476s| 67400 |   133 | 26961k| 400.0 |   307M |  39 |1101 |  10k|2755 | 251k|  1 |  85k|  11 | 0.000000e+00 |      --      |    Inf |  44.21%
 2478s| 67500 |   152 | 26978k| 399.6 |   307M |  39 |1101 |  10k|2561 | 251k|  0 |  85k|  11 | 0.000000e+00 |      --      |    Inf |  44.22%
 2480s| 67600 |   148 | 26998k| 399.3 |   307M |  39 |1101 |  10k|2525 | 252k|  2 |  85k|  11 | 0.000000e+00 |      --      |    Inf |  44.22%
 2482s| 67700 |   144 | 27020k| 399.1 |   307M |  39 |1101 |  10k|2512 | 252k|  2 |  85k|  11 | 0.000000e+00 |      --      |    Inf |  44.22%
 time | node  | left  |LP iter|LP it/n|mem/heur|mdpt |vars |cons |rows |cuts |sepa|confs|strbr|  dualbound   | primalbound  |  gap   | compl. 
 2484s| 67800 |   148 | 27040k| 398.8 |   307M |  39 |1101 |  10k|2557 | 252k|  0 |  85k|  11 | 0.000000e+00 |      --      |    Inf |  44.22%
 2486s| 67900 |   144 | 27063k| 398.5 |   307M |  39 |1101 |  10k|2576 | 253k|  0 |  86k|  11 | 0.000000e+00 |      --      |    Inf |  44.22%
 2488s| 68000 |   145 | 27086k| 398.3 |   307M |  39 |1101 |  10k|2572 | 253k|  2 |  86k|  11 | 0.000000e+00 |      --      |    Inf |  44.22%
 2490s| 68100 |   140 | 27110k| 398.0 |   307M |  39 |1101 |  10k|2596 | 253k|  0 |  86k|  11 | 0.000000e+00 |      --      |    Inf |  44.22%
 2492s| 68200 |   134 | 27129k| 397.7 |   307M |  39 |1101 |  10k|2562 | 254k|  2 |  86k|  11 | 0.000000e+00 |      --      |    Inf |  44.23%
 2494s| 68300 |   139 | 27152k| 397.5 |   308M |  39 |1101 |  10k|2472 | 254k|  1 |  86k|  11 | 0.000000e+00 |      --      |    Inf |  44.91%
 2496s| 68400 |   160 | 27167k| 397.1 |   309M |  39 |1101 |9988 |2461 | 255k|  2 |  86k|  11 | 0.000000e+00 |      --      |    Inf |  45.96%
 2498s| 68500 |   163 | 27188k| 396.9 |   309M |  39 |1101 |9891 |2535 | 255k|  2 |  86k|  11 | 0.000000e+00 |      --      |    Inf |  46.00%
 2501s| 68600 |   173 | 27212k| 396.6 |   309M |  39 |1101 |9902 |2436 | 255k|  0 |  87k|  11 | 0.000000e+00 |      --      |    Inf |  46.03%
 2503s| 68700 |   182 | 27233k| 396.4 |   309M |  39 |1101 |9895 |2421 | 256k|  2 |  87k|  11 | 0.000000e+00 |      --      |    Inf |  46.05%
 2505s| 68800 |   179 | 27258k| 396.2 |   309M |  39 |1101 |  10k|2460 | 257k|  2 |  87k|  11 | 0.000000e+00 |      --      |    Inf |  46.05%
 2507s| 68900 |   171 | 27284k| 395.9 |   309M |  39 |1101 |  10k|2472 | 257k|  2 |  87k|  11 | 0.000000e+00 |      --      |    Inf |  46.11%
 2509s| 69000 |   174 | 27302k| 395.6 |   309M |  39 |1101 |  10k|2551 | 257k|  1 |  87k|  11 | 0.000000e+00 |      --      |    Inf |  46.26%
 2512s| 69100 |   167 | 27328k| 395.4 |   309M |  39 |1101 |  10k|2429 | 258k|  2 |  87k|  11 | 0.000000e+00 |      --      |    Inf |  46.34%
 2514s| 69200 |   168 | 27348k| 395.2 |   309M |  39 |1101 |  10k|2476 | 258k|  0 |  87k|  11 | 0.000000e+00 |      --      |    Inf |  46.48%
 time | node  | left  |LP iter|LP it/n|mem/heur|mdpt |vars |cons |rows |cuts |sepa|confs|strbr|  dualbound   | primalbound  |  gap   | compl. 
 2516s| 69300 |   161 | 27373k| 394.9 |   309M |  39 |1101 |  10k|2425 | 259k|  2 |  87k|  11 | 0.000000e+00 |      --      |    Inf |  46.59%
 2517s| 69400 |   168 | 27389k| 394.6 |   310M |  39 |1101 |  10k|2516 | 259k|  2 |  88k|  11 | 0.000000e+00 |      --      |    Inf |  46.78%
 2519s| 69500 |   166 | 27401k| 394.2 |   310M |  39 |1101 |  10k|   0 | 259k|  0 |  88k|  11 | 0.000000e+00 |      --      |    Inf |  46.81%
 2520s| 69600 |   169 | 27416k| 393.9 |   310M |  39 |1101 |  10k|2520 | 260k|  1 |  88k|  11 | 0.000000e+00 |      --      |    Inf |  47.04%
 2522s| 69700 |   168 | 27431k| 393.5 |   310M |  39 |1101 |  10k|   0 | 260k|  0 |  88k|  11 | 0.000000e+00 |      --      |    Inf |  47.06%
 2523s| 69800 |   160 | 27445k| 393.1 |   310M |  39 |1101 |  10k|   0 | 260k|  0 |  88k|  11 | 0.000000e+00 |      --      |    Inf |  47.12%
 2525s| 69900 |   163 | 27460k| 392.8 |   310M |  39 |1101 |  10k|2402 | 260k|  2 |  88k|  11 | 0.000000e+00 |      --      |    Inf |  47.20%
 2526s| 70000 |   163 | 27478k| 392.5 |   310M |  39 |1101 |  10k|2487 | 261k|  1 |  88k|  11 | 0.000000e+00 |      --      |    Inf |  47.26%
 2528s| 70100 |   152 | 27498k| 392.2 |   311M |  39 |1101 |  10k|2402 | 261k|  1 |  88k|  11 | 0.000000e+00 |      --      |    Inf |  47.54%
 2530s| 70200 |   151 | 27517k| 391.9 |   311M |  39 |1101 |  10k|   0 | 262k|  0 |  89k|  11 | 0.000000e+00 |      --      |    Inf |  47.66%
 2533s| 70300 |   146 | 27541k| 391.7 |   311M |  39 |1101 |  10k|2495 | 262k|  0 |  89k|  11 | 0.000000e+00 |      --      |    Inf |  47.82%
 2534s| 70400 |   149 | 27560k| 391.4 |   311M |  39 |1101 |  10k|2557 | 263k|  2 |  89k|  11 | 0.000000e+00 |      --      |    Inf |  47.86%
 2536s| 70500 |   145 | 27578k| 391.1 |   311M |  39 |1101 |  10k|2407 | 263k|  1 |  89k|  11 | 0.000000e+00 |      --      |    Inf |  47.92%
 2538s| 70600 |   148 | 27601k| 390.9 |   312M |  39 |1101 |  10k|2608 | 264k|  2 |  89k|  11 | 0.000000e+00 |      --      |    Inf |  48.14%
 2541s| 70700 |   144 | 27625k| 390.7 |   312M |  39 |1101 |  10k|2789 | 264k|  2 |  89k|  11 | 0.000000e+00 |      --      |    Inf |  48.49%
 time | node  | left  |LP iter|LP it/n|mem/heur|mdpt |vars |cons |rows |cuts |sepa|confs|strbr|  dualbound   | primalbound  |  gap   | compl. 
 2543s| 70800 |   141 | 27653k| 390.5 |   313M |  39 |1101 |  10k|   0 | 264k|  0 |  89k|  11 | 0.000000e+00 |      --      |    Inf |  49.75%
 2545s| 70900 |   137 | 27673k| 390.3 |   313M |  39 |1101 |  10k|   0 | 264k|  0 |  89k|  11 | 0.000000e+00 |      --      |    Inf |  49.80%
 2547s| 71000 |   135 | 27691k| 390.0 |   313M |  39 |1101 |  10k|2806 | 264k|  2 |  90k|  11 | 0.000000e+00 |      --      |    Inf |  49.84%
 2549s| 71100 |   140 | 27715k| 389.8 |   313M |  39 |1101 |  10k|2563 | 265k|  0 |  90k|  11 | 0.000000e+00 |      --      |    Inf |  49.88%
 2552s| 71200 |   131 | 27745k| 389.6 |   313M |  39 |1101 |  10k|2819 | 266k|  0 |  90k|  11 | 0.000000e+00 |      --      |    Inf |  50.00%
 2555s| 71300 |   140 | 27771k| 389.5 |   313M |  39 |1101 |  10k|2635 | 266k|  0 |  90k|  11 | 0.000000e+00 |      --      |    Inf |  50.10%
 2557s| 71400 |   135 | 27789k| 389.2 |   313M |  39 |1101 |  10k|2610 | 266k|  1 |  90k|  11 | 0.000000e+00 |      --      |    Inf |  50.12%
 2559s| 71500 |   137 | 27816k| 389.0 |   314M |  39 |1101 |  10k|2782 | 267k|  0 |  90k|  11 | 0.000000e+00 |      --      |    Inf |  50.30%
 2561s| 71600 |   135 | 27832k| 388.7 |   314M |  39 |1101 |  10k|2793 | 267k|  2 |  90k|  11 | 0.000000e+00 |      --      |    Inf |  50.31%
 2562s| 71700 |   147 | 27844k| 388.3 |   314M |  39 |1101 |  10k|2783 | 267k|  2 |  90k|  11 | 0.000000e+00 |      --      |    Inf |  50.33%
 2564s| 71800 |   148 | 27860k| 388.0 |   314M |  39 |1101 |  10k|   0 | 267k|  0 |  91k|  11 | 0.000000e+00 |      --      |    Inf |  50.34%
 2565s| 71900 |   150 | 27877k| 387.7 |   314M |  39 |1101 |  10k|2786 | 267k|  1 |  91k|  11 | 0.000000e+00 |      --      |    Inf |  50.34%
 2568s| 72000 |   140 | 27898k| 387.4 |   314M |  39 |1101 |  10k|   0 | 268k|  0 |  91k|  11 | 0.000000e+00 |      --      |    Inf |  50.35%
 2570s| 72100 |   142 | 27922k| 387.2 |   314M |  39 |1101 |  10k|2798 | 268k|  1 |  91k|  11 | 0.000000e+00 |      --      |    Inf |  50.36%
 2572s| 72200 |   139 | 27945k| 387.0 |   314M |  39 |1101 |  10k|2790 | 268k|  0 |  91k|  11 | 0.000000e+00 |      --      |    Inf |  50.37%
 time | node  | left  |LP iter|LP it/n|mem/heur|mdpt |vars |cons |rows |cuts |sepa|confs|strbr|  dualbound   | primalbound  |  gap   | compl. 
 2574s| 72300 |   138 | 27966k| 386.8 |   314M |  39 |1101 |  10k|   0 | 268k|  0 |  91k|  11 | 0.000000e+00 |      --      |    Inf |  50.39%
 2576s| 72400 |   130 | 27984k| 386.5 |   314M |  39 |1101 |  10k|2946 | 269k|  0 |  91k|  11 | 0.000000e+00 |      --      |    Inf |  50.49%
 2578s| 72500 |   133 | 28004k| 386.2 |   314M |  39 |1101 |  10k|2967 | 269k|  2 |  91k|  11 | 0.000000e+00 |      --      |    Inf |  50.50%
 2581s| 72600 |   129 | 28029k| 386.0 |   314M |  39 |1101 |  10k|2969 | 269k|  1 |  92k|  11 | 0.000000e+00 |      --      |    Inf |  50.52%
 2583s| 72700 |   124 | 28051k| 385.8 |   314M |  39 |1101 |  10k|2535 | 269k|  0 |  92k|  11 | 0.000000e+00 |      --      |    Inf |  50.53%
 2584s| 72800 |   127 | 28061k| 385.4 |   314M |  39 |1101 |  10k|   0 | 269k|  0 |  92k|  11 | 0.000000e+00 |      --      |    Inf |  50.54%
 2585s| 72900 |   125 | 28075k| 385.1 |   314M |  39 |1101 |  10k|   0 | 269k|  0 |  92k|  11 | 0.000000e+00 |      --      |    Inf |  50.54%
 2588s| 73000 |   132 | 28097k| 384.8 |   314M |  39 |1101 |  10k|2658 | 270k|  2 |  92k|  11 | 0.000000e+00 |      --      |    Inf |  51.45%
 2589s| 73100 |   130 | 28114k| 384.6 |   314M |  39 |1101 |  10k|2698 | 270k|  2 |  92k|  11 | 0.000000e+00 |      --      |    Inf |  51.50%
 2592s| 73200 |   129 | 28140k| 384.4 |   314M |  39 |1101 |  10k|2531 | 271k|  0 |  92k|  11 | 0.000000e+00 |      --      |    Inf |  55.14%
 2595s| 73300 |   128 | 28166k| 384.2 |   314M |  39 |1101 |  10k|   0 | 271k|  0 |  92k|  11 | 0.000000e+00 |      --      |    Inf |  55.38%
 2597s| 73400 |   129 | 28194k| 384.1 |   315M |  39 |1101 |9983 |2551 | 271k|  0 |  92k|  11 | 0.000000e+00 |      --      |    Inf |  56.11%
 2600s| 73500 |   128 | 28218k| 383.9 |   315M |  39 |1101 |9784 |2455 | 272k|  2 |  93k|  11 | 0.000000e+00 |      --      |    Inf |  56.61%
 2601s| 73600 |   134 | 28235k| 383.6 |   315M |  39 |1101 |9681 |2504 | 272k|  0 |  93k|  11 | 0.000000e+00 |      --      |    Inf |  56.97%
 2604s| 73700 |   130 | 28266k| 383.5 |   315M |  39 |1101 |9740 |2443 | 273k|  0 |  93k|  11 | 0.000000e+00 |      --      |    Inf |  57.10%
 time | node  | left  |LP iter|LP it/n|mem/heur|mdpt |vars |cons |rows |cuts |sepa|confs|strbr|  dualbound   | primalbound  |  gap   | compl. 
 2606s| 73800 |   138 | 28292k| 383.3 |   315M |  39 |1101 |9805 |2513 | 274k|  0 |  93k|  11 | 0.000000e+00 |      --      |    Inf |  57.31%
 2610s| 73900 |   138 | 28334k| 383.4 |   315M |  39 |1101 |9776 |2518 | 275k|  0 |  93k|  11 | 0.000000e+00 |      --      |    Inf |  57.32%
 2614s| 74000 |   157 | 28373k| 383.4 |   315M |  39 |1101 |9859 |   0 | 276k|  0 |  93k|  11 | 0.000000e+00 |      --      |    Inf |  57.33%
 2617s| 74100 |   151 | 28405k| 383.3 |   315M |  39 |1101 |9951 |2852 | 276k|  2 |  93k|  11 | 0.000000e+00 |      --      |    Inf |  57.33%
 2621s| 74200 |   156 | 28449k| 383.4 |   315M |  39 |1101 |  10k|2561 | 277k|  0 |  93k|  11 | 0.000000e+00 |      --      |    Inf |  57.34%
 2624s| 74300 |   144 | 28487k| 383.4 |   315M |  39 |1101 |  10k|   0 | 277k|  0 |  93k|  11 | 0.000000e+00 |      --      |    Inf |  57.34%
 2628s| 74400 |   135 | 28528k| 383.4 |   315M |  39 |1101 |  10k|2661 | 278k|  2 |  94k|  11 | 0.000000e+00 |      --      |    Inf |  57.35%
 2633s| 74500 |   126 | 28587k| 383.7 |   315M |  39 |1101 |  10k|2638 | 280k|  2 |  94k|  11 | 0.000000e+00 |      --      |    Inf |  57.41%
 2638s| 74600 |   127 | 28641k| 383.9 |   316M |  39 |1101 |9937 |2774 | 281k|  2 |  94k|  11 | 0.000000e+00 |      --      |    Inf |  57.51%
 2643s| 74700 |   133 | 28692k| 384.0 |   316M |  39 |1101 |  10k|2931 | 282k|  2 |  94k|  11 | 0.000000e+00 |      --      |    Inf |  57.51%
 2649s| 74800 |   128 | 28747k| 384.3 |   316M |  39 |1101 |9983 |2872 | 283k|  0 |  94k|  11 | 0.000000e+00 |      --      |    Inf |  57.65%
 2656s| 74900 |   138 | 28820k| 384.7 |   316M |  39 |1101 |9821 |3108 | 285k|  2 |  94k|  11 | 0.000000e+00 |      --      |    Inf |  57.97%
 2661s| 75000 |   137 | 28871k| 384.9 |   316M |  39 |1101 |9980 |3091 | 285k|  0 |  94k|  11 | 0.000000e+00 |      --      |    Inf |  57.97%
 2666s| 75100 |   137 | 28922k| 385.1 |   316M |  39 |1101 |  10k|3063 | 286k|  2 |  95k|  11 | 0.000000e+00 |      --      |    Inf |  57.97%
 2671s| 75200 |   134 | 28971k| 385.2 |   316M |  39 |1101 |  10k|3087 | 286k|  2 |  95k|  11 | 0.000000e+00 |      --      |    Inf |  57.97%
 time | node  | left  |LP iter|LP it/n|mem/heur|mdpt |vars |cons |rows |cuts |sepa|confs|strbr|  dualbound   | primalbound  |  gap   | compl. 
 2676s| 75300 |   139 | 29022k| 385.4 |   316M |  39 |1101 |  10k|3186 | 286k|  2 |  95k|  11 | 0.000000e+00 |      --      |    Inf |  57.97%
 2681s| 75400 |   136 | 29078k| 385.6 |   316M |  39 |1101 |  10k|   0 | 287k|  0 |  95k|  11 | 0.000000e+00 |      --      |    Inf |  59.53%
 2687s| 75500 |   142 | 29134k| 385.8 |   317M |  39 |1101 |  10k|3102 | 288k|  0 |  95k|  11 | 0.000000e+00 |      --      |    Inf |  59.71%
 2692s| 75600 |   144 | 29184k| 386.0 |   317M |  39 |1101 |  10k|2633 | 289k|  2 |  95k|  11 | 0.000000e+00 |      --      |    Inf |  59.71%
 2697s| 75700 |   147 | 29234k| 386.1 |   317M |  39 |1101 |  10k|2736 | 290k|  2 |  96k|  11 | 0.000000e+00 |      --      |    Inf |  59.77%
 2702s| 75800 |   140 | 29285k| 386.3 |   317M |  39 |1101 |  10k|2864 | 291k|  0 |  96k|  11 | 0.000000e+00 |      --      |    Inf |  59.77%
 2707s| 75900 |   148 | 29335k| 386.5 |   317M |  39 |1101 |  10k|3063 | 292k|  0 |  96k|  11 | 0.000000e+00 |      --      |    Inf |  59.84%
 2714s| 76000 |   156 | 29401k| 386.8 |   317M |  39 |1101 |  10k|3214 | 293k|  0 |  96k|  11 | 0.000000e+00 |      --      |    Inf |  59.84%
 2720s| 76100 |   154 | 29464k| 387.1 |   317M |  39 |1101 |  10k|   0 | 293k|  0 |  96k|  11 | 0.000000e+00 |      --      |    Inf |  59.84%
 2727s| 76200 |   149 | 29532k| 387.5 |   317M |  39 |1101 |  10k|   0 | 295k|  0 |  96k|  11 | 0.000000e+00 |      --      |    Inf |  60.29%
 2735s| 76300 |   165 | 29605k| 388.0 |   317M |  39 |1101 |  10k|3363 | 296k|  0 |  96k|  11 | 0.000000e+00 |      --      |    Inf |  60.29%
 2740s| 76400 |   170 | 29658k| 388.2 |   317M |  39 |1101 |  10k|3344 | 297k|  1 |  96k|  11 | 0.000000e+00 |      --      |    Inf |  60.29%
 2746s| 76500 |   166 | 29713k| 388.4 |   317M |  39 |1101 |  10k|3386 | 297k|  1 |  97k|  11 | 0.000000e+00 |      --      |    Inf |  60.29%
 2752s| 76600 |   162 | 29770k| 388.6 |   317M |  39 |1101 |  10k|2995 | 297k|  2 |  97k|  11 | 0.000000e+00 |      --      |    Inf |  60.29%
 2758s| 76700 |   161 | 29836k| 389.0 |   317M |  39 |1101 |  10k|3357 | 298k|  0 |  97k|  11 | 0.000000e+00 |      --      |    Inf |  60.29%
 time | node  | left  |LP iter|LP it/n|mem/heur|mdpt |vars |cons |rows |cuts |sepa|confs|strbr|  dualbound   | primalbound  |  gap   | compl. 
 2765s| 76800 |   158 | 29900k| 389.3 |   317M |  39 |1101 |  10k|3340 | 298k|  2 |  97k|  11 | 0.000000e+00 |      --      |    Inf |  60.29%
 2772s| 76900 |   157 | 29965k| 389.6 |   317M |  39 |1101 |  10k|3388 | 299k|  0 |  97k|  11 | 0.000000e+00 |      --      |    Inf |  60.29%
 2779s| 77000 |   153 | 30029k| 389.9 |   317M |  39 |1101 |  10k|2972 | 299k|  2 |  97k|  11 | 0.000000e+00 |      --      |    Inf |  60.30%
 2785s| 77100 |   155 | 30094k| 390.3 |   317M |  39 |1101 |  10k|3036 | 300k|  2 |  97k|  11 | 0.000000e+00 |      --      |    Inf |  60.30%
 2792s| 77200 |   165 | 30162k| 390.7 |   317M |  39 |1101 |  10k|2921 | 301k|  2 |  98k|  11 | 0.000000e+00 |      --      |    Inf |  60.30%
 2798s| 77300 |   175 | 30218k| 390.9 |   318M |  39 |1101 |  10k|2932 | 302k|  0 |  98k|  11 | 0.000000e+00 |      --      |    Inf |  60.30%
 2802s| 77400 |   175 | 30262k| 390.9 |   318M |  39 |1101 |  10k|   0 | 302k|  0 |  98k|  11 | 0.000000e+00 |      --      |    Inf |  60.30%
 2809s| 77500 |   170 | 30336k| 391.4 |   318M |  39 |1101 |  10k|3093 | 303k|  0 |  98k|  11 | 0.000000e+00 |      --      |    Inf |  60.31%
 2816s| 77600 |   171 | 30402k| 391.7 |   318M |  39 |1101 |  10k|2980 | 304k|  2 |  98k|  11 | 0.000000e+00 |      --      |    Inf |  60.31%
 2821s| 77700 |   169 | 30451k| 391.9 |   318M |  39 |1101 |  10k|2801 | 305k|  2 |  98k|  11 | 0.000000e+00 |      --      |    Inf |  60.31%
 2827s| 77800 |   164 | 30514k| 392.2 |   318M |  39 |1101 |  10k|   0 | 306k|  0 |  99k|  11 | 0.000000e+00 |      --      |    Inf |  60.31%
 2832s| 77900 |   160 | 30565k| 392.3 |   318M |  39 |1101 |  10k|2618 | 306k|  2 |  99k|  11 | 0.000000e+00 |      --      |    Inf |  60.36%
 2837s| 78000 |   164 | 30619k| 392.5 |   318M |  39 |1101 |  10k|2908 | 307k|  2 |  99k|  11 | 0.000000e+00 |      --      |    Inf |  60.42%
 2841s| 78100 |   162 | 30654k| 392.5 |   318M |  39 |1101 |  10k|2883 | 308k|  2 |  99k|  11 | 0.000000e+00 |      --      |    Inf |  60.42%
 2845s| 78200 |   154 | 30698k| 392.5 |   318M |  39 |1101 |  10k|2975 | 309k|  0 |  99k|  11 | 0.000000e+00 |      --      |    Inf |  60.42%
 time | node  | left  |LP iter|LP it/n|mem/heur|mdpt |vars |cons |rows |cuts |sepa|confs|strbr|  dualbound   | primalbound  |  gap   | compl. 
 2850s| 78300 |   155 | 30746k| 392.6 |   318M |  39 |1101 |  10k|   0 | 309k|  0 |  99k|  11 | 0.000000e+00 |      --      |    Inf |  60.43%
 2855s| 78400 |   155 | 30797k| 392.8 |   318M |  39 |1101 |  10k|3236 | 309k|  1 |  99k|  11 | 0.000000e+00 |      --      |    Inf |  60.43%
 2860s| 78500 |   155 | 30856k| 393.0 |   318M |  39 |1101 |  10k|2849 | 310k|  2 | 100k|  11 | 0.000000e+00 |      --      |    Inf |  60.45%
 2867s| 78600 |   153 | 30919k| 393.3 |   318M |  39 |1101 |  10k|3109 | 312k|  2 | 100k|  11 | 0.000000e+00 |      --      |    Inf |  60.78%
 2872s| 78700 |   158 | 30970k| 393.5 |   318M |  39 |1101 |  10k|2905 | 313k|  2 | 100k|  11 | 0.000000e+00 |      --      |    Inf |  60.78%
 2875s| 78800 |   162 | 31008k| 393.5 |   318M |  39 |1101 |  10k|3051 | 314k|  1 | 100k|  11 | 0.000000e+00 |      --      |    Inf |  60.79%
 2880s| 78900 |   159 | 31054k| 393.6 |   318M |  39 |1101 |  10k|3116 | 314k|  0 | 100k|  11 | 0.000000e+00 |      --      |    Inf |  60.84%
 2886s| 79000 |   160 | 31122k| 393.9 |   318M |  39 |1101 |  10k|   0 | 316k|  0 | 100k|  11 | 0.000000e+00 |      --      |    Inf |  60.97%
 2893s| 79100 |   169 | 31187k| 394.2 |   318M |  39 |1101 |  10k|3400 | 317k|  1 | 101k|  11 | 0.000000e+00 |      --      |    Inf |  61.00%
 2898s| 79200 |   165 | 31234k| 394.3 |   318M |  39 |1101 |  10k|3188 | 317k|  0 | 101k|  11 | 0.000000e+00 |      --      |    Inf |  61.00%
 2903s| 79300 |   167 | 31283k| 394.5 |   318M |  39 |1101 |  10k|3111 | 317k|  1 | 101k|  11 | 0.000000e+00 |      --      |    Inf |  61.00%
 2907s| 79400 |   188 | 31331k| 394.6 |   318M |  39 |1101 |  10k|3036 | 318k|  0 | 101k|  11 | 0.000000e+00 |      --      |    Inf |  61.00%
 2913s| 79500 |   176 | 31386k| 394.8 |   318M |  39 |1101 |  10k|3379 | 319k|  2 | 101k|  11 | 0.000000e+00 |      --      |    Inf |  61.00%
 2918s| 79600 |   176 | 31439k| 394.9 |   318M |  39 |1101 |  10k|3007 | 319k|  2 | 101k|  11 | 0.000000e+00 |      --      |    Inf |  61.00%
 2923s| 79700 |   174 | 31490k| 395.1 |   318M |  39 |1101 |  10k|3260 | 320k|  0 | 101k|  11 | 0.000000e+00 |      --      |    Inf |  61.00%
 time | node  | left  |LP iter|LP it/n|mem/heur|mdpt |vars |cons |rows |cuts |sepa|confs|strbr|  dualbound   | primalbound  |  gap   | compl. 
 2928s| 79800 |   177 | 31541k| 395.2 |   318M |  39 |1101 |  10k|3225 | 321k|  2 | 102k|  11 | 0.000000e+00 |      --      |    Inf |  61.01%
 2933s| 79900 |   176 | 31588k| 395.3 |   318M |  39 |1101 |  10k|   0 | 321k|  0 | 102k|  11 | 0.000000e+00 |      --      |    Inf |  61.01%
 2936s| 80000 |   177 | 31622k| 395.2 |   318M |  39 |1101 |  10k|2622 | 322k|  0 | 102k|  11 | 0.000000e+00 |      --      |    Inf |  61.04%
 2939s| 80100 |   174 | 31654k| 395.1 |   318M |  39 |1101 |  10k|2662 | 322k|  2 | 102k|  11 | 0.000000e+00 |      --      |    Inf |  61.16%
 2943s| 80200 |   177 | 31697k| 395.2 |   318M |  39 |1101 |  10k|2884 | 323k|  0 | 102k|  11 | 0.000000e+00 |      --      |    Inf |  61.18%
 2947s| 80300 |   174 | 31736k| 395.2 |   318M |  39 |1101 |  10k|2609 | 324k|  0 | 102k|  11 | 0.000000e+00 |      --      |    Inf |  61.19%
 2950s| 80400 |   177 | 31776k| 395.2 |   318M |  39 |1101 |  10k|   0 | 324k|  0 | 102k|  11 | 0.000000e+00 |      --      |    Inf |  61.24%
 2954s| 80500 |   176 | 31821k| 395.3 |   318M |  39 |1101 |  10k|2686 | 325k|  0 | 103k|  11 | 0.000000e+00 |      --      |    Inf |  61.32%
 2959s| 80600 |   181 | 31873k| 395.4 |   318M |  39 |1101 |  10k|2890 | 326k|  0 | 103k|  11 | 0.000000e+00 |      --      |    Inf |  61.35%
 2964s| 80700 |   177 | 31930k| 395.6 |   318M |  39 |1101 |  10k|2848 | 327k|  2 | 103k|  11 | 0.000000e+00 |      --      |    Inf |  61.36%
 2969s| 80800 |   173 | 31982k| 395.8 |   318M |  39 |1101 |  10k|2610 | 328k|  2 | 103k|  11 | 0.000000e+00 |      --      |    Inf |  61.37%
 2972s| 80900 |   174 | 32019k| 395.7 |   318M |  39 |1101 |  10k|3177 | 329k|  2 | 103k|  11 | 0.000000e+00 |      --      |    Inf |  61.79%
 2977s| 81000 |   174 | 32065k| 395.8 |   319M |  39 |1101 |  10k|3150 | 329k|  0 | 103k|  11 | 0.000000e+00 |      --      |    Inf |  62.09%
 2982s| 81100 |   172 | 32118k| 396.0 |   319M |  39 |1101 |  10k|2959 | 330k|  0 | 103k|  11 | 0.000000e+00 |      --      |    Inf |  62.13%
 2986s| 81200 |   175 | 32164k| 396.1 |   319M |  39 |1101 |  10k|2864 | 331k|  0 | 104k|  11 | 0.000000e+00 |      --      |    Inf |  62.32%
 time | node  | left  |LP iter|LP it/n|mem/heur|mdpt |vars |cons |rows |cuts |sepa|confs|strbr|  dualbound   | primalbound  |  gap   | compl. 
 2991s| 81300 |   173 | 32211k| 396.2 |   319M |  39 |1101 |  10k|2974 | 332k|  1 | 104k|  11 | 0.000000e+00 |      --      |    Inf |  62.37%
 2995s| 81400 |   179 | 32255k| 396.2 |   320M |  39 |1101 |  10k|3184 | 333k|  1 | 104k|  11 | 0.000000e+00 |      --      |    Inf |  62.38%
 2999s| 81500 |   176 | 32296k| 396.2 |   320M |  39 |1101 |  10k|3156 | 333k|  0 | 104k|  11 | 0.000000e+00 |      --      |    Inf |  62.40%
 3005s| 81600 |   176 | 32353k| 396.4 |   320M |  39 |1101 |  10k|2923 | 334k|  2 | 104k|  11 | 0.000000e+00 |      --      |    Inf |  62.42%
 3008s| 81700 |   176 | 32388k| 396.4 |   320M |  39 |1101 |  10k|2822 | 335k|  1 | 104k|  11 | 0.000000e+00 |      --      |    Inf |  62.44%
 3013s| 81800 |   177 | 32437k| 396.5 |   320M |  39 |1101 |  10k|3104 | 336k|  2 | 104k|  11 | 0.000000e+00 |      --      |    Inf |  62.44%
 3018s| 81900 |   183 | 32486k| 396.6 |   320M |  39 |1101 |  10k|   0 | 336k|  0 | 104k|  11 | 0.000000e+00 |      --      |    Inf |  62.44%
 3022s| 82000 |   182 | 32526k| 396.6 |   320M |  39 |1101 |  10k|3099 | 337k|  2 | 105k|  11 | 0.000000e+00 |      --      |    Inf |  62.44%
 3027s| 82100 |   180 | 32575k| 396.7 |   320M |  39 |1101 |  10k|2854 | 337k|  2 | 105k|  11 | 0.000000e+00 |      --      |    Inf |  62.44%
 3033s| 82200 |   179 | 32640k| 397.0 |   320M |  39 |1101 |  10k|2968 | 338k|  2 | 105k|  11 | 0.000000e+00 |      --      |    Inf |  62.46%
 3040s| 82300 |   177 | 32713k| 397.4 |   320M |  39 |1101 |  10k|2955 | 340k|  0 | 105k|  11 | 0.000000e+00 |      --      |    Inf |  62.47%
 3045s| 82400 |   179 | 32761k| 397.5 |   320M |  39 |1101 |  10k|2919 | 341k|  2 | 105k|  11 | 0.000000e+00 |      --      |    Inf |  62.48%
 3051s| 82500 |   179 | 32821k| 397.8 |   320M |  39 |1101 |  10k|3111 | 342k|  0 | 105k|  11 | 0.000000e+00 |      --      |    Inf |  62.48%
 3056s| 82600 |   191 | 32875k| 398.0 |   320M |  39 |1101 |  10k|3141 | 343k|  2 | 105k|  11 | 0.000000e+00 |      --      |    Inf |  62.48%
 3061s| 82700 |   188 | 32922k| 398.1 |   320M |  39 |1101 |  10k|3263 | 343k|  1 | 106k|  11 | 0.000000e+00 |      --      |    Inf |  62.48%
 time | node  | left  |LP iter|LP it/n|mem/heur|mdpt |vars |cons |rows |cuts |sepa|confs|strbr|  dualbound   | primalbound  |  gap   | compl. 
 3064s| 82800 |   184 | 32950k| 397.9 |   320M |  39 |1101 |  10k|   0 | 343k|  0 | 106k|  11 | 0.000000e+00 |      --      |    Inf |  62.48%
 3069s| 82900 |   190 | 33002k| 398.1 |   320M |  39 |1101 |  10k|3146 | 344k|  0 | 106k|  11 | 0.000000e+00 |      --      |    Inf |  62.48%
 3074s| 83000 |   189 | 33049k| 398.1 |   320M |  39 |1101 |  10k|3096 | 344k|  1 | 106k|  11 | 0.000000e+00 |      --      |    Inf |  62.49%
 3079s| 83100 |   186 | 33100k| 398.3 |   320M |  39 |1101 |  10k|3026 | 344k|  0 | 106k|  11 | 0.000000e+00 |      --      |    Inf |  62.49%
 3083s| 83200 |   183 | 33145k| 398.3 |   320M |  39 |1101 |  10k|2445 | 345k|  2 | 106k|  11 | 0.000000e+00 |      --      |    Inf |  62.49%
 3090s| 83300 |   181 | 33205k| 398.6 |   320M |  39 |1101 |  10k|3426 | 345k|  0 | 106k|  11 | 0.000000e+00 |      --      |    Inf |  62.88%
 3095s| 83400 |   181 | 33257k| 398.7 |   320M |  39 |1101 |  10k|   0 | 346k|  0 | 107k|  11 | 0.000000e+00 |      --      |    Inf |  62.91%
 3102s| 83500 |   191 | 33326k| 399.1 |   320M |  39 |1101 |  10k|2937 | 347k|  2 | 107k|  11 | 0.000000e+00 |      --      |    Inf |  62.91%
 3107s| 83600 |   194 | 33375k| 399.2 |   320M |  39 |1101 |  10k|3335 | 347k|  0 | 107k|  11 | 0.000000e+00 |      --      |    Inf |  62.91%
 3112s| 83700 |   191 | 33428k| 399.3 |   320M |  39 |1101 |  10k|3040 | 348k|  1 | 107k|  11 | 0.000000e+00 |      --      |    Inf |  62.91%
 3117s| 83800 |   184 | 33475k| 399.4 |   320M |  39 |1101 |  10k|   0 | 349k|  0 | 107k|  11 | 0.000000e+00 |      --      |    Inf |  62.91%
 3122s| 83900 |   186 | 33521k| 399.5 |   320M |  39 |1101 |  10k|2839 | 349k|  2 | 107k|  11 | 0.000000e+00 |      --      |    Inf |  62.92%
 3127s| 84000 |   185 | 33572k| 399.6 |   320M |  39 |1101 |  10k|2858 | 350k|  2 | 107k|  11 | 0.000000e+00 |      --      |    Inf |  62.92%
 3132s| 84100 |   193 | 33620k| 399.7 |   320M |  39 |1101 |  10k|3016 | 351k|  2 | 107k|  11 | 0.000000e+00 |      --      |    Inf |  62.93%
 3136s| 84200 |   185 | 33661k| 399.7 |   320M |  39 |1101 |  10k|2871 | 352k|  2 | 108k|  11 | 0.000000e+00 |      --      |    Inf |  63.33%
 time | node  | left  |LP iter|LP it/n|mem/heur|mdpt |vars |cons |rows |cuts |sepa|confs|strbr|  dualbound   | primalbound  |  gap   | compl. 
 3140s| 84300 |   196 | 33710k| 399.8 |   320M |  39 |1101 |  10k|2607 | 353k|  2 | 108k|  11 | 0.000000e+00 |      --      |    Inf |  63.34%
 3145s| 84400 |   186 | 33755k| 399.9 |   320M |  39 |1101 |  10k|2796 | 354k|  0 | 108k|  11 | 0.000000e+00 |      --      |    Inf |  63.77%
 3148s| 84500 |   183 | 33796k| 399.9 |   320M |  39 |1101 |  10k|   0 | 355k|  0 | 108k|  11 | 0.000000e+00 |      --      |    Inf |  63.81%
 3153s| 84600 |   188 | 33841k| 400.0 |   321M |  39 |1101 |9963 |2626 | 356k|  2 | 108k|  11 | 0.000000e+00 |      --      |    Inf |  63.99%
 3156s| 84700 |   185 | 33880k| 400.0 |   321M |  39 |1101 |9727 |   0 | 357k|  0 | 108k|  11 | 0.000000e+00 |      --      |    Inf |  64.25%
 3161s| 84800 |   192 | 33933k| 400.1 |   321M |  39 |1101 |9776 |2756 | 358k|  2 | 108k|  11 | 0.000000e+00 |      --      |    Inf |  64.29%
 3166s| 84900 |   186 | 33981k| 400.2 |   321M |  39 |1101 |9908 |   0 | 359k|  0 | 108k|  11 | 0.000000e+00 |      --      |    Inf |  64.30%
 3171s| 85000 |   180 | 34029k| 400.3 |   321M |  39 |1101 |  10k|2921 | 360k|  0 | 109k|  11 | 0.000000e+00 |      --      |    Inf |  64.30%
 3176s| 85100 |   176 | 34084k| 400.5 |   321M |  39 |1101 |  10k|3333 | 361k|  0 | 109k|  11 | 0.000000e+00 |      --      |    Inf |  64.42%
 3181s| 85200 |   170 | 34137k| 400.6 |   321M |  39 |1101 |  10k|2830 | 361k|  0 | 109k|  11 | 0.000000e+00 |      --      |    Inf |  64.42%
 3185s| 85300 |   169 | 34176k| 400.6 |   321M |  39 |1101 |  10k|3061 | 362k|  1 | 109k|  11 | 0.000000e+00 |      --      |    Inf |  64.49%
 3191s| 85400 |   172 | 34231k| 400.8 |   321M |  39 |1101 |  10k|2936 | 362k|  0 | 109k|  11 | 0.000000e+00 |      --      |    Inf |  64.51%
 3195s| 85500 |   172 | 34273k| 400.8 |   321M |  39 |1101 |  10k|   0 | 363k|  0 | 109k|  11 | 0.000000e+00 |      --      |    Inf |  64.55%
 3201s| 85600 |   172 | 34330k| 401.0 |   321M |  39 |1101 |  10k|3158 | 364k|  2 | 110k|  11 | 0.000000e+00 |      --      |    Inf |  64.56%
 3206s| 85700 |   171 | 34381k| 401.1 |   321M |  39 |1101 |  10k|2891 | 365k|  2 | 110k|  11 | 0.000000e+00 |      --      |    Inf |  64.57%
 time | node  | left  |LP iter|LP it/n|mem/heur|mdpt |vars |cons |rows |cuts |sepa|confs|strbr|  dualbound   | primalbound  |  gap   | compl. 
 3211s| 85800 |   178 | 34439k| 401.4 |   322M |  39 |1101 |  10k|   0 | 366k|  0 | 110k|  11 | 0.000000e+00 |      --      |    Inf |  64.59%
 3217s| 85900 |   180 | 34494k| 401.5 |   322M |  39 |1101 |  10k|3135 | 366k|  0 | 110k|  11 | 0.000000e+00 |      --      |    Inf |  64.59%
 3221s| 86000 |   178 | 34538k| 401.6 |   322M |  39 |1101 |  10k|3054 | 367k|  2 | 110k|  11 | 0.000000e+00 |      --      |    Inf |  64.59%
 3226s| 86100 |   173 | 34592k| 401.7 |   322M |  39 |1101 |  10k|   0 | 367k|  0 | 110k|  11 | 0.000000e+00 |      --      |    Inf |  64.59%
 3231s| 86200 |   170 | 34645k| 401.9 |   322M |  39 |1101 |  10k|2991 | 368k|  2 | 110k|  11 | 0.000000e+00 |      --      |    Inf |  64.60%
 3236s| 86300 |   171 | 34688k| 401.9 |   322M |  39 |1101 |  10k|3046 | 369k|  1 | 110k|  11 | 0.000000e+00 |      --      |    Inf |  64.60%
 3240s| 86400 |   172 | 34732k| 402.0 |   322M |  39 |1101 |  10k|3064 | 369k|  0 | 111k|  11 | 0.000000e+00 |      --      |    Inf |  64.60%
 3246s| 86500 |   168 | 34791k| 402.2 |   322M |  39 |1101 |  10k|2714 | 370k|  2 | 111k|  11 | 0.000000e+00 |      --      |    Inf |  64.66%
 3251s| 86600 |   166 | 34839k| 402.3 |   322M |  39 |1101 |  10k|3078 | 371k|  0 | 111k|  11 | 0.000000e+00 |      --      |    Inf |  64.68%
 3256s| 86700 |   166 | 34890k| 402.4 |   322M |  39 |1101 |  10k|3126 | 372k|  2 | 111k|  11 | 0.000000e+00 |      --      |    Inf |  64.68%
 3260s| 86800 |   169 | 34937k| 402.5 |   322M |  39 |1101 |  10k|3058 | 372k|  2 | 111k|  11 | 0.000000e+00 |      --      |    Inf |  64.69%
 3267s| 86900 |   162 | 35004k| 402.8 |   322M |  39 |1101 |  10k|3155 | 373k|  0 | 111k|  11 | 0.000000e+00 |      --      |    Inf |  64.69%
 3272s| 87000 |   161 | 35059k| 402.9 |   322M |  39 |1101 |  10k|   0 | 374k|  0 | 111k|  11 | 0.000000e+00 |      --      |    Inf |  64.69%
 3278s| 87100 |   161 | 35118k| 403.2 |   322M |  39 |1101 |  10k|3062 | 374k|  0 | 112k|  11 | 0.000000e+00 |      --      |    Inf |  64.89%
 3283s| 87200 |   156 | 35164k| 403.2 |   322M |  39 |1101 |  10k|3299 | 375k|  0 | 112k|  11 | 0.000000e+00 |      --      |    Inf |  64.89%
 time | node  | left  |LP iter|LP it/n|mem/heur|mdpt |vars |cons |rows |cuts |sepa|confs|strbr|  dualbound   | primalbound  |  gap   | compl. 
 3289s| 87300 |   158 | 35225k| 403.5 |   322M |  39 |1101 |  10k|   0 | 376k|  0 | 112k|  11 | 0.000000e+00 |      --      |    Inf |  64.90%
 3294s| 87400 |   163 | 35273k| 403.5 |   322M |  39 |1101 |  10k|   0 | 376k|  0 | 112k|  11 | 0.000000e+00 |      --      |    Inf |  64.90%
 3299s| 87500 |   157 | 35322k| 403.6 |   322M |  39 |1101 |  10k|3102 | 377k|  0 | 112k|  11 | 0.000000e+00 |      --      |    Inf |  64.92%
 3304s| 87600 |   162 | 35374k| 403.8 |   322M |  39 |1101 |  10k|   0 | 378k|  0 | 112k|  11 | 0.000000e+00 |      --      |    Inf |  64.93%
 3309s| 87700 |   155 | 35426k| 403.9 |   322M |  39 |1101 |  10k|3091 | 379k|  0 | 112k|  11 | 0.000000e+00 |      --      |    Inf |  64.99%
 3313s| 87800 |   156 | 35469k| 403.9 |   322M |  39 |1101 |  10k|3169 | 379k|  0 | 112k|  11 | 0.000000e+00 |      --      |    Inf |  65.00%
 3320s| 87900 |   155 | 35533k| 404.2 |   322M |  39 |1101 |  10k|   0 | 380k|  0 | 113k|  11 | 0.000000e+00 |      --      |    Inf |  65.00%
 3324s| 88000 |   158 | 35579k| 404.3 |   322M |  39 |1101 |  10k|3176 | 380k|  1 | 113k|  11 | 0.000000e+00 |      --      |    Inf |  65.00%
 3328s| 88100 |   154 | 35623k| 404.3 |   322M |  39 |1101 |  10k|3186 | 380k|  0 | 113k|  11 | 0.000000e+00 |      --      |    Inf |  65.10%
 3333s| 88200 |   155 | 35669k| 404.4 |   322M |  39 |1101 |  10k|3294 | 381k|  2 | 113k|  11 | 0.000000e+00 |      --      |    Inf |  65.10%
 3338s| 88300 |   152 | 35716k| 404.4 |   322M |  39 |1101 |  10k|3109 | 381k|  1 | 113k|  11 | 0.000000e+00 |      --      |    Inf |  65.10%
 3343s| 88400 |   149 | 35771k| 404.6 |   322M |  39 |1101 |  10k|3176 | 382k|  2 | 113k|  11 | 0.000000e+00 |      --      |    Inf |  65.11%
 3349s| 88500 |   151 | 35834k| 404.9 |   322M |  39 |1101 |  10k|2970 | 383k|  2 | 114k|  11 | 0.000000e+00 |      --      |    Inf |  65.22%
 3356s| 88600 |   146 | 35897k| 405.1 |   323M |  39 |1101 |  10k|2805 | 384k|  2 | 114k|  11 | 0.000000e+00 |      --      |    Inf |  66.48%
 3361s| 88700 |   150 | 35954k| 405.3 |   323M |  39 |1101 |  10k|2971 | 385k|  2 | 114k|  11 | 0.000000e+00 |      --      |    Inf |  66.48%
 time | node  | left  |LP iter|LP it/n|mem/heur|mdpt |vars |cons |rows |cuts |sepa|confs|strbr|  dualbound   | primalbound  |  gap   | compl. 
 3366s| 88800 |   149 | 36008k| 405.5 |   323M |  39 |1101 |  10k|3249 | 385k|  0 | 114k|  11 | 0.000000e+00 |      --      |    Inf |  66.48%
 3372s| 88900 |   149 | 36064k| 405.6 |   323M |  39 |1101 |  10k|2560 | 387k|  2 | 114k|  11 | 0.000000e+00 |      --      |    Inf |  66.52%
 3378s| 89000 |   154 | 36122k| 405.8 |   323M |  39 |1101 |  10k|2944 | 388k|  0 | 114k|  11 | 0.000000e+00 |      --      |    Inf |  66.55%
 3383s| 89100 |   157 | 36181k| 406.0 |   323M |  39 |1101 |  10k|3047 | 389k|  2 | 114k|  11 | 0.000000e+00 |      --      |    Inf |  66.57%
 3389s| 89200 |   154 | 36235k| 406.2 |   323M |  39 |1101 |  10k|3156 | 389k|  0 | 115k|  11 | 0.000000e+00 |      --      |    Inf |  66.58%
 3394s| 89300 |   150 | 36292k| 406.4 |   323M |  39 |1101 |  10k|   0 | 391k|  0 | 115k|  11 | 0.000000e+00 |      --      |    Inf |  66.60%
 3399s| 89400 |   152 | 36347k| 406.5 |   323M |  39 |1101 |  10k|3153 | 391k|  2 | 115k|  11 | 0.000000e+00 |      --      |    Inf |  66.62%
 3403s| 89500 |   151 | 36391k| 406.6 |   323M |  39 |1101 |  10k|2884 | 392k|  2 | 115k|  11 | 0.000000e+00 |      --      |    Inf |  66.62%
 3409s| 89600 |   145 | 36445k| 406.7 |   323M |  39 |1101 |  10k|3069 | 393k|  0 | 115k|  11 | 0.000000e+00 |      --      |    Inf |  66.63%
 3414s| 89700 |   161 | 36496k| 406.8 |   323M |  39 |1101 |  10k|3161 | 394k|  2 | 115k|  11 | 0.000000e+00 |      --      |    Inf |  66.65%
 3419s| 89800 |   166 | 36547k| 406.9 |   323M |  39 |1101 |  10k|3417 | 394k|  2 | 115k|  11 | 0.000000e+00 |      --      |    Inf |  66.65%
 3424s| 89900 |   159 | 36598k| 407.1 |   323M |  39 |1101 |  10k|3152 | 394k|  2 | 116k|  11 | 0.000000e+00 |      --      |    Inf |  66.65%
 3430s| 90000 |   164 | 36657k| 407.3 |   323M |  39 |1101 |  10k|   0 | 395k|  0 | 116k|  11 | 0.000000e+00 |      --      |    Inf |  66.65%
 3435s| 90100 |   169 | 36712k| 407.4 |   323M |  39 |1101 |  10k|2800 | 396k|  0 | 116k|  11 | 0.000000e+00 |      --      |    Inf |  66.68%
 3440s| 90200 |   161 | 36764k| 407.5 |   323M |  39 |1101 |  10k|2656 | 397k|  2 | 116k|  11 | 0.000000e+00 |      --      |    Inf |  66.74%
 time | node  | left  |LP iter|LP it/n|mem/heur|mdpt |vars |cons |rows |cuts |sepa|confs|strbr|  dualbound   | primalbound  |  gap   | compl. 
 3445s| 90300 |   160 | 36818k| 407.7 |   323M |  39 |1101 |  10k|2778 | 398k|  1 | 116k|  11 | 0.000000e+00 |      --      |    Inf |  66.79%
 3449s| 90400 |   160 | 36864k| 407.7 |   323M |  39 |1101 |  10k|3167 | 399k|  2 | 116k|  11 | 0.000000e+00 |      --      |    Inf |  66.81%
 3455s| 90500 |   158 | 36916k| 407.9 |   323M |  39 |1101 |  10k|3415 | 400k|  0 | 116k|  11 | 0.000000e+00 |      --      |    Inf |  66.83%
 3460s| 90600 |   153 | 36969k| 408.0 |   323M |  39 |1101 |  10k|2840 | 400k|  0 | 117k|  11 | 0.000000e+00 |      --      |    Inf |  66.83%
 3464s| 90700 |   154 | 37012k| 408.0 |   323M |  39 |1101 |  10k|3026 | 401k|  0 | 117k|  11 | 0.000000e+00 |      --      |    Inf |  66.95%
 3468s| 90800 |   153 | 37057k| 408.1 |   323M |  39 |1101 |  10k|3092 | 402k|  2 | 117k|  11 | 0.000000e+00 |      --      |    Inf |  66.95%
 3473s| 90900 |   156 | 37106k| 408.2 |   323M |  39 |1101 |  10k|3064 | 402k|  1 | 117k|  11 | 0.000000e+00 |      --      |    Inf |  66.95%
 3477s| 91000 |   150 | 37152k| 408.2 |   323M |  39 |1101 |  10k|3101 | 402k|  2 | 117k|  11 | 0.000000e+00 |      --      |    Inf |  66.95%
 3481s| 91100 |   150 | 37189k| 408.2 |   323M |  39 |1101 |  10k|   0 | 403k|  0 | 117k|  11 | 0.000000e+00 |      --      |    Inf |  66.95%
 3486s| 91200 |   156 | 37237k| 408.3 |   323M |  39 |1101 |  10k|3344 | 403k|  2 | 117k|  11 | 0.000000e+00 |      --      |    Inf |  67.00%
 3491s| 91300 |   155 | 37292k| 408.4 |   323M |  39 |1101 |  10k|   0 | 404k|  0 | 118k|  11 | 0.000000e+00 |      --      |    Inf |  67.00%
 3497s| 91400 |   153 | 37352k| 408.6 |   323M |  39 |1101 |  10k|3300 | 404k|  2 | 118k|  11 | 0.000000e+00 |      --      |    Inf |  67.00%
 3504s| 91500 |   154 | 37412k| 408.8 |   323M |  39 |1101 |  10k|3290 | 404k|  2 | 118k|  11 | 0.000000e+00 |      --      |    Inf |  67.00%
 3509s| 91600 |   148 | 37467k| 409.0 |   323M |  39 |1101 |  10k|3075 | 405k|  2 | 118k|  11 | 0.000000e+00 |      --      |    Inf |  67.00%
 3514s| 91700 |   149 | 37515k| 409.1 |   323M |  39 |1101 |  10k|2747 | 406k|  0 | 118k|  11 | 0.000000e+00 |      --      |    Inf |  67.01%
 time | node  | left  |LP iter|LP it/n|mem/heur|mdpt |vars |cons |rows |cuts |sepa|confs|strbr|  dualbound   | primalbound  |  gap   | compl. 
 3520s| 91800 |   152 | 37570k| 409.2 |   323M |  39 |1101 |  10k|2905 | 407k|  0 | 118k|  11 | 0.000000e+00 |      --      |    Inf |  67.04%
 3527s| 91900 |   150 | 37622k| 409.3 |   323M |  39 |1101 |  10k|2933 | 407k|  0 | 119k|  11 | 0.000000e+00 |      --      |    Inf |  67.04%
 3533s| 92000 |   147 | 37677k| 409.5 |   323M |  39 |1101 |  10k|3023 | 408k|  0 | 119k|  11 | 0.000000e+00 |      --      |    Inf |  67.06%
 3539s| 92100 |   152 | 37732k| 409.7 |   323M |  39 |1101 |  10k|   0 | 409k|  0 | 119k|  11 | 0.000000e+00 |      --      |    Inf |  67.09%
 3545s| 92200 |   152 | 37790k| 409.8 |   323M |  39 |1101 |  10k|3101 | 409k|  0 | 119k|  11 | 0.000000e+00 |      --      |    Inf |  67.09%
 3550s| 92300 |   153 | 37839k| 409.9 |   323M |  39 |1101 |  10k|3114 | 409k|  0 | 119k|  11 | 0.000000e+00 |      --      |    Inf |  67.09%
 3556s| 92400 |   154 | 37889k| 410.0 |   323M |  39 |1101 |  10k|3165 | 410k|  2 | 119k|  11 | 0.000000e+00 |      --      |    Inf |  67.10%
 3561s| 92500 |   154 | 37932k| 410.0 |   323M |  39 |1101 |  10k|3118 | 410k|  0 | 119k|  11 | 0.000000e+00 |      --      |    Inf |  67.10%
 3566s| 92600 |   156 | 37983k| 410.1 |   323M |  39 |1101 |  10k|3111 | 410k|  2 | 120k|  11 | 0.000000e+00 |      --      |    Inf |  67.10%
 3571s| 92700 |   150 | 38027k| 410.2 |   323M |  39 |1101 |  10k|3054 | 411k|  2 | 120k|  11 | 0.000000e+00 |      --      |    Inf |  67.11%
 3577s| 92800 |   154 | 38081k| 410.3 |   323M |  39 |1101 |  10k|2755 | 412k|  0 | 120k|  11 | 0.000000e+00 |      --      |    Inf |  67.12%
 3583s| 92900 |   146 | 38136k| 410.5 |   323M |  39 |1101 |  10k|2697 | 412k|  2 | 120k|  11 | 0.000000e+00 |      --      |    Inf |  67.13%
 3588s| 93000 |   148 | 38192k| 410.6 |   323M |  39 |1101 |  10k|3191 | 413k|  2 | 120k|  11 | 0.000000e+00 |      --      |    Inf |  67.20%
 3594s| 93100 |   147 | 38251k| 410.8 |   323M |  39 |1101 |  10k|3248 | 414k|  2 | 120k|  11 | 0.000000e+00 |      --      |    Inf |  67.20%
 3600s| 93200 |   141 | 38304k| 411.0 |   323M |  39 |1101 |  10k|2844 | 415k|  2 | 120k|  11 | 0.000000e+00 |      --      |    Inf |  67.24%
 time | node  | left  |LP iter|LP it/n|mem/heur|mdpt |vars |cons |rows |cuts |sepa|confs|strbr|  dualbound   | primalbound  |  gap   | compl. 
 3606s| 93300 |   146 | 38365k| 411.2 |   323M |  39 |1101 |  10k|3132 | 416k|  0 | 120k|  11 | 0.000000e+00 |      --      |    Inf |  67.30%
 3612s| 93400 |   144 | 38421k| 411.3 |   323M |  39 |1101 |  10k|2926 | 416k|  2 | 121k|  11 | 0.000000e+00 |      --      |    Inf |  67.32%
 3617s| 93500 |   141 | 38475k| 411.5 |   323M |  39 |1101 |  10k|2969 | 417k|  2 | 121k|  11 | 0.000000e+00 |      --      |    Inf |  67.33%
 3622s| 93600 |   142 | 38523k| 411.5 |   323M |  39 |1101 |  10k|3161 | 417k|  1 | 121k|  11 | 0.000000e+00 |      --      |    Inf |  67.33%
 3627s| 93700 |   138 | 38574k| 411.6 |   323M |  39 |1101 |  10k|3129 | 418k|  0 | 121k|  11 | 0.000000e+00 |      --      |    Inf |  67.34%
 3631s| 93800 |   134 | 38617k| 411.7 |   324M |  39 |1101 |  10k|2970 | 418k|  2 | 121k|  11 | 0.000000e+00 |      --      |    Inf |  67.43%
 3636s| 93900 |   136 | 38666k| 411.7 |   324M |  39 |1101 |  10k|3032 | 419k|  0 | 121k|  11 | 0.000000e+00 |      --      |    Inf |  67.44%
 3640s| 94000 |   135 | 38712k| 411.8 |   324M |  39 |1101 |  10k|3120 | 420k|  2 | 122k|  11 | 0.000000e+00 |      --      |    Inf |  67.47%
 3644s| 94100 |   132 | 38753k| 411.8 |   324M |  39 |1101 |  10k|3110 | 420k|  2 | 122k|  11 | 0.000000e+00 |      --      |    Inf |  67.48%
 3649s| 94200 |   129 | 38806k| 411.9 |   324M |  39 |1101 |  10k|3240 | 420k|  0 | 122k|  11 | 0.000000e+00 |      --      |    Inf |  67.51%
 3654s| 94300 |   129 | 38856k| 412.0 |   324M |  39 |1101 |  10k|2923 | 421k|  0 | 122k|  11 | 0.000000e+00 |      --      |    Inf |  67.84%
 3661s| 94400 |   124 | 38920k| 412.3 |   324M |  39 |1101 |  10k|3010 | 422k|  2 | 122k|  11 | 0.000000e+00 |      --      |    Inf |  67.85%
 3668s| 94500 |   137 | 38992k| 412.6 |   325M |  39 |1101 |  10k|3477 | 423k|  2 | 122k|  11 | 0.000000e+00 |      --      |    Inf |  67.95%
 3675s| 94600 |   139 | 39055k| 412.8 |   325M |  39 |1101 |  10k|3382 | 423k|  2 | 123k|  11 | 0.000000e+00 |      --      |    Inf |  67.97%
 3680s| 94700 |   136 | 39102k| 412.9 |   325M |  39 |1101 |  10k|   0 | 424k|  0 | 123k|  11 | 0.000000e+00 |      --      |    Inf |  67.99%
 time | node  | left  |LP iter|LP it/n|mem/heur|mdpt |vars |cons |rows |cuts |sepa|confs|strbr|  dualbound   | primalbound  |  gap   | compl. 
 3687s| 94800 |   139 | 39171k| 413.2 |   326M |  39 |1101 |  10k|3297 | 424k|  2 | 123k|  11 | 0.000000e+00 |      --      |    Inf |  68.03%
 3694s| 94900 |   147 | 39238k| 413.4 |   326M |  39 |1101 |  10k|3290 | 425k|  2 | 123k|  11 | 0.000000e+00 |      --      |    Inf |  68.08%
 3700s| 95000 |   140 | 39290k| 413.5 |   326M |  39 |1101 |  10k|3372 | 425k|  0 | 123k|  11 | 0.000000e+00 |      --      |    Inf |  68.09%
 3705s| 95100 |   140 | 39349k| 413.7 |   326M |  39 |1101 |  10k|   0 | 426k|  0 | 123k|  11 | 0.000000e+00 |      --      |    Inf |  68.09%
 3710s| 95200 |   140 | 39395k| 413.8 |   326M |  39 |1101 |  10k|3094 | 426k|  2 | 123k|  11 | 0.000000e+00 |      --      |    Inf |  68.11%
 3714s| 95300 |   140 | 39440k| 413.8 |   326M |  39 |1101 |  10k|3170 | 426k|  0 | 124k|  11 | 0.000000e+00 |      --      |    Inf |  68.11%
 3719s| 95400 |   144 | 39494k| 414.0 |   327M |  39 |1101 |  10k|3504 | 427k|  2 | 124k|  11 | 0.000000e+00 |      --      |    Inf |  68.14%
 3723s| 95500 |   150 | 39542k| 414.0 |   327M |  39 |1101 |  10k|3240 | 427k|  0 | 124k|  11 | 0.000000e+00 |      --      |    Inf |  68.14%
 3728s| 95600 |   144 | 39588k| 414.1 |   327M |  39 |1101 |  10k|3492 | 428k|  2 | 124k|  11 | 0.000000e+00 |      --      |    Inf |  68.14%
 3735s| 95700 |   144 | 39638k| 414.2 |   327M |  39 |1101 |  10k|3540 | 428k|  2 | 124k|  11 | 0.000000e+00 |      --      |    Inf |  68.14%
 3744s| 95800 |   141 | 39683k| 414.2 |   327M |  39 |1101 |  10k|3508 | 428k|  0 | 124k|  11 | 0.000000e+00 |      --      |    Inf |  68.15%
 3756s| 95900 |   146 | 39735k| 414.3 |   327M |  39 |1101 |  10k|3384 | 428k|  0 | 124k|  11 | 0.000000e+00 |      --      |    Inf |  68.15%
 3768s| 96000 |   144 | 39788k| 414.4 |   327M |  39 |1101 |  10k|3486 | 428k|  0 | 124k|  11 | 0.000000e+00 |      --      |    Inf |  68.16%
 3782s| 96100 |   136 | 39850k| 414.6 |   327M |  39 |1101 |  10k|2929 | 429k|  0 | 125k|  11 | 0.000000e+00 |      --      |    Inf |  68.22%
 3795s| 96200 |   141 | 39910k| 414.8 |   327M |  39 |1101 |  10k|3265 | 430k|  0 | 125k|  11 | 0.000000e+00 |      --      |    Inf |  68.23%
 time | node  | left  |LP iter|LP it/n|mem/heur|mdpt |vars |cons |rows |cuts |sepa|confs|strbr|  dualbound   | primalbound  |  gap   | compl. 
 3808s| 96300 |   137 | 39969k| 415.0 |   327M |  39 |1101 |  10k|3233 | 430k|  0 | 125k|  11 | 0.000000e+00 |      --      |    Inf |  68.24%
 3819s| 96400 |   134 | 40023k| 415.1 |   327M |  39 |1101 |  10k|3276 | 430k|  0 | 125k|  11 | 0.000000e+00 |      --      |    Inf |  68.26%
 3832s| 96500 |   132 | 40079k| 415.3 |   328M |  39 |1101 |  10k|3357 | 431k|  2 | 125k|  11 | 0.000000e+00 |      --      |    Inf |  68.43%
 3844s| 96600 |   130 | 40134k| 415.4 |   328M |  39 |1101 |  10k|3160 | 431k|  2 | 125k|  11 | 0.000000e+00 |      --      |    Inf |  68.44%
 3854s| 96700 |   135 | 40183k| 415.5 |   328M |  39 |1101 |  10k|3292 | 432k|  2 | 125k|  11 | 0.000000e+00 |      --      |    Inf |  68.46%
 3868s| 96800 |   125 | 40244k| 415.7 |   328M |  39 |1101 |  10k|3175 | 432k|  0 | 126k|  11 | 0.000000e+00 |      --      |    Inf |  68.49%
 3879s| 96900 |   131 | 40297k| 415.8 |   329M |  39 |1101 |  10k|3119 | 432k|  2 | 126k|  11 | 0.000000e+00 |      --      |    Inf |  68.64%
 3889s| 97000 |   134 | 40346k| 415.9 |   329M |  39 |1101 |  10k|3339 | 433k|  2 | 126k|  11 | 0.000000e+00 |      --      |    Inf |  68.65%
 3900s| 97100 |   138 | 40395k| 416.0 |   329M |  39 |1101 |  10k|3169 | 433k|  2 | 126k|  11 | 0.000000e+00 |      --      |    Inf |  68.66%
 3909s| 97200 |   134 | 40443k| 416.0 |   329M |  39 |1101 |  10k|3121 | 434k|  0 | 126k|  11 | 0.000000e+00 |      --      |    Inf |  68.66%
 3922s| 97300 |   132 | 40501k| 416.2 |   329M |  39 |1101 |  10k|3160 | 434k|  0 | 126k|  11 | 0.000000e+00 |      --      |    Inf |  68.66%
 3932s| 97400 |   127 | 40548k| 416.3 |   329M |  39 |1101 |  10k|   0 | 435k|  0 | 126k|  11 | 0.000000e+00 |      --      |    Inf |  68.68%
 3941s| 97500 |   138 | 40588k| 416.3 |   329M |  39 |1101 |  10k|3355 | 435k|  2 | 127k|  11 | 0.000000e+00 |      --      |    Inf |  68.68%
 3947s| 97600 |   133 | 40624k| 416.2 |   329M |  39 |1101 |  10k|3337 | 435k|  1 | 127k|  11 | 0.000000e+00 |      --      |    Inf |  68.69%
 3955s| 97700 |   131 | 40666k| 416.2 |   329M |  39 |1101 |  10k|   0 | 435k|  0 | 127k|  11 | 0.000000e+00 |      --      |    Inf |  68.69%
 time | node  | left  |LP iter|LP it/n|mem/heur|mdpt |vars |cons |rows |cuts |sepa|confs|strbr|  dualbound   | primalbound  |  gap   | compl. 
 3963s| 97800 |   129 | 40710k| 416.2 |   329M |  39 |1101 |  10k|3378 | 436k|  1 | 127k|  11 | 0.000000e+00 |      --      |    Inf |  68.69%
 3975s| 97900 |   140 | 40765k| 416.4 |   330M |  39 |1101 |  10k|2786 | 437k|  2 | 127k|  11 | 0.000000e+00 |      --      |    Inf |  68.69%
 3986s| 98000 |   131 | 40819k| 416.5 |   330M |  39 |1101 |  10k|2835 | 437k|  0 | 127k|  11 | 0.000000e+00 |      --      |    Inf |  68.72%
 3996s| 98100 |   132 | 40866k| 416.5 |   330M |  39 |1101 |  10k|3358 | 438k|  1 | 128k|  11 | 0.000000e+00 |      --      |    Inf |  68.73%
 4004s| 98200 |   131 | 40904k| 416.5 |   330M |  39 |1101 |  10k|   0 | 438k|  0 | 128k|  11 | 0.000000e+00 |      --      |    Inf |  68.79%
 4014s| 98300 |   136 | 40954k| 416.6 |   331M |  39 |1101 |  10k|2859 | 439k|  0 | 128k|  11 | 0.000000e+00 |      --      |    Inf |  69.72%
 4022s| 98400 |   139 | 40989k| 416.5 |   331M |  39 |1101 |  10k|   0 | 440k|  0 | 128k|  11 | 0.000000e+00 |      --      |    Inf |  69.73%
 4034s| 98500 |   136 | 41044k| 416.7 |   331M |  39 |1101 |  10k|2798 | 440k|  0 | 128k|  11 | 0.000000e+00 |      --      |    Inf |  69.75%
 4044s| 98600 |   133 | 41093k| 416.7 |   331M |  39 |1101 |  10k|   0 | 441k|  0 | 128k|  11 | 0.000000e+00 |      --      |    Inf |  69.76%
 4058s| 98700 |   130 | 41158k| 417.0 |   331M |  39 |1101 |  10k|3369 | 441k|  0 | 128k|  11 | 0.000000e+00 |      --      |    Inf |  69.79%
 4067s| 98800 |   127 | 41196k| 416.9 |   331M |  39 |1101 |  10k|2842 | 442k|  0 | 128k|  11 | 0.000000e+00 |      --      |    Inf |  70.20%
 4076s| 98900 |   126 | 41240k| 417.0 |   331M |  39 |1101 |  10k|2964 | 443k|  0 | 129k|  11 | 0.000000e+00 |      --      |    Inf |  70.21%
 4088s| 99000 |   129 | 41294k| 417.1 |   331M |  39 |1101 |  10k|3303 | 443k|  0 | 129k|  11 | 0.000000e+00 |      --      |    Inf |  70.22%
 4097s| 99100 |   127 | 41335k| 417.1 |   331M |  39 |1101 |  10k|   0 | 443k|  0 | 129k|  11 | 0.000000e+00 |      --      |    Inf |  70.22%
 4103s| 99200 |   132 | 41365k| 417.0 |   331M |  39 |1101 |  10k|2990 | 444k|  1 | 129k|  11 | 0.000000e+00 |      --      |    Inf |  70.23%
 time | node  | left  |LP iter|LP it/n|mem/heur|mdpt |vars |cons |rows |cuts |sepa|confs|strbr|  dualbound   | primalbound  |  gap   | compl. 
 4110s| 99300 |   129 | 41395k| 416.8 |   331M |  39 |1101 |  10k|3078 | 444k|  2 | 129k|  11 | 0.000000e+00 |      --      |    Inf |  70.23%
 4120s| 99400 |   126 | 41439k| 416.9 |   332M |  39 |1101 |  10k|   0 | 445k|  0 | 129k|  11 | 0.000000e+00 |      --      |    Inf |  70.33%
 4132s| 99500 |   136 | 41500k| 417.1 |   332M |  39 |1101 |  10k|2844 | 447k|  0 | 129k|  11 | 0.000000e+00 |      --      |    Inf |  70.38%
 4140s| 99600 |   133 | 41540k| 417.0 |   332M |  39 |1101 |  10k|2830 | 447k|  2 | 129k|  11 | 0.000000e+00 |      --      |    Inf |  70.38%
 4147s| 99700 |   137 | 41577k| 417.0 |   332M |  39 |1101 |  10k|2850 | 448k|  2 | 130k|  11 | 0.000000e+00 |      --      |    Inf |  70.38%
 4155s| 99800 |   138 | 41618k| 417.0 |   332M |  39 |1101 |  10k|2860 | 448k|  1 | 130k|  11 | 0.000000e+00 |      --      |    Inf |  70.38%
 4162s| 99900 |   131 | 41652k| 416.9 |   332M |  39 |1101 |  10k|2902 | 448k|  0 | 130k|  11 | 0.000000e+00 |      --      |    Inf |  70.38%
 4169s|100000 |   131 | 41691k| 416.9 |   332M |  39 |1101 |  10k|2865 | 449k|  0 | 130k|  11 | 0.000000e+00 |      --      |    Inf |  70.38%
 4177s|100100 |   133 | 41728k| 416.8 |   332M |  39 |1101 |  10k|3009 | 450k|  0 | 130k|  11 | 0.000000e+00 |      --      |    Inf |  70.38%
 4186s|100200 |   132 | 41771k| 416.8 |   332M |  39 |1101 |  10k|   0 | 450k|  0 | 130k|  11 | 0.000000e+00 |      --      |    Inf |  70.39%
 4195s|100300 |   132 | 41812k| 416.8 |   332M |  39 |1101 |  10k|2837 | 451k|  2 | 130k|  11 | 0.000000e+00 |      --      |    Inf |  70.39%
 4203s|100400 |   132 | 41857k| 416.9 |   332M |  39 |1101 |  10k|2869 | 451k|  0 | 131k|  11 | 0.000000e+00 |      --      |    Inf |  70.39%
 4213s|100500 |   127 | 41901k| 416.9 |   332M |  39 |1101 |  10k|2688 | 452k|  2 | 131k|  11 | 0.000000e+00 |      --      |    Inf |  70.44%
 4222s|100600 |   128 | 41951k| 417.0 |   332M |  39 |1101 |  10k|2864 | 453k|  0 | 131k|  11 | 0.000000e+00 |      --      |    Inf |  70.46%
 4226s|100700 |   132 | 41998k| 417.0 |   332M |  39 |1101 |  10k|2873 | 454k|  2 | 131k|  11 | 0.000000e+00 |      --      |    Inf |  70.46%
 time | node  | left  |LP iter|LP it/n|mem/heur|mdpt |vars |cons |rows |cuts |sepa|confs|strbr|  dualbound   | primalbound  |  gap   | compl. 
 4230s|100800 |   137 | 42043k| 417.1 |   332M |  39 |1101 |  10k|2884 | 454k|  3 | 131k|  11 | 0.000000e+00 |      --      |    Inf |  70.47%
 4233s|100900 |   129 | 42077k| 417.0 |   332M |  39 |1101 |  10k|2626 | 455k|  2 | 131k|  11 | 0.000000e+00 |      --      |    Inf |  70.55%
 4238s|101000 |   135 | 42135k| 417.1 |   332M |  39 |1101 |  10k|   0 | 457k|  0 | 131k|  11 | 0.000000e+00 |      --      |    Inf |  70.57%
 4243s|101100 |   134 | 42190k| 417.3 |   332M |  39 |1101 |  10k|2895 | 458k|  0 | 132k|  11 | 0.000000e+00 |      --      |    Inf |  70.62%
 4246s|101200 |   136 | 42224k| 417.2 |   332M |  39 |1101 |  10k|2933 | 458k|  0 | 132k|  11 | 0.000000e+00 |      --      |    Inf |  70.62%
 4249s|101300 |   139 | 42259k| 417.1 |   332M |  39 |1101 |  10k|2929 | 458k|  2 | 132k|  11 | 0.000000e+00 |      --      |    Inf |  70.62%
 4253s|101400 |   134 | 42300k| 417.1 |   332M |  39 |1101 |  10k|2818 | 459k|  2 | 132k|  11 | 0.000000e+00 |      --      |    Inf |  70.63%
 4256s|101500 |   136 | 42339k| 417.1 |   332M |  39 |1101 |  10k|   0 | 459k|  0 | 132k|  11 | 0.000000e+00 |      --      |    Inf |  70.63%
 4266s|101600 |   135 | 42388k| 417.2 |   332M |  39 |1101 |  10k|2939 | 460k|  2 | 132k|  11 | 0.000000e+00 |      --      |    Inf |  70.64%
 4280s|101700 |   127 | 42452k| 417.4 |   332M |  39 |1101 |  10k|2869 | 461k|  0 | 132k|  11 | 0.000000e+00 |      --      |    Inf |  70.65%
 4289s|101800 |   137 | 42514k| 417.6 |   332M |  39 |1101 |  10k|3000 | 462k|  2 | 132k|  11 | 0.000000e+00 |      --      |    Inf |  70.66%
 4295s|101900 |   145 | 42574k| 417.8 |   332M |  39 |1101 |  10k|3070 | 463k|  2 | 133k|  11 | 0.000000e+00 |      --      |    Inf |  70.67%
 4301s|102000 |   155 | 42635k| 418.0 |   332M |  39 |1101 |  10k|3059 | 463k|  2 | 133k|  11 | 0.000000e+00 |      --      |    Inf |  70.67%
 4305s|102100 |   157 | 42677k| 418.0 |   332M |  39 |1101 |  10k|3071 | 464k|  2 | 133k|  11 | 0.000000e+00 |      --      |    Inf |  70.67%
 4308s|102200 |   151 | 42715k| 417.9 |   332M |  39 |1101 |  10k|3098 | 464k|  0 | 133k|  11 | 0.000000e+00 |      --      |    Inf |  70.67%
 time | node  | left  |LP iter|LP it/n|mem/heur|mdpt |vars |cons |rows |cuts |sepa|confs|strbr|  dualbound   | primalbound  |  gap   | compl. 
 4314s|102300 |   150 | 42765k| 418.0 |   332M |  39 |1101 |  10k|   0 | 465k|  0 | 133k|  11 | 0.000000e+00 |      --      |    Inf |  70.67%
 4317s|102400 |   146 | 42800k| 417.9 |   332M |  39 |1101 |  10k|   0 | 465k|  0 | 133k|  11 | 0.000000e+00 |      --      |    Inf |  70.67%
 4321s|102500 |   155 | 42837k| 417.9 |   332M |  39 |1101 |  10k|3030 | 466k|  1 | 133k|  11 | 0.000000e+00 |      --      |    Inf |  70.67%
 4326s|102600 |   152 | 42894k| 418.0 |   332M |  39 |1101 |  10k|   0 | 467k|  0 | 133k|  11 | 0.000000e+00 |      --      |    Inf |  70.67%
 4331s|102700 |   148 | 42942k| 418.1 |   332M |  39 |1101 |  10k|3039 | 467k|  2 | 133k|  11 | 0.000000e+00 |      --      |    Inf |  70.67%
 4335s|102800 |   142 | 42987k| 418.1 |   332M |  39 |1101 |  10k|3038 | 468k|  2 | 134k|  11 | 0.000000e+00 |      --      |    Inf |  70.67%
 4338s|102900 |   137 | 43022k| 418.1 |   332M |  39 |1101 |  10k|3077 | 468k|  2 | 134k|  11 | 0.000000e+00 |      --      |    Inf |  70.67%
 4348s|103000 |   143 | 43072k| 418.1 |   332M |  39 |1101 |  10k|   0 | 469k|  0 | 134k|  11 | 0.000000e+00 |      --      |    Inf |  70.67%
 4360s|103100 |   135 | 43132k| 418.3 |   332M |  39 |1101 |  10k|3065 | 469k|  2 | 134k|  11 | 0.000000e+00 |      --      |    Inf |  70.67%
 4370s|103200 |   133 | 43181k| 418.4 |   332M |  39 |1101 |  10k|3045 | 470k|  1 | 134k|  11 | 0.000000e+00 |      --      |    Inf |  70.67%
 4382s|103300 |   131 | 43236k| 418.5 |   332M |  39 |1101 |  10k|   0 | 471k|  0 | 134k|  11 | 0.000000e+00 |      --      |    Inf |  70.67%
 4389s|103400 |   132 | 43281k| 418.5 |   332M |  39 |1101 |  10k|2919 | 471k|  2 | 134k|  11 | 0.000000e+00 |      --      |    Inf |  70.69%
 4395s|103500 |   129 | 43335k| 418.7 |   332M |  39 |1101 |  10k|2911 | 472k|  0 | 134k|  11 | 0.000000e+00 |      --      |    Inf |  70.69%
 4399s|103600 |   126 | 43384k| 418.7 |   332M |  39 |1101 |  10k|3111 | 473k|  0 | 134k|  11 | 0.000000e+00 |      --      |    Inf |  70.71%
 4404s|103700 |   130 | 43436k| 418.8 |   332M |  39 |1101 |  10k|3217 | 474k|  0 | 135k|  11 | 0.000000e+00 |      --      |    Inf |  70.72%
 time | node  | left  |LP iter|LP it/n|mem/heur|mdpt |vars |cons |rows |cuts |sepa|confs|strbr|  dualbound   | primalbound  |  gap   | compl. 
 4408s|103800 |   126 | 43476k| 418.8 |   332M |  39 |1101 |  10k|3000 | 475k|  2 | 135k|  11 | 0.000000e+00 |      --      |    Inf |  70.72%
 4412s|103900 |   132 | 43525k| 418.9 |   332M |  39 |1101 |  10k|3098 | 475k|  2 | 135k|  11 | 0.000000e+00 |      --      |    Inf |  70.72%
 4417s|104000 |   131 | 43563k| 418.8 |   332M |  39 |1101 |  10k|3095 | 476k|  2 | 135k|  11 | 0.000000e+00 |      --      |    Inf |  70.73%
 4421s|104100 |   125 | 43609k| 418.9 |   332M |  39 |1101 |  10k|3061 | 477k|  0 | 135k|  11 | 0.000000e+00 |      --      |    Inf |  70.73%
 4427s|104200 |   127 | 43668k| 419.0 |   332M |  39 |1101 |  10k|3073 | 478k|  2 | 135k|  11 | 0.000000e+00 |      --      |    Inf |  70.73%
 4431s|104300 |   122 | 43707k| 419.0 |   332M |  39 |1101 |  10k|2539 | 478k|  0 | 135k|  11 | 0.000000e+00 |      --      |    Inf |  70.80%
 4437s|104400 |   116 | 43772k| 419.2 |   333M |  39 |1101 |  10k|2714 | 479k|  0 | 136k|  11 | 0.000000e+00 |      --      |    Inf |  70.88%
 4442s|104500 |   120 | 43819k| 419.3 |   333M |  39 |1101 |  10k|3283 | 480k|  1 | 136k|  11 | 0.000000e+00 |      --      |    Inf |  70.89%
 4447s|104600 |   115 | 43874k| 419.4 |   333M |  39 |1101 |  10k|3253 | 480k|  0 | 136k|  11 | 0.000000e+00 |      --      |    Inf |  70.90%
 4454s|104700 |   114 | 43947k| 419.7 |   333M |  39 |1101 |  10k|3219 | 481k|  2 | 136k|  11 | 0.000000e+00 |      --      |    Inf |  70.99%
 4460s|104800 |   112 | 44006k| 419.9 |   333M |  39 |1101 |  10k|2833 | 481k|  2 | 136k|  11 | 0.000000e+00 |      --      |    Inf |  71.02%
 4464s|104900 |   115 | 44052k| 419.9 |   333M |  39 |1101 |  10k|2937 | 482k|  0 | 136k|  11 | 0.000000e+00 |      --      |    Inf |  71.37%
 4468s|105000 |   117 | 44097k| 419.9 |   333M |  39 |1101 |  10k|2833 | 482k|  2 | 137k|  11 | 0.000000e+00 |      --      |    Inf |  71.38%
 4471s|105100 |   119 | 44132k| 419.9 |   333M |  39 |1101 |  10k|2900 | 483k|  2 | 137k|  11 | 0.000000e+00 |      --      |    Inf |  71.38%
 4475s|105200 |   117 | 44173k| 419.9 |   333M |  39 |1101 |  10k|2960 | 483k|  0 | 137k|  11 | 0.000000e+00 |      --      |    Inf |  71.38%
 time | node  | left  |LP iter|LP it/n|mem/heur|mdpt |vars |cons |rows |cuts |sepa|confs|strbr|  dualbound   | primalbound  |  gap   | compl. 
 4479s|105300 |   115 | 44214k| 419.9 |   334M |  39 |1101 |  10k|3047 | 484k|  1 | 137k|  11 | 0.000000e+00 |      --      |    Inf |  71.55%
 4482s|105400 |   114 | 44253k| 419.8 |   334M |  39 |1101 |  10k|3094 | 484k|  0 | 137k|  11 | 0.000000e+00 |      --      |    Inf |  71.56%
 4488s|105500 |   112 | 44311k| 420.0 |   334M |  39 |1101 |  10k|   0 | 485k|  0 | 137k|  11 | 0.000000e+00 |      --      |    Inf |  71.56%
 4493s|105600 |   113 | 44360k| 420.0 |   334M |  39 |1101 |  10k|3193 | 485k|  2 | 137k|  11 | 0.000000e+00 |      --      |    Inf |  71.56%
 4498s|105700 |   114 | 44412k| 420.1 |   334M |  39 |1101 |  10k|3524 | 485k|  0 | 138k|  11 | 0.000000e+00 |      --      |    Inf |  71.56%
 4503s|105800 |   106 | 44467k| 420.3 |   334M |  39 |1101 |  10k|3092 | 486k|  0 | 138k|  11 | 0.000000e+00 |      --      |    Inf |  71.57%
 4507s|105900 |   111 | 44518k| 420.3 |   334M |  39 |1101 |  10k|3167 | 486k|  2 | 138k|  11 | 0.000000e+00 |      --      |    Inf |  71.67%
 4512s|106000 |   112 | 44565k| 420.4 |   334M |  39 |1101 |  10k|2866 | 487k|  2 | 138k|  11 | 0.000000e+00 |      --      |    Inf |  71.69%
 4518s|106100 |   120 | 44632k| 420.6 |   334M |  39 |1101 |  10k|3031 | 488k|  2 | 138k|  11 | 0.000000e+00 |      --      |    Inf |  71.77%
 4524s|106200 |   120 | 44693k| 420.8 |   334M |  39 |1101 |  10k|2997 | 488k|  0 | 138k|  11 | 0.000000e+00 |      --      |    Inf |  71.77%
 4530s|106300 |   112 | 44754k| 421.0 |   334M |  39 |1101 |  10k|2990 | 489k|  0 | 138k|  11 | 0.000000e+00 |      --      |    Inf |  71.78%
 4535s|106400 |   117 | 44811k| 421.1 |   334M |  39 |1101 |  10k|3068 | 490k|  2 | 139k|  11 | 0.000000e+00 |      --      |    Inf |  71.82%
 4541s|106500 |   109 | 44869k| 421.3 |   334M |  39 |1101 |  10k|3123 | 491k|  0 | 139k|  11 | 0.000000e+00 |      --      |    Inf |  71.86%
 4546s|106600 |   112 | 44920k| 421.4 |   334M |  39 |1101 |  10k|3026 | 491k|  2 | 139k|  11 | 0.000000e+00 |      --      |    Inf |  71.86%
 4551s|106700 |   117 | 44976k| 421.5 |   334M |  39 |1101 |  10k|3293 | 492k|  2 | 139k|  11 | 0.000000e+00 |      --      |    Inf |  71.86%
 time | node  | left  |LP iter|LP it/n|mem/heur|mdpt |vars |cons |rows |cuts |sepa|confs|strbr|  dualbound   | primalbound  |  gap   | compl. 
 4559s|106800 |   117 | 45025k| 421.6 |   334M |  39 |1101 |  10k|3040 | 492k|  2 | 139k|  11 | 0.000000e+00 |      --      |    Inf |  71.87%
 4571s|106900 |   111 | 45086k| 421.7 |   334M |  39 |1101 |  10k|3274 | 493k|  0 | 139k|  11 | 0.000000e+00 |      --      |    Inf |  71.87%
 4580s|107000 |   111 | 45132k| 421.8 |   334M |  39 |1101 |  10k|3300 | 493k|  0 | 139k|  11 | 0.000000e+00 |      --      |    Inf |  71.88%
 4593s|107100 |   109 | 45186k| 421.9 |   334M |  39 |1101 |  10k|3237 | 494k|  0 | 139k|  11 | 0.000000e+00 |      --      |    Inf |  71.90%
 4604s|107200 |   103 | 45237k| 422.0 |   334M |  39 |1101 |  10k|3181 | 494k|  0 | 140k|  11 | 0.000000e+00 |      --      |    Inf |  71.91%
 4617s|107300 |   100 | 45300k| 422.1 |   334M |  39 |1101 |  10k|2679 | 495k|  2 | 140k|  11 | 0.000000e+00 |      --      |    Inf |  72.05%
 4629s|107400 |   111 | 45355k| 422.3 |   334M |  39 |1101 |  10k|3175 | 496k|  1 | 140k|  11 | 0.000000e+00 |      --      |    Inf |  72.08%
 4638s|107500 |   113 | 45398k| 422.3 |   334M |  39 |1101 |  10k|3224 | 496k|  1 | 140k|  11 | 0.000000e+00 |      --      |    Inf |  72.08%
 4649s|107600 |   109 | 45448k| 422.3 |   334M |  39 |1101 |  10k|3238 | 497k|  0 | 140k|  11 | 0.000000e+00 |      --      |    Inf |  72.08%
 4657s|107700 |   106 | 45489k| 422.3 |   334M |  39 |1101 |  10k|3194 | 497k|  2 | 140k|  11 | 0.000000e+00 |      --      |    Inf |  72.09%
 4667s|107800 |   102 | 45535k| 422.4 |   334M |  39 |1101 |  10k|3200 | 497k|  2 | 140k|  11 | 0.000000e+00 |      --      |    Inf |  72.09%
 4680s|107900 |   105 | 45591k| 422.5 |   335M |  39 |1101 |  10k|2852 | 498k|  0 | 141k|  11 | 0.000000e+00 |      --      |    Inf |  72.10%
 4690s|108000 |   105 | 45639k| 422.6 |   335M |  39 |1101 |  10k|2926 | 499k|  2 | 141k|  11 | 0.000000e+00 |      --      |    Inf |  72.10%
 4697s|108100 |   101 | 45683k| 422.6 |   335M |  39 |1101 |  10k|   0 | 499k|  0 | 141k|  11 | 0.000000e+00 |      --      |    Inf |  72.11%
 4702s|108200 |   105 | 45738k| 422.7 |   335M |  39 |1101 |  10k|3357 | 500k|  0 | 141k|  11 | 0.000000e+00 |      --      |    Inf |  72.13%
 time | node  | left  |LP iter|LP it/n|mem/heur|mdpt |vars |cons |rows |cuts |sepa|confs|strbr|  dualbound   | primalbound  |  gap   | compl. 
 4707s|108300 |   105 | 45783k| 422.7 |   335M |  39 |1101 |  10k|3309 | 500k|  0 | 141k|  11 | 0.000000e+00 |      --      |    Inf |  72.13%
 4713s|108400 |   102 | 45849k| 422.9 |   335M |  39 |1101 |  10k|3368 | 500k|  0 | 141k|  11 | 0.000000e+00 |      --      |    Inf |  72.15%
 4719s|108500 |    98 | 45910k| 423.1 |   335M |  39 |1101 |  10k|3313 | 501k|  0 | 141k|  11 | 0.000000e+00 |      --      |    Inf |  72.19%
 4724s|108600 |    98 | 45964k| 423.2 |   335M |  39 |1101 |  10k|3144 | 502k|  2 | 141k|  11 | 0.000000e+00 |      --      |    Inf |  72.25%
 4730s|108700 |   118 | 46026k| 423.4 |   336M |  39 |1101 |  10k|3269 | 502k|  0 | 141k|  11 | 0.000000e+00 |      --      |    Inf |  72.28%
 4736s|108800 |   133 | 46085k| 423.5 |   337M |  39 |1101 |  10k|3238 | 503k|  2 | 142k|  11 | 0.000000e+00 |      --      |    Inf |  72.33%
 4741s|108900 |   132 | 46138k| 423.6 |   337M |  39 |1101 |  10k|3268 | 503k|  2 | 142k|  11 | 0.000000e+00 |      --      |    Inf |  72.34%
 4746s|109000 |   126 | 46187k| 423.7 |   337M |  39 |1101 |  10k|   0 | 503k|  0 | 142k|  11 | 0.000000e+00 |      --      |    Inf |  72.35%
 4755s|109100 |   124 | 46239k| 423.8 |   337M |  39 |1101 |  10k|3287 | 504k|  0 | 142k|  11 | 0.000000e+00 |      --      |    Inf |  72.37%
 4762s|109200 |   129 | 46279k| 423.8 |   337M |  39 |1101 |  10k|   0 | 504k|  0 | 142k|  11 | 0.000000e+00 |      --      |    Inf |  72.37%
 4766s|109300 |   121 | 46325k| 423.8 |   337M |  39 |1101 |  10k|3276 | 504k|  0 | 142k|  11 | 0.000000e+00 |      --      |    Inf |  72.38%
 4771s|109400 |   124 | 46372k| 423.8 |   337M |  39 |1101 |  10k|3275 | 505k|  2 | 142k|  11 | 0.000000e+00 |      --      |    Inf |  72.39%
 4776s|109500 |   120 | 46422k| 423.9 |   337M |  39 |1101 |  10k|3266 | 505k|  2 | 142k|  11 | 0.000000e+00 |      --      |    Inf |  72.40%
 4781s|109600 |   123 | 46472k| 424.0 |   337M |  39 |1101 |  10k|3319 | 506k|  2 | 143k|  11 | 0.000000e+00 |      --      |    Inf |  72.41%
 4786s|109700 |   119 | 46523k| 424.1 |   337M |  39 |1101 |  10k|3271 | 506k|  2 | 143k|  11 | 0.000000e+00 |      --      |    Inf |  72.42%
 time | node  | left  |LP iter|LP it/n|mem/heur|mdpt |vars |cons |rows |cuts |sepa|confs|strbr|  dualbound   | primalbound  |  gap   | compl. 
 4792s|109800 |   119 | 46582k| 424.2 |   337M |  39 |1101 |  10k|3226 | 507k|  0 | 143k|  11 | 0.000000e+00 |      --      |    Inf |  72.44%
 4797s|109900 |   121 | 46637k| 424.3 |   338M |  39 |1101 |  10k|3157 | 508k|  2 | 143k|  11 | 0.000000e+00 |      --      |    Inf |  72.49%
 4807s|110000 |   125 | 46696k| 424.5 |   338M |  39 |1101 |  10k|3258 | 508k|  2 | 143k|  11 | 0.000000e+00 |      --      |    Inf |  72.55%
 4819s|110100 |   121 | 46749k| 424.6 |   338M |  39 |1101 |  10k|3246 | 509k|  2 | 143k|  11 | 0.000000e+00 |      --      |    Inf |  72.56%
 4832s|110200 |   121 | 46806k| 424.7 |   338M |  39 |1101 |  10k|3221 | 509k|  2 | 143k|  11 | 0.000000e+00 |      --      |    Inf |  72.58%
 4843s|110300 |   119 | 46855k| 424.8 |   338M |  39 |1101 |  10k|3200 | 510k|  2 | 143k|  11 | 0.000000e+00 |      --      |    Inf |  72.63%
 4853s|110400 |   118 | 46900k| 424.8 |   340M |  39 |1101 |  10k|3127 | 511k|  2 | 143k|  11 | 0.000000e+00 |      --      |    Inf |  73.02%
 4865s|110500 |   120 | 46947k| 424.8 |   343M |  39 |1101 |  10k|3201 | 511k|  2 | 143k|  11 | 0.000000e+00 |      --      |    Inf |  73.84%
 4874s|110600 |   113 | 46993k| 424.9 |   343M |  39 |1101 |  10k|3214 | 512k|  2 | 144k|  11 | 0.000000e+00 |      --      |    Inf |  74.22%
 4886s|110700 |   121 | 47046k| 425.0 |   343M |  39 |1101 |  10k|   0 | 513k|  0 | 144k|  11 | 0.000000e+00 |      --      |    Inf |  74.34%
 4893s|110800 |   121 | 47098k| 425.0 |   343M |  39 |1101 |  10k|3234 | 513k|  0 | 144k|  11 | 0.000000e+00 |      --      |    Inf |  74.36%
 4899s|110900 |   119 | 47154k| 425.2 |   343M |  39 |1101 |  10k|3291 | 514k|  2 | 144k|  11 | 0.000000e+00 |      --      |    Inf |  74.38%
 4902s|111000 |   114 | 47184k| 425.0 |   343M |  39 |1101 |  10k|3246 | 514k|  2 | 144k|  11 | 0.000000e+00 |      --      |    Inf |  74.39%
 4907s|111100 |   118 | 47228k| 425.1 |   343M |  39 |1101 |  10k|3233 | 515k|  0 | 144k|  11 | 0.000000e+00 |      --      |    Inf |  74.40%
 4912s|111200 |   115 | 47287k| 425.2 |   343M |  39 |1101 |  10k|3285 | 515k|  0 | 144k|  11 | 0.000000e+00 |      --      |    Inf |  74.40%
 time | node  | left  |LP iter|LP it/n|mem/heur|mdpt |vars |cons |rows |cuts |sepa|confs|strbr|  dualbound   | primalbound  |  gap   | compl. 
 4918s|111300 |   120 | 47340k| 425.3 |   344M |  39 |1101 |  10k|   0 | 516k|  0 | 144k|  11 | 0.000000e+00 |      --      |    Inf |  74.62%
 4923s|111400 |   121 | 47398k| 425.5 |   344M |  39 |1101 |  10k|3224 | 516k|  2 | 144k|  11 | 0.000000e+00 |      --      |    Inf |  74.72%
 4929s|111500 |   113 | 47453k| 425.6 |   344M |  39 |1101 |  10k|3340 | 517k|  1 | 144k|  11 | 0.000000e+00 |      --      |    Inf |  74.80%
 4935s|111600 |   112 | 47516k| 425.7 |   344M |  39 |1101 |  10k|3245 | 517k|  0 | 145k|  11 | 0.000000e+00 |      --      |    Inf |  74.83%
 4940s|111700 |   112 | 47563k| 425.8 |   344M |  39 |1101 |  10k|3266 | 517k|  2 | 145k|  11 | 0.000000e+00 |      --      |    Inf |  74.85%
 4945s|111800 |   111 | 47613k| 425.8 |   344M |  39 |1101 |  10k|2948 | 518k|  2 | 145k|  11 | 0.000000e+00 |      --      |    Inf |  74.86%
 4950s|111900 |   111 | 47668k| 426.0 |   344M |  39 |1101 |  10k|2903 | 520k|  2 | 145k|  11 | 0.000000e+00 |      --      |    Inf |  74.86%
 4953s|112000 |   108 | 47702k| 425.9 |   345M |  39 |1101 |  10k|   0 | 520k|  0 | 145k|  11 | 0.000000e+00 |      --      |    Inf |  74.87%
 4957s|112100 |   109 | 47744k| 425.9 |   345M |  39 |1101 |  10k|2946 | 521k|  2 | 145k|  11 | 0.000000e+00 |      --      |    Inf |  74.89%
 4961s|112200 |   108 | 47778k| 425.8 |   345M |  39 |1101 |  10k|3197 | 521k|  2 | 145k|  11 | 0.000000e+00 |      --      |    Inf |  74.90%
 4966s|112300 |   109 | 47836k| 425.9 |   345M |  39 |1101 |  10k|3260 | 522k|  2 | 145k|  11 | 0.000000e+00 |      --      |    Inf |  75.06%
 4972s|112400 |   109 | 47891k| 426.0 |   345M |  39 |1101 |  10k|   0 | 522k|  0 | 145k|  11 | 0.000000e+00 |      --      |    Inf |  75.07%
 4977s|112500 |   105 | 47933k| 426.0 |   345M |  39 |1101 |  10k|2876 | 522k|  2 | 146k|  11 | 0.000000e+00 |      --      |    Inf |  75.08%
 4982s|112600 |   104 | 47983k| 426.1 |   345M |  39 |1101 |  10k|3207 | 523k|  2 | 146k|  11 | 0.000000e+00 |      --      |    Inf |  75.11%
 4988s|112700 |   108 | 48035k| 426.2 |   345M |  39 |1101 |  10k|3243 | 524k|  0 | 146k|  11 | 0.000000e+00 |      --      |    Inf |  75.13%
 time | node  | left  |LP iter|LP it/n|mem/heur|mdpt |vars |cons |rows |cuts |sepa|confs|strbr|  dualbound   | primalbound  |  gap   | compl. 
 4992s|112800 |   107 | 48071k| 426.1 |   345M |  39 |1101 |  10k|   0 | 524k|  0 | 146k|  11 | 0.000000e+00 |      --      |    Inf |  75.14%
 4997s|112900 |   105 | 48117k| 426.2 |   345M |  39 |1101 |  10k|2969 | 525k|  2 | 146k|  11 | 0.000000e+00 |      --      |    Inf |  75.16%
 5003s|113000 |   109 | 48172k| 426.3 |   345M |  39 |1101 |  10k|3074 | 526k|  0 | 146k|  11 | 0.000000e+00 |      --      |    Inf |  75.21%
 5009s|113100 |   109 | 48230k| 426.4 |   345M |  39 |1101 |  10k|3076 | 527k|  2 | 146k|  11 | 0.000000e+00 |      --      |    Inf |  75.23%
 5013s|113200 |   107 | 48273k| 426.4 |   345M |  39 |1101 |  10k|3123 | 527k|  0 | 146k|  11 | 0.000000e+00 |      --      |    Inf |  75.24%
 5019s|113300 |   125 | 48332k| 426.6 |   346M |  39 |1101 |  10k|   0 | 528k|  0 | 146k|  11 | 0.000000e+00 |      --      |    Inf |  75.29%
 5025s|113400 |   119 | 48387k| 426.7 |   346M |  39 |1101 |  10k|3296 | 528k|  0 | 147k|  11 | 0.000000e+00 |      --      |    Inf |  75.30%
 5032s|113500 |   119 | 48456k| 426.9 |   346M |  39 |1101 |  10k|   0 | 529k|  0 | 147k|  11 | 0.000000e+00 |      --      |    Inf |  75.30%
 5042s|113600 |   123 | 48551k| 427.4 |   346M |  39 |1101 |  10k|3499 | 529k|  0 | 147k|  11 | 0.000000e+00 |      --      |    Inf |  75.30%
 5050s|113700 |   121 | 48623k| 427.6 |   346M |  39 |1101 |  10k|3350 | 529k|  1 | 147k|  11 | 0.000000e+00 |      --      |    Inf |  75.30%
 5055s|113800 |   123 | 48683k| 427.8 |   346M |  39 |1101 |  10k|3392 | 529k|  0 | 147k|  11 | 0.000000e+00 |      --      |    Inf |  75.30%
 5058s|113900 |   112 | 48707k| 427.6 |   346M |  39 |1101 |  10k|3206 | 529k|  1 | 147k|  11 | 0.000000e+00 |      --      |    Inf |  75.34%
 5060s|114000 |   114 | 48735k| 427.5 |   346M |  39 |1101 |  10k|3221 | 530k|  2 | 147k|  11 | 0.000000e+00 |      --      |    Inf |  75.35%
 5063s|114100 |   112 | 48763k| 427.3 |   346M |  39 |1101 |  10k|3208 | 530k|  0 | 148k|  11 | 0.000000e+00 |      --      |    Inf |  75.37%
 5067s|114200 |   111 | 48808k| 427.4 |   346M |  39 |1101 |  10k|3205 | 530k|  2 | 148k|  11 | 0.000000e+00 |      --      |    Inf |  75.38%
 time | node  | left  |LP iter|LP it/n|mem/heur|mdpt |vars |cons |rows |cuts |sepa|confs|strbr|  dualbound   | primalbound  |  gap   | compl. 
 5076s|114300 |   114 | 48895k| 427.7 |   346M |  39 |1101 |  10k|3399 | 531k|  0 | 148k|  11 | 0.000000e+00 |      --      |    Inf |  75.40%
 5080s|114400 |   114 | 48941k| 427.8 |   346M |  39 |1101 |  10k|3211 | 531k|  0 | 148k|  11 | 0.000000e+00 |      --      |    Inf |  75.40%
 5088s|114500 |   114 | 49021k| 428.1 |   346M |  39 |1101 |  10k|3459 | 531k|  2 | 148k|  11 | 0.000000e+00 |      --      |    Inf |  75.40%
 5093s|114600 |   112 | 49082k| 428.3 |   346M |  39 |1101 |  10k|3171 | 532k|  1 | 148k|  11 | 0.000000e+00 |      --      |    Inf |  75.40%
 5098s|114700 |   113 | 49137k| 428.4 |   346M |  39 |1101 |  10k|3335 | 532k|  0 | 149k|  11 | 0.000000e+00 |      --      |    Inf |  75.41%
 5105s|114800 |   110 | 49202k| 428.6 |   346M |  39 |1101 |  10k|3229 | 532k|  2 | 149k|  11 | 0.000000e+00 |      --      |    Inf |  75.43%
 5113s|114900 |   117 | 49287k| 428.9 |   346M |  39 |1101 |  10k|   0 | 533k|  0 | 149k|  11 | 0.000000e+00 |      --      |    Inf |  75.44%
 5118s|115000 |   104 | 49348k| 429.1 |   346M |  39 |1101 |  10k|2851 | 534k|  2 | 149k|  11 | 0.000000e+00 |      --      |    Inf |  75.50%
 5124s|115100 |   110 | 49413k| 429.3 |   346M |  39 |1101 |  10k|3085 | 535k|  2 | 149k|  11 | 0.000000e+00 |      --      |    Inf |  75.55%
 5128s|115200 |   113 | 49465k| 429.4 |   346M |  39 |1101 |  10k|3037 | 536k|  0 | 149k|  11 | 0.000000e+00 |      --      |    Inf |  75.62%
 5132s|115300 |   106 | 49513k| 429.4 |   346M |  39 |1101 |  10k|   0 | 536k|  0 | 150k|  11 | 0.000000e+00 |      --      |    Inf |  75.63%
 5137s|115400 |   107 | 49563k| 429.5 |   346M |  39 |1101 |  10k|2976 | 537k|  2 | 150k|  11 | 0.000000e+00 |      --      |    Inf |  75.63%
 5142s|115500 |   118 | 49620k| 429.6 |   346M |  39 |1101 |  10k|   0 | 538k|  0 | 150k|  11 | 0.000000e+00 |      --      |    Inf |  75.67%
 5147s|115600 |   110 | 49675k| 429.7 |   346M |  39 |1101 |  10k|2980 | 539k|  0 | 150k|  11 | 0.000000e+00 |      --      |    Inf |  75.70%
 5151s|115700 |   117 | 49721k| 429.7 |   346M |  39 |1101 |  10k|3018 | 540k|  2 | 150k|  11 | 0.000000e+00 |      --      |    Inf |  75.72%
 time | node  | left  |LP iter|LP it/n|mem/heur|mdpt |vars |cons |rows |cuts |sepa|confs|strbr|  dualbound   | primalbound  |  gap   | compl. 
 5156s|115800 |   109 | 49774k| 429.8 |   347M |  39 |1101 |  10k|3105 | 541k|  2 | 150k|  11 | 0.000000e+00 |      --      |    Inf |  75.75%
 5162s|115900 |   106 | 49837k| 430.0 |   347M |  39 |1101 |  10k|3167 | 542k|  2 | 150k|  11 | 0.000000e+00 |      --      |    Inf |  75.77%
 5166s|116000 |   112 | 49888k| 430.0 |   347M |  39 |1101 |  10k|3119 | 542k|  0 | 151k|  11 | 0.000000e+00 |      --      |    Inf |  75.79%
 5171s|116100 |   111 | 49943k| 430.1 |   347M |  39 |1101 |  10k|3131 | 543k|  2 | 151k|  11 | 0.000000e+00 |      --      |    Inf |  75.82%
 5176s|116200 |   106 | 49991k| 430.2 |   347M |  39 |1101 |  10k|3065 | 544k|  0 | 151k|  11 | 0.000000e+00 |      --      |    Inf |  75.83%
 5179s|116300 |   107 | 50029k| 430.1 |   347M |  39 |1101 |  10k|3187 | 544k|  2 | 151k|  11 | 0.000000e+00 |      --      |    Inf |  75.84%
 5183s|116400 |   104 | 50077k| 430.2 |   347M |  39 |1101 |  10k|3252 | 544k|  0 | 151k|  11 | 0.000000e+00 |      --      |    Inf |  75.88%
 5187s|116500 |   101 | 50124k| 430.2 |   347M |  39 |1101 |  10k|3341 | 545k|  0 | 151k|  11 | 0.000000e+00 |      --      |    Inf |  75.94%
 5192s|116600 |    99 | 50176k| 430.3 |   347M |  39 |1101 |  10k|   0 | 546k|  0 | 152k|  11 | 0.000000e+00 |      --      |    Inf |  76.34%
 5197s|116700 |   100 | 50227k| 430.4 |   347M |  39 |1101 |  10k|2680 | 547k|  2 | 152k|  11 | 0.000000e+00 |      --      |    Inf |  76.39%
 5202s|116800 |   114 | 50281k| 430.5 |   348M |  39 |1101 |  10k|2892 | 548k|  2 | 152k|  11 | 0.000000e+00 |      --      |    Inf |  76.50%
 5206s|116900 |   108 | 50326k| 430.5 |   348M |  39 |1101 |  10k|3493 | 548k|  0 | 152k|  11 | 0.000000e+00 |      --      |    Inf |  76.54%
 5210s|117000 |   112 | 50374k| 430.5 |   348M |  39 |1101 |  10k|3495 | 548k|  1 | 152k|  11 | 0.000000e+00 |      --      |    Inf |  76.56%
 5215s|117100 |   108 | 50413k| 430.5 |   348M |  39 |1101 |  10k|3479 | 548k|  1 | 152k|  11 | 0.000000e+00 |      --      |    Inf |  76.56%
 5219s|117200 |    99 | 50453k| 430.5 |   348M |  39 |1101 |  10k|3306 | 548k|  1 | 152k|  11 | 0.000000e+00 |      --      |    Inf |  76.59%
 time | node  | left  |LP iter|LP it/n|mem/heur|mdpt |vars |cons |rows |cuts |sepa|confs|strbr|  dualbound   | primalbound  |  gap   | compl. 
 5224s|117300 |   105 | 50503k| 430.5 |   348M |  39 |1101 |  10k|2849 | 549k|  2 | 152k|  11 | 0.000000e+00 |      --      |    Inf |  76.63%
 5228s|117400 |   116 | 50551k| 430.6 |   348M |  39 |1101 |  10k|3067 | 550k|  2 | 153k|  11 | 0.000000e+00 |      --      |    Inf |  76.66%
 5232s|117500 |   107 | 50593k| 430.5 |   348M |  39 |1101 |  10k|   0 | 550k|  0 | 153k|  11 | 0.000000e+00 |      --      |    Inf |  76.66%
 5236s|117600 |   104 | 50631k| 430.5 |   348M |  39 |1101 |  10k|3000 | 551k|  0 | 153k|  11 | 0.000000e+00 |      --      |    Inf |  76.68%
 5239s|117700 |   106 | 50661k| 430.4 |   348M |  39 |1101 |  10k|2973 | 551k|  2 | 153k|  11 | 0.000000e+00 |      --      |    Inf |  76.68%
 5243s|117800 |   104 | 50702k| 430.4 |   348M |  39 |1101 |  10k|3043 | 552k|  1 | 153k|  11 | 0.000000e+00 |      --      |    Inf |  76.68%
 5246s|117900 |   108 | 50739k| 430.3 |   348M |  39 |1101 |  10k|2939 | 552k|  2 | 153k|  11 | 0.000000e+00 |      --      |    Inf |  76.70%
 5251s|118000 |   107 | 50784k| 430.3 |   348M |  39 |1101 |  10k|3011 | 553k|  0 | 154k|  11 | 0.000000e+00 |      --      |    Inf |  76.70%
 5254s|118100 |   107 | 50821k| 430.3 |   348M |  39 |1101 |  10k|2947 | 553k|  2 | 154k|  11 | 0.000000e+00 |      --      |    Inf |  76.71%
 5258s|118200 |   112 | 50854k| 430.2 |   348M |  39 |1101 |  10k|2972 | 554k|  0 | 154k|  11 | 0.000000e+00 |      --      |    Inf |  76.71%
 5261s|118300 |   109 | 50887k| 430.1 |   348M |  39 |1101 |  10k|2943 | 554k|  2 | 154k|  11 | 0.000000e+00 |      --      |    Inf |  76.71%
 5265s|118400 |   110 | 50924k| 430.1 |   348M |  39 |1101 |  10k|3069 | 555k|  1 | 154k|  11 | 0.000000e+00 |      --      |    Inf |  76.71%
 5268s|118500 |   106 | 50958k| 430.0 |   348M |  39 |1101 |  10k|2927 | 555k|  0 | 154k|  11 | 0.000000e+00 |      --      |    Inf |  76.71%
 5272s|118600 |   104 | 51000k| 430.0 |   348M |  39 |1101 |  10k|2942 | 556k|  0 | 154k|  11 | 0.000000e+00 |      --      |    Inf |  76.71%
 5276s|118700 |   111 | 51033k| 429.9 |   348M |  39 |1101 |  10k|3010 | 556k|  2 | 154k|  11 | 0.000000e+00 |      --      |    Inf |  76.72%
 time | node  | left  |LP iter|LP it/n|mem/heur|mdpt |vars |cons |rows |cuts |sepa|confs|strbr|  dualbound   | primalbound  |  gap   | compl. 
 5279s|118800 |   102 | 51069k| 429.8 |   348M |  39 |1101 |  10k|   0 | 557k|  0 | 155k|  11 | 0.000000e+00 |      --      |    Inf |  76.72%
 5285s|118900 |   101 | 51120k| 429.9 |   348M |  39 |1101 |  10k|2983 | 557k|  2 | 155k|  11 | 0.000000e+00 |      --      |    Inf |  76.72%
 5289s|119000 |   102 | 51164k| 429.9 |   348M |  39 |1101 |  10k|3070 | 558k|  0 | 155k|  11 | 0.000000e+00 |      --      |    Inf |  76.73%
 5293s|119100 |   104 | 51202k| 429.9 |   348M |  39 |1101 |  10k|3080 | 558k|  0 | 155k|  11 | 0.000000e+00 |      --      |    Inf |  76.73%
 5298s|119200 |    97 | 51246k| 429.9 |   348M |  39 |1101 |  10k|2946 | 559k|  2 | 155k|  11 | 0.000000e+00 |      --      |    Inf |  76.73%
 5303s|119300 |   107 | 51296k| 429.9 |   349M |  39 |1101 |  10k|3036 | 560k|  2 | 155k|  11 | 0.000000e+00 |      --      |    Inf |  76.77%
 5308s|119400 |   106 | 51338k| 429.9 |   349M |  39 |1101 |  10k|3039 | 560k|  2 | 155k|  11 | 0.000000e+00 |      --      |    Inf |  76.78%
 5313s|119500 |   116 | 51396k| 430.1 |   349M |  39 |1101 |  10k|2980 | 561k|  2 | 156k|  11 | 0.000000e+00 |      --      |    Inf |  76.78%
 5318s|119600 |   112 | 51444k| 430.1 |   349M |  39 |1101 |  10k|3122 | 561k|  0 | 156k|  11 | 0.000000e+00 |      --      |    Inf |  76.78%
 5322s|119700 |   113 | 51477k| 430.0 |   349M |  39 |1101 |  10k|3085 | 561k|  0 | 156k|  11 | 0.000000e+00 |      --      |    Inf |  76.79%
 5324s|119800 |   115 | 51496k| 429.8 |   349M |  39 |1101 |  10k|2962 | 562k|  0 | 156k|  11 | 0.000000e+00 |      --      |    Inf |  76.79%
 5326s|119900 |   115 | 51517k| 429.6 |   349M |  39 |1101 |  10k|   0 | 562k|  0 | 156k|  11 | 0.000000e+00 |      --      |    Inf |  76.79%
 5328s|120000 |   108 | 51537k| 429.4 |   349M |  39 |1101 |  10k|3123 | 562k|  0 | 156k|  11 | 0.000000e+00 |      --      |    Inf |  76.79%
 5330s|120100 |   109 | 51559k| 429.3 |   349M |  39 |1101 |  10k|2978 | 562k|  2 | 157k|  11 | 0.000000e+00 |      --      |    Inf |  76.79%
 5333s|120200 |   110 | 51584k| 429.1 |   349M |  39 |1101 |  10k|   0 | 562k|  0 | 157k|  11 | 0.000000e+00 |      --      |    Inf |  76.79%
 time | node  | left  |LP iter|LP it/n|mem/heur|mdpt |vars |cons |rows |cuts |sepa|confs|strbr|  dualbound   | primalbound  |  gap   | compl. 
 5335s|120300 |   106 | 51603k| 428.9 |   349M |  39 |1101 |  10k|2951 | 562k|  0 | 157k|  11 | 0.000000e+00 |      --      |    Inf |  76.79%
 5336s|120400 |   109 | 51620k| 428.7 |   349M |  39 |1101 |  10k|2954 | 562k|  0 | 157k|  11 | 0.000000e+00 |      --      |    Inf |  76.79%
 5338s|120500 |   110 | 51633k| 428.5 |   349M |  39 |1101 |  10k|3083 | 562k|  2 | 157k|  11 | 0.000000e+00 |      --      |    Inf |  76.79%
 5341s|120600 |   107 | 51659k| 428.3 |   349M |  39 |1101 |  10k|2969 | 563k|  0 | 157k|  11 | 0.000000e+00 |      --      |    Inf |  76.79%
 5342s|120700 |   105 | 51676k| 428.1 |   349M |  39 |1101 |  10k|   0 | 563k|  0 | 157k|  11 | 0.000000e+00 |      --      |    Inf |  76.82%
 5345s|120800 |   106 | 51701k| 428.0 |   349M |  39 |1101 |  10k|2973 | 563k|  2 | 157k|  11 | 0.000000e+00 |      --      |    Inf |  76.83%
 5348s|120900 |   104 | 51724k| 427.8 |   349M |  39 |1101 |  10k|3001 | 563k|  1 | 158k|  11 | 0.000000e+00 |      --      |    Inf |  76.83%
 5350s|121000 |   107 | 51746k| 427.6 |   349M |  39 |1101 |  10k|   0 | 564k|  0 | 158k|  11 | 0.000000e+00 |      --      |    Inf |  76.83%
 5352s|121100 |   110 | 51769k| 427.5 |   349M |  39 |1101 |  10k|2717 | 564k|  2 | 158k|  11 | 0.000000e+00 |      --      |    Inf |  76.85%
 5355s|121200 |   103 | 51790k| 427.3 |   349M |  39 |1101 |  10k|2865 | 564k|  0 | 158k|  11 | 0.000000e+00 |      --      |    Inf |  76.86%
 5356s|121300 |   105 | 51806k| 427.1 |   349M |  39 |1101 |  10k|   0 | 564k|  0 | 158k|  11 | 0.000000e+00 |      --      |    Inf |  76.87%
 5358s|121400 |   105 | 51827k| 426.9 |   349M |  39 |1101 |  10k|   0 | 565k|  0 | 158k|  11 | 0.000000e+00 |      --      |    Inf |  76.88%
 5360s|121500 |   108 | 51846k| 426.7 |   349M |  39 |1101 |  10k|2947 | 565k|  0 | 158k|  11 | 0.000000e+00 |      --      |    Inf |  76.88%
 5362s|121600 |   108 | 51861k| 426.5 |   349M |  39 |1101 |  10k|2946 | 565k|  2 | 159k|  11 | 0.000000e+00 |      --      |    Inf |  76.89%
 5364s|121700 |   103 | 51878k| 426.3 |   349M |  39 |1101 |  10k|2944 | 565k|  1 | 159k|  11 | 0.000000e+00 |      --      |    Inf |  76.89%
 time | node  | left  |LP iter|LP it/n|mem/heur|mdpt |vars |cons |rows |cuts |sepa|confs|strbr|  dualbound   | primalbound  |  gap   | compl. 
 5366s|121800 |   109 | 51894k| 426.0 |   349M |  39 |1101 |  10k|2949 | 565k|  2 | 159k|  11 | 0.000000e+00 |      --      |    Inf |  76.89%
 5368s|121900 |   107 | 51911k| 425.8 |   349M |  39 |1101 |  10k|   0 | 566k|  0 | 159k|  11 | 0.000000e+00 |      --      |    Inf |  76.89%
 5369s|122000 |   105 | 51922k| 425.6 |   349M |  39 |1101 |  10k|2887 | 566k|  2 | 159k|  11 | 0.000000e+00 |      --      |    Inf |  76.89%
 5371s|122100 |    99 | 51937k| 425.3 |   349M |  39 |1101 |  10k|2693 | 566k|  2 | 159k|  11 | 0.000000e+00 |      --      |    Inf |  76.91%
 5373s|122200 |    97 | 51957k| 425.2 |   349M |  39 |1101 |  10k|   0 | 566k|  0 | 159k|  11 | 0.000000e+00 |      --      |    Inf |  76.92%
 5375s|122300 |   103 | 51979k| 425.0 |   349M |  39 |1101 |  10k|2687 | 567k|  2 | 159k|  11 | 0.000000e+00 |      --      |    Inf |  76.97%
 5378s|122400 |   104 | 52002k| 424.8 |   349M |  39 |1101 |  10k|   0 | 567k|  0 | 159k|  11 | 0.000000e+00 |      --      |    Inf |  76.99%
 5379s|122500 |   104 | 52018k| 424.6 |   349M |  39 |1101 |  10k|3039 | 567k|  2 | 160k|  11 | 0.000000e+00 |      --      |    Inf |  77.00%
 5382s|122600 |   104 | 52046k| 424.5 |   349M |  39 |1101 |  10k|2717 | 567k|  2 | 160k|  11 | 0.000000e+00 |      --      |    Inf |  77.01%
 5387s|122700 |    97 | 52101k| 424.6 |   349M |  39 |1101 |  10k|2914 | 568k|  0 | 160k|  11 | 0.000000e+00 |      --      |    Inf |  77.02%
 5392s|122800 |    98 | 52143k| 424.6 |   349M |  39 |1101 |  10k|2886 | 569k|  0 | 160k|  11 | 0.000000e+00 |      --      |    Inf |  77.08%
 5396s|122900 |    99 | 52189k| 424.6 |   349M |  39 |1101 |  10k|2963 | 570k|  2 | 160k|  11 | 0.000000e+00 |      --      |    Inf |  77.12%
 5402s|123000 |   102 | 52245k| 424.7 |   349M |  39 |1101 |  10k|3331 | 571k|  2 | 161k|  11 | 0.000000e+00 |      --      |    Inf |  77.13%
 5407s|123100 |    97 | 52291k| 424.8 |   349M |  39 |1101 |  10k|2870 | 571k|  2 | 161k|  11 | 0.000000e+00 |      --      |    Inf |  77.15%
 5412s|123200 |    96 | 52337k| 424.8 |   349M |  39 |1101 |  10k|3328 | 571k|  1 | 161k|  11 | 0.000000e+00 |      --      |    Inf |  77.16%
 time | node  | left  |LP iter|LP it/n|mem/heur|mdpt |vars |cons |rows |cuts |sepa|confs|strbr|  dualbound   | primalbound  |  gap   | compl. 
 5417s|123300 |    95 | 52386k| 424.8 |   349M |  39 |1101 |  10k|3004 | 572k|  2 | 161k|  11 | 0.000000e+00 |      --      |    Inf |  77.17%
 5422s|123400 |    95 | 52438k| 424.9 |   349M |  39 |1101 |  10k|3119 | 573k|  2 | 161k|  11 | 0.000000e+00 |      --      |    Inf |  77.18%
 5428s|123500 |   101 | 52494k| 425.0 |   350M |  39 |1101 |  10k|3249 | 574k|  0 | 161k|  11 | 0.000000e+00 |      --      |    Inf |  77.67%
 5434s|123600 |   105 | 52554k| 425.2 |   350M |  39 |1101 |  10k|2926 | 575k|  2 | 161k|  11 | 0.000000e+00 |      --      |    Inf |  77.80%
 5441s|123700 |    94 | 52615k| 425.3 |   350M |  39 |1101 |  10k|3262 | 576k|  0 | 162k|  11 | 0.000000e+00 |      --      |    Inf |  77.84%
 5448s|123800 |    93 | 52687k| 425.6 |   351M |  39 |1101 |  10k|2811 | 577k|  2 | 162k|  11 | 0.000000e+00 |      --      |    Inf |  78.35%
 5454s|123900 |   108 | 52743k| 425.7 |   351M |  39 |1101 |  10k|3011 | 578k|  0 | 162k|  11 | 0.000000e+00 |      --      |    Inf |  78.36%
 5461s|124000 |   105 | 52802k| 425.8 |   351M |  39 |1101 |  10k|3102 | 579k|  2 | 162k|  11 | 0.000000e+00 |      --      |    Inf |  78.37%
 5466s|124100 |   105 | 52856k| 425.9 |   351M |  39 |1101 |  10k|3068 | 580k|  2 | 162k|  11 | 0.000000e+00 |      --      |    Inf |  78.37%
 5471s|124200 |   102 | 52901k| 425.9 |   351M |  39 |1101 |  10k|2985 | 580k|  0 | 162k|  11 | 0.000000e+00 |      --      |    Inf |  78.39%
 5476s|124300 |   105 | 52954k| 426.0 |   351M |  39 |1101 |  10k|3147 | 581k|  0 | 163k|  11 | 0.000000e+00 |      --      |    Inf |  78.40%
 5482s|124400 |   105 | 53014k| 426.1 |   351M |  39 |1101 |  10k|   0 | 582k|  0 | 163k|  11 | 0.000000e+00 |      --      |    Inf |  78.40%
 5487s|124500 |   105 | 53065k| 426.2 |   351M |  39 |1101 |  10k|3153 | 582k|  2 | 163k|  11 | 0.000000e+00 |      --      |    Inf |  78.41%
 5493s|124600 |   104 | 53125k| 426.3 |   351M |  39 |1101 |  10k|3201 | 583k|  2 | 163k|  11 | 0.000000e+00 |      --      |    Inf |  78.41%
 5498s|124700 |   104 | 53167k| 426.3 |   351M |  39 |1101 |  10k|3329 | 583k|  2 | 163k|  11 | 0.000000e+00 |      --      |    Inf |  78.41%
 time | node  | left  |LP iter|LP it/n|mem/heur|mdpt |vars |cons |rows |cuts |sepa|confs|strbr|  dualbound   | primalbound  |  gap   | compl. 
 5501s|124800 |   100 | 53205k| 426.3 |   351M |  39 |1101 |  10k|   0 | 583k|  0 | 164k|  11 | 0.000000e+00 |      --      |    Inf |  78.41%
 5506s|124900 |    96 | 53248k| 426.3 |   351M |  39 |1101 |  10k|3037 | 584k|  0 | 164k|  11 | 0.000000e+00 |      --      |    Inf |  78.42%
 5511s|125000 |    99 | 53300k| 426.4 |   351M |  39 |1101 |  10k|   0 | 585k|  0 | 164k|  11 | 0.000000e+00 |      --      |    Inf |  78.48%
 5516s|125100 |   100 | 53355k| 426.5 |   351M |  39 |1101 |  10k|3031 | 585k|  0 | 164k|  11 | 0.000000e+00 |      --      |    Inf |  78.48%
 5521s|125200 |    98 | 53407k| 426.5 |   351M |  39 |1101 |  10k|2995 | 586k|  0 | 164k|  11 | 0.000000e+00 |      --      |    Inf |  78.49%
 5526s|125300 |   107 | 53453k| 426.6 |   351M |  39 |1101 |  10k|3077 | 586k|  0 | 164k|  11 | 0.000000e+00 |      --      |    Inf |  78.49%
 5531s|125400 |   103 | 53500k| 426.6 |   351M |  39 |1101 |  10k|   0 | 587k|  0 | 164k|  11 | 0.000000e+00 |      --      |    Inf |  78.49%
 5537s|125500 |   105 | 53564k| 426.8 |   351M |  39 |1101 |  10k|3115 | 588k|  0 | 165k|  11 | 0.000000e+00 |      --      |    Inf |  78.49%
 5543s|125600 |   100 | 53622k| 426.9 |   351M |  39 |1101 |  10k|   0 | 589k|  0 | 165k|  11 | 0.000000e+00 |      --      |    Inf |  78.50%
 5548s|125700 |   100 | 53668k| 426.9 |   351M |  39 |1101 |  10k|3074 | 589k|  2 | 165k|  11 | 0.000000e+00 |      --      |    Inf |  78.50%
 5554s|125800 |    98 | 53732k| 427.1 |   351M |  39 |1101 |  10k|3191 | 590k|  2 | 165k|  11 | 0.000000e+00 |      --      |    Inf |  78.50%
 5560s|125900 |   106 | 53789k| 427.2 |   352M |  39 |1101 |  10k|2989 | 591k|  2 | 165k|  11 | 0.000000e+00 |      --      |    Inf |  78.57%
 5565s|126000 |   104 | 53837k| 427.3 |   352M |  39 |1101 |  10k|2968 | 591k|  2 | 165k|  11 | 0.000000e+00 |      --      |    Inf |  78.57%
 5571s|126100 |   102 | 53894k| 427.4 |   352M |  39 |1101 |  10k|2981 | 592k|  2 | 165k|  11 | 0.000000e+00 |      --      |    Inf |  78.59%
 5576s|126200 |   100 | 53938k| 427.4 |   352M |  39 |1101 |  10k|2940 | 593k|  0 | 165k|  11 | 0.000000e+00 |      --      |    Inf |  78.60%
 time | node  | left  |LP iter|LP it/n|mem/heur|mdpt |vars |cons |rows |cuts |sepa|confs|strbr|  dualbound   | primalbound  |  gap   | compl. 
 5580s|126300 |    96 | 53982k| 427.4 |   352M |  39 |1101 |  10k|   0 | 593k|  0 | 166k|  11 | 0.000000e+00 |      --      |    Inf |  78.60%
 5587s|126400 |   102 | 54040k| 427.5 |   352M |  39 |1101 |  10k|   0 | 594k|  0 | 166k|  11 | 0.000000e+00 |      --      |    Inf |  78.63%
 5591s|126500 |   105 | 54085k| 427.5 |   352M |  39 |1101 |  10k|2993 | 595k|  0 | 166k|  11 | 0.000000e+00 |      --      |    Inf |  78.64%
 5597s|126600 |   102 | 54137k| 427.6 |   352M |  39 |1101 |  10k|2991 | 595k|  0 | 166k|  11 | 0.000000e+00 |      --      |    Inf |  78.64%
 5601s|126700 |   107 | 54182k| 427.6 |   352M |  39 |1101 |  10k|3017 | 596k|  2 | 166k|  11 | 0.000000e+00 |      --      |    Inf |  78.65%
 5606s|126800 |   103 | 54222k| 427.6 |   352M |  39 |1101 |  10k|   0 | 597k|  0 | 166k|  11 | 0.000000e+00 |      --      |    Inf |  78.65%
 5611s|126900 |   101 | 54268k| 427.6 |   352M |  39 |1101 |  10k|3100 | 597k|  0 | 166k|  11 | 0.000000e+00 |      --      |    Inf |  78.66%
 5616s|127000 |    96 | 54317k| 427.7 |   352M |  39 |1101 |  10k|2950 | 598k|  2 | 167k|  11 | 0.000000e+00 |      --      |    Inf |  78.66%
 5621s|127100 |    93 | 54366k| 427.7 |   352M |  39 |1101 |  10k|2973 | 598k|  0 | 167k|  11 | 0.000000e+00 |      --      |    Inf |  78.66%
 5626s|127200 |   101 | 54412k| 427.7 |   352M |  39 |1101 |  10k|2961 | 599k|  0 | 167k|  11 | 0.000000e+00 |      --      |    Inf |  78.67%
 5629s|127300 |    99 | 54445k| 427.7 |   352M |  39 |1101 |  10k|   0 | 600k|  0 | 167k|  11 | 0.000000e+00 |      --      |    Inf |  78.69%
 5635s|127400 |    97 | 54488k| 427.7 |   352M |  39 |1101 |  10k|3029 | 600k|  0 | 167k|  11 | 0.000000e+00 |      --      |    Inf |  78.72%
 5644s|127500 |   104 | 54525k| 427.6 |   352M |  39 |1101 |  10k|3140 | 601k|  1 | 167k|  11 | 0.000000e+00 |      --      |    Inf |  78.72%
 5653s|127600 |   103 | 54568k| 427.6 |   352M |  39 |1101 |  10k|3122 | 601k|  2 | 168k|  11 | 0.000000e+00 |      --      |    Inf |  78.73%
 5663s|127700 |   104 | 54612k| 427.6 |   352M |  39 |1101 |  10k|3123 | 602k|  1 | 168k|  11 | 0.000000e+00 |      --      |    Inf |  78.74%
 time | node  | left  |LP iter|LP it/n|mem/heur|mdpt |vars |cons |rows |cuts |sepa|confs|strbr|  dualbound   | primalbound  |  gap   | compl. 
 5672s|127800 |    95 | 54657k| 427.7 |   352M |  39 |1101 |  10k|3053 | 602k|  2 | 168k|  11 | 0.000000e+00 |      --      |    Inf |  78.76%
 5682s|127900 |    94 | 54706k| 427.7 |   352M |  39 |1101 |  10k|3062 | 602k|  2 | 168k|  11 | 0.000000e+00 |      --      |    Inf |  78.77%
 5692s|128000 |    90 | 54753k| 427.7 |   352M |  39 |1101 |  10k|3101 | 603k|  0 | 168k|  11 | 0.000000e+00 |      --      |    Inf |  78.77%
 5704s|128100 |   106 | 54803k| 427.8 |   352M |  39 |1101 |  10k|3271 | 603k|  0 | 168k|  11 | 0.000000e+00 |      --      |    Inf |  78.80%
 5713s|128200 |   109 | 54846k| 427.8 |   352M |  39 |1101 |  10k|3325 | 604k|  0 | 169k|  11 | 0.000000e+00 |      --      |    Inf |  78.80%
 5722s|128300 |   106 | 54888k| 427.8 |   352M |  39 |1101 |  10k|2746 | 604k|  0 | 169k|  11 | 0.000000e+00 |      --      |    Inf |  78.80%
 5732s|128400 |   103 | 54935k| 427.8 |   352M |  39 |1101 |  10k|3315 | 604k|  0 | 169k|  11 | 0.000000e+00 |      --      |    Inf |  78.80%
 5743s|128500 |    98 | 54985k| 427.9 |   352M |  39 |1101 |  10k|3283 | 604k|  0 | 169k|  11 | 0.000000e+00 |      --      |    Inf |  78.80%
 5755s|128600 |    98 | 55036k| 427.9 |   352M |  39 |1101 |  10k|3324 | 604k|  0 | 169k|  11 | 0.000000e+00 |      --      |    Inf |  78.81%
 5766s|128700 |    98 | 55086k| 428.0 |   352M |  39 |1101 |  10k|2452 | 605k|  2 | 169k|  11 | 0.000000e+00 |      --      |    Inf |  78.81%
 5774s|128800 |   105 | 55130k| 428.0 |   352M |  39 |1101 |  10k|3326 | 605k|  2 | 170k|  11 | 0.000000e+00 |      --      |    Inf |  78.81%
 5783s|128900 |   109 | 55172k| 428.0 |   352M |  39 |1101 |  10k|2639 | 606k|  2 | 170k|  11 | 0.000000e+00 |      --      |    Inf |  78.82%
 5793s|129000 |   101 | 55220k| 428.0 |   352M |  39 |1101 |  10k|2776 | 607k|  2 | 170k|  11 | 0.000000e+00 |      --      |    Inf |  78.82%
 5801s|129100 |   103 | 55262k| 428.0 |   352M |  39 |1101 |  10k|2849 | 607k|  0 | 170k|  11 | 0.000000e+00 |      --      |    Inf |  78.82%
 5811s|129200 |   102 | 55308k| 428.1 |   352M |  39 |1101 |  10k|2856 | 608k|  1 | 170k|  11 | 0.000000e+00 |      --      |    Inf |  78.82%
 time | node  | left  |LP iter|LP it/n|mem/heur|mdpt |vars |cons |rows |cuts |sepa|confs|strbr|  dualbound   | primalbound  |  gap   | compl. 
 5819s|129300 |    99 | 55348k| 428.0 |   352M |  39 |1101 |  10k|3340 | 608k|  2 | 170k|  11 | 0.000000e+00 |      --      |    Inf |  78.82%
 5830s|129400 |    99 | 55401k| 428.1 |   352M |  39 |1101 |  10k|2619 | 609k|  1 | 171k|  11 | 0.000000e+00 |      --      |    Inf |  78.82%
 5840s|129500 |    98 | 55448k| 428.1 |   352M |  39 |1101 |  10k|3316 | 610k|  2 | 171k|  11 | 0.000000e+00 |      --      |    Inf |  78.82%
 5851s|129600 |    97 | 55500k| 428.2 |   352M |  39 |1101 |  10k|3340 | 610k|  2 | 171k|  11 | 0.000000e+00 |      --      |    Inf |  78.83%
 5864s|129700 |   108 | 55561k| 428.4 |   352M |  39 |1101 |  10k|2757 | 611k|  2 | 171k|  11 | 0.000000e+00 |      --      |    Inf |  78.83%
 5871s|129800 |   114 | 55595k| 428.3 |   352M |  39 |1101 |  10k|2870 | 611k|  2 | 171k|  11 | 0.000000e+00 |      --      |    Inf |  78.83%
 5880s|129900 |   112 | 55636k| 428.3 |   352M |  39 |1101 |  10k|   0 | 612k|  0 | 171k|  11 | 0.000000e+00 |      --      |    Inf |  78.83%
 5885s|130000 |   120 | 55660k| 428.1 |   352M |  39 |1101 |  10k|2901 | 613k|  2 | 171k|  11 | 0.000000e+00 |      --      |    Inf |  78.83%
 5888s|130100 |   117 | 55681k| 428.0 |   352M |  39 |1101 |  10k|2886 | 613k|  2 | 171k|  11 | 0.000000e+00 |      --      |    Inf |  78.83%
 5892s|130200 |   115 | 55722k| 427.9 |   352M |  39 |1101 |  10k|3307 | 614k|  1 | 171k|  11 | 0.000000e+00 |      --      |    Inf |  78.84%
 5896s|130300 |   107 | 55769k| 428.0 |   352M |  39 |1101 |  10k|2815 | 614k|  2 | 172k|  11 | 0.000000e+00 |      --      |    Inf |  78.84%
 5897s|130400 |   119 | 55781k| 427.7 |   352M |  39 |1101 |  10k|   0 | 614k|  0 | 172k|  11 | 0.000000e+00 |      --      |    Inf |  78.84%
 5899s|130500 |   119 | 55799k| 427.6 |   352M |  39 |1101 |  10k|2472 | 615k|  1 | 172k|  11 | 0.000000e+00 |      --      |    Inf |  78.84%
 5902s|130600 |   127 | 55813k| 427.3 |   352M |  39 |1101 |  10k|   0 | 615k|  0 | 172k|  11 | 0.000000e+00 |      --      |    Inf |  78.84%
 5903s|130700 |   117 | 55824k| 427.1 |   352M |  39 |1101 |  10k|2457 | 615k|  0 | 172k|  11 | 0.000000e+00 |      --      |    Inf |  78.84%
 time | node  | left  |LP iter|LP it/n|mem/heur|mdpt |vars |cons |rows |cuts |sepa|confs|strbr|  dualbound   | primalbound  |  gap   | compl. 
 5905s|130800 |   115 | 55840k| 426.9 |   352M |  39 |1101 |  10k|2462 | 615k|  0 | 172k|  11 | 0.000000e+00 |      --      |    Inf |  78.84%
 5906s|130900 |   114 | 55856k| 426.7 |   352M |  39 |1101 |  10k|2491 | 616k|  2 | 172k|  11 | 0.000000e+00 |      --      |    Inf |  78.84%
 5907s|131000 |   121 | 55872k| 426.5 |   352M |  39 |1101 |  10k|2520 | 616k|  2 | 172k|  11 | 0.000000e+00 |      --      |    Inf |  78.84%
 5909s|131100 |   113 | 55886k| 426.3 |   352M |  39 |1101 |  10k|2523 | 616k|  2 | 172k|  11 | 0.000000e+00 |      --      |    Inf |  78.84%
 5911s|131200 |   117 | 55906k| 426.1 |   352M |  39 |1101 |  10k|   0 | 617k|  0 | 172k|  11 | 0.000000e+00 |      --      |    Inf |  78.84%
 5912s|131300 |   107 | 55920k| 425.9 |   352M |  39 |1101 |  10k|   0 | 617k|  0 | 173k|  11 | 0.000000e+00 |      --      |    Inf |  78.85%
 5914s|131400 |   115 | 55935k| 425.7 |   352M |  39 |1101 |  10k|   0 | 617k|  0 | 173k|  11 | 0.000000e+00 |      --      |    Inf |  78.85%
 5915s|131500 |   117 | 55946k| 425.4 |   352M |  39 |1101 |  10k|2487 | 617k|  2 | 173k|  11 | 0.000000e+00 |      --      |    Inf |  78.85%
 5916s|131600 |   107 | 55956k| 425.2 |   352M |  39 |1101 |  10k|2471 | 618k|  0 | 173k|  11 | 0.000000e+00 |      --      |    Inf |  78.85%
 5917s|131700 |   120 | 55970k| 425.0 |   352M |  39 |1101 |  10k|2668 | 618k|  1 | 173k|  11 | 0.000000e+00 |      --      |    Inf |  78.85%
 5919s|131800 |   116 | 55984k| 424.7 |   352M |  39 |1101 |  10k|   0 | 618k|  0 | 173k|  11 | 0.000000e+00 |      --      |    Inf |  78.86%
 5920s|131900 |   104 | 56000k| 424.5 |   352M |  39 |1101 |  10k|2678 | 618k|  0 | 173k|  11 | 0.000000e+00 |      --      |    Inf |  78.86%
 5922s|132000 |   111 | 56020k| 424.4 |   352M |  39 |1101 |  10k|2614 | 619k|  0 | 173k|  11 | 0.000000e+00 |      --      |    Inf |  78.86%
 5924s|132100 |   111 | 56038k| 424.2 |   352M |  39 |1101 |  10k|2664 | 619k|  1 | 173k|  11 | 0.000000e+00 |      --      |    Inf |  78.86%
 5926s|132200 |   113 | 56063k| 424.1 |   352M |  39 |1101 |  10k|2745 | 619k|  2 | 174k|  11 | 0.000000e+00 |      --      |    Inf |  78.86%
 time | node  | left  |LP iter|LP it/n|mem/heur|mdpt |vars |cons |rows |cuts |sepa|confs|strbr|  dualbound   | primalbound  |  gap   | compl. 
 5928s|132300 |   112 | 56082k| 423.9 |   352M |  39 |1101 |  10k|2659 | 619k|  2 | 174k|  11 | 0.000000e+00 |      --      |    Inf |  78.86%
 5930s|132400 |   100 | 56108k| 423.7 |   352M |  39 |1101 |  10k|   0 | 620k|  0 | 174k|  11 | 0.000000e+00 |      --      |    Inf |  78.86%
 5932s|132500 |   102 | 56123k| 423.5 |   352M |  39 |1101 |  10k|2653 | 620k|  2 | 174k|  11 | 0.000000e+00 |      --      |    Inf |  78.87%
 5933s|132600 |   108 | 56142k| 423.4 |   352M |  39 |1101 |  10k|2661 | 620k|  0 | 174k|  11 | 0.000000e+00 |      --      |    Inf |  78.87%
 5935s|132700 |   104 | 56155k| 423.2 |   352M |  39 |1101 |  10k|   0 | 620k|  0 | 174k|  11 | 0.000000e+00 |      --      |    Inf |  78.87%
 5936s|132800 |   106 | 56162k| 422.9 |   352M |  39 |1101 |  10k|   0 | 621k|  0 | 174k|  11 | 0.000000e+00 |      --      |    Inf |  78.87%
 5937s|132900 |   108 | 56174k| 422.7 |   352M |  39 |1101 |  10k|2681 | 621k|  2 | 174k|  11 | 0.000000e+00 |      --      |    Inf |  78.87%
 5939s|133000 |   109 | 56198k| 422.5 |   352M |  39 |1101 |  10k|2636 | 621k|  0 | 175k|  11 | 0.000000e+00 |      --      |    Inf |  78.87%
 5941s|133100 |   119 | 56219k| 422.4 |   352M |  39 |1101 |  10k|2669 | 621k|  2 | 175k|  11 | 0.000000e+00 |      --      |    Inf |  78.87%
 5942s|133200 |   109 | 56234k| 422.2 |   352M |  39 |1101 |  10k|   0 | 622k|  0 | 175k|  11 | 0.000000e+00 |      --      |    Inf |  78.87%
 5944s|133300 |   107 | 56252k| 422.0 |   352M |  39 |1101 |  10k|2672 | 622k|  2 | 175k|  11 | 0.000000e+00 |      --      |    Inf |  78.87%
 5946s|133400 |   103 | 56270k| 421.8 |   352M |  39 |1101 |  10k|2691 | 622k|  2 | 175k|  11 | 0.000000e+00 |      --      |    Inf |  78.87%
 5948s|133500 |   114 | 56293k| 421.6 |   352M |  39 |1101 |  10k|2514 | 622k|  2 | 175k|  11 | 0.000000e+00 |      --      |    Inf |  78.87%
 5950s|133600 |   103 | 56316k| 421.5 |   352M |  39 |1101 |  10k|2506 | 623k|  3 | 175k|  11 | 0.000000e+00 |      --      |    Inf |  78.87%
 5951s|133700 |   105 | 56331k| 421.3 |   352M |  39 |1101 |  10k|2671 | 623k|  2 | 175k|  11 | 0.000000e+00 |      --      |    Inf |  78.88%
 time | node  | left  |LP iter|LP it/n|mem/heur|mdpt |vars |cons |rows |cuts |sepa|confs|strbr|  dualbound   | primalbound  |  gap   | compl. 
 5952s|133800 |   104 | 56344k| 421.1 |   352M |  39 |1101 |  10k|2669 | 623k|  2 | 176k|  11 | 0.000000e+00 |      --      |    Inf |  78.88%
 5954s|133900 |    99 | 56355k| 420.9 |   352M |  39 |1101 |  10k|   0 | 623k|  0 | 176k|  11 | 0.000000e+00 |      --      |    Inf |  78.88%
 5956s|134000 |   101 | 56379k| 420.7 |   352M |  39 |1101 |  10k|3248 | 623k|  1 | 176k|  11 | 0.000000e+00 |      --      |    Inf |  78.88%
 5958s|134100 |    95 | 56399k| 420.6 |   352M |  39 |1101 |  10k|3221 | 624k|  1 | 176k|  11 | 0.000000e+00 |      --      |    Inf |  78.88%
 5960s|134200 |   104 | 56423k| 420.4 |   352M |  39 |1101 |  10k|2604 | 624k|  0 | 176k|  11 | 0.000000e+00 |      --      |    Inf |  78.88%
 5963s|134300 |   107 | 56447k| 420.3 |   352M |  39 |1101 |  10k|3246 | 624k|  1 | 176k|  11 | 0.000000e+00 |      --      |    Inf |  78.89%
 5965s|134400 |    99 | 56469k| 420.1 |   352M |  39 |1101 |  10k|2609 | 624k|  2 | 176k|  11 | 0.000000e+00 |      --      |    Inf |  78.89%
 5967s|134500 |   101 | 56490k| 420.0 |   352M |  39 |1101 |  10k|2593 | 625k|  2 | 176k|  11 | 0.000000e+00 |      --      |    Inf |  78.89%
 5968s|134600 |    95 | 56505k| 419.8 |   352M |  39 |1101 |  10k|2556 | 625k|  2 | 177k|  11 | 0.000000e+00 |      --      |    Inf |  78.89%
 5970s|134700 |    92 | 56520k| 419.6 |   352M |  39 |1101 |  10k|2678 | 625k|  2 | 177k|  11 | 0.000000e+00 |      --      |    Inf |  78.89%
 5972s|134800 |    89 | 56540k| 419.4 |   352M |  39 |1101 |  10k|   0 | 625k|  0 | 177k|  11 | 0.000000e+00 |      --      |    Inf |  78.89%
 5976s|134900 |    91 | 56570k| 419.3 |   352M |  39 |1101 |  10k|2805 | 626k|  0 | 177k|  11 | 0.000000e+00 |      --      |    Inf |  78.92%
 5978s|135000 |    98 | 56592k| 419.2 |   352M |  39 |1101 |  10k|2886 | 626k|  0 | 177k|  11 | 0.000000e+00 |      --      |    Inf |  79.06%
 5981s|135100 |    93 | 56619k| 419.1 |   353M |  39 |1101 |  10k|2808 | 626k|  2 | 177k|  11 | 0.000000e+00 |      --      |    Inf |  79.21%
 5984s|135200 |    89 | 56645k| 419.0 |   353M |  39 |1101 |  10k|2862 | 627k|  1 | 177k|  11 | 0.000000e+00 |      --      |    Inf |  79.38%
 time | node  | left  |LP iter|LP it/n|mem/heur|mdpt |vars |cons |rows |cuts |sepa|confs|strbr|  dualbound   | primalbound  |  gap   | compl. 
 5986s|135300 |    94 | 56663k| 418.8 |   353M |  39 |1101 |  10k|2885 | 627k|  2 | 178k|  11 | 0.000000e+00 |      --      |    Inf |  79.40%
 5988s|135400 |    88 | 56683k| 418.6 |   353M |  39 |1101 |  10k|2789 | 627k|  2 | 178k|  11 | 0.000000e+00 |      --      |    Inf |  79.40%
 5990s|135500 |    92 | 56704k| 418.5 |   353M |  39 |1101 |  10k|2460 | 627k|  1 | 178k|  11 | 0.000000e+00 |      --      |    Inf |  79.80%
 5992s|135600 |   105 | 56722k| 418.3 |   353M |  39 |1101 |  10k|2524 | 628k|  2 | 178k|  11 | 0.000000e+00 |      --      |    Inf |  79.83%
 5994s|135700 |   103 | 56742k| 418.1 |   353M |  39 |1101 |  10k|2649 | 628k|  2 | 178k|  11 | 0.000000e+00 |      --      |    Inf |  79.86%
 5997s|135800 |   100 | 56765k| 418.0 |   353M |  39 |1101 |  10k|2630 | 628k|  2 | 178k|  11 | 0.000000e+00 |      --      |    Inf |  79.88%
 5999s|135900 |   100 | 56787k| 417.8 |   353M |  39 |1101 |  10k|2567 | 629k|  2 | 178k|  11 | 0.000000e+00 |      --      |    Inf |  79.94%
 6002s|136000 |   102 | 56816k| 417.7 |   353M |  39 |1101 |  10k|3427 | 629k|  1 | 178k|  11 | 0.000000e+00 |      --      |    Inf |  80.02%
 6005s|136100 |    99 | 56842k| 417.6 |   353M |  39 |1101 |  10k|2773 | 630k|  2 | 179k|  11 | 0.000000e+00 |      --      |    Inf |  80.05%
 6007s|136200 |    97 | 56865k| 417.5 |   353M |  39 |1101 |  10k|2530 | 630k|  1 | 179k|  11 | 0.000000e+00 |      --      |    Inf |  80.06%
 6012s|136300 |   107 | 56893k| 417.4 |   353M |  39 |1101 |  10k|2610 | 630k|  2 | 179k|  11 | 0.000000e+00 |      --      |    Inf |  80.07%
 6017s|136400 |    92 | 56918k| 417.3 |   353M |  39 |1101 |  10k|   0 | 631k|  0 | 179k|  11 | 0.000000e+00 |      --      |    Inf |  80.16%
 6023s|136500 |    91 | 56946k| 417.2 |   353M |  39 |1101 |  10k|2770 | 631k|  2 | 179k|  11 | 0.000000e+00 |      --      |    Inf |  80.30%
 6029s|136600 |    90 | 56972k| 417.0 |   353M |  39 |1101 |  10k|3093 | 631k|  1 | 179k|  11 | 0.000000e+00 |      --      |    Inf |  80.37%
 6036s|136700 |    97 | 57004k| 417.0 |   353M |  39 |1101 |  10k|3258 | 632k|  2 | 179k|  11 | 0.000000e+00 |      --      |    Inf |  80.37%
 time | node  | left  |LP iter|LP it/n|mem/heur|mdpt |vars |cons |rows |cuts |sepa|confs|strbr|  dualbound   | primalbound  |  gap   | compl. 
 6043s|136800 |    95 | 57032k| 416.9 |   353M |  39 |1101 |  10k|3239 | 632k|  2 | 180k|  11 | 0.000000e+00 |      --      |    Inf |  80.37%
 6052s|136900 |    94 | 57071k| 416.9 |   353M |  39 |1101 |  10k|3286 | 632k|  2 | 180k|  11 | 0.000000e+00 |      --      |    Inf |  80.38%
 6062s|137000 |    85 | 57118k| 416.9 |   353M |  39 |1101 |  10k|   0 | 633k|  0 | 180k|  11 | 0.000000e+00 |      --      |    Inf |  80.40%
 6075s|137100 |   101 | 57172k| 417.0 |   353M |  39 |1101 |  10k|   0 | 634k|  0 | 180k|  11 | 0.000000e+00 |      --      |    Inf |  80.75%
 6082s|137200 |    97 | 57205k| 416.9 |   353M |  39 |1101 |  10k|   0 | 634k|  0 | 180k|  11 | 0.000000e+00 |      --      |    Inf |  80.75%
 6096s|137300 |    98 | 57269k| 417.1 |   353M |  39 |1101 |  10k|   0 | 635k|  0 | 180k|  11 | 0.000000e+00 |      --      |    Inf |  80.77%
 6108s|137400 |    95 | 57318k| 417.1 |   353M |  39 |1101 |  10k|2924 | 636k|  2 | 180k|  11 | 0.000000e+00 |      --      |    Inf |  80.80%
 6114s|137500 |    97 | 57348k| 417.1 |   353M |  39 |1101 |  10k|2908 | 636k|  2 | 180k|  11 | 0.000000e+00 |      --      |    Inf |  80.80%
 6119s|137600 |   100 | 57369k| 416.9 |   353M |  39 |1101 |  10k|2942 | 636k|  2 | 181k|  11 | 0.000000e+00 |      --      |    Inf |  80.80%
 6124s|137700 |    94 | 57391k| 416.8 |   353M |  39 |1101 |  10k|2774 | 637k|  2 | 181k|  11 | 0.000000e+00 |      --      |    Inf |  80.81%
 6128s|137800 |    98 | 57411k| 416.6 |   353M |  39 |1101 |  10k|2822 | 637k|  2 | 181k|  11 | 0.000000e+00 |      --      |    Inf |  80.81%
 6132s|137900 |    99 | 57430k| 416.4 |   353M |  39 |1101 |  10k|   0 | 637k|  0 | 181k|  11 | 0.000000e+00 |      --      |    Inf |  80.83%
 6136s|138000 |    95 | 57449k| 416.3 |   353M |  39 |1101 |  10k|   0 | 637k|  0 | 181k|  11 | 0.000000e+00 |      --      |    Inf |  80.83%
 6140s|138100 |    96 | 57465k| 416.1 |   353M |  39 |1101 |  10k|2802 | 637k|  0 | 181k|  11 | 0.000000e+00 |      --      |    Inf |  80.83%
 6144s|138200 |   107 | 57482k| 415.9 |   353M |  39 |1101 |  10k|   0 | 638k|  0 | 181k|  11 | 0.000000e+00 |      --      |    Inf |  80.83%
 time | node  | left  |LP iter|LP it/n|mem/heur|mdpt |vars |cons |rows |cuts |sepa|confs|strbr|  dualbound   | primalbound  |  gap   | compl. 
 6148s|138300 |   104 | 57501k| 415.7 |   353M |  39 |1101 |  10k|2760 | 638k|  1 | 181k|  11 | 0.000000e+00 |      --      |    Inf |  80.84%
 6152s|138400 |   106 | 57521k| 415.6 |   353M |  39 |1101 |  10k|2815 | 638k|  1 | 182k|  11 | 0.000000e+00 |      --      |    Inf |  80.84%
 6154s|138500 |   107 | 57542k| 415.4 |   353M |  39 |1101 |  10k|2800 | 638k|  2 | 182k|  11 | 0.000000e+00 |      --      |    Inf |  80.84%
 6155s|138600 |   105 | 57559k| 415.3 |   353M |  39 |1101 |  10k|2817 | 638k|  1 | 182k|  11 | 0.000000e+00 |      --      |    Inf |  80.84%
 6157s|138700 |   101 | 57578k| 415.1 |   353M |  39 |1101 |  10k|   0 | 638k|  0 | 182k|  11 | 0.000000e+00 |      --      |    Inf |  80.84%
 6159s|138800 |   106 | 57595k| 414.9 |   353M |  39 |1101 |  10k|2817 | 638k|  0 | 182k|  11 | 0.000000e+00 |      --      |    Inf |  80.84%
 6161s|138900 |   105 | 57615k| 414.8 |   353M |  39 |1101 |  10k|2818 | 639k|  0 | 182k|  11 | 0.000000e+00 |      --      |    Inf |  80.85%
 6162s|139000 |   101 | 57635k| 414.6 |   353M |  39 |1101 |  10k|2794 | 639k|  0 | 183k|  11 | 0.000000e+00 |      --      |    Inf |  80.85%
 6164s|139100 |   105 | 57653k| 414.4 |   353M |  39 |1101 |  10k|2790 | 639k|  1 | 183k|  11 | 0.000000e+00 |      --      |    Inf |  80.85%
 6166s|139200 |   103 | 57679k| 414.3 |   353M |  39 |1101 |  10k|   0 | 640k|  0 | 183k|  11 | 0.000000e+00 |      --      |    Inf |  80.85%
 6169s|139300 |   106 | 57712k| 414.3 |   353M |  39 |1101 |  10k|2900 | 640k|  2 | 183k|  11 | 0.000000e+00 |      --      |    Inf |  80.85%
 6173s|139400 |   103 | 57751k| 414.3 |   353M |  39 |1101 |  10k|2873 | 641k|  2 | 183k|  11 | 0.000000e+00 |      --      |    Inf |  80.85%
 6177s|139500 |   102 | 57801k| 414.3 |   353M |  39 |1101 |  10k|2880 | 642k|  0 | 183k|  11 | 0.000000e+00 |      --      |    Inf |  80.85%
 6181s|139600 |   101 | 57842k| 414.3 |   353M |  39 |1101 |  10k|2909 | 642k|  0 | 183k|  11 | 0.000000e+00 |      --      |    Inf |  80.85%
 6184s|139700 |    98 | 57878k| 414.3 |   353M |  39 |1101 |  10k|2928 | 643k|  0 | 184k|  11 | 0.000000e+00 |      --      |    Inf |  80.85%
 time | node  | left  |LP iter|LP it/n|mem/heur|mdpt |vars |cons |rows |cuts |sepa|confs|strbr|  dualbound   | primalbound  |  gap   | compl. 
 6188s|139800 |   102 | 57928k| 414.3 |   353M |  39 |1101 |  10k|2853 | 643k|  2 | 184k|  11 | 0.000000e+00 |      --      |    Inf |  80.85%
 6192s|139900 |   100 | 57974k| 414.4 |   353M |  39 |1101 |  10k|   0 | 644k|  0 | 184k|  11 | 0.000000e+00 |      --      |    Inf |  80.85%
 6195s|140000 |   105 | 58004k| 414.3 |   353M |  39 |1101 |  10k|2847 | 644k|  2 | 184k|  11 | 0.000000e+00 |      --      |    Inf |  80.86%
 6199s|140100 |   101 | 58053k| 414.3 |   353M |  39 |1101 |  10k|3025 | 645k|  2 | 184k|  11 | 0.000000e+00 |      --      |    Inf |  80.86%
 6202s|140200 |   104 | 58097k| 414.4 |   353M |  39 |1101 |  10k|2917 | 645k|  2 | 184k|  11 | 0.000000e+00 |      --      |    Inf |  80.86%
 6207s|140300 |   103 | 58146k| 414.4 |   353M |  39 |1101 |  10k|   0 | 646k|  0 | 184k|  11 | 0.000000e+00 |      --      |    Inf |  80.86%
 6210s|140400 |   110 | 58187k| 414.4 |   353M |  39 |1101 |  10k|2930 | 647k|  2 | 185k|  11 | 0.000000e+00 |      --      |    Inf |  80.86%
 6214s|140500 |   102 | 58229k| 414.4 |   353M |  39 |1101 |  10k|2891 | 647k|  0 | 185k|  11 | 0.000000e+00 |      --      |    Inf |  80.86%
 6218s|140600 |    96 | 58275k| 414.4 |   353M |  39 |1101 |  10k|3133 | 647k|  0 | 185k|  11 | 0.000000e+00 |      --      |    Inf |  80.86%
 6222s|140700 |    94 | 58318k| 414.5 |   353M |  39 |1101 |  10k|2880 | 648k|  2 | 185k|  11 | 0.000000e+00 |      --      |    Inf |  80.87%
 6226s|140800 |    98 | 58358k| 414.5 |   353M |  39 |1101 |  10k|3018 | 648k|  0 | 185k|  11 | 0.000000e+00 |      --      |    Inf |  80.88%
 6230s|140900 |    95 | 58405k| 414.5 |   353M |  39 |1101 |  10k|   0 | 649k|  0 | 185k|  11 | 0.000000e+00 |      --      |    Inf |  80.88%
 6235s|141000 |    93 | 58456k| 414.6 |   353M |  39 |1101 |  10k|3088 | 650k|  0 | 185k|  11 | 0.000000e+00 |      --      |    Inf |  80.88%
 6239s|141100 |    98 | 58498k| 414.6 |   354M |  39 |1101 |  10k|3129 | 650k|  0 | 186k|  11 | 0.000000e+00 |      --      |    Inf |  81.08%
 6243s|141200 |   101 | 58536k| 414.5 |   354M |  39 |1101 |  10k|   0 | 650k|  0 | 186k|  11 | 0.000000e+00 |      --      |    Inf |  81.08%
 time | node  | left  |LP iter|LP it/n|mem/heur|mdpt |vars |cons |rows |cuts |sepa|confs|strbr|  dualbound   | primalbound  |  gap   | compl. 
 6245s|141300 |   109 | 58565k| 414.5 |   354M |  39 |1101 |  10k|2851 | 651k|  0 | 186k|  11 | 0.000000e+00 |      --      |    Inf |  81.09%
 6250s|141400 |   123 | 58613k| 414.5 |   354M |  39 |1101 |  10k|3017 | 652k|  2 | 186k|  11 | 0.000000e+00 |      --      |    Inf |  81.09%
 6255s|141500 |   127 | 58655k| 414.5 |   354M |  39 |1101 |  10k|3048 | 652k|  2 | 186k|  11 | 0.000000e+00 |      --      |    Inf |  81.09%
 6259s|141600 |   117 | 58697k| 414.5 |   354M |  39 |1101 |  10k|3117 | 653k|  2 | 186k|  11 | 0.000000e+00 |      --      |    Inf |  81.09%
 6262s|141700 |   114 | 58724k| 414.4 |   354M |  39 |1101 |  10k|   0 | 653k|  0 | 186k|  11 | 0.000000e+00 |      --      |    Inf |  81.09%
 6264s|141800 |   112 | 58752k| 414.3 |   354M |  39 |1101 |  10k|   0 | 654k|  0 | 186k|  11 | 0.000000e+00 |      --      |    Inf |  81.09%
 6267s|141900 |   112 | 58783k| 414.2 |   354M |  39 |1101 |  10k|2762 | 654k|  2 | 186k|  11 | 0.000000e+00 |      --      |    Inf |  81.09%
 6272s|142000 |   108 | 58829k| 414.3 |   354M |  39 |1101 |  10k|   0 | 655k|  0 | 186k|  11 | 0.000000e+00 |      --      |    Inf |  81.10%
 6277s|142100 |   111 | 58873k| 414.3 |   354M |  39 |1101 |  10k|   0 | 656k|  0 | 186k|  11 | 0.000000e+00 |      --      |    Inf |  81.10%
 6280s|142200 |   112 | 58903k| 414.2 |   354M |  39 |1101 |  10k|2799 | 656k|  2 | 187k|  11 | 0.000000e+00 |      --      |    Inf |  81.10%
 6282s|142300 |   111 | 58930k| 414.1 |   354M |  39 |1101 |  10k|2800 | 657k|  2 | 187k|  11 | 0.000000e+00 |      --      |    Inf |  81.10%
 6286s|142400 |   115 | 58964k| 414.1 |   354M |  39 |1101 |  10k|3000 | 657k|  2 | 187k|  11 | 0.000000e+00 |      --      |    Inf |  81.10%
 6290s|142500 |   111 | 59003k| 414.0 |   354M |  39 |1101 |  10k|   0 | 658k|  0 | 187k|  11 | 0.000000e+00 |      --      |    Inf |  81.10%
 6294s|142600 |   101 | 59036k| 414.0 |   354M |  39 |1101 |  10k|2758 | 659k|  2 | 187k|  11 | 0.000000e+00 |      --      |    Inf |  81.10%
 6297s|142700 |    98 | 59072k| 413.9 |   354M |  39 |1101 |  10k|2762 | 659k|  2 | 187k|  11 | 0.000000e+00 |      --      |    Inf |  81.11%
 time | node  | left  |LP iter|LP it/n|mem/heur|mdpt |vars |cons |rows |cuts |sepa|confs|strbr|  dualbound   | primalbound  |  gap   | compl. 
 6301s|142800 |   101 | 59108k| 413.9 |   354M |  39 |1101 |  10k|2967 | 660k|  2 | 187k|  11 | 0.000000e+00 |      --      |    Inf |  81.13%
 6306s|142900 |   109 | 59157k| 414.0 |   354M |  39 |1101 |  10k|   0 | 661k|  0 | 187k|  11 | 0.000000e+00 |      --      |    Inf |  81.14%
 6310s|143000 |   109 | 59195k| 413.9 |   354M |  39 |1101 |  10k|2910 | 662k|  2 | 187k|  11 | 0.000000e+00 |      --      |    Inf |  81.16%
 6314s|143100 |   104 | 59241k| 414.0 |   354M |  39 |1101 |  10k|   0 | 663k|  0 | 188k|  11 | 0.000000e+00 |      --      |    Inf |  81.16%
 6318s|143200 |   106 | 59280k| 413.9 |   354M |  39 |1101 |  10k|2789 | 663k|  2 | 188k|  11 | 0.000000e+00 |      --      |    Inf |  81.17%
 6323s|143300 |   104 | 59331k| 414.0 |   354M |  39 |1101 |  10k|   0 | 664k|  0 | 188k|  11 | 0.000000e+00 |      --      |    Inf |  81.17%
 6327s|143400 |   105 | 59364k| 414.0 |   354M |  39 |1101 |  10k|2873 | 665k|  2 | 188k|  11 | 0.000000e+00 |      --      |    Inf |  81.17%
 6332s|143500 |   108 | 59414k| 414.0 |   354M |  39 |1101 |  10k|2973 | 666k|  0 | 188k|  11 | 0.000000e+00 |      --      |    Inf |  81.18%
 6336s|143600 |   106 | 59451k| 414.0 |   354M |  39 |1101 |  10k|2945 | 667k|  2 | 188k|  11 | 0.000000e+00 |      --      |    Inf |  81.18%
 6341s|143700 |   102 | 59498k| 414.0 |   354M |  39 |1101 |  10k|2694 | 668k|  2 | 188k|  11 | 0.000000e+00 |      --      |    Inf |  81.22%
 6346s|143800 |    99 | 59546k| 414.1 |   354M |  39 |1101 |  10k|2801 | 668k|  1 | 188k|  11 | 0.000000e+00 |      --      |    Inf |  81.40%
 6350s|143900 |    98 | 59588k| 414.1 |   354M |  39 |1101 |  10k|2948 | 669k|  2 | 188k|  11 | 0.000000e+00 |      --      |    Inf |  81.41%
 6356s|144000 |    99 | 59644k| 414.2 |   354M |  39 |1101 |  10k|3193 | 670k|  0 | 189k|  11 | 0.000000e+00 |      --      |    Inf |  81.43%
 6362s|144100 |   100 | 59698k| 414.3 |   356M |  39 |1101 |  10k|3481 | 670k|  1 | 189k|  11 | 0.000000e+00 |      --      |    Inf |  81.71%
 6368s|144200 |   100 | 59756k| 414.4 |   356M |  39 |1101 |  10k|2710 | 671k|  0 | 189k|  11 | 0.000000e+00 |      --      |    Inf |  81.93%
 time | node  | left  |LP iter|LP it/n|mem/heur|mdpt |vars |cons |rows |cuts |sepa|confs|strbr|  dualbound   | primalbound  |  gap   | compl. 
 6375s|144300 |   101 | 59820k| 414.5 |   356M |  39 |1101 |  10k|   0 | 672k|  0 | 189k|  11 | 0.000000e+00 |      --      |    Inf |  82.06%
 6380s|144400 |    99 | 59868k| 414.6 |   356M |  39 |1101 |  10k|3288 | 673k|  1 | 189k|  11 | 0.000000e+00 |      --      |    Inf |  82.14%
 6384s|144500 |    97 | 59910k| 414.6 |   356M |  39 |1101 |  10k|3325 | 673k|  2 | 189k|  11 | 0.000000e+00 |      --      |    Inf |  82.14%
 6389s|144600 |    97 | 59957k| 414.6 |   356M |  39 |1101 |  10k|2854 | 673k|  2 | 189k|  11 | 0.000000e+00 |      --      |    Inf |  82.15%
 6394s|144700 |    95 | 60008k| 414.7 |   356M |  39 |1101 |  10k|2902 | 674k|  0 | 190k|  11 | 0.000000e+00 |      --      |    Inf |  82.15%
 6399s|144800 |   111 | 60049k| 414.7 |   356M |  39 |1101 |  10k|3282 | 674k|  2 | 190k|  11 | 0.000000e+00 |      --      |    Inf |  82.18%
 6401s|144900 |   104 | 60071k| 414.5 |   356M |  39 |1101 |  10k|3298 | 675k|  2 | 190k|  11 | 0.000000e+00 |      --      |    Inf |  82.18%
 6405s|145000 |    90 | 60102k| 414.5 |   356M |  39 |1101 |  10k|2830 | 675k|  0 | 190k|  11 | 0.000000e+00 |      --      |    Inf |  82.20%
 6411s|145100 |    97 | 60157k| 414.6 |   356M |  39 |1101 |  10k|3373 | 676k|  2 | 190k|  11 | 0.000000e+00 |      --      |    Inf |  82.60%
 6416s|145200 |    94 | 60208k| 414.6 |   356M |  39 |1101 |  10k|3371 | 676k|  2 | 190k|  11 | 0.000000e+00 |      --      |    Inf |  82.60%
 6420s|145300 |    95 | 60248k| 414.6 |   356M |  39 |1101 |  10k|3394 | 676k|  0 | 190k|  11 | 0.000000e+00 |      --      |    Inf |  82.60%
 6425s|145400 |    96 | 60293k| 414.6 |   356M |  39 |1101 |  10k|3355 | 676k|  2 | 190k|  11 | 0.000000e+00 |      --      |    Inf |  82.61%
 6430s|145500 |   102 | 60339k| 414.7 |   356M |  39 |1101 |  10k|3419 | 677k|  0 | 190k|  11 | 0.000000e+00 |      --      |    Inf |  82.61%
 6435s|145600 |   100 | 60389k| 414.7 |   356M |  39 |1101 |  10k|3424 | 677k|  0 | 191k|  11 | 0.000000e+00 |      --      |    Inf |  82.61%
 6441s|145700 |    94 | 60439k| 414.8 |   356M |  39 |1101 |  10k|3388 | 677k|  2 | 191k|  11 | 0.000000e+00 |      --      |    Inf |  82.61%
 time | node  | left  |LP iter|LP it/n|mem/heur|mdpt |vars |cons |rows |cuts |sepa|confs|strbr|  dualbound   | primalbound  |  gap   | compl. 
 6448s|145800 |    93 | 60504k| 415.0 |   356M |  39 |1101 |  10k|3406 | 677k|  2 | 191k|  11 | 0.000000e+00 |      --      |    Inf |  82.61%
 6454s|145900 |    90 | 60560k| 415.1 |   356M |  39 |1101 |  10k|3400 | 678k|  0 | 191k|  11 | 0.000000e+00 |      --      |    Inf |  82.61%
 6458s|146000 |    93 | 60603k| 415.1 |   356M |  39 |1101 |  10k|3351 | 678k|  0 | 191k|  11 | 0.000000e+00 |      --      |    Inf |  82.64%
 6463s|146100 |    91 | 60655k| 415.1 |   356M |  39 |1101 |  10k|2819 | 679k|  0 | 191k|  11 | 0.000000e+00 |      --      |    Inf |  82.70%
 6469s|146200 |    87 | 60707k| 415.2 |   356M |  39 |1101 |  10k|   0 | 680k|  0 | 191k|  11 | 0.000000e+00 |      --      |    Inf |  82.71%
 6474s|146300 |    85 | 60755k| 415.3 |   356M |  39 |1101 |  10k|3284 | 680k|  2 | 191k|  11 | 0.000000e+00 |      --      |    Inf |  82.90%
 6479s|146400 |    87 | 60809k| 415.3 |   356M |  39 |1101 |  10k|2890 | 681k|  0 | 192k|  11 | 0.000000e+00 |      --      |    Inf |  82.95%
 6486s|146500 |    88 | 60869k| 415.5 |   356M |  39 |1101 |  10k|2919 | 682k|  2 | 192k|  11 | 0.000000e+00 |      --      |    Inf |  82.97%
 6492s|146600 |    86 | 60928k| 415.6 |   356M |  39 |1101 |  10k|2844 | 683k|  2 | 192k|  11 | 0.000000e+00 |      --      |    Inf |  82.98%
 6498s|146700 |    80 | 60987k| 415.7 |   356M |  39 |1101 |  10k|2984 | 684k|  2 | 192k|  11 | 0.000000e+00 |      --      |    Inf |  82.99%
 6504s|146800 |    83 | 61041k| 415.8 |   357M |  39 |1101 |  10k|2938 | 685k|  2 | 192k|  11 | 0.000000e+00 |      --      |    Inf |  83.01%
 6509s|146900 |    81 | 61090k| 415.8 |   357M |  39 |1101 |  10k|3297 | 686k|  2 | 192k|  11 | 0.000000e+00 |      --      |    Inf |  83.03%
 6515s|147000 |    83 | 61146k| 415.9 |   357M |  39 |1101 |  10k|3373 | 686k|  0 | 192k|  11 | 0.000000e+00 |      --      |    Inf |  83.04%
 6521s|147100 |    78 | 61193k| 416.0 |   357M |  39 |1101 |  10k|3416 | 686k|  0 | 193k|  11 | 0.000000e+00 |      --      |    Inf |  83.04%
 6526s|147200 |    80 | 61242k| 416.0 |   357M |  39 |1101 |  10k|3440 | 686k|  2 | 193k|  11 | 0.000000e+00 |      --      |    Inf |  83.05%
 time | node  | left  |LP iter|LP it/n|mem/heur|mdpt |vars |cons |rows |cuts |sepa|confs|strbr|  dualbound   | primalbound  |  gap   | compl. 
 6532s|147300 |    83 | 61301k| 416.1 |   357M |  39 |1101 |  10k|3336 | 687k|  1 | 193k|  11 | 0.000000e+00 |      --      |    Inf |  83.06%
 6537s|147400 |    78 | 61344k| 416.2 |   357M |  39 |1101 |  10k|3301 | 687k|  2 | 193k|  11 | 0.000000e+00 |      --      |    Inf |  83.06%
 6543s|147500 |    83 | 61401k| 416.3 |   357M |  39 |1101 |  10k|   0 | 687k|  0 | 193k|  11 | 0.000000e+00 |      --      |    Inf |  83.08%
 6551s|147600 |    85 | 61464k| 416.4 |   357M |  39 |1101 |  10k|3418 | 688k|  0 | 193k|  11 | 0.000000e+00 |      --      |    Inf |  83.08%
 6557s|147700 |    79 | 61519k| 416.5 |   357M |  39 |1101 |  10k|3372 | 688k|  2 | 193k|  11 | 0.000000e+00 |      --      |    Inf |  83.09%
 6562s|147800 |    79 | 61569k| 416.5 |   357M |  39 |1101 |  10k|3408 | 688k|  0 | 193k|  11 | 0.000000e+00 |      --      |    Inf |  83.12%
 6568s|147900 |    71 | 61619k| 416.6 |   357M |  39 |1101 |  10k|3240 | 688k|  2 | 194k|  11 | 0.000000e+00 |      --      |    Inf |  83.12%
 6575s|148000 |    76 | 61684k| 416.8 |   359M |  39 |1101 |  10k|3213 | 690k|  2 | 194k|  11 | 0.000000e+00 |      --      |    Inf |  84.39%
 6582s|148100 |    73 | 61751k| 416.9 |   359M |  39 |1101 |  10k|2708 | 691k|  2 | 194k|  11 | 0.000000e+00 |      --      |    Inf |  84.50%
 6590s|148200 |    80 | 61824k| 417.1 |   360M |  39 |1101 |  10k|2844 | 692k|  0 | 194k|  11 | 0.000000e+00 |      --      |    Inf |  84.77%
 6595s|148300 |    75 | 61872k| 417.2 |   360M |  39 |1101 |  10k|   0 | 692k|  0 | 194k|  11 | 0.000000e+00 |      --      |    Inf |  84.94%
 6602s|148400 |    89 | 61940k| 417.4 |   361M |  39 |1101 |  10k|3052 | 693k|  2 | 194k|  11 | 0.000000e+00 |      --      |    Inf |  85.07%
 6608s|148500 |    85 | 62001k| 417.5 |   361M |  39 |1101 |  10k|3358 | 694k|  2 | 194k|  11 | 0.000000e+00 |      --      |    Inf |  85.19%
 6615s|148600 |   101 | 62067k| 417.7 |   361M |  39 |1101 |  10k|3173 | 695k|  3 | 194k|  11 | 0.000000e+00 |      --      |    Inf |  85.20%
 6623s|148700 |    91 | 62136k| 417.8 |   361M |  39 |1101 |  10k|3164 | 696k|  2 | 195k|  11 | 0.000000e+00 |      --      |    Inf |  85.21%
 time | node  | left  |LP iter|LP it/n|mem/heur|mdpt |vars |cons |rows |cuts |sepa|confs|strbr|  dualbound   | primalbound  |  gap   | compl. 
 6630s|148800 |    83 | 62204k| 418.0 |   361M |  39 |1101 |  10k|3269 | 696k|  0 | 195k|  11 | 0.000000e+00 |      --      |    Inf |  85.22%
 6637s|148900 |    83 | 62270k| 418.2 |   363M |  39 |1101 |  10k|3368 | 697k|  1 | 195k|  11 | 0.000000e+00 |      --      |    Inf |  85.43%
 6644s|149000 |    77 | 62332k| 418.3 |   363M |  39 |1101 |  10k|   0 | 698k|  0 | 195k|  11 | 0.000000e+00 |      --      |    Inf |  85.53%
 6650s|149100 |    77 | 62392k| 418.4 |   363M |  39 |1101 |  10k|3308 | 699k|  0 | 195k|  11 | 0.000000e+00 |      --      |    Inf |  85.99%
 6655s|149200 |    79 | 62440k| 418.5 |   363M |  39 |1101 |  10k|3106 | 699k|  2 | 196k|  11 | 0.000000e+00 |      --      |    Inf |  86.01%
 6661s|149300 |    82 | 62499k| 418.6 |   363M |  39 |1101 |  10k|3158 | 700k|  2 | 196k|  11 | 0.000000e+00 |      --      |    Inf |  86.02%
 6667s|149400 |    76 | 62556k| 418.7 |   363M |  39 |1101 |  10k|3262 | 701k|  2 | 196k|  11 | 0.000000e+00 |      --      |    Inf |  86.03%
 6673s|149500 |    76 | 62612k| 418.8 |   363M |  39 |1101 |  10k|3293 | 701k|  2 | 196k|  11 | 0.000000e+00 |      --      |    Inf |  86.05%
 6680s|149600 |    74 | 62675k| 418.9 |   364M |  39 |1101 |  10k|2946 | 702k|  2 | 196k|  11 | 0.000000e+00 |      --      |    Inf |  86.26%
 6686s|149700 |    70 | 62736k| 419.1 |   364M |  39 |1101 |  10k|3062 | 703k|  0 | 196k|  11 | 0.000000e+00 |      --      |    Inf |  86.31%
 6691s|149800 |    78 | 62785k| 419.1 |   364M |  39 |1101 |  10k|2830 | 703k|  2 | 196k|  11 | 0.000000e+00 |      --      |    Inf |  86.33%
 6695s|149900 |    80 | 62825k| 419.1 |   364M |  39 |1101 |  10k|3390 | 704k|  2 | 196k|  11 | 0.000000e+00 |      --      |    Inf |  86.33%
 6700s|150000 |    81 | 62874k| 419.1 |   364M |  39 |1101 |  10k|2850 | 705k|  2 | 197k|  11 | 0.000000e+00 |      --      |    Inf |  86.34%
 6704s|150100 |    93 | 62916k| 419.1 |   364M |  39 |1101 |  10k|2997 | 705k|  0 | 197k|  11 | 0.000000e+00 |      --      |    Inf |  86.34%
 6708s|150200 |    88 | 62959k| 419.1 |   364M |  39 |1101 |  10k|2941 | 706k|  0 | 197k|  11 | 0.000000e+00 |      --      |    Inf |  86.34%
 time | node  | left  |LP iter|LP it/n|mem/heur|mdpt |vars |cons |rows |cuts |sepa|confs|strbr|  dualbound   | primalbound  |  gap   | compl. 
 6712s|150300 |    94 | 63003k| 419.2 |   364M |  39 |1101 |  10k|2978 | 706k|  0 | 197k|  11 | 0.000000e+00 |      --      |    Inf |  86.34%
 6717s|150400 |    89 | 63045k| 419.2 |   364M |  39 |1101 |  10k|2745 | 706k|  2 | 197k|  11 | 0.000000e+00 |      --      |    Inf |  86.34%
 6721s|150500 |   110 | 63092k| 419.2 |   364M |  39 |1101 |  10k|2884 | 707k|  2 | 197k|  11 | 0.000000e+00 |      --      |    Inf |  86.34%
 6725s|150600 |    96 | 63129k| 419.2 |   364M |  39 |1101 |  10k|2940 | 707k|  2 | 197k|  11 | 0.000000e+00 |      --      |    Inf |  86.34%
 6730s|150700 |    91 | 63174k| 419.2 |   364M |  39 |1101 |  10k|2882 | 708k|  2 | 197k|  11 | 0.000000e+00 |      --      |    Inf |  86.34%
 6735s|150800 |    80 | 63223k| 419.2 |   364M |  39 |1101 |  10k|3274 | 708k|  0 | 198k|  11 | 0.000000e+00 |      --      |    Inf |  86.34%
 6740s|150900 |    86 | 63280k| 419.3 |   364M |  39 |1101 |  10k|3469 | 709k|  1 | 198k|  11 | 0.000000e+00 |      --      |    Inf |  86.35%
 6746s|151000 |    88 | 63332k| 419.4 |   364M |  39 |1101 |  10k|3490 | 709k|  1 | 198k|  11 | 0.000000e+00 |      --      |    Inf |  86.35%
 6751s|151100 |    85 | 63381k| 419.4 |   364M |  39 |1101 |  10k|3513 | 709k|  0 | 198k|  11 | 0.000000e+00 |      --      |    Inf |  86.35%
 6757s|151200 |    85 | 63433k| 419.5 |   364M |  39 |1101 |  10k|3535 | 709k|  0 | 198k|  11 | 0.000000e+00 |      --      |    Inf |  86.35%
 6762s|151300 |    82 | 63478k| 419.5 |   364M |  39 |1101 |  10k|2938 | 709k|  0 | 198k|  11 | 0.000000e+00 |      --      |    Inf |  86.35%
 6766s|151400 |    85 | 63520k| 419.5 |   364M |  39 |1101 |  10k|2961 | 710k|  2 | 198k|  11 | 0.000000e+00 |      --      |    Inf |  86.36%
 6770s|151500 |    84 | 63560k| 419.5 |   364M |  39 |1101 |  10k|2965 | 710k|  0 | 199k|  11 | 0.000000e+00 |      --      |    Inf |  86.36%
 6775s|151600 |    80 | 63609k| 419.6 |   364M |  39 |1101 |  10k|2901 | 710k|  2 | 199k|  11 | 0.000000e+00 |      --      |    Inf |  86.36%
 6778s|151700 |    77 | 63647k| 419.5 |   364M |  39 |1101 |  10k|2957 | 711k|  0 | 199k|  11 | 0.000000e+00 |      --      |    Inf |  86.36%
 time | node  | left  |LP iter|LP it/n|mem/heur|mdpt |vars |cons |rows |cuts |sepa|confs|strbr|  dualbound   | primalbound  |  gap   | compl. 
 6782s|151800 |    80 | 63696k| 419.6 |   364M |  39 |1101 |  10k|2908 | 711k|  2 | 199k|  11 | 0.000000e+00 |      --      |    Inf |  86.36%
 6786s|151900 |    79 | 63742k| 419.6 |   364M |  39 |1101 |  10k|   0 | 712k|  0 | 199k|  11 | 0.000000e+00 |      --      |    Inf |  86.36%
 6790s|152000 |    76 | 63780k| 419.6 |   364M |  39 |1101 |  10k|2781 | 713k|  1 | 199k|  11 | 0.000000e+00 |      --      |    Inf |  86.37%
 6794s|152100 |    75 | 63822k| 419.6 |   364M |  39 |1101 |  10k|3324 | 714k|  2 | 199k|  11 | 0.000000e+00 |      --      |    Inf |  86.38%
 6797s|152200 |    76 | 63858k| 419.5 |   364M |  39 |1101 |  10k|3333 | 714k|  2 | 199k|  11 | 0.000000e+00 |      --      |    Inf |  86.38%
 6801s|152300 |    81 | 63904k| 419.6 |   364M |  39 |1101 |  10k|2796 | 715k|  2 | 200k|  11 | 0.000000e+00 |      --      |    Inf |  86.39%
 6805s|152400 |    75 | 63947k| 419.6 |   364M |  39 |1101 |  10k|3431 | 715k|  1 | 200k|  11 | 0.000000e+00 |      --      |    Inf |  86.39%
 6810s|152500 |    78 | 64007k| 419.7 |   364M |  39 |1101 |  10k|2855 | 716k|  2 | 200k|  11 | 0.000000e+00 |      --      |    Inf |  86.42%
 6815s|152600 |    76 | 64071k| 419.8 |   364M |  39 |1101 |  10k|2893 | 717k|  2 | 200k|  11 | 0.000000e+00 |      --      |    Inf |  86.43%
 6821s|152700 |    71 | 64124k| 419.9 |   364M |  39 |1101 |  10k|3433 | 717k|  1 | 200k|  11 | 0.000000e+00 |      --      |    Inf |  86.43%
 6828s|152800 |    67 | 64161k| 419.9 |   364M |  39 |1101 |  10k|3244 | 718k|  2 | 200k|  11 | 0.000000e+00 |      --      |    Inf |  86.50%
 6837s|152900 |    69 | 64219k| 420.0 |   364M |  39 |1101 |  10k|3343 | 718k|  0 | 200k|  11 | 0.000000e+00 |      --      |    Inf |  86.50%
 6843s|153000 |    78 | 64277k| 420.1 |   364M |  39 |1101 |  10k|3350 | 719k|  2 | 200k|  11 | 0.000000e+00 |      --      |    Inf |  86.50%
 6847s|153100 |    73 | 64329k| 420.2 |   364M |  39 |1101 |  10k|2790 | 719k|  2 | 201k|  11 | 0.000000e+00 |      --      |    Inf |  86.52%
 6852s|153200 |    81 | 64378k| 420.2 |   364M |  39 |1101 |  10k|2858 | 721k|  0 | 201k|  11 | 0.000000e+00 |      --      |    Inf |  86.72%
 time | node  | left  |LP iter|LP it/n|mem/heur|mdpt |vars |cons |rows |cuts |sepa|confs|strbr|  dualbound   | primalbound  |  gap   | compl. 
 6855s|153300 |    78 | 64413k| 420.2 |   364M |  39 |1101 |  10k|2889 | 721k|  0 | 201k|  11 | 0.000000e+00 |      --      |    Inf |  86.80%
 6858s|153400 |    83 | 64450k| 420.1 |   364M |  39 |1101 |  10k|2875 | 722k|  2 | 201k|  11 | 0.000000e+00 |      --      |    Inf |  86.82%
 6861s|153500 |    78 | 64490k| 420.1 |   364M |  39 |1101 |  10k|2838 | 722k|  2 | 201k|  11 | 0.000000e+00 |      --      |    Inf |  86.86%
 6866s|153600 |    91 | 64547k| 420.2 |   364M |  39 |1101 |  10k|2883 | 724k|  2 | 201k|  11 | 0.000000e+00 |      --      |    Inf |  86.90%
 6871s|153700 |    90 | 64599k| 420.3 |   364M |  39 |1101 |  10k|2920 | 725k|  2 | 201k|  11 | 0.000000e+00 |      --      |    Inf |  86.92%
 6876s|153800 |    91 | 64658k| 420.4 |   364M |  39 |1101 |  10k|3162 | 726k|  0 | 201k|  11 | 0.000000e+00 |      --      |    Inf |  86.93%
 6880s|153900 |    94 | 64703k| 420.4 |   364M |  39 |1101 |  10k|2810 | 726k|  2 | 201k|  11 | 0.000000e+00 |      --      |    Inf |  86.95%
 6884s|154000 |    98 | 64745k| 420.4 |   364M |  39 |1101 |  10k|3026 | 727k|  2 | 202k|  11 | 0.000000e+00 |      --      |    Inf |  86.97%
 6888s|154100 |    95 | 64787k| 420.4 |   364M |  39 |1101 |  10k|   0 | 728k|  0 | 202k|  11 | 0.000000e+00 |      --      |    Inf |  86.99%
 6892s|154200 |    96 | 64829k| 420.4 |   364M |  39 |1101 |  10k|3086 | 728k|  0 | 202k|  11 | 0.000000e+00 |      --      |    Inf |  86.99%
 6894s|154300 |   101 | 64856k| 420.3 |   364M |  39 |1101 |  10k|2972 | 728k|  1 | 202k|  11 | 0.000000e+00 |      --      |    Inf |  87.00%
 6898s|154400 |    91 | 64894k| 420.3 |   364M |  39 |1101 |  10k|2980 | 729k|  0 | 202k|  11 | 0.000000e+00 |      --      |    Inf |  87.00%
 6901s|154500 |    93 | 64933k| 420.3 |   364M |  39 |1101 |  10k|3006 | 729k|  2 | 202k|  11 | 0.000000e+00 |      --      |    Inf |  87.00%
 6904s|154600 |    94 | 64975k| 420.3 |   364M |  39 |1101 |  10k|3012 | 730k|  0 | 202k|  11 | 0.000000e+00 |      --      |    Inf |  87.01%
 6907s|154700 |    90 | 65010k| 420.2 |   364M |  39 |1101 |  10k|   0 | 730k|  0 | 202k|  11 | 0.000000e+00 |      --      |    Inf |  87.01%
 time | node  | left  |LP iter|LP it/n|mem/heur|mdpt |vars |cons |rows |cuts |sepa|confs|strbr|  dualbound   | primalbound  |  gap   | compl. 
 6911s|154800 |    95 | 65048k| 420.2 |   364M |  39 |1101 |  10k|3038 | 730k|  2 | 203k|  11 | 0.000000e+00 |      --      |    Inf |  87.01%
 6915s|154900 |    90 | 65090k| 420.2 |   364M |  39 |1101 |  10k|2915 | 731k|  2 | 203k|  11 | 0.000000e+00 |      --      |    Inf |  87.01%
 6919s|155000 |    85 | 65136k| 420.2 |   364M |  39 |1101 |  10k|2683 | 731k|  2 | 203k|  11 | 0.000000e+00 |      --      |    Inf |  87.02%
 6923s|155100 |   106 | 65186k| 420.3 |   364M |  39 |1101 |  10k|   0 | 732k|  0 | 203k|  11 | 0.000000e+00 |      --      |    Inf |  87.02%
 6927s|155200 |   106 | 65230k| 420.3 |   364M |  39 |1101 |  10k|3078 | 732k|  0 | 203k|  11 | 0.000000e+00 |      --      |    Inf |  87.02%
 6931s|155300 |   103 | 65269k| 420.3 |   364M |  39 |1101 |  10k|3033 | 733k|  1 | 203k|  11 | 0.000000e+00 |      --      |    Inf |  87.02%
 6934s|155400 |   107 | 65298k| 420.2 |   364M |  39 |1101 |  10k|3089 | 733k|  0 | 203k|  11 | 0.000000e+00 |      --      |    Inf |  87.02%
 6936s|155500 |   101 | 65328k| 420.1 |   364M |  39 |1101 |  10k|3010 | 733k|  1 | 203k|  11 | 0.000000e+00 |      --      |    Inf |  87.02%
 6939s|155600 |    99 | 65357k| 420.0 |   364M |  39 |1101 |  10k|   0 | 734k|  0 | 204k|  11 | 0.000000e+00 |      --      |    Inf |  87.02%
 6941s|155700 |    89 | 65387k| 419.9 |   364M |  39 |1101 |  10k|2807 | 734k|  2 | 204k|  11 | 0.000000e+00 |      --      |    Inf |  87.02%
 6945s|155800 |    94 | 65427k| 419.9 |   364M |  39 |1101 |  10k|2979 | 735k|  2 | 204k|  11 | 0.000000e+00 |      --      |    Inf |  87.03%
 6949s|155900 |    92 | 65472k| 419.9 |   364M |  39 |1101 |  10k|2987 | 736k|  0 | 204k|  11 | 0.000000e+00 |      --      |    Inf |  87.03%
 6953s|156000 |    92 | 65508k| 419.9 |   364M |  39 |1101 |  10k|   0 | 736k|  0 | 204k|  11 | 0.000000e+00 |      --      |    Inf |  87.03%
 6956s|156100 |    88 | 65542k| 419.9 |   364M |  39 |1101 |  10k|3185 | 737k|  0 | 204k|  11 | 0.000000e+00 |      --      |    Inf |  87.08%
 6962s|156200 |    86 | 65601k| 420.0 |   365M |  39 |1101 |  10k|   0 | 738k|  0 | 204k|  11 | 0.000000e+00 |      --      |    Inf |  87.23%
 time | node  | left  |LP iter|LP it/n|mem/heur|mdpt |vars |cons |rows |cuts |sepa|confs|strbr|  dualbound   | primalbound  |  gap   | compl. 
 6965s|156300 |    97 | 65640k| 419.9 |   365M |  39 |1101 |  10k|3011 | 739k|  2 | 204k|  11 | 0.000000e+00 |      --      |    Inf |  87.25%
 6970s|156400 |    86 | 65689k| 420.0 |   365M |  39 |1101 |  10k|2941 | 740k|  0 | 204k|  11 | 0.000000e+00 |      --      |    Inf |  87.25%
 6976s|156500 |    86 | 65747k| 420.1 |   365M |  39 |1101 |  10k|2760 | 742k|  2 | 204k|  11 | 0.000000e+00 |      --      |    Inf |  87.47%
 6980s|156600 |    88 | 65787k| 420.1 |   365M |  39 |1101 |  10k|2748 | 742k|  2 | 205k|  11 | 0.000000e+00 |      --      |    Inf |  87.82%
 6985s|156700 |    91 | 65831k| 420.1 |   365M |  39 |1101 |  10k|2900 | 743k|  0 | 205k|  11 | 0.000000e+00 |      --      |    Inf |  87.87%
 6989s|156800 |    97 | 65870k| 420.1 |   365M |  39 |1101 |  10k|2961 | 743k|  1 | 205k|  11 | 0.000000e+00 |      --      |    Inf |  87.88%
 6992s|156900 |    99 | 65897k| 420.0 |   365M |  39 |1101 |  10k|3017 | 744k|  2 | 205k|  11 | 0.000000e+00 |      --      |    Inf |  87.88%
 6995s|157000 |    94 | 65923k| 419.9 |   365M |  39 |1101 |  10k|3055 | 744k|  0 | 205k|  11 | 0.000000e+00 |      --      |    Inf |  87.88%
 6999s|157100 |    93 | 65958k| 419.8 |   365M |  39 |1101 |  10k|2992 | 744k|  2 | 205k|  11 | 0.000000e+00 |      --      |    Inf |  87.88%
 7003s|157200 |    86 | 65991k| 419.8 |   365M |  39 |1101 |  10k|2858 | 745k|  0 | 205k|  11 | 0.000000e+00 |      --      |    Inf |  87.89%
 7008s|157300 |    94 | 66035k| 419.8 |   365M |  39 |1101 |  10k|2986 | 745k|  0 | 205k|  11 | 0.000000e+00 |      --      |    Inf |  87.91%
 7014s|157400 |    91 | 66085k| 419.8 |   365M |  39 |1101 |  10k|2916 | 746k|  2 | 205k|  11 | 0.000000e+00 |      --      |    Inf |  87.92%
 7019s|157500 |    94 | 66135k| 419.9 |   365M |  39 |1101 |  10k|2855 | 747k|  0 | 205k|  11 | 0.000000e+00 |      --      |    Inf |  87.95%
 7022s|157600 |    96 | 66164k| 419.8 |   365M |  39 |1101 |  10k|3106 | 747k|  2 | 206k|  11 | 0.000000e+00 |      --      |    Inf |  87.95%
 7027s|157700 |   101 | 66199k| 419.8 |   365M |  39 |1101 |  10k|2943 | 747k|  1 | 206k|  11 | 0.000000e+00 |      --      |    Inf |  87.95%
 time | node  | left  |LP iter|LP it/n|mem/heur|mdpt |vars |cons |rows |cuts |sepa|confs|strbr|  dualbound   | primalbound  |  gap   | compl. 
 7031s|157800 |   101 | 66241k| 419.8 |   365M |  39 |1101 |  10k|2967 | 748k|  2 | 206k|  11 | 0.000000e+00 |      --      |    Inf |  87.96%
 7036s|157900 |   102 | 66281k| 419.7 |   365M |  39 |1101 |  10k|3010 | 748k|  1 | 206k|  11 | 0.000000e+00 |      --      |    Inf |  87.96%
 7039s|158000 |    94 | 66316k| 419.7 |   365M |  39 |1101 |  10k|   0 | 749k|  0 | 206k|  11 | 0.000000e+00 |      --      |    Inf |  87.96%
 7045s|158100 |    96 | 66368k| 419.8 |   365M |  39 |1101 |  10k|2985 | 749k|  2 | 206k|  11 | 0.000000e+00 |      --      |    Inf |  87.96%
 7050s|158200 |    94 | 66409k| 419.8 |   365M |  39 |1101 |  10k|3017 | 750k|  2 | 206k|  11 | 0.000000e+00 |      --      |    Inf |  87.97%
 7054s|158300 |    96 | 66450k| 419.8 |   365M |  39 |1101 |  10k|3029 | 750k|  0 | 206k|  11 | 0.000000e+00 |      --      |    Inf |  87.97%
 7059s|158400 |   101 | 66495k| 419.8 |   365M |  39 |1101 |  10k|3108 | 750k|  2 | 207k|  11 | 0.000000e+00 |      --      |    Inf |  87.97%
 7064s|158500 |   104 | 66539k| 419.8 |   365M |  39 |1101 |  10k|3109 | 751k|  0 | 207k|  11 | 0.000000e+00 |      --      |    Inf |  87.97%
 7069s|158600 |   102 | 66581k| 419.8 |   365M |  39 |1101 |  10k|3168 | 751k|  2 | 207k|  11 | 0.000000e+00 |      --      |    Inf |  87.97%
 7074s|158700 |    99 | 66628k| 419.8 |   365M |  39 |1101 |  10k|3073 | 752k|  2 | 207k|  11 | 0.000000e+00 |      --      |    Inf |  87.97%
 7079s|158800 |   102 | 66670k| 419.8 |   365M |  39 |1101 |  10k|3054 | 752k|  2 | 207k|  11 | 0.000000e+00 |      --      |    Inf |  87.97%
 7082s|158900 |    94 | 66702k| 419.7 |   365M |  39 |1101 |  10k|3094 | 752k|  0 | 207k|  11 | 0.000000e+00 |      --      |    Inf |  87.97%
 7087s|159000 |    94 | 66744k| 419.8 |   365M |  39 |1101 |  10k|3062 | 753k|  1 | 207k|  11 | 0.000000e+00 |      --      |    Inf |  87.97%
 7090s|159100 |    96 | 66778k| 419.7 |   365M |  39 |1101 |  10k|2973 | 753k|  0 | 207k|  11 | 0.000000e+00 |      --      |    Inf |  87.97%
 7094s|159200 |   101 | 66817k| 419.7 |   365M |  39 |1101 |  10k|3194 | 754k|  2 | 207k|  11 | 0.000000e+00 |      --      |    Inf |  87.98%
 time | node  | left  |LP iter|LP it/n|mem/heur|mdpt |vars |cons |rows |cuts |sepa|confs|strbr|  dualbound   | primalbound  |  gap   | compl. 
 7097s|159300 |    95 | 66853k| 419.6 |   365M |  39 |1101 |  10k|   0 | 754k|  0 | 208k|  11 | 0.000000e+00 |      --      |    Inf |  87.98%
 7101s|159400 |    87 | 66893k| 419.6 |   365M |  39 |1101 |  10k|2873 | 754k|  2 | 208k|  11 | 0.000000e+00 |      --      |    Inf |  87.99%
 7104s|159500 |    91 | 66933k| 419.6 |   365M |  39 |1101 |  10k|2902 | 754k|  0 | 208k|  11 | 0.000000e+00 |      --      |    Inf |  88.00%
 7107s|159600 |    93 | 66964k| 419.6 |   365M |  39 |1101 |  10k|2966 | 755k|  1 | 208k|  11 | 0.000000e+00 |      --      |    Inf |  88.00%
 7114s|159700 |    85 | 67013k| 419.6 |   365M |  39 |1101 |  10k|3087 | 756k|  0 | 208k|  11 | 0.000000e+00 |      --      |    Inf |  88.01%
 7117s|159800 |    85 | 67048k| 419.6 |   365M |  39 |1101 |  10k|2983 | 756k|  2 | 208k|  11 | 0.000000e+00 |      --      |    Inf |  88.02%
 7123s|159900 |    95 | 67099k| 419.6 |   365M |  39 |1101 |  10k|3037 | 757k|  0 | 208k|  11 | 0.000000e+00 |      --      |    Inf |  88.03%
 7127s|160000 |    87 | 67141k| 419.6 |   365M |  39 |1101 |  10k|3085 | 757k|  2 | 208k|  11 | 0.000000e+00 |      --      |    Inf |  88.03%
 7132s|160100 |    87 | 67187k| 419.6 |   365M |  39 |1101 |  10k|2969 | 758k|  0 | 209k|  11 | 0.000000e+00 |      --      |    Inf |  88.04%
 7138s|160200 |    86 | 67238k| 419.7 |   365M |  39 |1101 |  10k|3057 | 759k|  2 | 209k|  11 | 0.000000e+00 |      --      |    Inf |  88.05%
 7145s|160300 |    80 | 67293k| 419.8 |   366M |  39 |1101 |  10k|3216 | 759k|  2 | 209k|  11 | 0.000000e+00 |      --      |    Inf |  88.09%
 7150s|160400 |    86 | 67334k| 419.8 |   366M |  39 |1101 |  10k|3473 | 760k|  0 | 209k|  11 | 0.000000e+00 |      --      |    Inf |  88.11%
 7155s|160500 |    79 | 67378k| 419.8 |   366M |  39 |1101 |  10k|3460 | 760k|  0 | 209k|  11 | 0.000000e+00 |      --      |    Inf |  88.15%
 7159s|160600 |    81 | 67413k| 419.7 |   366M |  39 |1101 |  10k|   0 | 761k|  0 | 209k|  11 | 0.000000e+00 |      --      |    Inf |  88.19%
 7163s|160700 |    78 | 67448k| 419.7 |   366M |  39 |1101 |  10k|2844 | 761k|  2 | 209k|  11 | 0.000000e+00 |      --      |    Inf |  88.25%
 time | node  | left  |LP iter|LP it/n|mem/heur|mdpt |vars |cons |rows |cuts |sepa|confs|strbr|  dualbound   | primalbound  |  gap   | compl. 
 7167s|160800 |    83 | 67488k| 419.7 |   366M |  39 |1101 |  10k|   0 | 762k|  0 | 209k|  11 | 0.000000e+00 |      --      |    Inf |  88.29%
 7172s|160900 |    81 | 67530k| 419.7 |   366M |  39 |1101 |  10k|2870 | 763k|  2 | 209k|  11 | 0.000000e+00 |      --      |    Inf |  88.36%
 7177s|161000 |    85 | 67580k| 419.7 |   367M |  39 |1101 |  10k|2775 | 764k|  2 | 210k|  11 | 0.000000e+00 |      --      |    Inf |  88.60%
 7182s|161100 |    86 | 67625k| 419.7 |   367M |  39 |1101 |  10k|2817 | 765k|  2 | 210k|  11 | 0.000000e+00 |      --      |    Inf |  88.65%
 7186s|161200 |    78 | 67667k| 419.8 |   367M |  39 |1101 |  10k|2744 | 766k|  2 | 210k|  11 | 0.000000e+00 |      --      |    Inf |  88.72%
 7191s|161300 |    77 | 67715k| 419.8 |   367M |  39 |1101 |  10k|2822 | 766k|  2 | 210k|  11 | 0.000000e+00 |      --      |    Inf |  88.77%
 7195s|161400 |    78 | 67749k| 419.7 |   367M |  39 |1101 |  10k|2979 | 767k|  2 | 210k|  11 | 0.000000e+00 |      --      |    Inf |  88.86%
 7199s|161500 |    77 | 67787k| 419.7 |   367M |  39 |1101 |  10k|2907 | 768k|  0 | 210k|  11 | 0.000000e+00 |      --      |    Inf |  89.06%
 7205s|161600 |    78 | 67836k| 419.8 |   368M |  39 |1101 |  10k|2646 | 769k|  2 | 210k|  11 | 0.000000e+00 |      --      |    Inf |  89.07%
 7211s|161700 |    86 | 67893k| 419.8 |   368M |  39 |1101 |  10k|2907 | 769k|  0 | 210k|  11 | 0.000000e+00 |      --      |    Inf |  89.24%
 7216s|161800 |   100 | 67936k| 419.9 |   368M |  39 |1101 |  10k|3176 | 770k|  2 | 210k|  11 | 0.000000e+00 |      --      |    Inf |  89.27%
 7221s|161900 |    94 | 67977k| 419.9 |   368M |  39 |1101 |  10k|3231 | 770k|  0 | 211k|  11 | 0.000000e+00 |      --      |    Inf |  89.27%
 7225s|162000 |   101 | 68014k| 419.8 |   368M |  39 |1101 |  10k|2959 | 771k|  0 | 211k|  11 | 0.000000e+00 |      --      |    Inf |  89.28%
 7230s|162100 |    96 | 68056k| 419.8 |   368M |  39 |1101 |  10k|3245 | 771k|  2 | 211k|  11 | 0.000000e+00 |      --      |    Inf |  89.29%
 7234s|162200 |    94 | 68087k| 419.8 |   368M |  39 |1101 |  10k|2970 | 771k|  2 | 211k|  11 | 0.000000e+00 |      --      |    Inf |  89.30%
 time | node  | left  |LP iter|LP it/n|mem/heur|mdpt |vars |cons |rows |cuts |sepa|confs|strbr|  dualbound   | primalbound  |  gap   | compl. 
 7237s|162300 |    96 | 68117k| 419.7 |   368M |  39 |1101 |  10k|2955 | 772k|  2 | 211k|  11 | 0.000000e+00 |      --      |    Inf |  89.30%
 7240s|162400 |    92 | 68147k| 419.6 |   368M |  39 |1101 |  10k|2966 | 772k|  2 | 211k|  11 | 0.000000e+00 |      --      |    Inf |  89.38%
 7244s|162500 |    90 | 68173k| 419.5 |   368M |  39 |1101 |  10k|2938 | 773k|  2 | 211k|  11 | 0.000000e+00 |      --      |    Inf |  89.40%
 7247s|162600 |    85 | 68205k| 419.4 |   368M |  39 |1101 |  10k|2884 | 774k|  2 | 211k|  11 | 0.000000e+00 |      --      |    Inf |  89.42%
 7253s|162700 |    83 | 68260k| 419.5 |   368M |  39 |1101 |  10k|2983 | 774k|  2 | 211k|  11 | 0.000000e+00 |      --      |    Inf |  89.58%
 7258s|162800 |    81 | 68307k| 419.6 |   368M |  39 |1101 |  10k|2930 | 775k|  2 | 212k|  11 | 0.000000e+00 |      --      |    Inf |  89.66%
 7263s|162900 |    84 | 68349k| 419.6 |   369M |  39 |1101 |  10k|   0 | 776k|  0 | 212k|  11 | 0.000000e+00 |      --      |    Inf |  89.85%
 7269s|163000 |    95 | 68400k| 419.6 |   369M |  39 |1101 |  10k|2882 | 777k|  2 | 212k|  11 | 0.000000e+00 |      --      |    Inf |  89.89%
 7273s|163100 |    96 | 68436k| 419.6 |   369M |  39 |1101 |  10k|   0 | 777k|  0 | 212k|  11 | 0.000000e+00 |      --      |    Inf |  89.89%
 7277s|163200 |    92 | 68468k| 419.5 |   369M |  39 |1101 |  10k|2907 | 778k|  2 | 212k|  11 | 0.000000e+00 |      --      |    Inf |  89.92%
 7282s|163300 |    93 | 68511k| 419.5 |   369M |  39 |1101 |  10k|3019 | 779k|  2 | 212k|  11 | 0.000000e+00 |      --      |    Inf |  89.93%
 7286s|163400 |    94 | 68548k| 419.5 |   369M |  39 |1101 |  10k|2926 | 779k|  2 | 213k|  11 | 0.000000e+00 |      --      |    Inf |  89.94%
 7290s|163500 |    92 | 68583k| 419.4 |   369M |  39 |1101 |  10k|2903 | 780k|  0 | 213k|  11 | 0.000000e+00 |      --      |    Inf |  89.95%
 7293s|163600 |    89 | 68613k| 419.4 |   369M |  39 |1101 |  10k|2987 | 780k|  0 | 213k|  11 | 0.000000e+00 |      --      |    Inf |  89.97%
 7297s|163700 |    85 | 68645k| 419.3 |   369M |  39 |1101 |  10k|2982 | 780k|  0 | 213k|  11 | 0.000000e+00 |      --      |    Inf |  90.00%
 time | node  | left  |LP iter|LP it/n|mem/heur|mdpt |vars |cons |rows |cuts |sepa|confs|strbr|  dualbound   | primalbound  |  gap   | compl. 
 7301s|163800 |    84 | 68682k| 419.3 |   369M |  39 |1101 |  10k|2986 | 781k|  0 | 213k|  11 | 0.000000e+00 |      --      |    Inf |  90.14%
 7306s|163900 |    87 | 68724k| 419.3 |   369M |  39 |1101 |  10k|2998 | 781k|  2 | 213k|  11 | 0.000000e+00 |      --      |    Inf |  90.15%
 7311s|164000 |    85 | 68765k| 419.3 |   369M |  39 |1101 |  10k|3064 | 782k|  2 | 213k|  11 | 0.000000e+00 |      --      |    Inf |  90.20%
 7316s|164100 |    83 | 68811k| 419.3 |   369M |  39 |1101 |  10k|3038 | 782k|  2 | 214k|  11 | 0.000000e+00 |      --      |    Inf |  90.21%
 7322s|164200 |    87 | 68855k| 419.3 |   369M |  39 |1101 |  10k|2994 | 783k|  2 | 214k|  11 | 0.000000e+00 |      --      |    Inf |  90.23%
 7326s|164300 |    87 | 68892k| 419.3 |   369M |  39 |1101 |  10k|3024 | 783k|  2 | 214k|  11 | 0.000000e+00 |      --      |    Inf |  90.23%
 7329s|164400 |    85 | 68922k| 419.2 |   369M |  39 |1101 |  10k|3063 | 783k|  0 | 214k|  11 | 0.000000e+00 |      --      |    Inf |  90.23%
 7333s|164500 |    84 | 68954k| 419.2 |   369M |  39 |1101 |  10k|3023 | 784k|  2 | 214k|  11 | 0.000000e+00 |      --      |    Inf |  90.24%
 7337s|164600 |    91 | 68991k| 419.1 |   369M |  39 |1101 |  10k|   0 | 784k|  0 | 214k|  11 | 0.000000e+00 |      --      |    Inf |  90.24%
 7341s|164700 |    85 | 69026k| 419.1 |   369M |  39 |1101 |  10k|3055 | 784k|  1 | 214k|  11 | 0.000000e+00 |      --      |    Inf |  90.24%
 7345s|164800 |    80 | 69060k| 419.0 |   369M |  39 |1101 |  10k|   0 | 785k|  0 | 214k|  11 | 0.000000e+00 |      --      |    Inf |  90.24%
 7349s|164900 |    82 | 69096k| 419.0 |   369M |  39 |1101 |  10k|3067 | 785k|  2 | 215k|  11 | 0.000000e+00 |      --      |    Inf |  90.25%
 7354s|165000 |    81 | 69137k| 419.0 |   369M |  39 |1101 |  10k|2903 | 786k|  2 | 215k|  11 | 0.000000e+00 |      --      |    Inf |  90.27%
 7362s|165100 |    90 | 69211k| 419.2 |   369M |  39 |1101 |  10k|   0 | 788k|  0 | 215k|  11 | 0.000000e+00 |      --      |    Inf |  90.29%
 7368s|165200 |    87 | 69272k| 419.3 |   369M |  39 |1101 |  10k|3005 | 789k|  0 | 215k|  11 | 0.000000e+00 |      --      |    Inf |  90.31%
 time | node  | left  |LP iter|LP it/n|mem/heur|mdpt |vars |cons |rows |cuts |sepa|confs|strbr|  dualbound   | primalbound  |  gap   | compl. 
 7374s|165300 |    85 | 69330k| 419.4 |   369M |  39 |1101 |  10k|2930 | 790k|  0 | 215k|  11 | 0.000000e+00 |      --      |    Inf |  90.35%
 7379s|165400 |    77 | 69380k| 419.4 |   369M |  39 |1101 |  10k|   0 | 790k|  0 | 215k|  11 | 0.000000e+00 |      --      |    Inf |  90.38%
 7386s|165500 |    82 | 69444k| 419.6 |   370M |  39 |1101 |  10k|2765 | 792k|  2 | 215k|  11 | 0.000000e+00 |      --      |    Inf |  90.43%
 7394s|165600 |    83 | 69517k| 419.8 |   370M |  39 |1101 |  10k|3042 | 793k|  0 | 215k|  11 | 0.000000e+00 |      --      |    Inf |  90.49%
 7400s|165700 |    81 | 69581k| 419.9 |   370M |  39 |1101 |  10k|2941 | 794k|  2 | 216k|  11 | 0.000000e+00 |      --      |    Inf |  90.51%
 7406s|165800 |    78 | 69634k| 420.0 |   370M |  39 |1101 |  10k|2735 | 795k|  2 | 216k|  11 | 0.000000e+00 |      --      |    Inf |  90.55%
 7410s|165900 |    74 | 69675k| 420.0 |   370M |  39 |1101 |  10k|2946 | 796k|  0 | 216k|  11 | 0.000000e+00 |      --      |    Inf |  90.71%
 7415s|166000 |    82 | 69719k| 420.0 |   370M |  39 |1101 |  10k|2842 | 797k|  2 | 216k|  11 | 0.000000e+00 |      --      |    Inf |  90.72%
 7420s|166100 |    75 | 69765k| 420.0 |   370M |  39 |1101 |  10k|2924 | 797k|  2 | 216k|  11 | 0.000000e+00 |      --      |    Inf |  90.72%
 7425s|166200 |    75 | 69810k| 420.0 |   370M |  39 |1101 |  10k|2811 | 798k|  0 | 216k|  11 | 0.000000e+00 |      --      |    Inf |  90.75%
 7430s|166300 |    77 | 69860k| 420.1 |   370M |  39 |1101 |  10k|2865 | 799k|  0 | 216k|  11 | 0.000000e+00 |      --      |    Inf |  90.81%
 7435s|166400 |    77 | 69905k| 420.1 |   370M |  39 |1101 |  10k|2894 | 800k|  0 | 216k|  11 | 0.000000e+00 |      --      |    Inf |  90.84%
 7440s|166500 |    73 | 69946k| 420.1 |   370M |  39 |1101 |  10k|   0 | 800k|  0 | 216k|  11 | 0.000000e+00 |      --      |    Inf |  90.87%
 7445s|166600 |    75 | 69991k| 420.1 |   370M |  39 |1101 |  10k|   0 | 801k|  0 | 217k|  11 | 0.000000e+00 |      --      |    Inf |  90.90%
 7450s|166700 |    76 | 70046k| 420.2 |   370M |  39 |1101 |  10k|2880 | 802k|  2 | 217k|  11 | 0.000000e+00 |      --      |    Inf |  90.94%
 time | node  | left  |LP iter|LP it/n|mem/heur|mdpt |vars |cons |rows |cuts |sepa|confs|strbr|  dualbound   | primalbound  |  gap   | compl. 
 7454s|166800 |    78 | 70082k| 420.1 |   370M |  39 |1101 |  10k|2964 | 802k|  2 | 217k|  11 | 0.000000e+00 |      --      |    Inf |  90.95%
 7459s|166900 |    73 | 70137k| 420.2 |   370M |  39 |1101 |  10k|2976 | 803k|  0 | 217k|  11 | 0.000000e+00 |      --      |    Inf |  90.99%
 7464s|167000 |    76 | 70179k| 420.2 |   370M |  39 |1101 |  10k|3007 | 804k|  2 | 217k|  11 | 0.000000e+00 |      --      |    Inf |  91.00%
 7468s|167100 |    74 | 70228k| 420.3 |   370M |  39 |1101 |  10k|2914 | 804k|  2 | 217k|  11 | 0.000000e+00 |      --      |    Inf |  91.02%
 7472s|167200 |    76 | 70264k| 420.2 |   370M |  39 |1101 |  10k|2870 | 804k|  2 | 217k|  11 | 0.000000e+00 |      --      |    Inf |  91.03%
 7475s|167300 |    79 | 70298k| 420.2 |   370M |  39 |1101 |  10k|   0 | 805k|  0 | 217k|  11 | 0.000000e+00 |      --      |    Inf |  91.04%
 7478s|167400 |    75 | 70327k| 420.1 |   370M |  39 |1101 |  10k|2952 | 805k|  0 | 217k|  11 | 0.000000e+00 |      --      |    Inf |  91.05%
 7482s|167500 |    73 | 70364k| 420.1 |   370M |  39 |1101 |  10k|   0 | 806k|  0 | 217k|  11 | 0.000000e+00 |      --      |    Inf |  91.06%
 7485s|167600 |    72 | 70401k| 420.0 |   370M |  39 |1101 |  10k|2984 | 806k|  2 | 218k|  11 | 0.000000e+00 |      --      |    Inf |  91.06%
 7489s|167700 |    73 | 70443k| 420.0 |   371M |  39 |1101 |  10k|2822 | 807k|  2 | 218k|  11 | 0.000000e+00 |      --      |    Inf |  91.25%
 7493s|167800 |    77 | 70483k| 420.0 |   371M |  39 |1101 |  10k|2948 | 808k|  1 | 218k|  11 | 0.000000e+00 |      --      |    Inf |  91.30%
 7497s|167900 |    70 | 70533k| 420.1 |   372M |  39 |1101 |  10k|   0 | 809k|  0 | 218k|  11 | 0.000000e+00 |      --      |    Inf |  91.43%
 7500s|168000 |    71 | 70569k| 420.0 |   372M |  39 |1101 |  10k|3118 | 809k|  1 | 218k|  11 | 0.000000e+00 |      --      |    Inf |  91.50%
 7503s|168100 |    72 | 70601k| 420.0 |   372M |  39 |1101 |  10k|   0 | 810k|  0 | 218k|  11 | 0.000000e+00 |      --      |    Inf |  91.55%
 7507s|168200 |    78 | 70642k| 420.0 |   372M |  39 |1101 |  10k|2910 | 810k|  0 | 218k|  11 | 0.000000e+00 |      --      |    Inf |  91.60%
 time | node  | left  |LP iter|LP it/n|mem/heur|mdpt |vars |cons |rows |cuts |sepa|confs|strbr|  dualbound   | primalbound  |  gap   | compl. 
 7511s|168300 |    77 | 70688k| 420.0 |   372M |  39 |1101 |  10k|   0 | 811k|  0 | 218k|  11 | 0.000000e+00 |      --      |    Inf |  91.64%
 7513s|168400 |    71 | 70718k| 419.9 |   372M |  39 |1101 |  10k|2990 | 811k|  0 | 218k|  11 | 0.000000e+00 |      --      |    Inf |  91.65%
 7516s|168500 |    71 | 70757k| 419.9 |   372M |  39 |1101 |  10k|2844 | 811k|  2 | 218k|  11 | 0.000000e+00 |      --      |    Inf |  91.68%
 7519s|168600 |    73 | 70789k| 419.8 |   372M |  39 |1101 |  10k|   0 | 812k|  0 | 219k|  11 | 0.000000e+00 |      --      |    Inf |  91.80%
 7522s|168700 |    77 | 70827k| 419.8 |   372M |  39 |1101 |  10k|2913 | 813k|  2 | 219k|  11 | 0.000000e+00 |      --      |    Inf |  91.84%
 7525s|168800 |    74 | 70860k| 419.8 |   372M |  39 |1101 |  10k|   0 | 813k|  0 | 219k|  11 | 0.000000e+00 |      --      |    Inf |  91.86%
 7527s|168900 |    76 | 70890k| 419.7 |   372M |  39 |1101 |  10k|   0 | 814k|  0 | 219k|  11 | 0.000000e+00 |      --      |    Inf |  91.87%
 7530s|169000 |    73 | 70925k| 419.7 |   372M |  39 |1101 |  10k|   0 | 815k|  0 | 219k|  11 | 0.000000e+00 |      --      |    Inf |  91.89%
 7533s|169100 |    73 | 70958k| 419.6 |   372M |  39 |1101 |  10k|   0 | 816k|  0 | 219k|  11 | 0.000000e+00 |      --      |    Inf |  91.89%
 7538s|169200 |    70 | 71015k| 419.7 |   372M |  39 |1101 |  10k|3114 | 816k|  2 | 219k|  11 | 0.000000e+00 |      --      |    Inf |  91.89%
 7543s|169300 |    69 | 71068k| 419.8 |   372M |  39 |1101 |  10k|   0 | 817k|  0 | 219k|  11 | 0.000000e+00 |      --      |    Inf |  91.90%
 7546s|169400 |    68 | 71110k| 419.8 |   372M |  39 |1101 |  10k|   0 | 818k|  0 | 219k|  11 | 0.000000e+00 |      --      |    Inf |  91.91%
 7551s|169500 |    70 | 71167k| 419.8 |   372M |  39 |1101 |  10k|3070 | 819k|  2 | 219k|  11 | 0.000000e+00 |      --      |    Inf |  91.92%
 7556s|169600 |    74 | 71226k| 419.9 |   372M |  39 |1101 |  10k|2886 | 820k|  2 | 220k|  11 | 0.000000e+00 |      --      |    Inf |  91.92%
 7559s|169700 |    71 | 71270k| 420.0 |   372M |  39 |1101 |  10k|2884 | 821k|  0 | 220k|  11 | 0.000000e+00 |      --      |    Inf |  91.92%
 time | node  | left  |LP iter|LP it/n|mem/heur|mdpt |vars |cons |rows |cuts |sepa|confs|strbr|  dualbound   | primalbound  |  gap   | compl. 
 7564s|169800 |    65 | 71321k| 420.0 |   372M |  39 |1101 |  10k|   0 | 822k|  0 | 220k|  11 | 0.000000e+00 |      --      |    Inf |  91.93%
 7568s|169900 |    67 | 71379k| 420.1 |   372M |  39 |1101 |  10k|2925 | 823k|  2 | 220k|  11 | 0.000000e+00 |      --      |    Inf |  91.93%
 7573s|170000 |    62 | 71434k| 420.2 |   372M |  39 |1101 |  10k|2870 | 824k|  0 | 220k|  11 | 0.000000e+00 |      --      |    Inf |  91.94%
 7577s|170100 |    66 | 71485k| 420.2 |   372M |  39 |1101 |  10k|2800 | 825k|  2 | 220k|  11 | 0.000000e+00 |      --      |    Inf |  91.96%
 7580s|170200 |    78 | 71523k| 420.2 |   372M |  39 |1101 |  10k|2926 | 826k|  0 | 221k|  11 | 0.000000e+00 |      --      |    Inf |  92.16%
 7583s|170300 |    81 | 71570k| 420.2 |   372M |  39 |1101 |  10k|2986 | 826k|  2 | 221k|  11 | 0.000000e+00 |      --      |    Inf |  92.16%
 7587s|170400 |    75 | 71611k| 420.2 |   372M |  39 |1101 |  10k|2941 | 827k|  2 | 221k|  11 | 0.000000e+00 |      --      |    Inf |  92.16%
 7590s|170500 |    76 | 71659k| 420.3 |   372M |  39 |1101 |  10k|3006 | 827k|  1 | 221k|  11 | 0.000000e+00 |      --      |    Inf |  92.16%
 7594s|170600 |    72 | 71708k| 420.3 |   372M |  39 |1101 |  10k|2919 | 828k|  2 | 221k|  11 | 0.000000e+00 |      --      |    Inf |  92.56%
 7599s|170700 |    73 | 71765k| 420.4 |   372M |  39 |1101 |  10k|3273 | 829k|  2 | 221k|  11 | 0.000000e+00 |      --      |    Inf |  92.57%
 7604s|170800 |    64 | 71811k| 420.4 |   372M |  39 |1101 |  10k|   0 | 830k|  0 | 221k|  11 | 0.000000e+00 |      --      |    Inf |  92.62%
 7609s|170900 |    66 | 71872k| 420.5 |   372M |  39 |1101 |  10k|3059 | 831k|  1 | 221k|  11 | 0.000000e+00 |      --      |    Inf |  92.72%
 7615s|171000 |    61 | 71939k| 420.7 |   374M |  39 |1101 |  10k|2940 | 832k|  0 | 222k|  11 | 0.000000e+00 |      --      |    Inf |  93.13%
 7619s|171100 |    70 | 71995k| 420.8 |   374M |  39 |1101 |  10k|2910 | 833k|  0 | 222k|  11 | 0.000000e+00 |      --      |    Inf |  93.23%
 7623s|171200 |    68 | 72042k| 420.8 |   374M |  39 |1101 |  10k|2831 | 834k|  0 | 222k|  11 | 0.000000e+00 |      --      |    Inf |  93.32%
 time | node  | left  |LP iter|LP it/n|mem/heur|mdpt |vars |cons |rows |cuts |sepa|confs|strbr|  dualbound   | primalbound  |  gap   | compl. 
 7627s|171300 |    65 | 72092k| 420.8 |   375M |  39 |1101 |  10k|2821 | 835k|  2 | 222k|  11 | 0.000000e+00 |      --      |    Inf |  93.54%
 7632s|171400 |    65 | 72142k| 420.9 |   375M |  39 |1101 |  10k|   0 | 835k|  0 | 222k|  11 | 0.000000e+00 |      --      |    Inf |  93.58%
 7637s|171500 |    62 | 72199k| 421.0 |   375M |  39 |1101 |  10k|3271 | 836k|  3 | 222k|  11 | 0.000000e+00 |      --      |    Inf |  93.61%
 7642s|171600 |    59 | 72254k| 421.0 |   375M |  39 |1101 |  10k|2878 | 836k|  0 | 222k|  11 | 0.000000e+00 |      --      |    Inf |  93.62%
 7646s|171700 |    57 | 72311k| 421.1 |   375M |  39 |1101 |  10k|2878 | 837k|  2 | 223k|  11 | 0.000000e+00 |      --      |    Inf |  93.72%
 7651s|171800 |    56 | 72374k| 421.3 |   375M |  39 |1101 |  10k|2959 | 838k|  0 | 223k|  11 | 0.000000e+00 |      --      |    Inf |  93.91%
 7655s|171900 |    64 | 72427k| 421.3 |   375M |  39 |1101 |  10k|2915 | 839k|  0 | 223k|  11 | 0.000000e+00 |      --      |    Inf |  93.94%
 7658s|172000 |    65 | 72464k| 421.3 |   375M |  39 |1101 |  10k|   0 | 840k|  0 | 223k|  11 | 0.000000e+00 |      --      |    Inf |  93.96%
 7662s|172100 |    64 | 72510k| 421.3 |   375M |  39 |1101 |  10k|2938 | 840k|  2 | 223k|  11 | 0.000000e+00 |      --      |    Inf |  93.99%
 7665s|172200 |    61 | 72543k| 421.3 |   375M |  39 |1101 |  10k|2926 | 841k|  2 | 223k|  11 | 0.000000e+00 |      --      |    Inf |  94.02%
 7667s|172300 |    61 | 72572k| 421.2 |   375M |  39 |1101 |  10k|   0 | 841k|  0 | 223k|  11 | 0.000000e+00 |      --      |    Inf |  94.03%
 7670s|172400 |    66 | 72613k| 421.2 |   375M |  39 |1101 |  10k|3062 | 842k|  0 | 223k|  11 | 0.000000e+00 |      --      |    Inf |  94.05%
 7673s|172500 |    59 | 72652k| 421.2 |   375M |  39 |1101 |  10k|2833 | 842k|  2 | 224k|  11 | 0.000000e+00 |      --      |    Inf |  94.05%
 7676s|172600 |    57 | 72687k| 421.1 |   375M |  39 |1101 |  10k|   0 | 843k|  0 | 224k|  11 | 0.000000e+00 |      --      |    Inf |  94.06%
 7679s|172700 |    56 | 72721k| 421.1 |   375M |  39 |1101 |  10k|   0 | 843k|  0 | 224k|  11 | 0.000000e+00 |      --      |    Inf |  94.06%
 time | node  | left  |LP iter|LP it/n|mem/heur|mdpt |vars |cons |rows |cuts |sepa|confs|strbr|  dualbound   | primalbound  |  gap   | compl. 
 7683s|172800 |    57 | 72767k| 421.1 |   375M |  39 |1101 |  10k|2975 | 844k|  2 | 224k|  11 | 0.000000e+00 |      --      |    Inf |  94.07%
 7687s|172900 |    61 | 72818k| 421.1 |   375M |  39 |1101 |  10k|2891 | 845k|  2 | 224k|  11 | 0.000000e+00 |      --      |    Inf |  94.08%
 7690s|173000 |    61 | 72862k| 421.1 |   375M |  39 |1101 |  10k|   0 | 845k|  0 | 224k|  11 | 0.000000e+00 |      --      |    Inf |  94.14%
 7693s|173100 |    55 | 72899k| 421.1 |   375M |  39 |1101 |  10k|2854 | 846k|  0 | 224k|  11 | 0.000000e+00 |      --      |    Inf |  94.17%
 7697s|173200 |    58 | 72941k| 421.1 |   375M |  39 |1101 |  10k|3031 | 847k|  2 | 224k|  11 | 0.000000e+00 |      --      |    Inf |  94.19%
 7700s|173300 |    56 | 72978k| 421.1 |   375M |  39 |1101 |  10k|3051 | 847k|  0 | 224k|  11 | 0.000000e+00 |      --      |    Inf |  94.19%
 7703s|173400 |    52 | 73016k| 421.1 |   375M |  39 |1101 |  10k|2992 | 848k|  0 | 225k|  11 | 0.000000e+00 |      --      |    Inf |  94.20%
 7706s|173500 |    65 | 73056k| 421.1 |   375M |  39 |1101 |  10k|2660 | 849k|  2 | 225k|  11 | 0.000000e+00 |      --      |    Inf |  94.26%
 7710s|173600 |    63 | 73107k| 421.1 |   375M |  39 |1101 |  10k|2849 | 850k|  0 | 225k|  11 | 0.000000e+00 |      --      |    Inf |  94.30%
 7714s|173700 |    61 | 73160k| 421.2 |   375M |  39 |1101 |  10k|   0 | 851k|  0 | 225k|  11 | 0.000000e+00 |      --      |    Inf |  94.31%
 7719s|173800 |    55 | 73218k| 421.3 |   375M |  39 |1101 |  10k|2956 | 852k|  2 | 225k|  11 | 0.000000e+00 |      --      |    Inf |  94.33%
 7724s|173900 |    58 | 73281k| 421.4 |   375M |  39 |1101 |  10k|2922 | 853k|  2 | 225k|  11 | 0.000000e+00 |      --      |    Inf |  94.38%
 7729s|174000 |    58 | 73339k| 421.5 |   375M |  39 |1101 |  10k|3044 | 854k|  0 | 225k|  11 | 0.000000e+00 |      --      |    Inf |  94.39%
 7734s|174100 |    58 | 73405k| 421.6 |   375M |  39 |1101 |  10k|2952 | 855k|  2 | 226k|  11 | 0.000000e+00 |      --      |    Inf |  94.40%
 7739s|174200 |    54 | 73462k| 421.7 |   375M |  39 |1101 |  10k|2857 | 856k|  0 | 226k|  11 | 0.000000e+00 |      --      |    Inf |  94.42%
 time | node  | left  |LP iter|LP it/n|mem/heur|mdpt |vars |cons |rows |cuts |sepa|confs|strbr|  dualbound   | primalbound  |  gap   | compl. 
 7743s|174300 |    47 | 73512k| 421.7 |   375M |  39 |1101 |  10k|3113 | 857k|  0 | 226k|  11 | 0.000000e+00 |      --      |    Inf |  94.47%
 7748s|174400 |    49 | 73567k| 421.8 |   375M |  39 |1101 |  10k|3112 | 857k|  2 | 226k|  11 | 0.000000e+00 |      --      |    Inf |  94.49%
 7751s|174500 |    46 | 73610k| 421.8 |   375M |  39 |1101 |  10k|2838 | 858k|  2 | 226k|  11 | 0.000000e+00 |      --      |    Inf |  94.50%
 7757s|174600 |    53 | 73678k| 422.0 |   375M |  39 |1101 |  10k|2862 | 859k|  2 | 226k|  11 | 0.000000e+00 |      --      |    Inf |  94.53%
 7761s|174700 |    48 | 73733k| 422.0 |   375M |  39 |1101 |  10k|2882 | 860k|  2 | 226k|  11 | 0.000000e+00 |      --      |    Inf |  94.53%
 7766s|174800 |    54 | 73794k| 422.1 |   375M |  39 |1101 |  10k|2907 | 861k|  2 | 226k|  11 | 0.000000e+00 |      --      |    Inf |  94.55%
 7770s|174900 |    55 | 73843k| 422.2 |   375M |  39 |1101 |  10k|3025 | 862k|  2 | 227k|  11 | 0.000000e+00 |      --      |    Inf |  94.55%
 7775s|175000 |    49 | 73907k| 422.3 |   375M |  39 |1101 |  10k|2888 | 863k|  2 | 227k|  11 | 0.000000e+00 |      --      |    Inf |  94.56%
 7780s|175100 |    51 | 73969k| 422.4 |   375M |  39 |1101 |  10k|   0 | 864k|  0 | 227k|  11 | 0.000000e+00 |      --      |    Inf |  94.57%
 7784s|175200 |    52 | 74017k| 422.5 |   375M |  39 |1101 |  10k|3352 | 865k|  2 | 227k|  11 | 0.000000e+00 |      --      |    Inf |  94.58%
 7789s|175300 |    52 | 74068k| 422.5 |   375M |  39 |1101 |  10k|3340 | 865k|  0 | 227k|  11 | 0.000000e+00 |      --      |    Inf |  94.59%
 7794s|175400 |    48 | 74129k| 422.6 |   375M |  39 |1101 |  10k|3393 | 866k|  0 | 227k|  11 | 0.000000e+00 |      --      |    Inf |  94.59%
 7798s|175500 |    49 | 74176k| 422.6 |   375M |  39 |1101 |  10k|3309 | 866k|  0 | 227k|  11 | 0.000000e+00 |      --      |    Inf |  94.60%
 7803s|175600 |    49 | 74228k| 422.7 |   375M |  39 |1101 |  10k|3273 | 866k|  2 | 228k|  11 | 0.000000e+00 |      --      |    Inf |  94.60%
 7807s|175700 |    49 | 74282k| 422.8 |   375M |  39 |1101 |  10k|3320 | 867k|  0 | 228k|  11 | 0.000000e+00 |      --      |    Inf |  94.62%
 time | node  | left  |LP iter|LP it/n|mem/heur|mdpt |vars |cons |rows |cuts |sepa|confs|strbr|  dualbound   | primalbound  |  gap   | compl. 
 7818s|175800 |    48 | 74334k| 422.8 |   375M |  39 |1101 |  10k|3333 | 867k|  2 | 228k|  11 | 0.000000e+00 |      --      |    Inf |  94.63%
 7827s|175900 |    54 | 74381k| 422.8 |   375M |  39 |1101 |  10k|   0 | 868k|  0 | 228k|  11 | 0.000000e+00 |      --      |    Inf |  94.63%
 7836s|176000 |    53 | 74429k| 422.9 |   375M |  39 |1101 |  10k|2999 | 869k|  2 | 228k|  11 | 0.000000e+00 |      --      |    Inf |  94.63%
 7847s|176100 |    47 | 74488k| 423.0 |   375M |  39 |1101 |  10k|   0 | 869k|  0 | 228k|  11 | 0.000000e+00 |      --      |    Inf |  94.63%
 7854s|176200 |    57 | 74538k| 423.0 |   375M |  39 |1101 |  10k|3067 | 870k|  1 | 228k|  11 | 0.000000e+00 |      --      |    Inf |  94.64%
 7859s|176300 |    50 | 74589k| 423.1 |   375M |  39 |1101 |  10k|3284 | 871k|  2 | 229k|  11 | 0.000000e+00 |      --      |    Inf |  94.65%
 7864s|176400 |    53 | 74644k| 423.1 |   375M |  39 |1101 |  10k|3351 | 871k|  1 | 229k|  11 | 0.000000e+00 |      --      |    Inf |  94.66%
 7869s|176500 |    50 | 74695k| 423.2 |   375M |  39 |1101 |  10k|   0 | 872k|  0 | 229k|  11 | 0.000000e+00 |      --      |    Inf |  94.68%
 7873s|176600 |    47 | 74747k| 423.2 |   375M |  39 |1101 |  10k|3340 | 872k|  2 | 229k|  11 | 0.000000e+00 |      --      |    Inf |  94.69%
 7878s|176700 |    46 | 74799k| 423.3 |   375M |  39 |1101 |  10k|2808 | 873k|  2 | 229k|  11 | 0.000000e+00 |      --      |    Inf |  94.70%
 7883s|176800 |    43 | 74859k| 423.4 |   375M |  39 |1101 |  10k|2829 | 874k|  2 | 229k|  11 | 0.000000e+00 |      --      |    Inf |  94.70%
 7887s|176900 |    43 | 74908k| 423.4 |   375M |  39 |1101 |  10k|   0 | 875k|  0 | 229k|  11 | 0.000000e+00 |      --      |    Inf |  94.72%
 7892s|177000 |    45 | 74962k| 423.5 |   375M |  39 |1101 |  10k|2847 | 876k|  0 | 229k|  11 | 0.000000e+00 |      --      |    Inf |  94.73%
 7898s|177100 |    51 | 75032k| 423.7 |   375M |  39 |1101 |  10k|3049 | 878k|  0 | 230k|  11 | 0.000000e+00 |      --      |    Inf |  94.87%
 7902s|177200 |    53 | 75079k| 423.7 |   375M |  39 |1101 |  10k|3033 | 878k|  2 | 230k|  11 | 0.000000e+00 |      --      |    Inf |  94.90%
 time | node  | left  |LP iter|LP it/n|mem/heur|mdpt |vars |cons |rows |cuts |sepa|confs|strbr|  dualbound   | primalbound  |  gap   | compl. 
 7906s|177300 |    57 | 75129k| 423.7 |   376M |  39 |1101 |  10k|   0 | 879k|  0 | 230k|  11 | 0.000000e+00 |      --      |    Inf |  94.93%
 7910s|177400 |    56 | 75178k| 423.8 |   376M |  39 |1101 |  10k|   0 | 879k|  0 | 230k|  11 | 0.000000e+00 |      --      |    Inf |  94.95%
 7915s|177500 |    55 | 75233k| 423.8 |   377M |  39 |1101 |  10k|3055 | 880k|  0 | 230k|  11 | 0.000000e+00 |      --      |    Inf |  95.01%
 7920s|177600 |    57 | 75293k| 423.9 |   377M |  39 |1101 |  10k|3365 | 881k|  0 | 230k|  11 | 0.000000e+00 |      --      |    Inf |  95.04%
 7925s|177700 |    54 | 75351k| 424.0 |   377M |  39 |1101 |  10k|   0 | 881k|  0 | 230k|  11 | 0.000000e+00 |      --      |    Inf |  95.06%
 7930s|177800 |    52 | 75410k| 424.1 |   377M |  39 |1101 |  10k|2997 | 882k|  0 | 231k|  11 | 0.000000e+00 |      --      |    Inf |  95.10%
 7935s|177900 |    53 | 75465k| 424.2 |   377M |  39 |1101 |  10k|3115 | 882k|  3 | 231k|  11 | 0.000000e+00 |      --      |    Inf |  95.16%
 7939s|178000 |    52 | 75524k| 424.3 |   377M |  39 |1101 |  10k|3043 | 883k|  2 | 231k|  11 | 0.000000e+00 |      --      |    Inf |  95.17%
 7943s|178100 |    53 | 75572k| 424.3 |   377M |  39 |1101 |  10k|2910 | 883k|  2 | 231k|  11 | 0.000000e+00 |      --      |    Inf |  95.18%
 7948s|178200 |    57 | 75626k| 424.4 |   377M |  39 |1101 |  10k|3141 | 884k|  0 | 231k|  11 | 0.000000e+00 |      --      |    Inf |  95.21%
 7953s|178300 |    52 | 75692k| 424.5 |   377M |  39 |1101 |  10k|3022 | 885k|  0 | 231k|  11 | 0.000000e+00 |      --      |    Inf |  95.22%
 7957s|178400 |    50 | 75743k| 424.6 |   377M |  39 |1101 |  10k|3111 | 885k|  2 | 231k|  11 | 0.000000e+00 |      --      |    Inf |  95.53%
 7961s|178500 |    52 | 75793k| 424.6 |   377M |  39 |1101 |  10k|2726 | 886k|  0 | 231k|  11 | 0.000000e+00 |      --      |    Inf |  95.57%
 7965s|178600 |    43 | 75842k| 424.6 |   377M |  39 |1101 |  10k|2864 | 887k|  2 | 232k|  11 | 0.000000e+00 |      --      |    Inf |  95.58%
 7972s|178700 |    42 | 75916k| 424.8 |   377M |  39 |1101 |  10k|   0 | 888k|  0 | 232k|  11 | 0.000000e+00 |      --      |    Inf |  95.72%
 time | node  | left  |LP iter|LP it/n|mem/heur|mdpt |vars |cons |rows |cuts |sepa|confs|strbr|  dualbound   | primalbound  |  gap   | compl. 
 7977s|178800 |    51 | 75976k| 424.9 |   378M |  39 |1101 |  10k|3470 | 889k|  0 | 232k|  11 | 0.000000e+00 |      --      |    Inf |  96.13%
 7982s|178900 |    46 | 76036k| 425.0 |   378M |  39 |1101 |  10k|3439 | 889k|  0 | 232k|  11 | 0.000000e+00 |      --      |    Inf |  96.18%
 7989s|179000 |    46 | 76105k| 425.2 |   379M |  39 |1101 |  10k|3465 | 889k|  2 | 232k|  11 | 0.000000e+00 |      --      |    Inf |  96.42%
 7995s|179100 |    46 | 76173k| 425.3 |   379M |  39 |1101 |  10k|3329 | 890k|  0 | 232k|  11 | 0.000000e+00 |      --      |    Inf |  96.52%
 8000s|179200 |    51 | 76233k| 425.4 |   379M |  39 |1101 |  10k|3317 | 890k|  2 | 232k|  11 | 0.000000e+00 |      --      |    Inf |  96.53%
 8005s|179300 |    50 | 76295k| 425.5 |   379M |  39 |1101 |  10k|3356 | 891k|  2 | 232k|  11 | 0.000000e+00 |      --      |    Inf |  96.53%
 8010s|179400 |    48 | 76346k| 425.5 |   379M |  39 |1101 |  10k|3355 | 891k|  0 | 233k|  11 | 0.000000e+00 |      --      |    Inf |  96.55%
 8014s|179500 |    47 | 76399k| 425.6 |   379M |  39 |1101 |  10k|3286 | 892k|  2 | 233k|  11 | 0.000000e+00 |      --      |    Inf |  96.57%
 8020s|179600 |    45 | 76464k| 425.7 |   379M |  39 |1101 |  10k|   0 | 892k|  0 | 233k|  11 | 0.000000e+00 |      --      |    Inf |  96.59%
 8026s|179700 |    49 | 76533k| 425.9 |   380M |  39 |1101 |  10k|3264 | 893k|  2 | 233k|  11 | 0.000000e+00 |      --      |    Inf |  96.66%
 8030s|179800 |    47 | 76589k| 426.0 |   380M |  39 |1101 |  10k|   0 | 893k|  0 | 233k|  11 | 0.000000e+00 |      --      |    Inf |  96.68%
 8035s|179900 |    51 | 76641k| 426.0 |   380M |  39 |1101 |  10k|3339 | 893k|  2 | 233k|  11 | 0.000000e+00 |      --      |    Inf |  96.71%
 8039s|180000 |    55 | 76691k| 426.0 |   380M |  39 |1101 |  10k|   0 | 894k|  0 | 233k|  11 | 0.000000e+00 |      --      |    Inf |  96.73%
 8042s|180100 |    52 | 76728k| 426.0 |   380M |  39 |1101 |  10k|3340 | 894k|  1 | 233k|  11 | 0.000000e+00 |      --      |    Inf |  96.75%
 8047s|180200 |    46 | 76781k| 426.1 |   380M |  39 |1101 |  10k|3242 | 894k|  0 | 234k|  11 | 0.000000e+00 |      --      |    Inf |  96.78%
 time | node  | left  |LP iter|LP it/n|mem/heur|mdpt |vars |cons |rows |cuts |sepa|confs|strbr|  dualbound   | primalbound  |  gap   | compl. 
 8053s|180300 |    49 | 76845k| 426.2 |   380M |  39 |1101 |  10k|3444 | 895k|  2 | 234k|  11 | 0.000000e+00 |      --      |    Inf |  96.84%
 8057s|180400 |    42 | 76888k| 426.2 |   380M |  39 |1101 |  10k|   0 | 895k|  0 | 234k|  11 | 0.000000e+00 |      --      |    Inf |  96.87%
 8062s|180500 |    40 | 76946k| 426.3 |   380M |  39 |1101 |  10k|3162 | 895k|  2 | 234k|  11 | 0.000000e+00 |      --      |    Inf |  96.90%
 8066s|180600 |    45 | 77001k| 426.3 |   381M |  39 |1101 |  10k|3283 | 896k|  1 | 234k|  11 | 0.000000e+00 |      --      |    Inf |  97.01%
 8071s|180700 |    41 | 77055k| 426.4 |   381M |  39 |1101 |  10k|   0 | 896k|  0 | 234k|  11 | 0.000000e+00 |      --      |    Inf |  97.23%
 8075s|180800 |    39 | 77111k| 426.5 |   381M |  39 |1101 |  10k|3299 | 896k|  0 | 234k|  11 | 0.000000e+00 |      --      |    Inf |  97.31%
 8080s|180900 |    39 | 77166k| 426.6 |   381M |  39 |1101 |  10k|2788 | 897k|  2 | 234k|  11 | 0.000000e+00 |      --      |    Inf |  97.34%
 8085s|181000 |    47 | 77217k| 426.6 |   381M |  39 |1101 |  10k|2856 | 898k|  2 | 235k|  11 | 0.000000e+00 |      --      |    Inf |  97.35%
 8088s|181100 |    41 | 77260k| 426.6 |   381M |  39 |1101 |  10k|3102 | 898k|  2 | 235k|  11 | 0.000000e+00 |      --      |    Inf |  97.35%
 8092s|181200 |    50 | 77302k| 426.6 |   381M |  39 |1101 |  10k|2980 | 899k|  2 | 235k|  11 | 0.000000e+00 |      --      |    Inf |  97.37%
 8095s|181300 |    44 | 77342k| 426.6 |   381M |  39 |1101 |  10k|2995 | 899k|  2 | 235k|  11 | 0.000000e+00 |      --      |    Inf |  97.37%
 8098s|181400 |    46 | 77377k| 426.5 |   381M |  39 |1101 |  10k|2919 | 900k|  2 | 235k|  11 | 0.000000e+00 |      --      |    Inf |  97.37%
 8100s|181500 |    47 | 77412k| 426.5 |   381M |  39 |1101 |  10k|2984 | 900k|  2 | 235k|  11 | 0.000000e+00 |      --      |    Inf |  97.38%
 8106s|181600 |    49 | 77444k| 426.4 |   381M |  39 |1101 |  10k|3025 | 901k|  1 | 235k|  11 | 0.000000e+00 |      --      |    Inf |  97.38%
 8112s|181700 |    45 | 77477k| 426.4 |   381M |  39 |1101 |  10k|3013 | 901k|  2 | 235k|  11 | 0.000000e+00 |      --      |    Inf |  97.38%
 time | node  | left  |LP iter|LP it/n|mem/heur|mdpt |vars |cons |rows |cuts |sepa|confs|strbr|  dualbound   | primalbound  |  gap   | compl. 
 8118s|181800 |    44 | 77509k| 426.3 |   381M |  39 |1101 |  10k|2860 | 902k|  0 | 235k|  11 | 0.000000e+00 |      --      |    Inf |  97.40%
 8124s|181900 |    38 | 77538k| 426.2 |   381M |  39 |1101 |  10k|2878 | 902k|  0 | 236k|  11 | 0.000000e+00 |      --      |    Inf |  97.41%
 8129s|182000 |    43 | 77576k| 426.2 |   381M |  39 |1101 |  10k|2946 | 903k|  2 | 236k|  11 | 0.000000e+00 |      --      |    Inf |  97.42%
 8133s|182100 |    46 | 77622k| 426.2 |   381M |  39 |1101 |  10k|2957 | 904k|  2 | 236k|  11 | 0.000000e+00 |      --      |    Inf |  97.43%
 8138s|182200 |    42 | 77680k| 426.3 |   381M |  39 |1101 |  10k|   0 | 905k|  0 | 236k|  11 | 0.000000e+00 |      --      |    Inf |  97.43%
 8142s|182300 |    43 | 77727k| 426.4 |   381M |  39 |1101 |  10k|2943 | 905k|  2 | 236k|  11 | 0.000000e+00 |      --      |    Inf |  97.43%
 8144s|182400 |    46 | 77754k| 426.3 |   381M |  39 |1101 |  10k|2990 | 906k|  2 | 236k|  11 | 0.000000e+00 |      --      |    Inf |  97.43%
 8147s|182500 |    45 | 77795k| 426.3 |   381M |  39 |1101 |  10k|2981 | 906k|  2 | 236k|  11 | 0.000000e+00 |      --      |    Inf |  97.43%
 8151s|182600 |    44 | 77837k| 426.3 |   381M |  39 |1101 |  10k|3014 | 907k|  0 | 236k|  11 | 0.000000e+00 |      --      |    Inf |  97.44%
 8155s|182700 |    38 | 77879k| 426.2 |   381M |  39 |1101 |  10k|2971 | 907k|  2 | 236k|  11 | 0.000000e+00 |      --      |    Inf |  97.44%
 8157s|182800 |    39 | 77915k| 426.2 |   381M |  39 |1101 |  10k|3030 | 908k|  2 | 236k|  11 | 0.000000e+00 |      --      |    Inf |  97.44%
 8162s|182900 |    41 | 77976k| 426.3 |   382M |  39 |1101 |  10k|2974 | 909k|  2 | 237k|  11 | 0.000000e+00 |      --      |    Inf |  97.55%
 8167s|183000 |    41 | 78030k| 426.4 |   382M |  39 |1101 |  10k|2926 | 910k|  2 | 237k|  11 | 0.000000e+00 |      --      |    Inf |  97.56%
 8172s|183100 |    45 | 78086k| 426.4 |   382M |  39 |1101 |  10k|2834 | 911k|  2 | 237k|  11 | 0.000000e+00 |      --      |    Inf |  97.58%
 8178s|183200 |    45 | 78152k| 426.6 |   382M |  39 |1101 |  10k|2974 | 911k|  2 | 237k|  11 | 0.000000e+00 |      --      |    Inf |  97.59%
 time | node  | left  |LP iter|LP it/n|mem/heur|mdpt |vars |cons |rows |cuts |sepa|confs|strbr|  dualbound   | primalbound  |  gap   | compl. 
 8182s|183300 |    52 | 78210k| 426.7 |   382M |  39 |1101 |  10k|3213 | 912k|  0 | 237k|  11 | 0.000000e+00 |      --      |    Inf |  97.60%
 8187s|183400 |    50 | 78269k| 426.7 |   382M |  39 |1101 |  10k|3220 | 912k|  2 | 237k|  11 | 0.000000e+00 |      --      |    Inf |  97.61%
 8192s|183500 |    49 | 78326k| 426.8 |   382M |  39 |1101 |  10k|3272 | 913k|  0 | 238k|  11 | 0.000000e+00 |      --      |    Inf |  97.61%
 8197s|183600 |    48 | 78381k| 426.9 |   382M |  39 |1101 |  10k|3209 | 913k|  2 | 238k|  11 | 0.000000e+00 |      --      |    Inf |  97.61%
 8201s|183700 |    47 | 78427k| 426.9 |   382M |  39 |1101 |  10k|3229 | 913k|  2 | 238k|  11 | 0.000000e+00 |      --      |    Inf |  97.62%
 8205s|183800 |    45 | 78474k| 426.9 |   382M |  39 |1101 |  10k|3231 | 913k|  2 | 238k|  11 | 0.000000e+00 |      --      |    Inf |  97.62%
 8209s|183900 |    40 | 78523k| 427.0 |   382M |  39 |1101 |  10k|3015 | 914k|  0 | 238k|  11 | 0.000000e+00 |      --      |    Inf |  97.62%
 8214s|184000 |    36 | 78578k| 427.0 |   382M |  39 |1101 |  10k|2922 | 914k|  2 | 239k|  11 | 0.000000e+00 |      --      |    Inf |  97.64%
 8219s|184100 |    42 | 78637k| 427.1 |   382M |  39 |1101 |  10k|2923 | 915k|  2 | 239k|  11 | 0.000000e+00 |      --      |    Inf |  97.64%
 8223s|184200 |    44 | 78689k| 427.2 |   382M |  39 |1101 |  10k|3001 | 916k|  2 | 239k|  11 | 0.000000e+00 |      --      |    Inf |  97.65%
 8228s|184300 |    47 | 78749k| 427.3 |   382M |  39 |1101 |  10k|3102 | 917k|  2 | 239k|  11 | 0.000000e+00 |      --      |    Inf |  97.65%
 8233s|184400 |    44 | 78801k| 427.3 |   382M |  39 |1101 |  10k|3275 | 917k|  2 | 239k|  11 | 0.000000e+00 |      --      |    Inf |  97.65%
 8237s|184500 |    43 | 78851k| 427.4 |   382M |  39 |1101 |  10k|2913 | 918k|  2 | 239k|  11 | 0.000000e+00 |      --      |    Inf |  97.65%
 8241s|184600 |    49 | 78896k| 427.4 |   382M |  39 |1101 |  10k|3000 | 918k|  2 | 239k|  11 | 0.000000e+00 |      --      |    Inf |  97.66%
 8243s|184700 |    43 | 78928k| 427.3 |   382M |  39 |1101 |  10k|   0 | 919k|  0 | 240k|  11 | 0.000000e+00 |      --      |    Inf |  97.66%
 time | node  | left  |LP iter|LP it/n|mem/heur|mdpt |vars |cons |rows |cuts |sepa|confs|strbr|  dualbound   | primalbound  |  gap   | compl. 
 8248s|184800 |    46 | 78980k| 427.4 |   382M |  39 |1101 |  10k|2949 | 919k|  2 | 240k|  11 | 0.000000e+00 |      --      |    Inf |  97.66%
 8250s|184900 |    44 | 79004k| 427.3 |   382M |  39 |1101 |  10k|2922 | 920k|  2 | 240k|  11 | 0.000000e+00 |      --      |    Inf |  97.66%
 8252s|185000 |    43 | 79029k| 427.2 |   382M |  39 |1101 |  10k|2899 | 920k|  0 | 240k|  11 | 0.000000e+00 |      --      |    Inf |  97.66%
 8254s|185100 |    46 | 79059k| 427.1 |   382M |  39 |1101 |  10k|2897 | 920k|  2 | 240k|  11 | 0.000000e+00 |      --      |    Inf |  97.67%
 8257s|185200 |    44 | 79098k| 427.1 |   382M |  39 |1101 |  10k|2889 | 921k|  0 | 240k|  11 | 0.000000e+00 |      --      |    Inf |  97.67%
 8260s|185300 |    42 | 79127k| 427.0 |   382M |  39 |1101 |  10k|   0 | 921k|  0 | 240k|  11 | 0.000000e+00 |      --      |    Inf |  97.67%
 8263s|185400 |    45 | 79164k| 427.0 |   382M |  39 |1101 |  10k|3040 | 922k|  2 | 240k|  11 | 0.000000e+00 |      --      |    Inf |  97.67%
 8267s|185500 |    44 | 79215k| 427.0 |   382M |  39 |1101 |  10k|3059 | 923k|  2 | 240k|  11 | 0.000000e+00 |      --      |    Inf |  97.68%
 8272s|185600 |    39 | 79263k| 427.0 |   382M |  39 |1101 |  10k|   0 | 924k|  0 | 241k|  11 | 0.000000e+00 |      --      |    Inf |  97.68%
 8277s|185700 |    39 | 79325k| 427.1 |   382M |  39 |1101 |  10k|3051 | 924k|  2 | 241k|  11 | 0.000000e+00 |      --      |    Inf |  97.69%
 8281s|185800 |    36 | 79375k| 427.2 |   382M |  39 |1101 |  10k|3128 | 925k|  0 | 241k|  11 | 0.000000e+00 |      --      |    Inf |  97.69%
 8286s|185900 |    41 | 79433k| 427.3 |   382M |  39 |1101 |  10k|   0 | 926k|  0 | 241k|  11 | 0.000000e+00 |      --      |    Inf |  97.69%
 8292s|186000 |    44 | 79490k| 427.3 |   382M |  39 |1101 |  10k|3184 | 926k|  2 | 241k|  11 | 0.000000e+00 |      --      |    Inf |  97.69%
 8296s|186100 |    37 | 79538k| 427.4 |   382M |  39 |1101 |  10k|3130 | 926k|  0 | 241k|  11 | 0.000000e+00 |      --      |    Inf |  97.69%
 8305s|186200 |    32 | 79602k| 427.5 |   382M |  39 |1101 |  10k|3107 | 927k|  0 | 241k|  11 | 0.000000e+00 |      --      |    Inf |  97.70%
 time | node  | left  |LP iter|LP it/n|mem/heur|mdpt |vars |cons |rows |cuts |sepa|confs|strbr|  dualbound   | primalbound  |  gap   | compl. 
 8315s|186300 |    41 | 79652k| 427.5 |   382M |  39 |1101 |  10k|2821 | 927k|  2 | 242k|  11 | 0.000000e+00 |      --      |    Inf |  97.70%
 8324s|186400 |    39 | 79701k| 427.6 |   382M |  39 |1101 |  10k|3340 | 928k|  0 | 242k|  11 | 0.000000e+00 |      --      |    Inf |  97.72%
 8336s|186500 |    42 | 79760k| 427.6 |   382M |  39 |1101 |  10k|3062 | 928k|  2 | 242k|  11 | 0.000000e+00 |      --      |    Inf |  97.74%
 8344s|186600 |    45 | 79801k| 427.6 |   382M |  39 |1101 |  10k|3046 | 929k|  1 | 242k|  11 | 0.000000e+00 |      --      |    Inf |  97.75%
 8349s|186700 |    45 | 79832k| 427.6 |   382M |  39 |1101 |  10k|   0 | 929k|  0 | 242k|  11 | 0.000000e+00 |      --      |    Inf |  97.75%
 8357s|186800 |    40 | 79871k| 427.6 |   382M |  39 |1101 |  10k|2913 | 930k|  2 | 242k|  11 | 0.000000e+00 |      --      |    Inf |  97.75%
 8366s|186900 |    40 | 79921k| 427.6 |   382M |  39 |1101 |  10k|2980 | 930k|  2 | 242k|  11 | 0.000000e+00 |      --      |    Inf |  97.75%
 8377s|187000 |    38 | 79974k| 427.7 |   382M |  39 |1101 |  10k|2995 | 931k|  2 | 243k|  11 | 0.000000e+00 |      --      |    Inf |  97.76%
 8386s|187100 |    49 | 80022k| 427.7 |   382M |  39 |1101 |  10k|3072 | 932k|  2 | 243k|  11 | 0.000000e+00 |      --      |    Inf |  97.76%
 8391s|187200 |    36 | 80079k| 427.8 |   382M |  39 |1101 |  10k|2799 | 933k|  2 | 243k|  11 | 0.000000e+00 |      --      |    Inf |  97.96%
 8396s|187300 |    37 | 80138k| 427.8 |   382M |  39 |1101 |  10k|2843 | 934k|  2 | 243k|  11 | 0.000000e+00 |      --      |    Inf |  98.02%
 8401s|187400 |    30 | 80201k| 428.0 |   382M |  39 |1101 |  10k|3181 | 935k|  2 | 243k|  11 | 0.000000e+00 |      --      |    Inf |  98.05%
 8404s|187500 |    34 | 80233k| 427.9 |   383M |  39 |1101 |  10k|2809 | 935k|  2 | 243k|  11 | 0.000000e+00 |      --      |    Inf |  98.13%
 8407s|187600 |    32 | 80266k| 427.8 |   383M |  39 |1101 |  10k|2849 | 936k|  2 | 244k|  11 | 0.000000e+00 |      --      |    Inf |  98.18%
 8411s|187700 |    34 | 80319k| 427.9 |   383M |  39 |1101 |  10k|2979 | 937k|  2 | 244k|  11 | 0.000000e+00 |      --      |    Inf |  98.26%
 time | node  | left  |LP iter|LP it/n|mem/heur|mdpt |vars |cons |rows |cuts |sepa|confs|strbr|  dualbound   | primalbound  |  gap   | compl. 
 8416s|187800 |    27 | 80376k| 428.0 |   383M |  39 |1101 |  10k|3046 | 938k|  0 | 244k|  11 | 0.000000e+00 |      --      |    Inf |  98.27%
 8421s|187900 |    27 | 80432k| 428.0 |   383M |  39 |1101 |  10k|2749 | 939k|  2 | 244k|  11 | 0.000000e+00 |      --      |    Inf |  98.37%
 8426s|188000 |    22 | 80491k| 428.1 |   383M |  39 |1101 |  10k|2972 | 940k|  0 | 244k|  11 | 0.000000e+00 |      --      |    Inf |  98.59%
 8431s|188100 |    20 | 80557k| 428.3 |   383M |  39 |1101 |  10k|2997 | 940k|  0 | 244k|  11 | 0.000000e+00 |      --      |    Inf |  98.61%
 8436s|188200 |    23 | 80607k| 428.3 |   383M |  39 |1101 |  10k|2988 | 941k|  2 | 244k|  11 | 0.000000e+00 |      --      |    Inf |  98.71%
 8448s|188300 |    30 | 80663k| 428.4 |   383M |  39 |1101 |  10k|2937 | 942k|  2 | 244k|  11 | 0.000000e+00 |      --      |    Inf |  98.75%
 8452s|188400 |    32 | 80709k| 428.4 |   383M |  39 |1101 |  10k|2956 | 943k|  2 | 245k|  11 | 0.000000e+00 |      --      |    Inf |  98.80%
 8455s|188500 |    32 | 80740k| 428.3 |   383M |  39 |1101 |  10k|3050 | 943k|  0 | 245k|  11 | 0.000000e+00 |      --      |    Inf |  98.80%
 8457s|188600 |    24 | 80768k| 428.2 |   383M |  39 |1101 |  10k|2997 | 944k|  2 | 245k|  11 | 0.000000e+00 |      --      |    Inf |  98.80%
 8461s|188700 |    28 | 80807k| 428.2 |   383M |  39 |1101 |  10k|   0 | 945k|  0 | 245k|  11 | 0.000000e+00 |      --      |    Inf |  98.82%
 8464s|188800 |    32 | 80842k| 428.2 |   383M |  39 |1101 |  10k|3027 | 945k|  1 | 245k|  11 | 0.000000e+00 |      --      |    Inf |  98.83%
 8467s|188900 |    34 | 80879k| 428.1 |   383M |  39 |1101 |  10k|2998 | 946k|  0 | 245k|  11 | 0.000000e+00 |      --      |    Inf |  98.83%
 8470s|189000 |    27 | 80910k| 428.1 |   383M |  39 |1101 |  10k|2950 | 946k|  2 | 245k|  11 | 0.000000e+00 |      --      |    Inf |  98.83%
 8474s|189100 |    25 | 80955k| 428.1 |   383M |  39 |1101 |  10k|2848 | 947k|  2 | 245k|  11 | 0.000000e+00 |      --      |    Inf |  98.84%
 8478s|189200 |    23 | 81004k| 428.1 |   383M |  39 |1101 |  10k|2969 | 947k|  2 | 245k|  11 | 0.000000e+00 |      --      |    Inf |  98.85%
 time | node  | left  |LP iter|LP it/n|mem/heur|mdpt |vars |cons |rows |cuts |sepa|confs|strbr|  dualbound   | primalbound  |  gap   | compl. 
 8482s|189300 |    26 | 81050k| 428.1 |   383M |  39 |1101 |  10k|2928 | 948k|  3 | 246k|  11 | 0.000000e+00 |      --      |    Inf |  98.87%
 8485s|189400 |    29 | 81091k| 428.1 |   383M |  39 |1101 |  10k|3015 | 949k|  1 | 246k|  11 | 0.000000e+00 |      --      |    Inf |  98.88%
 8487s|189500 |    26 | 81118k| 428.0 |   383M |  39 |1101 |  10k|2956 | 949k|  0 | 246k|  11 | 0.000000e+00 |      --      |    Inf |  98.88%
 8490s|189600 |    20 | 81152k| 428.0 |   383M |  39 |1101 |  10k|2695 | 950k|  2 | 246k|  11 | 0.000000e+00 |      --      |    Inf |  98.88%
 8493s|189700 |    30 | 81192k| 428.0 |   383M |  39 |1101 |  10k|2860 | 950k|  2 | 246k|  11 | 0.000000e+00 |      --      |    Inf |  98.92%
 8497s|189800 |    34 | 81241k| 428.0 |   383M |  39 |1101 |  10k|   0 | 951k|  0 | 246k|  11 | 0.000000e+00 |      --      |    Inf |  98.94%
 8501s|189900 |    30 | 81284k| 428.0 |   383M |  39 |1101 |  10k|2911 | 951k|  2 | 246k|  11 | 0.000000e+00 |      --      |    Inf |  98.95%
 8505s|190000 |    31 | 81328k| 428.0 |   383M |  39 |1101 |  10k|2955 | 952k|  2 | 246k|  11 | 0.000000e+00 |      --      |    Inf |  98.96%
 8508s|190100 |    23 | 81372k| 428.0 |   383M |  39 |1101 |  10k|2900 | 953k|  0 | 247k|  11 | 0.000000e+00 |      --      |    Inf |  98.96%
 8511s|190200 |    26 | 81410k| 428.0 |   383M |  39 |1101 |  10k|2890 | 953k|  2 | 247k|  11 | 0.000000e+00 |      --      |    Inf |  99.00%
 8515s|190300 |    26 | 81455k| 428.0 |   383M |  39 |1101 |  10k|2989 | 954k|  0 | 247k|  11 | 0.000000e+00 |      --      |    Inf |  99.01%
 8519s|190400 |    24 | 81502k| 428.0 |   383M |  39 |1101 |  10k|   0 | 954k|  0 | 247k|  11 | 0.000000e+00 |      --      |    Inf |  99.07%
 8521s|190500 |    21 | 81538k| 428.0 |   383M |  39 |1101 |  10k|2940 | 955k|  2 | 247k|  11 | 0.000000e+00 |      --      |    Inf |  99.07%
 8525s|190600 |    24 | 81578k| 428.0 |   383M |  39 |1101 |  10k|   0 | 956k|  0 | 247k|  11 | 0.000000e+00 |      --      |    Inf |  99.29%
 8528s|190700 |    19 | 81616k| 428.0 |   383M |  39 |1101 |  10k|2949 | 956k|  0 | 247k|  11 | 0.000000e+00 |      --      |    Inf |  99.29%
 time | node  | left  |LP iter|LP it/n|mem/heur|mdpt |vars |cons |rows |cuts |sepa|confs|strbr|  dualbound   | primalbound  |  gap   | compl. 
 8531s|190800 |    25 | 81653k| 427.9 |   383M |  39 |1101 |  10k|2959 | 957k|  2 | 247k|  11 | 0.000000e+00 |      --      |    Inf |  99.30%
 8534s|190900 |    23 | 81686k| 427.9 |   383M |  39 |1101 |  10k|2930 | 957k|  2 | 248k|  11 | 0.000000e+00 |      --      |    Inf |  99.30%
 8537s|191000 |    22 | 81724k| 427.9 |   383M |  39 |1101 |  10k|   0 | 958k|  0 | 248k|  11 | 0.000000e+00 |      --      |    Inf |  99.30%
 8540s|191100 |    29 | 81760k| 427.8 |   383M |  39 |1101 |  10k|2975 | 958k|  0 | 248k|  11 | 0.000000e+00 |      --      |    Inf |  99.31%
 8543s|191200 |    23 | 81797k| 427.8 |   383M |  39 |1101 |  10k|2990 | 959k|  2 | 248k|  11 | 0.000000e+00 |      --      |    Inf |  99.31%
 8546s|191300 |    22 | 81837k| 427.8 |   383M |  39 |1101 |  10k|   0 | 959k|  0 | 248k|  11 | 0.000000e+00 |      --      |    Inf |  99.32%
 8549s|191400 |    24 | 81875k| 427.8 |   383M |  39 |1101 |  10k|2972 | 960k|  2 | 248k|  11 | 0.000000e+00 |      --      |    Inf |  99.32%
 8552s|191500 |    20 | 81910k| 427.7 |   383M |  39 |1101 |  10k|2969 | 960k|  2 | 248k|  11 | 0.000000e+00 |      --      |    Inf |  99.32%
 8556s|191600 |    16 | 81952k| 427.7 |   383M |  39 |1101 |  10k|   0 | 961k|  0 | 248k|  11 | 0.000000e+00 |      --      |    Inf |  99.33%
 8561s|191700 |    26 | 82006k| 427.8 |   383M |  39 |1101 |  10k|2939 | 962k|  2 | 249k|  11 | 0.000000e+00 |      --      |    Inf |  99.38%
 8564s|191800 |    23 | 82052k| 427.8 |   383M |  39 |1101 |  10k|2978 | 963k|  0 | 249k|  11 | 0.000000e+00 |      --      |    Inf |  99.39%
 8569s|191900 |    27 | 82114k| 427.9 |   383M |  39 |1101 |  10k|2935 | 964k|  0 | 249k|  11 | 0.000000e+00 |      --      |    Inf |  99.41%
 8574s|192000 |    26 | 82174k| 428.0 |   383M |  39 |1101 |  10k|   0 | 965k|  0 | 249k|  11 | 0.000000e+00 |      --      |    Inf |  99.42%
 8577s|192100 |    26 | 82212k| 427.9 |   383M |  39 |1101 |  10k|2980 | 965k|  2 | 249k|  11 | 0.000000e+00 |      --      |    Inf |  99.43%
 8580s|192200 |    22 | 82249k| 427.9 |   383M |  39 |1101 |  10k|3000 | 965k|  0 | 249k|  11 | 0.000000e+00 |      --      |    Inf |  99.43%
 time | node  | left  |LP iter|LP it/n|mem/heur|mdpt |vars |cons |rows |cuts |sepa|confs|strbr|  dualbound   | primalbound  |  gap   | compl. 
 8584s|192300 |    21 | 82298k| 428.0 |   383M |  39 |1101 |  10k|2977 | 966k|  0 | 250k|  11 | 0.000000e+00 |      --      |    Inf |  99.43%
 8588s|192400 |    33 | 82348k| 428.0 |   383M |  39 |1101 |  10k|2990 | 966k|  2 | 250k|  11 | 0.000000e+00 |      --      |    Inf |  99.44%
 8592s|192500 |    29 | 82392k| 428.0 |   383M |  39 |1101 |  10k|   0 | 967k|  0 | 250k|  11 | 0.000000e+00 |      --      |    Inf |  99.44%
 8595s|192600 |    25 | 82434k| 428.0 |   383M |  39 |1101 |  10k|2949 | 967k|  2 | 250k|  11 | 0.000000e+00 |      --      |    Inf |  99.44%
 8599s|192700 |    22 | 82486k| 428.0 |   383M |  39 |1101 |  10k|3043 | 968k|  2 | 250k|  11 | 0.000000e+00 |      --      |    Inf |  99.44%
 8603s|192800 |    23 | 82529k| 428.0 |   383M |  39 |1101 |  10k|3122 | 968k|  0 | 251k|  11 | 0.000000e+00 |      --      |    Inf |  99.44%
 8607s|192900 |    32 | 82580k| 428.1 |   383M |  39 |1101 |  10k|   0 | 969k|  0 | 251k|  11 | 0.000000e+00 |      --      |    Inf |  99.44%
 8610s|193000 |    25 | 82624k| 428.1 |   383M |  39 |1101 |  10k|2952 | 969k|  2 | 251k|  11 | 0.000000e+00 |      --      |    Inf |  99.45%
 8613s|193100 |    30 | 82661k| 428.1 |   383M |  39 |1101 |  10k|3017 | 970k|  2 | 251k|  11 | 0.000000e+00 |      --      |    Inf |  99.45%
 8618s|193200 |    22 | 82719k| 428.1 |   383M |  39 |1101 |  10k|   0 | 971k|  0 | 251k|  11 | 0.000000e+00 |      --      |    Inf |  99.45%
 8621s|193300 |    23 | 82755k| 428.1 |   383M |  39 |1101 |  10k|2908 | 971k|  0 | 251k|  11 | 0.000000e+00 |      --      |    Inf |  99.45%
 8624s|193400 |    20 | 82787k| 428.0 |   383M |  39 |1101 |  10k|   0 | 972k|  0 | 251k|  11 | 0.000000e+00 |      --      |    Inf |  99.45%
 8627s|193500 |    23 | 82824k| 428.0 |   383M |  39 |1101 |  10k|2953 | 972k|  2 | 251k|  11 | 0.000000e+00 |      --      |    Inf |  99.45%
 8631s|193600 |    19 | 82871k| 428.0 |   383M |  39 |1101 |  10k|3017 | 973k|  2 | 251k|  11 | 0.000000e+00 |      --      |    Inf |  99.45%
 8634s|193700 |    19 | 82912k| 428.0 |   383M |  39 |1101 |  10k|   0 | 973k|  0 | 252k|  11 | 0.000000e+00 |      --      |    Inf |  99.45%
 time | node  | left  |LP iter|LP it/n|mem/heur|mdpt |vars |cons |rows |cuts |sepa|confs|strbr|  dualbound   | primalbound  |  gap   | compl. 
 8638s|193800 |    19 | 82964k| 428.1 |   383M |  39 |1101 |  10k|3033 | 974k|  0 | 252k|  11 | 0.000000e+00 |      --      |    Inf |  99.45%
 8643s|193900 |    21 | 83015k| 428.1 |   383M |  39 |1101 |  10k|2956 | 975k|  2 | 252k|  11 | 0.000000e+00 |      --      |    Inf |  99.45%
 8646s|194000 |    20 | 83057k| 428.1 |   383M |  39 |1101 |  10k|   0 | 975k|  0 | 252k|  11 | 0.000000e+00 |      --      |    Inf |  99.46%
 8649s|194100 |    27 | 83090k| 428.1 |   383M |  39 |1101 |  10k|3021 | 976k|  2 | 252k|  11 | 0.000000e+00 |      --      |    Inf |  99.46%
 8651s|194200 |    21 | 83118k| 428.0 |   383M |  39 |1101 |  10k|3040 | 977k|  2 | 252k|  11 | 0.000000e+00 |      --      |    Inf |  99.46%
 8654s|194300 |    24 | 83148k| 427.9 |   383M |  39 |1101 |  10k|   0 | 977k|  0 | 252k|  11 | 0.000000e+00 |      --      |    Inf |  99.46%
 8656s|194400 |    17 | 83179k| 427.9 |   383M |  39 |1101 |  10k|3021 | 977k|  2 | 252k|  11 | 0.000000e+00 |      --      |    Inf |  99.46%
 8660s|194500 |    20 | 83221k| 427.9 |   383M |  39 |1101 |  10k|2818 | 979k|  2 | 252k|  11 | 0.000000e+00 |      --      |    Inf |  99.48%
 8662s|194600 |    13 | 83245k| 427.8 |   383M |  39 |1101 |  10k|   0 | 979k|  0 | 252k|  11 | 0.000000e+00 |      --      |    Inf |  99.50%
 8667s|194700 |    16 | 83312k| 427.9 |   384M |  39 |1101 |  10k|3128 | 980k|  0 | 253k|  11 | 0.000000e+00 |      --      |    Inf |  99.67%
 8672s|194800 |    12 | 83365k| 427.9 |   384M |  39 |1101 |  10k|   0 | 981k|  0 | 253k|  11 | 0.000000e+00 |      --      |    Inf |  99.67%
 8677s|194900 |    14 | 83428k| 428.0 |   384M |  39 |1101 |  10k|3027 | 982k|  0 | 253k|  11 | 0.000000e+00 |      --      |    Inf |  99.70%
 8681s|195000 |    14 | 83485k| 428.1 |   384M |  39 |1101 |  10k|3088 | 983k|  1 | 253k|  11 | 0.000000e+00 |      --      |    Inf |  99.72%
 8684s|195100 |    10 | 83523k| 428.1 |   384M |  39 |1101 |  10k|   0 | 983k|  0 | 253k|  11 | 0.000000e+00 |      --      |    Inf |  99.75%
 8686s|195200 |    17 | 83540k| 428.0 |   384M |  39 |1101 |  10k|   0 | 984k|  0 | 253k|  11 | 0.000000e+00 |      --      |    Inf |  99.78%
 time | node  | left  |LP iter|LP it/n|mem/heur|mdpt |vars |cons |rows |cuts |sepa|confs|strbr|  dualbound   | primalbound  |  gap   | compl. 
 8688s|195300 |    17 | 83567k| 427.9 |   384M |  39 |1101 |  10k|2788 | 984k|  2 | 253k|  11 | 0.000000e+00 |      --      |    Inf |  99.78%
 8690s|195400 |    20 | 83590k| 427.8 |   384M |  39 |1101 |  10k|2743 | 984k|  2 | 253k|  11 | 0.000000e+00 |      --      |    Inf |  99.79%
 8692s|195500 |    14 | 83613k| 427.7 |   384M |  39 |1101 |  10k|2950 | 984k|  1 | 254k|  11 | 0.000000e+00 |      --      |    Inf |  99.79%
 8695s|195600 |    15 | 83642k| 427.6 |   384M |  39 |1101 |  10k|2779 | 985k|  2 | 254k|  11 | 0.000000e+00 |      --      |    Inf |  99.80%
 8697s|195700 |    15 | 83668k| 427.5 |   384M |  39 |1101 |  10k|2749 | 985k|  2 | 254k|  11 | 0.000000e+00 |      --      |    Inf |  99.81%
 8699s|195800 |    12 | 83695k| 427.4 |   384M |  39 |1101 |  10k|   0 | 986k|  0 | 254k|  11 | 0.000000e+00 |      --      |    Inf |  99.82%
 8701s|195900 |    11 | 83720k| 427.3 |   384M |  39 |1101 |  10k|   0 | 986k|  0 | 254k|  11 | 0.000000e+00 |      --      |    Inf |  99.83%
 8704s|196000 |    15 | 83746k| 427.3 |   384M |  39 |1101 |  10k|   0 | 987k|  0 | 254k|  11 | 0.000000e+00 |      --      |    Inf |  99.84%
 8706s|196100 |     6 | 83775k| 427.2 |   384M |  39 |1101 |  10k|2743 | 987k|  2 | 254k|  11 | 0.000000e+00 |      --      |    Inf |  99.86%
 8708s|196200 |     4 | 83803k| 427.1 |   384M |  39 |1101 |  10k|2868 | 987k|  2 | 254k|  11 | 0.000000e+00 |      --      |    Inf |  99.90%
 8711s|196300 |    10 | 83834k| 427.1 |   384M |  39 |1101 |  10k|2679 | 988k|  2 | 254k|  11 | 0.000000e+00 |      --      |    Inf |  99.94%
 8714s|196400 |     2 | 83872k| 427.0 |   384M |  39 |1101 |  10k|2706 | 988k|  0 | 255k|  11 | 0.000000e+00 |      --      |    Inf |  99.96%

SCIP Status        : problem is solved [infeasible]
Solving Time (sec) : 8714.00
Solving Nodes      : 196424
Primal Bound       : +1.00000000000000e+20 (0 solutions)
Dual Bound         : +1.00000000000000e+20
Gap                : 0.00 %


no solution available

SCIP> 