SCIP version 10.0.1 [precision: 8 byte] [memory: block] [mode: optimized] [LP solver: SoPlex 8.0.1] [GitHash: 76a50c97d6]
Copyright (c) 2002-2026 Zuse Institute Berlin (ZIB)

External libraries: 
  SoPlex 8.0.1         Linear programming solver developed at Zuse Institute Berlin (soplex.zib.de) [GitHash: c69290aa]
  CppAD 20180000.0     Algorithmic Differentiation of C++ algorithms developed by B. Bell (github.com/coin-or/CppAD)
  ZLIB 1.3.1           General purpose compression library by J. Gailly and M. Adler (zlib.net)
  MPFR 4.2.2           GNU Multiple Precision Floating-Point Reliable Library (mpfr.org)
  Boost 1.89.0         Boost C++ Libraries (boost.org)
  TinyCThread 1.2      small portable implementation of the C11 threads API (tinycthread.github.io)
  GMP 6.3.0            GNU Multiple Precision Arithmetic Library developed by T. Granlund (gmplib.org)
  ZIMPL 3.7.0          Zuse Institute Mathematical Programming Language developed by T. Koch (zimpl.zib.de)
  AMPL/MP 4.0.4        AMPL .nl file reader library (github.com/ampl/mp)
  PaPILO 3.0.0         parallel presolve for integer and linear optimization (github.com/scipopt/papilo) (built with TBB) [GitHash: 4cbdc327]
  Nauty 2.8.8          Computing Graph Automorphism Groups by Brendan D. McKay (users.cecs.anu.edu.au/~bdm/nauty)
  sassy 2.0            Symmetry preprocessor by Markus Anders (github.com/markusa4/sassy)
  Ipopt 3.14.19        Interior Point Optimizer developed by A. Waechter et.al. (github.com/coin-or/Ipopt)

user parameter file <scip.set> not found - using default parameters


read problem <N20_R9_K3_2_27_split_2_wo_lem_str4_v8.lp>
============

original problem has 1441 variables (1420 bin, 21 int, 0 cont) and 5100 constraints

presolving:
(round 1, fast)       155 del vars, 722 del conss, 0 add conss, 178 chg bounds, 90 chg sides, 180 chg coeffs, 0 upgd conss, 0 impls, 2979 clqs, 0 implints
(round 2, fast)       155 del vars, 732 del conss, 0 add conss, 185 chg bounds, 174 chg sides, 349 chg coeffs, 0 upgd conss, 0 impls, 2979 clqs, 0 implints
(round 3, fast)       155 del vars, 732 del conss, 0 add conss, 191 chg bounds, 203 chg sides, 411 chg coeffs, 0 upgd conss, 0 impls, 2979 clqs, 0 implints
(round 4, fast)       155 del vars, 732 del conss, 0 add conss, 197 chg bounds, 232 chg sides, 462 chg coeffs, 0 upgd conss, 0 impls, 2979 clqs, 0 implints
(round 5, fast)       155 del vars, 732 del conss, 0 add conss, 203 chg bounds, 260 chg sides, 510 chg coeffs, 0 upgd conss, 0 impls, 2979 clqs, 0 implints
(round 6, fast)       155 del vars, 732 del conss, 0 add conss, 209 chg bounds, 288 chg sides, 559 chg coeffs, 0 upgd conss, 0 impls, 2979 clqs, 0 implints
(round 7, fast)       155 del vars, 732 del conss, 0 add conss, 213 chg bounds, 313 chg sides, 612 chg coeffs, 0 upgd conss, 0 impls, 2979 clqs, 0 implints
(round 8, fast)       155 del vars, 732 del conss, 0 add conss, 215 chg bounds, 329 chg sides, 648 chg coeffs, 0 upgd conss, 0 impls, 2979 clqs, 0 implints
(round 9, fast)       155 del vars, 732 del conss, 0 add conss, 215 chg bounds, 336 chg sides, 665 chg coeffs, 0 upgd conss, 0 impls, 2979 clqs, 0 implints
   (0.0s) running MILP presolver
   (0.0s) MILP presolver (2 rounds): 36 aggregations, 0 fixings, 0 bound changes
(round 10, medium)     191 del vars, 732 del conss, 0 add conss, 215 chg bounds, 336 chg sides, 665 chg coeffs, 0 upgd conss, 0 impls, 2907 clqs, 0 implints
(round 11, fast)       191 del vars, 804 del conss, 0 add conss, 215 chg bounds, 336 chg sides, 665 chg coeffs, 0 upgd conss, 0 impls, 2907 clqs, 0 implints
(round 12, exhaustive) 191 del vars, 814 del conss, 0 add conss, 215 chg bounds, 345 chg sides, 665 chg coeffs, 0 upgd conss, 0 impls, 2907 clqs, 0 implints
(round 13, exhaustive) 191 del vars, 814 del conss, 0 add conss, 215 chg bounds, 345 chg sides, 665 chg coeffs, 4064 upgd conss, 0 impls, 2907 clqs, 0 implints
(round 14, exhaustive) 191 del vars, 4690 del conss, 969 add conss, 215 chg bounds, 345 chg sides, 665 chg coeffs, 4064 upgd conss, 0 impls, 2907 clqs, 0 implints
(round 15, exhaustive) 191 del vars, 4690 del conss, 969 add conss, 215 chg bounds, 345 chg sides, 836 chg coeffs, 4064 upgd conss, 0 impls, 2907 clqs, 0 implints
(round 16, exhaustive) 216 del vars, 4690 del conss, 969 add conss, 215 chg bounds, 345 chg sides, 836 chg coeffs, 4064 upgd conss, 1322 impls, 3627 clqs, 0 implints
(round 17, fast)       216 del vars, 4690 del conss, 969 add conss, 215 chg bounds, 345 chg sides, 836 chg coeffs, 4089 upgd conss, 1322 impls, 3627 clqs, 0 implints
(round 18, exhaustive) 241 del vars, 4690 del conss, 969 add conss, 215 chg bounds, 345 chg sides, 836 chg coeffs, 4089 upgd conss, 1322 impls, 3552 clqs, 0 implints
(round 19, fast)       241 del vars, 4690 del conss, 969 add conss, 215 chg bounds, 345 chg sides, 836 chg coeffs, 4114 upgd conss, 1322 impls, 3552 clqs, 0 implints
(round 20, exhaustive) 266 del vars, 4690 del conss, 969 add conss, 215 chg bounds, 345 chg sides, 836 chg coeffs, 4114 upgd conss, 1322 impls, 3477 clqs, 0 implints
(round 21, fast)       266 del vars, 4690 del conss, 969 add conss, 215 chg bounds, 345 chg sides, 836 chg coeffs, 4139 upgd conss, 1322 impls, 3477 clqs, 0 implints
   (0.0s) probing: 1000/1230 (81.3%) - 79 fixings, 0 aggregations, 2117 implications, 0 bound changes
   (0.0s) probing: 1092/1230 (88.8%) - 84 fixings, 0 aggregations, 2117 implications, 0 bound changes
   (0.0s) probing aborted: 50/50 successive totally useless probings
(round 22, exhaustive) 275 del vars, 4690 del conss, 969 add conss, 215 chg bounds, 345 chg sides, 836 chg coeffs, 4139 upgd conss, 1322 impls, 3450 clqs, 0 implints
(round 23, fast)       275 del vars, 4690 del conss, 969 add conss, 215 chg bounds, 345 chg sides, 836 chg coeffs, 4148 upgd conss, 1322 impls, 3450 clqs, 0 implints
   (0.0s) probing: 1097/1230 (89.2%) - 84 fixings, 0 aggregations, 2117 implications, 0 bound changes
   (0.0s) probing aborted: 50/50 successive totally useless probings
   (0.0s) symmetry computation started: requiring (bin +, int +, cont +), (fixed: bin -, int -, cont -)
   (0.0s) no symmetry present (symcode time: 0.00)
presolving (24 rounds: 24 fast, 10 medium, 9 exhaustive):
 275 deleted vars, 4690 deleted constraints, 969 added constraints, 215 tightened bounds, 0 added holes, 345 changed sides, 836 changed coefficients
 1322 implications, 3450 cliques, 0 implied integral variables (0 bin, 0 int, 0 cont)
presolved problem has 1166 variables (1146 bin, 20 int, 0 cont) and 1379 constraints
     17 constraints of type <varbound>
    171 constraints of type <knapsack>
    885 constraints of type <and>
    222 constraints of type <linear>
     84 constraints of type <logicor>
transformed objective value is always integral (scale: 1)
Presolving Time: 0.00

 time | node  | left  |LP iter|LP it/n|mem/heur|mdpt |vars |cons |rows |cuts |sepa|confs|strbr|  dualbound   | primalbound  |  gap   | compl. 
  1.0s|     1 |     0 |  3144 |     - |    28M |   0 |1166 |1429 |2264 |   0 |  0 |  49 |   0 | 0.000000e+00 |      --      |    Inf | unknown
  2.0s|     1 |     0 | 13163 |     - |    46M |   0 |1166 |1429 |2340 |  76 |  1 |  49 |   0 | 0.000000e+00 |      --      |    Inf | unknown
  2.0s|     1 |     0 | 13931 |     - |    60M |   0 |1166 |1429 |2410 | 146 |  2 |  49 |   0 | 0.000000e+00 |      --      |    Inf | unknown
  2.0s|     1 |     0 | 15050 |     - |    75M |   0 |1166 |1429 |2486 | 222 |  3 |  49 |   0 | 0.000000e+00 |      --      |    Inf | unknown
  2.0s|     1 |     0 | 15783 |     - |    87M |   0 |1166 |1431 |2547 | 283 |  4 |  51 |   0 | 0.000000e+00 |      --      |    Inf | unknown
  3.0s|     1 |     0 | 16886 |     - |    99M |   0 |1166 |1431 |2607 | 343 |  5 |  51 |   0 | 0.000000e+00 |      --      |    Inf | unknown
  3.0s|     1 |     0 | 17152 |     - |   114M |   0 |1166 |1435 |2660 | 396 |  6 |  55 |   0 | 0.000000e+00 |      --      |    Inf | unknown
  3.0s|     1 |     0 | 17275 |     - |   125M |   0 |1166 |1437 |2684 | 420 |  7 |  57 |   0 | 0.000000e+00 |      --      |    Inf | unknown
  3.0s|     1 |     0 | 17342 |     - |   134M |   0 |1166 |1437 |2706 | 442 |  8 |  57 |   0 | 0.000000e+00 |      --      |    Inf | unknown
  3.0s|     1 |     0 | 17433 |     - |   145M |   0 |1166 |1437 |2722 | 458 |  9 |  57 |   0 | 0.000000e+00 |      --      |    Inf | unknown
  3.0s|     1 |     0 | 17484 |     - |   154M |   0 |1166 |1437 |2733 | 469 | 10 |  57 |   0 | 0.000000e+00 |      --      |    Inf | unknown
  3.0s|     1 |     0 | 17529 |     - |   154M |   0 |1166 |1437 |2738 | 474 | 11 |  57 |   0 | 0.000000e+00 |      --      |    Inf | unknown
  4.0s|     1 |     2 | 22610 |     - |   154M |   0 |1166 |1439 |2738 | 474 | 11 |  59 |  14 | 0.000000e+00 |      --      |    Inf | unknown
 12.0s|   100 |    77 |106983 | 906.2 |   164M |  24 |1166 |1550 |2811 |2140 |  2 | 170 |  14 | 0.000000e+00 |      --      |    Inf | unknown
 22.0s|   200 |   121 |181054 | 823.1 |   174M |  25 |1166 |1617 |2997 |3612 |  0 | 237 |  14 | 0.000000e+00 |      --      |    Inf | unknown
 time | node  | left  |LP iter|LP it/n|mem/heur|mdpt |vars |cons |rows |cuts |sepa|confs|strbr|  dualbound   | primalbound  |  gap   | compl. 
 27.0s|   300 |   139 |236507 | 733.3 |   175M |  29 |1166 |1680 |2975 |4230 |  2 | 300 |  14 | 0.000000e+00 |      --      |    Inf | unknown
 33.0s|   400 |   160 |303101 | 716.4 |   188M |  29 |1166 |1752 |3095 |5050 |  2 | 373 |  14 | 0.000000e+00 |      --      |    Inf |   0.61%
 39.0s|   500 |   180 |371105 | 709.1 |   179M |  29 |1166 |1839 |3000 |5708 |  0 | 461 |  14 | 0.000000e+00 |      --      |    Inf |   0.61%
 45.0s|   600 |   213 |439284 | 704.5 |   179M |  29 |1166 |1883 |3122 |6680 |  2 | 510 |  14 | 0.000000e+00 |      --      |    Inf |   0.62%
 50.0s|   700 |   241 |505465 | 698.4 |   180M |  29 |1166 |1976 |3278 |7583 |  1 | 607 |  14 | 0.000000e+00 |      --      |    Inf |   0.62%
 56.0s|   800 |   265 |570299 | 692.2 |   173M |  29 |1166 |2061 |3142 |8415 |  2 | 699 |  14 | 0.000000e+00 |      --      |    Inf |   0.63%
 61.0s|   900 |   299 |625533 | 676.6 |   173M |  29 |1166 |2104 |3015 |9281 |  2 | 753 |  14 | 0.000000e+00 |      --      |    Inf |   0.64%
 65.0s|  1000 |   331 |672099 | 655.5 |   175M |  31 |1166 |2159 |3050 |  10k|  0 | 810 |  14 | 0.000000e+00 |      --      |    Inf |   0.64%
 69.0s|  1100 |   340 |709302 | 629.7 |   175M |  35 |1166 |2187 |3435 |  10k|  0 | 840 |  14 | 0.000000e+00 |      --      |    Inf |   0.64%
 72.0s|  1200 |   344 |750345 | 611.4 |   175M |  36 |1166 |2213 |3442 |  10k|  0 | 869 |  14 | 0.000000e+00 |      --      |    Inf |   0.64%
 76.0s|  1300 |   341 |790872 | 595.5 |   176M |  42 |1166 |2236 |3474 |  10k|  0 | 893 |  14 | 0.000000e+00 |      --      |    Inf |   0.64%
 80.0s|  1400 |   347 |836248 | 585.4 |   176M |  42 |1166 |2275 |3495 |  11k|  0 | 935 |  14 | 0.000000e+00 |      --      |    Inf |   0.64%
 84.0s|  1500 |   351 |880490 | 575.9 |   176M |  42 |1166 |2306 |3096 |  11k|  0 | 975 |  14 | 0.000000e+00 |      --      |    Inf |   0.64%
 88.0s|  1600 |   367 |934786 | 573.8 |   177M |  42 |1166 |2354 |3120 |  12k|  0 |1031 |  14 | 0.000000e+00 |      --      |    Inf |   0.65%
 92.0s|  1700 |   378 |976904 | 564.8 |   177M |  42 |1166 |2384 |3069 |  12k|  2 |1064 |  14 | 0.000000e+00 |      --      |    Inf |   0.65%
 time | node  | left  |LP iter|LP it/n|mem/heur|mdpt |vars |cons |rows |cuts |sepa|confs|strbr|  dualbound   | primalbound  |  gap   | compl. 
 95.0s|  1800 |   378 |  1015k| 554.8 |   177M |  42 |1166 |2414 |3152 |  12k|  2 |1105 |  14 | 0.000000e+00 |      --      |    Inf |   0.65%
 99.0s|  1900 |   374 |  1066k| 552.7 |   177M |  42 |1166 |2461 |3083 |  12k|  0 |1156 |  14 | 0.000000e+00 |      --      |    Inf |   0.65%
  103s|  2000 |   380 |  1113k| 548.5 |   178M |  42 |1166 |2498 |3583 |  13k|  1 |1198 |  14 | 0.000000e+00 |      --      |    Inf |   0.66%
  107s|  2100 |   407 |  1158k| 543.5 |   178M |  42 |1166 |2536 |3080 |  13k|  0 |1239 |  14 | 0.000000e+00 |      --      |    Inf |   0.66%
  111s|  2200 |   411 |  1204k| 540.0 |   178M |  42 |1166 |2585 |3594 |  13k|  0 |1293 |  14 | 0.000000e+00 |      --      |    Inf |   0.66%
  115s|  2300 |   417 |  1249k| 536.2 |   178M |  42 |1166 |2622 |3604 |  13k|  1 |1335 |  14 | 0.000000e+00 |      --      |    Inf |   0.66%
  119s|  2400 |   437 |  1300k| 534.9 |   178M |  42 |1166 |2685 |2992 |  14k|  2 |1412 |  14 | 0.000000e+00 |      --      |    Inf |   0.67%
  122s|  2500 |   445 |  1342k| 530.4 |   178M |  42 |1166 |2729 |3361 |  14k|  2 |1467 |  14 | 0.000000e+00 |      --      |    Inf |   0.67%
  126s|  2600 |   453 |  1388k| 527.6 |   178M |  42 |1166 |2752 |3469 |  14k|  1 |1501 |  14 | 0.000000e+00 |      --      |    Inf |   0.67%
  130s|  2700 |   465 |  1438k| 526.5 |   179M |  42 |1166 |2786 |3221 |  15k|  2 |1558 |  14 | 0.000000e+00 |      --      |    Inf |   0.67%
  134s|  2800 |   499 |  1481k| 523.0 |   179M |  42 |1166 |2809 |3605 |  15k|  1 |1602 |  14 | 0.000000e+00 |      --      |    Inf |   0.67%
  137s|  2900 |   520 |  1518k| 517.9 |   180M |  42 |1166 |2852 |3529 |  15k|  1 |1653 |  14 | 0.000000e+00 |      --      |    Inf |   0.68%
  140s|  3000 |   520 |  1556k| 513.3 |   180M |  42 |1166 |2887 |3431 |  15k|  2 |1692 |  14 | 0.000000e+00 |      --      |    Inf |   0.68%
  145s|  3100 |   556 |  1614k| 515.3 |   180M |  42 |1166 |2941 |2962 |  16k|  2 |1761 |  14 | 0.000000e+00 |      --      |    Inf |   0.68%
  148s|  3200 |   551 |  1657k| 512.8 |   181M |  43 |1166 |2991 |3087 |  17k|  1 |1817 |  14 | 0.000000e+00 |      --      |    Inf |   0.68%
 time | node  | left  |LP iter|LP it/n|mem/heur|mdpt |vars |cons |rows |cuts |sepa|confs|strbr|  dualbound   | primalbound  |  gap   | compl. 
  151s|  3300 |   541 |  1691k| 507.6 |   181M |  43 |1166 |3031 |3104 |  17k|  2 |1859 |  14 | 0.000000e+00 |      --      |    Inf |   0.68%
  154s|  3400 |   534 |  1734k| 505.1 |   181M |  43 |1166 |3076 |3342 |  17k|  0 |1922 |  14 | 0.000000e+00 |      --      |    Inf |   0.68%
  159s|  3500 |   531 |  1786k| 505.6 |   182M |  43 |1166 |3110 |3264 |  18k|  0 |2001 |  14 | 0.000000e+00 |      --      |    Inf |   0.69%
  162s|  3600 |   554 |  1829k| 503.4 |   182M |  43 |1166 |3106 |3652 |  18k|  0 |2048 |  14 | 0.000000e+00 |      --      |    Inf |   0.70%
  167s|  3700 |   541 |  1882k| 504.2 |   182M |  43 |1166 |3138 |2987 |  18k|  2 |2130 |  14 | 0.000000e+00 |      --      |    Inf |   0.71%
  173s|  3800 |   551 |  1948k| 508.4 |   182M |  43 |1166 |3177 |3665 |  19k|  2 |2207 |  14 | 0.000000e+00 |      --      |    Inf |   0.73%
  177s|  3900 |   570 |  1994k| 507.2 |   183M |  43 |1166 |3174 |2957 |  19k|  2 |2279 |  14 | 0.000000e+00 |      --      |    Inf |   0.74%
  181s|  4000 |   577 |  2043k| 506.6 |   183M |  43 |1166 |3179 |3747 |  19k|  1 |2354 |  14 | 0.000000e+00 |      --      |    Inf |   0.79%
  185s|  4100 |   578 |  2090k| 505.8 |   183M |  43 |1166 |3185 |3540 |  19k|  2 |2428 |  14 | 0.000000e+00 |      --      |    Inf |   0.80%
  189s|  4200 |   600 |  2135k| 504.4 |   184M |  43 |1166 |3163 |3026 |  19k|  2 |2488 |  14 | 0.000000e+00 |      --      |    Inf |   0.86%
  193s|  4300 |   602 |  2183k| 503.9 |   185M |  43 |1166 |3129 |2704 |  20k|  2 |2559 |  14 | 0.000000e+00 |      --      |    Inf |   0.93%
  199s|  4400 |   622 |  2246k| 506.7 |   185M |  43 |1166 |3073 |3532 |  20k|  0 |2637 |  14 | 0.000000e+00 |      --      |    Inf |   1.08%
  202s|  4500 |   642 |  2288k| 504.8 |   185M |  43 |1166 |3051 |3747 |  21k|  0 |2696 |  14 | 0.000000e+00 |      --      |    Inf |   1.09%
  206s|  4600 |   640 |  2329k| 502.7 |   185M |  43 |1166 |3059 |2909 |  21k|  0 |2761 |  14 | 0.000000e+00 |      --      |    Inf |   1.12%
  211s|  4700 |   649 |  2392k| 505.5 |   186M |  43 |1166 |3012 |2955 |  22k|  2 |2854 |  14 | 0.000000e+00 |      --      |    Inf |   1.92%
 time | node  | left  |LP iter|LP it/n|mem/heur|mdpt |vars |cons |rows |cuts |sepa|confs|strbr|  dualbound   | primalbound  |  gap   | compl. 
  215s|  4800 |   667 |  2433k| 503.5 |   187M |  43 |1166 |2986 |3625 |  22k|  2 |2913 |  14 | 0.000000e+00 |      --      |    Inf |   1.94%
  220s|  4900 |   663 |  2486k| 503.9 |   188M |  43 |1166 |2911 |3754 |  22k|  0 |2989 |  14 | 0.000000e+00 |      --      |    Inf |   2.36%
  225s|  5000 |   665 |  2544k| 505.5 |   188M |  43 |1166 |2840 |3039 |  23k|  0 |3053 |  14 | 0.000000e+00 |      --      |    Inf |   2.43%
  229s|  5100 |   684 |  2590k| 504.7 |   190M |  43 |1166 |2745 |3624 |  23k|  1 |3097 |  14 | 0.000000e+00 |      --      |    Inf |   2.54%
  234s|  5200 |   683 |  2645k| 505.5 |   192M |  43 |1166 |2647 |3750 |  23k|  1 |3156 |  14 | 0.000000e+00 |      --      |    Inf |   2.74%
  240s|  5300 |   684 |  2704k| 507.1 |   192M |  43 |1166 |2627 |3587 |  24k|  0 |3227 |  14 | 0.000000e+00 |      --      |    Inf |   2.74%
  244s|  5400 |   693 |  2753k| 506.8 |   192M |  43 |1166 |2637 |2731 |  24k|  2 |3292 |  14 | 0.000000e+00 |      --      |    Inf |   2.76%
  249s|  5500 |   712 |  2810k| 507.9 |   192M |  43 |1166 |2582 |3608 |  25k|  0 |3346 |  14 | 0.000000e+00 |      --      |    Inf |   2.78%
  254s|  5600 |   722 |  2866k| 508.9 |   193M |  43 |1166 |2537 |2996 |  26k|  0 |3411 |  14 | 0.000000e+00 |      --      |    Inf |   2.81%
  260s|  5700 |   730 |  2927k| 510.7 |   195M |  43 |1166 |2488 |3749 |  27k|  0 |3484 |  14 | 0.000000e+00 |      --      |    Inf |   2.91%
  264s|  5800 |   741 |  2970k| 509.2 |   197M |  43 |1166 |2453 |3698 |  27k|  2 |3547 |  14 | 0.000000e+00 |      --      |    Inf |   2.98%
  268s|  5900 |   738 |  3015k| 508.3 |   198M |  43 |1166 |2477 |3658 |  27k|  0 |3605 |  14 | 0.000000e+00 |      --      |    Inf |   3.08%
  271s|  6000 |   736 |  3051k| 505.7 |   199M |  43 |1166 |2499 |3558 |  27k|  0 |3645 |  14 | 0.000000e+00 |      --      |    Inf |   3.08%
  274s|  6100 |   734 |  3084k| 502.8 |   199M |  45 |1166 |2516 |3702 |  27k|  0 |3682 |  14 | 0.000000e+00 |      --      |    Inf |   3.08%
  277s|  6200 |   741 |  3121k| 500.8 |   200M |  45 |1166 |2519 |3755 |  27k|  2 |3737 |  14 | 0.000000e+00 |      --      |    Inf |   3.08%
 time | node  | left  |LP iter|LP it/n|mem/heur|mdpt |vars |cons |rows |cuts |sepa|confs|strbr|  dualbound   | primalbound  |  gap   | compl. 
  281s|  6300 |   734 |  3169k| 500.4 |   201M |  45 |1166 |2479 |2928 |  27k|  1 |3822 |  14 | 0.000000e+00 |      --      |    Inf |   4.09%
  285s|  6400 |   728 |  3208k| 498.6 |   202M |  45 |1166 |2475 |3790 |  28k|  2 |3867 |  14 | 0.000000e+00 |      --      |    Inf |   4.09%
  289s|  6500 |   732 |  3254k| 498.0 |   204M |  45 |1166 |2407 |3580 |  28k|  2 |3912 |  14 | 0.000000e+00 |      --      |    Inf |   4.12%
  292s|  6600 |   736 |  3289k| 495.8 |   204M |  45 |1166 |2450 |3577 |  28k|  0 |3963 |  14 | 0.000000e+00 |      --      |    Inf |   4.12%
  296s|  6700 |   750 |  3338k| 495.8 |   206M |  45 |1166 |2365 |2956 |  28k|  0 |4015 |  14 | 0.000000e+00 |      --      |    Inf |   4.34%
  300s|  6800 |   742 |  3385k| 495.4 |   207M |  45 |1166 |2310 |3595 |  28k|  1 |4062 |  14 | 0.000000e+00 |      --      |    Inf |   4.38%
  302s|  6900 |   748 |  3410k| 491.9 |   207M |  45 |1166 |2320 |3757 |  28k|  0 |4075 |  14 | 0.000000e+00 |      --      |    Inf |   4.38%
  305s|  7000 |   749 |  3437k| 488.7 |   209M |  47 |1166 |2314 |3778 |  29k|  0 |4080 |  14 | 0.000000e+00 |      --      |    Inf |   4.38%
  307s|  7100 |   745 |  3464k| 485.6 |   210M |  47 |1166 |2330 |3757 |  29k|  2 |4096 |  14 | 0.000000e+00 |      --      |    Inf |   4.38%
  312s|  7200 |   749 |  3515k| 485.9 |   210M |  47 |1166 |2284 |3753 |  29k|  1 |4127 |  14 | 0.000000e+00 |      --      |    Inf |   4.77%
  316s|  7300 |   755 |  3562k| 485.7 |   211M |  47 |1166 |2268 |3757 |  29k|  1 |4194 |  14 | 0.000000e+00 |      --      |    Inf |   4.82%
  321s|  7400 |   766 |  3618k| 486.7 |   212M |  47 |1166 |2242 |   0 |  30k|  0 |4269 |  14 | 0.000000e+00 |      --      |    Inf |   6.31%
  327s|  7500 |   777 |  3669k| 487.0 |   213M |  47 |1166 |2160 |3013 |  30k|  2 |4318 |  14 | 0.000000e+00 |      --      |    Inf |   7.01%
  330s|  7600 |   801 |  3707k| 485.6 |   213M |  47 |1166 |2146 |   0 |  31k|  0 |4360 |  14 | 0.000000e+00 |      --      |    Inf |   7.01%
  334s|  7700 |   830 |  3756k| 485.6 |   214M |  47 |1166 |2166 |3757 |  31k|  0 |4409 |  14 | 0.000000e+00 |      --      |    Inf |   7.21%
 time | node  | left  |LP iter|LP it/n|mem/heur|mdpt |vars |cons |rows |cuts |sepa|confs|strbr|  dualbound   | primalbound  |  gap   | compl. 
  339s|  7800 |   808 |  3809k| 486.2 |   215M |  47 |1166 |2182 |3742 |  31k|  0 |4508 |  14 | 0.000000e+00 |      --      |    Inf |   7.25%
  342s|  7900 |   814 |  3846k| 484.7 |   216M |  47 |1166 |2170 |3754 |  31k|  2 |4552 |  14 | 0.000000e+00 |      --      |    Inf |   7.25%
  346s|  8000 |   819 |  3884k| 483.4 |   216M |  47 |1166 |2216 |3787 |  31k|  1 |4608 |  14 | 0.000000e+00 |      --      |    Inf |   7.26%
  348s|  8100 |   809 |  3917k| 481.5 |   217M |  47 |1166 |2237 |3644 |  31k|  2 |4647 |  14 | 0.000000e+00 |      --      |    Inf |   7.26%
  353s|  8200 |   831 |  3968k| 482.0 |   217M |  47 |1166 |2279 |3788 |  32k|  0 |4712 |  14 | 0.000000e+00 |      --      |    Inf |   7.26%
  356s|  8300 |   868 |  4001k| 480.1 |   218M |  47 |1166 |2256 |3627 |  32k|  2 |4750 |  14 | 0.000000e+00 |      --      |    Inf |   7.35%
  358s|  8400 |   880 |  4032k| 478.1 |   218M |  47 |1166 |2288 |3633 |  32k|  1 |4782 |  14 | 0.000000e+00 |      --      |    Inf |   7.35%
  361s|  8500 |   870 |  4068k| 476.7 |   218M |  47 |1166 |2284 |3639 |  32k|  0 |4815 |  14 | 0.000000e+00 |      --      |    Inf |   7.35%
  366s|  8600 |   868 |  4117k| 476.8 |   218M |  47 |1166 |2248 |3637 |  32k|  1 |4884 |  14 | 0.000000e+00 |      --      |    Inf |   7.36%
  369s|  8700 |   871 |  4155k| 475.8 |   219M |  47 |1166 |2269 |3790 |  32k|  0 |4928 |  14 | 0.000000e+00 |      --      |    Inf |   7.36%
  372s|  8800 |   878 |  4191k| 474.4 |   219M |  47 |1166 |2293 |3788 |  32k|  0 |4972 |  14 | 0.000000e+00 |      --      |    Inf |   7.36%
  375s|  8900 |   878 |  4223k| 472.7 |   220M |  47 |1166 |2324 |3787 |  32k|  1 |5004 |  14 | 0.000000e+00 |      --      |    Inf |   7.36%
  378s|  9000 |   870 |  4263k| 471.9 |   220M |  47 |1166 |2365 |3797 |  33k|  1 |5065 |  14 | 0.000000e+00 |      --      |    Inf |   7.37%
  382s|  9100 |   872 |  4306k| 471.4 |   220M |  47 |1166 |2383 |3573 |  33k|  2 |5105 |  14 | 0.000000e+00 |      --      |    Inf |   7.37%
  387s|  9200 |   887 |  4366k| 472.8 |   220M |  47 |1166 |2426 |3635 |  33k|  2 |5206 |  14 | 0.000000e+00 |      --      |    Inf |   7.37%
 time | node  | left  |LP iter|LP it/n|mem/heur|mdpt |vars |cons |rows |cuts |sepa|confs|strbr|  dualbound   | primalbound  |  gap   | compl. 
  391s|  9300 |   903 |  4411k| 472.6 |   221M |  47 |1166 |2432 |3807 |  33k|  0 |5255 |  14 | 0.000000e+00 |      --      |    Inf |   7.38%
  394s|  9400 |   919 |  4443k| 470.9 |   221M |  47 |1166 |2476 |3815 |  33k|  2 |5301 |  14 | 0.000000e+00 |      --      |    Inf |   7.38%
  397s|  9500 |   925 |  4475k| 469.3 |   221M |  47 |1166 |2523 |3808 |  33k|  2 |5353 |  14 | 0.000000e+00 |      --      |    Inf |   7.38%
  400s|  9600 |   908 |  4511k| 468.2 |   221M |  47 |1166 |2576 |3812 |  33k|  1 |5408 |  14 | 0.000000e+00 |      --      |    Inf |   7.38%
  403s|  9700 |   901 |  4546k| 467.0 |   221M |  47 |1166 |2618 |3811 |  33k|  0 |5453 |  14 | 0.000000e+00 |      --      |    Inf |   7.38%
  407s|  9800 |   909 |  4597k| 467.4 |   221M |  47 |1166 |2639 |3805 |  33k|  1 |5514 |  14 | 0.000000e+00 |      --      |    Inf |   7.40%
  410s|  9900 |   920 |  4632k| 466.3 |   221M |  47 |1166 |2687 |3808 |  33k|  0 |5571 |  14 | 0.000000e+00 |      --      |    Inf |   7.40%
  414s| 10000 |   924 |  4671k| 465.4 |   221M |  47 |1166 |2724 |3824 |  33k|  0 |5617 |  14 | 0.000000e+00 |      --      |    Inf |   7.40%
  416s| 10100 |   918 |  4702k| 463.9 |   221M |  47 |1166 |2758 |3825 |  33k|  0 |5655 |  14 | 0.000000e+00 |      --      |    Inf |   7.40%
  421s| 10200 |   912 |  4755k| 464.6 |   221M |  47 |1166 |2842 |3784 |  33k|  1 |5797 |  14 | 0.000000e+00 |      --      |    Inf |   7.40%
  425s| 10300 |   901 |  4794k| 463.9 |   222M |  47 |1166 |2812 |3806 |  33k|  0 |5835 |  14 | 0.000000e+00 |      --      |    Inf |   7.41%
  429s| 10400 |   911 |  4842k| 464.0 |   222M |  47 |1166 |2746 |3795 |  34k|  1 |5887 |  14 | 0.000000e+00 |      --      |    Inf |   7.41%
  434s| 10500 |   917 |  4890k| 464.2 |   222M |  47 |1166 |2749 |3642 |  34k|  1 |5945 |  14 | 0.000000e+00 |      --      |    Inf |   7.41%
  440s| 10600 |   915 |  4946k| 465.1 |   223M |  47 |1166 |2697 |3000 |  34k|  2 |6063 |  14 | 0.000000e+00 |      --      |    Inf |   7.48%
  444s| 10700 |   933 |  4986k| 464.4 |   223M |  47 |1166 |2730 |3684 |  34k|  0 |6124 |  14 | 0.000000e+00 |      --      |    Inf |   7.48%
 time | node  | left  |LP iter|LP it/n|mem/heur|mdpt |vars |cons |rows |cuts |sepa|confs|strbr|  dualbound   | primalbound  |  gap   | compl. 
  447s| 10800 |   934 |  5022k| 463.5 |   226M |  47 |1166 |2796 |3688 |  35k|  0 |6192 |  14 | 0.000000e+00 |      --      |    Inf |   7.48%
  450s| 10900 |   932 |  5060k| 462.7 |   227M |  47 |1166 |2875 |3673 |  35k|  2 |6273 |  14 | 0.000000e+00 |      --      |    Inf |   7.48%
  454s| 11000 |   932 |  5107k| 462.8 |   227M |  47 |1166 |2899 |3786 |  35k|  1 |6314 |  14 | 0.000000e+00 |      --      |    Inf |   7.49%
  459s| 11100 |   928 |  5152k| 462.7 |   227M |  47 |1166 |2916 |2969 |  35k|  0 |6373 |  14 | 0.000000e+00 |      --      |    Inf |   7.49%
  462s| 11200 |   936 |  5187k| 461.7 |   227M |  47 |1166 |2917 |2997 |  35k|  0 |6388 |  14 | 0.000000e+00 |      --      |    Inf |   7.49%
  468s| 11300 |   946 |  5240k| 462.3 |   228M |  47 |1166 |2871 |3814 |  36k|  0 |6470 |  14 | 0.000000e+00 |      --      |    Inf |   7.50%
  472s| 11400 |   945 |  5280k| 461.8 |   229M |  47 |1166 |2952 |3818 |  36k|  0 |6574 |  14 | 0.000000e+00 |      --      |    Inf |   7.50%
  475s| 11500 |   946 |  5314k| 460.7 |   230M |  47 |1166 |3049 |3823 |  36k|  0 |6672 |  14 | 0.000000e+00 |      --      |    Inf |   7.50%
  479s| 11600 |   943 |  5352k| 460.0 |   230M |  47 |1166 |3155 |3823 |  36k|  1 |6787 |  14 | 0.000000e+00 |      --      |    Inf |   7.50%
  485s| 11700 |   956 |  5409k| 460.9 |   230M |  47 |1166 |3150 |3784 |  36k|  1 |6871 |  14 | 0.000000e+00 |      --      |    Inf |   7.50%
  489s| 11800 |   963 |  5447k| 460.2 |   230M |  47 |1166 |3175 |3776 |  37k|  2 |6946 |  14 | 0.000000e+00 |      --      |    Inf |   7.52%
  493s| 11900 |   959 |  5490k| 460.0 |   231M |  47 |1166 |3111 |3806 |  37k|  0 |7000 |  14 | 0.000000e+00 |      --      |    Inf |   7.53%
  497s| 12000 |   954 |  5535k| 459.9 |   231M |  47 |1166 |3138 |3759 |  37k|  0 |7060 |  14 | 0.000000e+00 |      --      |    Inf |   7.54%
  502s| 12100 |   968 |  5576k| 459.5 |   231M |  47 |1166 |3140 |3801 |  37k|  1 |7123 |  14 | 0.000000e+00 |      --      |    Inf |   7.54%
  506s| 12200 |   967 |  5618k| 459.2 |   231M |  47 |1166 |3213 |3743 |  37k|  1 |7222 |  14 | 0.000000e+00 |      --      |    Inf |   7.56%
 time | node  | left  |LP iter|LP it/n|mem/heur|mdpt |vars |cons |rows |cuts |sepa|confs|strbr|  dualbound   | primalbound  |  gap   | compl. 
  510s| 12300 |  1000 |  5655k| 458.4 |   231M |  47 |1166 |3172 |3791 |  37k|  0 |7259 |  14 | 0.000000e+00 |      --      |    Inf |   7.56%
  514s| 12400 |   996 |  5696k| 458.1 |   231M |  47 |1166 |3209 |3761 |  37k|  1 |7321 |  14 | 0.000000e+00 |      --      |    Inf |   7.56%
  518s| 12500 |   994 |  5740k| 457.9 |   231M |  47 |1166 |3256 |3678 |  37k|  2 |7431 |  14 | 0.000000e+00 |      --      |    Inf |   7.59%
  522s| 12600 |   993 |  5781k| 457.5 |   231M |  47 |1166 |3362 |3691 |  37k|  0 |7542 |  14 | 0.000000e+00 |      --      |    Inf |   7.59%
  527s| 12700 |  1015 |  5818k| 456.8 |   232M |  47 |1166 |3294 |3279 |  38k|  0 |7584 |  14 | 0.000000e+00 |      --      |    Inf |   7.60%
  531s| 12800 |  1002 |  5849k| 455.7 |   233M |  47 |1166 |3337 |3798 |  38k|  0 |7632 |  14 | 0.000000e+00 |      --      |    Inf |   7.60%
  535s| 12900 |  1001 |  5888k| 455.2 |   233M |  47 |1166 |3385 |3697 |  38k|  0 |7723 |  14 | 0.000000e+00 |      --      |    Inf |   7.61%
  540s| 13000 |  1006 |  5926k| 454.6 |   233M |  47 |1166 |3324 |3089 |  38k|  2 |7796 |  14 | 0.000000e+00 |      --      |    Inf |   7.64%
  546s| 13100 |  1021 |  5970k| 454.5 |   234M |  47 |1166 |3345 |3782 |  38k|  0 |7873 |  14 | 0.000000e+00 |      --      |    Inf |   7.64%
  550s| 13200 |  1035 |  6007k| 453.9 |   234M |  47 |1166 |3439 |3788 |  38k|  1 |7968 |  14 | 0.000000e+00 |      --      |    Inf |   7.64%
  555s| 13300 |  1030 |  6048k| 453.5 |   234M |  47 |1166 |3551 |3829 |  38k|  0 |8088 |  14 | 0.000000e+00 |      --      |    Inf |   7.64%
  558s| 13400 |  1036 |  6076k| 452.2 |   234M |  47 |1166 |3609 |3808 |  38k|  0 |8158 |  14 | 0.000000e+00 |      --      |    Inf |   7.64%
  561s| 13500 |  1035 |  6104k| 450.9 |   234M |  47 |1166 |3668 |3602 |  38k|  0 |8219 |  14 | 0.000000e+00 |      --      |    Inf |   7.64%
  565s| 13600 |  1043 |  6138k| 450.1 |   234M |  47 |1166 |3707 |3597 |  38k|  2 |8260 |  14 | 0.000000e+00 |      --      |    Inf |   7.64%
  569s| 13700 |  1041 |  6169k| 449.1 |   236M |  47 |1166 |3749 |3614 |  38k|  2 |8303 |  14 | 0.000000e+00 |      --      |    Inf |   7.64%
 time | node  | left  |LP iter|LP it/n|mem/heur|mdpt |vars |cons |rows |cuts |sepa|confs|strbr|  dualbound   | primalbound  |  gap   | compl. 
  573s| 13800 |  1047 |  6204k| 448.4 |   236M |  47 |1166 |3803 |3600 |  39k|  2 |8361 |  14 | 0.000000e+00 |      --      |    Inf |   7.64%
  577s| 13900 |  1043 |  6238k| 447.6 |   237M |  47 |1166 |3838 |3608 |  39k|  0 |8399 |  14 | 0.000000e+00 |      --      |    Inf |   7.64%
  581s| 14000 |  1051 |  6273k| 446.9 |   237M |  47 |1166 |3882 |3605 |  39k|  0 |8447 |  14 | 0.000000e+00 |      --      |    Inf |   7.64%
  586s| 14100 |  1043 |  6319k| 447.0 |   238M |  47 |1166 |3906 |3813 |  39k|  0 |8517 |  14 | 0.000000e+00 |      --      |    Inf |   7.69%
  592s| 14200 |  1037 |  6368k| 447.3 |   239M |  47 |1166 |3828 |3544 |  39k|  0 |8575 |  14 | 0.000000e+00 |      --      |    Inf |   7.90%
  596s| 14300 |  1067 |  6404k| 446.7 |   239M |  47 |1166 |3775 |3824 |  39k|  0 |8615 |  14 | 0.000000e+00 |      --      |    Inf |   8.00%
  601s| 14400 |  1089 |  6443k| 446.3 |   239M |  47 |1166 |3735 |3826 |  39k|  0 |8666 |  14 | 0.000000e+00 |      --      |    Inf |   8.01%
  606s| 14500 |  1097 |  6486k| 446.2 |   239M |  47 |1166 |3759 |3824 |  39k|  1 |8705 |  14 | 0.000000e+00 |      --      |    Inf |   8.01%
  610s| 14600 |  1115 |  6529k| 446.0 |   239M |  47 |1166 |3798 |3830 |  39k|  1 |8745 |  14 | 0.000000e+00 |      --      |    Inf |   8.01%
  615s| 14700 |  1125 |  6574k| 446.1 |   239M |  47 |1166 |3825 |3829 |  39k|  0 |8775 |  14 | 0.000000e+00 |      --      |    Inf |   8.01%
  620s| 14800 |  1126 |  6613k| 445.7 |   239M |  47 |1166 |3846 |3828 |  39k|  0 |8811 |  14 | 0.000000e+00 |      --      |    Inf |   8.01%
  625s| 14900 |  1155 |  6656k| 445.6 |   240M |  47 |1166 |3817 |3831 |  39k|  2 |8863 |  14 | 0.000000e+00 |      --      |    Inf |   8.01%
  630s| 15000 |  1159 |  6707k| 446.1 |   240M |  47 |1166 |3821 |2910 |  40k|  1 |8920 |  14 | 0.000000e+00 |      --      |    Inf |   8.02%
  636s| 15100 |  1175 |  6757k| 446.4 |   241M |  47 |1166 |3693 |3770 |  40k|  1 |8979 |  14 | 0.000000e+00 |      --      |    Inf |   8.08%
  640s| 15200 |  1179 |  6790k| 445.6 |   241M |  47 |1166 |3750 |3431 |  40k|  2 |9057 |  14 | 0.000000e+00 |      --      |    Inf |   8.08%
 time | node  | left  |LP iter|LP it/n|mem/heur|mdpt |vars |cons |rows |cuts |sepa|confs|strbr|  dualbound   | primalbound  |  gap   | compl. 
  643s| 15300 |  1182 |  6819k| 444.6 |   241M |  47 |1166 |3788 |3472 |  40k|  0 |9097 |  14 | 0.000000e+00 |      --      |    Inf |   8.08%
  646s| 15400 |  1178 |  6853k| 444.0 |   241M |  47 |1166 |3820 |3798 |  40k|  0 |9131 |  14 | 0.000000e+00 |      --      |    Inf |   8.08%
  650s| 15500 |  1175 |  6892k| 443.6 |   241M |  47 |1166 |3844 |3799 |  40k|  0 |9171 |  14 | 0.000000e+00 |      --      |    Inf |   8.08%
  655s| 15600 |  1173 |  6932k| 443.3 |   241M |  47 |1166 |3875 |3765 |  40k|  2 |9224 |  14 | 0.000000e+00 |      --      |    Inf |   8.08%
  660s| 15700 |  1173 |  6977k| 443.4 |   242M |  47 |1166 |3877 |3135 |  41k|  0 |9299 |  14 | 0.000000e+00 |      --      |    Inf |   8.10%
  664s| 15800 |  1184 |  7014k| 442.9 |   242M |  47 |1166 |3735 |3816 |  41k|  0 |9345 |  14 | 0.000000e+00 |      --      |    Inf |   8.10%
  668s| 15900 |  1174 |  7046k| 442.1 |   242M |  47 |1166 |3742 |3796 |  41k|  1 |9356 |  14 | 0.000000e+00 |      --      |    Inf |   8.10%
  672s| 16000 |  1172 |  7082k| 441.6 |   242M |  47 |1166 |3753 |3757 |  41k|  0 |9408 |  14 | 0.000000e+00 |      --      |    Inf |   8.10%
  677s| 16100 |  1182 |  7126k| 441.6 |   242M |  47 |1166 |3663 |3805 |  41k|  1 |9462 |  14 | 0.000000e+00 |      --      |    Inf |   8.10%
  684s| 16200 |  1182 |  7188k| 442.7 |   242M |  47 |1166 |3568 |2939 |  41k|  2 |9530 |  14 | 0.000000e+00 |      --      |    Inf |   8.15%
  690s| 16300 |  1178 |  7235k| 442.8 |   242M |  47 |1166 |3409 |3229 |  41k|  2 |9591 |  14 | 0.000000e+00 |      --      |    Inf |   8.18%
  696s| 16400 |  1186 |  7285k| 443.2 |   243M |  47 |1166 |3346 |3796 |  42k|  0 |9655 |  14 | 0.000000e+00 |      --      |    Inf |   8.30%
  703s| 16500 |  1196 |  7339k| 443.8 |   246M |  47 |1166 |3420 |3513 |  42k|  0 |9740 |  14 | 0.000000e+00 |      --      |    Inf |   8.30%
  711s| 16600 |  1204 |  7403k| 445.0 |   247M |  47 |1166 |3522 |3474 |  42k|  1 |9874 |  14 | 0.000000e+00 |      --      |    Inf |   8.30%
  717s| 16700 |  1212 |  7455k| 445.4 |   248M |  48 |1166 |3603 |3548 |  43k|  2 |9963 |  14 | 0.000000e+00 |      --      |    Inf |   8.30%
 time | node  | left  |LP iter|LP it/n|mem/heur|mdpt |vars |cons |rows |cuts |sepa|confs|strbr|  dualbound   | primalbound  |  gap   | compl. 
  724s| 16800 |  1206 |  7513k| 446.2 |   251M |  49 |1166 |3696 |3548 |  43k|  2 |  10k|  14 | 0.000000e+00 |      --      |    Inf |   8.30%
  732s| 16900 |  1212 |  7575k| 447.2 |   253M |  49 |1166 |3798 |3531 |  43k|  2 |  10k|  14 | 0.000000e+00 |      --      |    Inf |   8.30%
  738s| 17000 |  1212 |  7624k| 447.5 |   253M |  49 |1166 |3982 |3486 |  43k|  2 |  10k|  14 | 0.000000e+00 |      --      |    Inf |   8.30%
  745s| 17100 |  1222 |  7686k| 448.5 |   255M |  49 |1166 |4177 |3523 |  43k|  0 |  10k|  14 | 0.000000e+00 |      --      |    Inf |   8.30%
  753s| 17200 |  1217 |  7745k| 449.3 |   255M |  49 |1166 |4375 |3547 |  44k|  1 |  10k|  14 | 0.000000e+00 |      --      |    Inf |   8.30%
  759s| 17300 |  1222 |  7795k| 449.6 |   256M |  49 |1166 |4512 |3517 |  44k|  1 |  10k|  14 | 0.000000e+00 |      --      |    Inf |   8.30%
  765s| 17400 |  1224 |  7848k| 450.1 |   256M |  49 |1166 |4653 |3550 |  44k|  0 |  11k|  14 | 0.000000e+00 |      --      |    Inf |   8.30%
  770s| 17500 |  1234 |  7895k| 450.2 |   256M |  49 |1166 |4693 |3677 |  44k|  0 |  11k|  14 | 0.000000e+00 |      --      |    Inf |   8.30%
  775s| 17600 |  1239 |  7940k| 450.2 |   256M |  49 |1166 |4650 |3527 |  44k|  2 |  11k|  14 | 0.000000e+00 |      --      |    Inf |   8.33%
  782s| 17700 |  1239 |  7992k| 450.6 |   258M |  49 |1166 |4707 |3552 |  44k|  0 |  11k|  14 | 0.000000e+00 |      --      |    Inf |   8.33%
  788s| 17800 |  1239 |  8042k| 450.9 |   258M |  49 |1166 |4810 |3575 |  44k|  2 |  11k|  14 | 0.000000e+00 |      --      |    Inf |   8.33%
  794s| 17900 |  1235 |  8091k| 451.1 |   259M |  49 |1166 |4856 |3604 |  45k|  1 |  11k|  14 | 0.000000e+00 |      --      |    Inf |   8.33%
  799s| 18000 |  1235 |  8145k| 451.6 |   261M |  49 |1166 |4957 |3589 |  45k|  0 |  11k|  14 | 0.000000e+00 |      --      |    Inf |   8.33%
  804s| 18100 |  1235 |  8187k| 451.4 |   263M |  51 |1166 |5068 |3609 |  45k|  2 |  11k|  14 | 0.000000e+00 |      --      |    Inf |   8.33%
  808s| 18200 |  1237 |  8231k| 451.4 |   264M |  51 |1166 |5162 |3609 |  45k|  1 |  12k|  14 | 0.000000e+00 |      --      |    Inf |   8.33%
 time | node  | left  |LP iter|LP it/n|mem/heur|mdpt |vars |cons |rows |cuts |sepa|confs|strbr|  dualbound   | primalbound  |  gap   | compl. 
  812s| 18300 |  1233 |  8274k| 451.2 |   265M |  54 |1166 |5239 |3651 |  45k|  0 |  12k|  14 | 0.000000e+00 |      --      |    Inf |   8.33%
  816s| 18400 |  1235 |  8315k| 451.0 |   268M |  54 |1166 |5355 |3672 |  45k|  2 |  12k|  14 | 0.000000e+00 |      --      |    Inf |   8.33%
  821s| 18500 |  1231 |  8360k| 451.0 |   268M |  54 |1166 |5447 |3677 |  45k|  1 |  12k|  14 | 0.000000e+00 |      --      |    Inf |   8.33%
  826s| 18600 |  1245 |  8415k| 451.5 |   270M |  54 |1166 |5416 |3830 |  45k|  1 |  12k|  14 | 0.000000e+00 |      --      |    Inf |   8.33%
  830s| 18700 |  1243 |  8461k| 451.6 |   270M |  54 |1166 |5304 |3832 |  46k|  0 |  12k|  14 | 0.000000e+00 |      --      |    Inf |   8.34%
  834s| 18800 |  1251 |  8508k| 451.7 |   270M |  54 |1166 |5334 |3575 |  46k|  0 |  12k|  14 | 0.000000e+00 |      --      |    Inf |   8.34%
  838s| 18900 |  1250 |  8554k| 451.7 |   273M |  54 |1166 |5425 |3843 |  46k|  1 |  12k|  14 | 0.000000e+00 |      --      |    Inf |   8.34%
  842s| 19000 |  1248 |  8600k| 451.8 |   273M |  54 |1166 |5397 |3577 |  46k|  2 |  12k|  14 | 0.000000e+00 |      --      |    Inf |   8.34%
  847s| 19100 |  1246 |  8657k| 452.4 |   275M |  54 |1166 |5341 |3824 |  46k|  1 |  12k|  14 | 0.000000e+00 |      --      |    Inf |   8.34%
  852s| 19200 |  1238 |  8712k| 452.9 |   276M |  54 |1166 |5149 |3797 |  46k|  0 |  13k|  14 | 0.000000e+00 |      --      |    Inf |   8.41%
  855s| 19300 |  1248 |  8747k| 452.4 |   276M |  54 |1166 |5192 |3667 |  46k|  2 |  13k|  14 | 0.000000e+00 |      --      |    Inf |   8.41%
  860s| 19400 |  1246 |  8804k| 453.0 |   276M |  54 |1166 |5098 |3206 |  46k|  0 |  13k|  14 | 0.000000e+00 |      --      |    Inf |   8.41%
  864s| 19500 |  1261 |  8843k| 452.7 |   277M |  54 |1166 |5037 |3831 |  47k|  1 |  13k|  14 | 0.000000e+00 |      --      |    Inf |   8.41%
  867s| 19600 |  1287 |  8882k| 452.3 |   277M |  54 |1166 |4985 |3829 |  47k|  0 |  13k|  14 | 0.000000e+00 |      --      |    Inf |   8.43%
  871s| 19700 |  1284 |  8927k| 452.3 |   279M |  54 |1166 |4924 |3891 |  47k|  0 |  13k|  14 | 0.000000e+00 |      --      |    Inf |   8.47%
 time | node  | left  |LP iter|LP it/n|mem/heur|mdpt |vars |cons |rows |cuts |sepa|confs|strbr|  dualbound   | primalbound  |  gap   | compl. 
  875s| 19800 |  1282 |  8968k| 452.1 |   280M |  54 |1166 |5008 |3832 |  47k|  1 |  13k|  14 | 0.000000e+00 |      --      |    Inf |   8.47%
  880s| 19900 |  1285 |  9025k| 452.7 |   280M |  54 |1166 |4888 |3116 |  47k|  0 |  13k|  14 | 0.000000e+00 |      --      |    Inf |   8.47%
  885s| 20000 |  1288 |  9076k| 453.0 |   280M |  54 |1166 |4812 |3797 |  47k|  0 |  13k|  14 | 0.000000e+00 |      --      |    Inf |   8.49%
  889s| 20100 |  1304 |  9126k| 453.2 |   280M |  54 |1166 |4778 |3552 |  48k|  1 |  13k|  14 | 0.000000e+00 |      --      |    Inf |   8.69%
  894s| 20200 |  1311 |  9177k| 453.5 |   280M |  54 |1166 |4712 |3524 |  48k|  1 |  13k|  14 | 0.000000e+00 |      --      |    Inf |   8.75%
  898s| 20300 |  1335 |  9224k| 453.6 |   281M |  54 |1166 |4566 |3784 |  48k|  0 |  13k|  14 | 0.000000e+00 |      --      |    Inf |   8.75%
  902s| 20400 |  1333 |  9262k| 453.2 |   281M |  54 |1166 |4555 |3825 |  48k|  0 |  14k|  14 | 0.000000e+00 |      --      |    Inf |   8.75%
  906s| 20500 |  1341 |  9309k| 453.3 |   281M |  54 |1166 |4548 |3831 |  48k|  1 |  14k|  14 | 0.000000e+00 |      --      |    Inf |   8.76%
  908s| 20600 |  1339 |  9340k| 452.6 |   281M |  54 |1166 |4578 |3802 |  48k|  0 |  14k|  14 | 0.000000e+00 |      --      |    Inf |   8.76%
  913s| 20700 |  1341 |  9393k| 453.0 |   281M |  54 |1166 |4582 |3617 |  48k|  2 |  14k|  14 | 0.000000e+00 |      --      |    Inf |   8.81%
  918s| 20800 |  1325 |  9446k| 453.4 |   282M |  54 |1166 |4490 |3829 |  48k|  0 |  14k|  14 | 0.000000e+00 |      --      |    Inf |   8.84%
  923s| 20900 |  1333 |  9495k| 453.5 |   282M |  54 |1166 |4419 |3684 |  49k|  0 |  14k|  14 | 0.000000e+00 |      --      |    Inf |   8.85%
  928s| 21000 |  1350 |  9550k| 454.0 |   284M |  54 |1166 |4331 |3662 |  49k|  1 |  14k|  14 | 0.000000e+00 |      --      |    Inf |   8.86%
  932s| 21100 |  1356 |  9600k| 454.2 |   285M |  54 |1166 |4316 |3514 |  49k|  1 |  14k|  14 | 0.000000e+00 |      --      |    Inf |   8.87%
  936s| 21200 |  1343 |  9645k| 454.2 |   285M |  54 |1166 |4364 |3892 |  49k|  0 |  14k|  14 | 0.000000e+00 |      --      |    Inf |   8.88%
 time | node  | left  |LP iter|LP it/n|mem/heur|mdpt |vars |cons |rows |cuts |sepa|confs|strbr|  dualbound   | primalbound  |  gap   | compl. 
  939s| 21300 |  1370 |  9680k| 453.7 |   285M |  54 |1166 |4351 |3800 |  49k|  1 |  14k|  14 | 0.000000e+00 |      --      |    Inf |   8.93%
  943s| 21400 |  1389 |  9720k| 453.5 |   285M |  54 |1166 |4386 |3849 |  50k|  0 |  14k|  14 | 0.000000e+00 |      --      |    Inf |   8.94%
  947s| 21500 |  1397 |  9761k| 453.2 |   285M |  54 |1166 |4361 |3791 |  50k|  0 |  14k|  14 | 0.000000e+00 |      --      |    Inf |   8.96%
  951s| 21600 |  1404 |  9809k| 453.4 |   285M |  54 |1166 |4356 |3834 |  50k|  1 |  14k|  14 | 0.000000e+00 |      --      |    Inf |   8.96%
  955s| 21700 |  1423 |  9852k| 453.2 |   286M |  54 |1166 |4299 |3717 |  50k|  0 |  14k|  14 | 0.000000e+00 |      --      |    Inf |   8.97%
  958s| 21800 |  1425 |  9884k| 452.6 |   286M |  54 |1166 |4305 |3803 |  50k|  0 |  14k|  14 | 0.000000e+00 |      --      |    Inf |   8.97%
  963s| 21900 |  1432 |  9936k| 452.9 |   286M |  54 |1166 |4283 |3780 |  50k|  1 |  15k|  14 | 0.000000e+00 |      --      |    Inf |   8.98%
  966s| 22000 |  1444 |  9977k| 452.8 |   286M |  54 |1166 |4287 |3782 |  51k|  1 |  15k|  14 | 0.000000e+00 |      --      |    Inf |   9.19%
  972s| 22100 |  1445 | 10035k| 453.3 |   288M |  54 |1166 |4275 |3808 |  51k|  2 |  15k|  14 | 0.000000e+00 |      --      |    Inf |   9.28%
  975s| 22200 |  1450 | 10073k| 453.0 |   288M |  54 |1166 |4263 |3820 |  51k|  1 |  15k|  14 | 0.000000e+00 |      --      |    Inf |   9.29%
  979s| 22300 |  1444 | 10116k| 452.9 |   289M |  54 |1166 |4321 |3975 |  51k|  0 |  15k|  14 | 0.000000e+00 |      --      |    Inf |   9.29%
  982s| 22400 |  1449 | 10150k| 452.4 |   289M |  54 |1166 |4364 |3857 |  51k|  2 |  15k|  14 | 0.000000e+00 |      --      |    Inf |   9.29%
  985s| 22500 |  1443 | 10189k| 452.1 |   289M |  54 |1166 |4441 |3825 |  51k|  0 |  15k|  14 | 0.000000e+00 |      --      |    Inf |   9.29%
  989s| 22600 |  1443 | 10226k| 451.8 |   289M |  54 |1166 |4482 |3961 |  51k|  0 |  15k|  14 | 0.000000e+00 |      --      |    Inf |   9.29%
  994s| 22700 |  1439 | 10278k| 452.1 |   289M |  54 |1166 |4566 |3933 |  51k|  0 |  15k|  14 | 0.000000e+00 |      --      |    Inf |   9.29%
 time | node  | left  |LP iter|LP it/n|mem/heur|mdpt |vars |cons |rows |cuts |sepa|confs|strbr|  dualbound   | primalbound  |  gap   | compl. 
  999s| 22800 |  1445 | 10318k| 451.8 |   289M |  54 |1166 |4572 |3578 |  51k|  0 |  15k|  14 | 0.000000e+00 |      --      |    Inf |   9.29%
 1003s| 22900 |  1453 | 10357k| 451.6 |   289M |  54 |1166 |4598 |3561 |  51k|  2 |  15k|  14 | 0.000000e+00 |      --      |    Inf |   9.29%
 1008s| 23000 |  1458 | 10404k| 451.6 |   289M |  54 |1166 |4565 |3821 |  51k|  2 |  15k|  14 | 0.000000e+00 |      --      |    Inf |   9.48%
 1013s| 23100 |  1459 | 10445k| 451.5 |   289M |  54 |1166 |4495 |3822 |  51k|  1 |  15k|  14 | 0.000000e+00 |      --      |    Inf |   9.49%
 1018s| 23200 |  1453 | 10488k| 451.4 |   289M |  54 |1166 |4541 |3915 |  52k|  0 |  15k|  14 | 0.000000e+00 |      --      |    Inf |   9.49%
 1024s| 23300 |  1460 | 10540k| 451.7 |   289M |  54 |1166 |4533 |3714 |  52k|  0 |  15k|  14 | 0.000000e+00 |      --      |    Inf |   9.49%
 1028s| 23400 |  1478 | 10580k| 451.5 |   289M |  54 |1166 |4525 |3845 |  52k|  2 |  16k|  14 | 0.000000e+00 |      --      |    Inf |   9.49%
 1033s| 23500 |  1479 | 10622k| 451.3 |   289M |  54 |1166 |4572 |3725 |  52k|  2 |  16k|  14 | 0.000000e+00 |      --      |    Inf |   9.49%
 1037s| 23600 |  1494 | 10662k| 451.1 |   289M |  54 |1166 |4567 |3829 |  52k|  1 |  16k|  14 | 0.000000e+00 |      --      |    Inf |   9.49%
 1043s| 23700 |  1495 | 10708k| 451.1 |   289M |  54 |1166 |4560 |3448 |  52k|  2 |  16k|  14 | 0.000000e+00 |      --      |    Inf |   9.51%
 1048s| 23800 |  1501 | 10749k| 450.9 |   289M |  54 |1166 |4495 |3938 |  52k|  1 |  16k|  14 | 0.000000e+00 |      --      |    Inf |   9.52%
 1053s| 23900 |  1511 | 10797k| 451.1 |   289M |  54 |1166 |4501 |3811 |  52k|  1 |  16k|  14 | 0.000000e+00 |      --      |    Inf |   9.52%
 1056s| 24000 |  1515 | 10824k| 450.3 |   289M |  54 |1166 |4524 |3812 |  52k|  1 |  16k|  14 | 0.000000e+00 |      --      |    Inf |   9.52%
 1059s| 24100 |  1513 | 10851k| 449.6 |   289M |  54 |1166 |4542 |3808 |  52k|  0 |  16k|  14 | 0.000000e+00 |      --      |    Inf |   9.52%
 1061s| 24200 |  1517 | 10877k| 448.8 |   289M |  54 |1166 |4573 |3806 |  52k|  0 |  16k|  14 | 0.000000e+00 |      --      |    Inf |   9.52%
 time | node  | left  |LP iter|LP it/n|mem/heur|mdpt |vars |cons |rows |cuts |sepa|confs|strbr|  dualbound   | primalbound  |  gap   | compl. 
 1064s| 24300 |  1527 | 10901k| 447.9 |   289M |  54 |1166 |4593 |3808 |  52k|  2 |  16k|  14 | 0.000000e+00 |      --      |    Inf |   9.52%
 1066s| 24400 |  1523 | 10925k| 447.1 |   289M |  54 |1166 |4610 |3805 |  52k|  1 |  16k|  14 | 0.000000e+00 |      --      |    Inf |   9.52%
 1071s| 24500 |  1541 | 10959k| 446.6 |   289M |  54 |1166 |4640 |3807 |  52k|  1 |  16k|  14 | 0.000000e+00 |      --      |    Inf |   9.52%
 1074s| 24600 |  1539 | 10991k| 446.1 |   289M |  54 |1166 |4667 |3808 |  52k|  0 |  16k|  14 | 0.000000e+00 |      --      |    Inf |   9.52%
 1077s| 24700 |  1531 | 11022k| 445.6 |   289M |  54 |1166 |4681 |3808 |  52k|  0 |  16k|  14 | 0.000000e+00 |      --      |    Inf |   9.52%
 1081s| 24800 |  1522 | 11054k| 445.1 |   289M |  54 |1166 |4704 |3806 |  52k|  0 |  16k|  14 | 0.000000e+00 |      --      |    Inf |   9.52%
 1084s| 24900 |  1520 | 11085k| 444.5 |   289M |  54 |1166 |4746 |3806 |  52k|  0 |  16k|  14 | 0.000000e+00 |      --      |    Inf |   9.52%
 1088s| 25000 |  1513 | 11118k| 444.1 |   289M |  54 |1166 |4777 |3833 |  52k|  0 |  16k|  14 | 0.000000e+00 |      --      |    Inf |   9.52%
 1096s| 25100 |  1519 | 11180k| 444.8 |   290M |  54 |1166 |4892 |3474 |  53k|  2 |  16k|  14 | 0.000000e+00 |      --      |    Inf |   9.52%
 1101s| 25200 |  1531 | 11220k| 444.6 |   290M |  54 |1166 |4973 |3495 |  53k|  2 |  16k|  14 | 0.000000e+00 |      --      |    Inf |   9.52%
 1106s| 25300 |  1541 | 11265k| 444.6 |   290M |  54 |1166 |5050 |3495 |  53k|  2 |  17k|  14 | 0.000000e+00 |      --      |    Inf |   9.52%
 1110s| 25400 |  1543 | 11299k| 444.2 |   290M |  54 |1166 |5192 |3529 |  53k|  0 |  17k|  14 | 0.000000e+00 |      --      |    Inf |   9.52%
 1114s| 25500 |  1541 | 11339k| 444.0 |   290M |  54 |1166 |5295 |3629 |  53k|  0 |  17k|  14 | 0.000000e+00 |      --      |    Inf |   9.52%
 1118s| 25600 |  1539 | 11377k| 443.8 |   290M |  54 |1166 |5464 |3638 |  54k|  1 |  17k|  14 | 0.000000e+00 |      --      |    Inf |   9.52%
 1123s| 25700 |  1537 | 11415k| 443.5 |   290M |  54 |1166 |5622 |3668 |  54k|  0 |  17k|  14 | 0.000000e+00 |      --      |    Inf |   9.52%
 time | node  | left  |LP iter|LP it/n|mem/heur|mdpt |vars |cons |rows |cuts |sepa|confs|strbr|  dualbound   | primalbound  |  gap   | compl. 
 1128s| 25800 |  1539 | 11460k| 443.5 |   291M |  54 |1166 |5777 |3631 |  54k|  0 |  17k|  14 | 0.000000e+00 |      --      |    Inf |   9.52%
 1133s| 25900 |  1543 | 11504k| 443.5 |   291M |  54 |1166 |5756 |3871 |  54k|  0 |  17k|  14 | 0.000000e+00 |      --      |    Inf |   9.55%
 1138s| 26000 |  1542 | 11545k| 443.4 |   291M |  54 |1166 |5832 |3857 |  54k|  2 |  18k|  14 | 0.000000e+00 |      --      |    Inf |   9.55%
 1144s| 26100 |  1550 | 11590k| 443.4 |   292M |  54 |1166 |5729 |3838 |  54k|  1 |  18k|  14 | 0.000000e+00 |      --      |    Inf |   9.58%
 1148s| 26200 |  1572 | 11625k| 443.1 |   292M |  54 |1166 |5711 |3723 |  54k|  1 |  18k|  14 | 0.000000e+00 |      --      |    Inf |   9.58%
 1152s| 26300 |  1584 | 11667k| 443.0 |   292M |  54 |1166 |5658 |3432 |  54k|  0 |  18k|  14 | 0.000000e+00 |      --      |    Inf |   9.58%
 1157s| 26400 |  1615 | 11705k| 442.7 |   292M |  54 |1166 |5624 |3730 |  54k|  1 |  18k|  14 | 0.000000e+00 |      --      |    Inf |   9.58%
 1161s| 26500 |  1631 | 11741k| 442.4 |   292M |  54 |1166 |5645 |3886 |  54k|  1 |  18k|  14 | 0.000000e+00 |      --      |    Inf |   9.58%
 1165s| 26600 |  1639 | 11779k| 442.2 |   292M |  54 |1166 |5617 |3835 |  54k|  0 |  18k|  14 | 0.000000e+00 |      --      |    Inf |   9.58%
 1170s| 26700 |  1636 | 11819k| 442.0 |   293M |  54 |1166 |5541 |3946 |  55k|  1 |  18k|  14 | 0.000000e+00 |      --      |    Inf |   9.64%
 1175s| 26800 |  1636 | 11865k| 442.1 |   293M |  54 |1166 |5390 |3828 |  55k|  1 |  18k|  14 | 0.000000e+00 |      --      |    Inf |   9.65%
 1180s| 26900 |  1660 | 11906k| 442.0 |   293M |  54 |1166 |5296 |3811 |  55k|  0 |  18k|  14 | 0.000000e+00 |      --      |    Inf |   9.67%
 1185s| 27000 |  1666 | 11945k| 441.8 |   293M |  54 |1166 |5298 |3804 |  55k|  1 |  18k|  14 | 0.000000e+00 |      --      |    Inf |   9.69%
 1190s| 27100 |  1672 | 11987k| 441.7 |   293M |  54 |1166 |5246 |3823 |  55k|  1 |  18k|  14 | 0.000000e+00 |      --      |    Inf |   9.69%
 1195s| 27200 |  1687 | 12026k| 441.5 |   293M |  54 |1166 |5221 |3797 |  55k|  1 |  18k|  14 | 0.000000e+00 |      --      |    Inf |   9.69%
 time | node  | left  |LP iter|LP it/n|mem/heur|mdpt |vars |cons |rows |cuts |sepa|confs|strbr|  dualbound   | primalbound  |  gap   | compl. 
 1200s| 27300 |  1711 | 12068k| 441.4 |   293M |  54 |1166 |5146 |3816 |  55k|  1 |  18k|  14 | 0.000000e+00 |      --      |    Inf |   9.69%
 1205s| 27400 |  1718 | 12113k| 441.5 |   293M |  54 |1166 |5189 |3799 |  55k|  2 |  18k|  14 | 0.000000e+00 |      --      |    Inf |   9.70%
 1212s| 27500 |  1743 | 12164k| 441.7 |   293M |  54 |1166 |5136 |3058 |  55k|  2 |  18k|  14 | 0.000000e+00 |      --      |    Inf |   9.71%
 1219s| 27600 |  1749 | 12217k| 442.1 |   293M |  54 |1166 |5049 |3783 |  55k|  1 |  18k|  14 | 0.000000e+00 |      --      |    Inf |   9.76%
 1222s| 27700 |  1748 | 12246k| 441.5 |   293M |  54 |1166 |5068 |3790 |  55k|  1 |  18k|  14 | 0.000000e+00 |      --      |    Inf |   9.76%
 1228s| 27800 |  1760 | 12294k| 441.6 |   293M |  54 |1166 |4977 |3947 |  56k|  0 |  19k|  14 | 0.000000e+00 |      --      |    Inf |   9.91%
 1234s| 27900 |  1767 | 12333k| 441.5 |   293M |  54 |1166 |4968 |3784 |  56k|  0 |  19k|  14 | 0.000000e+00 |      --      |    Inf |   9.93%
 1240s| 28000 |  1775 | 12379k| 441.5 |   294M |  54 |1166 |4865 |3781 |  56k|  1 |  19k|  14 | 0.000000e+00 |      --      |    Inf |   9.94%
 1249s| 28100 |  1789 | 12429k| 441.7 |   294M |  54 |1166 |4815 |3855 |  56k|  0 |  19k|  14 | 0.000000e+00 |      --      |    Inf |   9.95%
 1256s| 28200 |  1808 | 12483k| 442.1 |   294M |  54 |1166 |4798 |3827 |  56k|  0 |  19k|  14 | 0.000000e+00 |      --      |    Inf |  10.00%
 1261s| 28300 |  1825 | 12532k| 442.2 |   295M |  54 |1166 |4695 |3799 |  56k|  2 |  19k|  14 | 0.000000e+00 |      --      |    Inf |  10.03%
 1268s| 28400 |  1822 | 12584k| 442.5 |   295M |  54 |1166 |4666 |3782 |  57k|  0 |  19k|  14 | 0.000000e+00 |      --      |    Inf |  10.04%
 1272s| 28500 |  1858 | 12620k| 442.2 |   295M |  54 |1166 |4647 |3856 |  57k|  0 |  19k|  14 | 0.000000e+00 |      --      |    Inf |  10.04%
 1275s| 28600 |  1862 | 12650k| 441.7 |   295M |  54 |1166 |4675 |3856 |  57k|  0 |  19k|  14 | 0.000000e+00 |      --      |    Inf |  10.04%
 1278s| 28700 |  1864 | 12677k| 441.1 |   295M |  54 |1166 |4679 |3856 |  57k|  0 |  19k|  14 | 0.000000e+00 |      --      |    Inf |  10.04%
 time | node  | left  |LP iter|LP it/n|mem/heur|mdpt |vars |cons |rows |cuts |sepa|confs|strbr|  dualbound   | primalbound  |  gap   | compl. 
 1282s| 28800 |  1871 | 12705k| 440.6 |   295M |  54 |1166 |4704 |3857 |  57k|  0 |  19k|  14 | 0.000000e+00 |      --      |    Inf |  10.04%
 1285s| 28900 |  1871 | 12733k| 440.0 |   295M |  54 |1166 |4725 |3814 |  57k|  1 |  19k|  14 | 0.000000e+00 |      --      |    Inf |  10.04%
 1289s| 29000 |  1861 | 12768k| 439.7 |   295M |  54 |1166 |4750 |3723 |  57k|  0 |  19k|  14 | 0.000000e+00 |      --      |    Inf |  10.05%
 1295s| 29100 |  1914 | 12818k| 439.9 |   296M |  54 |1166 |4733 |3839 |  57k|  2 |  19k|  14 | 0.000000e+00 |      --      |    Inf |  10.15%
 1302s| 29200 |  1953 | 12865k| 440.0 |   296M |  54 |1166 |4793 |3918 |  57k|  0 |  19k|  14 | 0.000000e+00 |      --      |    Inf |  10.15%
 1306s| 29300 |  1967 | 12902k| 439.8 |   296M |  54 |1166 |4781 |3702 |  57k|  1 |  19k|  14 | 0.000000e+00 |      --      |    Inf |  10.15%
 1310s| 29400 |  1989 | 12935k| 439.4 |   296M |  54 |1166 |4789 |3794 |  57k|  1 |  19k|  14 | 0.000000e+00 |      --      |    Inf |  10.15%
 1312s| 29500 |  1991 | 12959k| 438.7 |   296M |  54 |1166 |4791 |3797 |  57k|  2 |  19k|  14 | 0.000000e+00 |      --      |    Inf |  10.15%
 1316s| 29600 |  1983 | 12988k| 438.2 |   296M |  54 |1166 |4808 |3796 |  57k|  0 |  19k|  14 | 0.000000e+00 |      --      |    Inf |  10.15%
 1318s| 29700 |  1983 | 13013k| 437.6 |   296M |  54 |1166 |4826 |3798 |  57k|  0 |  19k|  14 | 0.000000e+00 |      --      |    Inf |  10.15%
 1324s| 29800 |  1992 | 13060k| 437.7 |   297M |  54 |1166 |4734 |3511 |  58k|  3 |  19k|  14 | 0.000000e+00 |      --      |    Inf |  10.16%
 1331s| 29900 |  2001 | 13108k| 437.8 |   298M |  54 |1166 |4769 |3801 |  58k|  2 |  20k|  14 | 0.000000e+00 |      --      |    Inf |  10.19%
 1336s| 30000 |  2027 | 13150k| 437.8 |   298M |  54 |1166 |4822 |3460 |  58k|  0 |  20k|  14 | 0.000000e+00 |      --      |    Inf |  10.19%
 1341s| 30100 |  2041 | 13188k| 437.6 |   298M |  54 |1166 |4965 |3460 |  58k|  0 |  20k|  14 | 0.000000e+00 |      --      |    Inf |  10.19%
 1346s| 30200 |  2033 | 13229k| 437.5 |   298M |  54 |1166 |5129 |3478 |  59k|  2 |  20k|  14 | 0.000000e+00 |      --      |    Inf |  10.19%
 time | node  | left  |LP iter|LP it/n|mem/heur|mdpt |vars |cons |rows |cuts |sepa|confs|strbr|  dualbound   | primalbound  |  gap   | compl. 
 1351s| 30300 |  2049 | 13269k| 437.4 |   298M |  54 |1166 |5261 |3519 |  59k|  2 |  20k|  14 | 0.000000e+00 |      --      |    Inf |  10.19%
 1355s| 30400 |  2063 | 13305k| 437.1 |   298M |  54 |1166 |5424 |3526 |  59k|  2 |  20k|  14 | 0.000000e+00 |      --      |    Inf |  10.19%
 1359s| 30500 |  2053 | 13344k| 437.0 |   298M |  54 |1166 |5597 |3533 |  59k|  1 |  21k|  14 | 0.000000e+00 |      --      |    Inf |  10.19%
 1364s| 30600 |  2061 | 13383k| 436.8 |   298M |  54 |1166 |5756 |3525 |  60k|  1 |  21k|  14 | 0.000000e+00 |      --      |    Inf |  10.19%
 1368s| 30700 |  2065 | 13420k| 436.6 |   298M |  54 |1166 |5905 |3538 |  60k|  1 |  21k|  14 | 0.000000e+00 |      --      |    Inf |  10.19%
 1372s| 30800 |  2050 | 13459k| 436.5 |   298M |  54 |1166 |6053 |3594 |  60k|  0 |  21k|  14 | 0.000000e+00 |      --      |    Inf |  10.19%
 1377s| 30900 |  2048 | 13498k| 436.3 |   298M |  54 |1166 |6184 |3468 |  60k|  2 |  21k|  14 | 0.000000e+00 |      --      |    Inf |  10.19%
 1382s| 31000 |  2050 | 13541k| 436.3 |   298M |  54 |1166 |6309 |3910 |  60k|  1 |  21k|  14 | 0.000000e+00 |      --      |    Inf |  10.19%
 1386s| 31100 |  2050 | 13578k| 436.1 |   298M |  54 |1166 |6478 |3896 |  60k|  0 |  22k|  14 | 0.000000e+00 |      --      |    Inf |  10.19%
 1391s| 31200 |  2044 | 13620k| 436.0 |   298M |  54 |1166 |6647 |3531 |  60k|  1 |  22k|  14 | 0.000000e+00 |      --      |    Inf |  10.19%
 1396s| 31300 |  2034 | 13661k| 435.9 |   298M |  54 |1166 |6735 |3465 |  60k|  2 |  22k|  14 | 0.000000e+00 |      --      |    Inf |  10.19%
 1401s| 31400 |  2025 | 13703k| 435.9 |   298M |  54 |1166 |6686 |3934 |  60k|  1 |  22k|  14 | 0.000000e+00 |      --      |    Inf |  10.19%
 1408s| 31500 |  2028 | 13753k| 436.1 |   298M |  54 |1166 |6390 |3820 |  60k|  2 |  22k|  14 | 0.000000e+00 |      --      |    Inf |  10.19%
 1414s| 31600 |  2038 | 13797k| 436.1 |   298M |  54 |1166 |6387 |3511 |  61k|  0 |  22k|  14 | 0.000000e+00 |      --      |    Inf |  10.19%
 1420s| 31700 |  2044 | 13840k| 436.1 |   298M |  54 |1166 |6517 |3868 |  61k|  0 |  22k|  14 | 0.000000e+00 |      --      |    Inf |  10.19%
 time | node  | left  |LP iter|LP it/n|mem/heur|mdpt |vars |cons |rows |cuts |sepa|confs|strbr|  dualbound   | primalbound  |  gap   | compl. 
 1425s| 31800 |  2052 | 13882k| 436.0 |   298M |  54 |1166 |6439 |3838 |  61k|  2 |  22k|  14 | 0.000000e+00 |      --      |    Inf |  10.19%
 1431s| 31900 |  2046 | 13920k| 435.9 |   298M |  54 |1166 |6467 |3991 |  61k|  1 |  22k|  14 | 0.000000e+00 |      --      |    Inf |  10.19%
 1436s| 32000 |  2084 | 13960k| 435.7 |   298M |  54 |1166 |6418 |3816 |  61k|  2 |  23k|  14 | 0.000000e+00 |      --      |    Inf |  10.19%
 1443s| 32100 |  2107 | 14007k| 435.8 |   298M |  54 |1166 |6383 |3912 |  61k|  2 |  23k|  14 | 0.000000e+00 |      --      |    Inf |  10.20%
 1449s| 32200 |  2120 | 14050k| 435.8 |   298M |  54 |1166 |6287 |3913 |  61k|  0 |  23k|  14 | 0.000000e+00 |      --      |    Inf |  10.21%
 1453s| 32300 |  2122 | 14081k| 435.5 |   298M |  54 |1166 |6387 |3913 |  61k|  1 |  23k|  14 | 0.000000e+00 |      --      |    Inf |  10.21%
 1458s| 32400 |  2112 | 14113k| 435.1 |   298M |  54 |1166 |6373 |3729 |  61k|  1 |  23k|  14 | 0.000000e+00 |      --      |    Inf |  10.21%
 1463s| 32500 |  2115 | 14152k| 434.9 |   298M |  54 |1166 |6357 |3946 |  62k|  0 |  23k|  14 | 0.000000e+00 |      --      |    Inf |  10.21%
 1470s| 32600 |  2124 | 14205k| 435.2 |   299M |  54 |1166 |6205 |3966 |  62k|  1 |  23k|  14 | 0.000000e+00 |      --      |    Inf |  10.23%
 1475s| 32700 |  2124 | 14240k| 435.0 |   299M |  54 |1166 |6126 |3518 |  62k|  1 |  23k|  14 | 0.000000e+00 |      --      |    Inf |  10.24%
 1482s| 32800 |  2121 | 14286k| 435.0 |   299M |  54 |1166 |6072 |3668 |  62k|  2 |  23k|  14 | 0.000000e+00 |      --      |    Inf |  10.24%
 1488s| 32900 |  2123 | 14334k| 435.2 |   299M |  54 |1166 |6087 |3783 |  62k|  0 |  23k|  14 | 0.000000e+00 |      --      |    Inf |  10.24%
 1494s| 33000 |  2138 | 14378k| 435.2 |   299M |  54 |1166 |6002 |3886 |  62k|  1 |  23k|  14 | 0.000000e+00 |      --      |    Inf |  10.24%
 1500s| 33100 |  2153 | 14414k| 435.0 |   299M |  54 |1166 |5998 |3720 |  62k|  1 |  23k|  14 | 0.000000e+00 |      --      |    Inf |  10.24%
 1505s| 33200 |  2163 | 14453k| 434.8 |   299M |  54 |1166 |6024 |3586 |  63k|  2 |  23k|  14 | 0.000000e+00 |      --      |    Inf |  10.24%
 time | node  | left  |LP iter|LP it/n|mem/heur|mdpt |vars |cons |rows |cuts |sepa|confs|strbr|  dualbound   | primalbound  |  gap   | compl. 
 1510s| 33300 |  2169 | 14492k| 434.7 |   299M |  54 |1166 |6056 |3589 |  63k|  2 |  24k|  14 | 0.000000e+00 |      --      |    Inf |  10.24%
 1515s| 33400 |  2184 | 14528k| 434.5 |   299M |  54 |1166 |6006 |3837 |  63k|  2 |  24k|  14 | 0.000000e+00 |      --      |    Inf |  10.24%
 1520s| 33500 |  2209 | 14567k| 434.4 |   299M |  54 |1166 |5969 |3847 |  63k|  1 |  24k|  14 | 0.000000e+00 |      --      |    Inf |  10.24%
 1525s| 33600 |  2204 | 14603k| 434.1 |   299M |  54 |1166 |5930 |3793 |  63k|  0 |  24k|  14 | 0.000000e+00 |      --      |    Inf |  10.25%
 1529s| 33700 |  2198 | 14633k| 433.7 |   299M |  54 |1166 |5951 |3579 |  63k|  0 |  24k|  14 | 0.000000e+00 |      --      |    Inf |  10.25%
 1537s| 33800 |  2194 | 14686k| 434.0 |   299M |  54 |1166 |5687 |3861 |  63k|  0 |  24k|  14 | 0.000000e+00 |      --      |    Inf |  10.27%
 1543s| 33900 |  2197 | 14729k| 434.0 |   299M |  54 |1166 |5688 |3726 |  63k|  0 |  24k|  14 | 0.000000e+00 |      --      |    Inf |  10.27%
 1550s| 34000 |  2198 | 14785k| 434.4 |   300M |  54 |1166 |5597 |3819 |  64k|  0 |  24k|  14 | 0.000000e+00 |      --      |    Inf |  10.40%
 1556s| 34100 |  2213 | 14827k| 434.3 |   300M |  54 |1166 |5251 |3972 |  64k|  1 |  24k|  14 | 0.000000e+00 |      --      |    Inf |  10.41%
 1562s| 34200 |  2212 | 14871k| 434.3 |   300M |  54 |1166 |5105 |3818 |  64k|  0 |  24k|  14 | 0.000000e+00 |      --      |    Inf |  10.51%
 1569s| 34300 |  2215 | 14918k| 434.5 |   300M |  54 |1166 |4981 |3745 |  64k|  0 |  24k|  14 | 0.000000e+00 |      --      |    Inf |  11.31%
 1575s| 34400 |  2227 | 14967k| 434.6 |   300M |  54 |1166 |4746 |3488 |  64k|  0 |  24k|  14 | 0.000000e+00 |      --      |    Inf |  12.09%
 1581s| 34500 |  2230 | 15011k| 434.6 |   300M |  54 |1166 |4736 |4026 |  64k|  1 |  24k|  14 | 0.000000e+00 |      --      |    Inf |  12.10%
 1587s| 34600 |  2264 | 15055k| 434.6 |   301M |  54 |1166 |4711 |3727 |  65k|  1 |  24k|  14 | 0.000000e+00 |      --      |    Inf |  12.13%
 1594s| 34700 |  2283 | 15102k| 434.8 |   301M |  54 |1166 |4642 |3938 |  65k|  2 |  24k|  14 | 0.000000e+00 |      --      |    Inf |  12.14%
 time | node  | left  |LP iter|LP it/n|mem/heur|mdpt |vars |cons |rows |cuts |sepa|confs|strbr|  dualbound   | primalbound  |  gap   | compl. 
 1598s| 34800 |  2295 | 15134k| 434.4 |   302M |  54 |1166 |4764 |3968 |  65k|  1 |  24k|  14 | 0.000000e+00 |      --      |    Inf |  12.14%
 1604s| 34900 |  2281 | 15179k| 434.5 |   303M |  54 |1166 |4907 |3855 |  65k|  0 |  25k|  14 | 0.000000e+00 |      --      |    Inf |  12.14%
 1609s| 35000 |  2295 | 15213k| 434.2 |   303M |  54 |1166 |4964 |3549 |  65k|  2 |  25k|  14 | 0.000000e+00 |      --      |    Inf |  12.14%
 1613s| 35100 |  2303 | 15244k| 433.8 |   303M |  54 |1166 |5089 |3564 |  65k|  1 |  25k|  14 | 0.000000e+00 |      --      |    Inf |  12.14%
 1617s| 35200 |  2309 | 15274k| 433.5 |   303M |  54 |1166 |5220 |3576 |  65k|  0 |  25k|  14 | 0.000000e+00 |      --      |    Inf |  12.14%
 1622s| 35300 |  2301 | 15310k| 433.2 |   303M |  54 |1166 |5333 |3571 |  66k|  2 |  25k|  14 | 0.000000e+00 |      --      |    Inf |  12.14%
 1626s| 35400 |  2294 | 15342k| 432.9 |   303M |  54 |1166 |5392 |3600 |  66k|  1 |  25k|  14 | 0.000000e+00 |      --      |    Inf |  12.14%
 1630s| 35500 |  2292 | 15376k| 432.7 |   303M |  54 |1166 |5515 |3601 |  66k|  0 |  25k|  14 | 0.000000e+00 |      --      |    Inf |  12.14%
 1637s| 35600 |  2292 | 15421k| 432.7 |   303M |  54 |1166 |5603 |4053 |  66k|  1 |  25k|  14 | 0.000000e+00 |      --      |    Inf |  12.14%
 1642s| 35700 |  2294 | 15458k| 432.5 |   303M |  54 |1166 |5748 |4053 |  66k|  1 |  26k|  14 | 0.000000e+00 |      --      |    Inf |  12.14%
 1648s| 35800 |  2302 | 15500k| 432.5 |   303M |  54 |1166 |5779 |3927 |  66k|  0 |  26k|  14 | 0.000000e+00 |      --      |    Inf |  12.14%
 1653s| 35900 |  2320 | 15539k| 432.4 |   303M |  54 |1166 |5681 |3813 |  66k|  0 |  26k|  14 | 0.000000e+00 |      --      |    Inf |  12.14%
 1660s| 36000 |  2313 | 15585k| 432.5 |   303M |  54 |1166 |5564 |3837 |  66k|  1 |  26k|  14 | 0.000000e+00 |      --      |    Inf |  12.21%
 1666s| 36100 |  2309 | 15633k| 432.6 |   303M |  54 |1166 |5533 |3957 |  66k|  2 |  26k|  14 | 0.000000e+00 |      --      |    Inf |  12.25%
 1672s| 36200 |  2327 | 15676k| 432.6 |   303M |  54 |1166 |5573 |3963 |  66k|  0 |  26k|  14 | 0.000000e+00 |      --      |    Inf |  12.25%
 time | node  | left  |LP iter|LP it/n|mem/heur|mdpt |vars |cons |rows |cuts |sepa|confs|strbr|  dualbound   | primalbound  |  gap   | compl. 
 1679s| 36300 |  2347 | 15719k| 432.6 |   303M |  54 |1166 |5546 |3843 |  66k|  1 |  26k|  14 | 0.000000e+00 |      --      |    Inf |  12.25%
 1684s| 36400 |  2347 | 15760k| 432.5 |   303M |  54 |1166 |5624 |3855 |  66k|  2 |  26k|  14 | 0.000000e+00 |      --      |    Inf |  12.25%
 1691s| 36500 |  2343 | 15808k| 432.6 |   303M |  54 |1166 |5671 |4003 |  66k|  1 |  26k|  14 | 0.000000e+00 |      --      |    Inf |  12.25%
 1697s| 36600 |  2385 | 15848k| 432.6 |   304M |  54 |1166 |5409 |4004 |  67k|  1 |  26k|  14 | 0.000000e+00 |      --      |    Inf |  12.35%
 1702s| 36700 |  2419 | 15885k| 432.4 |   304M |  54 |1166 |5424 |3965 |  67k|  0 |  26k|  14 | 0.000000e+00 |      --      |    Inf |  12.35%
 1708s| 36800 |  2425 | 15929k| 432.4 |   304M |  54 |1166 |5181 |3806 |  67k|  2 |  26k|  14 | 0.000000e+00 |      --      |    Inf |  13.92%
 1714s| 36900 |  2421 | 15970k| 432.4 |   304M |  54 |1166 |5197 |3590 |  67k|  2 |  26k|  14 | 0.000000e+00 |      --      |    Inf |  13.94%
 1720s| 37000 |  2484 | 16016k| 432.4 |   304M |  54 |1166 |5329 |3602 |  67k|  1 |  27k|  14 | 0.000000e+00 |      --      |    Inf |  13.94%
 1728s| 37100 |  2517 | 16070k| 432.7 |   304M |  54 |1166 |5428 |3846 |  67k|  0 |  27k|  14 | 0.000000e+00 |      --      |    Inf |  13.94%
 1734s| 37200 |  2521 | 16114k| 432.7 |   304M |  54 |1166 |5501 |3940 |  67k|  0 |  27k|  14 | 0.000000e+00 |      --      |    Inf |  13.94%
 1739s| 37300 |  2520 | 16146k| 432.4 |   304M |  54 |1166 |5505 |4016 |  68k|  0 |  27k|  14 | 0.000000e+00 |      --      |    Inf |  13.94%
 1746s| 37400 |  2530 | 16193k| 432.5 |   304M |  54 |1166 |5318 |3986 |  68k|  0 |  27k|  14 | 0.000000e+00 |      --      |    Inf |  13.94%
 1752s| 37500 |  2572 | 16236k| 432.5 |   304M |  54 |1166 |5245 |3897 |  68k|  0 |  27k|  14 | 0.000000e+00 |      --      |    Inf |  13.94%
 1757s| 37600 |  2593 | 16270k| 432.3 |   305M |  54 |1166 |5351 |4019 |  68k|  1 |  27k|  14 | 0.000000e+00 |      --      |    Inf |  13.94%
 1762s| 37700 |  2639 | 16310k| 432.2 |   305M |  54 |1166 |5419 |3888 |  68k|  2 |  27k|  14 | 0.000000e+00 |      --      |    Inf |  13.94%
 time | node  | left  |LP iter|LP it/n|mem/heur|mdpt |vars |cons |rows |cuts |sepa|confs|strbr|  dualbound   | primalbound  |  gap   | compl. 
 1768s| 37800 |  2681 | 16347k| 432.0 |   306M |  54 |1166 |5485 |3897 |  68k|  0 |  27k|  14 | 0.000000e+00 |      --      |    Inf |  13.94%
 1773s| 37900 |  2685 | 16381k| 431.8 |   308M |  54 |1166 |5534 |3909 |  68k|  1 |  27k|  14 | 0.000000e+00 |      --      |    Inf |  13.94%
 1778s| 38000 |  2714 | 16420k| 431.7 |   308M |  54 |1166 |5559 |3903 |  68k|  1 |  27k|  14 | 0.000000e+00 |      --      |    Inf |  13.94%
 1785s| 38100 |  2736 | 16469k| 431.8 |   308M |  54 |1166 |5612 |4037 |  68k|  1 |  28k|  14 | 0.000000e+00 |      --      |    Inf |  13.94%
 1791s| 38200 |  2744 | 16511k| 431.8 |   310M |  54 |1166 |5666 |4041 |  68k|  1 |  28k|  14 | 0.000000e+00 |      --      |    Inf |  13.94%
 1797s| 38300 |  2739 | 16553k| 431.8 |   310M |  54 |1166 |5705 |4042 |  68k|  0 |  28k|  14 | 0.000000e+00 |      --      |    Inf |  13.94%
 1803s| 38400 |  2739 | 16593k| 431.7 |   310M |  54 |1166 |5753 |4042 |  68k|  0 |  28k|  14 | 0.000000e+00 |      --      |    Inf |  13.94%
 1808s| 38500 |  2750 | 16636k| 431.7 |   311M |  54 |1166 |5778 |3886 |  68k|  2 |  28k|  14 | 0.000000e+00 |      --      |    Inf |  13.94%
 1812s| 38600 |  2773 | 16676k| 431.6 |   311M |  54 |1166 |5839 |3904 |  68k|  1 |  28k|  14 | 0.000000e+00 |      --      |    Inf |  13.94%
 1816s| 38700 |  2773 | 16713k| 431.4 |   313M |  54 |1166 |5852 |3882 |  68k|  2 |  28k|  14 | 0.000000e+00 |      --      |    Inf |  13.94%
 1822s| 38800 |  2777 | 16759k| 431.5 |   313M |  54 |1166 |5817 |4030 |  69k|  0 |  28k|  14 | 0.000000e+00 |      --      |    Inf |  13.94%
 1826s| 38900 |  2779 | 16799k| 431.4 |   314M |  54 |1166 |5805 |4072 |  69k|  0 |  28k|  14 | 0.000000e+00 |      --      |    Inf |  13.97%
 1831s| 39000 |  2775 | 16842k| 431.4 |   315M |  54 |1166 |5910 |4071 |  69k|  1 |  28k|  14 | 0.000000e+00 |      --      |    Inf |  13.97%
 1837s| 39100 |  2783 | 16888k| 431.5 |   316M |  54 |1166 |5952 |3590 |  69k|  1 |  28k|  14 | 0.000000e+00 |      --      |    Inf |  13.97%
 1843s| 39200 |  2795 | 16938k| 431.7 |   316M |  54 |1166 |5843 |3843 |  69k|  0 |  29k|  14 | 0.000000e+00 |      --      |    Inf |  13.97%
 time | node  | left  |LP iter|LP it/n|mem/heur|mdpt |vars |cons |rows |cuts |sepa|confs|strbr|  dualbound   | primalbound  |  gap   | compl. 
 1848s| 39300 |  2796 | 16980k| 431.6 |   316M |  54 |1166 |5604 |3808 |  69k|  1 |  29k|  14 | 0.000000e+00 |      --      |    Inf |  13.99%
 1851s| 39400 |  2792 | 17014k| 431.4 |   316M |  54 |1166 |5569 |3819 |  69k|  0 |  29k|  14 | 0.000000e+00 |      --      |    Inf |  13.99%
 1857s| 39500 |  2787 | 17060k| 431.5 |   316M |  54 |1166 |5439 |4036 |  69k|  0 |  29k|  14 | 0.000000e+00 |      --      |    Inf |  14.00%
 1863s| 39600 |  2811 | 17104k| 431.5 |   317M |  54 |1166 |5244 |3233 |  69k|  0 |  29k|  14 | 0.000000e+00 |      --      |    Inf |  14.05%
 1868s| 39700 |  2815 | 17147k| 431.5 |   317M |  54 |1166 |5196 |3272 |  69k|  0 |  29k|  14 | 0.000000e+00 |      --      |    Inf |  14.06%
 1874s| 39800 |  2822 | 17186k| 431.4 |   317M |  54 |1166 |5184 |3696 |  69k|  1 |  29k|  14 | 0.000000e+00 |      --      |    Inf |  14.10%
 1880s| 39900 |  2876 | 17229k| 431.4 |   317M |  54 |1166 |5168 |3816 |  70k|  0 |  29k|  14 | 0.000000e+00 |      --      |    Inf |  14.10%
 1885s| 40000 |  2900 | 17267k| 431.3 |   317M |  54 |1166 |5106 |3993 |  70k|  1 |  29k|  14 | 0.000000e+00 |      --      |    Inf |  14.10%
 1890s| 40100 |  2925 | 17302k| 431.1 |   317M |  54 |1166 |5109 |3641 |  70k|  2 |  29k|  14 | 0.000000e+00 |      --      |    Inf |  14.10%
 1895s| 40200 |  2921 | 17341k| 431.0 |   317M |  54 |1166 |5088 |4059 |  70k|  1 |  29k|  14 | 0.000000e+00 |      --      |    Inf |  14.10%
 1902s| 40300 |  2917 | 17385k| 431.0 |   317M |  54 |1166 |5021 |4023 |  70k|  1 |  29k|  14 | 0.000000e+00 |      --      |    Inf |  14.11%
 1907s| 40400 |  2938 | 17425k| 430.9 |   317M |  54 |1166 |4931 |3802 |  70k|  1 |  29k|  14 | 0.000000e+00 |      --      |    Inf |  14.11%
 1913s| 40500 |  2954 | 17467k| 430.9 |   318M |  54 |1166 |4948 |4056 |  70k|  1 |  29k|  14 | 0.000000e+00 |      --      |    Inf |  14.11%
 1920s| 40600 |  2962 | 17509k| 430.9 |   320M |  54 |1166 |4932 |3895 |  70k|  2 |  29k|  14 | 0.000000e+00 |      --      |    Inf |  14.11%
 1925s| 40700 |  2978 | 17546k| 430.7 |   320M |  54 |1166 |4819 |3733 |  70k|  2 |  29k|  14 | 0.000000e+00 |      --      |    Inf |  14.11%
 time | node  | left  |LP iter|LP it/n|mem/heur|mdpt |vars |cons |rows |cuts |sepa|confs|strbr|  dualbound   | primalbound  |  gap   | compl. 
 1930s| 40800 |  3003 | 17589k| 430.7 |   320M |  54 |1166 |4803 |3896 |  70k|  1 |  29k|  14 | 0.000000e+00 |      --      |    Inf |  14.11%
 1937s| 40900 |  3004 | 17635k| 430.8 |   321M |  54 |1166 |4784 |3592 |  70k|  1 |  29k|  14 | 0.000000e+00 |      --      |    Inf |  14.11%
 1943s| 41000 |  3028 | 17680k| 430.8 |   321M |  54 |1166 |4758 |4000 |  70k|  2 |  30k|  14 | 0.000000e+00 |      --      |    Inf |  14.11%
 1948s| 41100 |  3039 | 17719k| 430.7 |   321M |  54 |1166 |4766 |3781 |  70k|  1 |  30k|  14 | 0.000000e+00 |      --      |    Inf |  17.24%
 1952s| 41200 |  3043 | 17751k| 430.5 |   321M |  54 |1166 |4816 |3287 |  71k|  2 |  30k|  14 | 0.000000e+00 |      --      |    Inf |  17.24%
 1957s| 41300 |  3034 | 17791k| 430.4 |   321M |  54 |1166 |4761 |3730 |  71k|  1 |  30k|  14 | 0.000000e+00 |      --      |    Inf |  17.24%
 1963s| 41400 |  3034 | 17830k| 430.3 |   322M |  54 |1166 |4726 |3837 |  71k|  0 |  30k|  14 | 0.000000e+00 |      --      |    Inf |  17.24%
 1967s| 41500 |  3027 | 17864k| 430.1 |   322M |  54 |1166 |4773 |3954 |  71k|  0 |  30k|  14 | 0.000000e+00 |      --      |    Inf |  17.24%
 1973s| 41600 |  3032 | 17907k| 430.1 |   322M |  54 |1166 |4711 |3783 |  71k|  1 |  30k|  14 | 0.000000e+00 |      --      |    Inf |  17.24%
 1978s| 41700 |  3044 | 17942k| 429.9 |   322M |  54 |1166 |4708 |3787 |  71k|  1 |  30k|  14 | 0.000000e+00 |      --      |    Inf |  17.24%
 1982s| 41800 |  3037 | 17974k| 429.6 |   322M |  54 |1166 |4689 |3832 |  71k|  0 |  30k|  14 | 0.000000e+00 |      --      |    Inf |  17.25%
 1989s| 41900 |  3044 | 18019k| 429.7 |   322M |  54 |1166 |4725 |3969 |  71k|  0 |  30k|  14 | 0.000000e+00 |      --      |    Inf |  17.25%
 1995s| 42000 |  3052 | 18063k| 429.7 |   322M |  54 |1166 |4680 |3723 |  71k|  2 |  30k|  14 | 0.000000e+00 |      --      |    Inf |  17.25%
 2001s| 42100 |  3063 | 18107k| 429.7 |   322M |  54 |1166 |4688 |4053 |  71k|  0 |  30k|  14 | 0.000000e+00 |      --      |    Inf |  17.25%
 2007s| 42200 |  3068 | 18148k| 429.7 |   323M |  54 |1166 |4738 |2865 |  72k|  2 |  30k|  14 | 0.000000e+00 |      --      |    Inf |  17.31%
 time | node  | left  |LP iter|LP it/n|mem/heur|mdpt |vars |cons |rows |cuts |sepa|confs|strbr|  dualbound   | primalbound  |  gap   | compl. 
 2013s| 42300 |  3084 | 18191k| 429.7 |   323M |  54 |1166 |4711 |3828 |  72k|  1 |  30k|  14 | 0.000000e+00 |      --      |    Inf |  17.31%
 2018s| 42400 |  3083 | 18232k| 429.6 |   323M |  54 |1166 |4693 |4081 |  72k|  0 |  30k|  14 | 0.000000e+00 |      --      |    Inf |  17.31%
 2026s| 42500 |  3123 | 18284k| 429.8 |   324M |  54 |1166 |4540 |4100 |  72k|  0 |  30k|  14 | 0.000000e+00 |      --      |    Inf |  18.51%
 2034s| 42600 |  3185 | 18337k| 430.1 |   325M |  54 |1166 |4626 |4111 |  72k|  1 |  31k|  14 | 0.000000e+00 |      --      |    Inf |  18.52%
 2040s| 42700 |  3227 | 18381k| 430.1 |   326M |  54 |1166 |4734 |4119 |  72k|  2 |  31k|  14 | 0.000000e+00 |      --      |    Inf |  18.52%
 2046s| 42800 |  3267 | 18426k| 430.1 |   327M |  54 |1166 |4800 |4123 |  72k|  0 |  31k|  14 | 0.000000e+00 |      --      |    Inf |  18.52%
 2053s| 42900 |  3288 | 18474k| 430.3 |   330M |  54 |1166 |4897 |4102 |  72k|  1 |  31k|  14 | 0.000000e+00 |      --      |    Inf |  18.52%
 2059s| 43000 |  3283 | 18519k| 430.3 |   330M |  54 |1166 |4838 |3797 |  72k|  1 |  31k|  14 | 0.000000e+00 |      --      |    Inf |  18.53%
 2064s| 43100 |  3290 | 18559k| 430.2 |   330M |  54 |1166 |4814 |3897 |  72k|  0 |  31k|  14 | 0.000000e+00 |      --      |    Inf |  18.53%
 2070s| 43200 |  3314 | 18601k| 430.2 |   330M |  54 |1166 |4812 |3923 |  72k|  1 |  31k|  14 | 0.000000e+00 |      --      |    Inf |  18.53%
 2077s| 43300 |  3327 | 18652k| 430.4 |   331M |  54 |1166 |4773 |4006 |  72k|  0 |  31k|  14 | 0.000000e+00 |      --      |    Inf |  18.54%
 2082s| 43400 |  3325 | 18691k| 430.3 |   331M |  54 |1166 |4790 |3784 |  73k|  1 |  31k|  14 | 0.000000e+00 |      --      |    Inf |  18.54%
 2088s| 43500 |  3315 | 18735k| 430.3 |   331M |  54 |1166 |4811 |4147 |  73k|  1 |  31k|  14 | 0.000000e+00 |      --      |    Inf |  18.54%
 2095s| 43600 |  3328 | 18786k| 430.5 |   331M |  54 |1166 |4791 |3836 |  73k|  0 |  31k|  14 | 0.000000e+00 |      --      |    Inf |  18.59%
 2100s| 43700 |  3324 | 18827k| 430.4 |   331M |  54 |1166 |4741 |3825 |  73k|  1 |  31k|  14 | 0.000000e+00 |      --      |    Inf |  18.60%
 time | node  | left  |LP iter|LP it/n|mem/heur|mdpt |vars |cons |rows |cuts |sepa|confs|strbr|  dualbound   | primalbound  |  gap   | compl. 
 2106s| 43800 |  3355 | 18869k| 430.4 |   331M |  54 |1166 |4734 |3858 |  73k|  1 |  31k|  14 | 0.000000e+00 |      --      |    Inf |  18.62%
 2111s| 43900 |  3371 | 18905k| 430.3 |   335M |  54 |1166 |4803 |3874 |  73k|  1 |  31k|  14 | 0.000000e+00 |      --      |    Inf |  18.62%
 2116s| 44000 |  3386 | 18939k| 430.1 |   337M |  54 |1166 |4868 |3863 |  73k|  0 |  32k|  14 | 0.000000e+00 |      --      |    Inf |  18.62%
 2122s| 44100 |  3399 | 18985k| 430.1 |   337M |  54 |1166 |4860 |3932 |  73k|  1 |  32k|  14 | 0.000000e+00 |      --      |    Inf |  18.62%
 2128s| 44200 |  3426 | 19021k| 430.0 |   338M |  54 |1166 |4778 |3841 |  74k|  0 |  32k|  14 | 0.000000e+00 |      --      |    Inf |  20.19%
 2133s| 44300 |  3422 | 19056k| 429.8 |   338M |  54 |1166 |4845 |3854 |  74k|  0 |  32k|  14 | 0.000000e+00 |      --      |    Inf |  20.19%
 2139s| 44400 |  3435 | 19098k| 429.8 |   338M |  54 |1166 |4862 |3732 |  74k|  2 |  32k|  14 | 0.000000e+00 |      --      |    Inf |  20.21%
 2145s| 44500 |  3458 | 19147k| 429.9 |   338M |  54 |1166 |4740 |3926 |  74k|  2 |  32k|  14 | 0.000000e+00 |      --      |    Inf |  20.21%
 2152s| 44600 |  3466 | 19196k| 430.0 |   338M |  54 |1166 |4620 |4042 |  74k|  1 |  32k|  14 | 0.000000e+00 |      --      |    Inf |  20.23%
 2156s| 44700 |  3473 | 19237k| 430.0 |   338M |  54 |1166 |4531 |3785 |  74k|  2 |  32k|  14 | 0.000000e+00 |      --      |    Inf |  20.23%
 2161s| 44800 |  3477 | 19272k| 429.8 |   338M |  54 |1166 |4500 |3960 |  74k|  0 |  32k|  14 | 0.000000e+00 |      --      |    Inf |  20.33%
 2165s| 44900 |  3484 | 19307k| 429.6 |   340M |  54 |1166 |4451 |4111 |  74k|  1 |  32k|  14 | 0.000000e+00 |      --      |    Inf |  20.33%
 2170s| 45000 |  3506 | 19347k| 429.6 |   340M |  54 |1166 |4464 |3884 |  75k|  0 |  32k|  14 | 0.000000e+00 |      --      |    Inf |  20.33%
 2174s| 45100 |  3519 | 19379k| 429.3 |   341M |  54 |1166 |4417 |3816 |  75k|  2 |  32k|  14 | 0.000000e+00 |      --      |    Inf |  20.33%
 2180s| 45200 |  3521 | 19428k| 429.5 |   341M |  54 |1166 |4190 |3042 |  75k|  2 |  32k|  14 | 0.000000e+00 |      --      |    Inf |  20.76%
 time | node  | left  |LP iter|LP it/n|mem/heur|mdpt |vars |cons |rows |cuts |sepa|confs|strbr|  dualbound   | primalbound  |  gap   | compl. 
 2184s| 45300 |  3536 | 19468k| 429.4 |   341M |  54 |1166 |4159 |3901 |  75k|  1 |  32k|  14 | 0.000000e+00 |      --      |    Inf |  20.77%
 2189s| 45400 |  3533 | 19509k| 429.4 |   341M |  54 |1166 |4103 |3957 |  75k|  0 |  32k|  14 | 0.000000e+00 |      --      |    Inf |  20.77%
 2195s| 45500 |  3535 | 19554k| 429.4 |   341M |  54 |1166 |4088 |3839 |  75k|  1 |  32k|  14 | 0.000000e+00 |      --      |    Inf |  20.77%
 2201s| 45600 |  3562 | 19602k| 429.5 |   341M |  54 |1166 |4162 |4100 |  75k|  1 |  33k|  14 | 0.000000e+00 |      --      |    Inf |  20.77%
 2207s| 45700 |  3576 | 19648k| 429.6 |   342M |  54 |1166 |4011 |3858 |  75k|  0 |  33k|  14 | 0.000000e+00 |      --      |    Inf |  20.77%
 2212s| 45800 |  3586 | 19687k| 429.5 |   343M |  54 |1166 |3977 |3592 |  75k|  2 |  33k|  14 | 0.000000e+00 |      --      |    Inf |  20.78%
 2216s| 45900 |  3589 | 19723k| 429.3 |   343M |  54 |1166 |4008 |3899 |  75k|  0 |  33k|  14 | 0.000000e+00 |      --      |    Inf |  20.78%
 2219s| 46000 |  3589 | 19752k| 429.0 |   343M |  54 |1166 |4094 |3818 |  75k|  1 |  33k|  14 | 0.000000e+00 |      --      |    Inf |  20.78%
 2222s| 46100 |  3589 | 19784k| 428.8 |   343M |  54 |1166 |4181 |3900 |  76k|  0 |  33k|  14 | 0.000000e+00 |      --      |    Inf |  20.78%
 2227s| 46200 |  3579 | 19822k| 428.7 |   343M |  54 |1166 |4285 |4028 |  76k|  1 |  33k|  14 | 0.000000e+00 |      --      |    Inf |  20.78%
 2232s| 46300 |  3583 | 19858k| 428.5 |   343M |  54 |1166 |4325 |3647 |  76k|  1 |  33k|  14 | 0.000000e+00 |      --      |    Inf |  20.78%
 2238s| 46400 |  3590 | 19898k| 428.5 |   343M |  54 |1166 |4300 |3800 |  76k|  0 |  33k|  14 | 0.000000e+00 |      --      |    Inf |  20.79%
 2242s| 46500 |  3587 | 19933k| 428.3 |   343M |  54 |1166 |4306 |3672 |  76k|  0 |  33k|  14 | 0.000000e+00 |      --      |    Inf |  20.79%
 2246s| 46600 |  3677 | 19976k| 428.3 |   343M |  54 |1166 |4296 |3905 |  76k|  2 |  33k|  14 | 0.000000e+00 |      --      |    Inf |  20.79%
 2250s| 46700 |  3730 | 20013k| 428.2 |   343M |  54 |1166 |4369 |3905 |  76k|  1 |  33k|  14 | 0.000000e+00 |      --      |    Inf |  20.79%
 time | node  | left  |LP iter|LP it/n|mem/heur|mdpt |vars |cons |rows |cuts |sepa|confs|strbr|  dualbound   | primalbound  |  gap   | compl. 
 2254s| 46800 |  3782 | 20054k| 428.1 |   344M |  54 |1166 |4406 |3912 |  76k|  1 |  33k|  14 | 0.000000e+00 |      --      |    Inf |  20.79%
 2257s| 46900 |  3817 | 20085k| 427.9 |   345M |  54 |1166 |4432 |3911 |  76k|  2 |  33k|  14 | 0.000000e+00 |      --      |    Inf |  20.79%
 2260s| 47000 |  3874 | 20113k| 427.6 |   346M |  54 |1166 |4494 |3915 |  76k|  0 |  33k|  14 | 0.000000e+00 |      --      |    Inf |  20.79%
 2263s| 47100 |  3906 | 20147k| 427.4 |   346M |  54 |1166 |4565 |3914 |  76k|  1 |  34k|  14 | 0.000000e+00 |      --      |    Inf |  20.79%
 2266s| 47200 |  3939 | 20179k| 427.2 |   346M |  54 |1166 |4606 |3918 |  76k|  0 |  34k|  14 | 0.000000e+00 |      --      |    Inf |  20.79%
 2268s| 47300 |  3937 | 20207k| 426.9 |   347M |  54 |1166 |4682 |3917 |  76k|  0 |  34k|  14 | 0.000000e+00 |      --      |    Inf |  20.79%
 2272s| 47400 |  3969 | 20242k| 426.7 |   347M |  54 |1166 |4732 |3933 |  77k|  0 |  34k|  14 | 0.000000e+00 |      --      |    Inf |  20.79%
 2275s| 47500 |  4000 | 20280k| 426.6 |   347M |  54 |1166 |4760 |3949 |  77k|  1 |  34k|  14 | 0.000000e+00 |      --      |    Inf |  20.79%
 2279s| 47600 |  4004 | 20322k| 426.6 |   349M |  54 |1166 |4811 |3956 |  77k|  2 |  34k|  14 | 0.000000e+00 |      --      |    Inf |  20.79%
 2283s| 47700 |  4022 | 20363k| 426.6 |   349M |  54 |1166 |4832 |3923 |  77k|  0 |  34k|  14 | 0.000000e+00 |      --      |    Inf |  20.79%
 2287s| 47800 |  4046 | 20407k| 426.6 |   349M |  54 |1166 |4881 |3932 |  77k|  0 |  34k|  14 | 0.000000e+00 |      --      |    Inf |  20.79%
 2290s| 47900 |  4041 | 20442k| 426.4 |   349M |  54 |1166 |4917 |3904 |  77k|  1 |  34k|  14 | 0.000000e+00 |      --      |    Inf |  20.79%
 2293s| 48000 |  4080 | 20474k| 426.2 |   349M |  54 |1166 |5006 |3868 |  77k|  2 |  34k|  14 | 0.000000e+00 |      --      |    Inf |  20.79%
 2296s| 48100 |  4094 | 20507k| 426.0 |   349M |  54 |1166 |5039 |3921 |  77k|  0 |  34k|  14 | 0.000000e+00 |      --      |    Inf |  20.79%
 2300s| 48200 |  4110 | 20548k| 426.0 |   349M |  54 |1166 |5069 |3958 |  77k|  1 |  34k|  14 | 0.000000e+00 |      --      |    Inf |  20.79%
 time | node  | left  |LP iter|LP it/n|mem/heur|mdpt |vars |cons |rows |cuts |sepa|confs|strbr|  dualbound   | primalbound  |  gap   | compl. 
 2304s| 48300 |  4117 | 20589k| 425.9 |   350M |  54 |1166 |4900 |4002 |  77k|  1 |  35k|  14 | 0.000000e+00 |      --      |    Inf |  20.80%
 2308s| 48400 |  4110 | 20631k| 425.9 |   350M |  54 |1166 |4744 |4114 |  77k|  1 |  35k|  14 | 0.000000e+00 |      --      |    Inf |  20.80%
 2312s| 48500 |  4130 | 20675k| 425.9 |   351M |  54 |1166 |4722 |3806 |  77k|  1 |  35k|  14 | 0.000000e+00 |      --      |    Inf |  20.80%
 2316s| 48600 |  4125 | 20716k| 425.9 |   352M |  54 |1166 |4724 |4001 |  77k|  0 |  35k|  14 | 0.000000e+00 |      --      |    Inf |  20.80%
 2322s| 48700 |  4134 | 20756k| 425.9 |   352M |  54 |1166 |4663 |3000 |  77k|  2 |  35k|  14 | 0.000000e+00 |      --      |    Inf |  20.81%
 2330s| 48800 |  4153 | 20814k| 426.2 |   352M |  54 |1166 |4547 |3759 |  78k|  0 |  35k|  14 | 0.000000e+00 |      --      |    Inf |  20.81%
 2336s| 48900 |  4169 | 20857k| 426.2 |   352M |  54 |1166 |4558 |3660 |  78k|  1 |  35k|  14 | 0.000000e+00 |      --      |    Inf |  20.81%
 2342s| 49000 |  4169 | 20900k| 426.2 |   352M |  54 |1166 |4532 |3856 |  78k|  0 |  35k|  14 | 0.000000e+00 |      --      |    Inf |  20.82%
 2349s| 49100 |  4184 | 20946k| 426.3 |   352M |  54 |1166 |4511 |4118 |  78k|  2 |  35k|  14 | 0.000000e+00 |      --      |    Inf |  20.82%
 2355s| 49200 |  4218 | 20987k| 426.2 |   352M |  54 |1166 |4546 |3640 |  78k|  0 |  35k|  14 | 0.000000e+00 |      --      |    Inf |  20.82%
 2360s| 49300 |  4216 | 21030k| 426.2 |   352M |  54 |1166 |4589 |4007 |  78k|  2 |  35k|  14 | 0.000000e+00 |      --      |    Inf |  20.82%
 2365s| 49400 |  4237 | 21061k| 426.0 |   353M |  54 |1166 |4579 |3914 |  78k|  0 |  35k|  14 | 0.000000e+00 |      --      |    Inf |  20.82%
 2369s| 49500 |  4247 | 21097k| 425.9 |   353M |  54 |1166 |4589 |3676 |  78k|  0 |  35k|  14 | 0.000000e+00 |      --      |    Inf |  20.82%
 2374s| 49600 |  4254 | 21141k| 425.9 |   354M |  54 |1166 |4542 |4100 |  78k|  0 |  35k|  14 | 0.000000e+00 |      --      |    Inf |  20.82%
 2379s| 49700 |  4271 | 21184k| 425.9 |   354M |  54 |1166 |4535 |3918 |  78k|  1 |  35k|  14 | 0.000000e+00 |      --      |    Inf |  20.83%
 time | node  | left  |LP iter|LP it/n|mem/heur|mdpt |vars |cons |rows |cuts |sepa|confs|strbr|  dualbound   | primalbound  |  gap   | compl. 
 2384s| 49800 |  4283 | 21226k| 425.9 |   354M |  54 |1166 |4518 |3593 |  78k|  0 |  35k|  14 | 0.000000e+00 |      --      |    Inf |  20.83%
 2388s| 49900 |  4305 | 21264k| 425.8 |   354M |  54 |1166 |4472 |3956 |  79k|  1 |  36k|  14 | 0.000000e+00 |      --      |    Inf |  21.22%
 2393s| 50000 |  4359 | 21307k| 425.8 |   354M |  54 |1166 |4497 |3944 |  79k|  2 |  36k|  14 | 0.000000e+00 |      --      |    Inf |  21.22%
 2399s| 50100 |  4385 | 21347k| 425.8 |   355M |  54 |1166 |4450 |3847 |  79k|  1 |  36k|  14 | 0.000000e+00 |      --      |    Inf |  21.23%
 2406s| 50200 |  4399 | 21392k| 425.8 |   355M |  54 |1166 |4345 |3702 |  79k|  1 |  36k|  14 | 0.000000e+00 |      --      |    Inf |  21.23%
 2411s| 50300 |  4424 | 21435k| 425.8 |   355M |  54 |1166 |4362 |4111 |  79k|  1 |  36k|  14 | 0.000000e+00 |      --      |    Inf |  21.28%
 2418s| 50400 |  4442 | 21484k| 425.9 |   355M |  54 |1166 |4414 |3825 |  79k|  0 |  36k|  14 | 0.000000e+00 |      --      |    Inf |  21.28%
 2424s| 50500 |  4464 | 21522k| 425.8 |   356M |  54 |1166 |4430 |3914 |  79k|  2 |  36k|  14 | 0.000000e+00 |      --      |    Inf |  21.28%
 2428s| 50600 |  4483 | 21557k| 425.7 |   356M |  54 |1166 |4453 |3820 |  79k|  1 |  36k|  14 | 0.000000e+00 |      --      |    Inf |  21.28%
 2435s| 50700 |  4511 | 21603k| 425.8 |   358M |  54 |1166 |4412 |3876 |  79k|  1 |  36k|  14 | 0.000000e+00 |      --      |    Inf |  21.29%
 2440s| 50800 |  4522 | 21642k| 425.7 |   358M |  54 |1166 |4405 |3684 |  79k|  2 |  36k|  14 | 0.000000e+00 |      --      |    Inf |  21.29%
 2446s| 50900 |  4556 | 21684k| 425.7 |   358M |  54 |1166 |4317 |3921 |  79k|  2 |  36k|  14 | 0.000000e+00 |      --      |    Inf |  21.29%
 2452s| 51000 |  4575 | 21725k| 425.7 |   358M |  54 |1166 |4305 |4100 |  79k|  1 |  36k|  14 | 0.000000e+00 |      --      |    Inf |  21.29%
 2458s| 51100 |  4584 | 21766k| 425.6 |   358M |  54 |1166 |4387 |4122 |  79k|  1 |  36k|  14 | 0.000000e+00 |      --      |    Inf |  21.29%
 2463s| 51200 |  4589 | 21806k| 425.6 |   358M |  54 |1166 |4363 |3827 |  79k|  1 |  36k|  14 | 0.000000e+00 |      --      |    Inf |  21.29%
 time | node  | left  |LP iter|LP it/n|mem/heur|mdpt |vars |cons |rows |cuts |sepa|confs|strbr|  dualbound   | primalbound  |  gap   | compl. 
 2469s| 51300 |  4613 | 21845k| 425.5 |   358M |  54 |1166 |4334 |3982 |  80k|  1 |  37k|  14 | 0.000000e+00 |      --      |    Inf |  21.35%
 2473s| 51400 |  4641 | 21876k| 425.3 |   358M |  54 |1166 |4363 |3916 |  80k|  1 |  37k|  14 | 0.000000e+00 |      --      |    Inf |  21.35%
 2479s| 51500 |  4647 | 21917k| 425.3 |   358M |  54 |1166 |4416 |3842 |  80k|  1 |  37k|  14 | 0.000000e+00 |      --      |    Inf |  21.35%
 2485s| 51600 |  4658 | 21955k| 425.2 |   360M |  54 |1166 |4293 |3836 |  80k|  0 |  37k|  14 | 0.000000e+00 |      --      |    Inf |  21.37%
 2491s| 51700 |  4681 | 21998k| 425.2 |   360M |  54 |1166 |4256 |4151 |  80k|  0 |  37k|  14 | 0.000000e+00 |      --      |    Inf |  21.37%
 2497s| 51800 |  4702 | 22039k| 425.1 |   360M |  54 |1166 |4307 |3983 |  80k|  1 |  37k|  14 | 0.000000e+00 |      --      |    Inf |  21.37%
 2500s| 51900 |  4698 | 22064k| 424.8 |   360M |  54 |1166 |4325 |3982 |  80k|  1 |  37k|  14 | 0.000000e+00 |      --      |    Inf |  21.37%
 2504s| 52000 |  4700 | 22094k| 424.6 |   360M |  54 |1166 |4337 |3982 |  80k|  1 |  37k|  14 | 0.000000e+00 |      --      |    Inf |  21.38%
 2508s| 52100 |  4709 | 22124k| 424.3 |   360M |  54 |1166 |4303 |3984 |  80k|  1 |  37k|  14 | 0.000000e+00 |      --      |    Inf |  21.38%
 2512s| 52200 |  4705 | 22155k| 424.1 |   360M |  54 |1166 |4332 |3985 |  80k|  1 |  37k|  14 | 0.000000e+00 |      --      |    Inf |  21.38%
 2517s| 52300 |  4708 | 22186k| 423.9 |   360M |  54 |1166 |4267 |3777 |  80k|  1 |  37k|  14 | 0.000000e+00 |      --      |    Inf |  21.38%
 2523s| 52400 |  4731 | 22231k| 423.9 |   361M |  54 |1166 |4251 |3623 |  80k|  0 |  37k|  14 | 0.000000e+00 |      --      |    Inf |  21.38%
 2529s| 52500 |  4764 | 22276k| 424.0 |   361M |  54 |1166 |4220 |4111 |  80k|  2 |  37k|  14 | 0.000000e+00 |      --      |    Inf |  21.38%
 2537s| 52600 |  4766 | 22335k| 424.3 |   362M |  54 |1166 |4340 |3809 |  80k|  0 |  37k|  14 | 0.000000e+00 |      --      |    Inf |  21.38%
 2546s| 52700 |  4771 | 22393k| 424.6 |   362M |  54 |1166 |4362 |3859 |  80k|  2 |  37k|  14 | 0.000000e+00 |      --      |    Inf |  21.40%
 time | node  | left  |LP iter|LP it/n|mem/heur|mdpt |vars |cons |rows |cuts |sepa|confs|strbr|  dualbound   | primalbound  |  gap   | compl. 
 2551s| 52800 |  4781 | 22430k| 424.5 |   362M |  54 |1166 |4325 |3784 |  81k|  0 |  37k|  14 | 0.000000e+00 |      --      |    Inf |  21.40%
 2554s| 52900 |  4782 | 22459k| 424.2 |   362M |  54 |1166 |4303 |3809 |  81k|  1 |  38k|  14 | 0.000000e+00 |      --      |    Inf |  21.40%
 2559s| 53000 |  4798 | 22490k| 424.0 |   362M |  54 |1166 |4351 |4122 |  81k|  0 |  38k|  14 | 0.000000e+00 |      --      |    Inf |  21.40%
 2564s| 53100 |  4817 | 22527k| 423.9 |   362M |  54 |1166 |4491 |4130 |  81k|  1 |  38k|  14 | 0.000000e+00 |      --      |    Inf |  21.40%
 2568s| 53200 |  4818 | 22554k| 423.6 |   362M |  54 |1166 |4516 |4122 |  81k|  1 |  38k|  14 | 0.000000e+00 |      --      |    Inf |  21.40%
 2574s| 53300 |  4814 | 22596k| 423.6 |   363M |  54 |1166 |4668 |4136 |  81k|  0 |  38k|  14 | 0.000000e+00 |      --      |    Inf |  21.40%
 2582s| 53400 |  4808 | 22644k| 423.7 |   363M |  54 |1166 |4637 |3889 |  81k|  0 |  38k|  14 | 0.000000e+00 |      --      |    Inf |  21.41%
 2588s| 53500 |  4807 | 22684k| 423.7 |   363M |  54 |1166 |4611 |3846 |  81k|  1 |  38k|  14 | 0.000000e+00 |      --      |    Inf |  21.42%
 2592s| 53600 |  4815 | 22718k| 423.5 |   365M |  54 |1166 |4653 |3958 |  81k|  0 |  38k|  14 | 0.000000e+00 |      --      |    Inf |  21.42%
 2596s| 53700 |  4816 | 22747k| 423.3 |   365M |  54 |1166 |4688 |4042 |  81k|  2 |  38k|  14 | 0.000000e+00 |      --      |    Inf |  21.42%
 2602s| 53800 |  4859 | 22783k| 423.2 |   365M |  54 |1166 |4618 |3904 |  81k|  1 |  38k|  14 | 0.000000e+00 |      --      |    Inf |  21.44%
 2607s| 53900 |  4893 | 22822k| 423.1 |   366M |  54 |1166 |4577 |3949 |  81k|  1 |  38k|  14 | 0.000000e+00 |      --      |    Inf |  21.44%
 2612s| 54000 |  4903 | 22857k| 423.0 |   367M |  54 |1166 |4580 |4022 |  81k|  1 |  38k|  14 | 0.000000e+00 |      --      |    Inf |  21.44%
 2619s| 54100 |  4933 | 22900k| 423.0 |   367M |  54 |1166 |4590 |3812 |  81k|  1 |  39k|  14 | 0.000000e+00 |      --      |    Inf |  21.45%
 2624s| 54200 |  4938 | 22937k| 422.9 |   367M |  54 |1166 |4560 |3725 |  81k|  2 |  39k|  14 | 0.000000e+00 |      --      |    Inf |  21.45%
 time | node  | left  |LP iter|LP it/n|mem/heur|mdpt |vars |cons |rows |cuts |sepa|confs|strbr|  dualbound   | primalbound  |  gap   | compl. 
 2629s| 54300 |  4942 | 22977k| 422.8 |   367M |  54 |1166 |4523 |4256 |  82k|  1 |  39k|  14 | 0.000000e+00 |      --      |    Inf |  21.45%
 2636s| 54400 |  4932 | 23024k| 422.9 |   367M |  54 |1166 |4530 |4064 |  82k|  0 |  39k|  14 | 0.000000e+00 |      --      |    Inf |  21.45%
 2642s| 54500 |  4967 | 23069k| 423.0 |   367M |  54 |1166 |4414 |3752 |  82k|  1 |  39k|  14 | 0.000000e+00 |      --      |    Inf |  21.46%
 2648s| 54600 |  4979 | 23112k| 423.0 |   367M |  54 |1166 |4380 |4143 |  82k|  2 |  39k|  14 | 0.000000e+00 |      --      |    Inf |  21.46%
 2656s| 54700 |  5008 | 23161k| 423.1 |   367M |  54 |1166 |4281 |4124 |  82k|  0 |  39k|  14 | 0.000000e+00 |      --      |    Inf |  21.48%
 2663s| 54800 |  5029 | 23208k| 423.2 |   367M |  54 |1166 |4255 |3968 |  82k|  2 |  39k|  14 | 0.000000e+00 |      --      |    Inf |  21.49%
 2667s| 54900 |  5031 | 23240k| 423.0 |   368M |  54 |1166 |4313 |4176 |  82k|  1 |  39k|  14 | 0.000000e+00 |      --      |    Inf |  21.49%
 2673s| 55000 |  5085 | 23278k| 422.9 |   368M |  54 |1166 |4304 |3983 |  83k|  2 |  39k|  14 | 0.000000e+00 |      --      |    Inf |  21.49%
 2678s| 55100 |  5106 | 23313k| 422.8 |   368M |  54 |1166 |4410 |3992 |  83k|  0 |  39k|  14 | 0.000000e+00 |      --      |    Inf |  21.49%
 2685s| 55200 |  5124 | 23364k| 423.0 |   369M |  54 |1166 |4303 |3982 |  83k|  2 |  39k|  14 | 0.000000e+00 |      --      |    Inf |  21.49%
 2689s| 55300 |  5136 | 23399k| 422.8 |   369M |  54 |1166 |4285 |4004 |  83k|  2 |  39k|  14 | 0.000000e+00 |      --      |    Inf |  21.49%
 2695s| 55400 |  5170 | 23438k| 422.8 |   369M |  54 |1166 |4300 |3925 |  83k|  1 |  39k|  14 | 0.000000e+00 |      --      |    Inf |  21.49%
 2701s| 55500 |  5189 | 23480k| 422.8 |   369M |  54 |1166 |4256 |4041 |  83k|  2 |  40k|  14 | 0.000000e+00 |      --      |    Inf |  21.70%
 2707s| 55600 |  5211 | 23522k| 422.8 |   369M |  54 |1166 |4249 |4114 |  83k|  1 |  40k|  14 | 0.000000e+00 |      --      |    Inf |  21.71%
 2713s| 55700 |  5235 | 23563k| 422.7 |   370M |  54 |1166 |4277 |3939 |  83k|  0 |  40k|  14 | 0.000000e+00 |      --      |    Inf |  21.71%
 time | node  | left  |LP iter|LP it/n|mem/heur|mdpt |vars |cons |rows |cuts |sepa|confs|strbr|  dualbound   | primalbound  |  gap   | compl. 
 2719s| 55800 |  5247 | 23601k| 422.7 |   370M |  54 |1166 |4175 |3930 |  83k|  0 |  40k|  14 | 0.000000e+00 |      --      |    Inf |  21.71%
 2726s| 55900 |  5269 | 23650k| 422.8 |   371M |  54 |1166 |4140 |3725 |  83k|  2 |  40k|  14 | 0.000000e+00 |      --      |    Inf |  21.86%
 2732s| 56000 |  5267 | 23686k| 422.7 |   371M |  54 |1166 |4188 |3954 |  83k|  1 |  40k|  14 | 0.000000e+00 |      --      |    Inf |  21.88%
 2738s| 56100 |  5301 | 23728k| 422.7 |   371M |  54 |1166 |4177 |3921 |  83k|  1 |  40k|  14 | 0.000000e+00 |      --      |    Inf |  21.88%
 2745s| 56200 |  5311 | 23776k| 422.8 |   372M |  54 |1166 |4162 |3994 |  84k|  1 |  40k|  14 | 0.000000e+00 |      --      |    Inf |  21.90%
 2751s| 56300 |  5336 | 23817k| 422.8 |   372M |  54 |1166 |4105 |3911 |  84k|  1 |  40k|  14 | 0.000000e+00 |      --      |    Inf |  21.91%
 2756s| 56400 |  5375 | 23859k| 422.7 |   372M |  54 |1166 |4047 |3891 |  84k|  2 |  40k|  14 | 0.000000e+00 |      --      |    Inf |  21.91%
 2761s| 56500 |  5399 | 23908k| 422.9 |   372M |  54 |1166 |4044 |3717 |  84k|  2 |  40k|  14 | 0.000000e+00 |      --      |    Inf |  21.91%
 2764s| 56600 |  5409 | 23939k| 422.7 |   372M |  54 |1166 |4070 |3828 |  84k|  0 |  40k|  14 | 0.000000e+00 |      --      |    Inf |  21.91%
 2768s| 56700 |  5432 | 23976k| 422.6 |   372M |  54 |1166 |4062 |3988 |  84k|  1 |  40k|  14 | 0.000000e+00 |      --      |    Inf |  21.91%
 2771s| 56800 |  5437 | 24014k| 422.5 |   372M |  54 |1166 |4176 |3950 |  84k|  1 |  40k|  14 | 0.000000e+00 |      --      |    Inf |  21.93%
 2774s| 56900 |  5477 | 24052k| 422.4 |   372M |  54 |1166 |4192 |3959 |  84k|  1 |  41k|  14 | 0.000000e+00 |      --      |    Inf |  21.93%
 2777s| 57000 |  5475 | 24088k| 422.3 |   372M |  54 |1166 |4270 |3955 |  84k|  0 |  41k|  14 | 0.000000e+00 |      --      |    Inf |  21.93%
 2782s| 57100 |  5479 | 24133k| 422.4 |   372M |  54 |1166 |4305 |3903 |  84k|  1 |  41k|  14 | 0.000000e+00 |      --      |    Inf |  21.95%
 2785s| 57200 |  5498 | 24167k| 422.2 |   372M |  54 |1166 |4314 |4180 |  84k|  1 |  41k|  14 | 0.000000e+00 |      --      |    Inf |  21.95%
 time | node  | left  |LP iter|LP it/n|mem/heur|mdpt |vars |cons |rows |cuts |sepa|confs|strbr|  dualbound   | primalbound  |  gap   | compl. 
 2788s| 57300 |  5498 | 24204k| 422.1 |   372M |  54 |1166 |4396 |4180 |  84k|  0 |  41k|  14 | 0.000000e+00 |      --      |    Inf |  21.95%
 2792s| 57400 |  5495 | 24241k| 422.0 |   372M |  54 |1166 |4373 |3838 |  84k|  0 |  41k|  14 | 0.000000e+00 |      --      |    Inf |  21.95%
 2796s| 57500 |  5498 | 24273k| 421.9 |   373M |  54 |1166 |4355 |4041 |  84k|  0 |  41k|  14 | 0.000000e+00 |      --      |    Inf |  21.95%
 2802s| 57600 |  5517 | 24315k| 421.9 |   373M |  54 |1166 |4336 |3845 |  85k|  0 |  41k|  14 | 0.000000e+00 |      --      |    Inf |  22.00%
 2808s| 57700 |  5556 | 24356k| 421.8 |   373M |  54 |1166 |4359 |4130 |  85k|  1 |  41k|  14 | 0.000000e+00 |      --      |    Inf |  22.00%
 2814s| 57800 |  5580 | 24399k| 421.8 |   374M |  54 |1166 |4341 |3821 |  85k|  0 |  41k|  14 | 0.000000e+00 |      --      |    Inf |  22.00%
 2822s| 57900 |  5599 | 24454k| 422.1 |   374M |  54 |1166 |4366 |3815 |  85k|  2 |  41k|  14 | 0.000000e+00 |      --      |    Inf |  22.00%
 2829s| 58000 |  5604 | 24502k| 422.2 |   374M |  54 |1166 |4344 |3648 |  85k|  0 |  41k|  14 | 0.000000e+00 |      --      |    Inf |  22.01%
 2835s| 58100 |  5609 | 24541k| 422.1 |   374M |  54 |1166 |4379 |4143 |  85k|  0 |  41k|  14 | 0.000000e+00 |      --      |    Inf |  22.01%
 2838s| 58200 |  5627 | 24567k| 421.8 |   374M |  54 |1166 |4412 |4060 |  85k|  2 |  41k|  14 | 0.000000e+00 |      --      |    Inf |  22.01%
 2843s| 58300 |  5648 | 24601k| 421.7 |   374M |  54 |1166 |4405 |3837 |  85k|  2 |  42k|  14 | 0.000000e+00 |      --      |    Inf |  22.01%
 2848s| 58400 |  5657 | 24633k| 421.5 |   374M |  54 |1166 |4430 |3910 |  85k|  1 |  42k|  14 | 0.000000e+00 |      --      |    Inf |  22.01%
 2855s| 58500 |  5641 | 24683k| 421.6 |   375M |  54 |1166 |4462 |3852 |  85k|  1 |  42k|  14 | 0.000000e+00 |      --      |    Inf |  22.06%
 2865s| 58600 |  5651 | 24729k| 421.7 |   375M |  54 |1166 |4477 |4076 |  85k|  0 |  42k|  14 | 0.000000e+00 |      --      |    Inf |  22.06%
 2871s| 58700 |  5667 | 24763k| 421.6 |   375M |  54 |1166 |4519 |4146 |  86k|  1 |  42k|  14 | 0.000000e+00 |      --      |    Inf |  22.06%
 time | node  | left  |LP iter|LP it/n|mem/heur|mdpt |vars |cons |rows |cuts |sepa|confs|strbr|  dualbound   | primalbound  |  gap   | compl. 
 2876s| 58800 |  5676 | 24800k| 421.5 |   376M |  54 |1166 |4520 |4129 |  86k|  1 |  42k|  14 | 0.000000e+00 |      --      |    Inf |  22.06%
 2883s| 58900 |  5686 | 24842k| 421.5 |   379M |  54 |1166 |4650 |4163 |  86k|  0 |  42k|  14 | 0.000000e+00 |      --      |    Inf |  22.06%
 2891s| 59000 |  5679 | 24888k| 421.6 |   380M |  54 |1166 |4778 |4122 |  86k|  0 |  42k|  14 | 0.000000e+00 |      --      |    Inf |  22.06%
 2897s| 59100 |  5681 | 24929k| 421.5 |   380M |  54 |1166 |4936 |4171 |  86k|  0 |  42k|  14 | 0.000000e+00 |      --      |    Inf |  22.06%
 2903s| 59200 |  5678 | 24972k| 421.5 |   380M |  54 |1166 |5122 |4169 |  86k|  1 |  43k|  14 | 0.000000e+00 |      --      |    Inf |  22.06%
 2909s| 59300 |  5690 | 25014k| 421.5 |   380M |  54 |1166 |5123 |4042 |  86k|  1 |  43k|  14 | 0.000000e+00 |      --      |    Inf |  22.06%
 2914s| 59400 |  5710 | 25046k| 421.4 |   380M |  54 |1166 |5057 |3904 |  86k|  1 |  43k|  14 | 0.000000e+00 |      --      |    Inf |  22.11%
 2919s| 59500 |  5746 | 25079k| 421.2 |   381M |  54 |1166 |4909 |3721 |  86k|  1 |  43k|  14 | 0.000000e+00 |      --      |    Inf |  22.11%
 2923s| 59600 |  5775 | 25114k| 421.1 |   381M |  54 |1166 |4882 |3899 |  86k|  2 |  43k|  14 | 0.000000e+00 |      --      |    Inf |  22.11%
 2930s| 59700 |  5794 | 25161k| 421.2 |   381M |  54 |1166 |4829 |3907 |  86k|  1 |  43k|  14 | 0.000000e+00 |      --      |    Inf |  22.31%
 2935s| 59800 |  5808 | 25204k| 421.2 |   381M |  54 |1166 |4828 |4194 |  86k|  1 |  43k|  14 | 0.000000e+00 |      --      |    Inf |  22.31%
 2940s| 59900 |  5810 | 25247k| 421.2 |   381M |  54 |1166 |4847 |3811 |  86k|  1 |  43k|  14 | 0.000000e+00 |      --      |    Inf |  22.31%
 2943s| 60000 |  5816 | 25277k| 421.0 |   381M |  54 |1166 |4839 |3822 |  86k|  0 |  43k|  14 | 0.000000e+00 |      --      |    Inf |  22.31%
 2949s| 60100 |  5822 | 25319k| 421.0 |   381M |  54 |1166 |4799 |3937 |  86k|  0 |  43k|  14 | 0.000000e+00 |      --      |    Inf |  22.31%
 2954s| 60200 |  5836 | 25359k| 421.0 |   381M |  54 |1166 |4759 |3982 |  86k|  1 |  43k|  14 | 0.000000e+00 |      --      |    Inf |  22.31%
 time | node  | left  |LP iter|LP it/n|mem/heur|mdpt |vars |cons |rows |cuts |sepa|confs|strbr|  dualbound   | primalbound  |  gap   | compl. 
 2957s| 60300 |  5831 | 25392k| 420.8 |   381M |  54 |1166 |4786 |3982 |  86k|  0 |  43k|  14 | 0.000000e+00 |      --      |    Inf |  22.31%
 2963s| 60400 |  5870 | 25431k| 420.8 |   382M |  54 |1166 |4838 |4118 |  86k|  0 |  43k|  14 | 0.000000e+00 |      --      |    Inf |  22.31%
 2968s| 60500 |  5882 | 25470k| 420.7 |   383M |  54 |1166 |5047 |4123 |  86k|  0 |  44k|  14 | 0.000000e+00 |      --      |    Inf |  22.31%
 2972s| 60600 |  5880 | 25506k| 420.6 |   384M |  54 |1166 |5151 |4125 |  86k|  1 |  44k|  14 | 0.000000e+00 |      --      |    Inf |  22.31%
 2978s| 60700 |  5854 | 25552k| 420.7 |   384M |  54 |1166 |5277 |4115 |  87k|  1 |  44k|  14 | 0.000000e+00 |      --      |    Inf |  22.31%
 2985s| 60800 |  5863 | 25605k| 420.9 |   384M |  54 |1166 |5136 |3984 |  87k|  1 |  44k|  14 | 0.000000e+00 |      --      |    Inf |  22.31%
 2991s| 60900 |  5873 | 25649k| 420.9 |   384M |  54 |1166 |5021 |3987 |  87k|  1 |  44k|  14 | 0.000000e+00 |      --      |    Inf |  22.31%
 2996s| 61000 |  5877 | 25694k| 420.9 |   384M |  54 |1166 |4951 |4132 |  87k|  1 |  44k|  14 | 0.000000e+00 |      --      |    Inf |  22.31%
 3000s| 61100 |  5900 | 25732k| 420.9 |   384M |  54 |1166 |4797 |3849 |  87k|  0 |  44k|  14 | 0.000000e+00 |      --      |    Inf |  22.32%
 3005s| 61200 |  5908 | 25769k| 420.8 |   384M |  54 |1166 |4715 |3993 |  87k|  1 |  44k|  14 | 0.000000e+00 |      --      |    Inf |  22.35%
 3010s| 61300 |  5922 | 25811k| 420.8 |   384M |  54 |1166 |4628 |2987 |  87k|  0 |  45k|  14 | 0.000000e+00 |      --      |    Inf |  22.35%
 3016s| 61400 |  5930 | 25860k| 420.9 |   385M |  54 |1166 |4645 |3825 |  88k|  1 |  45k|  14 | 0.000000e+00 |      --      |    Inf |  22.35%
 3021s| 61500 |  5932 | 25906k| 421.0 |   385M |  54 |1166 |4585 |3742 |  88k|  1 |  45k|  14 | 0.000000e+00 |      --      |    Inf |  22.35%
 3026s| 61600 |  5937 | 25943k| 420.9 |   385M |  54 |1166 |4524 |4175 |  88k|  0 |  45k|  14 | 0.000000e+00 |      --      |    Inf |  22.35%
 3030s| 61700 |  5956 | 25979k| 420.8 |   385M |  54 |1166 |4555 |3729 |  88k|  0 |  45k|  14 | 0.000000e+00 |      --      |    Inf |  22.35%
 time | node  | left  |LP iter|LP it/n|mem/heur|mdpt |vars |cons |rows |cuts |sepa|confs|strbr|  dualbound   | primalbound  |  gap   | compl. 
 3034s| 61800 |  5950 | 26011k| 420.6 |   385M |  54 |1166 |4599 |3730 |  88k|  2 |  45k|  14 | 0.000000e+00 |      --      |    Inf |  22.35%
 3038s| 61900 |  5954 | 26045k| 420.5 |   386M |  54 |1166 |4479 |3456 |  88k|  0 |  45k|  14 | 0.000000e+00 |      --      |    Inf |  22.55%
 3043s| 62000 |  5971 | 26088k| 420.5 |   386M |  54 |1166 |4451 |3957 |  88k|  0 |  45k|  14 | 0.000000e+00 |      --      |    Inf |  22.55%
 3048s| 62100 |  5994 | 26123k| 420.4 |   386M |  54 |1166 |4422 |3803 |  88k|  0 |  45k|  14 | 0.000000e+00 |      --      |    Inf |  22.56%
 3052s| 62200 |  6008 | 26160k| 420.3 |   386M |  54 |1166 |4374 |4128 |  89k|  1 |  45k|  14 | 0.000000e+00 |      --      |    Inf |  22.57%
 3056s| 62300 |  6006 | 26192k| 420.2 |   386M |  54 |1166 |4395 |3815 |  89k|  0 |  45k|  14 | 0.000000e+00 |      --      |    Inf |  22.57%
 3060s| 62400 |  6001 | 26226k| 420.0 |   386M |  54 |1166 |4410 |4115 |  89k|  1 |  45k|  14 | 0.000000e+00 |      --      |    Inf |  22.57%
 3064s| 62500 |  6002 | 26259k| 419.9 |   386M |  54 |1166 |4407 |4211 |  89k|  1 |  45k|  14 | 0.000000e+00 |      --      |    Inf |  22.57%
 3069s| 62600 |  6062 | 26297k| 419.8 |   386M |  54 |1166 |4410 |3956 |  89k|  2 |  45k|  14 | 0.000000e+00 |      --      |    Inf |  22.57%
 3074s| 62700 |  6118 | 26337k| 419.8 |   387M |  54 |1166 |4454 |3955 |  89k|  1 |  45k|  14 | 0.000000e+00 |      --      |    Inf |  22.57%
 3077s| 62800 |  6142 | 26367k| 419.6 |   387M |  54 |1166 |4458 |3839 |  89k|  1 |  45k|  14 | 0.000000e+00 |      --      |    Inf |  22.57%
 3083s| 62900 |  6123 | 26416k| 419.7 |   387M |  54 |1166 |4446 |3993 |  89k|  1 |  45k|  14 | 0.000000e+00 |      --      |    Inf |  22.58%
 3087s| 63000 |  6131 | 26444k| 419.5 |   387M |  54 |1166 |4465 |3993 |  89k|  0 |  45k|  14 | 0.000000e+00 |      --      |    Inf |  22.58%
 3091s| 63100 |  6159 | 26477k| 419.3 |   389M |  54 |1166 |4456 |3924 |  89k|  0 |  46k|  14 | 0.000000e+00 |      --      |    Inf |  24.14%
 3096s| 63200 |  6168 | 26516k| 419.3 |   389M |  54 |1166 |4340 |4040 |  89k|  2 |  46k|  14 | 0.000000e+00 |      --      |    Inf |  24.19%
 time | node  | left  |LP iter|LP it/n|mem/heur|mdpt |vars |cons |rows |cuts |sepa|confs|strbr|  dualbound   | primalbound  |  gap   | compl. 
 3101s| 63300 |  6205 | 26552k| 419.2 |   389M |  54 |1166 |4356 |4143 |  89k|  0 |  46k|  14 | 0.000000e+00 |      --      |    Inf |  24.19%
 3106s| 63400 |  6236 | 26593k| 419.2 |   389M |  54 |1166 |4285 |4122 |  89k|  1 |  46k|  14 | 0.000000e+00 |      --      |    Inf |  24.20%
 3109s| 63500 |  6238 | 26618k| 418.9 |   389M |  54 |1166 |4293 |4185 |  89k|  1 |  46k|  14 | 0.000000e+00 |      --      |    Inf |  24.20%
 3114s| 63600 |  6253 | 26658k| 418.9 |   389M |  54 |1166 |4285 |3973 |  89k|  0 |  46k|  14 | 0.000000e+00 |      --      |    Inf |  24.20%
 3118s| 63700 |  6250 | 26694k| 418.8 |   389M |  54 |1166 |4302 |4176 |  89k|  0 |  46k|  14 | 0.000000e+00 |      --      |    Inf |  24.20%
 3124s| 63800 |  6272 | 26739k| 418.9 |   389M |  54 |1166 |4247 |3831 |  90k|  0 |  46k|  14 | 0.000000e+00 |      --      |    Inf |  24.20%
 3130s| 63900 |  6284 | 26792k| 419.0 |   389M |  54 |1166 |4248 |3891 |  90k|  0 |  46k|  14 | 0.000000e+00 |      --      |    Inf |  24.21%
 3138s| 64000 |  6302 | 26858k| 419.4 |   389M |  54 |1166 |4248 |4192 |  90k|  0 |  46k|  14 | 0.000000e+00 |      --      |    Inf |  24.21%
 3144s| 64100 |  6296 | 26904k| 419.5 |   389M |  54 |1166 |4246 |4122 |  90k|  0 |  46k|  14 | 0.000000e+00 |      --      |    Inf |  24.21%
 3151s| 64200 |  6311 | 26958k| 419.7 |   389M |  54 |1166 |4256 |3740 |  90k|  1 |  46k|  14 | 0.000000e+00 |      --      |    Inf |  24.21%
 3157s| 64300 |  6322 | 27006k| 419.7 |   389M |  54 |1166 |4333 |4133 |  90k|  1 |  46k|  14 | 0.000000e+00 |      --      |    Inf |  24.21%
 3162s| 64400 |  6346 | 27058k| 419.9 |   390M |  54 |1166 |4365 |3813 |  90k|  2 |  46k|  14 | 0.000000e+00 |      --      |    Inf |  24.21%
 3169s| 64500 |  6351 | 27126k| 420.3 |   390M |  54 |1166 |4347 |3834 |  90k|  2 |  46k|  14 | 0.000000e+00 |      --      |    Inf |  24.21%
 3177s| 64600 |  6392 | 27210k| 421.0 |   390M |  54 |1166 |4281 |3984 |  91k|  0 |  46k|  14 | 0.000000e+00 |      --      |    Inf |  24.21%
 3184s| 64700 |  6405 | 27273k| 421.3 |   390M |  54 |1166 |4236 |3807 |  91k|  0 |  47k|  14 | 0.000000e+00 |      --      |    Inf |  24.21%
 time | node  | left  |LP iter|LP it/n|mem/heur|mdpt |vars |cons |rows |cuts |sepa|confs|strbr|  dualbound   | primalbound  |  gap   | compl. 
 3190s| 64800 |  6403 | 27336k| 421.6 |   390M |  54 |1166 |4252 |3801 |  91k|  1 |  47k|  14 | 0.000000e+00 |      --      |    Inf |  24.21%
 3196s| 64900 |  6391 | 27397k| 421.9 |   390M |  54 |1166 |4273 |4049 |  91k|  2 |  47k|  14 | 0.000000e+00 |      --      |    Inf |  24.21%
 3203s| 65000 |  6410 | 27466k| 422.3 |   390M |  54 |1166 |4290 |4000 |  91k|  1 |  47k|  14 | 0.000000e+00 |      --      |    Inf |  24.21%
 3210s| 65100 |  6413 | 27541k| 422.8 |   390M |  54 |1166 |4125 |4050 |  91k|  2 |  47k|  14 | 0.000000e+00 |      --      |    Inf |  24.43%
 3216s| 65200 |  6417 | 27596k| 423.0 |   390M |  54 |1166 |4093 |4113 |  91k|  1 |  47k|  14 | 0.000000e+00 |      --      |    Inf |  24.43%
 3222s| 65300 |  6414 | 27657k| 423.3 |   391M |  54 |1166 |4091 |4130 |  91k|  2 |  47k|  14 | 0.000000e+00 |      --      |    Inf |  24.43%
 3227s| 65400 |  6427 | 27713k| 423.5 |   391M |  54 |1166 |4094 |3744 |  92k|  1 |  47k|  14 | 0.000000e+00 |      --      |    Inf |  24.43%
 3232s| 65500 |  6443 | 27773k| 423.8 |   391M |  54 |1166 |4123 |3980 |  92k|  0 |  47k|  14 | 0.000000e+00 |      --      |    Inf |  24.43%
 3240s| 65600 |  6453 | 27834k| 424.0 |   391M |  54 |1166 |4138 |3731 |  92k|  2 |  47k|  14 | 0.000000e+00 |      --      |    Inf |  24.44%
 3248s| 65700 |  6490 | 27899k| 424.4 |   391M |  54 |1166 |4079 |3817 |  92k|  1 |  47k|  14 | 0.000000e+00 |      --      |    Inf |  24.44%
 3254s| 65800 |  6488 | 27942k| 424.4 |   391M |  54 |1166 |4112 |3994 |  92k|  2 |  47k|  14 | 0.000000e+00 |      --      |    Inf |  24.44%
 3260s| 65900 |  6504 | 27995k| 424.6 |   391M |  54 |1166 |4103 |3814 |  92k|  0 |  47k|  14 | 0.000000e+00 |      --      |    Inf |  24.44%
 3268s| 66000 |  6540 | 28053k| 424.8 |   392M |  54 |1166 |4134 |3820 |  92k|  1 |  47k|  14 | 0.000000e+00 |      --      |    Inf |  24.44%
 3272s| 66100 |  6538 | 28091k| 424.7 |   392M |  54 |1166 |4160 |4049 |  92k|  1 |  47k|  14 | 0.000000e+00 |      --      |    Inf |  24.44%
 3278s| 66200 |  6550 | 28136k| 424.8 |   392M |  54 |1166 |4165 |4003 |  92k|  0 |  47k|  14 | 0.000000e+00 |      --      |    Inf |  24.44%
 time | node  | left  |LP iter|LP it/n|mem/heur|mdpt |vars |cons |rows |cuts |sepa|confs|strbr|  dualbound   | primalbound  |  gap   | compl. 
 3287s| 66300 |  6558 | 28210k| 425.2 |   392M |  54 |1166 |4321 |3588 |  93k|  0 |  48k|  14 | 0.000000e+00 |      --      |    Inf |  24.44%
 3294s| 66400 |  6574 | 28268k| 425.5 |   392M |  54 |1166 |4373 |3744 |  93k|  0 |  48k|  14 | 0.000000e+00 |      --      |    Inf |  24.44%
 3304s| 66500 |  6586 | 28348k| 426.0 |   394M |  54 |1166 |4309 |4136 |  93k|  1 |  48k|  14 | 0.000000e+00 |      --      |    Inf |  24.44%
 3310s| 66600 |  6614 | 28402k| 426.2 |   394M |  54 |1166 |4328 |3952 |  94k|  1 |  48k|  14 | 0.000000e+00 |      --      |    Inf |  24.44%
 3315s| 66700 |  6611 | 28439k| 426.1 |   394M |  54 |1166 |4498 |3954 |  94k|  1 |  48k|  14 | 0.000000e+00 |      --      |    Inf |  24.44%
 3319s| 66800 |  6622 | 28478k| 426.1 |   395M |  54 |1166 |4636 |3963 |  94k|  1 |  48k|  14 | 0.000000e+00 |      --      |    Inf |  24.44%
 3324s| 66900 |  6612 | 28517k| 426.0 |   395M |  54 |1166 |4836 |3956 |  94k|  0 |  48k|  14 | 0.000000e+00 |      --      |    Inf |  24.44%
 3330s| 67000 |  6618 | 28563k| 426.1 |   396M |  54 |1166 |4963 |3964 |  94k|  2 |  49k|  14 | 0.000000e+00 |      --      |    Inf |  24.44%
 3334s| 67100 |  6607 | 28604k| 426.0 |   396M |  54 |1166 |5137 |3956 |  94k|  0 |  49k|  14 | 0.000000e+00 |      --      |    Inf |  24.44%
 3339s| 67200 |  6611 | 28641k| 426.0 |   396M |  54 |1166 |5297 |3960 |  94k|  0 |  49k|  14 | 0.000000e+00 |      --      |    Inf |  24.44%
 3343s| 67300 |  6598 | 28676k| 425.8 |   396M |  54 |1166 |5462 |3956 |  94k|  2 |  49k|  14 | 0.000000e+00 |      --      |    Inf |  24.45%
 3349s| 67400 |  6600 | 28728k| 426.0 |   396M |  54 |1166 |5414 |3824 |  94k|  0 |  49k|  14 | 0.000000e+00 |      --      |    Inf |  24.45%
 3355s| 67500 |  6607 | 28773k| 426.0 |   397M |  54 |1166 |5168 |4179 |  94k|  1 |  49k|  14 | 0.000000e+00 |      --      |    Inf |  24.47%
 3360s| 67600 |  6631 | 28818k| 426.1 |   397M |  54 |1166 |4942 |4072 |  94k|  1 |  49k|  14 | 0.000000e+00 |      --      |    Inf |  24.48%
 3367s| 67700 |  6626 | 28870k| 426.2 |   397M |  54 |1166 |4780 |3735 |  94k|  0 |  50k|  14 | 0.000000e+00 |      --      |    Inf |  24.48%
 time | node  | left  |LP iter|LP it/n|mem/heur|mdpt |vars |cons |rows |cuts |sepa|confs|strbr|  dualbound   | primalbound  |  gap   | compl. 
 3374s| 67800 |  6645 | 28926k| 426.4 |   397M |  54 |1166 |4519 |4065 |  94k|  0 |  50k|  14 | 0.000000e+00 |      --      |    Inf |  24.50%
 3378s| 67900 |  6651 | 28961k| 426.3 |   397M |  54 |1166 |4471 |4058 |  94k|  1 |  50k|  14 | 0.000000e+00 |      --      |    Inf |  24.50%
 3383s| 68000 |  6665 | 28998k| 426.2 |   397M |  54 |1166 |4452 |4133 |  94k|  1 |  50k|  14 | 0.000000e+00 |      --      |    Inf |  24.50%
 3392s| 68100 |  6662 | 29059k| 426.5 |   398M |  54 |1166 |4309 |4230 |  94k|  1 |  50k|  14 | 0.000000e+00 |      --      |    Inf |  24.50%
 3398s| 68200 |  6683 | 29110k| 426.6 |   398M |  54 |1166 |4236 |4183 |  95k|  0 |  50k|  14 | 0.000000e+00 |      --      |    Inf |  24.50%
 3404s| 68300 |  6681 | 29159k| 426.7 |   399M |  54 |1166 |4206 |3784 |  95k|  2 |  50k|  14 | 0.000000e+00 |      --      |    Inf |  24.50%
 3408s| 68400 |  6703 | 29195k| 426.6 |   399M |  54 |1166 |4289 |3780 |  95k|  2 |  50k|  14 | 0.000000e+00 |      --      |    Inf |  24.50%
 3413s| 68500 |  6686 | 29235k| 426.5 |   399M |  54 |1166 |4393 |3026 |  95k|  0 |  50k|  14 | 0.000000e+00 |      --      |    Inf |  24.50%
 3421s| 68600 |  6694 | 29286k| 426.7 |   399M |  54 |1166 |4363 |3946 |  95k|  0 |  50k|  14 | 0.000000e+00 |      --      |    Inf |  24.50%
 3429s| 68700 |  6694 | 29339k| 426.8 |   400M |  54 |1166 |4376 |3990 |  95k|  2 |  50k|  14 | 0.000000e+00 |      --      |    Inf |  24.50%
 3435s| 68800 |  6734 | 29381k| 426.8 |   400M |  54 |1166 |4259 |3919 |  95k|  1 |  50k|  14 | 0.000000e+00 |      --      |    Inf |  24.50%
 3442s| 68900 |  6728 | 29430k| 426.9 |   400M |  54 |1166 |4268 |4208 |  95k|  0 |  50k|  14 | 0.000000e+00 |      --      |    Inf |  24.52%
 3451s| 69000 |  6740 | 29488k| 427.1 |   402M |  54 |1166 |4242 |3848 |  95k|  2 |  50k|  14 | 0.000000e+00 |      --      |    Inf |  24.72%
 3456s| 69100 |  6764 | 29523k| 427.0 |   402M |  54 |1166 |4207 |3925 |  95k|  2 |  50k|  14 | 0.000000e+00 |      --      |    Inf |  24.72%
 3463s| 69200 |  6770 | 29572k| 427.1 |   402M |  54 |1166 |4113 |4120 |  95k|  1 |  51k|  14 | 0.000000e+00 |      --      |    Inf |  24.74%
 time | node  | left  |LP iter|LP it/n|mem/heur|mdpt |vars |cons |rows |cuts |sepa|confs|strbr|  dualbound   | primalbound  |  gap   | compl. 
 3468s| 69300 |  6770 | 29612k| 427.1 |   402M |  54 |1166 |4069 |4095 |  95k|  1 |  51k|  14 | 0.000000e+00 |      --      |    Inf |  24.74%
 3474s| 69400 |  6773 | 29651k| 427.0 |   403M |  54 |1166 |3916 |4008 |  95k|  0 |  51k|  14 | 0.000000e+00 |      --      |    Inf |  24.74%
 3481s| 69500 |  6791 | 29698k| 427.1 |   403M |  54 |1166 |3841 |4192 |  95k|  0 |  51k|  14 | 0.000000e+00 |      --      |    Inf |  24.74%
 3488s| 69600 |  6786 | 29749k| 427.2 |   403M |  54 |1166 |3849 |4129 |  95k|  1 |  51k|  14 | 0.000000e+00 |      --      |    Inf |  24.75%
 3500s| 69700 |  6802 | 29821k| 427.6 |   403M |  54 |1166 |3870 |3828 |  96k|  0 |  51k|  14 | 0.000000e+00 |      --      |    Inf |  24.75%
 3506s| 69800 |  6790 | 29866k| 427.7 |   403M |  54 |1166 |3858 |3893 |  96k|  1 |  51k|  14 | 0.000000e+00 |      --      |    Inf |  24.75%
 3513s| 69900 |  6805 | 29913k| 427.7 |   404M |  54 |1166 |3821 |4153 |  96k|  1 |  51k|  14 | 0.000000e+00 |      --      |    Inf |  24.76%
 3522s| 70000 |  6812 | 29971k| 427.9 |   404M |  54 |1166 |3844 |3979 |  96k|  1 |  51k|  14 | 0.000000e+00 |      --      |    Inf |  24.76%
 3528s| 70100 |  6822 | 30014k| 427.9 |   404M |  54 |1166 |3857 |3792 |  96k|  0 |  51k|  14 | 0.000000e+00 |      --      |    Inf |  24.76%
 3537s| 70200 |  6835 | 30070k| 428.1 |   404M |  54 |1166 |3856 |4125 |  96k|  1 |  51k|  14 | 0.000000e+00 |      --      |    Inf |  24.76%
 3544s| 70300 |  6831 | 30120k| 428.2 |   404M |  54 |1166 |3879 |3958 |  96k|  1 |  51k|  14 | 0.000000e+00 |      --      |    Inf |  24.77%
 3552s| 70400 |  6842 | 30171k| 428.3 |   404M |  54 |1166 |3884 |3809 |  96k|  0 |  51k|  14 | 0.000000e+00 |      --      |    Inf |  24.78%
 3559s| 70500 |  6849 | 30215k| 428.3 |   405M |  54 |1166 |3874 |3658 |  96k|  2 |  51k|  14 | 0.000000e+00 |      --      |    Inf |  24.78%
 3565s| 70600 |  6845 | 30260k| 428.4 |   405M |  54 |1166 |3845 |3553 |  96k|  2 |  52k|  14 | 0.000000e+00 |      --      |    Inf |  24.78%
 3572s| 70700 |  6869 | 30307k| 428.4 |   406M |  54 |1166 |3855 |3811 |  96k|  0 |  52k|  14 | 0.000000e+00 |      --      |    Inf |  24.79%
 time | node  | left  |LP iter|LP it/n|mem/heur|mdpt |vars |cons |rows |cuts |sepa|confs|strbr|  dualbound   | primalbound  |  gap   | compl. 
 3580s| 70800 |  6879 | 30361k| 428.6 |   406M |  54 |1166 |3886 |4212 |  97k|  1 |  52k|  14 | 0.000000e+00 |      --      |    Inf |  24.79%
 3586s| 70900 |  6892 | 30400k| 428.5 |   406M |  54 |1166 |3885 |4202 |  97k|  0 |  52k|  14 | 0.000000e+00 |      --      |    Inf |  24.79%
 3592s| 71000 |  6897 | 30441k| 428.5 |   406M |  54 |1166 |3876 |2854 |  97k|  2 |  52k|  14 | 0.000000e+00 |      --      |    Inf |  24.80%
 3596s| 71100 |  6900 | 30486k| 428.5 |   406M |  54 |1166 |3862 |4210 |  97k|  1 |  52k|  14 | 0.000000e+00 |      --      |    Inf |  24.81%
 3601s| 71200 |  6905 | 30528k| 428.5 |   406M |  54 |1166 |3833 |4135 |  97k|  0 |  52k|  14 | 0.000000e+00 |      --      |    Inf |  24.82%
 3606s| 71300 |  6907 | 30578k| 428.6 |   406M |  54 |1166 |3820 |4089 |  97k|  0 |  52k|  14 | 0.000000e+00 |      --      |    Inf |  24.82%
 3609s| 71400 |  6908 | 30620k| 428.6 |   406M |  54 |1166 |3843 |4032 |  97k|  0 |  52k|  14 | 0.000000e+00 |      --      |    Inf |  24.82%
 3614s| 71500 |  6916 | 30666k| 428.7 |   406M |  54 |1166 |3856 |4201 |  97k|  0 |  52k|  14 | 0.000000e+00 |      --      |    Inf |  24.82%
 3618s| 71600 |  6924 | 30711k| 428.7 |   406M |  54 |1166 |3838 |3975 |  97k|  0 |  52k|  14 | 0.000000e+00 |      --      |    Inf |  24.82%
 3622s| 71700 |  6934 | 30744k| 428.6 |   407M |  54 |1166 |3843 |4034 |  97k|  2 |  52k|  14 | 0.000000e+00 |      --      |    Inf |  24.82%
 3626s| 71800 |  6949 | 30792k| 428.6 |   407M |  54 |1166 |3841 |4146 |  97k|  2 |  52k|  14 | 0.000000e+00 |      --      |    Inf |  24.83%
 3633s| 71900 |  6960 | 30855k| 428.9 |   407M |  54 |1166 |3794 |3809 |  97k|  2 |  52k|  14 | 0.000000e+00 |      --      |    Inf |  24.84%
 3639s| 72000 |  6966 | 30919k| 429.2 |   408M |  54 |1166 |3815 |3949 |  98k|  0 |  52k|  14 | 0.000000e+00 |      --      |    Inf |  24.84%
 3645s| 72100 |  6984 | 30975k| 429.4 |   408M |  54 |1166 |3870 |4125 |  98k|  1 |  52k|  14 | 0.000000e+00 |      --      |    Inf |  24.84%
 3651s| 72200 |  6995 | 31033k| 429.6 |   408M |  54 |1166 |3908 |3845 |  98k|  2 |  53k|  14 | 0.000000e+00 |      --      |    Inf |  24.84%
 time | node  | left  |LP iter|LP it/n|mem/heur|mdpt |vars |cons |rows |cuts |sepa|confs|strbr|  dualbound   | primalbound  |  gap   | compl. 
 3659s| 72300 |  6993 | 31097k| 429.9 |   408M |  54 |1166 |3881 |4167 |  98k|  1 |  53k|  14 | 0.000000e+00 |      --      |    Inf |  24.85%
 3671s| 72400 |  7005 | 31168k| 430.3 |   408M |  54 |1166 |3897 |4028 |  99k|  1 |  53k|  14 | 0.000000e+00 |      --      |    Inf |  24.85%
 3680s| 72500 |  7030 | 31232k| 430.6 |   408M |  54 |1166 |3877 |4129 |  99k|  0 |  53k|  14 | 0.000000e+00 |      --      |    Inf |  24.86%
 3689s| 72600 |  7023 | 31291k| 430.8 |   408M |  54 |1166 |3855 |4007 |  99k|  1 |  53k|  14 | 0.000000e+00 |      --      |    Inf |  24.88%
 3702s| 72700 |  7046 | 31372k| 431.3 |   409M |  54 |1166 |3794 |4127 |  99k|  0 |  53k|  14 | 0.000000e+00 |      --      |    Inf |  24.88%
 3712s| 72800 |  7061 | 31441k| 431.7 |   409M |  54 |1166 |3786 |3848 | 100k|  2 |  53k|  14 | 0.000000e+00 |      --      |    Inf |  24.88%
 3721s| 72900 |  7057 | 31497k| 431.8 |   409M |  54 |1166 |3826 |4203 | 100k|  0 |  53k|  14 | 0.000000e+00 |      --      |    Inf |  24.88%
 3728s| 73000 |  7055 | 31550k| 432.0 |   410M |  54 |1166 |3846 |3798 | 100k|  1 |  53k|  14 | 0.000000e+00 |      --      |    Inf |  24.89%
 3734s| 73100 |  7069 | 31593k| 432.0 |   410M |  54 |1166 |3825 |3575 | 100k|  2 |  53k|  14 | 0.000000e+00 |      --      |    Inf |  24.89%
 3743s| 73200 |  7081 | 31658k| 432.3 |   410M |  54 |1166 |3799 |3947 | 100k|  2 |  53k|  14 | 0.000000e+00 |      --      |    Inf |  24.91%
 3749s| 73300 |  7072 | 31700k| 432.2 |   410M |  54 |1166 |3851 |3837 | 100k|  0 |  53k|  14 | 0.000000e+00 |      --      |    Inf |  24.91%
 3756s| 73400 |  7092 | 31751k| 432.3 |   411M |  54 |1166 |3857 |3878 | 101k|  1 |  53k|  14 | 0.000000e+00 |      --      |    Inf |  24.91%
 3762s| 73500 |  7091 | 31792k| 432.3 |   411M |  54 |1166 |3840 |4076 | 101k|  1 |  53k|  14 | 0.000000e+00 |      --      |    Inf |  24.91%
 3770s| 73600 |  7092 | 31844k| 432.4 |   411M |  54 |1166 |3848 |4093 | 101k|  1 |  53k|  14 | 0.000000e+00 |      --      |    Inf |  24.98%
 3776s| 73700 |  7095 | 31881k| 432.4 |   411M |  54 |1166 |3827 |4118 | 101k|  1 |  53k|  14 | 0.000000e+00 |      --      |    Inf |  24.98%
 time | node  | left  |LP iter|LP it/n|mem/heur|mdpt |vars |cons |rows |cuts |sepa|confs|strbr|  dualbound   | primalbound  |  gap   | compl. 
 3784s| 73800 |  7109 | 31935k| 432.5 |   411M |  54 |1166 |3961 |4196 | 101k|  0 |  54k|  14 | 0.000000e+00 |      --      |    Inf |  24.98%
 3795s| 73900 |  7098 | 32005k| 432.9 |   412M |  54 |1166 |4095 |4198 | 101k|  1 |  54k|  14 | 0.000000e+00 |      --      |    Inf |  24.98%
 3804s| 74000 |  7103 | 32069k| 433.1 |   412M |  54 |1166 |4102 |4132 | 101k|  0 |  54k|  14 | 0.000000e+00 |      --      |    Inf |  24.98%
 3812s| 74100 |  7111 | 32127k| 433.3 |   412M |  54 |1166 |4102 |3824 | 101k|  0 |  54k|  14 | 0.000000e+00 |      --      |    Inf |  24.99%
 3818s| 74200 |  7105 | 32170k| 433.3 |   412M |  54 |1166 |4136 |3820 | 101k|  1 |  54k|  14 | 0.000000e+00 |      --      |    Inf |  24.99%
 3824s| 74300 |  7091 | 32212k| 433.3 |   412M |  54 |1166 |4154 |4029 | 101k|  0 |  54k|  14 | 0.000000e+00 |      --      |    Inf |  24.99%
 3834s| 74400 |  7094 | 32278k| 433.6 |   412M |  54 |1166 |4104 |3924 | 101k|  0 |  54k|  14 | 0.000000e+00 |      --      |    Inf |  24.99%
 3839s| 74500 |  7100 | 32317k| 433.6 |   412M |  54 |1166 |4124 |3869 | 101k|  1 |  54k|  14 | 0.000000e+00 |      --      |    Inf |  24.99%
 3849s| 74600 |  7102 | 32375k| 433.8 |   412M |  54 |1166 |4124 |4202 | 101k|  0 |  54k|  14 | 0.000000e+00 |      --      |    Inf |  24.99%
 3858s| 74700 |  7118 | 32436k| 434.0 |   412M |  54 |1166 |4112 |4064 | 102k|  1 |  54k|  14 | 0.000000e+00 |      --      |    Inf |  25.00%
 3869s| 74800 |  7127 | 32508k| 434.4 |   413M |  54 |1166 |4088 |4186 | 102k|  1 |  54k|  14 | 0.000000e+00 |      --      |    Inf |  25.00%
 3881s| 74900 |  7149 | 32595k| 435.0 |   413M |  54 |1166 |4059 |3828 | 102k|  0 |  54k|  14 | 0.000000e+00 |      --      |    Inf |  25.00%
 3892s| 75000 |  7161 | 32663k| 435.3 |   413M |  54 |1166 |4152 |4127 | 103k|  0 |  54k|  14 | 0.000000e+00 |      --      |    Inf |  25.00%
 3901s| 75100 |  7146 | 32721k| 435.5 |   414M |  54 |1166 |4290 |3813 | 103k|  1 |  55k|  14 | 0.000000e+00 |      --      |    Inf |  25.00%
 3911s| 75200 |  7146 | 32784k| 435.7 |   414M |  54 |1166 |4260 |3733 | 103k|  1 |  55k|  14 | 0.000000e+00 |      --      |    Inf |  25.00%
 time | node  | left  |LP iter|LP it/n|mem/heur|mdpt |vars |cons |rows |cuts |sepa|confs|strbr|  dualbound   | primalbound  |  gap   | compl. 
 3918s| 75300 |  7163 | 32836k| 435.9 |   414M |  54 |1166 |4235 |4219 | 103k|  0 |  55k|  14 | 0.000000e+00 |      --      |    Inf |  25.00%
 3928s| 75400 |  7165 | 32902k| 436.1 |   414M |  54 |1166 |4185 |3802 | 103k|  1 |  55k|  14 | 0.000000e+00 |      --      |    Inf |  25.00%
 3938s| 75500 |  7168 | 32964k| 436.4 |   414M |  54 |1166 |4275 |4125 | 103k|  0 |  55k|  14 | 0.000000e+00 |      --      |    Inf |  25.00%
 3949s| 75600 |  7177 | 33038k| 436.8 |   414M |  54 |1166 |4232 |4114 | 103k|  2 |  55k|  14 | 0.000000e+00 |      --      |    Inf |  25.00%
 3959s| 75700 |  7174 | 33099k| 437.0 |   414M |  54 |1166 |4216 |4147 | 104k|  0 |  55k|  14 | 0.000000e+00 |      --      |    Inf |  25.00%
 3969s| 75800 |  7181 | 33162k| 437.3 |   414M |  54 |1166 |4167 |4136 | 104k|  0 |  55k|  14 | 0.000000e+00 |      --      |    Inf |  25.00%
 3978s| 75900 |  7175 | 33218k| 437.4 |   414M |  54 |1166 |4225 |4104 | 104k|  2 |  55k|  14 | 0.000000e+00 |      --      |    Inf |  25.00%
 3992s| 76000 |  7214 | 33329k| 438.3 |   415M |  54 |1166 |4096 |4129 | 105k|  1 |  55k|  14 | 0.000000e+00 |      --      |    Inf |  25.01%
 3999s| 76100 |  7222 | 33406k| 438.8 |   415M |  54 |1166 |4037 |2927 | 105k|  2 |  55k|  14 | 0.000000e+00 |      --      |    Inf |  25.01%
 4008s| 76200 |  7237 | 33467k| 439.0 |   415M |  54 |1166 |4053 |3746 | 106k|  0 |  55k|  14 | 0.000000e+00 |      --      |    Inf |  25.01%
 4015s| 76300 |  7235 | 33518k| 439.1 |   415M |  54 |1166 |3988 |4156 | 106k|  0 |  55k|  14 | 0.000000e+00 |      --      |    Inf |  25.07%
 4023s| 76400 |  7243 | 33577k| 439.3 |   415M |  54 |1166 |3909 |4029 | 106k|  1 |  55k|  14 | 0.000000e+00 |      --      |    Inf |  25.08%
 4030s| 76500 |  7249 | 33635k| 439.5 |   415M |  54 |1166 |3894 |4055 | 106k|  1 |  56k|  14 | 0.000000e+00 |      --      |    Inf |  25.08%
 4036s| 76600 |  7250 | 33689k| 439.6 |   415M |  54 |1166 |3871 |3866 | 106k|  1 |  56k|  14 | 0.000000e+00 |      --      |    Inf |  25.08%
 4042s| 76700 |  7257 | 33738k| 439.7 |   415M |  54 |1166 |3862 |3813 | 106k|  0 |  56k|  14 | 0.000000e+00 |      --      |    Inf |  25.08%
 time | node  | left  |LP iter|LP it/n|mem/heur|mdpt |vars |cons |rows |cuts |sepa|confs|strbr|  dualbound   | primalbound  |  gap   | compl. 
 4052s| 76800 |  7250 | 33812k| 440.0 |   415M |  54 |1166 |3872 |3402 | 106k|  0 |  56k|  14 | 0.000000e+00 |      --      |    Inf |  25.10%
 4058s| 76900 |  7251 | 33855k| 440.0 |   415M |  54 |1166 |3852 |4209 | 106k|  0 |  56k|  14 | 0.000000e+00 |      --      |    Inf |  25.10%
 4064s| 77000 |  7254 | 33905k| 440.1 |   415M |  54 |1166 |3847 |3836 | 106k|  2 |  56k|  14 | 0.000000e+00 |      --      |    Inf |  25.10%
 4072s| 77100 |  7278 | 33971k| 440.4 |   415M |  54 |1166 |3805 |3833 | 106k|  2 |  56k|  14 | 0.000000e+00 |      --      |    Inf |  25.11%
 4075s| 77200 |  7271 | 34009k| 440.3 |   415M |  54 |1166 |3834 |4197 | 106k|  0 |  56k|  14 | 0.000000e+00 |      --      |    Inf |  25.11%
 4080s| 77300 |  7275 | 34052k| 440.3 |   415M |  54 |1166 |3858 |4261 | 107k|  0 |  56k|  14 | 0.000000e+00 |      --      |    Inf |  25.30%
 4087s| 77400 |  7314 | 34101k| 440.4 |   418M |  54 |1166 |3952 |4193 | 107k|  0 |  56k|  14 | 0.000000e+00 |      --      |    Inf |  25.30%
 4093s| 77500 |  7318 | 34148k| 440.4 |   420M |  54 |1166 |4091 |4179 | 107k|  1 |  56k|  14 | 0.000000e+00 |      --      |    Inf |  25.30%
 4100s| 77600 |  7327 | 34193k| 440.4 |   422M |  54 |1166 |4190 |4195 | 107k|  1 |  56k|  14 | 0.000000e+00 |      --      |    Inf |  25.30%
 4108s| 77700 |  7328 | 34240k| 440.5 |   423M |  54 |1166 |4285 |4188 | 107k|  2 |  56k|  14 | 0.000000e+00 |      --      |    Inf |  25.30%
 4114s| 77800 |  7337 | 34278k| 440.4 |   423M |  54 |1166 |4393 |4178 | 107k|  1 |  56k|  14 | 0.000000e+00 |      --      |    Inf |  25.30%
 4121s| 77900 |  7328 | 34324k| 440.4 |   425M |  54 |1166 |4542 |4207 | 107k|  1 |  57k|  14 | 0.000000e+00 |      --      |    Inf |  25.30%
 4127s| 78000 |  7326 | 34361k| 440.3 |   425M |  54 |1166 |4655 |4180 | 107k|  1 |  57k|  14 | 0.000000e+00 |      --      |    Inf |  25.30%
 4133s| 78100 |  7324 | 34401k| 440.3 |   426M |  54 |1166 |4715 |4170 | 107k|  0 |  57k|  14 | 0.000000e+00 |      --      |    Inf |  25.30%
 4140s| 78200 |  7332 | 34447k| 440.3 |   426M |  54 |1166 |4882 |4172 | 107k|  0 |  57k|  14 | 0.000000e+00 |      --      |    Inf |  25.30%
 time | node  | left  |LP iter|LP it/n|mem/heur|mdpt |vars |cons |rows |cuts |sepa|confs|strbr|  dualbound   | primalbound  |  gap   | compl. 
 4146s| 78300 |  7328 | 34488k| 440.2 |   427M |  54 |1166 |5008 |4169 | 107k|  0 |  57k|  14 | 0.000000e+00 |      --      |    Inf |  25.30%
 4151s| 78400 |  7322 | 34530k| 440.2 |   427M |  54 |1166 |5100 |4204 | 107k|  0 |  57k|  14 | 0.000000e+00 |      --      |    Inf |  25.30%
 4158s| 78500 |  7327 | 34579k| 440.3 |   427M |  54 |1166 |5138 |4197 | 107k|  0 |  58k|  14 | 0.000000e+00 |      --      |    Inf |  25.30%
 4164s| 78600 |  7328 | 34621k| 440.3 |   427M |  54 |1166 |5312 |4194 | 107k|  1 |  58k|  14 | 0.000000e+00 |      --      |    Inf |  25.30%
 4170s| 78700 |  7324 | 34668k| 440.3 |   427M |  54 |1166 |5437 |4195 | 107k|  0 |  58k|  14 | 0.000000e+00 |      --      |    Inf |  25.30%
 4177s| 78800 |  7332 | 34717k| 440.4 |   428M |  54 |1166 |5602 |4198 | 107k|  0 |  58k|  14 | 0.000000e+00 |      --      |    Inf |  25.30%
 4185s| 78900 |  7324 | 34770k| 440.5 |   428M |  54 |1166 |5744 |4199 | 107k|  0 |  58k|  14 | 0.000000e+00 |      --      |    Inf |  25.30%
 4193s| 79000 |  7316 | 34819k| 440.5 |   428M |  54 |1166 |5742 |4182 | 107k|  0 |  58k|  14 | 0.000000e+00 |      --      |    Inf |  25.30%
 4202s| 79100 |  7320 | 34883k| 440.8 |   429M |  54 |1166 |5628 |4006 | 107k|  0 |  58k|  14 | 0.000000e+00 |      --      |    Inf |  25.31%
 4211s| 79200 |  7329 | 34943k| 441.0 |   429M |  54 |1166 |5319 |4189 | 107k|  1 |  59k|  14 | 0.000000e+00 |      --      |    Inf |  25.31%
 4217s| 79300 |  7331 | 34989k| 441.0 |   430M |  54 |1166 |5350 |4216 | 107k|  1 |  59k|  14 | 0.000000e+00 |      --      |    Inf |  25.31%
 4223s| 79400 |  7318 | 35035k| 441.0 |   430M |  54 |1166 |5348 |4194 | 107k|  0 |  59k|  14 | 0.000000e+00 |      --      |    Inf |  25.31%
 4231s| 79500 |  7321 | 35093k| 441.2 |   430M |  54 |1166 |5086 |4249 | 107k|  0 |  59k|  14 | 0.000000e+00 |      --      |    Inf |  25.31%
 4240s| 79600 |  7327 | 35162k| 441.5 |   430M |  54 |1166 |4859 |4014 | 107k|  0 |  59k|  14 | 0.000000e+00 |      --      |    Inf |  25.31%
 4247s| 79700 |  7348 | 35216k| 441.6 |   430M |  54 |1166 |4710 |4055 | 107k|  0 |  59k|  14 | 0.000000e+00 |      --      |    Inf |  25.32%
 time | node  | left  |LP iter|LP it/n|mem/heur|mdpt |vars |cons |rows |cuts |sepa|confs|strbr|  dualbound   | primalbound  |  gap   | compl. 
 4256s| 79800 |  7340 | 35284k| 441.9 |   431M |  54 |1166 |4512 |4006 | 108k|  2 |  59k|  14 | 0.000000e+00 |      --      |    Inf |  25.32%
 4263s| 79900 |  7367 | 35342k| 442.1 |   431M |  54 |1166 |4377 |3804 | 108k|  1 |  59k|  14 | 0.000000e+00 |      --      |    Inf |  25.32%
 4268s| 80000 |  7365 | 35382k| 442.1 |   431M |  54 |1166 |4402 |3807 | 108k|  1 |  59k|  14 | 0.000000e+00 |      --      |    Inf |  25.32%
 4274s| 80100 |  7373 | 35429k| 442.1 |   431M |  54 |1166 |4366 |4006 | 108k|  2 |  59k|  14 | 0.000000e+00 |      --      |    Inf |  25.32%
 4283s| 80200 |  7378 | 35498k| 442.4 |   431M |  54 |1166 |4306 |3802 | 108k|  0 |  59k|  14 | 0.000000e+00 |      --      |    Inf |  25.32%
 4289s| 80300 |  7384 | 35546k| 442.5 |   431M |  54 |1166 |4416 |4189 | 108k|  1 |  59k|  14 | 0.000000e+00 |      --      |    Inf |  25.32%
 4297s| 80400 |  7376 | 35607k| 442.7 |   431M |  54 |1166 |4370 |4053 | 108k|  0 |  60k|  14 | 0.000000e+00 |      --      |    Inf |  25.32%
 4303s| 80500 |  7411 | 35656k| 442.7 |   431M |  54 |1166 |4344 |3803 | 108k|  1 |  60k|  14 | 0.000000e+00 |      --      |    Inf |  25.32%
 4308s| 80600 |  7401 | 35699k| 442.7 |   431M |  54 |1166 |4369 |4116 | 108k|  0 |  60k|  14 | 0.000000e+00 |      --      |    Inf |  25.32%
 4315s| 80700 |  7405 | 35751k| 442.8 |   431M |  54 |1166 |4342 |4256 | 108k|  1 |  60k|  14 | 0.000000e+00 |      --      |    Inf |  25.33%
 4321s| 80800 |  7420 | 35802k| 442.9 |   431M |  54 |1166 |4377 |4229 | 108k|  1 |  60k|  14 | 0.000000e+00 |      --      |    Inf |  25.33%
 4328s| 80900 |  7404 | 35856k| 443.0 |   431M |  54 |1166 |4373 |4184 | 108k|  1 |  60k|  14 | 0.000000e+00 |      --      |    Inf |  25.33%
 4338s| 81000 |  7420 | 35929k| 443.4 |   432M |  54 |1166 |4276 |3105 | 109k|  2 |  60k|  14 | 0.000000e+00 |      --      |    Inf |  25.33%
 4345s| 81100 |  7433 | 35982k| 443.5 |   432M |  54 |1166 |4242 |4004 | 109k|  0 |  60k|  14 | 0.000000e+00 |      --      |    Inf |  25.33%
 4354s| 81200 |  7453 | 36050k| 443.8 |   432M |  54 |1166 |4185 |3842 | 109k|  0 |  60k|  14 | 0.000000e+00 |      --      |    Inf |  25.33%
 time | node  | left  |LP iter|LP it/n|mem/heur|mdpt |vars |cons |rows |cuts |sepa|confs|strbr|  dualbound   | primalbound  |  gap   | compl. 
 4363s| 81300 |  7457 | 36116k| 444.0 |   432M |  54 |1166 |4156 |3717 | 109k|  1 |  60k|  14 | 0.000000e+00 |      --      |    Inf |  25.33%
 4370s| 81400 |  7464 | 36172k| 444.2 |   432M |  54 |1166 |4127 |3641 | 109k|  0 |  60k|  14 | 0.000000e+00 |      --      |    Inf |  25.37%
 4378s| 81500 |  7465 | 36219k| 444.2 |   432M |  54 |1166 |4111 |4148 | 110k|  0 |  60k|  14 | 0.000000e+00 |      --      |    Inf |  25.37%
 4384s| 81600 |  7470 | 36257k| 444.1 |   432M |  54 |1166 |4049 |3936 | 110k|  0 |  60k|  14 | 0.000000e+00 |      --      |    Inf |  25.45%
 4389s| 81700 |  7470 | 36290k| 444.0 |   432M |  54 |1166 |4031 |4169 | 110k|  1 |  60k|  14 | 0.000000e+00 |      --      |    Inf |  25.45%
 4395s| 81800 |  7470 | 36332k| 444.0 |   432M |  54 |1166 |4061 |4174 | 110k|  0 |  60k|  14 | 0.000000e+00 |      --      |    Inf |  25.45%
 4402s| 81900 |  7467 | 36377k| 444.0 |   432M |  54 |1166 |4067 |4222 | 110k|  0 |  60k|  14 | 0.000000e+00 |      --      |    Inf |  25.48%
 4409s| 82000 |  7468 | 36419k| 443.9 |   432M |  54 |1166 |4127 |4170 | 110k|  0 |  61k|  14 | 0.000000e+00 |      --      |    Inf |  25.48%
 4415s| 82100 |  7458 | 36459k| 443.9 |   432M |  54 |1166 |4186 |3837 | 110k|  0 |  61k|  14 | 0.000000e+00 |      --      |    Inf |  25.48%
 4421s| 82200 |  7470 | 36496k| 443.8 |   432M |  54 |1166 |4208 |3802 | 110k|  0 |  61k|  14 | 0.000000e+00 |      --      |    Inf |  25.48%
 4426s| 82300 |  7472 | 36536k| 443.7 |   432M |  54 |1166 |4219 |3935 | 110k|  0 |  61k|  14 | 0.000000e+00 |      --      |    Inf |  25.48%
 4431s| 82400 |  7464 | 36585k| 443.8 |   432M |  54 |1166 |4179 |4144 | 110k|  1 |  61k|  14 | 0.000000e+00 |      --      |    Inf |  25.48%
 4436s| 82500 |  7458 | 36632k| 443.8 |   432M |  54 |1166 |4203 |4123 | 110k|  0 |  61k|  14 | 0.000000e+00 |      --      |    Inf |  25.48%
 4441s| 82600 |  7471 | 36683k| 443.9 |   432M |  54 |1166 |4162 |4206 | 110k|  1 |  61k|  14 | 0.000000e+00 |      --      |    Inf |  25.50%
 4446s| 82700 |  7494 | 36738k| 444.0 |   432M |  54 |1166 |4088 |3819 | 110k|  1 |  61k|  14 | 0.000000e+00 |      --      |    Inf |  25.51%
 time | node  | left  |LP iter|LP it/n|mem/heur|mdpt |vars |cons |rows |cuts |sepa|confs|strbr|  dualbound   | primalbound  |  gap   | compl. 
 4452s| 82800 |  7511 | 36794k| 444.2 |   432M |  54 |1166 |4054 |3755 | 110k|  1 |  61k|  14 | 0.000000e+00 |      --      |    Inf |  25.51%
 4456s| 82900 |  7522 | 36840k| 444.2 |   432M |  54 |1166 |4059 |3792 | 110k|  1 |  61k|  14 | 0.000000e+00 |      --      |    Inf |  25.51%
 4461s| 83000 |  7519 | 36895k| 444.3 |   432M |  54 |1166 |4064 |4130 | 110k|  1 |  61k|  14 | 0.000000e+00 |      --      |    Inf |  25.51%
 4466s| 83100 |  7543 | 36944k| 444.4 |   432M |  54 |1166 |4098 |4118 | 110k|  2 |  61k|  14 | 0.000000e+00 |      --      |    Inf |  25.51%
 4474s| 83200 |  7552 | 37014k| 444.7 |   433M |  54 |1166 |4016 |4118 | 110k|  1 |  61k|  14 | 0.000000e+00 |      --      |    Inf |  25.53%
 4479s| 83300 |  7560 | 37065k| 444.8 |   433M |  54 |1166 |4071 |4131 | 110k|  0 |  61k|  14 | 0.000000e+00 |      --      |    Inf |  25.53%
 4484s| 83400 |  7560 | 37121k| 444.9 |   433M |  54 |1166 |4047 |4127 | 110k|  1 |  62k|  14 | 0.000000e+00 |      --      |    Inf |  25.53%
 4492s| 83500 |  7591 | 37195k| 445.3 |   433M |  54 |1166 |4057 |4198 | 111k|  0 |  62k|  14 | 0.000000e+00 |      --      |    Inf |  25.53%
 4499s| 83600 |  7601 | 37258k| 445.5 |   433M |  54 |1166 |4091 |4109 | 111k|  1 |  62k|  14 | 0.000000e+00 |      --      |    Inf |  25.53%
 4506s| 83700 |  7604 | 37324k| 445.7 |   433M |  54 |1166 |4083 |3801 | 111k|  0 |  62k|  14 | 0.000000e+00 |      --      |    Inf |  25.54%
 4510s| 83800 |  7601 | 37365k| 445.7 |   433M |  54 |1166 |4112 |4137 | 111k|  0 |  62k|  14 | 0.000000e+00 |      --      |    Inf |  25.54%
 4516s| 83900 |  7593 | 37428k| 445.9 |   433M |  54 |1166 |4128 |3844 | 111k|  1 |  62k|  14 | 0.000000e+00 |      --      |    Inf |  25.54%
 4521s| 84000 |  7613 | 37480k| 446.0 |   433M |  54 |1166 |4121 |3926 | 111k|  0 |  62k|  14 | 0.000000e+00 |      --      |    Inf |  25.55%
 4526s| 84100 |  7610 | 37522k| 446.0 |   433M |  54 |1166 |4143 |4178 | 111k|  0 |  62k|  14 | 0.000000e+00 |      --      |    Inf |  25.55%
 4531s| 84200 |  7614 | 37581k| 446.1 |   433M |  54 |1166 |4121 |3975 | 111k|  1 |  62k|  14 | 0.000000e+00 |      --      |    Inf |  25.55%
 time | node  | left  |LP iter|LP it/n|mem/heur|mdpt |vars |cons |rows |cuts |sepa|confs|strbr|  dualbound   | primalbound  |  gap   | compl. 
 4541s| 84300 |  7614 | 37641k| 446.3 |   433M |  54 |1166 |4102 |3852 | 111k|  1 |  62k|  14 | 0.000000e+00 |      --      |    Inf |  25.56%
 4550s| 84400 |  7628 | 37711k| 446.6 |   434M |  54 |1166 |4071 |3793 | 112k|  0 |  62k|  14 | 0.000000e+00 |      --      |    Inf |  25.56%
 4557s| 84500 |  7634 | 37766k| 446.7 |   434M |  54 |1166 |4123 |4178 | 112k|  1 |  62k|  14 | 0.000000e+00 |      --      |    Inf |  25.57%
 4563s| 84600 |  7637 | 37806k| 446.7 |   434M |  54 |1166 |4289 |4265 | 112k|  0 |  62k|  14 | 0.000000e+00 |      --      |    Inf |  25.57%
 4569s| 84700 |  7626 | 37852k| 446.7 |   434M |  54 |1166 |4332 |3930 | 112k|  1 |  62k|  14 | 0.000000e+00 |      --      |    Inf |  25.57%
 4575s| 84800 |  7632 | 37895k| 446.7 |   434M |  54 |1166 |4311 |3944 | 112k|  0 |  62k|  14 | 0.000000e+00 |      --      |    Inf |  25.57%
 4582s| 84900 |  7628 | 37942k| 446.7 |   434M |  54 |1166 |4303 |4231 | 112k|  1 |  63k|  14 | 0.000000e+00 |      --      |    Inf |  25.57%
 4588s| 85000 |  7646 | 37981k| 446.6 |   434M |  54 |1166 |4300 |4197 | 112k|  1 |  63k|  14 | 0.000000e+00 |      --      |    Inf |  25.58%
 4596s| 85100 |  7635 | 38034k| 446.7 |   435M |  54 |1166 |4331 |4039 | 112k|  0 |  63k|  14 | 0.000000e+00 |      --      |    Inf |  25.58%
 4604s| 85200 |  7663 | 38090k| 446.9 |   435M |  54 |1166 |4282 |4234 | 112k|  1 |  63k|  14 | 0.000000e+00 |      --      |    Inf |  25.58%
 4613s| 85300 |  7676 | 38155k| 447.1 |   435M |  54 |1166 |4295 |4126 | 113k|  0 |  63k|  14 | 0.000000e+00 |      --      |    Inf |  25.61%
 4622s| 85400 |  7679 | 38226k| 447.4 |   435M |  54 |1166 |4219 |4128 | 113k|  0 |  63k|  14 | 0.000000e+00 |      --      |    Inf |  25.61%
 4629s| 85500 |  7670 | 38275k| 447.5 |   435M |  54 |1166 |4267 |3954 | 113k|  2 |  63k|  14 | 0.000000e+00 |      --      |    Inf |  25.61%
 4638s| 85600 |  7660 | 38340k| 447.7 |   435M |  54 |1166 |4261 |4269 | 113k|  2 |  63k|  14 | 0.000000e+00 |      --      |    Inf |  25.71%
 4644s| 85700 |  7651 | 38388k| 447.7 |   435M |  54 |1166 |4230 |4240 | 113k|  1 |  63k|  14 | 0.000000e+00 |      --      |    Inf |  25.71%
 time | node  | left  |LP iter|LP it/n|mem/heur|mdpt |vars |cons |rows |cuts |sepa|confs|strbr|  dualbound   | primalbound  |  gap   | compl. 
 4654s| 85800 |  7663 | 38456k| 448.0 |   435M |  54 |1166 |4246 |4199 | 113k|  0 |  63k|  14 | 0.000000e+00 |      --      |    Inf |  25.71%
 4661s| 85900 |  7658 | 38511k| 448.1 |   435M |  54 |1166 |4290 |3823 | 113k|  0 |  63k|  14 | 0.000000e+00 |      --      |    Inf |  25.71%
 4669s| 86000 |  7651 | 38565k| 448.2 |   435M |  54 |1166 |4272 |4066 | 114k|  0 |  63k|  14 | 0.000000e+00 |      --      |    Inf |  25.71%
 4677s| 86100 |  7688 | 38629k| 448.5 |   435M |  54 |1166 |4349 |4177 | 114k|  1 |  63k|  14 | 0.000000e+00 |      --      |    Inf |  25.71%
 4683s| 86200 |  7688 | 38670k| 448.4 |   436M |  54 |1166 |4399 |4177 | 114k|  1 |  64k|  14 | 0.000000e+00 |      --      |    Inf |  25.71%
 4689s| 86300 |  7698 | 38713k| 448.4 |   436M |  54 |1166 |4444 |4176 | 114k|  0 |  64k|  14 | 0.000000e+00 |      --      |    Inf |  25.71%
 4694s| 86400 |  7700 | 38753k| 448.3 |   436M |  54 |1166 |4500 |4180 | 114k|  1 |  64k|  14 | 0.000000e+00 |      --      |    Inf |  25.71%
 4699s| 86500 |  7708 | 38794k| 448.3 |   436M |  54 |1166 |4599 |4178 | 114k|  0 |  64k|  14 | 0.000000e+00 |      --      |    Inf |  25.71%
 4705s| 86600 |  7712 | 38840k| 448.3 |   436M |  54 |1166 |4792 |4177 | 114k|  0 |  64k|  14 | 0.000000e+00 |      --      |    Inf |  25.71%
 4711s| 86700 |  7720 | 38887k| 448.3 |   436M |  54 |1166 |4978 |4176 | 114k|  1 |  64k|  14 | 0.000000e+00 |      --      |    Inf |  25.71%
 4717s| 86800 |  7750 | 38935k| 448.4 |   436M |  54 |1166 |5153 |4178 | 114k|  1 |  64k|  14 | 0.000000e+00 |      --      |    Inf |  25.71%
 4723s| 86900 |  7744 | 38983k| 448.4 |   436M |  54 |1166 |5253 |4178 | 114k|  1 |  64k|  14 | 0.000000e+00 |      --      |    Inf |  25.71%
 4729s| 87000 |  7746 | 39031k| 448.4 |   436M |  54 |1166 |5362 |4177 | 114k|  0 |  65k|  14 | 0.000000e+00 |      --      |    Inf |  25.71%
 4736s| 87100 |  7742 | 39084k| 448.5 |   436M |  54 |1166 |5497 |4176 | 114k|  1 |  65k|  14 | 0.000000e+00 |      --      |    Inf |  25.71%
 4742s| 87200 |  7740 | 39130k| 448.6 |   436M |  54 |1166 |5605 |4177 | 114k|  0 |  65k|  14 | 0.000000e+00 |      --      |    Inf |  25.71%
 time | node  | left  |LP iter|LP it/n|mem/heur|mdpt |vars |cons |rows |cuts |sepa|confs|strbr|  dualbound   | primalbound  |  gap   | compl. 
 4747s| 87300 |  7740 | 39173k| 448.5 |   436M |  54 |1166 |5611 |4177 | 114k|  0 |  65k|  14 | 0.000000e+00 |      --      |    Inf |  25.71%
 4753s| 87400 |  7736 | 39220k| 448.6 |   436M |  54 |1166 |5665 |4177 | 114k|  0 |  65k|  14 | 0.000000e+00 |      --      |    Inf |  25.71%
 4759s| 87500 |  7732 | 39268k| 448.6 |   436M |  54 |1166 |5720 |4183 | 114k|  2 |  65k|  14 | 0.000000e+00 |      --      |    Inf |  25.71%
 4765s| 87600 |  7744 | 39314k| 448.6 |   436M |  54 |1166 |5734 |4179 | 114k|  1 |  65k|  14 | 0.000000e+00 |      --      |    Inf |  25.71%
 4770s| 87700 |  7750 | 39355k| 448.6 |   436M |  54 |1166 |5831 |4177 | 114k|  1 |  66k|  14 | 0.000000e+00 |      --      |    Inf |  25.71%
 4775s| 87800 |  7733 | 39394k| 448.5 |   436M |  54 |1166 |5797 |4176 | 114k|  0 |  66k|  14 | 0.000000e+00 |      --      |    Inf |  25.71%
 4781s| 87900 |  7710 | 39436k| 448.5 |   436M |  54 |1166 |5570 |4176 | 114k|  0 |  66k|  14 | 0.000000e+00 |      --      |    Inf |  25.71%
 4789s| 88000 |  7736 | 39497k| 448.6 |   436M |  54 |1166 |5557 |4204 | 114k|  0 |  66k|  14 | 0.000000e+00 |      --      |    Inf |  25.71%
 4798s| 88100 |  7746 | 39561k| 448.9 |   436M |  54 |1166 |5644 |4210 | 115k|  1 |  66k|  14 | 0.000000e+00 |      --      |    Inf |  25.71%
 4806s| 88200 |  7739 | 39623k| 449.1 |   437M |  54 |1166 |5750 |4180 | 115k|  0 |  66k|  14 | 0.000000e+00 |      --      |    Inf |  25.71%
 4810s| 88300 |  7735 | 39658k| 448.9 |   437M |  54 |1166 |5720 |4175 | 115k|  1 |  66k|  14 | 0.000000e+00 |      --      |    Inf |  25.71%
 4814s| 88400 |  7739 | 39694k| 448.8 |   437M |  54 |1166 |5758 |4176 | 115k|  1 |  66k|  14 | 0.000000e+00 |      --      |    Inf |  25.71%
 4820s| 88500 |  7731 | 39739k| 448.8 |   437M |  54 |1166 |5825 |4193 | 115k|  2 |  67k|  14 | 0.000000e+00 |      --      |    Inf |  25.71%
 4825s| 88600 |  7739 | 39780k| 448.8 |   437M |  54 |1166 |5869 |4178 | 115k|  1 |  67k|  14 | 0.000000e+00 |      --      |    Inf |  25.71%
 4831s| 88700 |  7725 | 39825k| 448.8 |   437M |  54 |1166 |5887 |4193 | 115k|  1 |  67k|  14 | 0.000000e+00 |      --      |    Inf |  25.71%
 time | node  | left  |LP iter|LP it/n|mem/heur|mdpt |vars |cons |rows |cuts |sepa|confs|strbr|  dualbound   | primalbound  |  gap   | compl. 
 4836s| 88800 |  7723 | 39867k| 448.8 |   437M |  54 |1166 |5860 |4210 | 115k|  0 |  67k|  14 | 0.000000e+00 |      --      |    Inf |  25.71%
 4842s| 88900 |  7717 | 39913k| 448.8 |   437M |  54 |1166 |5868 |4204 | 115k|  0 |  67k|  14 | 0.000000e+00 |      --      |    Inf |  25.71%
 4851s| 89000 |  7711 | 39976k| 449.0 |   438M |  54 |1166 |5895 |4192 | 115k|  0 |  67k|  14 | 0.000000e+00 |      --      |    Inf |  25.71%
 4858s| 89100 |  7699 | 40027k| 449.1 |   438M |  54 |1166 |5894 |4200 | 115k|  0 |  67k|  14 | 0.000000e+00 |      --      |    Inf |  25.71%
 4863s| 89200 |  7702 | 40070k| 449.0 |   438M |  54 |1166 |5915 |4175 | 115k|  1 |  67k|  14 | 0.000000e+00 |      --      |    Inf |  25.71%
 4870s| 89300 |  7703 | 40120k| 449.1 |   438M |  54 |1166 |5904 |4206 | 115k|  0 |  68k|  14 | 0.000000e+00 |      --      |    Inf |  25.71%
 4879s| 89400 |  7711 | 40183k| 449.3 |   438M |  54 |1166 |5654 |3814 | 115k|  0 |  68k|  14 | 0.000000e+00 |      --      |    Inf |  25.71%
 4885s| 89500 |  7701 | 40227k| 449.3 |   438M |  54 |1166 |5460 |4210 | 115k|  1 |  68k|  14 | 0.000000e+00 |      --      |    Inf |  25.72%
 4892s| 89600 |  7688 | 40280k| 449.4 |   438M |  54 |1166 |5072 |3747 | 115k|  2 |  68k|  14 | 0.000000e+00 |      --      |    Inf |  25.72%
 4898s| 89700 |  7694 | 40320k| 449.3 |   439M |  54 |1166 |5059 |4068 | 115k|  0 |  68k|  14 | 0.000000e+00 |      --      |    Inf |  25.72%
 4904s| 89800 |  7686 | 40368k| 449.3 |   440M |  54 |1166 |4797 |4005 | 115k|  1 |  68k|  14 | 0.000000e+00 |      --      |    Inf |  26.13%
 4910s| 89900 |  7706 | 40408k| 449.3 |   440M |  54 |1166 |4785 |4060 | 115k|  1 |  68k|  14 | 0.000000e+00 |      --      |    Inf |  26.13%
 4916s| 90000 |  7704 | 40450k| 449.3 |   440M |  54 |1166 |4627 |4231 | 115k|  0 |  68k|  14 | 0.000000e+00 |      --      |    Inf |  26.14%
 4921s| 90100 |  7717 | 40493k| 449.2 |   440M |  54 |1166 |4560 |4225 | 116k|  0 |  68k|  14 | 0.000000e+00 |      --      |    Inf |  26.14%
 4927s| 90200 |  7740 | 40540k| 449.3 |   440M |  54 |1166 |4434 |4212 | 116k|  1 |  68k|  14 | 0.000000e+00 |      --      |    Inf |  26.14%
 time | node  | left  |LP iter|LP it/n|mem/heur|mdpt |vars |cons |rows |cuts |sepa|confs|strbr|  dualbound   | primalbound  |  gap   | compl. 
 4934s| 90300 |  7731 | 40585k| 449.3 |   440M |  54 |1166 |4405 |4179 | 116k|  1 |  68k|  14 | 0.000000e+00 |      --      |    Inf |  26.14%
 4939s| 90400 |  7735 | 40627k| 449.2 |   440M |  54 |1166 |4411 |3722 | 116k|  2 |  68k|  14 | 0.000000e+00 |      --      |    Inf |  26.14%
 4944s| 90500 |  7744 | 40667k| 449.2 |   440M |  54 |1166 |4429 |3835 | 116k|  1 |  68k|  14 | 0.000000e+00 |      --      |    Inf |  26.14%
 4950s| 90600 |  7758 | 40708k| 449.1 |   440M |  54 |1166 |4447 |4135 | 116k|  0 |  68k|  14 | 0.000000e+00 |      --      |    Inf |  26.14%
 4957s| 90700 |  7749 | 40765k| 449.3 |   440M |  54 |1166 |4443 |3787 | 116k|  2 |  68k|  14 | 0.000000e+00 |      --      |    Inf |  26.15%
 4969s| 90800 |  7778 | 40849k| 449.7 |   440M |  54 |1166 |4305 |4207 | 116k|  2 |  68k|  14 | 0.000000e+00 |      --      |    Inf |  26.16%
 4973s| 90900 |  7796 | 40883k| 449.6 |   440M |  54 |1166 |4489 |4208 | 116k|  0 |  69k|  14 | 0.000000e+00 |      --      |    Inf |  26.16%
 4978s| 91000 |  7796 | 40921k| 449.5 |   440M |  54 |1166 |4720 |4208 | 116k|  0 |  69k|  14 | 0.000000e+00 |      --      |    Inf |  26.16%
 4983s| 91100 |  7791 | 40960k| 449.4 |   440M |  54 |1166 |4917 |4208 | 116k|  0 |  69k|  14 | 0.000000e+00 |      --      |    Inf |  26.16%
 4988s| 91200 |  7785 | 41000k| 449.4 |   440M |  54 |1166 |5067 |4209 | 116k|  0 |  69k|  14 | 0.000000e+00 |      --      |    Inf |  26.16%
 4995s| 91300 |  7782 | 41053k| 449.5 |   440M |  54 |1166 |5054 |4142 | 116k|  0 |  69k|  14 | 0.000000e+00 |      --      |    Inf |  26.16%
 5003s| 91400 |  7793 | 41113k| 449.6 |   440M |  54 |1166 |4875 |4206 | 117k|  1 |  70k|  14 | 0.000000e+00 |      --      |    Inf |  26.17%
 5012s| 91500 |  7814 | 41178k| 449.9 |   440M |  54 |1166 |4758 |4175 | 117k|  1 |  70k|  14 | 0.000000e+00 |      --      |    Inf |  26.17%
 5017s| 91600 |  7844 | 41213k| 449.7 |   441M |  54 |1166 |4818 |4213 | 117k|  1 |  70k|  14 | 0.000000e+00 |      --      |    Inf |  26.17%
 5023s| 91700 |  7844 | 41258k| 449.7 |   441M |  54 |1166 |4942 |4177 | 117k|  1 |  70k|  14 | 0.000000e+00 |      --      |    Inf |  26.17%
 time | node  | left  |LP iter|LP it/n|mem/heur|mdpt |vars |cons |rows |cuts |sepa|confs|strbr|  dualbound   | primalbound  |  gap   | compl. 
 5029s| 91800 |  7850 | 41304k| 449.8 |   441M |  54 |1166 |5055 |4177 | 117k|  0 |  70k|  14 | 0.000000e+00 |      --      |    Inf |  26.17%
 5036s| 91900 |  7846 | 41352k| 449.8 |   441M |  54 |1166 |5179 |4181 | 117k|  2 |  70k|  14 | 0.000000e+00 |      --      |    Inf |  26.17%
 5043s| 92000 |  7837 | 41400k| 449.8 |   441M |  54 |1166 |5246 |4175 | 117k|  0 |  70k|  14 | 0.000000e+00 |      --      |    Inf |  26.17%
 5049s| 92100 |  7849 | 41444k| 449.8 |   441M |  54 |1166 |5336 |4180 | 117k|  1 |  70k|  14 | 0.000000e+00 |      --      |    Inf |  26.17%
 5055s| 92200 |  7847 | 41486k| 449.8 |   441M |  54 |1166 |5388 |4181 | 117k|  2 |  71k|  14 | 0.000000e+00 |      --      |    Inf |  26.17%
 5060s| 92300 |  7845 | 41529k| 449.8 |   441M |  54 |1166 |5454 |4176 | 117k|  1 |  71k|  14 | 0.000000e+00 |      --      |    Inf |  26.17%
 5067s| 92400 |  7839 | 41579k| 449.8 |   441M |  54 |1166 |5442 |4179 | 117k|  0 |  71k|  14 | 0.000000e+00 |      --      |    Inf |  26.17%
 5073s| 92500 |  7841 | 41622k| 449.8 |   441M |  54 |1166 |5539 |4179 | 117k|  1 |  71k|  14 | 0.000000e+00 |      --      |    Inf |  26.17%
 5079s| 92600 |  7843 | 41670k| 449.8 |   441M |  54 |1166 |5552 |4175 | 117k|  1 |  71k|  14 | 0.000000e+00 |      --      |    Inf |  26.17%
 5084s| 92700 |  7857 | 41711k| 449.8 |   441M |  54 |1166 |5662 |4181 | 117k|  0 |  71k|  14 | 0.000000e+00 |      --      |    Inf |  26.17%
 5091s| 92800 |  7855 | 41758k| 449.8 |   441M |  54 |1166 |5765 |4177 | 117k|  1 |  71k|  14 | 0.000000e+00 |      --      |    Inf |  26.17%
 5097s| 92900 |  7839 | 41804k| 449.8 |   441M |  54 |1166 |5927 |4177 | 117k|  0 |  71k|  14 | 0.000000e+00 |      --      |    Inf |  26.17%
 5103s| 93000 |  7841 | 41850k| 449.8 |   442M |  54 |1166 |6011 |4179 | 117k|  1 |  71k|  14 | 0.000000e+00 |      --      |    Inf |  26.17%
 5108s| 93100 |  7837 | 41892k| 449.8 |   442M |  54 |1166 |6065 |4180 | 117k|  0 |  72k|  14 | 0.000000e+00 |      --      |    Inf |  26.17%
 5114s| 93200 |  7828 | 41935k| 449.8 |   442M |  54 |1166 |6131 |4180 | 117k|  1 |  72k|  14 | 0.000000e+00 |      --      |    Inf |  26.17%
 time | node  | left  |LP iter|LP it/n|mem/heur|mdpt |vars |cons |rows |cuts |sepa|confs|strbr|  dualbound   | primalbound  |  gap   | compl. 
 5119s| 93300 |  7828 | 41975k| 449.7 |   442M |  54 |1166 |6262 |4180 | 117k|  0 |  72k|  14 | 0.000000e+00 |      --      |    Inf |  26.17%
 5128s| 93400 |  7819 | 42040k| 449.9 |   442M |  54 |1166 |6140 |4215 | 118k|  0 |  72k|  14 | 0.000000e+00 |      --      |    Inf |  26.17%
 5139s| 93500 |  7835 | 42116k| 450.3 |   443M |  54 |1166 |5632 |3991 | 118k|  1 |  72k|  14 | 0.000000e+00 |      --      |    Inf |  26.18%
 5145s| 93600 |  7853 | 42169k| 450.4 |   443M |  54 |1166 |5349 |3995 | 118k|  0 |  72k|  14 | 0.000000e+00 |      --      |    Inf |  26.18%
 5152s| 93700 |  7859 | 42224k| 450.5 |   443M |  54 |1166 |5121 |3976 | 118k|  1 |  72k|  14 | 0.000000e+00 |      --      |    Inf |  26.18%
 5162s| 93800 |  7862 | 42299k| 450.8 |   443M |  54 |1166 |4844 |4199 | 119k|  1 |  72k|  14 | 0.000000e+00 |      --      |    Inf |  26.24%
 5170s| 93900 |  7871 | 42358k| 450.9 |   443M |  54 |1166 |4641 |4160 | 119k|  0 |  72k|  14 | 0.000000e+00 |      --      |    Inf |  26.24%
 5176s| 94000 |  7884 | 42408k| 451.0 |   443M |  54 |1166 |4671 |4209 | 119k|  2 |  72k|  14 | 0.000000e+00 |      --      |    Inf |  26.24%
 5184s| 94100 |  7880 | 42467k| 451.1 |   444M |  54 |1166 |4626 |4205 | 119k|  0 |  72k|  14 | 0.000000e+00 |      --      |    Inf |  26.24%
 5190s| 94200 |  7905 | 42513k| 451.1 |   444M |  54 |1166 |4479 |3741 | 119k|  1 |  73k|  14 | 0.000000e+00 |      --      |    Inf |  26.24%
 5196s| 94300 |  7899 | 42560k| 451.1 |   445M |  54 |1166 |4414 |4028 | 119k|  1 |  73k|  14 | 0.000000e+00 |      --      |    Inf |  26.24%
 5202s| 94400 |  7906 | 42605k| 451.2 |   445M |  54 |1166 |4311 |4187 | 119k|  1 |  73k|  14 | 0.000000e+00 |      --      |    Inf |  26.36%
 5207s| 94500 |  7919 | 42640k| 451.0 |   445M |  54 |1166 |4253 |3744 | 119k|  0 |  73k|  14 | 0.000000e+00 |      --      |    Inf |  26.36%
 5213s| 94600 |  7932 | 42684k| 451.0 |   445M |  54 |1166 |4299 |4190 | 119k|  1 |  73k|  14 | 0.000000e+00 |      --      |    Inf |  26.36%
 5218s| 94700 |  7949 | 42725k| 451.0 |   445M |  54 |1166 |4318 |4196 | 119k|  1 |  73k|  14 | 0.000000e+00 |      --      |    Inf |  26.36%
 time | node  | left  |LP iter|LP it/n|mem/heur|mdpt |vars |cons |rows |cuts |sepa|confs|strbr|  dualbound   | primalbound  |  gap   | compl. 
 5223s| 94800 |  7949 | 42760k| 450.9 |   445M |  54 |1166 |4405 |4122 | 119k|  0 |  73k|  14 | 0.000000e+00 |      --      |    Inf |  26.36%
 5229s| 94900 |  7969 | 42811k| 450.9 |   446M |  54 |1166 |4418 |3787 | 119k|  2 |  73k|  14 | 0.000000e+00 |      --      |    Inf |  26.36%
 5234s| 95000 |  7999 | 42850k| 450.9 |   447M |  54 |1166 |4393 |3923 | 120k|  0 |  73k|  14 | 0.000000e+00 |      --      |    Inf |  26.36%
 5239s| 95100 |  8006 | 42897k| 450.9 |   447M |  54 |1166 |4312 |4125 | 120k|  0 |  73k|  14 | 0.000000e+00 |      --      |    Inf |  26.37%
 5244s| 95200 |  8031 | 42936k| 450.8 |   447M |  54 |1166 |4407 |4173 | 120k|  1 |  73k|  14 | 0.000000e+00 |      --      |    Inf |  26.37%
 5250s| 95300 |  8016 | 42983k| 450.9 |   448M |  54 |1166 |4557 |4173 | 120k|  0 |  73k|  14 | 0.000000e+00 |      --      |    Inf |  26.37%
 5257s| 95400 |  7991 | 43033k| 450.9 |   448M |  54 |1166 |4486 |3932 | 120k|  1 |  74k|  14 | 0.000000e+00 |      --      |    Inf |  26.37%
 5263s| 95500 |  7995 | 43081k| 450.9 |   448M |  54 |1166 |4430 |3832 | 120k|  2 |  74k|  14 | 0.000000e+00 |      --      |    Inf |  26.38%
 5269s| 95600 |  8017 | 43128k| 451.0 |   448M |  54 |1166 |4313 |3732 | 120k|  2 |  74k|  14 | 0.000000e+00 |      --      |    Inf |  26.38%
 5274s| 95700 |  8021 | 43163k| 450.9 |   448M |  54 |1166 |4288 |4209 | 120k|  0 |  74k|  14 | 0.000000e+00 |      --      |    Inf |  26.38%
 5278s| 95800 |  8015 | 43201k| 450.8 |   448M |  54 |1166 |4282 |4126 | 120k|  1 |  74k|  14 | 0.000000e+00 |      --      |    Inf |  26.38%
 5284s| 95900 |  8004 | 43245k| 450.8 |   448M |  54 |1166 |4251 |4136 | 120k|  1 |  74k|  14 | 0.000000e+00 |      --      |    Inf |  26.38%
 5289s| 96000 |  8003 | 43282k| 450.7 |   448M |  54 |1166 |4257 |4222 | 120k|  1 |  74k|  14 | 0.000000e+00 |      --      |    Inf |  26.38%
 5295s| 96100 |  8003 | 43326k| 450.7 |   449M |  54 |1166 |4278 |4221 | 120k|  2 |  74k|  14 | 0.000000e+00 |      --      |    Inf |  26.38%
 5300s| 96200 |  8010 | 43365k| 450.6 |   449M |  54 |1166 |4275 |4223 | 120k|  0 |  74k|  14 | 0.000000e+00 |      --      |    Inf |  26.38%
 time | node  | left  |LP iter|LP it/n|mem/heur|mdpt |vars |cons |rows |cuts |sepa|confs|strbr|  dualbound   | primalbound  |  gap   | compl. 
 5305s| 96300 |  8008 | 43410k| 450.6 |   449M |  54 |1166 |4274 |4197 | 120k|  0 |  74k|  14 | 0.000000e+00 |      --      |    Inf |  26.38%
 5311s| 96400 |  8014 | 43451k| 450.6 |   449M |  54 |1166 |4246 |3834 | 120k|  0 |  74k|  14 | 0.000000e+00 |      --      |    Inf |  26.38%
 5316s| 96500 |  8032 | 43492k| 450.5 |   449M |  54 |1166 |4280 |4205 | 120k|  1 |  74k|  14 | 0.000000e+00 |      --      |    Inf |  26.38%
 5321s| 96600 |  8030 | 43528k| 450.4 |   449M |  54 |1166 |4309 |3738 | 120k|  1 |  74k|  14 | 0.000000e+00 |      --      |    Inf |  26.38%
 5326s| 96700 |  8044 | 43574k| 450.4 |   450M |  54 |1166 |4283 |3173 | 120k|  0 |  74k|  14 | 0.000000e+00 |      --      |    Inf |  26.38%
 5331s| 96800 |  8056 | 43614k| 450.4 |   450M |  54 |1166 |4289 |4140 | 120k|  1 |  74k|  14 | 0.000000e+00 |      --      |    Inf |  26.39%
 5336s| 96900 |  8066 | 43652k| 450.3 |   450M |  54 |1166 |4324 |4133 | 120k|  1 |  74k|  14 | 0.000000e+00 |      --      |    Inf |  26.39%
 5342s| 97000 |  8060 | 43698k| 450.3 |   451M |  54 |1166 |4320 |3855 | 120k|  0 |  74k|  14 | 0.000000e+00 |      --      |    Inf |  26.39%
 5350s| 97100 |  8077 | 43755k| 450.5 |   451M |  54 |1166 |4256 |4107 | 121k|  2 |  75k|  14 | 0.000000e+00 |      --      |    Inf |  26.40%
 5356s| 97200 |  8095 | 43805k| 450.5 |   453M |  54 |1166 |4100 |4158 | 121k|  0 |  75k|  14 | 0.000000e+00 |      --      |    Inf |  26.40%
 5359s| 97300 |  8087 | 43838k| 450.4 |   453M |  54 |1166 |4115 |4172 | 121k|  0 |  75k|  14 | 0.000000e+00 |      --      |    Inf |  26.41%
 5364s| 97400 |  8101 | 43879k| 450.3 |   453M |  54 |1166 |4062 |3821 | 121k|  1 |  75k|  14 | 0.000000e+00 |      --      |    Inf |  26.41%
 5369s| 97500 |  8102 | 43923k| 450.3 |   453M |  54 |1166 |4001 |3732 | 121k|  0 |  75k|  14 | 0.000000e+00 |      --      |    Inf |  26.41%
 5374s| 97600 |  8110 | 43965k| 450.3 |   453M |  54 |1166 |4003 |4161 | 121k|  0 |  75k|  14 | 0.000000e+00 |      --      |    Inf |  26.41%
 5379s| 97700 |  8114 | 44009k| 450.3 |   453M |  54 |1166 |4041 |4162 | 121k|  1 |  75k|  14 | 0.000000e+00 |      --      |    Inf |  26.41%
 time | node  | left  |LP iter|LP it/n|mem/heur|mdpt |vars |cons |rows |cuts |sepa|confs|strbr|  dualbound   | primalbound  |  gap   | compl. 
 5383s| 97800 |  8112 | 44043k| 450.2 |   453M |  54 |1166 |4061 |4161 | 121k|  0 |  75k|  14 | 0.000000e+00 |      --      |    Inf |  26.41%
 5388s| 97900 |  8114 | 44087k| 450.2 |   453M |  54 |1166 |4102 |4161 | 121k|  0 |  75k|  14 | 0.000000e+00 |      --      |    Inf |  26.41%
 5395s| 98000 |  8112 | 44142k| 450.3 |   453M |  54 |1166 |4123 |3945 | 121k|  1 |  75k|  14 | 0.000000e+00 |      --      |    Inf |  26.41%
 5402s| 98100 |  8111 | 44201k| 450.4 |   454M |  54 |1166 |4116 |3299 | 122k|  2 |  75k|  14 | 0.000000e+00 |      --      |    Inf |  26.41%
 5412s| 98200 |  8122 | 44274k| 450.7 |   454M |  54 |1166 |4137 |4139 | 122k|  0 |  75k|  14 | 0.000000e+00 |      --      |    Inf |  26.42%
 5421s| 98300 |  8124 | 44349k| 451.0 |   455M |  54 |1166 |4140 |3739 | 122k|  2 |  75k|  14 | 0.000000e+00 |      --      |    Inf |  26.42%
 5429s| 98400 |  8121 | 44407k| 451.1 |   455M |  54 |1166 |4164 |4214 | 122k|  1 |  75k|  14 | 0.000000e+00 |      --      |    Inf |  26.42%
 5437s| 98500 |  8130 | 44468k| 451.3 |   455M |  54 |1166 |4167 |3859 | 122k|  0 |  75k|  14 | 0.000000e+00 |      --      |    Inf |  26.42%
 5443s| 98600 |  8142 | 44525k| 451.4 |   455M |  54 |1166 |4144 |4105 | 122k|  1 |  75k|  14 | 0.000000e+00 |      --      |    Inf |  26.43%
 5450s| 98700 |  8149 | 44578k| 451.5 |   455M |  54 |1166 |4156 |4197 | 122k|  0 |  75k|  14 | 0.000000e+00 |      --      |    Inf |  26.43%
 5457s| 98800 |  8162 | 44630k| 451.6 |   455M |  54 |1166 |4217 |4122 | 122k|  2 |  75k|  14 | 0.000000e+00 |      --      |    Inf |  26.43%
 5463s| 98900 |  8170 | 44676k| 451.6 |   455M |  54 |1166 |4273 |4125 | 123k|  1 |  76k|  14 | 0.000000e+00 |      --      |    Inf |  26.43%
 5468s| 99000 |  8182 | 44717k| 451.5 |   455M |  54 |1166 |4329 |4128 | 123k|  0 |  76k|  14 | 0.000000e+00 |      --      |    Inf |  26.43%
 5473s| 99100 |  8180 | 44755k| 451.5 |   455M |  54 |1166 |4342 |3984 | 123k|  1 |  76k|  14 | 0.000000e+00 |      --      |    Inf |  26.43%
 5480s| 99200 |  8179 | 44813k| 451.6 |   455M |  54 |1166 |4323 |4228 | 123k|  0 |  76k|  14 | 0.000000e+00 |      --      |    Inf |  26.43%
 time | node  | left  |LP iter|LP it/n|mem/heur|mdpt |vars |cons |rows |cuts |sepa|confs|strbr|  dualbound   | primalbound  |  gap   | compl. 
 5487s| 99300 |  8175 | 44864k| 451.6 |   455M |  54 |1166 |4396 |3822 | 123k|  1 |  76k|  14 | 0.000000e+00 |      --      |    Inf |  26.43%
 5496s| 99400 |  8174 | 44936k| 451.9 |   455M |  54 |1166 |4314 |4204 | 123k|  0 |  76k|  14 | 0.000000e+00 |      --      |    Inf |  26.45%
 5502s| 99500 |  8175 | 44984k| 451.9 |   455M |  54 |1166 |4345 |3800 | 123k|  2 |  76k|  14 | 0.000000e+00 |      --      |    Inf |  26.45%
 5507s| 99600 |  8177 | 45029k| 451.9 |   455M |  54 |1166 |4329 |4131 | 123k|  0 |  76k|  14 | 0.000000e+00 |      --      |    Inf |  26.45%
 5511s| 99700 |  8171 | 45065k| 451.8 |   455M |  54 |1166 |4344 |3829 | 123k|  0 |  76k|  14 | 0.000000e+00 |      --      |    Inf |  26.45%
 5519s| 99800 |  8190 | 45126k| 452.0 |   455M |  54 |1166 |4264 |4008 | 123k|  1 |  76k|  14 | 0.000000e+00 |      --      |    Inf |  26.46%
 5525s| 99900 |  8199 | 45178k| 452.1 |   455M |  54 |1166 |4269 |4245 | 123k|  1 |  76k|  14 | 0.000000e+00 |      --      |    Inf |  26.46%
 5529s|100000 |  8201 | 45212k| 452.0 |   455M |  54 |1166 |4314 |4244 | 123k|  1 |  76k|  14 | 0.000000e+00 |      --      |    Inf |  26.46%
 5535s|100100 |  8190 | 45264k| 452.0 |   455M |  54 |1166 |4334 |4195 | 123k|  1 |  76k|  14 | 0.000000e+00 |      --      |    Inf |  26.46%
 5544s|100200 |  8217 | 45322k| 452.1 |   455M |  54 |1166 |4358 |4249 | 123k|  0 |  76k|  14 | 0.000000e+00 |      --      |    Inf |  26.46%
 5549s|100300 |  8229 | 45365k| 452.1 |   455M |  54 |1166 |4447 |4249 | 123k|  0 |  77k|  14 | 0.000000e+00 |      --      |    Inf |  26.46%
 5556s|100400 |  8234 | 45415k| 452.2 |   455M |  54 |1166 |4510 |4206 | 123k|  0 |  77k|  14 | 0.000000e+00 |      --      |    Inf |  26.46%
 5564s|100500 |  8252 | 45476k| 452.3 |   456M |  54 |1166 |4622 |4209 | 123k|  2 |  77k|  14 | 0.000000e+00 |      --      |    Inf |  26.46%
 5571s|100600 |  8240 | 45531k| 452.4 |   456M |  54 |1166 |4758 |3816 | 123k|  1 |  77k|  14 | 0.000000e+00 |      --      |    Inf |  26.46%
 5578s|100700 |  8232 | 45581k| 452.5 |   456M |  54 |1166 |4721 |4186 | 123k|  0 |  77k|  14 | 0.000000e+00 |      --      |    Inf |  26.51%
 time | node  | left  |LP iter|LP it/n|mem/heur|mdpt |vars |cons |rows |cuts |sepa|confs|strbr|  dualbound   | primalbound  |  gap   | compl. 
 5584s|100800 |  8224 | 45635k| 452.6 |   456M |  54 |1166 |4693 |3743 | 123k|  0 |  77k|  14 | 0.000000e+00 |      --      |    Inf |  26.51%
 5590s|100900 |  8222 | 45694k| 452.7 |   456M |  54 |1166 |4666 |4186 | 123k|  1 |  77k|  14 | 0.000000e+00 |      --      |    Inf |  26.51%
 5596s|101000 |  8253 | 45749k| 452.8 |   456M |  54 |1166 |4706 |4127 | 124k|  0 |  77k|  14 | 0.000000e+00 |      --      |    Inf |  26.51%
 5601s|101100 |  8261 | 45802k| 452.9 |   456M |  54 |1166 |4788 |4127 | 124k|  1 |  77k|  14 | 0.000000e+00 |      --      |    Inf |  26.51%
 5605s|101200 |  8263 | 45843k| 452.8 |   456M |  54 |1166 |4883 |4127 | 124k|  1 |  77k|  14 | 0.000000e+00 |      --      |    Inf |  26.51%
 5609s|101300 |  8273 | 45891k| 452.9 |   456M |  54 |1166 |4998 |4125 | 124k|  1 |  78k|  14 | 0.000000e+00 |      --      |    Inf |  26.51%
 5614s|101400 |  8273 | 45937k| 452.9 |   456M |  54 |1166 |5082 |4126 | 124k|  0 |  78k|  14 | 0.000000e+00 |      --      |    Inf |  26.51%
 5619s|101500 |  8285 | 45990k| 452.9 |   456M |  54 |1166 |5035 |4280 | 124k|  1 |  78k|  14 | 0.000000e+00 |      --      |    Inf |  26.51%
 5624s|101600 |  8277 | 46037k| 453.0 |   456M |  54 |1166 |5020 |3651 | 124k|  1 |  78k|  14 | 0.000000e+00 |      --      |    Inf |  26.52%
 5630s|101700 |  8265 | 46095k| 453.1 |   456M |  54 |1166 |4897 |4239 | 124k|  0 |  78k|  14 | 0.000000e+00 |      --      |    Inf |  26.53%
 5636s|101800 |  8288 | 46158k| 453.3 |   456M |  54 |1166 |4887 |4013 | 124k|  1 |  78k|  14 | 0.000000e+00 |      --      |    Inf |  26.58%
 5641s|101900 |  8295 | 46214k| 453.4 |   456M |  54 |1166 |4798 |3733 | 124k|  0 |  78k|  14 | 0.000000e+00 |      --      |    Inf |  26.58%
 5646s|102000 |  8286 | 46257k| 453.3 |   457M |  54 |1166 |4770 |4184 | 124k|  2 |  78k|  14 | 0.000000e+00 |      --      |    Inf |  26.58%
 5651s|102100 |  8296 | 46311k| 453.4 |   458M |  54 |1166 |4734 |4269 | 124k|  0 |  78k|  14 | 0.000000e+00 |      --      |    Inf |  26.58%
 5657s|102200 |  8289 | 46360k| 453.5 |   458M |  54 |1166 |4701 |4233 | 124k|  0 |  78k|  14 | 0.000000e+00 |      --      |    Inf |  26.58%
 time | node  | left  |LP iter|LP it/n|mem/heur|mdpt |vars |cons |rows |cuts |sepa|confs|strbr|  dualbound   | primalbound  |  gap   | compl. 
 5665s|102300 |  8291 | 46443k| 453.8 |   458M |  54 |1166 |4705 |4060 | 124k|  0 |  78k|  14 | 0.000000e+00 |      --      |    Inf |  26.59%
 5670s|102400 |  8301 | 46490k| 453.8 |   458M |  54 |1166 |4748 |4205 | 124k|  0 |  78k|  14 | 0.000000e+00 |      --      |    Inf |  26.59%
 5676s|102500 |  8295 | 46549k| 454.0 |   458M |  54 |1166 |4702 |4098 | 124k|  1 |  78k|  14 | 0.000000e+00 |      --      |    Inf |  26.60%
 5683s|102600 |  8304 | 46611k| 454.1 |   458M |  54 |1166 |4660 |4237 | 124k|  0 |  79k|  14 | 0.000000e+00 |      --      |    Inf |  26.62%
 5690s|102700 |  8321 | 46668k| 454.2 |   458M |  54 |1166 |4563 |4001 | 125k|  1 |  79k|  14 | 0.000000e+00 |      --      |    Inf |  26.62%
 5701s|102800 |  8326 | 46747k| 454.6 |   459M |  54 |1166 |4478 |4277 | 125k|  1 |  79k|  14 | 0.000000e+00 |      --      |    Inf |  26.63%
 5707s|102900 |  8336 | 46799k| 454.6 |   459M |  54 |1166 |4453 |3958 | 125k|  0 |  79k|  14 | 0.000000e+00 |      --      |    Inf |  26.63%
 5716s|103000 |  8341 | 46871k| 454.9 |   460M |  54 |1166 |4417 |4249 | 125k|  1 |  79k|  14 | 0.000000e+00 |      --      |    Inf |  26.74%
 5727s|103100 |  8371 | 46943k| 455.2 |   460M |  54 |1166 |4271 |3986 | 125k|  1 |  79k|  14 | 0.000000e+00 |      --      |    Inf |  26.75%
 5736s|103200 |  8380 | 47010k| 455.4 |   462M |  54 |1166 |4225 |4068 | 126k|  0 |  79k|  14 | 0.000000e+00 |      --      |    Inf |  26.75%
 5747s|103300 |  8388 | 47089k| 455.7 |   462M |  54 |1166 |4173 |3838 | 126k|  0 |  79k|  14 | 0.000000e+00 |      --      |    Inf |  26.78%
 5755s|103400 |  8404 | 47151k| 455.9 |   462M |  54 |1166 |4167 |4196 | 127k|  0 |  79k|  14 | 0.000000e+00 |      --      |    Inf |  26.78%
 5761s|103500 |  8406 | 47199k| 455.9 |   462M |  54 |1166 |4177 |4135 | 127k|  1 |  79k|  14 | 0.000000e+00 |      --      |    Inf |  26.78%
 5766s|103600 |  8412 | 47245k| 455.9 |   462M |  54 |1166 |4147 |3874 | 127k|  2 |  79k|  14 | 0.000000e+00 |      --      |    Inf |  26.78%
 5772s|103700 |  8414 | 47292k| 455.9 |   462M |  54 |1166 |4178 |4172 | 127k|  0 |  79k|  14 | 0.000000e+00 |      --      |    Inf |  26.79%
 time | node  | left  |LP iter|LP it/n|mem/heur|mdpt |vars |cons |rows |cuts |sepa|confs|strbr|  dualbound   | primalbound  |  gap   | compl. 
 5777s|103800 |  8425 | 47330k| 455.8 |   462M |  54 |1166 |4099 |4062 | 127k|  1 |  79k|  14 | 0.000000e+00 |      --      |    Inf |  26.79%
 5783s|103900 |  8456 | 47371k| 455.8 |   462M |  54 |1166 |4056 |3651 | 127k|  2 |  79k|  14 | 0.000000e+00 |      --      |    Inf |  26.79%
 5789s|104000 |  8471 | 47415k| 455.8 |   462M |  54 |1166 |4073 |3979 | 127k|  0 |  79k|  14 | 0.000000e+00 |      --      |    Inf |  26.79%
 5793s|104100 |  8482 | 47446k| 455.6 |   462M |  54 |1166 |4184 |4114 | 127k|  0 |  79k|  14 | 0.000000e+00 |      --      |    Inf |  26.79%
 5798s|104200 |  8493 | 47481k| 455.5 |   462M |  54 |1166 |4247 |4096 | 127k|  1 |  79k|  14 | 0.000000e+00 |      --      |    Inf |  26.79%
 5803s|104300 |  8507 | 47517k| 455.4 |   462M |  54 |1166 |4258 |3848 | 127k|  2 |  80k|  14 | 0.000000e+00 |      --      |    Inf |  26.79%
 5807s|104400 |  8514 | 47547k| 455.3 |   462M |  54 |1166 |4243 |4205 | 127k|  1 |  80k|  14 | 0.000000e+00 |      --      |    Inf |  26.79%
 5812s|104500 |  8520 | 47581k| 455.2 |   462M |  54 |1166 |4270 |3951 | 127k|  0 |  80k|  14 | 0.000000e+00 |      --      |    Inf |  26.80%
 5818s|104600 |  8506 | 47619k| 455.1 |   462M |  54 |1166 |4280 |4219 | 127k|  1 |  80k|  14 | 0.000000e+00 |      --      |    Inf |  26.80%
 5822s|104700 |  8515 | 47652k| 455.0 |   462M |  54 |1166 |4297 |4004 | 127k|  0 |  80k|  14 | 0.000000e+00 |      --      |    Inf |  26.80%
 5827s|104800 |  8513 | 47684k| 454.8 |   462M |  54 |1166 |4243 |4200 | 127k|  1 |  80k|  14 | 0.000000e+00 |      --      |    Inf |  26.80%
 5833s|104900 |  8533 | 47731k| 454.9 |   462M |  54 |1166 |4094 |4267 | 128k|  0 |  80k|  14 | 0.000000e+00 |      --      |    Inf |  27.00%
 5838s|105000 |  8562 | 47774k| 454.8 |   462M |  54 |1166 |4143 |4165 | 128k|  1 |  80k|  14 | 0.000000e+00 |      --      |    Inf |  27.00%
 5842s|105100 |  8560 | 47811k| 454.8 |   462M |  54 |1166 |4296 |4165 | 128k|  1 |  80k|  14 | 0.000000e+00 |      --      |    Inf |  27.00%
 5848s|105200 |  8555 | 47855k| 454.7 |   462M |  54 |1166 |4350 |4188 | 128k|  1 |  80k|  14 | 0.000000e+00 |      --      |    Inf |  27.00%
 time | node  | left  |LP iter|LP it/n|mem/heur|mdpt |vars |cons |rows |cuts |sepa|confs|strbr|  dualbound   | primalbound  |  gap   | compl. 
 5855s|105300 |  8576 | 47909k| 454.8 |   463M |  54 |1166 |4201 |4223 | 128k|  2 |  80k|  14 | 0.000000e+00 |      --      |    Inf |  27.01%
 5861s|105400 |  8585 | 47949k| 454.8 |   463M |  54 |1166 |4217 |4208 | 128k|  1 |  80k|  14 | 0.000000e+00 |      --      |    Inf |  27.01%
 5866s|105500 |  8623 | 47990k| 454.7 |   463M |  54 |1166 |4320 |4211 | 128k|  1 |  80k|  14 | 0.000000e+00 |      --      |    Inf |  27.02%
 5870s|105600 |  8625 | 48024k| 454.6 |   463M |  54 |1166 |4445 |4211 | 128k|  1 |  81k|  14 | 0.000000e+00 |      --      |    Inf |  27.02%
 5875s|105700 |  8629 | 48064k| 454.6 |   463M |  54 |1166 |4550 |4212 | 128k|  0 |  81k|  14 | 0.000000e+00 |      --      |    Inf |  27.02%
 5880s|105800 |  8633 | 48106k| 454.5 |   463M |  54 |1166 |4626 |4212 | 128k|  1 |  81k|  14 | 0.000000e+00 |      --      |    Inf |  27.02%
 5884s|105900 |  8623 | 48147k| 454.5 |   463M |  54 |1166 |4738 |4211 | 128k|  0 |  81k|  14 | 0.000000e+00 |      --      |    Inf |  27.02%
 5888s|106000 |  8620 | 48177k| 454.3 |   463M |  54 |1166 |4844 |4211 | 128k|  1 |  81k|  14 | 0.000000e+00 |      --      |    Inf |  27.02%
 5892s|106100 |  8606 | 48216k| 454.3 |   463M |  54 |1166 |4880 |4228 | 128k|  1 |  81k|  14 | 0.000000e+00 |      --      |    Inf |  27.07%
 5897s|106200 |  8612 | 48254k| 454.2 |   463M |  54 |1166 |4874 |4198 | 128k|  0 |  81k|  14 | 0.000000e+00 |      --      |    Inf |  27.07%
 5903s|106300 |  8620 | 48296k| 454.2 |   463M |  54 |1166 |4774 |4039 | 128k|  1 |  81k|  14 | 0.000000e+00 |      --      |    Inf |  27.07%
 5909s|106400 |  8655 | 48340k| 454.2 |   464M |  54 |1166 |4573 |4257 | 128k|  2 |  81k|  14 | 0.000000e+00 |      --      |    Inf |  27.07%
 5917s|106500 |  8660 | 48400k| 454.3 |   464M |  54 |1166 |4383 |4202 | 129k|  0 |  81k|  14 | 0.000000e+00 |      --      |    Inf |  27.08%
 5924s|106600 |  8664 | 48454k| 454.4 |   464M |  54 |1166 |4343 |4206 | 129k|  0 |  81k|  14 | 0.000000e+00 |      --      |    Inf |  27.08%
 5933s|106700 |  8671 | 48525k| 454.6 |   464M |  54 |1166 |4202 |3791 | 129k|  1 |  81k|  14 | 0.000000e+00 |      --      |    Inf |  27.08%
 time | node  | left  |LP iter|LP it/n|mem/heur|mdpt |vars |cons |rows |cuts |sepa|confs|strbr|  dualbound   | primalbound  |  gap   | compl. 
 5942s|106800 |  8681 | 48599k| 454.9 |   464M |  54 |1166 |4188 |3730 | 129k|  2 |  81k|  14 | 0.000000e+00 |      --      |    Inf |  27.08%
 5951s|106900 |  8695 | 48671k| 455.1 |   464M |  54 |1166 |4189 |3803 | 129k|  1 |  82k|  14 | 0.000000e+00 |      --      |    Inf |  27.10%
 5958s|107000 |  8719 | 48726k| 455.2 |   464M |  54 |1166 |4190 |4244 | 129k|  1 |  82k|  14 | 0.000000e+00 |      --      |    Inf |  27.10%
 5964s|107100 |  8723 | 48775k| 455.3 |   464M |  54 |1166 |4272 |4244 | 129k|  0 |  82k|  14 | 0.000000e+00 |      --      |    Inf |  27.10%
 5969s|107200 |  8751 | 48814k| 455.2 |   464M |  54 |1166 |4357 |4244 | 129k|  0 |  82k|  14 | 0.000000e+00 |      --      |    Inf |  27.10%
 5975s|107300 |  8741 | 48855k| 455.2 |   465M |  54 |1166 |4409 |4244 | 129k|  0 |  82k|  14 | 0.000000e+00 |      --      |    Inf |  27.10%
 5981s|107400 |  8729 | 48904k| 455.2 |   465M |  54 |1166 |4431 |4244 | 129k|  0 |  82k|  14 | 0.000000e+00 |      --      |    Inf |  27.10%
 5988s|107500 |  8743 | 48952k| 455.2 |   465M |  54 |1166 |4462 |4243 | 129k|  1 |  82k|  14 | 0.000000e+00 |      --      |    Inf |  27.10%
 5994s|107600 |  8738 | 49000k| 455.2 |   465M |  54 |1166 |4533 |4242 | 129k|  1 |  82k|  14 | 0.000000e+00 |      --      |    Inf |  27.10%
 6000s|107700 |  8740 | 49048k| 455.3 |   465M |  54 |1166 |4582 |4242 | 129k|  0 |  82k|  14 | 0.000000e+00 |      --      |    Inf |  27.10%
 6006s|107800 |  8752 | 49091k| 455.2 |   465M |  54 |1166 |4621 |4243 | 129k|  1 |  82k|  14 | 0.000000e+00 |      --      |    Inf |  27.10%
 6010s|107900 |  8744 | 49131k| 455.2 |   465M |  54 |1166 |4679 |4243 | 129k|  0 |  82k|  14 | 0.000000e+00 |      --      |    Inf |  27.10%
 6016s|108000 |  8744 | 49176k| 455.2 |   465M |  54 |1166 |4724 |4243 | 129k|  0 |  82k|  14 | 0.000000e+00 |      --      |    Inf |  27.10%
 6022s|108100 |  8742 | 49228k| 455.2 |   465M |  54 |1166 |4794 |4243 | 129k|  1 |  82k|  14 | 0.000000e+00 |      --      |    Inf |  27.10%
 6027s|108200 |  8748 | 49271k| 455.2 |   465M |  54 |1166 |4836 |4243 | 129k|  1 |  82k|  14 | 0.000000e+00 |      --      |    Inf |  27.10%
 time | node  | left  |LP iter|LP it/n|mem/heur|mdpt |vars |cons |rows |cuts |sepa|confs|strbr|  dualbound   | primalbound  |  gap   | compl. 
 6033s|108300 |  8736 | 49315k| 455.2 |   465M |  54 |1166 |4923 |4245 | 129k|  0 |  83k|  14 | 0.000000e+00 |      --      |    Inf |  27.10%
 6039s|108400 |  8753 | 49361k| 455.2 |   465M |  54 |1166 |4978 |4244 | 129k|  1 |  83k|  14 | 0.000000e+00 |      --      |    Inf |  27.10%
 6045s|108500 |  8767 | 49405k| 455.2 |   465M |  54 |1166 |5018 |4244 | 129k|  1 |  83k|  14 | 0.000000e+00 |      --      |    Inf |  27.10%
 6050s|108600 |  8779 | 49446k| 455.2 |   465M |  54 |1166 |5069 |4246 | 129k|  0 |  83k|  14 | 0.000000e+00 |      --      |    Inf |  27.10%
 6056s|108700 |  8781 | 49491k| 455.1 |   465M |  54 |1166 |5143 |4246 | 129k|  1 |  83k|  14 | 0.000000e+00 |      --      |    Inf |  27.10%
 6062s|108800 |  8782 | 49538k| 455.2 |   465M |  54 |1166 |5209 |4245 | 129k|  0 |  83k|  14 | 0.000000e+00 |      --      |    Inf |  27.10%
 6067s|108900 |  8774 | 49582k| 455.1 |   465M |  54 |1166 |5259 |4245 | 129k|  1 |  83k|  14 | 0.000000e+00 |      --      |    Inf |  27.10%
 6072s|109000 |  8761 | 49626k| 455.1 |   465M |  54 |1166 |5287 |4245 | 129k|  1 |  83k|  14 | 0.000000e+00 |      --      |    Inf |  27.10%
 6078s|109100 |  8745 | 49672k| 455.1 |   466M |  54 |1166 |5248 |4245 | 129k|  1 |  83k|  14 | 0.000000e+00 |      --      |    Inf |  27.10%
 6085s|109200 |  8750 | 49730k| 455.3 |   466M |  54 |1166 |5198 |4157 | 129k|  0 |  83k|  14 | 0.000000e+00 |      --      |    Inf |  27.10%
 6092s|109300 |  8752 | 49788k| 455.4 |   466M |  54 |1166 |5224 |3235 | 129k|  0 |  83k|  14 | 0.000000e+00 |      --      |    Inf |  27.10%
 6101s|109400 |  8764 | 49854k| 455.6 |   466M |  54 |1166 |5168 |4218 | 130k|  0 |  83k|  14 | 0.000000e+00 |      --      |    Inf |  27.10%
 6108s|109500 |  8774 | 49905k| 455.6 |   466M |  54 |1166 |5176 |4128 | 130k|  2 |  83k|  14 | 0.000000e+00 |      --      |    Inf |  27.10%
 6115s|109600 |  8774 | 49961k| 455.7 |   466M |  54 |1166 |5235 |3452 | 130k|  0 |  84k|  14 | 0.000000e+00 |      --      |    Inf |  27.11%
 6126s|109700 |  8784 | 50041k| 456.0 |   466M |  54 |1166 |5034 |4200 | 130k|  0 |  84k|  14 | 0.000000e+00 |      --      |    Inf |  27.15%
 time | node  | left  |LP iter|LP it/n|mem/heur|mdpt |vars |cons |rows |cuts |sepa|confs|strbr|  dualbound   | primalbound  |  gap   | compl. 
 6135s|109800 |  8779 | 50110k| 456.2 |   466M |  54 |1166 |4856 |4268 | 130k|  1 |  84k|  14 | 0.000000e+00 |      --      |    Inf |  27.16%
 6142s|109900 |  8797 | 50166k| 456.3 |   466M |  54 |1166 |4769 |4230 | 130k|  0 |  84k|  14 | 0.000000e+00 |      --      |    Inf |  27.16%
 6149s|110000 |  8813 | 50211k| 456.3 |   466M |  54 |1166 |4783 |4128 | 130k|  0 |  84k|  14 | 0.000000e+00 |      --      |    Inf |  27.16%
 6155s|110100 |  8817 | 50255k| 456.3 |   466M |  54 |1166 |4820 |3853 | 130k|  0 |  84k|  14 | 0.000000e+00 |      --      |    Inf |  27.16%
 6163s|110200 |  8835 | 50314k| 456.4 |   470M |  54 |1166 |4840 |4203 | 130k|  0 |  84k|  14 | 0.000000e+00 |      --      |    Inf |  27.16%
 6170s|110300 |  8827 | 50367k| 456.5 |   470M |  54 |1166 |4728 |3996 | 130k|  0 |  84k|  14 | 0.000000e+00 |      --      |    Inf |  27.16%
 6178s|110400 |  8855 | 50436k| 456.7 |   470M |  54 |1166 |4548 |3244 | 131k|  2 |  84k|  14 | 0.000000e+00 |      --      |    Inf |  27.17%
 6186s|110500 |  8869 | 50491k| 456.8 |   470M |  54 |1166 |4445 |4231 | 131k|  1 |  84k|  14 | 0.000000e+00 |      --      |    Inf |  27.17%
 6196s|110600 |  8888 | 50565k| 457.0 |   471M |  54 |1166 |4428 |4135 | 131k|  1 |  84k|  14 | 0.000000e+00 |      --      |    Inf |  27.17%
 6202s|110700 |  8909 | 50612k| 457.1 |   471M |  54 |1166 |4492 |4221 | 131k|  0 |  84k|  14 | 0.000000e+00 |      --      |    Inf |  27.17%
 6210s|110800 |  8912 | 50666k| 457.1 |   472M |  54 |1166 |4485 |4192 | 131k|  1 |  84k|  14 | 0.000000e+00 |      --      |    Inf |  27.17%
 6217s|110900 |  8923 | 50722k| 457.2 |   472M |  54 |1166 |4444 |3987 | 131k|  2 |  84k|  14 | 0.000000e+00 |      --      |    Inf |  27.18%
 6225s|111000 |  8951 | 50788k| 457.4 |   473M |  54 |1166 |4375 |4251 | 132k|  1 |  84k|  14 | 0.000000e+00 |      --      |    Inf |  27.18%
 6231s|111100 |  8951 | 50838k| 457.4 |   473M |  54 |1166 |4378 |4186 | 132k|  2 |  85k|  14 | 0.000000e+00 |      --      |    Inf |  27.18%
 6239s|111200 |  8954 | 50901k| 457.6 |   473M |  54 |1166 |4332 |3319 | 132k|  2 |  85k|  14 | 0.000000e+00 |      --      |    Inf |  27.18%
 time | node  | left  |LP iter|LP it/n|mem/heur|mdpt |vars |cons |rows |cuts |sepa|confs|strbr|  dualbound   | primalbound  |  gap   | compl. 
 6247s|111300 |  8960 | 50963k| 457.7 |   473M |  54 |1166 |4261 |3967 | 132k|  0 |  85k|  14 | 0.000000e+00 |      --      |    Inf |  27.19%
 6254s|111400 |  8961 | 51013k| 457.8 |   473M |  54 |1166 |4190 |4281 | 132k|  0 |  85k|  14 | 0.000000e+00 |      --      |    Inf |  27.19%
 6263s|111500 |  8970 | 51079k| 458.0 |   473M |  54 |1166 |4119 |4125 | 132k|  2 |  85k|  14 | 0.000000e+00 |      --      |    Inf |  27.19%
 6272s|111600 |  8993 | 51147k| 458.2 |   473M |  54 |1166 |4059 |4076 | 132k|  1 |  85k|  14 | 0.000000e+00 |      --      |    Inf |  27.20%
 6279s|111700 |  9017 | 51219k| 458.4 |   473M |  54 |1166 |4006 |3742 | 132k|  1 |  85k|  14 | 0.000000e+00 |      --      |    Inf |  27.20%
 6285s|111800 |  9026 | 51279k| 458.5 |   473M |  54 |1166 |4063 |4197 | 132k|  0 |  85k|  14 | 0.000000e+00 |      --      |    Inf |  27.20%
 6293s|111900 |  9042 | 51354k| 458.8 |   473M |  54 |1166 |3993 |3455 | 133k|  3 |  85k|  14 | 0.000000e+00 |      --      |    Inf |  27.20%
 6300s|112000 |  9080 | 51422k| 459.0 |   474M |  54 |1166 |3969 |4031 | 133k|  1 |  85k|  14 | 0.000000e+00 |      --      |    Inf |  27.21%
 6308s|112100 |  9096 | 51497k| 459.2 |   474M |  54 |1166 |3908 |4200 | 133k|  1 |  85k|  14 | 0.000000e+00 |      --      |    Inf |  27.21%
 6314s|112200 |  9107 | 51553k| 459.3 |   474M |  54 |1166 |3975 |4174 | 133k|  0 |  85k|  14 | 0.000000e+00 |      --      |    Inf |  27.21%
 6320s|112300 |  9105 | 51610k| 459.4 |   474M |  54 |1166 |4067 |3985 | 133k|  0 |  85k|  14 | 0.000000e+00 |      --      |    Inf |  27.22%
 6327s|112400 |  9135 | 51675k| 459.6 |   475M |  54 |1166 |3994 |4025 | 134k|  2 |  85k|  14 | 0.000000e+00 |      --      |    Inf |  27.22%
 6333s|112500 |  9157 | 51733k| 459.7 |   475M |  54 |1166 |3934 |4209 | 134k|  2 |  86k|  14 | 0.000000e+00 |      --      |    Inf |  27.23%
 6338s|112600 |  9174 | 51781k| 459.7 |   475M |  54 |1166 |3979 |3678 | 134k|  0 |  86k|  14 | 0.000000e+00 |      --      |    Inf |  27.23%
 6344s|112700 |  9180 | 51838k| 459.8 |   475M |  54 |1166 |3956 |3989 | 134k|  0 |  86k|  14 | 0.000000e+00 |      --      |    Inf |  27.23%
 time | node  | left  |LP iter|LP it/n|mem/heur|mdpt |vars |cons |rows |cuts |sepa|confs|strbr|  dualbound   | primalbound  |  gap   | compl. 
 6352s|112800 |  9210 | 51896k| 459.9 |   475M |  54 |1166 |3966 |4267 | 134k|  0 |  86k|  14 | 0.000000e+00 |      --      |    Inf |  27.23%
 6359s|112900 |  9209 | 51946k| 460.0 |   475M |  54 |1166 |3981 |4332 | 134k|  2 |  86k|  14 | 0.000000e+00 |      --      |    Inf |  27.23%
 6371s|113000 |  9221 | 52029k| 460.3 |   476M |  54 |1166 |3969 |4212 | 134k|  0 |  86k|  14 | 0.000000e+00 |      --      |    Inf |  27.24%
 6378s|113100 |  9229 | 52081k| 460.3 |   476M |  54 |1166 |3965 |4028 | 134k|  1 |  86k|  14 | 0.000000e+00 |      --      |    Inf |  27.24%
 6387s|113200 |  9253 | 52147k| 460.5 |   476M |  54 |1166 |3944 |4123 | 135k|  0 |  86k|  14 | 0.000000e+00 |      --      |    Inf |  27.25%
 6394s|113300 |  9264 | 52205k| 460.6 |   476M |  54 |1166 |3985 |4182 | 135k|  0 |  86k|  14 | 0.000000e+00 |      --      |    Inf |  27.25%
 6399s|113400 |  9297 | 52250k| 460.6 |   476M |  54 |1166 |3976 |4075 | 135k|  0 |  86k|  14 | 0.000000e+00 |      --      |    Inf |  27.25%
 6404s|113500 |  9288 | 52286k| 460.5 |   476M |  54 |1166 |4034 |4042 | 135k|  1 |  86k|  14 | 0.000000e+00 |      --      |    Inf |  27.26%
 6409s|113600 |  9305 | 52324k| 460.5 |   476M |  54 |1166 |4063 |3847 | 135k|  0 |  86k|  14 | 0.000000e+00 |      --      |    Inf |  27.26%
 6414s|113700 |  9315 | 52364k| 460.4 |   476M |  54 |1166 |4058 |3731 | 135k|  0 |  86k|  14 | 0.000000e+00 |      --      |    Inf |  27.26%
 6420s|113800 |  9339 | 52412k| 460.4 |   476M |  54 |1166 |4030 |3983 | 135k|  0 |  86k|  14 | 0.000000e+00 |      --      |    Inf |  27.27%
 6425s|113900 |  9346 | 52454k| 460.4 |   476M |  54 |1166 |4021 |4251 | 135k|  1 |  87k|  14 | 0.000000e+00 |      --      |    Inf |  27.27%
 6429s|114000 |  9371 | 52489k| 460.3 |   477M |  54 |1166 |4064 |4243 | 135k|  1 |  87k|  14 | 0.000000e+00 |      --      |    Inf |  27.27%
 6433s|114100 |  9368 | 52524k| 460.2 |   477M |  54 |1166 |4119 |4244 | 135k|  0 |  87k|  14 | 0.000000e+00 |      --      |    Inf |  27.27%
 6437s|114200 |  9380 | 52561k| 460.1 |   477M |  54 |1166 |4142 |3787 | 135k|  1 |  87k|  14 | 0.000000e+00 |      --      |    Inf |  27.27%
 time | node  | left  |LP iter|LP it/n|mem/heur|mdpt |vars |cons |rows |cuts |sepa|confs|strbr|  dualbound   | primalbound  |  gap   | compl. 
 6444s|114300 |  9360 | 52616k| 460.2 |   477M |  54 |1166 |4176 |4233 | 135k|  0 |  87k|  14 | 0.000000e+00 |      --      |    Inf |  27.28%
 6450s|114400 |  9380 | 52662k| 460.2 |   477M |  54 |1166 |4110 |4098 | 136k|  1 |  87k|  14 | 0.000000e+00 |      --      |    Inf |  27.28%
 6454s|114500 |  9393 | 52697k| 460.1 |   477M |  54 |1166 |4170 |4243 | 136k|  0 |  87k|  14 | 0.000000e+00 |      --      |    Inf |  27.28%
 6458s|114600 |  9398 | 52736k| 460.0 |   477M |  54 |1166 |4213 |4244 | 136k|  0 |  87k|  14 | 0.000000e+00 |      --      |    Inf |  27.28%
 6464s|114700 |  9406 | 52781k| 460.0 |   477M |  54 |1166 |4211 |4213 | 136k|  1 |  87k|  14 | 0.000000e+00 |      --      |    Inf |  27.29%
 6470s|114800 |  9425 | 52828k| 460.0 |   477M |  54 |1166 |4191 |4073 | 136k|  1 |  87k|  14 | 0.000000e+00 |      --      |    Inf |  27.30%
 6476s|114900 |  9427 | 52880k| 460.1 |   477M |  54 |1166 |4154 |4004 | 136k|  0 |  87k|  14 | 0.000000e+00 |      --      |    Inf |  27.32%
 6482s|115000 |  9411 | 52931k| 460.1 |   477M |  54 |1166 |4193 |4178 | 136k|  0 |  87k|  14 | 0.000000e+00 |      --      |    Inf |  27.32%
 6487s|115100 |  9427 | 52973k| 460.1 |   477M |  54 |1166 |4189 |4126 | 136k|  1 |  87k|  14 | 0.000000e+00 |      --      |    Inf |  27.32%
 6493s|115200 |  9427 | 53027k| 460.2 |   478M |  54 |1166 |4173 |4253 | 136k|  1 |  87k|  14 | 0.000000e+00 |      --      |    Inf |  27.42%
 6498s|115300 |  9433 | 53067k| 460.1 |   478M |  54 |1166 |4184 |3844 | 136k|  0 |  87k|  14 | 0.000000e+00 |      --      |    Inf |  27.42%
 6503s|115400 |  9436 | 53112k| 460.1 |   479M |  54 |1166 |4214 |4231 | 136k|  2 |  88k|  14 | 0.000000e+00 |      --      |    Inf |  27.42%
 6509s|115500 |  9441 | 53153k| 460.1 |   479M |  54 |1166 |4215 |4018 | 136k|  2 |  88k|  14 | 0.000000e+00 |      --      |    Inf |  27.42%
 6514s|115600 |  9456 | 53201k| 460.1 |   479M |  54 |1166 |4266 |4226 | 136k|  1 |  88k|  14 | 0.000000e+00 |      --      |    Inf |  27.43%
 6521s|115700 |  9458 | 53253k| 460.1 |   479M |  54 |1166 |4255 |3799 | 136k|  1 |  88k|  14 | 0.000000e+00 |      --      |    Inf |  27.43%
 time | node  | left  |LP iter|LP it/n|mem/heur|mdpt |vars |cons |rows |cuts |sepa|confs|strbr|  dualbound   | primalbound  |  gap   | compl. 
 6526s|115800 |  9479 | 53301k| 460.1 |   479M |  54 |1166 |4265 |3659 | 136k|  2 |  88k|  14 | 0.000000e+00 |      --      |    Inf |  27.43%
 6532s|115900 |  9483 | 53348k| 460.2 |   479M |  54 |1166 |4163 |4239 | 136k|  1 |  88k|  14 | 0.000000e+00 |      --      |    Inf |  27.64%
 6537s|116000 |  9492 | 53394k| 460.2 |   479M |  54 |1166 |4183 |4161 | 136k|  1 |  88k|  14 | 0.000000e+00 |      --      |    Inf |  27.64%
 6543s|116100 |  9513 | 53441k| 460.2 |   479M |  54 |1166 |4207 |3826 | 136k|  2 |  88k|  14 | 0.000000e+00 |      --      |    Inf |  27.64%
 6547s|116200 |  9510 | 53483k| 460.1 |   479M |  54 |1166 |4283 |4221 | 136k|  0 |  88k|  14 | 0.000000e+00 |      --      |    Inf |  27.64%
 6552s|116300 |  9514 | 53521k| 460.1 |   479M |  54 |1166 |4275 |4204 | 137k|  0 |  88k|  14 | 0.000000e+00 |      --      |    Inf |  27.66%
 6556s|116400 |  9516 | 53553k| 459.9 |   479M |  54 |1166 |4316 |4266 | 137k|  1 |  88k|  14 | 0.000000e+00 |      --      |    Inf |  27.66%
 6559s|116500 |  9516 | 53585k| 459.8 |   479M |  54 |1166 |4357 |4269 | 137k|  0 |  88k|  14 | 0.000000e+00 |      --      |    Inf |  27.66%
 6565s|116600 |  9513 | 53630k| 459.8 |   479M |  54 |1166 |4357 |4027 | 137k|  1 |  88k|  14 | 0.000000e+00 |      --      |    Inf |  27.66%
 6573s|116700 |  9527 | 53701k| 460.0 |   480M |  54 |1166 |4391 |4143 | 137k|  1 |  88k|  14 | 0.000000e+00 |      --      |    Inf |  27.66%
 6581s|116800 |  9556 | 53767k| 460.2 |   480M |  54 |1166 |4367 |4131 | 137k|  0 |  88k|  14 | 0.000000e+00 |      --      |    Inf |  27.66%
 6590s|116900 |  9575 | 53843k| 460.5 |   480M |  54 |1166 |4439 |4263 | 137k|  1 |  89k|  14 | 0.000000e+00 |      --      |    Inf |  27.66%
 6597s|117000 |  9579 | 53897k| 460.5 |   480M |  54 |1166 |4424 |4237 | 137k|  0 |  89k|  14 | 0.000000e+00 |      --      |    Inf |  27.67%
 6604s|117100 |  9606 | 53960k| 460.7 |   481M |  54 |1166 |4507 |4294 | 138k|  0 |  89k|  14 | 0.000000e+00 |      --      |    Inf |  27.86%
 6611s|117200 |  9622 | 54016k| 460.8 |   482M |  54 |1166 |4621 |4295 | 138k|  1 |  89k|  14 | 0.000000e+00 |      --      |    Inf |  27.86%
 time | node  | left  |LP iter|LP it/n|mem/heur|mdpt |vars |cons |rows |cuts |sepa|confs|strbr|  dualbound   | primalbound  |  gap   | compl. 
 6618s|117300 |  9642 | 54078k| 460.9 |   482M |  54 |1166 |4613 |4008 | 138k|  0 |  89k|  14 | 0.000000e+00 |      --      |    Inf |  27.87%
 6623s|117400 |  9656 | 54121k| 460.9 |   482M |  54 |1166 |4634 |4248 | 138k|  0 |  89k|  14 | 0.000000e+00 |      --      |    Inf |  27.87%
 6628s|117500 |  9660 | 54167k| 460.9 |   482M |  54 |1166 |4687 |4250 | 138k|  0 |  89k|  14 | 0.000000e+00 |      --      |    Inf |  27.87%
 6635s|117600 |  9650 | 54222k| 460.9 |   482M |  54 |1166 |4711 |4227 | 138k|  0 |  89k|  14 | 0.000000e+00 |      --      |    Inf |  27.87%
 6643s|117700 |  9656 | 54288k| 461.1 |   482M |  54 |1166 |4683 |4200 | 138k|  2 |  89k|  14 | 0.000000e+00 |      --      |    Inf |  27.88%
 6650s|117800 |  9679 | 54344k| 461.2 |   482M |  54 |1166 |4673 |4289 | 138k|  0 |  89k|  14 | 0.000000e+00 |      --      |    Inf |  27.88%
 6656s|117900 |  9699 | 54395k| 461.2 |   482M |  54 |1166 |4613 |4185 | 138k|  1 |  89k|  14 | 0.000000e+00 |      --      |    Inf |  27.88%
 6661s|118000 |  9704 | 54441k| 461.2 |   482M |  54 |1166 |4586 |3778 | 138k|  0 |  89k|  14 | 0.000000e+00 |      --      |    Inf |  27.88%
 6671s|118100 |  9718 | 54518k| 461.5 |   483M |  54 |1166 |4475 |4123 | 138k|  1 |  90k|  14 | 0.000000e+00 |      --      |    Inf |  27.88%
 6680s|118200 |  9740 | 54590k| 461.7 |   483M |  54 |1166 |4415 |4130 | 139k|  0 |  90k|  14 | 0.000000e+00 |      --      |    Inf |  27.94%
 6687s|118300 |  9781 | 54648k| 461.8 |   484M |  54 |1166 |4401 |4244 | 139k|  1 |  90k|  14 | 0.000000e+00 |      --      |    Inf |  27.94%
 6692s|118400 |  9786 | 54688k| 461.8 |   484M |  54 |1166 |4464 |4250 | 139k|  1 |  90k|  14 | 0.000000e+00 |      --      |    Inf |  27.94%
 6696s|118500 |  9809 | 54726k| 461.7 |   485M |  54 |1166 |4527 |4243 | 139k|  1 |  90k|  14 | 0.000000e+00 |      --      |    Inf |  27.94%
 6702s|118600 |  9791 | 54776k| 461.7 |   486M |  54 |1166 |4579 |4243 | 139k|  1 |  90k|  14 | 0.000000e+00 |      --      |    Inf |  27.94%
 6708s|118700 |  9791 | 54827k| 461.8 |   486M |  54 |1166 |4687 |4244 | 139k|  0 |  90k|  14 | 0.000000e+00 |      --      |    Inf |  27.94%
 time | node  | left  |LP iter|LP it/n|mem/heur|mdpt |vars |cons |rows |cuts |sepa|confs|strbr|  dualbound   | primalbound  |  gap   | compl. 
 6713s|118800 |  9775 | 54873k| 461.8 |   486M |  54 |1166 |4716 |4246 | 139k|  0 |  90k|  14 | 0.000000e+00 |      --      |    Inf |  27.94%
 6721s|118900 |  9794 | 54940k| 461.9 |   486M |  54 |1166 |4728 |3570 | 139k|  2 |  90k|  14 | 0.000000e+00 |      --      |    Inf |  27.94%
 6729s|119000 |  9791 | 55009k| 462.1 |   486M |  54 |1166 |4723 |4131 | 139k|  1 |  90k|  14 | 0.000000e+00 |      --      |    Inf |  27.98%
 6734s|119100 |  9803 | 55060k| 462.2 |   487M |  54 |1166 |4696 |4277 | 139k|  1 |  90k|  14 | 0.000000e+00 |      --      |    Inf |  27.98%
 6741s|119200 |  9839 | 55117k| 462.3 |   487M |  54 |1166 |4623 |4145 | 139k|  1 |  90k|  14 | 0.000000e+00 |      --      |    Inf |  27.98%
 6750s|119300 |  9850 | 55186k| 462.4 |   487M |  54 |1166 |4660 |4203 | 139k|  1 |  90k|  14 | 0.000000e+00 |      --      |    Inf |  27.98%
 6759s|119400 |  9877 | 55257k| 462.6 |   488M |  54 |1166 |4577 |4014 | 140k|  0 |  91k|  14 | 0.000000e+00 |      --      |    Inf |  27.98%
 6767s|119500 |  9879 | 55321k| 462.8 |   488M |  54 |1166 |4570 |4163 | 140k|  0 |  91k|  14 | 0.000000e+00 |      --      |    Inf |  27.98%
 6773s|119600 |  9881 | 55371k| 462.8 |   488M |  54 |1166 |4489 |4172 | 140k|  0 |  91k|  14 | 0.000000e+00 |      --      |    Inf |  27.98%
 6781s|119700 |  9904 | 55437k| 463.0 |   488M |  54 |1166 |4465 |4244 | 140k|  0 |  91k|  14 | 0.000000e+00 |      --      |    Inf |  27.98%
 6788s|119800 |  9915 | 55494k| 463.1 |   488M |  54 |1166 |4484 |4207 | 140k|  1 |  91k|  14 | 0.000000e+00 |      --      |    Inf |  27.98%
 6795s|119900 |  9917 | 55552k| 463.2 |   488M |  54 |1166 |4459 |4074 | 140k|  1 |  91k|  14 | 0.000000e+00 |      --      |    Inf |  27.99%
 6805s|120000 |  9918 | 55643k| 463.6 |   489M |  54 |1166 |4394 |4112 | 141k|  0 |  91k|  14 | 0.000000e+00 |      --      |    Inf |  28.00%
 6813s|120100 |  9916 | 55703k| 463.7 |   489M |  54 |1166 |4361 |4228 | 141k|  1 |  91k|  14 | 0.000000e+00 |      --      |    Inf |  28.01%
 6820s|120200 |  9945 | 55772k| 463.9 |   490M |  54 |1166 |4312 |4192 | 141k|  0 |  91k|  14 | 0.000000e+00 |      --      |    Inf |  28.01%
 time | node  | left  |LP iter|LP it/n|mem/heur|mdpt |vars |cons |rows |cuts |sepa|confs|strbr|  dualbound   | primalbound  |  gap   | compl. 
 6825s|120300 |  9939 | 55828k| 463.9 |   490M |  54 |1166 |4348 |4122 | 141k|  1 |  91k|  14 | 0.000000e+00 |      --      |    Inf |  28.01%
 6831s|120400 |  9959 | 55882k| 464.0 |   490M |  54 |1166 |4408 |4129 | 141k|  1 |  91k|  14 | 0.000000e+00 |      --      |    Inf |  28.01%
 6836s|120500 |  9957 | 55931k| 464.0 |   490M |  54 |1166 |4421 |4202 | 141k|  0 |  91k|  14 | 0.000000e+00 |      --      |    Inf |  28.01%
 6842s|120600 |  9955 | 55988k| 464.1 |   490M |  54 |1166 |4351 |3753 | 141k|  2 |  91k|  14 | 0.000000e+00 |      --      |    Inf |  28.02%
 6848s|120700 |  9973 | 56040k| 464.2 |   490M |  54 |1166 |4342 |3768 | 142k|  0 |  91k|  14 | 0.000000e+00 |      --      |    Inf |  28.02%
 6857s|120800 |  9980 | 56107k| 464.3 |   490M |  54 |1166 |4275 |4010 | 142k|  2 |  91k|  14 | 0.000000e+00 |      --      |    Inf |  28.02%
 6864s|120900 |  9997 | 56165k| 464.4 |   490M |  54 |1166 |4292 |3893 | 142k|  1 |  91k|  14 | 0.000000e+00 |      --      |    Inf |  28.02%
 6871s|121000 |  9997 | 56217k| 464.5 |   490M |  54 |1166 |4341 |4181 | 142k|  0 |  92k|  14 | 0.000000e+00 |      --      |    Inf |  28.02%
 6879s|121100 |  9999 | 56284k| 464.6 |   490M |  54 |1166 |4328 |4022 | 142k|  2 |  92k|  14 | 0.000000e+00 |      --      |    Inf |  28.03%
 6887s|121200 |  9999 | 56343k| 464.7 |   490M |  54 |1166 |4338 |4226 | 142k|  1 |  92k|  14 | 0.000000e+00 |      --      |    Inf |  28.03%
 6896s|121300 | 10013 | 56414k| 464.9 |   490M |  54 |1166 |4383 |4122 | 142k|  1 |  92k|  14 | 0.000000e+00 |      --      |    Inf |  28.03%
 6902s|121400 | 10026 | 56462k| 465.0 |   490M |  54 |1166 |4404 |4209 | 142k|  1 |  92k|  14 | 0.000000e+00 |      --      |    Inf |  28.04%
 6908s|121500 | 10026 | 56504k| 464.9 |   491M |  54 |1166 |4419 |3985 | 142k|  0 |  92k|  14 | 0.000000e+00 |      --      |    Inf |  28.04%
 6913s|121600 | 10053 | 56547k| 464.9 |   491M |  54 |1166 |4336 |4209 | 142k|  1 |  92k|  14 | 0.000000e+00 |      --      |    Inf |  28.09%
 6918s|121700 | 10086 | 56587k| 464.8 |   493M |  54 |1166 |4326 |4251 | 143k|  1 |  92k|  14 | 0.000000e+00 |      --      |    Inf |  28.10%
 time | node  | left  |LP iter|LP it/n|mem/heur|mdpt |vars |cons |rows |cuts |sepa|confs|strbr|  dualbound   | primalbound  |  gap   | compl. 
 6923s|121800 | 10090 | 56631k| 464.8 |   494M |  54 |1166 |4358 |4255 | 143k|  0 |  92k|  14 | 0.000000e+00 |      --      |    Inf |  28.10%
 6929s|121900 | 10088 | 56675k| 464.8 |   495M |  54 |1166 |4407 |4045 | 143k|  0 |  92k|  14 | 0.000000e+00 |      --      |    Inf |  28.10%
 6936s|122000 | 10090 | 56731k| 464.9 |   495M |  54 |1166 |4416 |4244 | 143k|  1 |  92k|  14 | 0.000000e+00 |      --      |    Inf |  28.10%
 6942s|122100 | 10099 | 56775k| 464.9 |   495M |  54 |1166 |4436 |4295 | 143k|  0 |  92k|  14 | 0.000000e+00 |      --      |    Inf |  28.10%
 6948s|122200 | 10114 | 56822k| 464.9 |   496M |  54 |1166 |4345 |4260 | 143k|  1 |  92k|  14 | 0.000000e+00 |      --      |    Inf |  28.11%
 6953s|122300 | 10128 | 56865k| 464.8 |   496M |  54 |1166 |4293 |4328 | 143k|  1 |  92k|  14 | 0.000000e+00 |      --      |    Inf |  28.11%
 6958s|122400 | 10133 | 56907k| 464.8 |   496M |  54 |1166 |4267 |4278 | 143k|  0 |  92k|  14 | 0.000000e+00 |      --      |    Inf |  28.12%
 6965s|122500 | 10137 | 56957k| 464.8 |   496M |  54 |1166 |4261 |3597 | 143k|  2 |  92k|  14 | 0.000000e+00 |      --      |    Inf |  28.12%
 6978s|122600 | 10164 | 57041k| 465.1 |   496M |  54 |1166 |4253 |4253 | 144k|  0 |  93k|  14 | 0.000000e+00 |      --      |    Inf |  28.15%
 6987s|122700 | 10191 | 57115k| 465.4 |   498M |  54 |1166 |4188 |4146 | 144k|  0 |  93k|  14 | 0.000000e+00 |      --      |    Inf |  28.15%
 6995s|122800 | 10199 | 57178k| 465.5 |   498M |  54 |1166 |4206 |4006 | 144k|  0 |  93k|  14 | 0.000000e+00 |      --      |    Inf |  28.15%
 7004s|122900 | 10213 | 57243k| 465.6 |   498M |  54 |1166 |4224 |4168 | 144k|  0 |  93k|  14 | 0.000000e+00 |      --      |    Inf |  28.15%
 7011s|123000 | 10221 | 57300k| 465.7 |   498M |  54 |1166 |4209 |4084 | 145k|  1 |  93k|  14 | 0.000000e+00 |      --      |    Inf |  28.15%
 7018s|123100 | 10220 | 57362k| 465.8 |   498M |  54 |1166 |4252 |4281 | 145k|  1 |  93k|  14 | 0.000000e+00 |      --      |    Inf |  28.15%
 7027s|123200 | 10222 | 57424k| 466.0 |   498M |  54 |1166 |4324 |3830 | 145k|  2 |  93k|  14 | 0.000000e+00 |      --      |    Inf |  28.15%
 time | node  | left  |LP iter|LP it/n|mem/heur|mdpt |vars |cons |rows |cuts |sepa|confs|strbr|  dualbound   | primalbound  |  gap   | compl. 
 7031s|123300 | 10214 | 57462k| 465.9 |   498M |  54 |1166 |4315 |4264 | 145k|  1 |  93k|  14 | 0.000000e+00 |      --      |    Inf |  28.15%
 7039s|123400 | 10216 | 57524k| 466.0 |   499M |  54 |1166 |4332 |3917 | 145k|  1 |  93k|  14 | 0.000000e+00 |      --      |    Inf |  28.16%
 7046s|123500 | 10245 | 57581k| 466.1 |   499M |  54 |1166 |4401 |3990 | 145k|  1 |  93k|  14 | 0.000000e+00 |      --      |    Inf |  28.16%
 7052s|123600 | 10242 | 57629k| 466.1 |   499M |  54 |1166 |4402 |4005 | 145k|  0 |  93k|  14 | 0.000000e+00 |      --      |    Inf |  28.16%
 7059s|123700 | 10252 | 57680k| 466.2 |   500M |  54 |1166 |4394 |3975 | 145k|  1 |  93k|  14 | 0.000000e+00 |      --      |    Inf |  28.16%
 7064s|123800 | 10260 | 57733k| 466.2 |   500M |  54 |1166 |4390 |3817 | 145k|  0 |  93k|  14 | 0.000000e+00 |      --      |    Inf |  28.17%
 7071s|123900 | 10264 | 57797k| 466.3 |   501M |  54 |1166 |4382 |3719 | 145k|  2 |  93k|  14 | 0.000000e+00 |      --      |    Inf |  28.17%
 7076s|124000 | 10283 | 57839k| 466.3 |   501M |  54 |1166 |4349 |4001 | 145k|  2 |  93k|  14 | 0.000000e+00 |      --      |    Inf |  28.23%
 7083s|124100 | 10260 | 57891k| 466.4 |   501M |  54 |1166 |4339 |4136 | 145k|  0 |  94k|  14 | 0.000000e+00 |      --      |    Inf |  28.23%
 7089s|124200 | 10276 | 57944k| 466.4 |   501M |  54 |1166 |4289 |4228 | 145k|  1 |  94k|  14 | 0.000000e+00 |      --      |    Inf |  28.23%
 7094s|124300 | 10298 | 57984k| 466.3 |   501M |  54 |1166 |4267 |4128 | 145k|  1 |  94k|  14 | 0.000000e+00 |      --      |    Inf |  28.23%
 7099s|124400 | 10325 | 58027k| 466.3 |   501M |  54 |1166 |4219 |4048 | 146k|  1 |  94k|  14 | 0.000000e+00 |      --      |    Inf |  28.24%
 7105s|124500 | 10329 | 58078k| 466.4 |   501M |  54 |1166 |4201 |3875 | 146k|  2 |  94k|  14 | 0.000000e+00 |      --      |    Inf |  28.25%
 7112s|124600 | 10334 | 58131k| 466.4 |   501M |  54 |1166 |4218 |4259 | 146k|  1 |  94k|  14 | 0.000000e+00 |      --      |    Inf |  28.25%
 7118s|124700 | 10327 | 58178k| 466.4 |   503M |  54 |1166 |4193 |4053 | 146k|  0 |  94k|  14 | 0.000000e+00 |      --      |    Inf |  28.25%
 time | node  | left  |LP iter|LP it/n|mem/heur|mdpt |vars |cons |rows |cuts |sepa|confs|strbr|  dualbound   | primalbound  |  gap   | compl. 
 7123s|124800 | 10342 | 58218k| 466.4 |   503M |  54 |1166 |4183 |4203 | 146k|  0 |  94k|  14 | 0.000000e+00 |      --      |    Inf |  28.25%
 7129s|124900 | 10338 | 58266k| 466.4 |   503M |  54 |1166 |4194 |4257 | 146k|  1 |  94k|  14 | 0.000000e+00 |      --      |    Inf |  28.28%
 7135s|125000 | 10371 | 58313k| 466.4 |   504M |  54 |1166 |4192 |4143 | 146k|  1 |  94k|  14 | 0.000000e+00 |      --      |    Inf |  28.28%
 7140s|125100 | 10388 | 58349k| 466.3 |   504M |  54 |1166 |4213 |4027 | 146k|  0 |  94k|  14 | 0.000000e+00 |      --      |    Inf |  28.28%
 7145s|125200 | 10402 | 58389k| 466.2 |   504M |  54 |1166 |4259 |4254 | 146k|  0 |  94k|  14 | 0.000000e+00 |      --      |    Inf |  28.28%
 7150s|125300 | 10427 | 58430k| 466.2 |   504M |  54 |1166 |4295 |4302 | 146k|  1 |  94k|  14 | 0.000000e+00 |      --      |    Inf |  28.28%
 7153s|125400 | 10428 | 58452k| 466.0 |   505M |  54 |1166 |4307 |4303 | 146k|  0 |  94k|  14 | 0.000000e+00 |      --      |    Inf |  28.28%
 7157s|125500 | 10425 | 58485k| 465.9 |   505M |  54 |1166 |4325 |4102 | 146k|  1 |  94k|  14 | 0.000000e+00 |      --      |    Inf |  28.28%
 7161s|125600 | 10451 | 58522k| 465.8 |   505M |  54 |1166 |4330 |4195 | 146k|  0 |  94k|  14 | 0.000000e+00 |      --      |    Inf |  28.28%
 7167s|125700 | 10447 | 58570k| 465.8 |   505M |  54 |1166 |4335 |3857 | 146k|  0 |  94k|  14 | 0.000000e+00 |      --      |    Inf |  28.32%
 7172s|125800 | 10458 | 58611k| 465.8 |   505M |  54 |1166 |4310 |4243 | 146k|  1 |  95k|  14 | 0.000000e+00 |      --      |    Inf |  28.32%
 7177s|125900 | 10473 | 58647k| 465.7 |   505M |  54 |1166 |4303 |3471 | 146k|  2 |  95k|  14 | 0.000000e+00 |      --      |    Inf |  28.32%
 7182s|126000 | 10488 | 58686k| 465.6 |   505M |  54 |1166 |4283 |4050 | 146k|  2 |  95k|  14 | 0.000000e+00 |      --      |    Inf |  28.32%
 7187s|126100 | 10510 | 58732k| 465.6 |   505M |  54 |1166 |4298 |3987 | 146k|  0 |  95k|  14 | 0.000000e+00 |      --      |    Inf |  28.32%
 7190s|126200 | 10523 | 58757k| 465.5 |   505M |  54 |1166 |4261 |4059 | 146k|  1 |  95k|  14 | 0.000000e+00 |      --      |    Inf |  28.32%
 time | node  | left  |LP iter|LP it/n|mem/heur|mdpt |vars |cons |rows |cuts |sepa|confs|strbr|  dualbound   | primalbound  |  gap   | compl. 
 7196s|126300 | 10529 | 58796k| 465.4 |   505M |  54 |1166 |4280 |4136 | 146k|  1 |  95k|  14 | 0.000000e+00 |      --      |    Inf |  28.32%
 7202s|126400 | 10542 | 58843k| 465.4 |   505M |  54 |1166 |4305 |3939 | 146k|  2 |  95k|  14 | 0.000000e+00 |      --      |    Inf |  28.32%
 7208s|126500 | 10546 | 58889k| 465.4 |   505M |  54 |1166 |4316 |4226 | 146k|  1 |  95k|  14 | 0.000000e+00 |      --      |    Inf |  28.33%
 7214s|126600 | 10538 | 58936k| 465.4 |   506M |  54 |1166 |4309 |4118 | 147k|  1 |  95k|  14 | 0.000000e+00 |      --      |    Inf |  28.53%
 7220s|126700 | 10541 | 58981k| 465.4 |   506M |  54 |1166 |4331 |4216 | 147k|  1 |  95k|  14 | 0.000000e+00 |      --      |    Inf |  28.53%
 7225s|126800 | 10540 | 59019k| 465.3 |   506M |  54 |1166 |4351 |4004 | 147k|  0 |  95k|  14 | 0.000000e+00 |      --      |    Inf |  28.54%
 7231s|126900 | 10550 | 59070k| 465.4 |   506M |  54 |1166 |4367 |3856 | 147k|  0 |  95k|  14 | 0.000000e+00 |      --      |    Inf |  28.55%
 7236s|127000 | 10548 | 59111k| 465.3 |   506M |  54 |1166 |4408 |3655 | 147k|  2 |  95k|  14 | 0.000000e+00 |      --      |    Inf |  28.55%
 7240s|127100 | 10577 | 59139k| 465.2 |   506M |  54 |1166 |4418 |4287 | 147k|  0 |  95k|  14 | 0.000000e+00 |      --      |    Inf |  28.55%
 7242s|127200 | 10571 | 59162k| 465.0 |   506M |  54 |1166 |4432 |4287 | 147k|  0 |  95k|  14 | 0.000000e+00 |      --      |    Inf |  28.55%
 7246s|127300 | 10561 | 59195k| 464.9 |   506M |  54 |1166 |4433 |4383 | 147k|  0 |  95k|  14 | 0.000000e+00 |      --      |    Inf |  28.55%
 7252s|127400 | 10544 | 59245k| 464.9 |   506M |  54 |1166 |4444 |4131 | 147k|  0 |  95k|  14 | 0.000000e+00 |      --      |    Inf |  28.55%
 7258s|127500 | 10535 | 59291k| 464.9 |   506M |  54 |1166 |4386 |4289 | 147k|  2 |  95k|  14 | 0.000000e+00 |      --      |    Inf |  28.55%
 7264s|127600 | 10540 | 59341k| 464.9 |   506M |  54 |1166 |4413 |4186 | 147k|  0 |  96k|  14 | 0.000000e+00 |      --      |    Inf |  28.56%
 7270s|127700 | 10564 | 59388k| 464.9 |   506M |  54 |1166 |4404 |4131 | 147k|  1 |  96k|  14 | 0.000000e+00 |      --      |    Inf |  28.56%
 time | node  | left  |LP iter|LP it/n|mem/heur|mdpt |vars |cons |rows |cuts |sepa|confs|strbr|  dualbound   | primalbound  |  gap   | compl. 
 7275s|127800 | 10579 | 59425k| 464.9 |   506M |  54 |1166 |4404 |3980 | 147k|  0 |  96k|  14 | 0.000000e+00 |      --      |    Inf |  28.56%
 7280s|127900 | 10595 | 59465k| 464.8 |   506M |  54 |1166 |4390 |4066 | 147k|  0 |  96k|  14 | 0.000000e+00 |      --      |    Inf |  28.56%
 7285s|128000 | 10600 | 59506k| 464.8 |   507M |  54 |1166 |4394 |3994 | 147k|  1 |  96k|  14 | 0.000000e+00 |      --      |    Inf |  28.56%
 7291s|128100 | 10595 | 59551k| 464.7 |   507M |  54 |1166 |4388 |4261 | 147k|  1 |  96k|  14 | 0.000000e+00 |      --      |    Inf |  28.56%
 7297s|128200 | 10610 | 59600k| 464.8 |   508M |  54 |1166 |4411 |3450 | 147k|  0 |  96k|  14 | 0.000000e+00 |      --      |    Inf |  28.56%
 7303s|128300 | 10636 | 59644k| 464.8 |   508M |  54 |1166 |4383 |4245 | 147k|  0 |  96k|  14 | 0.000000e+00 |      --      |    Inf |  28.56%
 7311s|128400 | 10636 | 59701k| 464.8 |   508M |  54 |1166 |4384 |3787 | 147k|  2 |  96k|  14 | 0.000000e+00 |      --      |    Inf |  28.56%
 7320s|128500 | 10642 | 59760k| 464.9 |   508M |  54 |1166 |4415 |4234 | 147k|  0 |  96k|  14 | 0.000000e+00 |      --      |    Inf |  28.56%
 7326s|128600 | 10637 | 59807k| 464.9 |   509M |  54 |1166 |4473 |4045 | 147k|  1 |  96k|  14 | 0.000000e+00 |      --      |    Inf |  28.56%
 7334s|128700 | 10634 | 59861k| 465.0 |   509M |  54 |1166 |4508 |3742 | 147k|  0 |  96k|  14 | 0.000000e+00 |      --      |    Inf |  28.56%
 7342s|128800 | 10646 | 59919k| 465.1 |   509M |  54 |1166 |4535 |4193 | 147k|  1 |  96k|  14 | 0.000000e+00 |      --      |    Inf |  28.56%
 7351s|128900 | 10655 | 59987k| 465.3 |   509M |  54 |1166 |4505 |4259 | 147k|  1 |  96k|  14 | 0.000000e+00 |      --      |    Inf |  28.56%
 7357s|129000 | 10654 | 60037k| 465.3 |   509M |  54 |1166 |4544 |4132 | 148k|  0 |  96k|  14 | 0.000000e+00 |      --      |    Inf |  28.57%
 7367s|129100 | 10686 | 60111k| 465.5 |   509M |  54 |1166 |4564 |3413 | 148k|  0 |  97k|  14 | 0.000000e+00 |      --      |    Inf |  28.57%
 7374s|129200 | 10704 | 60160k| 465.5 |   509M |  54 |1166 |4654 |3870 | 148k|  0 |  97k|  14 | 0.000000e+00 |      --      |    Inf |  28.57%
 time | node  | left  |LP iter|LP it/n|mem/heur|mdpt |vars |cons |rows |cuts |sepa|confs|strbr|  dualbound   | primalbound  |  gap   | compl. 
 7380s|129300 | 10714 | 60208k| 465.5 |   510M |  54 |1166 |4722 |3451 | 148k|  1 |  97k|  14 | 0.000000e+00 |      --      |    Inf |  28.57%
 7386s|129400 | 10723 | 60257k| 465.5 |   510M |  54 |1166 |4805 |3431 | 149k|  2 |  97k|  14 | 0.000000e+00 |      --      |    Inf |  28.57%
 7392s|129500 | 10737 | 60307k| 465.6 |   510M |  54 |1166 |4871 |3409 | 149k|  2 |  97k|  14 | 0.000000e+00 |      --      |    Inf |  28.57%
 7398s|129600 | 10736 | 60356k| 465.6 |   513M |  54 |1166 |4927 |3459 | 149k|  2 |  97k|  14 | 0.000000e+00 |      --      |    Inf |  28.57%
 7404s|129700 | 10738 | 60405k| 465.6 |   515M |  54 |1166 |4950 |3444 | 149k|  0 |  97k|  14 | 0.000000e+00 |      --      |    Inf |  28.57%
 7410s|129800 | 10726 | 60456k| 465.6 |   516M |  54 |1166 |4994 |3433 | 149k|  0 |  97k|  14 | 0.000000e+00 |      --      |    Inf |  28.57%
 7416s|129900 | 10732 | 60509k| 465.7 |   518M |  54 |1166 |5043 |3485 | 150k|  2 |  97k|  14 | 0.000000e+00 |      --      |    Inf |  28.57%
 7422s|130000 | 10740 | 60557k| 465.7 |   518M |  54 |1166 |5149 |3483 | 150k|  1 |  97k|  14 | 0.000000e+00 |      --      |    Inf |  28.57%
 7429s|130100 | 10732 | 60614k| 465.8 |   520M |  54 |1166 |5218 |3428 | 150k|  0 |  97k|  14 | 0.000000e+00 |      --      |    Inf |  28.57%
 7435s|130200 | 10726 | 60669k| 465.8 |   521M |  54 |1166 |5248 |3769 | 150k|  1 |  97k|  14 | 0.000000e+00 |      --      |    Inf |  28.57%
 7442s|130300 | 10712 | 60722k| 465.9 |   521M |  54 |1166 |5262 |3956 | 150k|  1 |  97k|  14 | 0.000000e+00 |      --      |    Inf |  28.57%
 7447s|130400 | 10717 | 60765k| 465.9 |   522M |  54 |1166 |5321 |4248 | 150k|  0 |  98k|  14 | 0.000000e+00 |      --      |    Inf |  28.57%
 7457s|130500 | 10713 | 60846k| 466.1 |   522M |  54 |1166 |5284 |4230 | 150k|  1 |  98k|  14 | 0.000000e+00 |      --      |    Inf |  28.58%
 7465s|130600 | 10737 | 60904k| 466.2 |   522M |  54 |1166 |5252 |3520 | 150k|  1 |  98k|  14 | 0.000000e+00 |      --      |    Inf |  28.59%
 7470s|130700 | 10735 | 60952k| 466.2 |   522M |  54 |1166 |5271 |3525 | 150k|  0 |  98k|  14 | 0.000000e+00 |      --      |    Inf |  28.59%
 time | node  | left  |LP iter|LP it/n|mem/heur|mdpt |vars |cons |rows |cuts |sepa|confs|strbr|  dualbound   | primalbound  |  gap   | compl. 
 7476s|130800 | 10738 | 61005k| 466.3 |   522M |  54 |1166 |5295 |3541 | 151k|  0 |  98k|  14 | 0.000000e+00 |      --      |    Inf |  28.59%
 7483s|130900 | 10722 | 61061k| 466.3 |   522M |  54 |1166 |5296 |4224 | 151k|  0 |  98k|  14 | 0.000000e+00 |      --      |    Inf |  28.59%
 7491s|131000 | 10728 | 61126k| 466.5 |   522M |  54 |1166 |5213 |3488 | 151k|  0 |  98k|  14 | 0.000000e+00 |      --      |    Inf |  28.59%
 7499s|131100 | 10749 | 61185k| 466.6 |   522M |  54 |1166 |5259 |3974 | 151k|  0 |  98k|  14 | 0.000000e+00 |      --      |    Inf |  28.59%
 7507s|131200 | 10774 | 61246k| 466.7 |   523M |  54 |1166 |5279 |4289 | 151k|  1 |  98k|  14 | 0.000000e+00 |      --      |    Inf |  28.59%
 7515s|131300 | 10785 | 61306k| 466.8 |   524M |  54 |1166 |5147 |4297 | 151k|  1 |  98k|  14 | 0.000000e+00 |      --      |    Inf |  28.59%
 7527s|131400 | 10811 | 61388k| 467.1 |   525M |  54 |1166 |4941 |4137 | 151k|  1 |  98k|  14 | 0.000000e+00 |      --      |    Inf |  28.60%
 7534s|131500 | 10837 | 61446k| 467.1 |   525M |  54 |1166 |4925 |4252 | 151k|  1 |  98k|  14 | 0.000000e+00 |      --      |    Inf |  28.60%
 7538s|131600 | 10847 | 61478k| 467.0 |   525M |  54 |1166 |4998 |4252 | 151k|  0 |  98k|  14 | 0.000000e+00 |      --      |    Inf |  28.60%
 7546s|131700 | 10834 | 61532k| 467.1 |   525M |  54 |1166 |4980 |4148 | 151k|  0 |  98k|  14 | 0.000000e+00 |      --      |    Inf |  28.64%
 7553s|131800 | 10843 | 61592k| 467.2 |   525M |  54 |1166 |4817 |4252 | 152k|  1 |  99k|  14 | 0.000000e+00 |      --      |    Inf |  28.65%
 7557s|131900 | 10837 | 61629k| 467.1 |   525M |  54 |1166 |4826 |3834 | 152k|  2 |  99k|  14 | 0.000000e+00 |      --      |    Inf |  28.65%
 7564s|132000 | 10842 | 61682k| 467.2 |   525M |  54 |1166 |4809 |4150 | 152k|  0 |  99k|  14 | 0.000000e+00 |      --      |    Inf |  28.65%
 7570s|132100 | 10881 | 61728k| 467.2 |   525M |  54 |1166 |4816 |4208 | 152k|  1 |  99k|  14 | 0.000000e+00 |      --      |    Inf |  28.66%
 7576s|132200 | 10879 | 61775k| 467.2 |   525M |  54 |1166 |4867 |4217 | 152k|  1 |  99k|  14 | 0.000000e+00 |      --      |    Inf |  28.66%
 time | node  | left  |LP iter|LP it/n|mem/heur|mdpt |vars |cons |rows |cuts |sepa|confs|strbr|  dualbound   | primalbound  |  gap   | compl. 
 7583s|132300 | 10878 | 61835k| 467.3 |   525M |  54 |1166 |4871 |4227 | 152k|  0 |  99k|  14 | 0.000000e+00 |      --      |    Inf |  28.66%
 7589s|132400 | 10874 | 61879k| 467.2 |   525M |  54 |1166 |4858 |4249 | 152k|  0 |  99k|  14 | 0.000000e+00 |      --      |    Inf |  28.76%
 7596s|132500 | 10889 | 61934k| 467.3 |   525M |  54 |1166 |4889 |4123 | 152k|  0 |  99k|  14 | 0.000000e+00 |      --      |    Inf |  28.76%
 7602s|132600 | 10877 | 61983k| 467.3 |   525M |  54 |1166 |4911 |4202 | 152k|  0 |  99k|  14 | 0.000000e+00 |      --      |    Inf |  28.76%
 7610s|132700 | 10899 | 62047k| 467.5 |   525M |  54 |1166 |4925 |4025 | 152k|  2 |  99k|  14 | 0.000000e+00 |      --      |    Inf |  28.76%
 7617s|132800 | 10925 | 62099k| 467.5 |   525M |  54 |1166 |4984 |4035 | 152k|  1 |  99k|  14 | 0.000000e+00 |      --      |    Inf |  28.76%
 7627s|132900 | 10933 | 62173k| 467.7 |   525M |  54 |1166 |4947 |4294 | 152k|  0 |  99k|  14 | 0.000000e+00 |      --      |    Inf |  28.77%
 7632s|133000 | 10941 | 62218k| 467.7 |   525M |  54 |1166 |4993 |4199 | 152k|  0 |  99k|  14 | 0.000000e+00 |      --      |    Inf |  28.77%
 7639s|133100 | 10929 | 62271k| 467.7 |   526M |  54 |1166 |4944 |3834 | 152k|  1 |  99k|  14 | 0.000000e+00 |      --      |    Inf |  28.77%
 7648s|133200 | 10934 | 62338k| 467.9 |   526M |  54 |1166 |4873 |3808 | 152k|  2 |  99k|  14 | 0.000000e+00 |      --      |    Inf |  28.77%
 7654s|133300 | 10944 | 62394k| 467.9 |   526M |  54 |1166 |4880 |3982 | 153k|  2 | 100k|  14 | 0.000000e+00 |      --      |    Inf |  28.77%
 7660s|133400 | 10944 | 62443k| 468.0 |   526M |  54 |1166 |4875 |4194 | 153k|  0 | 100k|  14 | 0.000000e+00 |      --      |    Inf |  28.77%
 7666s|133500 | 10951 | 62492k| 468.0 |   526M |  54 |1166 |4833 |3365 | 153k|  2 | 100k|  14 | 0.000000e+00 |      --      |    Inf |  28.77%
 7672s|133600 | 10960 | 62537k| 468.0 |   526M |  54 |1166 |4823 |4249 | 153k|  0 | 100k|  14 | 0.000000e+00 |      --      |    Inf |  28.77%
 7677s|133700 | 10991 | 62576k| 467.9 |   526M |  54 |1166 |4780 |4045 | 153k|  0 | 100k|  14 | 0.000000e+00 |      --      |    Inf |  28.79%
 time | node  | left  |LP iter|LP it/n|mem/heur|mdpt |vars |cons |rows |cuts |sepa|confs|strbr|  dualbound   | primalbound  |  gap   | compl. 
 7680s|133800 | 11023 | 62601k| 467.7 |   527M |  54 |1166 |4821 |4051 | 153k|  0 | 100k|  14 | 0.000000e+00 |      --      |    Inf |  28.79%
 7683s|133900 | 11043 | 62627k| 467.6 |   528M |  54 |1166 |4845 |4054 | 153k|  0 | 100k|  14 | 0.000000e+00 |      --      |    Inf |  28.79%
 7687s|134000 | 11057 | 62655k| 467.5 |   528M |  54 |1166 |4879 |4051 | 153k|  1 | 100k|  14 | 0.000000e+00 |      --      |    Inf |  28.79%
 7691s|134100 | 11062 | 62683k| 467.3 |   528M |  54 |1166 |4929 |4059 | 153k|  2 | 100k|  14 | 0.000000e+00 |      --      |    Inf |  28.79%
 7694s|134200 | 11078 | 62707k| 467.1 |   528M |  54 |1166 |4965 |4056 | 153k|  2 | 100k|  14 | 0.000000e+00 |      --      |    Inf |  28.79%
 7697s|134300 | 11092 | 62732k| 467.0 |   528M |  54 |1166 |4995 |4059 | 153k|  1 | 100k|  14 | 0.000000e+00 |      --      |    Inf |  28.79%
 7701s|134400 | 11076 | 62758k| 466.8 |   528M |  54 |1166 |5023 |4055 | 153k|  0 | 100k|  14 | 0.000000e+00 |      --      |    Inf |  28.79%
 7704s|134500 | 11090 | 62784k| 466.7 |   528M |  54 |1166 |5093 |4059 | 153k|  1 | 100k|  14 | 0.000000e+00 |      --      |    Inf |  28.79%
 7707s|134600 | 11078 | 62810k| 466.5 |   528M |  54 |1166 |5158 |4052 | 153k|  0 | 100k|  14 | 0.000000e+00 |      --      |    Inf |  28.79%
 7711s|134700 | 11071 | 62841k| 466.4 |   528M |  54 |1166 |5165 |4060 | 153k|  0 | 100k|  14 | 0.000000e+00 |      --      |    Inf |  28.79%
 7716s|134800 | 11047 | 62878k| 466.3 |   528M |  54 |1166 |5181 |4057 | 154k|  0 | 100k|  14 | 0.000000e+00 |      --      |    Inf |  28.79%
 7719s|134900 | 11037 | 62905k| 466.2 |   528M |  54 |1166 |5118 |4048 | 154k|  1 | 100k|  14 | 0.000000e+00 |      --      |    Inf |  28.79%
 7725s|135000 | 11030 | 62952k| 466.2 |   528M |  54 |1166 |5073 |4123 | 154k|  0 | 100k|  14 | 0.000000e+00 |      --      |    Inf |  28.79%
 7731s|135100 | 11030 | 62993k| 466.2 |   528M |  54 |1166 |5013 |4198 | 154k|  0 | 101k|  14 | 0.000000e+00 |      --      |    Inf |  28.79%
 7735s|135200 | 11062 | 63033k| 466.1 |   528M |  54 |1166 |4983 |4226 | 154k|  0 | 101k|  14 | 0.000000e+00 |      --      |    Inf |  28.79%
 time | node  | left  |LP iter|LP it/n|mem/heur|mdpt |vars |cons |rows |cuts |sepa|confs|strbr|  dualbound   | primalbound  |  gap   | compl. 
 7741s|135300 | 11074 | 63080k| 466.1 |   528M |  54 |1166 |5042 |4234 | 154k|  0 | 101k|  14 | 0.000000e+00 |      --      |    Inf |  28.79%
 7747s|135400 | 11072 | 63125k| 466.1 |   528M |  54 |1166 |5080 |4148 | 154k|  0 | 101k|  14 | 0.000000e+00 |      --      |    Inf |  28.79%
 7753s|135500 | 11105 | 63170k| 466.1 |   529M |  54 |1166 |5087 |4083 | 154k|  1 | 101k|  14 | 0.000000e+00 |      --      |    Inf |  28.79%
 7757s|135600 | 11121 | 63208k| 466.0 |   529M |  54 |1166 |5048 |4182 | 154k|  1 | 101k|  14 | 0.000000e+00 |      --      |    Inf |  28.80%
 7763s|135700 | 11121 | 63251k| 466.0 |   530M |  54 |1166 |4929 |4206 | 154k|  1 | 101k|  14 | 0.000000e+00 |      --      |    Inf |  28.80%
 7768s|135800 | 11135 | 63293k| 466.0 |   530M |  54 |1166 |4878 |3347 | 154k|  2 | 101k|  14 | 0.000000e+00 |      --      |    Inf |  28.80%
 7773s|135900 | 11151 | 63334k| 465.9 |   533M |  54 |1166 |4888 |3377 | 154k|  0 | 101k|  14 | 0.000000e+00 |      --      |    Inf |  28.80%
 7777s|136000 | 11159 | 63371k| 465.8 |   534M |  54 |1166 |4917 |3368 | 154k|  2 | 101k|  14 | 0.000000e+00 |      --      |    Inf |  28.80%
 7782s|136100 | 11182 | 63413k| 465.8 |   534M |  54 |1166 |4962 |3398 | 154k|  0 | 101k|  14 | 0.000000e+00 |      --      |    Inf |  28.80%
 7787s|136200 | 11192 | 63458k| 465.8 |   537M |  54 |1166 |4997 |3418 | 155k|  1 | 101k|  14 | 0.000000e+00 |      --      |    Inf |  28.80%
 7790s|136300 | 11196 | 63493k| 465.7 |   537M |  54 |1166 |5013 |3395 | 155k|  2 | 101k|  14 | 0.000000e+00 |      --      |    Inf |  28.80%
 7795s|136400 | 11224 | 63538k| 465.7 |   537M |  54 |1166 |5050 |3405 | 155k|  1 | 101k|  14 | 0.000000e+00 |      --      |    Inf |  28.80%
 7799s|136500 | 11218 | 63578k| 465.7 |   537M |  54 |1166 |5119 |3375 | 155k|  0 | 101k|  14 | 0.000000e+00 |      --      |    Inf |  28.80%
 7803s|136600 | 11230 | 63615k| 465.6 |   539M |  54 |1166 |5198 |3405 | 155k|  0 | 101k|  14 | 0.000000e+00 |      --      |    Inf |  28.80%
 7807s|136700 | 11225 | 63651k| 465.5 |   539M |  54 |1166 |5253 |3403 | 155k|  2 | 101k|  14 | 0.000000e+00 |      --      |    Inf |  28.80%
 time | node  | left  |LP iter|LP it/n|mem/heur|mdpt |vars |cons |rows |cuts |sepa|confs|strbr|  dualbound   | primalbound  |  gap   | compl. 
 7811s|136800 | 11223 | 63686k| 465.4 |   539M |  54 |1166 |5327 |3398 | 156k|  0 | 102k|  14 | 0.000000e+00 |      --      |    Inf |  28.80%
 7815s|136900 | 11231 | 63728k| 465.4 |   540M |  54 |1166 |5349 |3442 | 156k|  2 | 102k|  14 | 0.000000e+00 |      --      |    Inf |  28.80%
 7820s|137000 | 11231 | 63769k| 465.3 |   540M |  54 |1166 |5381 |3437 | 156k|  0 | 102k|  14 | 0.000000e+00 |      --      |    Inf |  28.80%
 7824s|137100 | 11248 | 63811k| 465.3 |   540M |  54 |1166 |5391 |3427 | 156k|  1 | 102k|  14 | 0.000000e+00 |      --      |    Inf |  28.80%
 7827s|137200 | 11246 | 63841k| 465.2 |   541M |  54 |1166 |5452 |3477 | 156k|  0 | 102k|  14 | 0.000000e+00 |      --      |    Inf |  28.80%
 7831s|137300 | 11242 | 63870k| 465.1 |   542M |  54 |1166 |5533 |3478 | 156k|  1 | 102k|  14 | 0.000000e+00 |      --      |    Inf |  28.80%
 7834s|137400 | 11246 | 63900k| 465.0 |   543M |  54 |1166 |5579 |3488 | 156k|  1 | 102k|  14 | 0.000000e+00 |      --      |    Inf |  28.80%
 7839s|137500 | 11250 | 63940k| 464.9 |   544M |  54 |1166 |5577 |3492 | 156k|  0 | 102k|  14 | 0.000000e+00 |      --      |    Inf |  28.80%
 7843s|137600 | 11247 | 63974k| 464.8 |   544M |  54 |1166 |5587 |3396 | 156k|  0 | 102k|  14 | 0.000000e+00 |      --      |    Inf |  28.80%
 7846s|137700 | 11251 | 64007k| 464.7 |   545M |  54 |1166 |5615 |3405 | 156k|  2 | 102k|  14 | 0.000000e+00 |      --      |    Inf |  28.80%
 7851s|137800 | 11237 | 64055k| 464.7 |   545M |  54 |1166 |5583 |3393 | 157k|  0 | 102k|  14 | 0.000000e+00 |      --      |    Inf |  28.80%
 7855s|137900 | 11239 | 64095k| 464.7 |   545M |  54 |1166 |5626 |3455 | 157k|  0 | 102k|  14 | 0.000000e+00 |      --      |    Inf |  28.80%
 7859s|138000 | 11243 | 64134k| 464.6 |   545M |  54 |1166 |5655 |3496 | 157k|  1 | 102k|  14 | 0.000000e+00 |      --      |    Inf |  28.80%
 7862s|138100 | 11249 | 64164k| 464.5 |   545M |  54 |1166 |5723 |3496 | 157k|  0 | 102k|  14 | 0.000000e+00 |      --      |    Inf |  28.80%
 7865s|138200 | 11255 | 64196k| 464.4 |   545M |  54 |1166 |5774 |3497 | 157k|  1 | 102k|  14 | 0.000000e+00 |      --      |    Inf |  28.80%
 time | node  | left  |LP iter|LP it/n|mem/heur|mdpt |vars |cons |rows |cuts |sepa|confs|strbr|  dualbound   | primalbound  |  gap   | compl. 
 7869s|138300 | 11251 | 64226k| 464.3 |   546M |  54 |1166 |5781 |3924 | 157k|  0 | 102k|  14 | 0.000000e+00 |      --      |    Inf |  28.80%
 7872s|138400 | 11249 | 64256k| 464.2 |   546M |  54 |1166 |5793 |3431 | 157k|  0 | 102k|  14 | 0.000000e+00 |      --      |    Inf |  28.80%
 7876s|138500 | 11241 | 64299k| 464.1 |   546M |  54 |1166 |5791 |3376 | 157k|  2 | 102k|  14 | 0.000000e+00 |      --      |    Inf |  28.80%
 7880s|138600 | 11241 | 64330k| 464.0 |   547M |  54 |1166 |5833 |3929 | 157k|  1 | 102k|  14 | 0.000000e+00 |      --      |    Inf |  28.80%
 7884s|138700 | 11237 | 64366k| 464.0 |   547M |  54 |1166 |5758 |3490 | 157k|  0 | 103k|  14 | 0.000000e+00 |      --      |    Inf |  28.80%
 7887s|138800 | 11234 | 64400k| 463.9 |   547M |  54 |1166 |5742 |3492 | 157k|  0 | 103k|  14 | 0.000000e+00 |      --      |    Inf |  28.80%
 7891s|138900 | 11224 | 64436k| 463.8 |   547M |  54 |1166 |5766 |3501 | 157k|  1 | 103k|  14 | 0.000000e+00 |      --      |    Inf |  28.80%
 7895s|139000 | 11222 | 64474k| 463.7 |   547M |  54 |1166 |5768 |3398 | 158k|  1 | 103k|  14 | 0.000000e+00 |      --      |    Inf |  28.80%
 7899s|139100 | 11216 | 64510k| 463.6 |   547M |  54 |1166 |5820 |3416 | 158k|  1 | 103k|  14 | 0.000000e+00 |      --      |    Inf |  28.80%
 7903s|139200 | 11209 | 64554k| 463.6 |   549M |  54 |1166 |5859 |3461 | 158k|  0 | 103k|  14 | 0.000000e+00 |      --      |    Inf |  28.80%
 7908s|139300 | 11207 | 64595k| 463.6 |   549M |  54 |1166 |5700 |4194 | 158k|  1 | 103k|  14 | 0.000000e+00 |      --      |    Inf |  28.81%
 7913s|139400 | 11207 | 64637k| 463.6 |   549M |  54 |1166 |5596 |4174 | 158k|  1 | 103k|  14 | 0.000000e+00 |      --      |    Inf |  28.81%
 7919s|139500 | 11220 | 64686k| 463.6 |   549M |  54 |1166 |5391 |4199 | 158k|  1 | 103k|  14 | 0.000000e+00 |      --      |    Inf |  28.83%
 7924s|139600 | 11241 | 64728k| 463.6 |   549M |  54 |1166 |4992 |4251 | 158k|  1 | 103k|  14 | 0.000000e+00 |      --      |    Inf |  28.86%
 7928s|139700 | 11265 | 64761k| 463.5 |   549M |  54 |1166 |5034 |4165 | 158k|  0 | 103k|  14 | 0.000000e+00 |      --      |    Inf |  28.86%
 time | node  | left  |LP iter|LP it/n|mem/heur|mdpt |vars |cons |rows |cuts |sepa|confs|strbr|  dualbound   | primalbound  |  gap   | compl. 
 7931s|139800 | 11271 | 64794k| 463.4 |   549M |  54 |1166 |5102 |4165 | 158k|  1 | 103k|  14 | 0.000000e+00 |      --      |    Inf |  28.86%
 7937s|139900 | 11258 | 64843k| 463.4 |   549M |  54 |1166 |5059 |4212 | 158k|  0 | 103k|  14 | 0.000000e+00 |      --      |    Inf |  28.87%
 7943s|140000 | 11268 | 64890k| 463.4 |   549M |  54 |1166 |5020 |4245 | 158k|  1 | 103k|  14 | 0.000000e+00 |      --      |    Inf |  28.87%
 7947s|140100 | 11277 | 64926k| 463.3 |   549M |  54 |1166 |4996 |3892 | 158k|  0 | 103k|  14 | 0.000000e+00 |      --      |    Inf |  28.87%
 7950s|140200 | 11283 | 64950k| 463.1 |   549M |  54 |1166 |5005 |3893 | 158k|  1 | 103k|  14 | 0.000000e+00 |      --      |    Inf |  28.87%
 7953s|140300 | 11291 | 64979k| 463.0 |   549M |  54 |1166 |5061 |3896 | 158k|  0 | 103k|  14 | 0.000000e+00 |      --      |    Inf |  28.87%
 7958s|140400 | 11264 | 65014k| 462.9 |   549M |  54 |1166 |5079 |4319 | 158k|  0 | 104k|  14 | 0.000000e+00 |      --      |    Inf |  28.87%
 7963s|140500 | 11277 | 65057k| 462.9 |   550M |  54 |1166 |4958 |4213 | 158k|  1 | 104k|  14 | 0.000000e+00 |      --      |    Inf |  28.87%
 7968s|140600 | 11296 | 65101k| 462.9 |   550M |  54 |1166 |4808 |4058 | 158k|  3 | 104k|  14 | 0.000000e+00 |      --      |    Inf |  28.87%
 7974s|140700 | 11290 | 65148k| 462.9 |   550M |  54 |1166 |4794 |4003 | 158k|  1 | 104k|  14 | 0.000000e+00 |      --      |    Inf |  28.90%
 7979s|140800 | 11307 | 65192k| 462.9 |   551M |  54 |1166 |4780 |4275 | 158k|  2 | 104k|  14 | 0.000000e+00 |      --      |    Inf |  28.90%
 7984s|140900 | 11310 | 65233k| 462.9 |   552M |  54 |1166 |4797 |4209 | 158k|  1 | 104k|  14 | 0.000000e+00 |      --      |    Inf |  28.90%
 7988s|141000 | 11324 | 65267k| 462.8 |   552M |  54 |1166 |4864 |4283 | 158k|  0 | 104k|  14 | 0.000000e+00 |      --      |    Inf |  28.90%
 7993s|141100 | 11333 | 65309k| 462.7 |   552M |  54 |1166 |4880 |4094 | 158k|  0 | 104k|  14 | 0.000000e+00 |      --      |    Inf |  28.90%
 7998s|141200 | 11328 | 65352k| 462.7 |   554M |  54 |1166 |4850 |4193 | 158k|  1 | 104k|  14 | 0.000000e+00 |      --      |    Inf |  28.90%
 time | node  | left  |LP iter|LP it/n|mem/heur|mdpt |vars |cons |rows |cuts |sepa|confs|strbr|  dualbound   | primalbound  |  gap   | compl. 
 8002s|141300 | 11338 | 65386k| 462.6 |   554M |  54 |1166 |4836 |4217 | 158k|  0 | 104k|  14 | 0.000000e+00 |      --      |    Inf |  28.90%
 8008s|141400 | 11336 | 65428k| 462.6 |   554M |  54 |1166 |4871 |4266 | 158k|  2 | 104k|  14 | 0.000000e+00 |      --      |    Inf |  28.90%
 8015s|141500 | 11339 | 65484k| 462.7 |   554M |  54 |1166 |4780 |4253 | 159k|  0 | 104k|  14 | 0.000000e+00 |      --      |    Inf |  28.93%
 8021s|141600 | 11337 | 65535k| 462.7 |   554M |  54 |1166 |4827 |4249 | 159k|  0 | 104k|  14 | 0.000000e+00 |      --      |    Inf |  28.93%
 8025s|141700 | 11342 | 65572k| 462.6 |   554M |  54 |1166 |4815 |3400 | 159k|  0 | 104k|  14 | 0.000000e+00 |      --      |    Inf |  28.94%
 8028s|141800 | 11340 | 65602k| 462.5 |   554M |  54 |1166 |4824 |3374 | 159k|  2 | 104k|  14 | 0.000000e+00 |      --      |    Inf |  28.94%
 8032s|141900 | 11354 | 65635k| 462.4 |   555M |  54 |1166 |4828 |3400 | 159k|  2 | 104k|  14 | 0.000000e+00 |      --      |    Inf |  28.94%
 8036s|142000 | 11340 | 65672k| 462.4 |   555M |  54 |1166 |4842 |3377 | 159k|  2 | 104k|  14 | 0.000000e+00 |      --      |    Inf |  28.94%
 8040s|142100 | 11344 | 65708k| 462.3 |   557M |  54 |1166 |4861 |3812 | 159k|  1 | 104k|  14 | 0.000000e+00 |      --      |    Inf |  28.94%
 8045s|142200 | 11340 | 65752k| 462.3 |   558M |  54 |1166 |4885 |3405 | 160k|  0 | 104k|  14 | 0.000000e+00 |      --      |    Inf |  28.94%
 8050s|142300 | 11340 | 65795k| 462.3 |   558M |  54 |1166 |4917 |3394 | 160k|  2 | 104k|  14 | 0.000000e+00 |      --      |    Inf |  28.94%
 8059s|142400 | 11347 | 65864k| 462.4 |   558M |  54 |1166 |4755 |4238 | 160k|  0 | 105k|  14 | 0.000000e+00 |      --      |    Inf |  29.04%
 8066s|142500 | 11348 | 65918k| 462.5 |   558M |  54 |1166 |4731 |4359 | 160k|  1 | 105k|  14 | 0.000000e+00 |      --      |    Inf |  29.04%
 8074s|142600 | 11337 | 65975k| 462.5 |   559M |  54 |1166 |4633 |4159 | 160k|  0 | 105k|  14 | 0.000000e+00 |      --      |    Inf |  29.05%
 8079s|142700 | 11330 | 66016k| 462.5 |   559M |  54 |1166 |4592 |4172 | 160k|  0 | 105k|  14 | 0.000000e+00 |      --      |    Inf |  29.05%
 time | node  | left  |LP iter|LP it/n|mem/heur|mdpt |vars |cons |rows |cuts |sepa|confs|strbr|  dualbound   | primalbound  |  gap   | compl. 
 8084s|142800 | 11331 | 66062k| 462.5 |   559M |  54 |1166 |4496 |4137 | 160k|  0 | 105k|  14 | 0.000000e+00 |      --      |    Inf |  29.10%
 8091s|142900 | 11314 | 66113k| 462.5 |   560M |  54 |1166 |4460 |4245 | 160k|  0 | 105k|  14 | 0.000000e+00 |      --      |    Inf |  29.12%
 8096s|143000 | 11327 | 66150k| 462.5 |   560M |  54 |1166 |4472 |3604 | 160k|  1 | 105k|  14 | 0.000000e+00 |      --      |    Inf |  29.12%
 8100s|143100 | 11338 | 66187k| 462.4 |   560M |  54 |1166 |4464 |3612 | 160k|  2 | 105k|  14 | 0.000000e+00 |      --      |    Inf |  29.12%
 8106s|143200 | 11340 | 66238k| 462.4 |   561M |  54 |1166 |4414 |3857 | 161k|  0 | 105k|  14 | 0.000000e+00 |      --      |    Inf |  29.91%
 8111s|143300 | 11348 | 66283k| 462.4 |   561M |  54 |1166 |4372 |4291 | 161k|  0 | 105k|  14 | 0.000000e+00 |      --      |    Inf |  29.91%
 8115s|143400 | 11362 | 66320k| 462.4 |   561M |  54 |1166 |4378 |4303 | 161k|  1 | 105k|  14 | 0.000000e+00 |      --      |    Inf |  29.91%
 8120s|143500 | 11374 | 66360k| 462.3 |   561M |  54 |1166 |4440 |4303 | 161k|  0 | 105k|  14 | 0.000000e+00 |      --      |    Inf |  29.91%
 8125s|143600 | 11383 | 66402k| 462.3 |   561M |  54 |1166 |4438 |4249 | 161k|  1 | 105k|  14 | 0.000000e+00 |      --      |    Inf |  29.91%
 8130s|143700 | 11385 | 66441k| 462.2 |   562M |  54 |1166 |4435 |4046 | 161k|  2 | 105k|  14 | 0.000000e+00 |      --      |    Inf |  29.91%
 8134s|143800 | 11393 | 66473k| 462.1 |   562M |  54 |1166 |4446 |4250 | 161k|  1 | 105k|  14 | 0.000000e+00 |      --      |    Inf |  29.91%
 8137s|143900 | 11397 | 66503k| 462.0 |   562M |  54 |1166 |4456 |4249 | 161k|  1 | 105k|  14 | 0.000000e+00 |      --      |    Inf |  29.91%
 8142s|144000 | 11385 | 66540k| 462.0 |   562M |  54 |1166 |4439 |4146 | 161k|  2 | 105k|  14 | 0.000000e+00 |      --      |    Inf |  29.96%
 8146s|144100 | 11405 | 66573k| 461.9 |   562M |  54 |1166 |4488 |4057 | 161k|  2 | 105k|  14 | 0.000000e+00 |      --      |    Inf |  29.96%
 8150s|144200 | 11407 | 66608k| 461.8 |   562M |  54 |1166 |4518 |3204 | 161k|  0 | 106k|  14 | 0.000000e+00 |      --      |    Inf |  29.96%
 time | node  | left  |LP iter|LP it/n|mem/heur|mdpt |vars |cons |rows |cuts |sepa|confs|strbr|  dualbound   | primalbound  |  gap   | compl. 
 8156s|144300 | 11415 | 66653k| 461.8 |   562M |  54 |1166 |4551 |4201 | 161k|  0 | 106k|  14 | 0.000000e+00 |      --      |    Inf |  29.96%
 8161s|144400 | 11411 | 66697k| 461.8 |   563M |  54 |1166 |4574 |3948 | 161k|  1 | 106k|  14 | 0.000000e+00 |      --      |    Inf |  29.96%
 8168s|144500 | 11402 | 66749k| 461.8 |   563M |  54 |1166 |4547 |4120 | 161k|  1 | 106k|  14 | 0.000000e+00 |      --      |    Inf |  29.96%
 8173s|144600 | 11396 | 66792k| 461.8 |   564M |  54 |1166 |4593 |4242 | 161k|  0 | 106k|  14 | 0.000000e+00 |      --      |    Inf |  29.96%
 8178s|144700 | 11407 | 66836k| 461.8 |   565M |  54 |1166 |4563 |4278 | 161k|  0 | 106k|  14 | 0.000000e+00 |      --      |    Inf |  29.96%
 8184s|144800 | 11427 | 66878k| 461.7 |   565M |  54 |1166 |4507 |4077 | 161k|  1 | 106k|  14 | 0.000000e+00 |      --      |    Inf |  29.96%
 8189s|144900 | 11439 | 66928k| 461.8 |   565M |  54 |1166 |4598 |4257 | 162k|  1 | 106k|  14 | 0.000000e+00 |      --      |    Inf |  29.96%
 8194s|145000 | 11432 | 66973k| 461.8 |   565M |  54 |1166 |4623 |4004 | 162k|  1 | 106k|  14 | 0.000000e+00 |      --      |    Inf |  29.96%
 8200s|145100 | 11428 | 67018k| 461.8 |   566M |  54 |1166 |4666 |4134 | 162k|  1 | 106k|  14 | 0.000000e+00 |      --      |    Inf |  29.96%
 8207s|145200 | 11466 | 67078k| 461.9 |   566M |  54 |1166 |4681 |4115 | 162k|  1 | 106k|  14 | 0.000000e+00 |      --      |    Inf |  29.99%
 8213s|145300 | 11466 | 67126k| 461.9 |   566M |  54 |1166 |4789 |4266 | 162k|  1 | 107k|  14 | 0.000000e+00 |      --      |    Inf |  29.99%
 8217s|145400 | 11476 | 67164k| 461.8 |   566M |  54 |1166 |4875 |4293 | 162k|  0 | 107k|  14 | 0.000000e+00 |      --      |    Inf |  29.99%
 8222s|145500 | 11484 | 67206k| 461.8 |   566M |  54 |1166 |4938 |4288 | 162k|  1 | 107k|  14 | 0.000000e+00 |      --      |    Inf |  29.99%
 8225s|145600 | 11505 | 67234k| 461.7 |   566M |  54 |1166 |4950 |4016 | 162k|  1 | 107k|  14 | 0.000000e+00 |      --      |    Inf |  29.99%
 8229s|145700 | 11517 | 67264k| 461.5 |   566M |  54 |1166 |4993 |3122 | 162k|  0 | 107k|  14 | 0.000000e+00 |      --      |    Inf |  29.99%
 time | node  | left  |LP iter|LP it/n|mem/heur|mdpt |vars |cons |rows |cuts |sepa|confs|strbr|  dualbound   | primalbound  |  gap   | compl. 
 8234s|145800 | 11536 | 67307k| 461.5 |   567M |  54 |1166 |4946 |3717 | 162k|  2 | 107k|  14 | 0.000000e+00 |      --      |    Inf |  29.99%
 8240s|145900 | 11550 | 67358k| 461.6 |   567M |  54 |1166 |4944 |4096 | 162k|  1 | 107k|  14 | 0.000000e+00 |      --      |    Inf |  29.99%
 8247s|146000 | 11536 | 67418k| 461.7 |   567M |  54 |1166 |5045 |4107 | 162k|  0 | 107k|  14 | 0.000000e+00 |      --      |    Inf |  29.99%
 8254s|146100 | 11539 | 67480k| 461.8 |   567M |  54 |1166 |5128 |4114 | 162k|  0 | 107k|  14 | 0.000000e+00 |      --      |    Inf |  29.99%
 8260s|146200 | 11539 | 67530k| 461.8 |   567M |  54 |1166 |5184 |4196 | 162k|  0 | 107k|  14 | 0.000000e+00 |      --      |    Inf |  29.99%
 8266s|146300 | 11533 | 67581k| 461.8 |   567M |  54 |1166 |5121 |4207 | 162k|  0 | 107k|  14 | 0.000000e+00 |      --      |    Inf |  29.99%
 8272s|146400 | 11518 | 67628k| 461.8 |   567M |  54 |1166 |4974 |4294 | 162k|  0 | 108k|  14 | 0.000000e+00 |      --      |    Inf |  29.99%
 8278s|146500 | 11521 | 67679k| 461.9 |   567M |  54 |1166 |4809 |4226 | 162k|  0 | 108k|  14 | 0.000000e+00 |      --      |    Inf |  30.00%
 8284s|146600 | 11533 | 67725k| 461.9 |   567M |  54 |1166 |4735 |4218 | 162k|  2 | 108k|  14 | 0.000000e+00 |      --      |    Inf |  30.00%
 8290s|146700 | 11538 | 67776k| 461.9 |   567M |  54 |1166 |4743 |4052 | 162k|  0 | 108k|  14 | 0.000000e+00 |      --      |    Inf |  30.00%
 8296s|146800 | 11530 | 67822k| 461.9 |   567M |  54 |1166 |4751 |4334 | 163k|  1 | 108k|  14 | 0.000000e+00 |      --      |    Inf |  30.00%
 8301s|146900 | 11522 | 67867k| 461.9 |   567M |  54 |1166 |4773 |4233 | 163k|  0 | 108k|  14 | 0.000000e+00 |      --      |    Inf |  30.00%
 8307s|147000 | 11531 | 67915k| 461.9 |   567M |  54 |1166 |4752 |4225 | 163k|  1 | 108k|  14 | 0.000000e+00 |      --      |    Inf |  30.00%
 8311s|147100 | 11536 | 67953k| 461.8 |   568M |  54 |1166 |4758 |4240 | 163k|  0 | 108k|  14 | 0.000000e+00 |      --      |    Inf |  30.00%
 8315s|147200 | 11534 | 67985k| 461.7 |   568M |  54 |1166 |4791 |4238 | 163k|  1 | 108k|  14 | 0.000000e+00 |      --      |    Inf |  30.00%
 time | node  | left  |LP iter|LP it/n|mem/heur|mdpt |vars |cons |rows |cuts |sepa|confs|strbr|  dualbound   | primalbound  |  gap   | compl. 
 8320s|147300 | 11534 | 68027k| 461.7 |   568M |  54 |1166 |4806 |4241 | 163k|  1 | 108k|  14 | 0.000000e+00 |      --      |    Inf |  30.00%
 8326s|147400 | 11539 | 68072k| 461.7 |   569M |  54 |1166 |4791 |4267 | 163k|  1 | 108k|  14 | 0.000000e+00 |      --      |    Inf |  30.00%
 8331s|147500 | 11567 | 68113k| 461.7 |   569M |  54 |1166 |4825 |4267 | 163k|  1 | 108k|  14 | 0.000000e+00 |      --      |    Inf |  30.00%
 8335s|147600 | 11577 | 68152k| 461.6 |   569M |  54 |1166 |4857 |3728 | 163k|  0 | 108k|  14 | 0.000000e+00 |      --      |    Inf |  30.00%
 8340s|147700 | 11597 | 68191k| 461.6 |   570M |  54 |1166 |4900 |4266 | 163k|  1 | 108k|  14 | 0.000000e+00 |      --      |    Inf |  30.00%
 8345s|147800 | 11603 | 68228k| 461.5 |   570M |  54 |1166 |4950 |4266 | 163k|  0 | 108k|  14 | 0.000000e+00 |      --      |    Inf |  30.00%
 8349s|147900 | 11609 | 68265k| 461.5 |   570M |  54 |1166 |4999 |4271 | 163k|  2 | 108k|  14 | 0.000000e+00 |      --      |    Inf |  30.00%
 8355s|148000 | 11598 | 68311k| 461.5 |   570M |  54 |1166 |4984 |4280 | 163k|  1 | 109k|  14 | 0.000000e+00 |      --      |    Inf |  30.00%
 8361s|148100 | 11611 | 68361k| 461.5 |   570M |  54 |1166 |4881 |4212 | 163k|  1 | 109k|  14 | 0.000000e+00 |      --      |    Inf |  30.00%
 8365s|148200 | 11608 | 68396k| 461.4 |   570M |  54 |1166 |4896 |4340 | 163k|  1 | 109k|  14 | 0.000000e+00 |      --      |    Inf |  30.01%
 8371s|148300 | 11616 | 68444k| 461.4 |   570M |  54 |1166 |4819 |4206 | 163k|  1 | 109k|  14 | 0.000000e+00 |      --      |    Inf |  30.01%
 8376s|148400 | 11632 | 68488k| 461.4 |   570M |  54 |1166 |4861 |3403 | 163k|  0 | 109k|  14 | 0.000000e+00 |      --      |    Inf |  30.01%
 8381s|148500 | 11645 | 68532k| 461.4 |   570M |  54 |1166 |4805 |4241 | 163k|  1 | 109k|  14 | 0.000000e+00 |      --      |    Inf |  30.01%
 8387s|148600 | 11644 | 68575k| 461.4 |   570M |  54 |1166 |4781 |3993 | 163k|  0 | 109k|  14 | 0.000000e+00 |      --      |    Inf |  30.02%
 8391s|148700 | 11667 | 68614k| 461.3 |   571M |  54 |1166 |4690 |4290 | 164k|  0 | 109k|  14 | 0.000000e+00 |      --      |    Inf |  30.46%
 time | node  | left  |LP iter|LP it/n|mem/heur|mdpt |vars |cons |rows |cuts |sepa|confs|strbr|  dualbound   | primalbound  |  gap   | compl. 
 8397s|148800 | 11665 | 68661k| 461.3 |   571M |  54 |1166 |4692 |4302 | 164k|  0 | 109k|  14 | 0.000000e+00 |      --      |    Inf |  30.46%
 8403s|148900 | 11663 | 68708k| 461.3 |   571M |  54 |1166 |4684 |3435 | 164k|  0 | 109k|  14 | 0.000000e+00 |      --      |    Inf |  30.46%
 8409s|149000 | 11677 | 68757k| 461.3 |   572M |  54 |1166 |4629 |4303 | 164k|  1 | 109k|  14 | 0.000000e+00 |      --      |    Inf |  30.46%
 8414s|149100 | 11672 | 68803k| 461.3 |   572M |  54 |1166 |4642 |4051 | 164k|  0 | 109k|  14 | 0.000000e+00 |      --      |    Inf |  30.46%
 8420s|149200 | 11668 | 68849k| 461.3 |   572M |  54 |1166 |4662 |3395 | 164k|  2 | 109k|  14 | 0.000000e+00 |      --      |    Inf |  30.46%
 8425s|149300 | 11688 | 68894k| 461.3 |   572M |  54 |1166 |4778 |4113 | 164k|  1 | 109k|  14 | 0.000000e+00 |      --      |    Inf |  30.46%
 8431s|149400 | 11675 | 68935k| 461.3 |   572M |  54 |1166 |4835 |4280 | 164k|  1 | 110k|  14 | 0.000000e+00 |      --      |    Inf |  30.46%
 8437s|149500 | 11662 | 68983k| 461.3 |   572M |  54 |1166 |4821 |4166 | 164k|  0 | 110k|  14 | 0.000000e+00 |      --      |    Inf |  30.46%
 8443s|149600 | 11666 | 69037k| 461.4 |   572M |  54 |1166 |4892 |4165 | 164k|  1 | 110k|  14 | 0.000000e+00 |      --      |    Inf |  30.46%
 8450s|149700 | 11665 | 69094k| 461.4 |   572M |  54 |1166 |4866 |4231 | 164k|  0 | 110k|  14 | 0.000000e+00 |      --      |    Inf |  30.46%
 8456s|149800 | 11681 | 69140k| 461.4 |   572M |  54 |1166 |4871 |4125 | 164k|  1 | 110k|  14 | 0.000000e+00 |      --      |    Inf |  30.46%
 8462s|149900 | 11682 | 69183k| 461.4 |   572M |  54 |1166 |4879 |4214 | 164k|  0 | 110k|  14 | 0.000000e+00 |      --      |    Inf |  30.46%
 8469s|150000 | 11685 | 69241k| 461.5 |   572M |  54 |1166 |4882 |4230 | 164k|  0 | 110k|  14 | 0.000000e+00 |      --      |    Inf |  30.46%
 8476s|150100 | 11689 | 69291k| 461.5 |   572M |  54 |1166 |4901 |4251 | 164k|  1 | 110k|  14 | 0.000000e+00 |      --      |    Inf |  30.46%
 8483s|150200 | 11707 | 69345k| 461.6 |   572M |  54 |1166 |5040 |4208 | 164k|  1 | 110k|  14 | 0.000000e+00 |      --      |    Inf |  30.46%
 time | node  | left  |LP iter|LP it/n|mem/heur|mdpt |vars |cons |rows |cuts |sepa|confs|strbr|  dualbound   | primalbound  |  gap   | compl. 
 8489s|150300 | 11709 | 69392k| 461.6 |   572M |  54 |1166 |5029 |4135 | 164k|  0 | 110k|  14 | 0.000000e+00 |      --      |    Inf |  30.46%
 8494s|150400 | 11729 | 69433k| 461.5 |   572M |  54 |1166 |4986 |4218 | 164k|  0 | 110k|  14 | 0.000000e+00 |      --      |    Inf |  30.46%
 8499s|150500 | 11742 | 69470k| 461.5 |   572M |  54 |1166 |4984 |4093 | 164k|  2 | 110k|  14 | 0.000000e+00 |      --      |    Inf |  30.46%
 8504s|150600 | 11746 | 69507k| 461.4 |   572M |  54 |1166 |4965 |4219 | 164k|  0 | 110k|  14 | 0.000000e+00 |      --      |    Inf |  30.47%
 8508s|150700 | 11752 | 69538k| 461.3 |   572M |  54 |1166 |5015 |4219 | 164k|  0 | 111k|  14 | 0.000000e+00 |      --      |    Inf |  30.47%
 8513s|150800 | 11744 | 69577k| 461.3 |   572M |  54 |1166 |5118 |4219 | 164k|  0 | 111k|  14 | 0.000000e+00 |      --      |    Inf |  30.47%
 8518s|150900 | 11739 | 69621k| 461.3 |   572M |  54 |1166 |5148 |4067 | 164k|  0 | 111k|  14 | 0.000000e+00 |      --      |    Inf |  30.47%
 8523s|151000 | 11745 | 69662k| 461.2 |   572M |  54 |1166 |5185 |4303 | 164k|  1 | 111k|  14 | 0.000000e+00 |      --      |    Inf |  30.47%
 8528s|151100 | 11747 | 69707k| 461.2 |   572M |  54 |1166 |5220 |4242 | 164k|  0 | 111k|  14 | 0.000000e+00 |      --      |    Inf |  30.47%
 8534s|151200 | 11754 | 69754k| 461.2 |   572M |  54 |1166 |5189 |4267 | 164k|  1 | 111k|  14 | 0.000000e+00 |      --      |    Inf |  30.47%
 8537s|151300 | 11747 | 69785k| 461.1 |   572M |  54 |1166 |5217 |4239 | 164k|  0 | 111k|  14 | 0.000000e+00 |      --      |    Inf |  30.47%
 8541s|151400 | 11750 | 69815k| 461.0 |   572M |  54 |1166 |5222 |4096 | 164k|  1 | 111k|  14 | 0.000000e+00 |      --      |    Inf |  30.47%
 8545s|151500 | 11752 | 69852k| 461.0 |   573M |  54 |1166 |5248 |4034 | 164k|  1 | 111k|  14 | 0.000000e+00 |      --      |    Inf |  30.47%
 8549s|151600 | 11760 | 69883k| 460.9 |   573M |  54 |1166 |5222 |4135 | 164k|  1 | 111k|  14 | 0.000000e+00 |      --      |    Inf |  30.47%
 8554s|151700 | 11763 | 69924k| 460.8 |   573M |  54 |1166 |5235 |4241 | 164k|  1 | 111k|  14 | 0.000000e+00 |      --      |    Inf |  30.47%
 time | node  | left  |LP iter|LP it/n|mem/heur|mdpt |vars |cons |rows |cuts |sepa|confs|strbr|  dualbound   | primalbound  |  gap   | compl. 
 8560s|151800 | 11771 | 69965k| 460.8 |   573M |  54 |1166 |5267 |4247 | 164k|  0 | 111k|  14 | 0.000000e+00 |      --      |    Inf |  30.47%
 8566s|151900 | 11774 | 70007k| 460.8 |   573M |  54 |1166 |5221 |4227 | 164k|  0 | 111k|  14 | 0.000000e+00 |      --      |    Inf |  30.47%
 8571s|152000 | 11775 | 70050k| 460.7 |   573M |  54 |1166 |5136 |4123 | 164k|  1 | 111k|  14 | 0.000000e+00 |      --      |    Inf |  30.50%
 8577s|152100 | 11772 | 70104k| 460.8 |   573M |  54 |1166 |5001 |4212 | 165k|  0 | 111k|  14 | 0.000000e+00 |      --      |    Inf |  30.52%
 8583s|152200 | 11769 | 70145k| 460.8 |   574M |  54 |1166 |4928 |3110 | 165k|  2 | 111k|  14 | 0.000000e+00 |      --      |    Inf |  30.52%
 8588s|152300 | 11789 | 70188k| 460.7 |   575M |  54 |1166 |4932 |3743 | 165k|  1 | 112k|  14 | 0.000000e+00 |      --      |    Inf |  30.57%
 8592s|152400 | 11790 | 70223k| 460.7 |   579M |  54 |1166 |5033 |3741 | 165k|  0 | 112k|  14 | 0.000000e+00 |      --      |    Inf |  30.57%
 8595s|152500 | 11790 | 70251k| 460.6 |   579M |  54 |1166 |5110 |3740 | 165k|  0 | 112k|  14 | 0.000000e+00 |      --      |    Inf |  30.57%
 8599s|152600 | 11788 | 70281k| 460.4 |   579M |  54 |1166 |5133 |3755 | 166k|  0 | 112k|  14 | 0.000000e+00 |      --      |    Inf |  30.57%
 8603s|152700 | 11786 | 70317k| 460.4 |   580M |  54 |1166 |5162 |3286 | 166k|  0 | 112k|  14 | 0.000000e+00 |      --      |    Inf |  30.57%
 8607s|152800 | 11797 | 70347k| 460.3 |   581M |  54 |1166 |5289 |3773 | 166k|  0 | 112k|  14 | 0.000000e+00 |      --      |    Inf |  30.57%
 8611s|152900 | 11785 | 70378k| 460.2 |   582M |  54 |1166 |5391 |3769 | 166k|  1 | 112k|  14 | 0.000000e+00 |      --      |    Inf |  30.57%
 8614s|153000 | 11791 | 70404k| 460.0 |   582M |  54 |1166 |5447 |3743 | 166k|  1 | 112k|  14 | 0.000000e+00 |      --      |    Inf |  30.57%
 8618s|153100 | 11788 | 70437k| 460.0 |   582M |  54 |1166 |5530 |3493 | 166k|  0 | 112k|  14 | 0.000000e+00 |      --      |    Inf |  30.57%
 8623s|153200 | 11794 | 70475k| 459.9 |   584M |  54 |1166 |5571 |3732 | 166k|  0 | 112k|  14 | 0.000000e+00 |      --      |    Inf |  30.57%
 time | node  | left  |LP iter|LP it/n|mem/heur|mdpt |vars |cons |rows |cuts |sepa|confs|strbr|  dualbound   | primalbound  |  gap   | compl. 
 8628s|153300 | 11794 | 70515k| 459.9 |   585M |  54 |1166 |5562 |3851 | 167k|  1 | 112k|  14 | 0.000000e+00 |      --      |    Inf |  30.57%
 8632s|153400 | 11803 | 70551k| 459.8 |   585M |  54 |1166 |5410 |4240 | 167k|  0 | 112k|  14 | 0.000000e+00 |      --      |    Inf |  30.57%
 8639s|153500 | 11820 | 70596k| 459.8 |   585M |  54 |1166 |5272 |4268 | 167k|  0 | 112k|  14 | 0.000000e+00 |      --      |    Inf |  30.58%
 8646s|153600 | 11809 | 70647k| 459.8 |   585M |  54 |1166 |5248 |3977 | 167k|  0 | 113k|  14 | 0.000000e+00 |      --      |    Inf |  30.58%
 8652s|153700 | 11815 | 70692k| 459.8 |   585M |  54 |1166 |5063 |4261 | 167k|  1 | 113k|  14 | 0.000000e+00 |      --      |    Inf |  30.60%
 8658s|153800 | 11817 | 70738k| 459.8 |   585M |  54 |1166 |5018 |4109 | 167k|  0 | 113k|  14 | 0.000000e+00 |      --      |    Inf |  30.61%
 8663s|153900 | 11824 | 70779k| 459.8 |   585M |  54 |1166 |5028 |4278 | 167k|  1 | 113k|  14 | 0.000000e+00 |      --      |    Inf |  30.62%
 8669s|154000 | 11824 | 70821k| 459.8 |   585M |  54 |1166 |5071 |4292 | 167k|  0 | 113k|  14 | 0.000000e+00 |      --      |    Inf |  30.62%
 8674s|154100 | 11821 | 70863k| 459.7 |   585M |  54 |1166 |5092 |4188 | 167k|  1 | 113k|  14 | 0.000000e+00 |      --      |    Inf |  30.62%
 8681s|154200 | 11839 | 70911k| 459.8 |   585M |  54 |1166 |5032 |3957 | 167k|  2 | 113k|  14 | 0.000000e+00 |      --      |    Inf |  30.62%
 8686s|154300 | 11849 | 70954k| 459.7 |   586M |  54 |1166 |5002 |4293 | 167k|  0 | 113k|  14 | 0.000000e+00 |      --      |    Inf |  30.62%
 8691s|154400 | 11865 | 70998k| 459.7 |   586M |  54 |1166 |5018 |4201 | 167k|  0 | 113k|  14 | 0.000000e+00 |      --      |    Inf |  30.62%
 8695s|154500 | 11880 | 71031k| 459.6 |   586M |  54 |1166 |5006 |4227 | 167k|  1 | 113k|  14 | 0.000000e+00 |      --      |    Inf |  30.62%
 8701s|154600 | 11880 | 71071k| 459.6 |   586M |  54 |1166 |4992 |4223 | 167k|  0 | 113k|  14 | 0.000000e+00 |      --      |    Inf |  30.62%
 8706s|154700 | 11884 | 71108k| 459.5 |   586M |  54 |1166 |4946 |4195 | 167k|  1 | 113k|  14 | 0.000000e+00 |      --      |    Inf |  30.62%
 time | node  | left  |LP iter|LP it/n|mem/heur|mdpt |vars |cons |rows |cuts |sepa|confs|strbr|  dualbound   | primalbound  |  gap   | compl. 
 8710s|154800 | 11884 | 71147k| 459.5 |   586M |  54 |1166 |4876 |4142 | 167k|  2 | 113k|  14 | 0.000000e+00 |      --      |    Inf |  30.62%
 8713s|154900 | 11891 | 71181k| 459.4 |   586M |  54 |1166 |4866 |4285 | 167k|  1 | 113k|  14 | 0.000000e+00 |      --      |    Inf |  30.62%
 8716s|155000 | 11902 | 71212k| 459.3 |   586M |  54 |1166 |4932 |4176 | 167k|  0 | 113k|  14 | 0.000000e+00 |      --      |    Inf |  30.62%
 8719s|155100 | 11911 | 71242k| 459.2 |   586M |  54 |1166 |4965 |4050 | 167k|  1 | 113k|  14 | 0.000000e+00 |      --      |    Inf |  30.62%
 8723s|155200 | 11922 | 71277k| 459.2 |   586M |  54 |1166 |4994 |4153 | 167k|  1 | 113k|  14 | 0.000000e+00 |      --      |    Inf |  30.62%
 8728s|155300 | 11909 | 71325k| 459.2 |   586M |  54 |1166 |4986 |4312 | 167k|  1 | 114k|  14 | 0.000000e+00 |      --      |    Inf |  30.67%
 8732s|155400 | 11916 | 71367k| 459.1 |   586M |  54 |1166 |5001 |3850 | 167k|  0 | 114k|  14 | 0.000000e+00 |      --      |    Inf |  30.67%
 8738s|155500 | 11941 | 71419k| 459.2 |   587M |  54 |1166 |5000 |3650 | 167k|  2 | 114k|  14 | 0.000000e+00 |      --      |    Inf |  30.67%
 8741s|155600 | 11945 | 71450k| 459.1 |   588M |  54 |1166 |4998 |3982 | 167k|  1 | 114k|  14 | 0.000000e+00 |      --      |    Inf |  30.67%
 8745s|155700 | 11946 | 71495k| 459.1 |   588M |  54 |1166 |5068 |3943 | 167k|  0 | 114k|  14 | 0.000000e+00 |      --      |    Inf |  30.67%
 8750s|155800 | 11958 | 71541k| 459.1 |   588M |  54 |1166 |4992 |4247 | 167k|  1 | 114k|  14 | 0.000000e+00 |      --      |    Inf |  30.67%
 8753s|155900 | 11972 | 71577k| 459.0 |   588M |  54 |1166 |5049 |3492 | 167k|  2 | 114k|  14 | 0.000000e+00 |      --      |    Inf |  30.67%
 8757s|156000 | 11968 | 71613k| 459.0 |   589M |  54 |1166 |5075 |4227 | 167k|  1 | 114k|  14 | 0.000000e+00 |      --      |    Inf |  30.67%
 8761s|156100 | 11971 | 71653k| 458.9 |   589M |  54 |1166 |5030 |3394 | 167k|  0 | 114k|  14 | 0.000000e+00 |      --      |    Inf |  30.67%
 8764s|156200 | 11971 | 71682k| 458.8 |   589M |  54 |1166 |5041 |4236 | 167k|  1 | 114k|  14 | 0.000000e+00 |      --      |    Inf |  30.67%
 time | node  | left  |LP iter|LP it/n|mem/heur|mdpt |vars |cons |rows |cuts |sepa|confs|strbr|  dualbound   | primalbound  |  gap   | compl. 
 8768s|156300 | 11970 | 71719k| 458.7 |   589M |  54 |1166 |5047 |4017 | 167k|  0 | 114k|  14 | 0.000000e+00 |      --      |    Inf |  30.68%
 8772s|156400 | 11962 | 71758k| 458.7 |   589M |  54 |1166 |5075 |4227 | 168k|  0 | 114k|  14 | 0.000000e+00 |      --      |    Inf |  30.68%
 8775s|156500 | 11982 | 71794k| 458.6 |   589M |  54 |1166 |5043 |3837 | 168k|  1 | 114k|  14 | 0.000000e+00 |      --      |    Inf |  30.68%
 8779s|156600 | 11975 | 71835k| 458.6 |   589M |  54 |1166 |5056 |4029 | 168k|  1 | 114k|  14 | 0.000000e+00 |      --      |    Inf |  30.69%
 8783s|156700 | 11974 | 71878k| 458.6 |   589M |  54 |1166 |5069 |3741 | 168k|  1 | 114k|  14 | 0.000000e+00 |      --      |    Inf |  30.69%
 8787s|156800 | 11988 | 71914k| 458.5 |   589M |  54 |1166 |5083 |3978 | 168k|  1 | 114k|  14 | 0.000000e+00 |      --      |    Inf |  30.69%
 8792s|156900 | 11966 | 71966k| 458.6 |   589M |  54 |1166 |5050 |4283 | 168k|  0 | 114k|  14 | 0.000000e+00 |      --      |    Inf |  30.70%
 8796s|157000 | 11973 | 72007k| 458.5 |   589M |  54 |1166 |5039 |4285 | 168k|  1 | 115k|  14 | 0.000000e+00 |      --      |    Inf |  30.70%
 8800s|157100 | 11971 | 72045k| 458.5 |   589M |  54 |1166 |5075 |4051 | 168k|  2 | 115k|  14 | 0.000000e+00 |      --      |    Inf |  30.70%
 8804s|157200 | 11996 | 72084k| 458.4 |   589M |  54 |1166 |5105 |4304 | 168k|  0 | 115k|  14 | 0.000000e+00 |      --      |    Inf |  30.70%
 8807s|157300 | 11985 | 72118k| 458.4 |   589M |  54 |1166 |5154 |4192 | 168k|  0 | 115k|  14 | 0.000000e+00 |      --      |    Inf |  30.70%
 8814s|157400 | 12007 | 72179k| 458.5 |   589M |  54 |1166 |5114 |4178 | 168k|  1 | 115k|  14 | 0.000000e+00 |      --      |    Inf |  30.71%
 8818s|157500 | 12011 | 72221k| 458.4 |   589M |  54 |1166 |5166 |4222 | 168k|  0 | 115k|  14 | 0.000000e+00 |      --      |    Inf |  30.71%
 8822s|157600 | 12032 | 72259k| 458.4 |   589M |  54 |1166 |5186 |4248 | 168k|  0 | 115k|  14 | 0.000000e+00 |      --      |    Inf |  30.71%
 8825s|157700 | 12048 | 72296k| 458.3 |   589M |  54 |1166 |5193 |4317 | 168k|  0 | 115k|  14 | 0.000000e+00 |      --      |    Inf |  30.71%
 time | node  | left  |LP iter|LP it/n|mem/heur|mdpt |vars |cons |rows |cuts |sepa|confs|strbr|  dualbound   | primalbound  |  gap   | compl. 
 8830s|157800 | 12035 | 72344k| 458.4 |   589M |  54 |1166 |5159 |4256 | 168k|  0 | 115k|  14 | 0.000000e+00 |      --      |    Inf |  30.71%
 8836s|157900 | 12068 | 72397k| 458.4 |   592M |  54 |1166 |5199 |3179 | 169k|  2 | 115k|  14 | 0.000000e+00 |      --      |    Inf |  30.71%
 8841s|158000 | 12084 | 72454k| 458.5 |   595M |  54 |1166 |5312 |3236 | 170k|  2 | 115k|  14 | 0.000000e+00 |      --      |    Inf |  30.71%
 8847s|158100 | 12085 | 72515k| 458.6 |   596M |  54 |1166 |5398 |3205 | 171k|  0 | 115k|  14 | 0.000000e+00 |      --      |    Inf |  30.71%
 8853s|158200 | 12084 | 72576k| 458.7 |   600M |  54 |1166 |5507 |3322 | 171k|  1 | 115k|  14 | 0.000000e+00 |      --      |    Inf |  30.71%
 8857s|158300 | 12083 | 72625k| 458.7 |   602M |  54 |1166 |5584 |3192 | 172k|  0 | 116k|  14 | 0.000000e+00 |      --      |    Inf |  30.71%
 8863s|158400 | 12079 | 72685k| 458.8 |   604M |  54 |1166 |5599 |3181 | 172k|  2 | 116k|  14 | 0.000000e+00 |      --      |    Inf |  30.71%
pressed CTRL-C 1 times (5 times for forcing termination)

SCIP Status        : solving was interrupted [user interrupt]
Solving Time (sec) : 8865.00
Solving Nodes      : 158454
Primal Bound       : +1.00000000000000e+20 (0 solutions)
Dual Bound         : +0.00000000000000e+00
Gap                : infinite


no solution available

SCIP> 