SCIP version 10.0.1 [precision: 8 byte] [memory: block] [mode: optimized] [LP solver: SoPlex 8.0.1] [GitHash: 76a50c97d6]
Copyright (c) 2002-2026 Zuse Institute Berlin (ZIB)

External libraries: 
  SoPlex 8.0.1         Linear programming solver developed at Zuse Institute Berlin (soplex.zib.de) [GitHash: c69290aa]
  CppAD 20180000.0     Algorithmic Differentiation of C++ algorithms developed by B. Bell (github.com/coin-or/CppAD)
  ZLIB 1.3.1           General purpose compression library by J. Gailly and M. Adler (zlib.net)
  MPFR 4.2.2           GNU Multiple Precision Floating-Point Reliable Library (mpfr.org)
  Boost 1.89.0         Boost C++ Libraries (boost.org)
  TinyCThread 1.2      small portable implementation of the C11 threads API (tinycthread.github.io)
  GMP 6.3.0            GNU Multiple Precision Arithmetic Library developed by T. Granlund (gmplib.org)
  ZIMPL 3.7.0          Zuse Institute Mathematical Programming Language developed by T. Koch (zimpl.zib.de)
  AMPL/MP 4.0.4        AMPL .nl file reader library (github.com/ampl/mp)
  PaPILO 3.0.0         parallel presolve for integer and linear optimization (github.com/scipopt/papilo) (built with TBB) [GitHash: 4cbdc327]
  Nauty 2.8.8          Computing Graph Automorphism Groups by Brendan D. McKay (users.cecs.anu.edu.au/~bdm/nauty)
  sassy 2.0            Symmetry preprocessor by Markus Anders (github.com/markusa4/sassy)
  Ipopt 3.14.19        Interior Point Optimizer developed by A. Waechter et.al. (github.com/coin-or/Ipopt)

user parameter file <scip.set> not found - using default parameters


read problem <N20_R9_K3_1_27_split_1_wo_lem_str4_v8.lp>
============

original problem has 1441 variables (1420 bin, 21 int, 0 cont) and 5100 constraints

presolving:
(round 1, fast)       155 del vars, 722 del conss, 0 add conss, 176 chg bounds, 90 chg sides, 180 chg coeffs, 0 upgd conss, 0 impls, 2981 clqs, 0 implints
(round 2, fast)       155 del vars, 732 del conss, 0 add conss, 181 chg bounds, 173 chg sides, 347 chg coeffs, 0 upgd conss, 0 impls, 2981 clqs, 0 implints
(round 3, fast)       155 del vars, 732 del conss, 0 add conss, 185 chg bounds, 193 chg sides, 391 chg coeffs, 0 upgd conss, 0 impls, 2981 clqs, 0 implints
(round 4, fast)       155 del vars, 732 del conss, 0 add conss, 189 chg bounds, 212 chg sides, 429 chg coeffs, 0 upgd conss, 0 impls, 2981 clqs, 0 implints
(round 5, fast)       155 del vars, 732 del conss, 0 add conss, 193 chg bounds, 231 chg sides, 460 chg coeffs, 0 upgd conss, 0 impls, 2981 clqs, 0 implints
(round 6, fast)       155 del vars, 732 del conss, 0 add conss, 197 chg bounds, 250 chg sides, 490 chg coeffs, 0 upgd conss, 0 impls, 2981 clqs, 0 implints
(round 7, fast)       155 del vars, 732 del conss, 0 add conss, 201 chg bounds, 268 chg sides, 526 chg coeffs, 0 upgd conss, 0 impls, 2981 clqs, 0 implints
(round 8, fast)       155 del vars, 732 del conss, 0 add conss, 203 chg bounds, 284 chg sides, 562 chg coeffs, 0 upgd conss, 0 impls, 2981 clqs, 0 implints
(round 9, fast)       155 del vars, 732 del conss, 0 add conss, 203 chg bounds, 291 chg sides, 579 chg coeffs, 0 upgd conss, 0 impls, 2981 clqs, 0 implints
   (0.0s) running MILP presolver
   (0.0s) MILP presolver (5 rounds): 36 aggregations, 82 fixings, 0 bound changes
(round 10, medium)     273 del vars, 732 del conss, 0 add conss, 203 chg bounds, 291 chg sides, 579 chg coeffs, 0 upgd conss, 0 impls, 2662 clqs, 0 implints
(round 11, fast)       273 del vars, 1050 del conss, 0 add conss, 203 chg bounds, 291 chg sides, 579 chg coeffs, 0 upgd conss, 0 impls, 2662 clqs, 0 implints
(round 12, exhaustive) 273 del vars, 1060 del conss, 0 add conss, 203 chg bounds, 300 chg sides, 579 chg coeffs, 0 upgd conss, 0 impls, 2662 clqs, 0 implints
(round 13, exhaustive) 273 del vars, 1060 del conss, 0 add conss, 203 chg bounds, 300 chg sides, 579 chg coeffs, 3819 upgd conss, 0 impls, 2662 clqs, 0 implints
(round 14, exhaustive) 273 del vars, 4608 del conss, 887 add conss, 203 chg bounds, 300 chg sides, 579 chg coeffs, 3819 upgd conss, 0 impls, 2662 clqs, 0 implints
(round 15, exhaustive) 273 del vars, 4608 del conss, 887 add conss, 203 chg bounds, 300 chg sides, 750 chg coeffs, 3819 upgd conss, 0 impls, 2662 clqs, 0 implints
(round 16, exhaustive) 275 del vars, 4610 del conss, 889 add conss, 203 chg bounds, 300 chg sides, 750 chg coeffs, 3819 upgd conss, 0 impls, 2656 clqs, 0 implints
(round 17, exhaustive) 275 del vars, 4612 del conss, 889 add conss, 203 chg bounds, 300 chg sides, 750 chg coeffs, 3819 upgd conss, 0 impls, 2657 clqs, 0 implints
   (0.0s) probing: 1000/1146 (87.3%) - 0 fixings, 0 aggregations, 135579 implications, 0 bound changes
   (0.0s) probing: 1001/1146 (87.3%) - 0 fixings, 0 aggregations, 135579 implications, 0 bound changes
   (0.0s) probing aborted: 1000/1000 successive useless probings
   (0.0s) symmetry computation started: requiring (bin +, int +, cont +), (fixed: bin -, int -, cont -)
   (0.0s) no symmetry present (symcode time: 0.00)
presolving (18 rounds: 18 fast, 8 medium, 7 exhaustive):
 275 deleted vars, 4612 deleted constraints, 889 added constraints, 203 tightened bounds, 0 added holes, 300 changed sides, 750 changed coefficients
 1320 implications, 19498 cliques, 0 implied integral variables (0 bin, 0 int, 0 cont)
presolved problem has 1166 variables (1146 bin, 20 int, 0 cont) and 1377 constraints
     17 constraints of type <varbound>
    171 constraints of type <knapsack>
      1 constraints of type <setppc>
    885 constraints of type <and>
    221 constraints of type <linear>
     82 constraints of type <logicor>
transformed objective value is always integral (scale: 1)
Presolving Time: 0.00

 time | node  | left  |LP iter|LP it/n|mem/heur|mdpt |vars |cons |rows |cuts |sepa|confs|strbr|  dualbound   | primalbound  |  gap   | compl. 
  0.0s|     1 |     0 |  2671 |     - |    30M |   0 |1166 |1391 |2262 |   0 |  0 |  13 |   0 | 0.000000e+00 |      --      |    Inf | unknown
  0.0s|     1 |     0 |  9330 |     - |    46M |   0 |1166 |1393 |2321 |  59 |  1 |  15 |   0 | 0.000000e+00 |      --      |    Inf | unknown
  1.0s|     1 |     0 | 10110 |     - |    61M |   0 |1166 |1393 |2381 | 119 |  2 |  15 |   0 | 0.000000e+00 |      --      |    Inf | unknown
  1.0s|     1 |     0 | 11091 |     - |    76M |   0 |1166 |1394 |2446 | 184 |  3 |  16 |   0 | 0.000000e+00 |      --      |    Inf | unknown
  1.0s|     1 |     0 | 12150 |     - |    90M |   0 |1166 |1395 |2506 | 244 |  4 |  17 |   0 | 0.000000e+00 |      --      |    Inf | unknown
  1.0s|     1 |     0 | 12434 |     - |   101M |   0 |1166 |1395 |2561 | 299 |  5 |  17 |   0 | 0.000000e+00 |      --      |    Inf | unknown
  1.0s|     1 |     0 | 12651 |     - |   113M |   0 |1166 |1397 |2598 | 336 |  6 |  19 |   0 | 0.000000e+00 |      --      |    Inf | unknown
  2.0s|     1 |     0 | 12752 |     - |   124M |   0 |1166 |1397 |2634 | 372 |  7 |  19 |   0 | 0.000000e+00 |      --      |    Inf | unknown
  2.0s|     1 |     0 | 12847 |     - |   131M |   0 |1166 |1398 |2652 | 390 |  8 |  20 |   0 | 0.000000e+00 |      --      |    Inf | unknown
  2.0s|     1 |     0 | 12929 |     - |   146M |   0 |1166 |1401 |2666 | 404 |  9 |  23 |   0 | 0.000000e+00 |      --      |    Inf | unknown
  2.0s|     1 |     0 | 12973 |     - |   154M |   0 |1166 |1401 |2681 | 419 | 10 |  23 |   0 | 0.000000e+00 |      --      |    Inf | unknown
  2.0s|     1 |     0 | 13018 |     - |   155M |   0 |1166 |1401 |2685 | 423 | 11 |  23 |   0 | 0.000000e+00 |      --      |    Inf | unknown
  3.0s|     1 |     2 | 17259 |     - |   155M |   0 |1166 |1411 |2685 | 423 | 11 |  33 |  15 | 0.000000e+00 |      --      |    Inf | unknown
 12.0s|   100 |    22 |125883 |1140.1 |   162M |  20 |1166 |1563 |2877 |2650 |  0 | 186 |  15 | 0.000000e+00 |      --      |    Inf |   3.33%
 22.0s|   200 |    35 |243805 |1159.7 |   164M |  31 |1166 |1683 |3037 |4026 |  2 | 306 |  15 | 0.000000e+00 |      --      |    Inf |   4.04%
 time | node  | left  |LP iter|LP it/n|mem/heur|mdpt |vars |cons |rows |cuts |sepa|confs|strbr|  dualbound   | primalbound  |  gap   | compl. 
 28.0s|   300 |    35 |311717 | 999.0 |   165M |  31 |1166 |1837 |2836 |5061 |  2 | 460 |  15 | 0.000000e+00 |      --      |    Inf |   4.09%
 34.0s|   400 |    50 |390668 | 946.5 |   166M |  31 |1166 |2100 |2857 |6077 |  0 | 725 |  15 | 0.000000e+00 |      --      |    Inf |   4.21%
 40.0s|   500 |    65 |458664 | 893.1 |   169M |  31 |1166 |2283 |2961 |7245 |  2 | 909 |  15 | 0.000000e+00 |      --      |    Inf |   4.37%
 48.0s|   600 |    62 |553757 | 902.7 |   173M |  31 |1166 |2455 |3223 |8500 |  0 |1083 |  15 | 0.000000e+00 |      --      |    Inf |   6.99%
 55.0s|   700 |    54 |626521 | 877.7 |   174M |  31 |1166 |2625 |   0 |9043 |  0 |1256 |  15 | 0.000000e+00 |      --      |    Inf |   9.43%
 66.0s|   800 |   100 |752800 | 925.9 |   168M |  31 |1166 |2770 |2642 |  11k|  2 |1421 |  15 | 0.000000e+00 |      --      |    Inf |  12.72%
 74.0s|   900 |   110 |836211 | 915.7 |   169M |  32 |1166 |2986 |3110 |  12k|  2 |1688 |  15 | 0.000000e+00 |      --      |    Inf |  13.01%
 79.0s|  1000 |   105 |902507 | 890.4 |   171M |  32 |1166 |3101 |3351 |  12k|  2 |1838 |  15 | 0.000000e+00 |      --      |    Inf |  13.33%
 86.0s|  1100 |   120 |978073 | 878.1 |   172M |  32 |1166 |3228 |2986 |  13k|  0 |1987 |  15 | 0.000000e+00 |      --      |    Inf |  13.34%
 92.0s|  1200 |   134 |  1049k| 864.4 |   173M |  32 |1166 |3322 |2909 |  14k|  2 |2128 |  15 | 0.000000e+00 |      --      |    Inf |  13.40%
 97.0s|  1300 |   134 |  1113k| 847.6 |   174M |  32 |1166 |3421 |3558 |  14k|  0 |2293 |  15 | 0.000000e+00 |      --      |    Inf |  13.66%
  101s|  1400 |   143 |  1162k| 821.7 |   174M |  32 |1166 |3554 |3711 |  14k|  1 |2464 |  15 | 0.000000e+00 |      --      |    Inf |  13.68%
  104s|  1500 |   145 |  1199k| 791.7 |   175M |  36 |1166 |3709 |3718 |  14k|  0 |2629 |  15 | 0.000000e+00 |      --      |    Inf |  13.68%
  109s|  1600 |   149 |  1246k| 771.3 |   175M |  36 |1166 |3847 |3570 |  14k|  1 |2856 |  15 | 0.000000e+00 |      --      |    Inf |  13.89%
  113s|  1700 |   130 |  1302k| 759.0 |   176M |  36 |1166 |3816 |3553 |  15k|  2 |3016 |  15 | 0.000000e+00 |      --      |    Inf |  17.50%
 time | node  | left  |LP iter|LP it/n|mem/heur|mdpt |vars |cons |rows |cuts |sepa|confs|strbr|  dualbound   | primalbound  |  gap   | compl. 
  122s|  1800 |   122 |  1393k| 767.3 |   178M |  36 |1166 |3663 |2918 |  16k|  2 |3131 |  15 | 0.000000e+00 |      --      |    Inf |  28.04%
  126s|  1900 |   116 |  1433k| 747.8 |   180M |  36 |1166 |3559 |2561 |  17k|  2 |3202 |  15 | 0.000000e+00 |      --      |    Inf |  38.73%
  129s|  2000 |   129 |  1471k| 729.6 |   181M |  36 |1166 |3558 |2960 |  17k|  2 |3260 |  15 | 0.000000e+00 |      --      |    Inf |  42.33%
  133s|  2100 |   134 |  1519k| 717.7 |   183M |  36 |1166 |3520 |3456 |  18k|  2 |3344 |  15 | 0.000000e+00 |      --      |    Inf |  42.49%
  139s|  2200 |   143 |  1587k| 716.0 |   184M |  36 |1166 |3564 |3426 |  19k|  0 |3468 |  15 | 0.000000e+00 |      --      |    Inf |  42.85%
  144s|  2300 |   150 |  1638k| 707.2 |   185M |  36 |1166 |3587 |   0 |  20k|  0 |3536 |  15 | 0.000000e+00 |      --      |    Inf |  44.00%
  149s|  2400 |   150 |  1696k| 701.8 |   185M |  36 |1166 |3717 |2913 |  21k|  0 |3721 |  15 | 0.000000e+00 |      --      |    Inf |  44.45%
  152s|  2500 |   150 |  1735k| 689.2 |   185M |  36 |1166 |3796 |2895 |  22k|  0 |3802 |  15 | 0.000000e+00 |      --      |    Inf |  44.45%
  156s|  2600 |   152 |  1772k| 677.0 |   185M |  36 |1166 |3881 |2991 |  22k|  2 |3887 |  15 | 0.000000e+00 |      --      |    Inf |  44.45%
  161s|  2700 |   154 |  1823k| 671.0 |   185M |  36 |1166 |3994 |3102 |  23k|  2 |4004 |  15 | 0.000000e+00 |      --      |    Inf |  44.45%
  167s|  2800 |   156 |  1881k| 667.6 |   186M |  36 |1166 |4120 |3112 |  23k|  2 |4134 |  15 | 0.000000e+00 |      --      |    Inf |  44.45%
  171s|  2900 |   159 |  1921k| 658.3 |   186M |  36 |1166 |4185 |3123 |  24k|  0 |4205 |  15 | 0.000000e+00 |      --      |    Inf |  44.45%
  175s|  3000 |   157 |  1969k| 652.5 |   186M |  36 |1166 |4252 |3069 |  24k|  2 |4282 |  15 | 0.000000e+00 |      --      |    Inf |  44.45%
  179s|  3100 |   148 |  2029k| 650.8 |   186M |  36 |1166 |4332 |3053 |  25k|  1 |4369 |  15 | 0.000000e+00 |      --      |    Inf |  44.45%
  183s|  3200 |   146 |  2079k| 645.8 |   186M |  36 |1166 |4415 |3152 |  25k|  0 |4472 |  15 | 0.000000e+00 |      --      |    Inf |  44.45%
 time | node  | left  |LP iter|LP it/n|mem/heur|mdpt |vars |cons |rows |cuts |sepa|confs|strbr|  dualbound   | primalbound  |  gap   | compl. 
  187s|  3300 |   144 |  2131k| 642.0 |   186M |  36 |1166 |4482 |3037 |  26k|  0 |4557 |  15 | 0.000000e+00 |      --      |    Inf |  44.45%
  193s|  3400 |   150 |  2200k| 643.6 |   187M |  36 |1166 |4185 |3588 |  26k|  1 |4683 |  15 | 0.000000e+00 |      --      |    Inf |  44.49%
  197s|  3500 |   154 |  2243k| 637.4 |   187M |  36 |1166 |4282 |3631 |  26k|  2 |4790 |  15 | 0.000000e+00 |      --      |    Inf |  44.49%
  200s|  3600 |   146 |  2280k| 630.0 |   187M |  36 |1166 |4364 |3604 |  26k|  2 |4876 |  15 | 0.000000e+00 |      --      |    Inf |  44.49%
  203s|  3700 |   156 |  2327k| 625.7 |   187M |  36 |1166 |4422 |3604 |  26k|  0 |4963 |  15 | 0.000000e+00 |      --      |    Inf |  44.49%
  206s|  3800 |   150 |  2367k| 619.7 |   187M |  36 |1166 |4473 |3605 |  26k|  0 |5028 |  15 | 0.000000e+00 |      --      |    Inf |  44.51%
  211s|  3900 |   151 |  2424k| 618.5 |   188M |  36 |1166 |4320 |3510 |  27k|  0 |5128 |  15 | 0.000000e+00 |      --      |    Inf |  44.85%
  215s|  4000 |   155 |  2469k| 614.2 |   188M |  36 |1166 |4349 |3565 |  27k|  0 |5200 |  15 | 0.000000e+00 |      --      |    Inf |  44.87%
  218s|  4100 |   155 |  2513k| 610.1 |   188M |  36 |1166 |4399 |3540 |  27k|  0 |5280 |  15 | 0.000000e+00 |      --      |    Inf |  44.87%
  221s|  4200 |   159 |  2552k| 604.8 |   188M |  36 |1166 |4476 |3519 |  27k|  0 |5363 |  15 | 0.000000e+00 |      --      |    Inf |  44.87%
  224s|  4300 |   155 |  2585k| 598.3 |   188M |  36 |1166 |4520 |3581 |  27k|  1 |5425 |  15 | 0.000000e+00 |      --      |    Inf |  44.87%
  227s|  4400 |   166 |  2620k| 592.7 |   189M |  36 |1166 |4447 |2953 |  28k|  2 |5529 |  15 | 0.000000e+00 |      --      |    Inf |  45.13%
  231s|  4500 |   182 |  2670k| 590.6 |   189M |  36 |1166 |4396 |3564 |  28k|  2 |5666 |  15 | 0.000000e+00 |      --      |    Inf |  45.24%
  234s|  4600 |   192 |  2708k| 586.1 |   189M |  36 |1166 |4441 |3596 |  28k|  2 |5778 |  15 | 0.000000e+00 |      --      |    Inf |  45.28%
  239s|  4700 |   216 |  2767k| 586.2 |   192M |  36 |1166 |4288 |2668 |  29k|  3 |5886 |  15 | 0.000000e+00 |      --      |    Inf |  45.68%
 time | node  | left  |LP iter|LP it/n|mem/heur|mdpt |vars |cons |rows |cuts |sepa|confs|strbr|  dualbound   | primalbound  |  gap   | compl. 
  244s|  4800 |   239 |  2828k| 586.6 |   194M |  36 |1166 |4080 |3425 |  30k|  2 |5961 |  15 | 0.000000e+00 |      --      |    Inf |  46.25%
  248s|  4900 |   253 |  2880k| 585.3 |   195M |  36 |1166 |3866 |3664 |  31k|  2 |6046 |  15 | 0.000000e+00 |      --      |    Inf |  46.83%
  253s|  5000 |   259 |  2940k| 585.6 |   195M |  36 |1166 |3843 |2778 |  31k|  2 |6172 |  15 | 0.000000e+00 |      --      |    Inf |  47.47%
  256s|  5100 |   259 |  2979k| 581.8 |   195M |  36 |1166 |3926 |3641 |  31k|  0 |6286 |  15 | 0.000000e+00 |      --      |    Inf |  47.57%
  259s|  5200 |   265 |  3019k| 578.2 |   196M |  36 |1166 |3851 |3591 |  32k|  0 |6354 |  15 | 0.000000e+00 |      --      |    Inf |  47.82%
  264s|  5300 |   270 |  3073k| 577.6 |   197M |  36 |1166 |3729 |3390 |  32k|  2 |6454 |  15 | 0.000000e+00 |      --      |    Inf |  48.02%
  267s|  5400 |   277 |  3116k| 574.8 |   198M |  36 |1166 |3451 |2555 |  32k|  2 |6533 |  15 | 0.000000e+00 |      --      |    Inf |  48.07%
  272s|  5500 |   294 |  3172k| 574.5 |   200M |  36 |1166 |3340 |3483 |  33k|  2 |6627 |  15 | 0.000000e+00 |      --      |    Inf |  48.30%
  276s|  5600 |   298 |  3219k| 572.7 |   201M |  36 |1166 |3415 |3582 |  33k|  1 |6756 |  15 | 0.000000e+00 |      --      |    Inf |  48.66%
  280s|  5700 |   300 |  3264k| 570.5 |   201M |  36 |1166 |3529 |3513 |  33k|  0 |6915 |  15 | 0.000000e+00 |      --      |    Inf |  48.67%
  284s|  5800 |   310 |  3321k| 570.5 |   202M |  36 |1166 |3389 |3512 |  34k|  2 |7028 |  15 | 0.000000e+00 |      --      |    Inf |  48.80%
  288s|  5900 |   312 |  3370k| 569.2 |   203M |  36 |1166 |3493 |3498 |  34k|  0 |7144 |  15 | 0.000000e+00 |      --      |    Inf |  48.81%
  293s|  6000 |   330 |  3427k| 569.2 |   204M |  36 |1166 |3314 |2919 |  35k|  2 |7249 |  15 | 0.000000e+00 |      --      |    Inf |  49.31%
  296s|  6100 |   334 |  3466k| 566.3 |   204M |  36 |1166 |3410 |2948 |  35k|  0 |7404 |  15 | 0.000000e+00 |      --      |    Inf |  49.32%
  300s|  6200 |   336 |  3516k| 565.2 |   204M |  36 |1166 |3410 |3154 |  36k|  0 |7531 |  15 | 0.000000e+00 |      --      |    Inf |  49.38%
 time | node  | left  |LP iter|LP it/n|mem/heur|mdpt |vars |cons |rows |cuts |sepa|confs|strbr|  dualbound   | primalbound  |  gap   | compl. 
  303s|  6300 |   341 |  3552k| 561.9 |   204M |  36 |1166 |3459 |   0 |  36k|  0 |7594 |  15 | 0.000000e+00 |      --      |    Inf |  49.38%
  306s|  6400 |   342 |  3591k| 559.3 |   204M |  36 |1166 |3533 |3184 |  36k|  0 |7695 |  15 | 0.000000e+00 |      --      |    Inf |  49.38%
  308s|  6500 |   349 |  3621k| 555.2 |   204M |  36 |1166 |3595 |3161 |  37k|  0 |7770 |  15 | 0.000000e+00 |      --      |    Inf |  49.38%
  310s|  6600 |   343 |  3654k| 551.8 |   204M |  36 |1166 |3736 |3204 |  37k|  0 |7947 |  15 | 0.000000e+00 |      --      |    Inf |  49.38%
  313s|  6700 |   357 |  3685k| 548.2 |   204M |  36 |1166 |3794 |3247 |  37k|  0 |8020 |  15 | 0.000000e+00 |      --      |    Inf |  49.38%
  315s|  6800 |   351 |  3720k| 545.3 |   204M |  36 |1166 |3885 |3273 |  37k|  2 |8132 |  15 | 0.000000e+00 |      --      |    Inf |  49.38%
  318s|  6900 |   354 |  3754k| 542.3 |   204M |  36 |1166 |3938 |3256 |  37k|  1 |8215 |  15 | 0.000000e+00 |      --      |    Inf |  49.38%
  322s|  7000 |   337 |  3803k| 541.5 |   204M |  36 |1166 |3795 |3075 |  37k|  0 |8372 |  15 | 0.000000e+00 |      --      |    Inf |  49.40%
  326s|  7100 |   336 |  3854k| 541.1 |   204M |  36 |1166 |3801 |3063 |  38k|  0 |8471 |  15 | 0.000000e+00 |      --      |    Inf |  49.44%
  329s|  7200 |   336 |  3892k| 538.9 |   205M |  36 |1166 |3776 |3132 |  38k|  1 |8533 |  15 | 0.000000e+00 |      --      |    Inf |  49.59%
  333s|  7300 |   329 |  3945k| 538.7 |   206M |  36 |1166 |3594 |3431 |  39k|  1 |8621 |  15 | 0.000000e+00 |      --      |    Inf |  49.88%
  338s|  7400 |   329 |  4000k| 539.0 |   206M |  36 |1166 |3611 |3813 |  39k|  0 |8708 |  15 | 0.000000e+00 |      --      |    Inf |  49.91%
  344s|  7500 |   352 |  4074k| 541.6 |   207M |  36 |1166 |3623 |2799 |  40k|  2 |8934 |  15 | 0.000000e+00 |      --      |    Inf |  50.11%
  348s|  7600 |   382 |  4133k| 542.3 |   207M |  36 |1166 |3730 |3006 |  41k|  2 |9042 |  15 | 0.000000e+00 |      --      |    Inf |  50.11%
  351s|  7700 |   380 |  4175k| 540.6 |   207M |  36 |1166 |3800 |3075 |  42k|  1 |9131 |  15 | 0.000000e+00 |      --      |    Inf |  50.12%
 time | node  | left  |LP iter|LP it/n|mem/heur|mdpt |vars |cons |rows |cuts |sepa|confs|strbr|  dualbound   | primalbound  |  gap   | compl. 
  355s|  7800 |   372 |  4220k| 539.5 |   207M |  36 |1166 |3854 |3115 |  42k|  0 |9194 |  15 | 0.000000e+00 |      --      |    Inf |  50.12%
  358s|  7900 |   382 |  4259k| 537.6 |   207M |  36 |1166 |3917 |2943 |  43k|  1 |9271 |  15 | 0.000000e+00 |      --      |    Inf |  50.12%
  361s|  8000 |   383 |  4295k| 535.4 |   207M |  36 |1166 |3970 |3100 |  43k|  1 |9347 |  15 | 0.000000e+00 |      --      |    Inf |  50.12%
  363s|  8100 |   381 |  4328k| 532.8 |   207M |  36 |1166 |4020 |2798 |  43k|  2 |9434 |  15 | 0.000000e+00 |      --      |    Inf |  50.12%
  367s|  8200 |   389 |  4370k| 531.5 |   207M |  36 |1166 |4127 |3006 |  44k|  2 |9543 |  15 | 0.000000e+00 |      --      |    Inf |  50.12%
  370s|  8300 |   391 |  4410k| 529.9 |   208M |  36 |1166 |4214 |3005 |  44k|  0 |9645 |  15 | 0.000000e+00 |      --      |    Inf |  50.12%
  373s|  8400 |   390 |  4451k| 528.5 |   208M |  36 |1166 |4258 |3063 |  45k|  2 |9723 |  15 | 0.000000e+00 |      --      |    Inf |  50.12%
  375s|  8500 |   396 |  4487k| 526.5 |   208M |  36 |1166 |4346 |2967 |  45k|  0 |9837 |  15 | 0.000000e+00 |      --      |    Inf |  50.12%
  378s|  8600 |   400 |  4525k| 524.7 |   208M |  36 |1166 |4332 |3022 |  46k|  1 |9890 |  15 | 0.000000e+00 |      --      |    Inf |  50.12%
  384s|  8700 |   410 |  4597k| 527.0 |   209M |  36 |1166 |4277 |3260 |  47k|  0 |  10k|  15 | 0.000000e+00 |      --      |    Inf |  51.76%
  389s|  8800 |   400 |  4658k| 528.0 |   210M |  36 |1166 |4146 |3072 |  47k|  0 |  10k|  15 | 0.000000e+00 |      --      |    Inf |  52.33%
  394s|  8900 |   402 |  4721k| 529.1 |   212M |  36 |1166 |4023 |3257 |  48k|  0 |  10k|  15 | 0.000000e+00 |      --      |    Inf |  52.68%
  398s|  9000 |   375 |  4776k| 529.3 |   212M |  36 |1166 |3880 |2840 |  48k|  3 |  10k|  15 | 0.000000e+00 |      --      |    Inf |  52.84%
  404s|  9100 |   371 |  4845k| 531.1 |   212M |  36 |1166 |3845 |3642 |  49k|  0 |  10k|  15 | 0.000000e+00 |      --      |    Inf |  52.98%
  408s|  9200 |   375 |  4902k| 531.5 |   213M |  36 |1166 |3814 |2987 |  50k|  2 |  10k|  15 | 0.000000e+00 |      --      |    Inf |  53.07%
 time | node  | left  |LP iter|LP it/n|mem/heur|mdpt |vars |cons |rows |cuts |sepa|confs|strbr|  dualbound   | primalbound  |  gap   | compl. 
  411s|  9300 |   384 |  4942k| 530.2 |   213M |  36 |1166 |3875 |3034 |  50k|  0 |  10k|  15 | 0.000000e+00 |      --      |    Inf |  53.08%
  414s|  9400 |   369 |  4993k| 529.9 |   213M |  36 |1166 |3894 |3270 |  50k|  1 |  10k|  15 | 0.000000e+00 |      --      |    Inf |  53.10%
  418s|  9500 |   370 |  5046k| 529.9 |   213M |  36 |1166 |3936 |3317 |  51k|  0 |  10k|  15 | 0.000000e+00 |      --      |    Inf |  53.10%
  424s|  9600 |   361 |  5117k| 531.8 |   213M |  36 |1166 |3973 |3670 |  51k|  2 |  11k|  15 | 0.000000e+00 |      --      |    Inf |  53.21%
  428s|  9700 |   359 |  5175k| 532.3 |   214M |  36 |1166 |3913 |3451 |  52k|  0 |  11k|  15 | 0.000000e+00 |      --      |    Inf |  53.33%
  431s|  9800 |   364 |  5211k| 530.5 |   214M |  36 |1166 |3968 |3016 |  53k|  2 |  11k|  15 | 0.000000e+00 |      --      |    Inf |  53.33%
  434s|  9900 |   354 |  5256k| 529.7 |   214M |  36 |1166 |4027 |3062 |  53k|  0 |  11k|  15 | 0.000000e+00 |      --      |    Inf |  53.42%
  440s| 10000 |   345 |  5319k| 530.7 |   216M |  36 |1166 |3837 |2938 |  54k|  0 |  11k|  15 | 0.000000e+00 |      --      |    Inf |  53.60%
  442s| 10100 |   341 |  5356k| 529.1 |   216M |  36 |1166 |3889 |3324 |  54k|  0 |  11k|  15 | 0.000000e+00 |      --      |    Inf |  53.61%
  447s| 10200 |   340 |  5416k| 529.8 |   216M |  36 |1166 |3836 |3731 |  55k|  2 |  11k|  15 | 0.000000e+00 |      --      |    Inf |  53.67%
  451s| 10300 |   337 |  5468k| 529.7 |   216M |  36 |1166 |3876 |3355 |  55k|  0 |  11k|  15 | 0.000000e+00 |      --      |    Inf |  53.68%
  455s| 10400 |   331 |  5521k| 529.7 |   216M |  36 |1166 |3990 |2964 |  55k|  2 |  11k|  15 | 0.000000e+00 |      --      |    Inf |  53.73%
  458s| 10500 |   329 |  5563k| 528.7 |   216M |  36 |1166 |4012 |3004 |  56k|  2 |  11k|  15 | 0.000000e+00 |      --      |    Inf |  53.75%
  461s| 10600 |   331 |  5608k| 528.0 |   216M |  36 |1166 |4077 |3394 |  56k|  2 |  11k|  15 | 0.000000e+00 |      --      |    Inf |  53.75%
  465s| 10700 |   331 |  5660k| 527.8 |   216M |  36 |1166 |4161 |3442 |  56k|  0 |  12k|  15 | 0.000000e+00 |      --      |    Inf |  53.75%
 time | node  | left  |LP iter|LP it/n|mem/heur|mdpt |vars |cons |rows |cuts |sepa|confs|strbr|  dualbound   | primalbound  |  gap   | compl. 
  470s| 10800 |   318 |  5724k| 528.9 |   216M |  36 |1166 |4192 |2901 |  56k|  3 |  12k|  15 | 0.000000e+00 |      --      |    Inf |  53.77%
  475s| 10900 |   320 |  5786k| 529.7 |   217M |  36 |1166 |4263 |2985 |  57k|  2 |  12k|  15 | 0.000000e+00 |      --      |    Inf |  53.99%
  480s| 11000 |   323 |  5854k| 531.1 |   217M |  36 |1166 |4357 |3103 |  58k|  2 |  12k|  15 | 0.000000e+00 |      --      |    Inf |  53.99%
  483s| 11100 |   320 |  5908k| 531.1 |   217M |  36 |1166 |4398 |2997 |  58k|  0 |  12k|  15 | 0.000000e+00 |      --      |    Inf |  54.00%
  487s| 11200 |   319 |  5951k| 530.3 |   218M |  36 |1166 |4456 |3138 |  58k|  0 |  12k|  15 | 0.000000e+00 |      --      |    Inf |  54.00%
  491s| 11300 |   324 |  6013k| 531.0 |   218M |  36 |1166 |4508 |3104 |  59k|  0 |  12k|  15 | 0.000000e+00 |      --      |    Inf |  54.03%
  496s| 11400 |   319 |  6066k| 531.0 |   218M |  36 |1166 |4579 |3100 |  60k|  0 |  12k|  15 | 0.000000e+00 |      --      |    Inf |  54.04%
  501s| 11500 |   329 |  6124k| 531.5 |   218M |  36 |1166 |4632 |2991 |  60k|  2 |  12k|  15 | 0.000000e+00 |      --      |    Inf |  54.06%
  505s| 11600 |   327 |  6169k| 530.8 |   218M |  36 |1166 |4677 |3077 |  61k|  0 |  12k|  15 | 0.000000e+00 |      --      |    Inf |  54.07%
  509s| 11700 |   323 |  6213k| 530.0 |   218M |  36 |1166 |4716 |3425 |  61k|  1 |  12k|  15 | 0.000000e+00 |      --      |    Inf |  54.08%
  515s| 11800 |   321 |  6270k| 530.3 |   218M |  36 |1166 |4776 |3025 |  61k|  2 |  12k|  15 | 0.000000e+00 |      --      |    Inf |  54.09%
  522s| 11900 |   314 |  6325k| 530.5 |   218M |  36 |1166 |4846 |2979 |  62k|  0 |  12k|  15 | 0.000000e+00 |      --      |    Inf |  54.12%
  526s| 12000 |   319 |  6371k| 529.9 |   219M |  36 |1166 |4922 |3080 |  62k|  2 |  13k|  15 | 0.000000e+00 |      --      |    Inf |  54.13%
  531s| 12100 |   323 |  6431k| 530.5 |   221M |  36 |1166 |4961 |3883 |  62k|  0 |  13k|  15 | 0.000000e+00 |      --      |    Inf |  54.21%
  535s| 12200 |   323 |  6480k| 530.1 |   221M |  36 |1166 |5039 |3003 |  63k|  2 |  13k|  15 | 0.000000e+00 |      --      |    Inf |  54.26%
 time | node  | left  |LP iter|LP it/n|mem/heur|mdpt |vars |cons |rows |cuts |sepa|confs|strbr|  dualbound   | primalbound  |  gap   | compl. 
  540s| 12300 |   318 |  6537k| 530.5 |   221M |  36 |1166 |5025 |3884 |  63k|  0 |  13k|  15 | 0.000000e+00 |      --      |    Inf |  54.31%
  544s| 12400 |   332 |  6588k| 530.3 |   221M |  36 |1166 |5054 |2960 |  63k|  0 |  13k|  15 | 0.000000e+00 |      --      |    Inf |  54.39%
  547s| 12500 |   320 |  6632k| 529.6 |   221M |  36 |1166 |5170 |3012 |  64k|  2 |  13k|  15 | 0.000000e+00 |      --      |    Inf |  54.42%
  552s| 12600 |   341 |  6689k| 529.9 |   222M |  36 |1166 |5234 |3010 |  64k|  1 |  13k|  15 | 0.000000e+00 |      --      |    Inf |  54.45%
  555s| 12700 |   338 |  6726k| 528.6 |   222M |  36 |1166 |5296 |3007 |  65k|  0 |  13k|  15 | 0.000000e+00 |      --      |    Inf |  54.50%
  559s| 12800 |   335 |  6756k| 526.9 |   222M |  36 |1166 |5338 |2889 |  65k|  2 |  14k|  15 | 0.000000e+00 |      --      |    Inf |  54.50%
  560s| 12900 |   339 |  6778k| 524.5 |   222M |  36 |1166 |5422 |   0 |  66k|  0 |  14k|  15 | 0.000000e+00 |      --      |    Inf |  54.50%
  562s| 13000 |   335 |  6803k| 522.4 |   222M |  36 |1166 |5463 |2974 |  66k|  2 |  14k|  15 | 0.000000e+00 |      --      |    Inf |  54.50%
  565s| 13100 |   337 |  6829k| 520.4 |   222M |  36 |1166 |5513 |2993 |  66k|  2 |  14k|  15 | 0.000000e+00 |      --      |    Inf |  54.50%
  567s| 13200 |   332 |  6857k| 518.6 |   222M |  36 |1166 |5571 |3024 |  67k|  0 |  14k|  15 | 0.000000e+00 |      --      |    Inf |  54.51%
  570s| 13300 |   328 |  6889k| 517.0 |   222M |  36 |1166 |5558 |3707 |  67k|  0 |  14k|  15 | 0.000000e+00 |      --      |    Inf |  54.53%
  574s| 13400 |   328 |  6937k| 516.8 |   222M |  36 |1166 |5498 |3396 |  67k|  0 |  14k|  15 | 0.000000e+00 |      --      |    Inf |  54.57%
  577s| 13500 |   329 |  6975k| 515.8 |   222M |  36 |1166 |5554 |   0 |  67k|  0 |  14k|  15 | 0.000000e+00 |      --      |    Inf |  54.58%
  580s| 13600 |   326 |  7010k| 514.5 |   222M |  36 |1166 |5612 |3379 |  67k|  1 |  14k|  15 | 0.000000e+00 |      --      |    Inf |  54.59%
  585s| 13700 |   324 |  7068k| 515.0 |   223M |  36 |1166 |5584 |2879 |  68k|  0 |  14k|  15 | 0.000000e+00 |      --      |    Inf |  54.64%
 time | node  | left  |LP iter|LP it/n|mem/heur|mdpt |vars |cons |rows |cuts |sepa|confs|strbr|  dualbound   | primalbound  |  gap   | compl. 
  590s| 13800 |   325 |  7122k| 515.2 |   223M |  36 |1166 |5531 |3296 |  68k|  2 |  14k|  15 | 0.000000e+00 |      --      |    Inf |  54.89%
  595s| 13900 |   334 |  7176k| 515.4 |   224M |  36 |1166 |5582 |3503 |  69k|  2 |  15k|  15 | 0.000000e+00 |      --      |    Inf |  55.23%
  600s| 14000 |   329 |  7231k| 515.7 |   225M |  36 |1166 |5552 |3674 |  69k|  0 |  15k|  15 | 0.000000e+00 |      --      |    Inf |  55.30%
  604s| 14100 |   342 |  7277k| 515.3 |   225M |  36 |1166 |5438 |3693 |  69k|  2 |  15k|  15 | 0.000000e+00 |      --      |    Inf |  55.50%
  609s| 14200 |   354 |  7335k| 515.7 |   225M |  36 |1166 |5442 |3687 |  69k|  0 |  15k|  15 | 0.000000e+00 |      --      |    Inf |  55.50%
  614s| 14300 |   340 |  7395k| 516.3 |   225M |  36 |1166 |5496 |3746 |  69k|  0 |  15k|  15 | 0.000000e+00 |      --      |    Inf |  55.50%
  621s| 14400 |   334 |  7469k| 517.9 |   225M |  36 |1166 |5536 |3713 |  70k|  0 |  15k|  15 | 0.000000e+00 |      --      |    Inf |  55.52%
  627s| 14500 |   338 |  7542k| 519.3 |   226M |  36 |1166 |5500 |2915 |  71k|  0 |  15k|  15 | 0.000000e+00 |      --      |    Inf |  55.55%
  633s| 14600 |   343 |  7611k| 520.5 |   227M |  36 |1166 |5431 |3884 |  71k|  1 |  15k|  15 | 0.000000e+00 |      --      |    Inf |  55.62%
  639s| 14700 |   347 |  7673k| 521.1 |   227M |  36 |1166 |5471 |2984 |  72k|  2 |  15k|  15 | 0.000000e+00 |      --      |    Inf |  55.63%
  646s| 14800 |   332 |  7749k| 522.8 |   228M |  36 |1166 |5405 |2871 |  72k|  2 |  15k|  15 | 0.000000e+00 |      --      |    Inf |  55.81%
  656s| 14900 |   326 |  7864k| 527.0 |   228M |  36 |1166 |5211 |3723 |  73k|  0 |  15k|  15 | 0.000000e+00 |      --      |    Inf |  57.22%
  662s| 15000 |   332 |  7922k| 527.3 |   228M |  36 |1166 |5255 |3221 |  74k|  0 |  15k|  15 | 0.000000e+00 |      --      |    Inf |  57.23%
  665s| 15100 |   332 |  7957k| 526.2 |   228M |  36 |1166 |5252 |3820 |  74k|  1 |  16k|  15 | 0.000000e+00 |      --      |    Inf |  57.23%
  669s| 15200 |   328 |  8003k| 525.7 |   229M |  36 |1166 |5210 |3566 |  74k|  2 |  16k|  15 | 0.000000e+00 |      --      |    Inf |  57.31%
 time | node  | left  |LP iter|LP it/n|mem/heur|mdpt |vars |cons |rows |cuts |sepa|confs|strbr|  dualbound   | primalbound  |  gap   | compl. 
  677s| 15300 |   334 |  8093k| 528.1 |   229M |  36 |1166 |5162 |3163 |  75k|  0 |  16k|  15 | 0.000000e+00 |      --      |    Inf |  57.37%
  683s| 15400 |   337 |  8166k| 529.5 |   229M |  36 |1166 |5197 |3410 |  75k|  2 |  16k|  15 | 0.000000e+00 |      --      |    Inf |  57.37%
  690s| 15500 |   329 |  8237k| 530.6 |   229M |  36 |1166 |5216 |3374 |  75k|  0 |  16k|  15 | 0.000000e+00 |      --      |    Inf |  57.37%
  696s| 15600 |   328 |  8319k| 532.5 |   229M |  36 |1166 |5238 |3104 |  76k|  2 |  16k|  15 | 0.000000e+00 |      --      |    Inf |  57.38%
  703s| 15700 |   334 |  8396k| 534.0 |   229M |  36 |1166 |5111 |3954 |  76k|  1 |  16k|  15 | 0.000000e+00 |      --      |    Inf |  57.42%
  708s| 15800 |   338 |  8460k| 534.7 |   229M |  36 |1166 |5114 |3526 |  77k|  2 |  16k|  15 | 0.000000e+00 |      --      |    Inf |  57.44%
  713s| 15900 |   344 |  8511k| 534.5 |   229M |  36 |1166 |5098 |4003 |  77k|  1 |  16k|  15 | 0.000000e+00 |      --      |    Inf |  57.45%
  718s| 16000 |   347 |  8569k| 534.8 |   229M |  36 |1166 |5093 |3991 |  77k|  0 |  16k|  15 | 0.000000e+00 |      --      |    Inf |  57.47%
  722s| 16100 |   343 |  8610k| 534.0 |   229M |  36 |1166 |5146 |3627 |  77k|  0 |  16k|  15 | 0.000000e+00 |      --      |    Inf |  57.47%
  727s| 16200 |   346 |  8668k| 534.3 |   229M |  36 |1166 |5107 |2961 |  78k|  0 |  16k|  15 | 0.000000e+00 |      --      |    Inf |  57.53%
  733s| 16300 |   338 |  8744k| 535.7 |   230M |  36 |1166 |5139 |   0 |  78k|  0 |  16k|  15 | 0.000000e+00 |      --      |    Inf |  57.57%
  741s| 16400 |   343 |  8827k| 537.5 |   230M |  36 |1166 |5059 |4001 |  79k|  1 |  17k|  15 | 0.000000e+00 |      --      |    Inf |  57.69%
  745s| 16500 |   343 |  8876k| 537.2 |   230M |  36 |1166 |5027 |3452 |  79k|  2 |  17k|  15 | 0.000000e+00 |      --      |    Inf |  57.69%
  749s| 16600 |   345 |  8921k| 536.7 |   230M |  36 |1166 |5052 |3461 |  79k|  2 |  17k|  15 | 0.000000e+00 |      --      |    Inf |  57.69%
  756s| 16700 |   362 |  8999k| 538.1 |   232M |  36 |1166 |4911 |3925 |  79k|  0 |  17k|  15 | 0.000000e+00 |      --      |    Inf |  57.76%
 time | node  | left  |LP iter|LP it/n|mem/heur|mdpt |vars |cons |rows |cuts |sepa|confs|strbr|  dualbound   | primalbound  |  gap   | compl. 
  762s| 16800 |   363 |  9066k| 539.0 |   232M |  36 |1166 |4943 |3946 |  80k|  1 |  17k|  15 | 0.000000e+00 |      --      |    Inf |  57.77%
  766s| 16900 |   363 |  9108k| 538.2 |   232M |  36 |1166 |5007 |2929 |  80k|  2 |  17k|  15 | 0.000000e+00 |      --      |    Inf |  57.78%
  770s| 17000 |   361 |  9158k| 538.0 |   232M |  36 |1166 |5057 |3946 |  81k|  0 |  17k|  15 | 0.000000e+00 |      --      |    Inf |  57.79%
  776s| 17100 |   359 |  9227k| 538.9 |   233M |  36 |1166 |5029 |3829 |  81k|  2 |  17k|  15 | 0.000000e+00 |      --      |    Inf |  58.22%
  783s| 17200 |   370 |  9308k| 540.5 |   234M |  36 |1166 |4905 |3474 |  81k|  2 |  17k|  15 | 0.000000e+00 |      --      |    Inf |  58.36%
  790s| 17300 |   370 |  9390k| 542.1 |   235M |  36 |1166 |4924 |3116 |  82k|  1 |  17k|  15 | 0.000000e+00 |      --      |    Inf |  58.52%
  795s| 17400 |   376 |  9454k| 542.7 |   235M |  36 |1166 |4959 |3015 |  83k|  0 |  17k|  15 | 0.000000e+00 |      --      |    Inf |  58.52%
  800s| 17500 |   366 |  9508k| 542.6 |   235M |  36 |1166 |5019 |3315 |  83k|  0 |  17k|  15 | 0.000000e+00 |      --      |    Inf |  58.53%
  804s| 17600 |   368 |  9555k| 542.2 |   235M |  36 |1166 |5038 |3990 |  83k|  0 |  17k|  15 | 0.000000e+00 |      --      |    Inf |  58.58%
  808s| 17700 |   384 |  9602k| 541.8 |   235M |  36 |1166 |5010 |3842 |  83k|  1 |  17k|  15 | 0.000000e+00 |      --      |    Inf |  58.58%
  812s| 17800 |   378 |  9639k| 540.9 |   235M |  36 |1166 |5045 |3841 |  83k|  0 |  18k|  15 | 0.000000e+00 |      --      |    Inf |  58.58%
  817s| 17900 |   389 |  9698k| 541.1 |   235M |  36 |1166 |4994 |3267 |  84k|  0 |  18k|  15 | 0.000000e+00 |      --      |    Inf |  58.59%
  826s| 18000 |   389 |  9791k| 543.3 |   236M |  36 |1166 |4905 |3953 |  84k|  0 |  18k|  15 | 0.000000e+00 |      --      |    Inf |  58.82%
  832s| 18100 |   385 |  9855k| 543.8 |   236M |  36 |1166 |4935 |3932 |  85k|  0 |  18k|  15 | 0.000000e+00 |      --      |    Inf |  59.03%
  838s| 18200 |   391 |  9913k| 544.0 |   236M |  36 |1166 |4993 |3955 |  85k|  1 |  18k|  15 | 0.000000e+00 |      --      |    Inf |  59.04%
 time | node  | left  |LP iter|LP it/n|mem/heur|mdpt |vars |cons |rows |cuts |sepa|confs|strbr|  dualbound   | primalbound  |  gap   | compl. 
  844s| 18300 |   397 |  9974k| 544.4 |   236M |  36 |1166 |5038 |3957 |  85k|  1 |  18k|  15 | 0.000000e+00 |      --      |    Inf |  59.05%
  851s| 18400 |   398 | 10043k| 545.1 |   236M |  36 |1166 |5119 |3956 |  85k|  0 |  18k|  15 | 0.000000e+00 |      --      |    Inf |  59.05%
  857s| 18500 |   397 | 10109k| 545.8 |   236M |  36 |1166 |5174 |3539 |  85k|  0 |  18k|  15 | 0.000000e+00 |      --      |    Inf |  59.26%
  863s| 18600 |   395 | 10181k| 546.7 |   236M |  36 |1166 |5177 |3955 |  85k|  0 |  18k|  15 | 0.000000e+00 |      --      |    Inf |  59.27%
  869s| 18700 |   388 | 10240k| 546.9 |   236M |  36 |1166 |5191 |4016 |  85k|  1 |  18k|  15 | 0.000000e+00 |      --      |    Inf |  59.30%
  874s| 18800 |   388 | 10288k| 546.6 |   236M |  36 |1166 |5134 |3954 |  85k|  1 |  18k|  15 | 0.000000e+00 |      --      |    Inf |  59.40%
  880s| 18900 |   390 | 10355k| 547.3 |   236M |  36 |1166 |5087 |3444 |  86k|  2 |  18k|  15 | 0.000000e+00 |      --      |    Inf |  59.42%
  884s| 19000 |   401 | 10413k| 547.4 |   236M |  36 |1166 |5121 |3266 |  86k|  0 |  18k|  15 | 0.000000e+00 |      --      |    Inf |  59.42%
  889s| 19100 |   400 | 10474k| 547.7 |   236M |  36 |1166 |5170 |3301 |  87k|  2 |  18k|  15 | 0.000000e+00 |      --      |    Inf |  59.43%
  894s| 19200 |   399 | 10532k| 547.9 |   236M |  36 |1166 |5222 |3267 |  87k|  0 |  19k|  15 | 0.000000e+00 |      --      |    Inf |  59.44%
  898s| 19300 |   403 | 10585k| 547.8 |   236M |  36 |1166 |5267 |3257 |  87k|  0 |  19k|  15 | 0.000000e+00 |      --      |    Inf |  59.44%
  904s| 19400 |   397 | 10651k| 548.4 |   237M |  36 |1166 |5220 |3422 |  88k|  0 |  19k|  15 | 0.000000e+00 |      --      |    Inf |  59.67%
  909s| 19500 |   395 | 10704k| 548.3 |   237M |  36 |1166 |5266 |3448 |  88k|  0 |  19k|  15 | 0.000000e+00 |      --      |    Inf |  59.77%
  916s| 19600 |   384 | 10778k| 549.3 |   238M |  36 |1166 |5025 |3355 |  88k|  0 |  19k|  15 | 0.000000e+00 |      --      |    Inf |  60.21%
  923s| 19700 |   396 | 10865k| 550.9 |   239M |  36 |1166 |5002 |3150 |  90k|  2 |  19k|  15 | 0.000000e+00 |      --      |    Inf |  60.40%
 time | node  | left  |LP iter|LP it/n|mem/heur|mdpt |vars |cons |rows |cuts |sepa|confs|strbr|  dualbound   | primalbound  |  gap   | compl. 
  930s| 19800 |   400 | 10946k| 552.2 |   240M |  36 |1166 |4806 |3165 |  90k|  1 |  19k|  15 | 0.000000e+00 |      --      |    Inf |  60.70%
  934s| 19900 |   400 | 10998k| 552.1 |   240M |  36 |1166 |4841 |3285 |  91k|  2 |  19k|  15 | 0.000000e+00 |      --      |    Inf |  60.70%
  943s| 20000 |   405 | 11099k| 554.3 |   241M |  36 |1166 |4801 |3100 |  92k|  2 |  19k|  15 | 0.000000e+00 |      --      |    Inf |  60.72%
  948s| 20100 |   409 | 11151k| 554.2 |   241M |  36 |1166 |4875 |3117 |  92k|  2 |  19k|  15 | 0.000000e+00 |      --      |    Inf |  60.72%
  951s| 20200 |   409 | 11189k| 553.3 |   241M |  36 |1166 |4923 |3062 |  92k|  0 |  19k|  15 | 0.000000e+00 |      --      |    Inf |  60.72%
  954s| 20300 |   404 | 11227k| 552.4 |   241M |  36 |1166 |4987 |3096 |  93k|  1 |  19k|  15 | 0.000000e+00 |      --      |    Inf |  60.72%
  958s| 20400 |   407 | 11273k| 552.0 |   241M |  36 |1166 |5034 |3182 |  93k|  0 |  19k|  15 | 0.000000e+00 |      --      |    Inf |  60.72%
  963s| 20500 |   402 | 11332k| 552.2 |   241M |  36 |1166 |5084 |3834 |  93k|  0 |  19k|  15 | 0.000000e+00 |      --      |    Inf |  60.78%
  969s| 20600 |   405 | 11389k| 552.3 |   241M |  36 |1166 |5140 |3839 |  94k|  2 |  20k|  15 | 0.000000e+00 |      --      |    Inf |  60.78%
  973s| 20700 |   404 | 11434k| 551.8 |   241M |  36 |1166 |5188 |3861 |  94k|  1 |  20k|  15 | 0.000000e+00 |      --      |    Inf |  60.79%
  978s| 20800 |   407 | 11479k| 551.3 |   241M |  36 |1166 |5249 |3882 |  94k|  2 |  20k|  15 | 0.000000e+00 |      --      |    Inf |  60.79%
  984s| 20900 |   399 | 11541k| 551.6 |   241M |  36 |1166 |5197 |3954 |  94k|  0 |  20k|  15 | 0.000000e+00 |      --      |    Inf |  60.80%
  987s| 21000 |   424 | 11578k| 550.8 |   241M |  36 |1166 |5167 |3573 |  94k|  2 |  20k|  15 | 0.000000e+00 |      --      |    Inf |  60.81%
  990s| 21100 |   427 | 11608k| 549.6 |   242M |  36 |1166 |5207 |3597 |  94k|  0 |  20k|  15 | 0.000000e+00 |      --      |    Inf |  60.81%
  995s| 21200 |   416 | 11658k| 549.4 |   242M |  36 |1166 |5253 |3584 |  94k|  2 |  20k|  15 | 0.000000e+00 |      --      |    Inf |  60.81%
 time | node  | left  |LP iter|LP it/n|mem/heur|mdpt |vars |cons |rows |cuts |sepa|confs|strbr|  dualbound   | primalbound  |  gap   | compl. 
  998s| 21300 |   433 | 11696k| 548.5 |   242M |  36 |1166 |5269 |3593 |  94k|  0 |  20k|  15 | 0.000000e+00 |      --      |    Inf |  60.81%
 1000s| 21400 |   445 | 11724k| 547.3 |   242M |  36 |1166 |5298 |3597 |  95k|  2 |  20k|  15 | 0.000000e+00 |      --      |    Inf |  60.81%
 1003s| 21500 |   464 | 11754k| 546.1 |   242M |  36 |1166 |5322 |3587 |  95k|  0 |  20k|  15 | 0.000000e+00 |      --      |    Inf |  60.81%
 1005s| 21600 |   470 | 11783k| 544.9 |   242M |  36 |1166 |5325 |3584 |  95k|  0 |  20k|  15 | 0.000000e+00 |      --      |    Inf |  60.81%
 1007s| 21700 |   462 | 11812k| 543.8 |   242M |  36 |1166 |5351 |3589 |  95k|  0 |  20k|  15 | 0.000000e+00 |      --      |    Inf |  60.81%
 1010s| 21800 |   451 | 11841k| 542.6 |   242M |  36 |1166 |5374 |3586 |  95k|  0 |  20k|  15 | 0.000000e+00 |      --      |    Inf |  60.81%
 1012s| 21900 |   443 | 11868k| 541.4 |   242M |  36 |1166 |5404 |3619 |  95k|  0 |  20k|  15 | 0.000000e+00 |      --      |    Inf |  60.81%
 1015s| 22000 |   439 | 11896k| 540.2 |   242M |  36 |1166 |5410 |3582 |  95k|  0 |  20k|  15 | 0.000000e+00 |      --      |    Inf |  60.81%
 1018s| 22100 |   441 | 11929k| 539.3 |   242M |  36 |1166 |5416 |3593 |  95k|  0 |  20k|  15 | 0.000000e+00 |      --      |    Inf |  60.81%
 1022s| 22200 |   439 | 11967k| 538.5 |   242M |  36 |1166 |5439 |3596 |  95k|  1 |  20k|  15 | 0.000000e+00 |      --      |    Inf |  60.81%
 1026s| 22300 |   437 | 12007k| 537.9 |   242M |  36 |1166 |5450 |3602 |  95k|  2 |  20k|  15 | 0.000000e+00 |      --      |    Inf |  60.81%
 1029s| 22400 |   431 | 12042k| 537.0 |   242M |  36 |1166 |5472 |3598 |  95k|  0 |  20k|  15 | 0.000000e+00 |      --      |    Inf |  60.81%
 1032s| 22500 |   433 | 12078k| 536.3 |   242M |  36 |1166 |5503 |3591 |  95k|  0 |  20k|  15 | 0.000000e+00 |      --      |    Inf |  60.81%
 1035s| 22600 |   433 | 12107k| 535.2 |   242M |  36 |1166 |5520 |3595 |  96k|  2 |  20k|  15 | 0.000000e+00 |      --      |    Inf |  60.81%
 1037s| 22700 |   427 | 12133k| 534.0 |   242M |  37 |1166 |5528 |3585 |  96k|  2 |  20k|  15 | 0.000000e+00 |      --      |    Inf |  60.81%
 time | node  | left  |LP iter|LP it/n|mem/heur|mdpt |vars |cons |rows |cuts |sepa|confs|strbr|  dualbound   | primalbound  |  gap   | compl. 
 1040s| 22800 |   423 | 12162k| 532.9 |   242M |  37 |1166 |5530 |3580 |  96k|  0 |  20k|  15 | 0.000000e+00 |      --      |    Inf |  60.81%
 1043s| 22900 |   419 | 12195k| 532.0 |   242M |  37 |1166 |5550 |3596 |  96k|  0 |  20k|  15 | 0.000000e+00 |      --      |    Inf |  60.81%
 1046s| 23000 |   419 | 12223k| 530.9 |   242M |  37 |1166 |5572 |3840 |  96k|  0 |  20k|  15 | 0.000000e+00 |      --      |    Inf |  60.81%
 1050s| 23100 |   421 | 12267k| 530.5 |   242M |  37 |1166 |5572 |3581 |  96k|  2 |  20k|  15 | 0.000000e+00 |      --      |    Inf |  60.82%
 1054s| 23200 |   421 | 12305k| 529.9 |   242M |  37 |1166 |5580 |3582 |  96k|  1 |  20k|  15 | 0.000000e+00 |      --      |    Inf |  60.82%
 1057s| 23300 |   426 | 12335k| 528.9 |   242M |  37 |1166 |5551 |3468 |  96k|  2 |  21k|  15 | 0.000000e+00 |      --      |    Inf |  60.87%
 1062s| 23400 |   425 | 12385k| 528.8 |   243M |  37 |1166 |5518 |3474 |  97k|  0 |  21k|  15 | 0.000000e+00 |      --      |    Inf |  60.88%
 1065s| 23500 |   425 | 12420k| 528.0 |   243M |  37 |1166 |5525 |3947 |  97k|  0 |  21k|  15 | 0.000000e+00 |      --      |    Inf |  60.88%
 1070s| 23600 |   419 | 12467k| 527.8 |   243M |  37 |1166 |5517 |3915 |  97k|  1 |  21k|  15 | 0.000000e+00 |      --      |    Inf |  60.92%
 1076s| 23700 |   418 | 12524k| 527.9 |   243M |  37 |1166 |5526 |3539 |  97k|  0 |  21k|  15 | 0.000000e+00 |      --      |    Inf |  60.98%
 1081s| 23800 |   425 | 12578k| 528.0 |   243M |  37 |1166 |5481 |3483 |  97k|  0 |  21k|  15 | 0.000000e+00 |      --      |    Inf |  60.98%
 1086s| 23900 |   422 | 12629k| 527.9 |   243M |  37 |1166 |5486 |2901 |  97k|  2 |  21k|  15 | 0.000000e+00 |      --      |    Inf |  61.00%
 1090s| 24000 |   434 | 12677k| 527.7 |   243M |  37 |1166 |5521 |3052 |  98k|  0 |  21k|  15 | 0.000000e+00 |      --      |    Inf |  61.00%
 1095s| 24100 |   428 | 12726k| 527.6 |   243M |  37 |1166 |5535 |3059 |  98k|  0 |  21k|  15 | 0.000000e+00 |      --      |    Inf |  61.00%
 1099s| 24200 |   426 | 12774k| 527.4 |   243M |  37 |1166 |5567 |3652 |  98k|  1 |  21k|  15 | 0.000000e+00 |      --      |    Inf |  61.00%
 time | node  | left  |LP iter|LP it/n|mem/heur|mdpt |vars |cons |rows |cuts |sepa|confs|strbr|  dualbound   | primalbound  |  gap   | compl. 
 1105s| 24300 |   421 | 12840k| 527.9 |   243M |  37 |1166 |5619 |2967 |  99k|  2 |  21k|  15 | 0.000000e+00 |      --      |    Inf |  61.01%
 1113s| 24400 |   423 | 12911k| 528.6 |   243M |  37 |1166 |5671 |2924 | 100k|  3 |  21k|  15 | 0.000000e+00 |      --      |    Inf |  61.02%
 1120s| 24500 |   423 | 12969k| 528.8 |   244M |  37 |1166 |5349 |3609 | 100k|  0 |  21k|  15 | 0.000000e+00 |      --      |    Inf |  61.04%
 1127s| 24600 |   417 | 13028k| 529.1 |   244M |  37 |1166 |5232 |3613 | 100k|  0 |  21k|  15 | 0.000000e+00 |      --      |    Inf |  61.05%
 1133s| 24700 |   427 | 13071k| 528.7 |   244M |  37 |1166 |5173 |3989 | 100k|  1 |  21k|  15 | 0.000000e+00 |      --      |    Inf |  61.07%
 1138s| 24800 |   439 | 13121k| 528.6 |   244M |  37 |1166 |5213 |3623 | 100k|  0 |  21k|  15 | 0.000000e+00 |      --      |    Inf |  61.08%
 1143s| 24900 |   441 | 13164k| 528.2 |   244M |  37 |1166 |5244 |3655 | 100k|  2 |  21k|  15 | 0.000000e+00 |      --      |    Inf |  61.08%
 1148s| 25000 |   438 | 13205k| 527.7 |   244M |  37 |1166 |5286 |3625 | 100k|  0 |  21k|  15 | 0.000000e+00 |      --      |    Inf |  61.08%
 1153s| 25100 |   435 | 13249k| 527.4 |   244M |  37 |1166 |5324 |3632 | 100k|  2 |  21k|  15 | 0.000000e+00 |      --      |    Inf |  61.08%
 1158s| 25200 |   441 | 13296k| 527.1 |   244M |  37 |1166 |5378 |3651 | 100k|  0 |  22k|  15 | 0.000000e+00 |      --      |    Inf |  61.08%
 1164s| 25300 |   436 | 13340k| 526.8 |   244M |  37 |1166 |5419 |3624 | 100k|  0 |  22k|  15 | 0.000000e+00 |      --      |    Inf |  61.09%
 1169s| 25400 |   441 | 13381k| 526.3 |   244M |  37 |1166 |5450 |3663 | 101k|  0 |  22k|  15 | 0.000000e+00 |      --      |    Inf |  61.09%
 1173s| 25500 |   440 | 13421k| 525.8 |   244M |  37 |1166 |5481 |3968 | 101k|  1 |  22k|  15 | 0.000000e+00 |      --      |    Inf |  61.09%
 1177s| 25600 |   446 | 13451k| 525.0 |   244M |  37 |1166 |5496 |3965 | 101k|  0 |  22k|  15 | 0.000000e+00 |      --      |    Inf |  61.09%
 1181s| 25700 |   448 | 13485k| 524.2 |   245M |  37 |1166 |5513 |3977 | 101k|  1 |  22k|  15 | 0.000000e+00 |      --      |    Inf |  61.09%
 time | node  | left  |LP iter|LP it/n|mem/heur|mdpt |vars |cons |rows |cuts |sepa|confs|strbr|  dualbound   | primalbound  |  gap   | compl. 
 1185s| 25800 |   442 | 13523k| 523.7 |   245M |  37 |1166 |5532 |3988 | 101k|  1 |  22k|  15 | 0.000000e+00 |      --      |    Inf |  61.09%
 1189s| 25900 |   439 | 13558k| 523.0 |   246M |  37 |1166 |5558 |3966 | 101k|  1 |  22k|  15 | 0.000000e+00 |      --      |    Inf |  61.09%
 1193s| 26000 |   437 | 13594k| 522.4 |   246M |  37 |1166 |5581 |3970 | 101k|  2 |  22k|  15 | 0.000000e+00 |      --      |    Inf |  61.09%
 1198s| 26100 |   439 | 13634k| 521.9 |   246M |  37 |1166 |5600 |3971 | 101k|  2 |  22k|  15 | 0.000000e+00 |      --      |    Inf |  61.09%
 1202s| 26200 |   443 | 13668k| 521.2 |   246M |  37 |1166 |5622 |3973 | 101k|  0 |  22k|  15 | 0.000000e+00 |      --      |    Inf |  61.09%
 1206s| 26300 |   444 | 13702k| 520.6 |   246M |  37 |1166 |5648 |3970 | 101k|  1 |  22k|  15 | 0.000000e+00 |      --      |    Inf |  61.09%
 1211s| 26400 |   432 | 13746k| 520.2 |   246M |  37 |1166 |5655 |3372 | 101k|  0 |  22k|  15 | 0.000000e+00 |      --      |    Inf |  61.09%
 1219s| 26500 |   439 | 13806k| 520.5 |   247M |  37 |1166 |5468 |3951 | 101k|  0 |  22k|  15 | 0.000000e+00 |      --      |    Inf |  61.51%
 1225s| 26600 |   449 | 13858k| 520.5 |   247M |  37 |1166 |5481 |3951 | 101k|  1 |  22k|  15 | 0.000000e+00 |      --      |    Inf |  61.51%
 1233s| 26700 |   451 | 13931k| 521.3 |   247M |  37 |1166 |5432 |3974 | 101k|  0 |  22k|  15 | 0.000000e+00 |      --      |    Inf |  61.53%
 1241s| 26800 |   466 | 13999k| 521.9 |   247M |  37 |1166 |5412 |3231 | 102k|  2 |  22k|  15 | 0.000000e+00 |      --      |    Inf |  61.74%
 1248s| 26900 |   466 | 14061k| 522.3 |   247M |  37 |1166 |5469 |3261 | 103k|  0 |  22k|  15 | 0.000000e+00 |      --      |    Inf |  61.75%
 1254s| 27000 |   462 | 14114k| 522.3 |   247M |  37 |1166 |5491 |2891 | 103k|  0 |  22k|  15 | 0.000000e+00 |      --      |    Inf |  61.76%
 1265s| 27100 |   465 | 14204k| 523.7 |   247M |  37 |1166 |5470 |3628 | 103k|  0 |  22k|  15 | 0.000000e+00 |      --      |    Inf |  61.78%
 1272s| 27200 |   473 | 14262k| 523.9 |   248M |  37 |1166 |5375 |2880 | 103k|  2 |  22k|  15 | 0.000000e+00 |      --      |    Inf |  61.81%
 time | node  | left  |LP iter|LP it/n|mem/heur|mdpt |vars |cons |rows |cuts |sepa|confs|strbr|  dualbound   | primalbound  |  gap   | compl. 
 1278s| 27300 |   499 | 14313k| 523.9 |   248M |  38 |1166 |5296 |3172 | 104k|  2 |  22k|  15 | 0.000000e+00 |      --      |    Inf |  61.86%
 1284s| 27400 |   495 | 14364k| 523.8 |   249M |  38 |1166 |5336 |3519 | 104k|  2 |  23k|  15 | 0.000000e+00 |      --      |    Inf |  61.86%
 1291s| 27500 |   501 | 14415k| 523.7 |   249M |  38 |1166 |5285 |3764 | 104k|  2 |  23k|  15 | 0.000000e+00 |      --      |    Inf |  61.87%
 1295s| 27600 |   509 | 14457k| 523.4 |   249M |  38 |1166 |5298 |3772 | 105k|  1 |  23k|  15 | 0.000000e+00 |      --      |    Inf |  61.87%
 1304s| 27700 |   507 | 14526k| 524.0 |   249M |  38 |1166 |5271 |4008 | 105k|  1 |  23k|  15 | 0.000000e+00 |      --      |    Inf |  61.91%
 1312s| 27800 |   507 | 14591k| 524.4 |   249M |  38 |1166 |5332 |3652 | 105k|  1 |  23k|  15 | 0.000000e+00 |      --      |    Inf |  61.93%
 1316s| 27900 |   519 | 14629k| 523.9 |   249M |  38 |1166 |5313 |3129 | 105k|  2 |  23k|  15 | 0.000000e+00 |      --      |    Inf |  61.93%
 1326s| 28000 |   525 | 14714k| 525.1 |   249M |  38 |1166 |5261 |3477 | 106k|  2 |  23k|  15 | 0.000000e+00 |      --      |    Inf |  62.08%
 1333s| 28100 |   532 | 14769k| 525.2 |   249M |  38 |1166 |5223 |4007 | 106k|  1 |  23k|  15 | 0.000000e+00 |      --      |    Inf |  62.28%
 1337s| 28200 |   536 | 14806k| 524.6 |   249M |  38 |1166 |5275 |4009 | 106k|  0 |  23k|  15 | 0.000000e+00 |      --      |    Inf |  62.28%
 1341s| 28300 |   529 | 14844k| 524.1 |   249M |  38 |1166 |5323 |4008 | 106k|  0 |  23k|  15 | 0.000000e+00 |      --      |    Inf |  62.28%
 1346s| 28400 |   537 | 14881k| 523.5 |   249M |  38 |1166 |5348 |4007 | 106k|  0 |  23k|  15 | 0.000000e+00 |      --      |    Inf |  62.29%
 1351s| 28500 |   526 | 14927k| 523.3 |   249M |  38 |1166 |5413 |4008 | 106k|  1 |  23k|  15 | 0.000000e+00 |      --      |    Inf |  62.29%
 1358s| 28600 |   528 | 14987k| 523.6 |   249M |  38 |1166 |5408 |4003 | 106k|  1 |  23k|  15 | 0.000000e+00 |      --      |    Inf |  62.30%
 1364s| 28700 |   530 | 15045k| 523.8 |   250M |  38 |1166 |5317 |3581 | 106k|  2 |  23k|  15 | 0.000000e+00 |      --      |    Inf |  62.51%
 time | node  | left  |LP iter|LP it/n|mem/heur|mdpt |vars |cons |rows |cuts |sepa|confs|strbr|  dualbound   | primalbound  |  gap   | compl. 
 1371s| 28800 |   536 | 15099k| 523.8 |   250M |  38 |1166 |5347 |3591 | 106k|  2 |  23k|  15 | 0.000000e+00 |      --      |    Inf |  62.52%
 1377s| 28900 |   538 | 15154k| 524.0 |   250M |  38 |1166 |5405 |3593 | 107k|  0 |  24k|  15 | 0.000000e+00 |      --      |    Inf |  62.52%
 1385s| 29000 |   538 | 15230k| 524.7 |   250M |  38 |1166 |5398 |3950 | 107k|  2 |  24k|  15 | 0.000000e+00 |      --      |    Inf |  62.53%
 1391s| 29100 |   538 | 15296k| 525.2 |   250M |  38 |1166 |5411 |3966 | 107k|  0 |  24k|  15 | 0.000000e+00 |      --      |    Inf |  62.53%
 1399s| 29200 |   537 | 15382k| 526.4 |   250M |  38 |1166 |5445 |3964 | 107k|  0 |  24k|  15 | 0.000000e+00 |      --      |    Inf |  62.56%
 1406s| 29300 |   539 | 15458k| 527.2 |   250M |  38 |1166 |5472 |3608 | 107k|  0 |  24k|  15 | 0.000000e+00 |      --      |    Inf |  62.57%
 1413s| 29400 |   530 | 15533k| 527.9 |   250M |  38 |1166 |5366 |4065 | 107k|  1 |  24k|  15 | 0.000000e+00 |      --      |    Inf |  62.65%
 1422s| 29500 |   517 | 15621k| 529.1 |   250M |  38 |1166 |5142 |3655 | 107k|  1 |  24k|  15 | 0.000000e+00 |      --      |    Inf |  62.73%
 1429s| 29600 |   532 | 15697k| 529.9 |   251M |  38 |1166 |4983 |3427 | 108k|  2 |  24k|  15 | 0.000000e+00 |      --      |    Inf |  62.78%
 1437s| 29700 |   529 | 15776k| 530.8 |   251M |  38 |1166 |4858 |3844 | 108k|  0 |  24k|  15 | 0.000000e+00 |      --      |    Inf |  62.88%
 1446s| 29800 |   544 | 15876k| 532.3 |   251M |  38 |1166 |4794 |3599 | 109k|  0 |  24k|  15 | 0.000000e+00 |      --      |    Inf |  62.91%
 1454s| 29900 |   551 | 15963k| 533.5 |   251M |  38 |1166 |4737 |3991 | 109k|  0 |  24k|  15 | 0.000000e+00 |      --      |    Inf |  62.97%
 1459s| 30000 |   564 | 16014k| 533.4 |   252M |  38 |1166 |4680 |3481 | 110k|  0 |  24k|  15 | 0.000000e+00 |      --      |    Inf |  62.99%
 1464s| 30100 |   562 | 16063k| 533.2 |   252M |  38 |1166 |4736 |4016 | 110k|  2 |  24k|  15 | 0.000000e+00 |      --      |    Inf |  62.99%
 1468s| 30200 |   578 | 16110k| 533.0 |   252M |  38 |1166 |4725 |3221 | 110k|  1 |  24k|  15 | 0.000000e+00 |      --      |    Inf |  63.00%
 time | node  | left  |LP iter|LP it/n|mem/heur|mdpt |vars |cons |rows |cuts |sepa|confs|strbr|  dualbound   | primalbound  |  gap   | compl. 
 1472s| 30300 |   578 | 16154k| 532.7 |   252M |  38 |1166 |4781 |3762 | 110k|  0 |  24k|  15 | 0.000000e+00 |      --      |    Inf |  63.00%
 1476s| 30400 |   587 | 16201k| 532.5 |   252M |  38 |1166 |4813 |3648 | 110k|  0 |  25k|  15 | 0.000000e+00 |      --      |    Inf |  63.00%
 1480s| 30500 |   587 | 16248k| 532.3 |   252M |  38 |1166 |4810 |3879 | 110k|  0 |  25k|  15 | 0.000000e+00 |      --      |    Inf |  63.04%
 1485s| 30600 |   596 | 16301k| 532.3 |   253M |  38 |1166 |4762 |   0 | 110k|  0 |  25k|  15 | 0.000000e+00 |      --      |    Inf |  63.55%
 1491s| 30700 |   596 | 16364k| 532.6 |   253M |  38 |1166 |4816 |3805 | 110k|  1 |  25k|  15 | 0.000000e+00 |      --      |    Inf |  63.59%
 1496s| 30800 |   602 | 16427k| 533.0 |   254M |  38 |1166 |4828 |3829 | 111k|  1 |  25k|  15 | 0.000000e+00 |      --      |    Inf |  63.60%
 1503s| 30900 |   609 | 16494k| 533.4 |   254M |  38 |1166 |4934 |3838 | 111k|  0 |  25k|  15 | 0.000000e+00 |      --      |    Inf |  63.62%
 1509s| 31000 |   611 | 16560k| 533.8 |   254M |  38 |1166 |5055 |3875 | 111k|  2 |  25k|  15 | 0.000000e+00 |      --      |    Inf |  63.63%
 1515s| 31100 |   611 | 16606k| 533.6 |   254M |  38 |1166 |5216 |3883 | 111k|  0 |  25k|  15 | 0.000000e+00 |      --      |    Inf |  63.63%
 1519s| 31200 |   609 | 16650k| 533.3 |   254M |  38 |1166 |5337 |3871 | 111k|  1 |  26k|  15 | 0.000000e+00 |      --      |    Inf |  63.64%
 1525s| 31300 |   610 | 16711k| 533.5 |   254M |  38 |1166 |5380 |3827 | 111k|  0 |  26k|  15 | 0.000000e+00 |      --      |    Inf |  63.64%
 1532s| 31400 |   608 | 16787k| 534.2 |   254M |  38 |1166 |5475 |3826 | 111k|  2 |  26k|  15 | 0.000000e+00 |      --      |    Inf |  63.65%
 1538s| 31500 |   611 | 16841k| 534.3 |   254M |  38 |1166 |5531 |3807 | 111k|  2 |  26k|  15 | 0.000000e+00 |      --      |    Inf |  63.65%
 1544s| 31600 |   609 | 16911k| 534.8 |   255M |  38 |1166 |5672 |3849 | 111k|  0 |  26k|  15 | 0.000000e+00 |      --      |    Inf |  63.65%
 1551s| 31700 |   615 | 16977k| 535.2 |   255M |  38 |1166 |5698 |3850 | 111k|  2 |  26k|  15 | 0.000000e+00 |      --      |    Inf |  63.65%
 time | node  | left  |LP iter|LP it/n|mem/heur|mdpt |vars |cons |rows |cuts |sepa|confs|strbr|  dualbound   | primalbound  |  gap   | compl. 
 1557s| 31800 |   611 | 17040k| 535.5 |   255M |  38 |1166 |5738 |3867 | 112k|  2 |  26k|  15 | 0.000000e+00 |      --      |    Inf |  63.65%
 1563s| 31900 |   611 | 17103k| 535.8 |   255M |  38 |1166 |5647 |3823 | 112k|  2 |  26k|  15 | 0.000000e+00 |      --      |    Inf |  63.68%
 1571s| 32000 |   609 | 17183k| 536.6 |   255M |  38 |1166 |5685 |3832 | 112k|  0 |  27k|  15 | 0.000000e+00 |      --      |    Inf |  63.72%
 1578s| 32100 |   609 | 17242k| 536.8 |   255M |  38 |1166 |5737 |3837 | 112k|  2 |  27k|  15 | 0.000000e+00 |      --      |    Inf |  63.75%
 1589s| 32200 |   613 | 17328k| 537.8 |   255M |  38 |1166 |5640 |3226 | 112k|  2 |  27k|  15 | 0.000000e+00 |      --      |    Inf |  63.86%
 1597s| 32300 |   622 | 17395k| 538.2 |   255M |  38 |1166 |5405 |3940 | 112k|  1 |  27k|  15 | 0.000000e+00 |      --      |    Inf |  63.98%
 1607s| 32400 |   620 | 17471k| 538.9 |   255M |  38 |1166 |5196 |3979 | 113k|  2 |  27k|  15 | 0.000000e+00 |      --      |    Inf |  64.02%
 1616s| 32500 |   628 | 17550k| 539.6 |   255M |  38 |1166 |5025 |3188 | 113k|  2 |  27k|  15 | 0.000000e+00 |      --      |    Inf |  64.07%
 1626s| 32600 |   626 | 17633k| 540.5 |   255M |  38 |1166 |5069 |3480 | 114k|  2 |  27k|  15 | 0.000000e+00 |      --      |    Inf |  64.07%
 1636s| 32700 |   629 | 17718k| 541.5 |   256M |  38 |1166 |5027 |3712 | 114k|  0 |  27k|  15 | 0.000000e+00 |      --      |    Inf |  64.16%
 1646s| 32800 |   635 | 17797k| 542.2 |   256M |  38 |1166 |4986 |4008 | 115k|  1 |  27k|  15 | 0.000000e+00 |      --      |    Inf |  64.55%
 1658s| 32900 |   645 | 17885k| 543.2 |   257M |  38 |1166 |4901 |3721 | 115k|  2 |  27k|  15 | 0.000000e+00 |      --      |    Inf |  64.56%
 1667s| 33000 |   644 | 17961k| 543.9 |   257M |  38 |1166 |4928 |3621 | 115k|  0 |  27k|  15 | 0.000000e+00 |      --      |    Inf |  64.57%
 1675s| 33100 |   643 | 18029k| 544.3 |   257M |  38 |1166 |4961 |3735 | 115k|  1 |  28k|  15 | 0.000000e+00 |      --      |    Inf |  64.58%
 1683s| 33200 |   641 | 18086k| 544.4 |   257M |  38 |1166 |5013 |3724 | 115k|  0 |  28k|  15 | 0.000000e+00 |      --      |    Inf |  64.58%
 time | node  | left  |LP iter|LP it/n|mem/heur|mdpt |vars |cons |rows |cuts |sepa|confs|strbr|  dualbound   | primalbound  |  gap   | compl. 
 1690s| 33300 |   639 | 18141k| 544.4 |   257M |  38 |1166 |5069 |3827 | 116k|  0 |  28k|  15 | 0.000000e+00 |      --      |    Inf |  64.58%
 1698s| 33400 |   639 | 18210k| 544.9 |   257M |  38 |1166 |4898 |3237 | 116k|  0 |  28k|  15 | 0.000000e+00 |      --      |    Inf |  64.98%
 1708s| 33500 |   643 | 18288k| 545.6 |   257M |  38 |1166 |4679 |3833 | 116k|  2 |  28k|  15 | 0.000000e+00 |      --      |    Inf |  66.67%
 1718s| 33600 |   640 | 18364k| 546.2 |   257M |  38 |1166 |4669 |3807 | 116k|  2 |  28k|  15 | 0.000000e+00 |      --      |    Inf |  66.70%
 1728s| 33700 |   653 | 18443k| 546.9 |   257M |  38 |1166 |4588 |3658 | 117k|  2 |  28k|  15 | 0.000000e+00 |      --      |    Inf |  66.72%
 1737s| 33800 |   653 | 18515k| 547.4 |   257M |  38 |1166 |4565 |4060 | 117k|  1 |  28k|  15 | 0.000000e+00 |      --      |    Inf |  66.73%
 1747s| 33900 |   662 | 18588k| 548.0 |   257M |  38 |1166 |4402 |3487 | 117k|  2 |  28k|  15 | 0.000000e+00 |      --      |    Inf |  66.83%
 1757s| 34000 |   658 | 18668k| 548.7 |   257M |  38 |1166 |4315 |3772 | 118k|  2 |  28k|  15 | 0.000000e+00 |      --      |    Inf |  66.84%
 1766s| 34100 |   661 | 18736k| 549.1 |   257M |  38 |1166 |4333 |3657 | 118k|  2 |  28k|  15 | 0.000000e+00 |      --      |    Inf |  66.84%
 1774s| 34200 |   670 | 18796k| 549.2 |   257M |  38 |1166 |4397 |3701 | 118k|  2 |  28k|  15 | 0.000000e+00 |      --      |    Inf |  66.84%
 1782s| 34300 |   664 | 18859k| 549.5 |   257M |  38 |1166 |4438 |3727 | 118k|  0 |  28k|  15 | 0.000000e+00 |      --      |    Inf |  66.85%
 1793s| 34400 |   663 | 18947k| 550.4 |   257M |  38 |1166 |4448 |3801 | 118k|  0 |  28k|  15 | 0.000000e+00 |      --      |    Inf |  66.85%
 1803s| 34500 |   661 | 19023k| 551.0 |   257M |  38 |1166 |4450 |3976 | 119k|  0 |  29k|  15 | 0.000000e+00 |      --      |    Inf |  66.87%
 1815s| 34600 |   674 | 19111k| 552.0 |   258M |  38 |1166 |4431 |4094 | 119k|  0 |  29k|  15 | 0.000000e+00 |      --      |    Inf |  66.99%
 1825s| 34700 |   673 | 19177k| 552.3 |   258M |  38 |1166 |4524 |4094 | 119k|  1 |  29k|  15 | 0.000000e+00 |      --      |    Inf |  66.99%
 time | node  | left  |LP iter|LP it/n|mem/heur|mdpt |vars |cons |rows |cuts |sepa|confs|strbr|  dualbound   | primalbound  |  gap   | compl. 
 1832s| 34800 |   673 | 19238k| 552.5 |   259M |  38 |1166 |4483 |4099 | 119k|  0 |  29k|  15 | 0.000000e+00 |      --      |    Inf |  67.83%
 1840s| 34900 |   674 | 19301k| 552.7 |   259M |  38 |1166 |4420 |2793 | 119k|  2 |  29k|  15 | 0.000000e+00 |      --      |    Inf |  67.98%
 1844s| 35000 |   688 | 19342k| 552.3 |   259M |  38 |1166 |4471 |2855 | 120k|  0 |  29k|  15 | 0.000000e+00 |      --      |    Inf |  67.98%
 1851s| 35100 |   693 | 19398k| 552.3 |   260M |  38 |1166 |4432 |3616 | 120k|  2 |  29k|  15 | 0.000000e+00 |      --      |    Inf |  67.99%
 1854s| 35200 |   703 | 19432k| 551.7 |   260M |  38 |1166 |4456 |3617 | 120k|  1 |  29k|  15 | 0.000000e+00 |      --      |    Inf |  67.99%
 1859s| 35300 |   694 | 19476k| 551.4 |   260M |  38 |1166 |4498 |3632 | 121k|  0 |  29k|  15 | 0.000000e+00 |      --      |    Inf |  68.00%
 1863s| 35400 |   707 | 19512k| 550.8 |   260M |  38 |1166 |4528 |3617 | 121k|  2 |  29k|  15 | 0.000000e+00 |      --      |    Inf |  68.00%
 1867s| 35500 |   709 | 19551k| 550.4 |   260M |  38 |1166 |4559 |3626 | 121k|  0 |  29k|  15 | 0.000000e+00 |      --      |    Inf |  68.00%
 1872s| 35600 |   700 | 19593k| 550.0 |   260M |  38 |1166 |4594 |3628 | 121k|  2 |  29k|  15 | 0.000000e+00 |      --      |    Inf |  68.00%
 1878s| 35700 |   707 | 19643k| 549.9 |   260M |  38 |1166 |4551 |3732 | 121k|  1 |  29k|  15 | 0.000000e+00 |      --      |    Inf |  68.01%
 1886s| 35800 |   737 | 19702k| 550.0 |   261M |  38 |1166 |4476 |3946 | 121k|  1 |  29k|  15 | 0.000000e+00 |      --      |    Inf |  68.03%
 1896s| 35900 |   742 | 19782k| 550.7 |   261M |  38 |1166 |4621 |3959 | 121k|  0 |  29k|  15 | 0.000000e+00 |      --      |    Inf |  68.06%
 1906s| 36000 |   751 | 19859k| 551.3 |   262M |  38 |1166 |4794 |3959 | 121k|  0 |  30k|  15 | 0.000000e+00 |      --      |    Inf |  68.10%
 1915s| 36100 |   741 | 19925k| 551.6 |   262M |  38 |1166 |4865 |3887 | 121k|  1 |  30k|  15 | 0.000000e+00 |      --      |    Inf |  68.11%
 1932s| 36200 |   760 | 20020k| 552.7 |   262M |  38 |1166 |4669 |2813 | 122k|  2 |  30k|  15 | 0.000000e+00 |      --      |    Inf |  68.17%
 time | node  | left  |LP iter|LP it/n|mem/heur|mdpt |vars |cons |rows |cuts |sepa|confs|strbr|  dualbound   | primalbound  |  gap   | compl. 
 1944s| 36300 |   783 | 20114k| 553.8 |   264M |  38 |1166 |4496 |3857 | 123k|  2 |  30k|  15 | 0.000000e+00 |      --      |    Inf |  69.01%
 1955s| 36400 |   782 | 20195k| 554.5 |   264M |  38 |1166 |4548 |3951 | 123k|  0 |  30k|  15 | 0.000000e+00 |      --      |    Inf |  69.01%
 1964s| 36500 |   786 | 20268k| 555.0 |   264M |  38 |1166 |4526 |3567 | 124k|  2 |  30k|  15 | 0.000000e+00 |      --      |    Inf |  69.04%
 1977s| 36600 |   792 | 20359k| 555.9 |   265M |  38 |1166 |4453 |3601 | 124k|  2 |  30k|  15 | 0.000000e+00 |      --      |    Inf |  69.11%
 1987s| 36700 |   804 | 20436k| 556.5 |   265M |  38 |1166 |4437 |3992 | 124k|  2 |  30k|  15 | 0.000000e+00 |      --      |    Inf |  69.11%
 1995s| 36800 |   798 | 20489k| 556.4 |   266M |  38 |1166 |4400 |4039 | 125k|  0 |  31k|  15 | 0.000000e+00 |      --      |    Inf |  69.17%
 2002s| 36900 |   810 | 20541k| 556.3 |   266M |  38 |1166 |4377 |4000 | 125k|  1 |  31k|  15 | 0.000000e+00 |      --      |    Inf |  69.18%
 2012s| 37000 |   814 | 20613k| 556.8 |   266M |  38 |1166 |4280 |3184 | 125k|  2 |  31k|  15 | 0.000000e+00 |      --      |    Inf |  69.39%
 2024s| 37100 |   818 | 20693k| 557.4 |   266M |  38 |1166 |4281 |3616 | 126k|  0 |  31k|  15 | 0.000000e+00 |      --      |    Inf |  69.42%
 2032s| 37200 |   824 | 20753k| 557.6 |   266M |  38 |1166 |4262 |3638 | 126k|  0 |  31k|  15 | 0.000000e+00 |      --      |    Inf |  69.64%
 2040s| 37300 |   830 | 20806k| 557.5 |   266M |  38 |1166 |4337 |3382 | 126k|  2 |  31k|  15 | 0.000000e+00 |      --      |    Inf |  69.65%
 2048s| 37400 |   828 | 20868k| 557.6 |   266M |  38 |1166 |4353 |3629 | 126k|  2 |  31k|  15 | 0.000000e+00 |      --      |    Inf |  69.67%
 2055s| 37500 |   826 | 20923k| 557.6 |   266M |  38 |1166 |4387 |2890 | 127k|  0 |  31k|  15 | 0.000000e+00 |      --      |    Inf |  69.68%
 2064s| 37600 |   831 | 20985k| 557.8 |   266M |  38 |1166 |4359 |4003 | 127k|  0 |  31k|  15 | 0.000000e+00 |      --      |    Inf |  69.72%
 2071s| 37700 |   835 | 21041k| 557.8 |   266M |  38 |1166 |4353 |3857 | 128k|  2 |  31k|  15 | 0.000000e+00 |      --      |    Inf |  69.73%
 time | node  | left  |LP iter|LP it/n|mem/heur|mdpt |vars |cons |rows |cuts |sepa|confs|strbr|  dualbound   | primalbound  |  gap   | compl. 
 2081s| 37800 |   834 | 21107k| 558.1 |   266M |  38 |1166 |4441 |2934 | 128k|  0 |  31k|  15 | 0.000000e+00 |      --      |    Inf |  69.75%
 2090s| 37900 |   827 | 21175k| 558.4 |   266M |  38 |1166 |4442 |3920 | 129k|  0 |  31k|  15 | 0.000000e+00 |      --      |    Inf |  69.82%
 2101s| 38000 |   832 | 21251k| 558.9 |   266M |  38 |1166 |4439 |3869 | 129k|  2 |  31k|  15 | 0.000000e+00 |      --      |    Inf |  69.84%
 2113s| 38100 |   830 | 21328k| 559.5 |   266M |  38 |1166 |4548 |4063 | 129k|  1 |  32k|  15 | 0.000000e+00 |      --      |    Inf |  69.87%
 2123s| 38200 |   842 | 21400k| 559.9 |   266M |  38 |1166 |4604 |3308 | 130k|  0 |  32k|  15 | 0.000000e+00 |      --      |    Inf |  69.87%
 2135s| 38300 |   841 | 21479k| 560.5 |   266M |  38 |1166 |4572 |4026 | 130k|  0 |  32k|  15 | 0.000000e+00 |      --      |    Inf |  69.89%
 2147s| 38400 |   847 | 21553k| 561.0 |   267M |  38 |1166 |4590 |4061 | 130k|  0 |  32k|  15 | 0.000000e+00 |      --      |    Inf |  69.89%
 2157s| 38500 |   841 | 21618k| 561.2 |   267M |  38 |1166 |4601 |3223 | 131k|  0 |  32k|  15 | 0.000000e+00 |      --      |    Inf |  69.92%
 2167s| 38600 |   837 | 21687k| 561.5 |   267M |  38 |1166 |4668 |3957 | 131k|  0 |  32k|  15 | 0.000000e+00 |      --      |    Inf |  70.00%
 2174s| 38700 |   845 | 21736k| 561.3 |   267M |  38 |1166 |4743 |3828 | 131k|  1 |  32k|  15 | 0.000000e+00 |      --      |    Inf |  70.00%
 2179s| 38800 |   847 | 21777k| 561.0 |   267M |  38 |1166 |4775 |3823 | 131k|  1 |  32k|  15 | 0.000000e+00 |      --      |    Inf |  70.00%
 2186s| 38900 |   842 | 21820k| 560.6 |   267M |  38 |1166 |4802 |3836 | 131k|  1 |  32k|  15 | 0.000000e+00 |      --      |    Inf |  70.00%
 2193s| 39000 |   847 | 21872k| 560.5 |   267M |  38 |1166 |4842 |3824 | 131k|  2 |  32k|  15 | 0.000000e+00 |      --      |    Inf |  70.00%
 2201s| 39100 |   849 | 21931k| 560.6 |   267M |  38 |1166 |4856 |3679 | 131k|  0 |  32k|  15 | 0.000000e+00 |      --      |    Inf |  70.01%
 2212s| 39200 |   843 | 22008k| 561.1 |   267M |  38 |1166 |4900 |3932 | 131k|  0 |  32k|  15 | 0.000000e+00 |      --      |    Inf |  70.01%
 time | node  | left  |LP iter|LP it/n|mem/heur|mdpt |vars |cons |rows |cuts |sepa|confs|strbr|  dualbound   | primalbound  |  gap   | compl. 
 2225s| 39300 |   847 | 22093k| 561.9 |   267M |  38 |1166 |4881 |3004 | 132k|  2 |  32k|  15 | 0.000000e+00 |      --      |    Inf |  70.05%
 2236s| 39400 |   847 | 22173k| 562.5 |   267M |  38 |1166 |4975 |3148 | 132k|  1 |  33k|  15 | 0.000000e+00 |      --      |    Inf |  70.05%
 2248s| 39500 |   836 | 22251k| 563.0 |   267M |  38 |1166 |4922 |4056 | 132k|  0 |  33k|  15 | 0.000000e+00 |      --      |    Inf |  70.06%
 2258s| 39600 |   840 | 22324k| 563.4 |   267M |  38 |1166 |4967 |3978 | 132k|  0 |  33k|  15 | 0.000000e+00 |      --      |    Inf |  70.06%
 2271s| 39700 |   845 | 22411k| 564.2 |   267M |  38 |1166 |4972 |3230 | 133k|  0 |  33k|  15 | 0.000000e+00 |      --      |    Inf |  70.08%
 2282s| 39800 |   848 | 22488k| 564.7 |   267M |  38 |1166 |4960 |4017 | 133k|  0 |  33k|  15 | 0.000000e+00 |      --      |    Inf |  70.08%
 2290s| 39900 |   848 | 22551k| 564.9 |   267M |  38 |1166 |4980 |4018 | 133k|  1 |  33k|  15 | 0.000000e+00 |      --      |    Inf |  70.09%
 2301s| 40000 |   852 | 22623k| 565.3 |   267M |  38 |1166 |4920 |3735 | 133k|  0 |  33k|  15 | 0.000000e+00 |      --      |    Inf |  70.10%
 2310s| 40100 |   848 | 22687k| 565.5 |   267M |  38 |1166 |4932 |3881 | 133k|  0 |  33k|  15 | 0.000000e+00 |      --      |    Inf |  70.10%
 2320s| 40200 |   854 | 22753k| 565.7 |   267M |  38 |1166 |4973 |3759 | 133k|  2 |  33k|  15 | 0.000000e+00 |      --      |    Inf |  70.10%
 2325s| 40300 |   854 | 22793k| 565.3 |   267M |  38 |1166 |5014 |3729 | 133k|  0 |  33k|  15 | 0.000000e+00 |      --      |    Inf |  70.10%
 2333s| 40400 |   865 | 22845k| 565.2 |   267M |  38 |1166 |5032 |3753 | 133k|  1 |  33k|  15 | 0.000000e+00 |      --      |    Inf |  70.10%
 2339s| 40500 |   859 | 22889k| 564.9 |   267M |  38 |1166 |5086 |3721 | 133k|  2 |  33k|  15 | 0.000000e+00 |      --      |    Inf |  70.10%
 2345s| 40600 |   859 | 22932k| 564.5 |   267M |  38 |1166 |5106 |3981 | 133k|  0 |  33k|  15 | 0.000000e+00 |      --      |    Inf |  70.11%
 2353s| 40700 |   855 | 22992k| 564.6 |   267M |  38 |1166 |5116 |4014 | 134k|  0 |  33k|  15 | 0.000000e+00 |      --      |    Inf |  70.12%
 time | node  | left  |LP iter|LP it/n|mem/heur|mdpt |vars |cons |rows |cuts |sepa|confs|strbr|  dualbound   | primalbound  |  gap   | compl. 
 2360s| 40800 |   870 | 23036k| 564.3 |   267M |  38 |1166 |5093 |3581 | 134k|  2 |  33k|  15 | 0.000000e+00 |      --      |    Inf |  70.12%
 2367s| 40900 |   864 | 23088k| 564.2 |   268M |  38 |1166 |4991 |3704 | 134k|  1 |  33k|  15 | 0.000000e+00 |      --      |    Inf |  70.22%
 2376s| 41000 |   870 | 23151k| 564.4 |   268M |  38 |1166 |4966 |3843 | 134k|  1 |  34k|  15 | 0.000000e+00 |      --      |    Inf |  70.24%
 2385s| 41100 |   861 | 23214k| 564.5 |   268M |  38 |1166 |4986 |4007 | 134k|  0 |  34k|  15 | 0.000000e+00 |      --      |    Inf |  70.26%
 2391s| 41200 |   866 | 23260k| 564.3 |   268M |  38 |1166 |4985 |4006 | 134k|  0 |  34k|  15 | 0.000000e+00 |      --      |    Inf |  70.26%
 2397s| 41300 |   864 | 23309k| 564.1 |   268M |  38 |1166 |4979 |4122 | 134k|  0 |  34k|  15 | 0.000000e+00 |      --      |    Inf |  70.27%
 2402s| 41400 |   864 | 23358k| 563.9 |   268M |  38 |1166 |5009 |4122 | 134k|  1 |  34k|  15 | 0.000000e+00 |      --      |    Inf |  70.27%
 2409s| 41500 |   861 | 23412k| 563.9 |   268M |  38 |1166 |5049 |4129 | 134k|  0 |  34k|  15 | 0.000000e+00 |      --      |    Inf |  70.27%
 2416s| 41600 |   869 | 23469k| 563.9 |   269M |  38 |1166 |5059 |3978 | 134k|  1 |  34k|  15 | 0.000000e+00 |      --      |    Inf |  70.28%
 2419s| 41700 |   879 | 23500k| 563.3 |   269M |  38 |1166 |5074 |3979 | 134k|  1 |  34k|  15 | 0.000000e+00 |      --      |    Inf |  70.28%
 2422s| 41800 |   880 | 23527k| 562.6 |   269M |  38 |1166 |5081 |3980 | 134k|  0 |  34k|  15 | 0.000000e+00 |      --      |    Inf |  70.28%
 2426s| 41900 |   864 | 23560k| 562.0 |   269M |  38 |1166 |5098 |3929 | 134k|  1 |  34k|  15 | 0.000000e+00 |      --      |    Inf |  70.28%
 2433s| 42000 |   862 | 23624k| 562.2 |   269M |  38 |1166 |5086 |3990 | 134k|  0 |  34k|  15 | 0.000000e+00 |      --      |    Inf |  70.29%
 2443s| 42100 |   868 | 23693k| 562.5 |   269M |  38 |1166 |5108 |3964 | 134k|  1 |  34k|  15 | 0.000000e+00 |      --      |    Inf |  70.29%
 2454s| 42200 |   870 | 23770k| 563.0 |   269M |  38 |1166 |5070 |3931 | 134k|  2 |  34k|  15 | 0.000000e+00 |      --      |    Inf |  70.33%
 time | node  | left  |LP iter|LP it/n|mem/heur|mdpt |vars |cons |rows |cuts |sepa|confs|strbr|  dualbound   | primalbound  |  gap   | compl. 
 2464s| 42300 |   870 | 23842k| 563.3 |   269M |  38 |1166 |5105 |3645 | 135k|  1 |  34k|  15 | 0.000000e+00 |      --      |    Inf |  70.33%
 2474s| 42400 |   874 | 23906k| 563.5 |   269M |  38 |1166 |5108 |2985 | 135k|  2 |  34k|  15 | 0.000000e+00 |      --      |    Inf |  70.34%
 2484s| 42500 |   869 | 23975k| 563.8 |   269M |  38 |1166 |5178 |3638 | 135k|  2 |  34k|  15 | 0.000000e+00 |      --      |    Inf |  70.35%
 2495s| 42600 |   868 | 24045k| 564.2 |   269M |  38 |1166 |5241 |3294 | 135k|  0 |  35k|  15 | 0.000000e+00 |      --      |    Inf |  70.36%
 2507s| 42700 |   871 | 24130k| 564.8 |   270M |  38 |1166 |5250 |4023 | 136k|  2 |  35k|  15 | 0.000000e+00 |      --      |    Inf |  70.38%
 2519s| 42800 |   879 | 24210k| 565.4 |   270M |  38 |1166 |5224 |3892 | 136k|  1 |  35k|  15 | 0.000000e+00 |      --      |    Inf |  70.40%
 2531s| 42900 |   870 | 24292k| 566.0 |   270M |  38 |1166 |5218 |3896 | 136k|  0 |  35k|  15 | 0.000000e+00 |      --      |    Inf |  70.43%
 2541s| 43000 |   877 | 24356k| 566.1 |   270M |  38 |1166 |5279 |3965 | 136k|  0 |  35k|  15 | 0.000000e+00 |      --      |    Inf |  70.45%
 2553s| 43100 |   877 | 24434k| 566.6 |   270M |  38 |1166 |5159 |2751 | 137k|  2 |  35k|  15 | 0.000000e+00 |      --      |    Inf |  70.46%
 2571s| 43200 |   888 | 24562k| 568.3 |   270M |  38 |1166 |5145 |3817 | 138k|  2 |  35k|  15 | 0.000000e+00 |      --      |    Inf |  70.54%
 2582s| 43300 |   886 | 24630k| 568.5 |   270M |  38 |1166 |5234 |4025 | 138k|  0 |  35k|  15 | 0.000000e+00 |      --      |    Inf |  70.59%
 2592s| 43400 |   886 | 24699k| 568.8 |   270M |  38 |1166 |5279 |3915 | 138k|  1 |  36k|  15 | 0.000000e+00 |      --      |    Inf |  70.62%
 2602s| 43500 |   882 | 24764k| 569.0 |   270M |  38 |1166 |5286 |4067 | 138k|  1 |  36k|  15 | 0.000000e+00 |      --      |    Inf |  70.62%
 2611s| 43600 |   885 | 24828k| 569.2 |   270M |  38 |1166 |5286 |3914 | 138k|  1 |  36k|  15 | 0.000000e+00 |      --      |    Inf |  70.63%
 2618s| 43700 |   889 | 24882k| 569.1 |   270M |  38 |1166 |5327 |3923 | 138k|  0 |  36k|  15 | 0.000000e+00 |      --      |    Inf |  70.63%
 time | node  | left  |LP iter|LP it/n|mem/heur|mdpt |vars |cons |rows |cuts |sepa|confs|strbr|  dualbound   | primalbound  |  gap   | compl. 
 2625s| 43800 |   887 | 24931k| 568.9 |   270M |  38 |1166 |5366 |3920 | 138k|  1 |  36k|  15 | 0.000000e+00 |      --      |    Inf |  70.63%
 2631s| 43900 |   884 | 24972k| 568.6 |   270M |  38 |1166 |5417 |3920 | 138k|  1 |  36k|  15 | 0.000000e+00 |      --      |    Inf |  70.63%
 2636s| 44000 |   879 | 25011k| 568.1 |   270M |  38 |1166 |5453 |3922 | 138k|  0 |  36k|  15 | 0.000000e+00 |      --      |    Inf |  70.63%
 2643s| 44100 |   879 | 25063k| 568.0 |   270M |  38 |1166 |5443 |3894 | 138k|  0 |  36k|  15 | 0.000000e+00 |      --      |    Inf |  70.64%
 2653s| 44200 |   893 | 25133k| 568.3 |   271M |  38 |1166 |5423 |3974 | 138k|  1 |  36k|  15 | 0.000000e+00 |      --      |    Inf |  70.67%
 2666s| 44300 |   884 | 25219k| 569.0 |   271M |  38 |1166 |5552 |4008 | 138k|  0 |  36k|  15 | 0.000000e+00 |      --      |    Inf |  70.68%
 2678s| 44400 |   877 | 25303k| 569.6 |   271M |  38 |1166 |5579 |3931 | 138k|  0 |  36k|  15 | 0.000000e+00 |      --      |    Inf |  70.84%
 2686s| 44500 |   887 | 25359k| 569.6 |   271M |  38 |1166 |5576 |4030 | 139k|  1 |  36k|  15 | 0.000000e+00 |      --      |    Inf |  70.84%
 2691s| 44600 |   881 | 25401k| 569.3 |   271M |  38 |1166 |5549 |2941 | 139k|  2 |  36k|  15 | 0.000000e+00 |      --      |    Inf |  70.87%
 2699s| 44700 |   883 | 25463k| 569.4 |   271M |  38 |1166 |5529 |3880 | 139k|  0 |  37k|  15 | 0.000000e+00 |      --      |    Inf |  70.88%
 2707s| 44800 |   887 | 25518k| 569.3 |   271M |  38 |1166 |5527 |3546 | 139k|  2 |  37k|  15 | 0.000000e+00 |      --      |    Inf |  70.88%
 2719s| 44900 |   883 | 25600k| 569.9 |   271M |  38 |1166 |5716 |3559 | 140k|  0 |  37k|  15 | 0.000000e+00 |      --      |    Inf |  70.89%
 2728s| 45000 |   879 | 25666k| 570.1 |   271M |  38 |1166 |5522 |3987 | 140k|  1 |  37k|  15 | 0.000000e+00 |      --      |    Inf |  71.30%
 2736s| 45100 |   882 | 25729k| 570.2 |   271M |  38 |1166 |5382 |3676 | 140k|  2 |  37k|  15 | 0.000000e+00 |      --      |    Inf |  71.34%
 2744s| 45200 |   884 | 25797k| 570.5 |   271M |  38 |1166 |5394 |3752 | 140k|  1 |  37k|  15 | 0.000000e+00 |      --      |    Inf |  71.36%
 time | node  | left  |LP iter|LP it/n|mem/heur|mdpt |vars |cons |rows |cuts |sepa|confs|strbr|  dualbound   | primalbound  |  gap   | compl. 
 2750s| 45300 |   879 | 25849k| 570.4 |   271M |  38 |1166 |5443 |3632 | 140k|  2 |  37k|  15 | 0.000000e+00 |      --      |    Inf |  71.36%
 2757s| 45400 |   873 | 25909k| 570.4 |   271M |  38 |1166 |5482 |3992 | 140k|  0 |  37k|  15 | 0.000000e+00 |      --      |    Inf |  71.37%
 2765s| 45500 |   879 | 25970k| 570.5 |   271M |  38 |1166 |5433 |3272 | 141k|  2 |  37k|  15 | 0.000000e+00 |      --      |    Inf |  71.38%
 2771s| 45600 |   879 | 26021k| 570.4 |   271M |  38 |1166 |5434 |2820 | 141k|  2 |  37k|  15 | 0.000000e+00 |      --      |    Inf |  71.38%
 2780s| 45700 |   889 | 26094k| 570.7 |   272M |  38 |1166 |5435 |3590 | 141k|  2 |  37k|  15 | 0.000000e+00 |      --      |    Inf |  71.40%
 2786s| 45800 |   899 | 26153k| 570.8 |   272M |  38 |1166 |5437 |3099 | 142k|  1 |  37k|  15 | 0.000000e+00 |      --      |    Inf |  71.41%
 2795s| 45900 |   916 | 26225k| 571.1 |   272M |  38 |1166 |5463 |3087 | 142k|  2 |  38k|  15 | 0.000000e+00 |      --      |    Inf |  71.42%
 2801s| 46000 |   899 | 26283k| 571.1 |   273M |  38 |1166 |5466 |4017 | 142k|  0 |  38k|  15 | 0.000000e+00 |      --      |    Inf |  71.43%
 2808s| 46100 |   904 | 26338k| 571.1 |   273M |  38 |1166 |5502 |4049 | 142k|  1 |  38k|  15 | 0.000000e+00 |      --      |    Inf |  71.45%
 2816s| 46200 |   892 | 26393k| 571.0 |   273M |  38 |1166 |5465 |4016 | 143k|  0 |  38k|  15 | 0.000000e+00 |      --      |    Inf |  71.47%
 2825s| 46300 |   892 | 26459k| 571.2 |   274M |  38 |1166 |5494 |4013 | 143k|  0 |  38k|  15 | 0.000000e+00 |      --      |    Inf |  71.48%
 2830s| 46400 |   890 | 26507k| 571.0 |   274M |  38 |1166 |5535 |4033 | 143k|  0 |  38k|  15 | 0.000000e+00 |      --      |    Inf |  71.49%
 2834s| 46500 |   890 | 26549k| 570.7 |   274M |  38 |1166 |5512 |4020 | 143k|  1 |  38k|  15 | 0.000000e+00 |      --      |    Inf |  71.50%
 2837s| 46600 |   898 | 26579k| 570.1 |   274M |  38 |1166 |5531 |4023 | 143k|  1 |  38k|  15 | 0.000000e+00 |      --      |    Inf |  71.50%
 2841s| 46700 |   884 | 26623k| 569.8 |   274M |  38 |1166 |5542 |4017 | 143k|  2 |  38k|  15 | 0.000000e+00 |      --      |    Inf |  71.50%
 time | node  | left  |LP iter|LP it/n|mem/heur|mdpt |vars |cons |rows |cuts |sepa|confs|strbr|  dualbound   | primalbound  |  gap   | compl. 
 2846s| 46800 |   879 | 26674k| 569.7 |   274M |  38 |1166 |5514 |3063 | 143k|  0 |  38k|  15 | 0.000000e+00 |      --      |    Inf |  71.51%
 2852s| 46900 |   885 | 26743k| 570.0 |   275M |  38 |1166 |5469 |2958 | 144k|  0 |  38k|  15 | 0.000000e+00 |      --      |    Inf |  71.52%
 2857s| 47000 |   884 | 26801k| 570.0 |   275M |  38 |1166 |5493 |3986 | 144k|  0 |  38k|  15 | 0.000000e+00 |      --      |    Inf |  71.55%
 2863s| 47100 |   891 | 26865k| 570.1 |   275M |  38 |1166 |5508 |2958 | 144k|  2 |  38k|  15 | 0.000000e+00 |      --      |    Inf |  71.56%
 2868s| 47200 |   892 | 26919k| 570.1 |   275M |  38 |1166 |5369 |4025 | 144k|  1 |  38k|  15 | 0.000000e+00 |      --      |    Inf |  71.57%
 2873s| 47300 |   885 | 26977k| 570.1 |   276M |  38 |1166 |5302 |4024 | 144k|  1 |  38k|  15 | 0.000000e+00 |      --      |    Inf |  71.60%
 2879s| 47400 |   881 | 27038k| 570.2 |   276M |  38 |1166 |5293 |3479 | 145k|  2 |  39k|  15 | 0.000000e+00 |      --      |    Inf |  71.67%
 2884s| 47500 |   885 | 27102k| 570.3 |   276M |  38 |1166 |5335 |3168 | 145k|  0 |  39k|  15 | 0.000000e+00 |      --      |    Inf |  71.68%
 2892s| 47600 |   879 | 27187k| 570.9 |   277M |  38 |1166 |5493 |4041 | 145k|  2 |  39k|  15 | 0.000000e+00 |      --      |    Inf |  71.81%
 2896s| 47700 |   876 | 27232k| 570.7 |   277M |  38 |1166 |5522 |4026 | 145k|  1 |  39k|  15 | 0.000000e+00 |      --      |    Inf |  71.81%
 2903s| 47800 |   873 | 27280k| 570.5 |   277M |  38 |1166 |5581 |4017 | 146k|  0 |  39k|  15 | 0.000000e+00 |      --      |    Inf |  71.82%
 2911s| 47900 |   867 | 27339k| 570.5 |   277M |  38 |1166 |5604 |4102 | 146k|  0 |  39k|  15 | 0.000000e+00 |      --      |    Inf |  71.82%
 2918s| 48000 |   877 | 27386k| 570.3 |   277M |  38 |1166 |5575 |2917 | 146k|  2 |  39k|  15 | 0.000000e+00 |      --      |    Inf |  71.83%
 2926s| 48100 |   885 | 27440k| 570.2 |   277M |  38 |1166 |5512 |3715 | 146k|  0 |  39k|  15 | 0.000000e+00 |      --      |    Inf |  71.85%
 2933s| 48200 |   883 | 27484k| 570.0 |   277M |  38 |1166 |5530 |3962 | 146k|  1 |  39k|  15 | 0.000000e+00 |      --      |    Inf |  71.86%
 time | node  | left  |LP iter|LP it/n|mem/heur|mdpt |vars |cons |rows |cuts |sepa|confs|strbr|  dualbound   | primalbound  |  gap   | compl. 
 2941s| 48300 |   869 | 27544k| 570.0 |   277M |  38 |1166 |5501 |3725 | 146k|  0 |  39k|  15 | 0.000000e+00 |      --      |    Inf |  71.86%
 2946s| 48400 |   874 | 27580k| 569.6 |   277M |  38 |1166 |5553 |4104 | 146k|  1 |  39k|  15 | 0.000000e+00 |      --      |    Inf |  71.86%
 2952s| 48500 |   865 | 27623k| 569.3 |   277M |  38 |1166 |5464 |4036 | 146k|  0 |  39k|  15 | 0.000000e+00 |      --      |    Inf |  72.02%
 2960s| 48600 |   861 | 27692k| 569.6 |   277M |  38 |1166 |5379 |3553 | 147k|  0 |  40k|  15 | 0.000000e+00 |      --      |    Inf |  72.05%
 2967s| 48700 |   863 | 27761k| 569.8 |   278M |  38 |1166 |5325 |3817 | 147k|  1 |  40k|  15 | 0.000000e+00 |      --      |    Inf |  72.25%
 2976s| 48800 |   854 | 27831k| 570.1 |   279M |  38 |1166 |5331 |4040 | 147k|  0 |  40k|  15 | 0.000000e+00 |      --      |    Inf |  72.43%
 2984s| 48900 |   858 | 27886k| 570.0 |   279M |  38 |1166 |5301 |4081 | 147k|  2 |  40k|  15 | 0.000000e+00 |      --      |    Inf |  72.46%
 2993s| 49000 |   869 | 27943k| 570.0 |   279M |  38 |1166 |5357 |4040 | 147k|  1 |  40k|  15 | 0.000000e+00 |      --      |    Inf |  72.46%
 3005s| 49100 |   867 | 28029k| 570.6 |   280M |  38 |1166 |5341 |3876 | 147k|  0 |  40k|  15 | 0.000000e+00 |      --      |    Inf |  72.47%
 3021s| 49200 |   877 | 28135k| 571.6 |   280M |  38 |1166 |5343 |3949 | 147k|  1 |  40k|  15 | 0.000000e+00 |      --      |    Inf |  72.48%
 3032s| 49300 |   871 | 28205k| 571.9 |   280M |  38 |1166 |5351 |4095 | 147k|  1 |  40k|  15 | 0.000000e+00 |      --      |    Inf |  72.50%
 3042s| 49400 |   865 | 28280k| 572.2 |   280M |  38 |1166 |5306 |3568 | 148k|  0 |  40k|  15 | 0.000000e+00 |      --      |    Inf |  72.50%
 3054s| 49500 |   859 | 28358k| 572.6 |   280M |  38 |1166 |5238 |4005 | 148k|  0 |  40k|  15 | 0.000000e+00 |      --      |    Inf |  72.51%
 3067s| 49600 |   872 | 28446k| 573.3 |   280M |  38 |1166 |5254 |3915 | 148k|  0 |  40k|  15 | 0.000000e+00 |      --      |    Inf |  72.53%
 3076s| 49700 |   870 | 28508k| 573.4 |   280M |  38 |1166 |5301 |3991 | 148k|  0 |  40k|  15 | 0.000000e+00 |      --      |    Inf |  72.53%
 time | node  | left  |LP iter|LP it/n|mem/heur|mdpt |vars |cons |rows |cuts |sepa|confs|strbr|  dualbound   | primalbound  |  gap   | compl. 
 3088s| 49800 |   868 | 28594k| 573.9 |   280M |  38 |1166 |5312 |4006 | 149k|  1 |  41k|  15 | 0.000000e+00 |      --      |    Inf |  72.59%
 3099s| 49900 |   861 | 28669k| 574.3 |   280M |  38 |1166 |5284 |4020 | 149k|  1 |  41k|  15 | 0.000000e+00 |      --      |    Inf |  72.63%
 3108s| 50000 |   848 | 28734k| 574.4 |   280M |  38 |1166 |5216 |2917 | 149k|  2 |  41k|  15 | 0.000000e+00 |      --      |    Inf |  72.73%
 3118s| 50100 |   846 | 28804k| 574.7 |   280M |  38 |1166 |5286 |3837 | 149k|  1 |  41k|  15 | 0.000000e+00 |      --      |    Inf |  72.73%
 3130s| 50200 |   843 | 28887k| 575.2 |   280M |  38 |1166 |5260 |3256 | 149k|  2 |  41k|  15 | 0.000000e+00 |      --      |    Inf |  72.78%
 3144s| 50300 |   849 | 28992k| 576.1 |   280M |  38 |1166 |5303 |3356 | 150k|  2 |  41k|  15 | 0.000000e+00 |      --      |    Inf |  72.78%
 3159s| 50400 |   847 | 29100k| 577.1 |   280M |  38 |1166 |5362 |3283 | 150k|  0 |  41k|  15 | 0.000000e+00 |      --      |    Inf |  72.79%
 3172s| 50500 |   835 | 29192k| 577.8 |   280M |  38 |1166 |5377 |3918 | 151k|  0 |  41k|  15 | 0.000000e+00 |      --      |    Inf |  72.82%
 3188s| 50600 |   838 | 29287k| 578.5 |   281M |  38 |1166 |5392 |4101 | 151k|  0 |  41k|  15 | 0.000000e+00 |      --      |    Inf |  72.86%
 3196s| 50700 |   834 | 29341k| 578.5 |   281M |  38 |1166 |5357 |4103 | 151k|  0 |  41k|  15 | 0.000000e+00 |      --      |    Inf |  72.87%
 3209s| 50800 |   833 | 29425k| 579.0 |   281M |  38 |1166 |5368 |4049 | 151k|  1 |  41k|  15 | 0.000000e+00 |      --      |    Inf |  72.89%
 3221s| 50900 |   831 | 29510k| 579.5 |   281M |  38 |1166 |5430 |3529 | 151k|  2 |  41k|  15 | 0.000000e+00 |      --      |    Inf |  72.93%
 3237s| 51000 |   849 | 29616k| 580.5 |   282M |  38 |1166 |5592 |3537 | 152k|  2 |  42k|  15 | 0.000000e+00 |      --      |    Inf |  72.96%
 3249s| 51100 |   851 | 29703k| 581.0 |   282M |  38 |1166 |5759 |3545 | 152k|  0 |  42k|  15 | 0.000000e+00 |      --      |    Inf |  72.96%
 3259s| 51200 |   845 | 29771k| 581.2 |   282M |  38 |1166 |5933 |3547 | 152k|  0 |  42k|  15 | 0.000000e+00 |      --      |    Inf |  72.96%
 time | node  | left  |LP iter|LP it/n|mem/heur|mdpt |vars |cons |rows |cuts |sepa|confs|strbr|  dualbound   | primalbound  |  gap   | compl. 
 3273s| 51300 |   831 | 29874k| 582.1 |   282M |  38 |1166 |5987 |3518 | 152k|  0 |  42k|  15 | 0.000000e+00 |      --      |    Inf |  73.00%
 3287s| 51400 |   825 | 29969k| 582.8 |   282M |  38 |1166 |6021 |3284 | 152k|  0 |  43k|  15 | 0.000000e+00 |      --      |    Inf |  73.09%
 3293s| 51500 |   821 | 30016k| 582.6 |   282M |  38 |1166 |6047 |3585 | 152k|  2 |  43k|  15 | 0.000000e+00 |      --      |    Inf |  73.09%
 3300s| 51600 |   821 | 30067k| 582.5 |   282M |  38 |1166 |6039 |3143 | 153k|  2 |  43k|  15 | 0.000000e+00 |      --      |    Inf |  73.13%
 3304s| 51700 |   814 | 30098k| 581.9 |   282M |  38 |1166 |6040 |3727 | 153k|  1 |  43k|  15 | 0.000000e+00 |      --      |    Inf |  73.14%
 3311s| 51800 |   818 | 30142k| 581.7 |   282M |  38 |1166 |5993 |3921 | 153k|  2 |  43k|  15 | 0.000000e+00 |      --      |    Inf |  73.14%
 3318s| 51900 |   814 | 30194k| 581.5 |   282M |  38 |1166 |6021 |3715 | 153k|  0 |  43k|  15 | 0.000000e+00 |      --      |    Inf |  73.16%
 3326s| 52000 |   805 | 30249k| 581.5 |   282M |  38 |1166 |6050 |3910 | 153k|  1 |  43k|  15 | 0.000000e+00 |      --      |    Inf |  73.16%
 3332s| 52100 |   828 | 30286k| 581.1 |   282M |  38 |1166 |6015 |3912 | 153k|  1 |  43k|  15 | 0.000000e+00 |      --      |    Inf |  73.17%
 3335s| 52200 |   816 | 30320k| 580.6 |   282M |  38 |1166 |6043 |3912 | 153k|  0 |  43k|  15 | 0.000000e+00 |      --      |    Inf |  73.18%
 3340s| 52300 |   818 | 30360k| 580.3 |   282M |  38 |1166 |6061 |4050 | 153k|  1 |  43k|  15 | 0.000000e+00 |      --      |    Inf |  73.18%
 3345s| 52400 |   811 | 30407k| 580.1 |   282M |  38 |1166 |6019 |4065 | 153k|  2 |  43k|  15 | 0.000000e+00 |      --      |    Inf |  73.18%
 3349s| 52500 |   810 | 30454k| 579.9 |   282M |  38 |1166 |6027 |3565 | 153k|  1 |  43k|  15 | 0.000000e+00 |      --      |    Inf |  73.21%
 3354s| 52600 |   804 | 30505k| 579.7 |   283M |  38 |1166 |5946 |4024 | 153k|  2 |  43k|  15 | 0.000000e+00 |      --      |    Inf |  73.26%
 3358s| 52700 |   810 | 30552k| 579.5 |   283M |  38 |1166 |5935 |4024 | 153k|  0 |  43k|  15 | 0.000000e+00 |      --      |    Inf |  73.28%
 time | node  | left  |LP iter|LP it/n|mem/heur|mdpt |vars |cons |rows |cuts |sepa|confs|strbr|  dualbound   | primalbound  |  gap   | compl. 
 3362s| 52800 |   812 | 30596k| 579.2 |   283M |  38 |1166 |5981 |4024 | 153k|  1 |  43k|  15 | 0.000000e+00 |      --      |    Inf |  73.29%
 3366s| 52900 |   823 | 30635k| 578.9 |   283M |  38 |1166 |6004 |4024 | 153k|  0 |  43k|  15 | 0.000000e+00 |      --      |    Inf |  73.30%
 3369s| 53000 |   814 | 30674k| 578.5 |   283M |  38 |1166 |6023 |4035 | 153k|  1 |  43k|  15 | 0.000000e+00 |      --      |    Inf |  73.31%
 3375s| 53100 |   812 | 30733k| 578.5 |   283M |  38 |1166 |5999 |2944 | 154k|  2 |  43k|  15 | 0.000000e+00 |      --      |    Inf |  73.32%
 3381s| 53200 |   810 | 30786k| 578.5 |   284M |  38 |1166 |6041 |3938 | 154k|  1 |  43k|  15 | 0.000000e+00 |      --      |    Inf |  73.33%
 3389s| 53300 |   815 | 30838k| 578.4 |   284M |  38 |1166 |5923 |4024 | 154k|  1 |  44k|  15 | 0.000000e+00 |      --      |    Inf |  73.36%
 3396s| 53400 |   817 | 30892k| 578.3 |   284M |  38 |1166 |5952 |4028 | 154k|  1 |  44k|  15 | 0.000000e+00 |      --      |    Inf |  73.37%
 3401s| 53500 |   833 | 30929k| 577.9 |   284M |  38 |1166 |5993 |4026 | 154k|  0 |  44k|  15 | 0.000000e+00 |      --      |    Inf |  73.37%
 3405s| 53600 |   833 | 30956k| 577.3 |   284M |  38 |1166 |6004 |4027 | 154k|  1 |  44k|  15 | 0.000000e+00 |      --      |    Inf |  73.37%
 3410s| 53700 |   822 | 30996k| 577.0 |   284M |  38 |1166 |6060 |4029 | 154k|  0 |  44k|  15 | 0.000000e+00 |      --      |    Inf |  73.38%
 3417s| 53800 |   818 | 31044k| 576.8 |   284M |  38 |1166 |6114 |4024 | 155k|  0 |  44k|  15 | 0.000000e+00 |      --      |    Inf |  73.38%
 3423s| 53900 |   816 | 31093k| 576.6 |   284M |  38 |1166 |6148 |4027 | 155k|  1 |  44k|  15 | 0.000000e+00 |      --      |    Inf |  73.38%
 3431s| 54000 |   822 | 31146k| 576.6 |   284M |  38 |1166 |6184 |4033 | 155k|  1 |  44k|  15 | 0.000000e+00 |      --      |    Inf |  73.39%
 3441s| 54100 |   814 | 31214k| 576.7 |   285M |  38 |1166 |6148 |4087 | 155k|  0 |  44k|  15 | 0.000000e+00 |      --      |    Inf |  73.41%
 3450s| 54200 |   824 | 31273k| 576.8 |   285M |  38 |1166 |6114 |2925 | 155k|  2 |  44k|  15 | 0.000000e+00 |      --      |    Inf |  73.43%
 time | node  | left  |LP iter|LP it/n|mem/heur|mdpt |vars |cons |rows |cuts |sepa|confs|strbr|  dualbound   | primalbound  |  gap   | compl. 
 3456s| 54300 |   816 | 31319k| 576.6 |   285M |  38 |1166 |6117 |3613 | 155k|  0 |  44k|  15 | 0.000000e+00 |      --      |    Inf |  73.43%
 3465s| 54400 |   811 | 31383k| 576.7 |   285M |  38 |1166 |6025 |3936 | 155k|  0 |  44k|  15 | 0.000000e+00 |      --      |    Inf |  73.48%
 3472s| 54500 |   805 | 31435k| 576.6 |   285M |  38 |1166 |6028 |4119 | 155k|  0 |  44k|  15 | 0.000000e+00 |      --      |    Inf |  73.48%
 3480s| 54600 |   814 | 31489k| 576.5 |   285M |  38 |1166 |5983 |3396 | 156k|  2 |  44k|  15 | 0.000000e+00 |      --      |    Inf |  73.49%
 3485s| 54700 |   816 | 31533k| 576.3 |   285M |  38 |1166 |6015 |3484 | 156k|  2 |  44k|  15 | 0.000000e+00 |      --      |    Inf |  73.49%
 3492s| 54800 |   812 | 31584k| 576.1 |   285M |  38 |1166 |6042 |3504 | 157k|  0 |  44k|  15 | 0.000000e+00 |      --      |    Inf |  73.49%
 3500s| 54900 |   813 | 31648k| 576.3 |   285M |  38 |1166 |6081 |3471 | 157k|  2 |  44k|  15 | 0.000000e+00 |      --      |    Inf |  73.49%
 3512s| 55000 |   810 | 31720k| 576.5 |   285M |  38 |1166 |6111 |3446 | 158k|  2 |  44k|  15 | 0.000000e+00 |      --      |    Inf |  73.50%
 3522s| 55100 |   812 | 31807k| 577.1 |   285M |  38 |1166 |6116 |   0 | 158k|  0 |  45k|  15 | 0.000000e+00 |      --      |    Inf |  73.52%
 3531s| 55200 |   816 | 31879k| 577.3 |   285M |  38 |1166 |6150 |4081 | 158k|  1 |  45k|  15 | 0.000000e+00 |      --      |    Inf |  73.54%
 3538s| 55300 |   805 | 31938k| 577.3 |   285M |  38 |1166 |6199 |4025 | 158k|  1 |  45k|  15 | 0.000000e+00 |      --      |    Inf |  73.56%
 3545s| 55400 |   799 | 32001k| 577.4 |   285M |  38 |1166 |6201 |3013 | 159k|  0 |  45k|  15 | 0.000000e+00 |      --      |    Inf |  73.57%
 3552s| 55500 |   801 | 32056k| 577.4 |   285M |  38 |1166 |6115 |4032 | 159k|  1 |  45k|  15 | 0.000000e+00 |      --      |    Inf |  73.57%
 3557s| 55600 |   803 | 32100k| 577.1 |   285M |  38 |1166 |6126 |4034 | 159k|  1 |  45k|  15 | 0.000000e+00 |      --      |    Inf |  73.57%
 3562s| 55700 |   803 | 32144k| 576.9 |   285M |  38 |1166 |6171 |4025 | 159k|  0 |  45k|  15 | 0.000000e+00 |      --      |    Inf |  73.57%
 time | node  | left  |LP iter|LP it/n|mem/heur|mdpt |vars |cons |rows |cuts |sepa|confs|strbr|  dualbound   | primalbound  |  gap   | compl. 
 3568s| 55800 |   812 | 32197k| 576.8 |   285M |  38 |1166 |6134 |3747 | 159k|  2 |  45k|  15 | 0.000000e+00 |      --      |    Inf |  73.59%
 3574s| 55900 |   810 | 32245k| 576.6 |   285M |  38 |1166 |6150 |3753 | 159k|  0 |  45k|  15 | 0.000000e+00 |      --      |    Inf |  73.59%
 3582s| 56000 |   822 | 32306k| 576.7 |   286M |  38 |1166 |6107 |4022 | 159k|  1 |  45k|  15 | 0.000000e+00 |      --      |    Inf |  73.79%
 3585s| 56100 |   832 | 32340k| 576.3 |   286M |  38 |1166 |6140 |4022 | 159k|  1 |  45k|  15 | 0.000000e+00 |      --      |    Inf |  73.79%
 3589s| 56200 |   848 | 32375k| 575.9 |   286M |  38 |1166 |6172 |4022 | 159k|  1 |  45k|  15 | 0.000000e+00 |      --      |    Inf |  73.79%
 3595s| 56300 |   852 | 32418k| 575.6 |   286M |  38 |1166 |6219 |4029 | 159k|  1 |  45k|  15 | 0.000000e+00 |      --      |    Inf |  73.80%
 3601s| 56400 |   868 | 32467k| 575.4 |   286M |  38 |1166 |6249 |4030 | 159k|  0 |  45k|  15 | 0.000000e+00 |      --      |    Inf |  73.80%
 3606s| 56500 |   850 | 32507k| 575.1 |   286M |  38 |1166 |6281 |4026 | 159k|  0 |  45k|  15 | 0.000000e+00 |      --      |    Inf |  73.80%
 3612s| 56600 |   844 | 32557k| 575.0 |   286M |  38 |1166 |6299 |4038 | 159k|  1 |  45k|  15 | 0.000000e+00 |      --      |    Inf |  73.81%
 3617s| 56700 |   833 | 32596k| 574.7 |   286M |  38 |1166 |6317 |4026 | 159k|  1 |  45k|  15 | 0.000000e+00 |      --      |    Inf |  73.82%
 3623s| 56800 |   832 | 32644k| 574.5 |   286M |  38 |1166 |6368 |4022 | 159k|  0 |  46k|  15 | 0.000000e+00 |      --      |    Inf |  73.82%
 3628s| 56900 |   840 | 32693k| 574.4 |   286M |  38 |1166 |6401 |4028 | 159k|  0 |  46k|  15 | 0.000000e+00 |      --      |    Inf |  73.82%
 3633s| 57000 |   848 | 32735k| 574.1 |   287M |  38 |1166 |6431 |4023 | 159k|  1 |  46k|  15 | 0.000000e+00 |      --      |    Inf |  73.82%
 3639s| 57100 |   851 | 32785k| 574.0 |   287M |  38 |1166 |6463 |4023 | 159k|  0 |  46k|  15 | 0.000000e+00 |      --      |    Inf |  73.82%
 3644s| 57200 |   850 | 32824k| 573.6 |   287M |  38 |1166 |6495 |4027 | 159k|  1 |  46k|  15 | 0.000000e+00 |      --      |    Inf |  73.82%
 time | node  | left  |LP iter|LP it/n|mem/heur|mdpt |vars |cons |rows |cuts |sepa|confs|strbr|  dualbound   | primalbound  |  gap   | compl. 
 3649s| 57300 |   838 | 32863k| 573.3 |   287M |  38 |1166 |6538 |4042 | 159k|  1 |  46k|  15 | 0.000000e+00 |      --      |    Inf |  73.83%
 3655s| 57400 |   840 | 32913k| 573.2 |   287M |  38 |1166 |6607 |4022 | 159k|  0 |  46k|  15 | 0.000000e+00 |      --      |    Inf |  73.83%
 3661s| 57500 |   832 | 32963k| 573.1 |   287M |  38 |1166 |6651 |4029 | 159k|  1 |  46k|  15 | 0.000000e+00 |      --      |    Inf |  73.83%
 3667s| 57600 |   831 | 33010k| 572.9 |   287M |  38 |1166 |6687 |4022 | 159k|  0 |  46k|  15 | 0.000000e+00 |      --      |    Inf |  73.83%
 3673s| 57700 |   827 | 33059k| 572.7 |   287M |  38 |1166 |6709 |4022 | 159k|  0 |  46k|  15 | 0.000000e+00 |      --      |    Inf |  73.83%
 3678s| 57800 |   830 | 33098k| 572.4 |   287M |  38 |1166 |6738 |4022 | 159k|  0 |  46k|  15 | 0.000000e+00 |      --      |    Inf |  73.83%
 3684s| 57900 |   822 | 33150k| 572.3 |   287M |  38 |1166 |6752 |4022 | 159k|  1 |  46k|  15 | 0.000000e+00 |      --      |    Inf |  73.83%
 3690s| 58000 |   805 | 33201k| 572.2 |   287M |  38 |1166 |6774 |4037 | 159k|  1 |  46k|  15 | 0.000000e+00 |      --      |    Inf |  73.84%
 3699s| 58100 |   801 | 33265k| 572.3 |   287M |  38 |1166 |6757 |3977 | 159k|  1 |  46k|  15 | 0.000000e+00 |      --      |    Inf |  73.85%
 3705s| 58200 |   812 | 33316k| 572.2 |   287M |  38 |1166 |6782 |3983 | 160k|  0 |  46k|  15 | 0.000000e+00 |      --      |    Inf |  73.85%
 3712s| 58300 |   801 | 33373k| 572.2 |   287M |  38 |1166 |6790 |4038 | 160k|  0 |  46k|  15 | 0.000000e+00 |      --      |    Inf |  73.85%
 3719s| 58400 |   809 | 33427k| 572.2 |   287M |  38 |1166 |6801 |4041 | 160k|  1 |  46k|  15 | 0.000000e+00 |      --      |    Inf |  73.85%
 3728s| 58500 |   804 | 33498k| 572.4 |   287M |  38 |1166 |6788 |4064 | 160k|  2 |  46k|  15 | 0.000000e+00 |      --      |    Inf |  73.86%
 3735s| 58600 |   818 | 33551k| 572.3 |   287M |  38 |1166 |6721 |3984 | 160k|  0 |  47k|  15 | 0.000000e+00 |      --      |    Inf |  73.86%
 3739s| 58700 |   814 | 33586k| 572.0 |   287M |  38 |1166 |6752 |3984 | 160k|  1 |  47k|  15 | 0.000000e+00 |      --      |    Inf |  73.86%
 time | node  | left  |LP iter|LP it/n|mem/heur|mdpt |vars |cons |rows |cuts |sepa|confs|strbr|  dualbound   | primalbound  |  gap   | compl. 
 3742s| 58800 |   806 | 33619k| 571.5 |   287M |  38 |1166 |6739 |4089 | 160k|  0 |  47k|  15 | 0.000000e+00 |      --      |    Inf |  73.86%
 3748s| 58900 |   802 | 33674k| 571.5 |   287M |  38 |1166 |6718 |4130 | 160k|  0 |  47k|  15 | 0.000000e+00 |      --      |    Inf |  73.87%
 3751s| 59000 |   804 | 33713k| 571.2 |   287M |  38 |1166 |6676 |3995 | 160k|  1 |  47k|  15 | 0.000000e+00 |      --      |    Inf |  73.87%
 3756s| 59100 |   808 | 33767k| 571.2 |   287M |  38 |1166 |6561 |4005 | 160k|  1 |  47k|  15 | 0.000000e+00 |      --      |    Inf |  73.87%
 3760s| 59200 |   806 | 33814k| 571.0 |   287M |  38 |1166 |6543 |4075 | 160k|  0 |  47k|  15 | 0.000000e+00 |      --      |    Inf |  73.88%
 3766s| 59300 |   804 | 33874k| 571.0 |   287M |  38 |1166 |6529 |4075 | 160k|  1 |  47k|  15 | 0.000000e+00 |      --      |    Inf |  73.88%
 3769s| 59400 |   816 | 33916k| 570.8 |   287M |  38 |1166 |6560 |2865 | 160k|  0 |  47k|  15 | 0.000000e+00 |      --      |    Inf |  73.88%
 3773s| 59500 |   812 | 33962k| 570.6 |   287M |  38 |1166 |6602 |4008 | 161k|  0 |  47k|  15 | 0.000000e+00 |      --      |    Inf |  73.88%
 3776s| 59600 |   816 | 33991k| 570.1 |   287M |  38 |1166 |6647 |2887 | 161k|  0 |  47k|  15 | 0.000000e+00 |      --      |    Inf |  73.88%
 3778s| 59700 |   818 | 34027k| 569.8 |   287M |  38 |1166 |6680 |2881 | 161k|  0 |  47k|  15 | 0.000000e+00 |      --      |    Inf |  73.88%
 3781s| 59800 |   814 | 34063k| 569.4 |   287M |  38 |1166 |6685 |2951 | 162k|  2 |  47k|  15 | 0.000000e+00 |      --      |    Inf |  73.88%
 3784s| 59900 |   814 | 34097k| 569.0 |   287M |  38 |1166 |6710 |4065 | 162k|  0 |  47k|  15 | 0.000000e+00 |      --      |    Inf |  73.89%
 3787s| 60000 |   820 | 34125k| 568.6 |   287M |  38 |1166 |6661 |3215 | 162k|  0 |  47k|  15 | 0.000000e+00 |      --      |    Inf |  73.89%
 3790s| 60100 |   821 | 34163k| 568.2 |   287M |  38 |1166 |6617 |3924 | 162k|  0 |  47k|  15 | 0.000000e+00 |      --      |    Inf |  73.90%
 3793s| 60200 |   819 | 34203k| 568.0 |   287M |  38 |1166 |6617 |3922 | 162k|  1 |  47k|  15 | 0.000000e+00 |      --      |    Inf |  73.90%
 time | node  | left  |LP iter|LP it/n|mem/heur|mdpt |vars |cons |rows |cuts |sepa|confs|strbr|  dualbound   | primalbound  |  gap   | compl. 
 3797s| 60300 |   815 | 34242k| 567.7 |   287M |  38 |1166 |6649 |3921 | 162k|  0 |  47k|  15 | 0.000000e+00 |      --      |    Inf |  73.90%
 3802s| 60400 |   813 | 34299k| 567.7 |   288M |  38 |1166 |6692 |3994 | 162k|  1 |  47k|  15 | 0.000000e+00 |      --      |    Inf |  74.01%
 3807s| 60500 |   801 | 34358k| 567.7 |   288M |  38 |1166 |6649 |   0 | 163k|  0 |  47k|  15 | 0.000000e+00 |      --      |    Inf |  74.18%
 3812s| 60600 |   813 | 34417k| 567.7 |   288M |  38 |1166 |6666 |2867 | 163k|  2 |  47k|  15 | 0.000000e+00 |      --      |    Inf |  74.18%
 3817s| 60700 |   816 | 34465k| 567.6 |   288M |  38 |1166 |6742 |2893 | 164k|  2 |  48k|  15 | 0.000000e+00 |      --      |    Inf |  74.19%
 3822s| 60800 |   827 | 34507k| 567.4 |   289M |  38 |1166 |6685 |3979 | 164k|  1 |  48k|  15 | 0.000000e+00 |      --      |    Inf |  74.20%
 3826s| 60900 |   835 | 34536k| 566.9 |   289M |  38 |1166 |6718 |3980 | 164k|  1 |  48k|  15 | 0.000000e+00 |      --      |    Inf |  74.20%
 3829s| 61000 |   831 | 34568k| 566.5 |   289M |  38 |1166 |6738 |3982 | 164k|  2 |  48k|  15 | 0.000000e+00 |      --      |    Inf |  74.20%
 3833s| 61100 |   823 | 34599k| 566.1 |   289M |  38 |1166 |6758 |3980 | 164k|  0 |  48k|  15 | 0.000000e+00 |      --      |    Inf |  74.20%
 3837s| 61200 |   823 | 34632k| 565.7 |   289M |  38 |1166 |6783 |3979 | 164k|  0 |  48k|  15 | 0.000000e+00 |      --      |    Inf |  74.20%
 3841s| 61300 |   822 | 34667k| 565.3 |   289M |  38 |1166 |6798 |3980 | 164k|  1 |  48k|  15 | 0.000000e+00 |      --      |    Inf |  74.20%
 3845s| 61400 |   826 | 34705k| 565.0 |   289M |  38 |1166 |6835 |3980 | 164k|  0 |  48k|  15 | 0.000000e+00 |      --      |    Inf |  74.20%
 3850s| 61500 |   820 | 34746k| 564.8 |   289M |  38 |1166 |6876 |3135 | 164k|  2 |  48k|  15 | 0.000000e+00 |      --      |    Inf |  74.20%
 3855s| 61600 |   830 | 34785k| 564.5 |   289M |  38 |1166 |6842 |3997 | 164k|  1 |  48k|  15 | 0.000000e+00 |      --      |    Inf |  74.21%
 3860s| 61700 |   828 | 34832k| 564.3 |   289M |  38 |1166 |6902 |3949 | 164k|  1 |  48k|  15 | 0.000000e+00 |      --      |    Inf |  74.21%
 time | node  | left  |LP iter|LP it/n|mem/heur|mdpt |vars |cons |rows |cuts |sepa|confs|strbr|  dualbound   | primalbound  |  gap   | compl. 
 3864s| 61800 |   815 | 34865k| 564.0 |   289M |  38 |1166 |6903 |4048 | 164k|  0 |  48k|  15 | 0.000000e+00 |      --      |    Inf |  74.21%
 3872s| 61900 |   814 | 34929k| 564.1 |   289M |  38 |1166 |6912 |3988 | 164k|  1 |  48k|  15 | 0.000000e+00 |      --      |    Inf |  74.22%
 3879s| 62000 |   824 | 34993k| 564.2 |   289M |  38 |1166 |7017 |3979 | 164k|  1 |  48k|  15 | 0.000000e+00 |      --      |    Inf |  74.24%
 3884s| 62100 |   818 | 35037k| 564.0 |   289M |  38 |1166 |7022 |3980 | 164k|  1 |  48k|  15 | 0.000000e+00 |      --      |    Inf |  74.24%
 3889s| 62200 |   820 | 35082k| 563.8 |   289M |  38 |1166 |7052 |3983 | 164k|  1 |  48k|  15 | 0.000000e+00 |      --      |    Inf |  74.24%
 3896s| 62300 |   814 | 35143k| 563.9 |   289M |  38 |1166 |7053 |4035 | 164k|  1 |  48k|  15 | 0.000000e+00 |      --      |    Inf |  74.25%
 3901s| 62400 |   822 | 35187k| 563.7 |   289M |  38 |1166 |7064 |3669 | 164k|  0 |  48k|  15 | 0.000000e+00 |      --      |    Inf |  74.25%
 3905s| 62500 |   814 | 35227k| 563.4 |   289M |  38 |1166 |7089 |3709 | 164k|  2 |  48k|  15 | 0.000000e+00 |      --      |    Inf |  74.25%
 3910s| 62600 |   819 | 35272k| 563.3 |   289M |  38 |1166 |7088 |   0 | 165k|  0 |  49k|  15 | 0.000000e+00 |      --      |    Inf |  74.25%
 3917s| 62700 |   820 | 35329k| 563.3 |   289M |  38 |1166 |7123 |3705 | 165k|  0 |  49k|  15 | 0.000000e+00 |      --      |    Inf |  74.26%
 3923s| 62800 |   818 | 35388k| 563.3 |   289M |  38 |1166 |7153 |3707 | 165k|  0 |  49k|  15 | 0.000000e+00 |      --      |    Inf |  74.26%
 3934s| 62900 |   806 | 35480k| 563.9 |   289M |  38 |1166 |7052 |3106 | 166k|  0 |  49k|  15 | 0.000000e+00 |      --      |    Inf |  74.28%
 3950s| 63000 |   811 | 35621k| 565.2 |   289M |  38 |1166 |6932 |3734 | 167k|  2 |  49k|  15 | 0.000000e+00 |      --      |    Inf |  74.39%
 3962s| 63100 |   815 | 35709k| 565.7 |   291M |  38 |1166 |6834 |3142 | 167k|  0 |  49k|  15 | 0.000000e+00 |      --      |    Inf |  74.51%
 3974s| 63200 |   827 | 35795k| 566.2 |   291M |  38 |1166 |6772 |4064 | 167k|  1 |  49k|  15 | 0.000000e+00 |      --      |    Inf |  74.55%
 time | node  | left  |LP iter|LP it/n|mem/heur|mdpt |vars |cons |rows |cuts |sepa|confs|strbr|  dualbound   | primalbound  |  gap   | compl. 
 3982s| 63300 |   823 | 35855k| 566.2 |   291M |  38 |1166 |6781 |3796 | 167k|  2 |  49k|  15 | 0.000000e+00 |      --      |    Inf |  74.55%
 3991s| 63400 |   827 | 35929k| 566.5 |   291M |  38 |1166 |6698 |3112 | 167k|  2 |  49k|  15 | 0.000000e+00 |      --      |    Inf |  74.57%
 3996s| 63500 |   823 | 35981k| 566.4 |   291M |  38 |1166 |6676 |3902 | 168k|  1 |  49k|  15 | 0.000000e+00 |      --      |    Inf |  74.78%
 4004s| 63600 |   817 | 36030k| 566.3 |   291M |  38 |1166 |6630 |3978 | 168k|  2 |  49k|  15 | 0.000000e+00 |      --      |    Inf |  74.81%
 4011s| 63700 |   823 | 36082k| 566.2 |   291M |  38 |1166 |6642 |3956 | 168k|  1 |  49k|  15 | 0.000000e+00 |      --      |    Inf |  74.81%
 4016s| 63800 |   825 | 36113k| 565.8 |   291M |  38 |1166 |6651 |3956 | 168k|  1 |  49k|  15 | 0.000000e+00 |      --      |    Inf |  74.82%
 4023s| 63900 |   815 | 36158k| 565.7 |   292M |  38 |1166 |6624 |4016 | 168k|  0 |  49k|  15 | 0.000000e+00 |      --      |    Inf |  74.82%
 4027s| 64000 |   827 | 36192k| 565.3 |   292M |  38 |1166 |6634 |4016 | 168k|  1 |  49k|  15 | 0.000000e+00 |      --      |    Inf |  74.83%
 4033s| 64100 |   835 | 36237k| 565.1 |   292M |  38 |1166 |6653 |4016 | 168k|  0 |  49k|  15 | 0.000000e+00 |      --      |    Inf |  74.83%
 4039s| 64200 |   829 | 36283k| 565.0 |   292M |  38 |1166 |6694 |4039 | 168k|  1 |  49k|  15 | 0.000000e+00 |      --      |    Inf |  74.84%
 4044s| 64300 |   837 | 36324k| 564.7 |   292M |  38 |1166 |6737 |4038 | 168k|  1 |  50k|  15 | 0.000000e+00 |      --      |    Inf |  74.84%
 4051s| 64400 |   831 | 36373k| 564.6 |   292M |  38 |1166 |6815 |4039 | 168k|  0 |  50k|  15 | 0.000000e+00 |      --      |    Inf |  74.84%
 4062s| 64500 |   819 | 36446k| 564.9 |   293M |  38 |1166 |6723 |3947 | 168k|  1 |  50k|  15 | 0.000000e+00 |      --      |    Inf |  75.24%
 4069s| 64600 |   831 | 36498k| 564.8 |   293M |  38 |1166 |6747 |4040 | 168k|  1 |  50k|  15 | 0.000000e+00 |      --      |    Inf |  75.24%
 4076s| 64700 |   825 | 36553k| 564.8 |   293M |  38 |1166 |6808 |4038 | 168k|  1 |  50k|  15 | 0.000000e+00 |      --      |    Inf |  75.24%
 time | node  | left  |LP iter|LP it/n|mem/heur|mdpt |vars |cons |rows |cuts |sepa|confs|strbr|  dualbound   | primalbound  |  gap   | compl. 
 4083s| 64800 |   817 | 36599k| 564.6 |   293M |  38 |1166 |6732 |4110 | 168k|  1 |  50k|  15 | 0.000000e+00 |      --      |    Inf |  75.25%
 4089s| 64900 |   819 | 36642k| 564.4 |   293M |  38 |1166 |6751 |4110 | 168k|  1 |  50k|  15 | 0.000000e+00 |      --      |    Inf |  75.25%
 4096s| 65000 |   812 | 36694k| 564.3 |   293M |  38 |1166 |6730 |4152 | 168k|  2 |  50k|  15 | 0.000000e+00 |      --      |    Inf |  75.26%
 4104s| 65100 |   816 | 36752k| 564.4 |   293M |  38 |1166 |6753 |3478 | 168k|  0 |  50k|  15 | 0.000000e+00 |      --      |    Inf |  75.26%
 4111s| 65200 |   818 | 36810k| 564.4 |   293M |  38 |1166 |6790 |3529 | 168k|  2 |  50k|  15 | 0.000000e+00 |      --      |    Inf |  75.26%
 4118s| 65300 |   838 | 36860k| 564.3 |   293M |  38 |1166 |6827 |3547 | 168k|  1 |  50k|  15 | 0.000000e+00 |      --      |    Inf |  75.27%
 4124s| 65400 |   827 | 36907k| 564.1 |   293M |  38 |1166 |6890 |3545 | 168k|  2 |  50k|  15 | 0.000000e+00 |      --      |    Inf |  75.27%
 4131s| 65500 |   829 | 36955k| 564.0 |   293M |  38 |1166 |6937 |3574 | 169k|  0 |  50k|  15 | 0.000000e+00 |      --      |    Inf |  75.27%
 4136s| 65600 |   826 | 36996k| 563.8 |   293M |  38 |1166 |7003 |3587 | 169k|  0 |  50k|  15 | 0.000000e+00 |      --      |    Inf |  75.28%
 4145s| 65700 |   808 | 37055k| 563.8 |   293M |  38 |1166 |6942 |4036 | 169k|  0 |  50k|  15 | 0.000000e+00 |      --      |    Inf |  75.30%
 4152s| 65800 |   805 | 37107k| 563.8 |   293M |  38 |1166 |6821 |4128 | 169k|  0 |  51k|  15 | 0.000000e+00 |      --      |    Inf |  75.31%
 4157s| 65900 |   803 | 37144k| 563.5 |   293M |  38 |1166 |6877 |4128 | 169k|  1 |  51k|  15 | 0.000000e+00 |      --      |    Inf |  75.31%
 4164s| 66000 |   805 | 37191k| 563.3 |   293M |  38 |1166 |6931 |4128 | 169k|  0 |  51k|  15 | 0.000000e+00 |      --      |    Inf |  75.31%
 4171s| 66100 |   804 | 37242k| 563.2 |   293M |  38 |1166 |6945 |4011 | 169k|  2 |  51k|  15 | 0.000000e+00 |      --      |    Inf |  75.32%
 4177s| 66200 |   807 | 37292k| 563.1 |   293M |  38 |1166 |6926 |4124 | 169k|  1 |  51k|  15 | 0.000000e+00 |      --      |    Inf |  75.32%
 time | node  | left  |LP iter|LP it/n|mem/heur|mdpt |vars |cons |rows |cuts |sepa|confs|strbr|  dualbound   | primalbound  |  gap   | compl. 
 4180s| 66300 |   805 | 37328k| 562.8 |   293M |  38 |1166 |6924 |4117 | 169k|  0 |  51k|  15 | 0.000000e+00 |      --      |    Inf |  75.32%
 4186s| 66400 |   809 | 37383k| 562.8 |   293M |  38 |1166 |6894 |3979 | 169k|  1 |  51k|  15 | 0.000000e+00 |      --      |    Inf |  75.42%
 4189s| 66500 |   808 | 37419k| 562.5 |   293M |  38 |1166 |6899 |3990 | 169k|  0 |  51k|  15 | 0.000000e+00 |      --      |    Inf |  75.42%
 4194s| 66600 |   813 | 37474k| 562.5 |   294M |  38 |1166 |6867 |3978 | 169k|  1 |  51k|  15 | 0.000000e+00 |      --      |    Inf |  75.45%
 4199s| 66700 |   825 | 37520k| 562.3 |   294M |  38 |1166 |6871 |4120 | 169k|  0 |  51k|  15 | 0.000000e+00 |      --      |    Inf |  75.47%
 4204s| 66800 |   813 | 37572k| 562.3 |   295M |  38 |1166 |6837 |4041 | 169k|  1 |  51k|  15 | 0.000000e+00 |      --      |    Inf |  75.58%
 4211s| 66900 |   804 | 37647k| 562.6 |   295M |  38 |1166 |6714 |4040 | 169k|  0 |  51k|  15 | 0.000000e+00 |      --      |    Inf |  75.84%
 4217s| 67000 |   798 | 37705k| 562.6 |   295M |  38 |1166 |6700 |4050 | 169k|  0 |  51k|  15 | 0.000000e+00 |      --      |    Inf |  75.87%
 4221s| 67100 |   795 | 37755k| 562.5 |   295M |  38 |1166 |6713 |2944 | 170k|  0 |  51k|  15 | 0.000000e+00 |      --      |    Inf |  75.87%
 4226s| 67200 |   799 | 37815k| 562.5 |   295M |  38 |1166 |6758 |2799 | 170k|  2 |  51k|  15 | 0.000000e+00 |      --      |    Inf |  75.88%
 4233s| 67300 |   793 | 37894k| 562.9 |   295M |  38 |1166 |6709 |4013 | 171k|  0 |  52k|  15 | 0.000000e+00 |      --      |    Inf |  76.05%
 4239s| 67400 |   803 | 37947k| 562.8 |   295M |  38 |1166 |6718 |4077 | 171k|  0 |  52k|  15 | 0.000000e+00 |      --      |    Inf |  76.06%
 4248s| 67500 |   804 | 38002k| 562.8 |   295M |  38 |1166 |6812 |4077 | 171k|  0 |  52k|  15 | 0.000000e+00 |      --      |    Inf |  76.07%
 4256s| 67600 |   791 | 38056k| 562.8 |   295M |  38 |1166 |6781 |4013 | 171k|  0 |  52k|  15 | 0.000000e+00 |      --      |    Inf |  76.08%
 4264s| 67700 |   791 | 38112k| 562.8 |   295M |  38 |1166 |6836 |4009 | 171k|  0 |  52k|  15 | 0.000000e+00 |      --      |    Inf |  76.08%
 time | node  | left  |LP iter|LP it/n|mem/heur|mdpt |vars |cons |rows |cuts |sepa|confs|strbr|  dualbound   | primalbound  |  gap   | compl. 
 4270s| 67800 |   779 | 38156k| 562.6 |   295M |  38 |1166 |6715 |4110 | 171k|  1 |  52k|  15 | 0.000000e+00 |      --      |    Inf |  76.10%
 4279s| 67900 |   782 | 38216k| 562.6 |   295M |  38 |1166 |6663 |3986 | 171k|  0 |  52k|  15 | 0.000000e+00 |      --      |    Inf |  76.12%
 4286s| 68000 |   776 | 38265k| 562.5 |   295M |  38 |1166 |6704 |4037 | 171k|  0 |  52k|  15 | 0.000000e+00 |      --      |    Inf |  76.12%
 4294s| 68100 |   780 | 38323k| 562.6 |   295M |  38 |1166 |6747 |3986 | 171k|  1 |  52k|  15 | 0.000000e+00 |      --      |    Inf |  76.13%
 4303s| 68200 |   776 | 38383k| 562.6 |   295M |  38 |1166 |6733 |4052 | 171k|  1 |  52k|  15 | 0.000000e+00 |      --      |    Inf |  76.15%
 4306s| 68300 |   778 | 38412k| 562.2 |   295M |  38 |1166 |6741 |4052 | 171k|  1 |  52k|  15 | 0.000000e+00 |      --      |    Inf |  76.15%
 4310s| 68400 |   782 | 38441k| 561.8 |   295M |  38 |1166 |6732 |4052 | 171k|  1 |  52k|  15 | 0.000000e+00 |      --      |    Inf |  76.15%
 4315s| 68500 |   782 | 38481k| 561.6 |   295M |  38 |1166 |6757 |4052 | 171k|  1 |  52k|  15 | 0.000000e+00 |      --      |    Inf |  76.15%
 4322s| 68600 |   776 | 38533k| 561.5 |   295M |  38 |1166 |6697 |3906 | 171k|  2 |  53k|  15 | 0.000000e+00 |      --      |    Inf |  76.16%
 4329s| 68700 |   767 | 38585k| 561.5 |   295M |  38 |1166 |6699 |4009 | 171k|  1 |  53k|  15 | 0.000000e+00 |      --      |    Inf |  76.18%
 4335s| 68800 |   767 | 38628k| 561.3 |   295M |  38 |1166 |6654 |3735 | 171k|  2 |  53k|  15 | 0.000000e+00 |      --      |    Inf |  76.18%
 4342s| 68900 |   767 | 38676k| 561.2 |   295M |  38 |1166 |6688 |4063 | 171k|  0 |  53k|  15 | 0.000000e+00 |      --      |    Inf |  76.19%
 4350s| 69000 |   771 | 38732k| 561.2 |   295M |  38 |1166 |6747 |4062 | 171k|  1 |  53k|  15 | 0.000000e+00 |      --      |    Inf |  76.19%
 4357s| 69100 |   773 | 38783k| 561.1 |   295M |  38 |1166 |6828 |4064 | 171k|  0 |  53k|  15 | 0.000000e+00 |      --      |    Inf |  76.19%
 4366s| 69200 |   773 | 38843k| 561.1 |   295M |  38 |1166 |7053 |3892 | 171k|  0 |  53k|  15 | 0.000000e+00 |      --      |    Inf |  76.19%
 time | node  | left  |LP iter|LP it/n|mem/heur|mdpt |vars |cons |rows |cuts |sepa|confs|strbr|  dualbound   | primalbound  |  gap   | compl. 
 4374s| 69300 |   775 | 38901k| 561.2 |   295M |  38 |1166 |6959 |4100 | 171k|  0 |  53k|  15 | 0.000000e+00 |      --      |    Inf |  76.24%
 4382s| 69400 |   768 | 38955k| 561.1 |   295M |  38 |1166 |6868 |4150 | 171k|  2 |  53k|  15 | 0.000000e+00 |      --      |    Inf |  76.26%
 4389s| 69500 |   767 | 39008k| 561.1 |   296M |  38 |1166 |6851 |3896 | 171k|  0 |  53k|  15 | 0.000000e+00 |      --      |    Inf |  76.26%
 4397s| 69600 |   767 | 39064k| 561.1 |   296M |  38 |1166 |6857 |4051 | 171k|  0 |  53k|  15 | 0.000000e+00 |      --      |    Inf |  76.31%
 4405s| 69700 |   757 | 39123k| 561.1 |   296M |  38 |1166 |6828 |3988 | 171k|  2 |  54k|  15 | 0.000000e+00 |      --      |    Inf |  76.37%
 4411s| 69800 |   774 | 39168k| 561.0 |   296M |  38 |1166 |6765 |2901 | 172k|  2 |  54k|  15 | 0.000000e+00 |      --      |    Inf |  76.38%
 4417s| 69900 |   792 | 39211k| 560.8 |   296M |  38 |1166 |6782 |4013 | 172k|  1 |  54k|  15 | 0.000000e+00 |      --      |    Inf |  76.40%
 4422s| 70000 |   800 | 39250k| 560.5 |   296M |  38 |1166 |6847 |4013 | 172k|  0 |  54k|  15 | 0.000000e+00 |      --      |    Inf |  76.40%
 4427s| 70100 |   793 | 39282k| 560.2 |   296M |  38 |1166 |6892 |4014 | 172k|  1 |  54k|  15 | 0.000000e+00 |      --      |    Inf |  76.40%
 4431s| 70200 |   791 | 39313k| 559.8 |   296M |  38 |1166 |6940 |4013 | 172k|  0 |  54k|  15 | 0.000000e+00 |      --      |    Inf |  76.40%
 4436s| 70300 |   785 | 39347k| 559.5 |   296M |  38 |1166 |6987 |4014 | 172k|  1 |  54k|  15 | 0.000000e+00 |      --      |    Inf |  76.41%
 4440s| 70400 |   781 | 39379k| 559.2 |   296M |  38 |1166 |7044 |4013 | 172k|  1 |  54k|  15 | 0.000000e+00 |      --      |    Inf |  76.41%
 4445s| 70500 |   789 | 39412k| 558.9 |   296M |  38 |1166 |7090 |4013 | 172k|  0 |  54k|  15 | 0.000000e+00 |      --      |    Inf |  76.41%
 4450s| 70600 |   781 | 39452k| 558.6 |   296M |  38 |1166 |7134 |4013 | 172k|  1 |  54k|  15 | 0.000000e+00 |      --      |    Inf |  76.41%
 4454s| 70700 |   777 | 39483k| 558.3 |   296M |  38 |1166 |7170 |4013 | 172k|  1 |  54k|  15 | 0.000000e+00 |      --      |    Inf |  76.41%
 time | node  | left  |LP iter|LP it/n|mem/heur|mdpt |vars |cons |rows |cuts |sepa|confs|strbr|  dualbound   | primalbound  |  gap   | compl. 
 4458s| 70800 |   779 | 39514k| 557.9 |   296M |  38 |1166 |7190 |4013 | 172k|  0 |  54k|  15 | 0.000000e+00 |      --      |    Inf |  76.41%
 4461s| 70900 |   779 | 39538k| 557.5 |   296M |  38 |1166 |7198 |4013 | 172k|  1 |  54k|  15 | 0.000000e+00 |      --      |    Inf |  76.41%
 4464s| 71000 |   783 | 39560k| 557.0 |   296M |  38 |1166 |7197 |4013 | 172k|  1 |  54k|  15 | 0.000000e+00 |      --      |    Inf |  76.41%
 4468s| 71100 |   787 | 39594k| 556.7 |   296M |  38 |1166 |7222 |4014 | 172k|  0 |  54k|  15 | 0.000000e+00 |      --      |    Inf |  76.41%
 4472s| 71200 |   779 | 39627k| 556.4 |   296M |  38 |1166 |7258 |4013 | 172k|  0 |  54k|  15 | 0.000000e+00 |      --      |    Inf |  76.41%
 4476s| 71300 |   779 | 39656k| 556.0 |   296M |  38 |1166 |7265 |4013 | 172k|  0 |  54k|  15 | 0.000000e+00 |      --      |    Inf |  76.41%
 4481s| 71400 |   783 | 39692k| 555.7 |   296M |  38 |1166 |7284 |4013 | 172k|  1 |  54k|  15 | 0.000000e+00 |      --      |    Inf |  76.41%
 4485s| 71500 |   781 | 39722k| 555.4 |   296M |  38 |1166 |7291 |4013 | 172k|  0 |  54k|  15 | 0.000000e+00 |      --      |    Inf |  76.41%
 4489s| 71600 |   792 | 39752k| 555.0 |   296M |  38 |1166 |7302 |4013 | 172k|  1 |  54k|  15 | 0.000000e+00 |      --      |    Inf |  76.41%
 4494s| 71700 |   783 | 39787k| 554.7 |   296M |  38 |1166 |7333 |4013 | 172k|  1 |  54k|  15 | 0.000000e+00 |      --      |    Inf |  76.42%
 4499s| 71800 |   779 | 39821k| 554.4 |   296M |  38 |1166 |7340 |4013 | 172k|  0 |  54k|  15 | 0.000000e+00 |      --      |    Inf |  76.42%
 4502s| 71900 |   775 | 39844k| 554.0 |   296M |  38 |1166 |7334 |4013 | 172k|  0 |  54k|  15 | 0.000000e+00 |      --      |    Inf |  76.42%
 4506s| 72000 |   781 | 39881k| 553.7 |   296M |  38 |1166 |7357 |4013 | 172k|  1 |  54k|  15 | 0.000000e+00 |      --      |    Inf |  76.42%
 4510s| 72100 |   785 | 39910k| 553.4 |   296M |  38 |1166 |7370 |4014 | 172k|  1 |  54k|  15 | 0.000000e+00 |      --      |    Inf |  76.42%
 4513s| 72200 |   790 | 39936k| 553.0 |   296M |  38 |1166 |7367 |4013 | 172k|  1 |  54k|  15 | 0.000000e+00 |      --      |    Inf |  76.42%
 time | node  | left  |LP iter|LP it/n|mem/heur|mdpt |vars |cons |rows |cuts |sepa|confs|strbr|  dualbound   | primalbound  |  gap   | compl. 
 4518s| 72300 |   789 | 39972k| 552.7 |   296M |  38 |1166 |7352 |4013 | 172k|  0 |  54k|  15 | 0.000000e+00 |      --      |    Inf |  76.42%
 4521s| 72400 |   787 | 39997k| 552.3 |   296M |  38 |1166 |7354 |4013 | 172k|  1 |  54k|  15 | 0.000000e+00 |      --      |    Inf |  76.42%
 4524s| 72500 |   791 | 40019k| 551.8 |   296M |  38 |1166 |7353 |4013 | 172k|  1 |  54k|  15 | 0.000000e+00 |      --      |    Inf |  76.42%
 4528s| 72600 |   791 | 40049k| 551.5 |   296M |  38 |1166 |7346 |4016 | 172k|  0 |  54k|  15 | 0.000000e+00 |      --      |    Inf |  76.42%
 4531s| 72700 |   793 | 40072k| 551.0 |   296M |  38 |1166 |7352 |4016 | 172k|  0 |  54k|  15 | 0.000000e+00 |      --      |    Inf |  76.42%
 4534s| 72800 |   795 | 40095k| 550.6 |   296M |  38 |1166 |7375 |4016 | 172k|  1 |  55k|  15 | 0.000000e+00 |      --      |    Inf |  76.42%
 4538s| 72900 |   793 | 40120k| 550.2 |   296M |  38 |1166 |7381 |4014 | 172k|  1 |  55k|  15 | 0.000000e+00 |      --      |    Inf |  76.42%
 4541s| 73000 |   793 | 40143k| 549.7 |   296M |  38 |1166 |7395 |4013 | 172k|  0 |  55k|  15 | 0.000000e+00 |      --      |    Inf |  76.42%
 4544s| 73100 |   789 | 40164k| 549.3 |   296M |  38 |1166 |7405 |4013 | 172k|  1 |  55k|  15 | 0.000000e+00 |      --      |    Inf |  76.42%
 4547s| 73200 |   797 | 40191k| 548.9 |   296M |  38 |1166 |7411 |4014 | 172k|  0 |  55k|  15 | 0.000000e+00 |      --      |    Inf |  76.42%
 4552s| 73300 |   791 | 40223k| 548.6 |   296M |  38 |1166 |7419 |4014 | 172k|  1 |  55k|  15 | 0.000000e+00 |      --      |    Inf |  76.42%
 4555s| 73400 |   795 | 40246k| 548.2 |   296M |  38 |1166 |7433 |4014 | 172k|  0 |  55k|  15 | 0.000000e+00 |      --      |    Inf |  76.42%
 4558s| 73500 |   793 | 40270k| 547.7 |   296M |  38 |1166 |7433 |4016 | 172k|  0 |  55k|  15 | 0.000000e+00 |      --      |    Inf |  76.42%
 4561s| 73600 |   785 | 40296k| 547.3 |   296M |  38 |1166 |7441 |4015 | 172k|  0 |  55k|  15 | 0.000000e+00 |      --      |    Inf |  76.42%
 4566s| 73700 |   787 | 40330k| 547.1 |   296M |  38 |1166 |7412 |4014 | 172k|  0 |  55k|  15 | 0.000000e+00 |      --      |    Inf |  76.42%
 time | node  | left  |LP iter|LP it/n|mem/heur|mdpt |vars |cons |rows |cuts |sepa|confs|strbr|  dualbound   | primalbound  |  gap   | compl. 
 4571s| 73800 |   784 | 40372k| 546.9 |   296M |  38 |1166 |7400 |4014 | 172k|  0 |  55k|  15 | 0.000000e+00 |      --      |    Inf |  76.43%
 4574s| 73900 |   800 | 40402k| 546.6 |   296M |  38 |1166 |7371 |4018 | 172k|  1 |  55k|  15 | 0.000000e+00 |      --      |    Inf |  76.43%
 4576s| 74000 |   800 | 40428k| 546.2 |   296M |  38 |1166 |7380 |4016 | 172k|  1 |  55k|  15 | 0.000000e+00 |      --      |    Inf |  76.43%
 4578s| 74100 |   802 | 40453k| 545.8 |   296M |  38 |1166 |7389 |4016 | 172k|  1 |  55k|  15 | 0.000000e+00 |      --      |    Inf |  76.43%
 4581s| 74200 |   800 | 40480k| 545.4 |   296M |  38 |1166 |7387 |4015 | 172k|  1 |  55k|  15 | 0.000000e+00 |      --      |    Inf |  76.43%
 4584s| 74300 |   794 | 40511k| 545.1 |   296M |  38 |1166 |7384 |4013 | 172k|  0 |  55k|  15 | 0.000000e+00 |      --      |    Inf |  76.43%
 4588s| 74400 |   792 | 40542k| 544.8 |   296M |  38 |1166 |7387 |4014 | 172k|  1 |  55k|  15 | 0.000000e+00 |      --      |    Inf |  76.43%
 4591s| 74500 |   794 | 40568k| 544.4 |   296M |  39 |1166 |7394 |4015 | 172k|  1 |  55k|  15 | 0.000000e+00 |      --      |    Inf |  76.43%
 4594s| 74600 |   798 | 40595k| 544.0 |   296M |  39 |1166 |7402 |4014 | 172k|  0 |  55k|  15 | 0.000000e+00 |      --      |    Inf |  76.43%
 4597s| 74700 |   796 | 40626k| 543.7 |   296M |  39 |1166 |7398 |4016 | 172k|  1 |  55k|  15 | 0.000000e+00 |      --      |    Inf |  76.43%
 4602s| 74800 |   798 | 40669k| 543.5 |   296M |  39 |1166 |7406 |4013 | 172k|  1 |  55k|  15 | 0.000000e+00 |      --      |    Inf |  76.43%
 4607s| 74900 |   798 | 40709k| 543.4 |   296M |  39 |1166 |7420 |4013 | 172k|  1 |  55k|  15 | 0.000000e+00 |      --      |    Inf |  76.43%
 4612s| 75000 |   796 | 40752k| 543.2 |   296M |  39 |1166 |7438 |4013 | 172k|  1 |  55k|  15 | 0.000000e+00 |      --      |    Inf |  76.43%
 4616s| 75100 |   799 | 40783k| 542.9 |   296M |  39 |1166 |7452 |4014 | 172k|  2 |  55k|  15 | 0.000000e+00 |      --      |    Inf |  76.43%
 4620s| 75200 |   785 | 40821k| 542.7 |   296M |  39 |1166 |7451 |4015 | 172k|  0 |  55k|  15 | 0.000000e+00 |      --      |    Inf |  76.43%
 time | node  | left  |LP iter|LP it/n|mem/heur|mdpt |vars |cons |rows |cuts |sepa|confs|strbr|  dualbound   | primalbound  |  gap   | compl. 
 4625s| 75300 |   791 | 40860k| 542.5 |   296M |  39 |1166 |7474 |4017 | 172k|  1 |  55k|  15 | 0.000000e+00 |      --      |    Inf |  76.43%
 4629s| 75400 |   784 | 40896k| 542.2 |   296M |  39 |1166 |7485 |4013 | 172k|  0 |  55k|  15 | 0.000000e+00 |      --      |    Inf |  76.43%
 4634s| 75500 |   784 | 40935k| 542.0 |   296M |  39 |1166 |7484 |4013 | 172k|  0 |  55k|  15 | 0.000000e+00 |      --      |    Inf |  76.43%
 4638s| 75600 |   786 | 40975k| 541.8 |   297M |  39 |1166 |7503 |4013 | 172k|  0 |  55k|  15 | 0.000000e+00 |      --      |    Inf |  76.43%
 4642s| 75700 |   790 | 41009k| 541.6 |   297M |  39 |1166 |7532 |4014 | 172k|  1 |  55k|  15 | 0.000000e+00 |      --      |    Inf |  76.43%
 4647s| 75800 |   786 | 41047k| 541.4 |   297M |  39 |1166 |7571 |4013 | 172k|  0 |  55k|  15 | 0.000000e+00 |      --      |    Inf |  76.43%
 4651s| 75900 |   790 | 41084k| 541.1 |   297M |  39 |1166 |7599 |4014 | 172k|  0 |  55k|  15 | 0.000000e+00 |      --      |    Inf |  76.43%
 4655s| 76000 |   786 | 41117k| 540.9 |   297M |  39 |1166 |7588 |4013 | 172k|  1 |  55k|  15 | 0.000000e+00 |      --      |    Inf |  76.43%
 4658s| 76100 |   790 | 41149k| 540.6 |   297M |  39 |1166 |7571 |4013 | 172k|  0 |  55k|  15 | 0.000000e+00 |      --      |    Inf |  76.43%
 4660s| 76200 |   790 | 41179k| 540.3 |   297M |  39 |1166 |7583 |4013 | 172k|  0 |  55k|  15 | 0.000000e+00 |      --      |    Inf |  76.43%
 4663s| 76300 |   780 | 41211k| 540.0 |   297M |  39 |1166 |7564 |4013 | 172k|  0 |  55k|  15 | 0.000000e+00 |      --      |    Inf |  76.43%
 4667s| 76400 |   794 | 41244k| 539.7 |   297M |  39 |1166 |7546 |4013 | 172k|  1 |  55k|  15 | 0.000000e+00 |      --      |    Inf |  76.43%
 4671s| 76500 |   795 | 41278k| 539.4 |   297M |  39 |1166 |7552 |4013 | 172k|  1 |  55k|  15 | 0.000000e+00 |      --      |    Inf |  76.43%
 4675s| 76600 |   795 | 41310k| 539.1 |   297M |  39 |1166 |7575 |4013 | 172k|  1 |  55k|  15 | 0.000000e+00 |      --      |    Inf |  76.43%
 4678s| 76700 |   793 | 41338k| 538.8 |   297M |  39 |1166 |7587 |4013 | 172k|  1 |  55k|  15 | 0.000000e+00 |      --      |    Inf |  76.43%
 time | node  | left  |LP iter|LP it/n|mem/heur|mdpt |vars |cons |rows |cuts |sepa|confs|strbr|  dualbound   | primalbound  |  gap   | compl. 
 4682s| 76800 |   793 | 41373k| 538.6 |   297M |  39 |1166 |7594 |4013 | 172k|  0 |  55k|  15 | 0.000000e+00 |      --      |    Inf |  76.43%
 4687s| 76900 |   793 | 41406k| 538.3 |   297M |  39 |1166 |7608 |4014 | 172k|  0 |  55k|  15 | 0.000000e+00 |      --      |    Inf |  76.43%
 4691s| 77000 |   789 | 41436k| 538.0 |   297M |  39 |1166 |7621 |4014 | 172k|  0 |  55k|  15 | 0.000000e+00 |      --      |    Inf |  76.43%
 4695s| 77100 |   789 | 41467k| 537.7 |   297M |  39 |1166 |7617 |4013 | 172k|  1 |  55k|  15 | 0.000000e+00 |      --      |    Inf |  76.43%
 4700s| 77200 |   789 | 41499k| 537.4 |   297M |  39 |1166 |7633 |4014 | 172k|  0 |  55k|  15 | 0.000000e+00 |      --      |    Inf |  76.43%
 4705s| 77300 |   787 | 41534k| 537.2 |   297M |  39 |1166 |7644 |4014 | 172k|  0 |  55k|  15 | 0.000000e+00 |      --      |    Inf |  76.43%
 4710s| 77400 |   788 | 41570k| 536.9 |   297M |  39 |1166 |7648 |4013 | 172k|  0 |  55k|  15 | 0.000000e+00 |      --      |    Inf |  76.43%
 4715s| 77500 |   792 | 41609k| 536.7 |   297M |  39 |1166 |7663 |4016 | 172k|  1 |  55k|  15 | 0.000000e+00 |      --      |    Inf |  76.43%
 4720s| 77600 |   790 | 41645k| 536.5 |   297M |  39 |1166 |7679 |4016 | 172k|  0 |  55k|  15 | 0.000000e+00 |      --      |    Inf |  76.43%
 4725s| 77700 |   784 | 41682k| 536.3 |   297M |  39 |1166 |7697 |4014 | 172k|  0 |  56k|  15 | 0.000000e+00 |      --      |    Inf |  76.43%
 4730s| 77800 |   788 | 41720k| 536.1 |   297M |  39 |1166 |7708 |4013 | 172k|  1 |  56k|  15 | 0.000000e+00 |      --      |    Inf |  76.43%
 4734s| 77900 |   790 | 41759k| 535.9 |   297M |  39 |1166 |7698 |4013 | 172k|  0 |  56k|  15 | 0.000000e+00 |      --      |    Inf |  76.44%
 4739s| 78000 |   788 | 41796k| 535.7 |   297M |  39 |1166 |7705 |4013 | 172k|  0 |  56k|  15 | 0.000000e+00 |      --      |    Inf |  76.44%
 4744s| 78100 |   798 | 41835k| 535.5 |   297M |  39 |1166 |7692 |4013 | 172k|  1 |  56k|  15 | 0.000000e+00 |      --      |    Inf |  76.44%
 4749s| 78200 |   794 | 41869k| 535.3 |   297M |  39 |1166 |7697 |4013 | 172k|  1 |  56k|  15 | 0.000000e+00 |      --      |    Inf |  76.44%
 time | node  | left  |LP iter|LP it/n|mem/heur|mdpt |vars |cons |rows |cuts |sepa|confs|strbr|  dualbound   | primalbound  |  gap   | compl. 
 4753s| 78300 |   788 | 41903k| 535.0 |   297M |  39 |1166 |7706 |4013 | 172k|  0 |  56k|  15 | 0.000000e+00 |      --      |    Inf |  76.44%
 4758s| 78400 |   788 | 41936k| 534.7 |   297M |  39 |1166 |7703 |4013 | 172k|  0 |  56k|  15 | 0.000000e+00 |      --      |    Inf |  76.44%
 4763s| 78500 |   784 | 41975k| 534.6 |   297M |  39 |1166 |7685 |4013 | 172k|  0 |  56k|  15 | 0.000000e+00 |      --      |    Inf |  76.44%
 4768s| 78600 |   784 | 42018k| 534.4 |   297M |  39 |1166 |7650 |4014 | 172k|  0 |  56k|  15 | 0.000000e+00 |      --      |    Inf |  76.44%
 4774s| 78700 |   784 | 42058k| 534.3 |   297M |  39 |1166 |7669 |4014 | 172k|  2 |  56k|  15 | 0.000000e+00 |      --      |    Inf |  76.44%
 4779s| 78800 |   786 | 42098k| 534.1 |   297M |  39 |1166 |7682 |4013 | 172k|  0 |  56k|  15 | 0.000000e+00 |      --      |    Inf |  76.44%
 4785s| 78900 |   784 | 42144k| 534.0 |   297M |  39 |1166 |7691 |4014 | 172k|  1 |  56k|  15 | 0.000000e+00 |      --      |    Inf |  76.44%
 4791s| 79000 |   780 | 42189k| 533.9 |   297M |  39 |1166 |7679 |4014 | 172k|  0 |  56k|  15 | 0.000000e+00 |      --      |    Inf |  76.45%
 4796s| 79100 |   776 | 42229k| 533.7 |   297M |  39 |1166 |7715 |4016 | 172k|  0 |  56k|  15 | 0.000000e+00 |      --      |    Inf |  76.45%
 4801s| 79200 |   777 | 42268k| 533.5 |   297M |  39 |1166 |7711 |4011 | 172k|  1 |  56k|  15 | 0.000000e+00 |      --      |    Inf |  76.45%
 4805s| 79300 |   783 | 42308k| 533.4 |   297M |  39 |1166 |7672 |4013 | 172k|  0 |  56k|  15 | 0.000000e+00 |      --      |    Inf |  76.45%
 4810s| 79400 |   788 | 42346k| 533.2 |   297M |  39 |1166 |7718 |4013 | 172k|  0 |  56k|  15 | 0.000000e+00 |      --      |    Inf |  76.45%
 4815s| 79500 |   776 | 42386k| 533.0 |   297M |  39 |1166 |7784 |4033 | 172k|  0 |  56k|  15 | 0.000000e+00 |      --      |    Inf |  76.45%
 4821s| 79600 |   780 | 42431k| 532.9 |   297M |  39 |1166 |7833 |4014 | 172k|  1 |  56k|  15 | 0.000000e+00 |      --      |    Inf |  76.45%
 4826s| 79700 |   776 | 42475k| 532.8 |   297M |  39 |1166 |7900 |4014 | 172k|  0 |  56k|  15 | 0.000000e+00 |      --      |    Inf |  76.45%
 time | node  | left  |LP iter|LP it/n|mem/heur|mdpt |vars |cons |rows |cuts |sepa|confs|strbr|  dualbound   | primalbound  |  gap   | compl. 
 4834s| 79800 |   790 | 42537k| 532.9 |   298M |  39 |1166 |7818 |3857 | 172k|  1 |  56k|  15 | 0.000000e+00 |      --      |    Inf |  76.46%
 4842s| 79900 |   784 | 42608k| 533.1 |   298M |  39 |1166 |7901 |3857 | 172k|  1 |  56k|  15 | 0.000000e+00 |      --      |    Inf |  76.46%
 4850s| 80000 |   778 | 42674k| 533.3 |   298M |  39 |1166 |8000 |3854 | 172k|  2 |  56k|  15 | 0.000000e+00 |      --      |    Inf |  76.47%
 4859s| 80100 |   780 | 42745k| 533.5 |   298M |  39 |1166 |8104 |3859 | 172k|  2 |  57k|  15 | 0.000000e+00 |      --      |    Inf |  76.48%
 4868s| 80200 |   782 | 42821k| 533.8 |   298M |  39 |1166 |8039 |2911 | 172k|  2 |  57k|  15 | 0.000000e+00 |      --      |    Inf |  76.63%
 4874s| 80300 |   785 | 42877k| 533.8 |   298M |  39 |1166 |7997 |2904 | 173k|  0 |  57k|  15 | 0.000000e+00 |      --      |    Inf |  76.64%
 4880s| 80400 |   783 | 42934k| 533.9 |   298M |  39 |1166 |8042 |2956 | 173k|  0 |  57k|  15 | 0.000000e+00 |      --      |    Inf |  76.64%
 4887s| 80500 |   786 | 42993k| 533.9 |   298M |  39 |1166 |7995 |3852 | 174k|  0 |  57k|  15 | 0.000000e+00 |      --      |    Inf |  76.65%
 4896s| 80600 |   783 | 43072k| 534.2 |   298M |  39 |1166 |7905 |3798 | 174k|  2 |  57k|  15 | 0.000000e+00 |      --      |    Inf |  76.66%
 4903s| 80700 |   779 | 43134k| 534.3 |   299M |  39 |1166 |7779 |4002 | 174k|  0 |  57k|  15 | 0.000000e+00 |      --      |    Inf |  76.72%
 4910s| 80800 |   783 | 43189k| 534.4 |   299M |  39 |1166 |7695 |4055 | 174k|  1 |  57k|  15 | 0.000000e+00 |      --      |    Inf |  76.72%
 4915s| 80900 |   776 | 43224k| 534.1 |   299M |  39 |1166 |7668 |3336 | 174k|  0 |  57k|  15 | 0.000000e+00 |      --      |    Inf |  76.72%
 4922s| 81000 |   788 | 43291k| 534.3 |   299M |  39 |1166 |7512 |3262 | 175k|  2 |  57k|  15 | 0.000000e+00 |      --      |    Inf |  76.73%
 4928s| 81100 |   788 | 43343k| 534.3 |   299M |  39 |1166 |7486 |4071 | 175k|  0 |  57k|  15 | 0.000000e+00 |      --      |    Inf |  76.75%
 4934s| 81200 |   784 | 43388k| 534.2 |   299M |  39 |1166 |7465 |4070 | 175k|  0 |  57k|  15 | 0.000000e+00 |      --      |    Inf |  76.76%
 time | node  | left  |LP iter|LP it/n|mem/heur|mdpt |vars |cons |rows |cuts |sepa|confs|strbr|  dualbound   | primalbound  |  gap   | compl. 
 4939s| 81300 |   785 | 43431k| 534.1 |   299M |  39 |1166 |7431 |2910 | 176k|  2 |  57k|  15 | 0.000000e+00 |      --      |    Inf |  76.76%
 4943s| 81400 |   783 | 43469k| 533.9 |   299M |  39 |1166 |7344 |4051 | 176k|  1 |  57k|  15 | 0.000000e+00 |      --      |    Inf |  76.79%
 4949s| 81500 |   785 | 43514k| 533.8 |   299M |  39 |1166 |7183 |4163 | 176k|  1 |  58k|  15 | 0.000000e+00 |      --      |    Inf |  76.80%
 4954s| 81600 |   787 | 43552k| 533.6 |   299M |  39 |1166 |7231 |4163 | 176k|  0 |  58k|  15 | 0.000000e+00 |      --      |    Inf |  76.80%
 4961s| 81700 |   782 | 43593k| 533.4 |   299M |  39 |1166 |7268 |4164 | 176k|  1 |  58k|  15 | 0.000000e+00 |      --      |    Inf |  76.80%
 4967s| 81800 |   789 | 43631k| 533.2 |   299M |  39 |1166 |7310 |4163 | 176k|  0 |  58k|  15 | 0.000000e+00 |      --      |    Inf |  76.80%
 4973s| 81900 |   777 | 43673k| 533.1 |   299M |  39 |1166 |7357 |4164 | 176k|  1 |  58k|  15 | 0.000000e+00 |      --      |    Inf |  76.80%
 4978s| 82000 |   783 | 43709k| 532.9 |   299M |  39 |1166 |7399 |4165 | 176k|  1 |  58k|  15 | 0.000000e+00 |      --      |    Inf |  76.81%
 4983s| 82100 |   789 | 43739k| 532.6 |   299M |  39 |1166 |7437 |4167 | 176k|  1 |  58k|  15 | 0.000000e+00 |      --      |    Inf |  76.81%
 4988s| 82200 |   785 | 43773k| 532.4 |   299M |  39 |1166 |7492 |4165 | 176k|  0 |  58k|  15 | 0.000000e+00 |      --      |    Inf |  76.81%
 4994s| 82300 |   778 | 43813k| 532.2 |   299M |  39 |1166 |7522 |4011 | 176k|  1 |  58k|  15 | 0.000000e+00 |      --      |    Inf |  76.81%
 5002s| 82400 |   773 | 43866k| 532.2 |   300M |  39 |1166 |7480 |4166 | 176k|  0 |  58k|  15 | 0.000000e+00 |      --      |    Inf |  76.84%
 5010s| 82500 |   771 | 43922k| 532.2 |   300M |  39 |1166 |7176 |3863 | 176k|  0 |  58k|  15 | 0.000000e+00 |      --      |    Inf |  76.88%
 5015s| 82600 |   762 | 43980k| 532.3 |   300M |  39 |1166 |7030 |4016 | 176k|  1 |  58k|  15 | 0.000000e+00 |      --      |    Inf |  76.90%
 5019s| 82700 |   768 | 44016k| 532.1 |   300M |  39 |1166 |7008 |3981 | 176k|  2 |  58k|  15 | 0.000000e+00 |      --      |    Inf |  76.91%
 time | node  | left  |LP iter|LP it/n|mem/heur|mdpt |vars |cons |rows |cuts |sepa|confs|strbr|  dualbound   | primalbound  |  gap   | compl. 
 5022s| 82800 |   768 | 44051k| 531.9 |   300M |  39 |1166 |6984 |3980 | 176k|  1 |  58k|  15 | 0.000000e+00 |      --      |    Inf |  76.91%
 5028s| 82900 |   761 | 44115k| 532.0 |   300M |  39 |1166 |6950 |3802 | 177k|  2 |  58k|  15 | 0.000000e+00 |      --      |    Inf |  76.92%
 5032s| 83000 |   762 | 44163k| 531.9 |   300M |  39 |1166 |6978 |4030 | 177k|  0 |  58k|  15 | 0.000000e+00 |      --      |    Inf |  76.92%
 5035s| 83100 |   768 | 44202k| 531.8 |   300M |  39 |1166 |6974 |3802 | 177k|  2 |  58k|  15 | 0.000000e+00 |      --      |    Inf |  76.92%
 5042s| 83200 |   762 | 44267k| 531.9 |   300M |  39 |1166 |6590 |4036 | 177k|  1 |  59k|  15 | 0.000000e+00 |      --      |    Inf |  76.95%
 5053s| 83300 |   768 | 44366k| 532.5 |   301M |  39 |1166 |6689 |4044 | 177k|  0 |  59k|  15 | 0.000000e+00 |      --      |    Inf |  76.96%
 5058s| 83400 |   783 | 44424k| 532.5 |   301M |  39 |1166 |6677 |4030 | 177k|  1 |  59k|  15 | 0.000000e+00 |      --      |    Inf |  76.96%
 5066s| 83500 |   788 | 44496k| 532.7 |   301M |  39 |1166 |6755 |4031 | 177k|  0 |  59k|  15 | 0.000000e+00 |      --      |    Inf |  76.96%
 5072s| 83600 |   788 | 44555k| 532.8 |   301M |  39 |1166 |6792 |4030 | 177k|  1 |  59k|  15 | 0.000000e+00 |      --      |    Inf |  76.96%
 5079s| 83700 |   779 | 44624k| 533.0 |   301M |  39 |1166 |6810 |4052 | 177k|  1 |  59k|  15 | 0.000000e+00 |      --      |    Inf |  76.97%
 5086s| 83800 |   779 | 44692k| 533.2 |   301M |  39 |1166 |6679 |3990 | 177k|  1 |  59k|  15 | 0.000000e+00 |      --      |    Inf |  76.98%
 5093s| 83900 |   784 | 44764k| 533.4 |   301M |  39 |1166 |6863 |3992 | 177k|  2 |  60k|  15 | 0.000000e+00 |      --      |    Inf |  76.98%
 5100s| 84000 |   785 | 44833k| 533.6 |   301M |  39 |1166 |6989 |3996 | 178k|  0 |  60k|  15 | 0.000000e+00 |      --      |    Inf |  76.98%
 5107s| 84100 |   788 | 44908k| 533.8 |   301M |  39 |1166 |7107 |4003 | 178k|  1 |  60k|  15 | 0.000000e+00 |      --      |    Inf |  76.98%
 5114s| 84200 |   782 | 44980k| 534.1 |   301M |  39 |1166 |7274 |4002 | 178k|  0 |  60k|  15 | 0.000000e+00 |      --      |    Inf |  76.98%
 time | node  | left  |LP iter|LP it/n|mem/heur|mdpt |vars |cons |rows |cuts |sepa|confs|strbr|  dualbound   | primalbound  |  gap   | compl. 
 5125s| 84300 |   778 | 45052k| 534.3 |   301M |  39 |1166 |7422 |4016 | 178k|  0 |  60k|  15 | 0.000000e+00 |      --      |    Inf |  76.98%
 5135s| 84400 |   784 | 45129k| 534.6 |   301M |  39 |1166 |7487 |4016 | 178k|  0 |  61k|  15 | 0.000000e+00 |      --      |    Inf |  76.99%
 5146s| 84500 |   786 | 45215k| 535.0 |   301M |  39 |1166 |7593 |4003 | 178k|  2 |  61k|  15 | 0.000000e+00 |      --      |    Inf |  76.99%
 5156s| 84600 |   777 | 45277k| 535.0 |   301M |  39 |1166 |7766 |4010 | 178k|  0 |  61k|  15 | 0.000000e+00 |      --      |    Inf |  76.99%
 5165s| 84700 |   787 | 45341k| 535.2 |   301M |  39 |1166 |7889 |4006 | 178k|  0 |  61k|  15 | 0.000000e+00 |      --      |    Inf |  76.99%
 5173s| 84800 |   779 | 45404k| 535.3 |   302M |  39 |1166 |8043 |4007 | 178k|  0 |  61k|  15 | 0.000000e+00 |      --      |    Inf |  76.99%
 5185s| 84900 |   774 | 45491k| 535.7 |   302M |  39 |1166 |8085 |4007 | 178k|  0 |  61k|  15 | 0.000000e+00 |      --      |    Inf |  76.99%
 5197s| 85000 |   787 | 45575k| 536.0 |   302M |  39 |1166 |8114 |4011 | 178k|  1 |  62k|  15 | 0.000000e+00 |      --      |    Inf |  77.00%
 5210s| 85100 |   785 | 45670k| 536.5 |   302M |  39 |1166 |8171 |4003 | 178k|  2 |  62k|  15 | 0.000000e+00 |      --      |    Inf |  77.00%
 5218s| 85200 |   795 | 45731k| 536.6 |   302M |  39 |1166 |8320 |4006 | 178k|  1 |  62k|  15 | 0.000000e+00 |      --      |    Inf |  77.00%
 5227s| 85300 |   794 | 45799k| 536.8 |   302M |  39 |1166 |8436 |4007 | 178k|  2 |  62k|  15 | 0.000000e+00 |      --      |    Inf |  77.00%
 5237s| 85400 |   794 | 45876k| 537.0 |   302M |  39 |1166 |8545 |4020 | 178k|  0 |  62k|  15 | 0.000000e+00 |      --      |    Inf |  77.00%
 5247s| 85500 |   788 | 45953k| 537.3 |   303M |  39 |1166 |8432 |3891 | 178k|  2 |  62k|  15 | 0.000000e+00 |      --      |    Inf |  77.01%
 5258s| 85600 |   786 | 46032k| 537.6 |   303M |  39 |1166 |8277 |4014 | 178k|  1 |  63k|  15 | 0.000000e+00 |      --      |    Inf |  77.03%
 5271s| 85700 |   791 | 46132k| 538.2 |   303M |  39 |1166 |8228 |3646 | 179k|  2 |  63k|  15 | 0.000000e+00 |      --      |    Inf |  77.05%
 time | node  | left  |LP iter|LP it/n|mem/heur|mdpt |vars |cons |rows |cuts |sepa|confs|strbr|  dualbound   | primalbound  |  gap   | compl. 
 5281s| 85800 |   795 | 46202k| 538.3 |   303M |  39 |1166 |8066 |3924 | 179k|  2 |  63k|  15 | 0.000000e+00 |      --      |    Inf |  77.07%
 5289s| 85900 |   793 | 46270k| 538.5 |   303M |  39 |1166 |8066 |3944 | 179k|  2 |  63k|  15 | 0.000000e+00 |      --      |    Inf |  77.09%
 5297s| 86000 |   803 | 46330k| 538.6 |   303M |  39 |1166 |7848 |4169 | 179k|  1 |  63k|  15 | 0.000000e+00 |      --      |    Inf |  77.11%
 5303s| 86100 |   802 | 46377k| 538.5 |   303M |  39 |1166 |7859 |4169 | 179k|  1 |  63k|  15 | 0.000000e+00 |      --      |    Inf |  77.11%
 5309s| 86200 |   793 | 46424k| 538.4 |   303M |  39 |1166 |7912 |4169 | 179k|  1 |  63k|  15 | 0.000000e+00 |      --      |    Inf |  77.12%
 5317s| 86300 |   781 | 46488k| 538.5 |   303M |  39 |1166 |7874 |3254 | 180k|  0 |  63k|  15 | 0.000000e+00 |      --      |    Inf |  77.13%
 5330s| 86400 |   783 | 46594k| 539.1 |   304M |  39 |1166 |7496 |2991 | 181k|  0 |  63k|  15 | 0.000000e+00 |      --      |    Inf |  77.29%
 5337s| 86500 |   783 | 46657k| 539.3 |   304M |  39 |1166 |7357 |4141 | 181k|  0 |  63k|  15 | 0.000000e+00 |      --      |    Inf |  77.45%
 5344s| 86600 |   776 | 46714k| 539.3 |   304M |  39 |1166 |7348 |4043 | 181k|  1 |  63k|  15 | 0.000000e+00 |      --      |    Inf |  77.45%
 5352s| 86700 |   781 | 46774k| 539.4 |   304M |  39 |1166 |7479 |4162 | 181k|  0 |  64k|  15 | 0.000000e+00 |      --      |    Inf |  77.46%
 5360s| 86800 |   781 | 46833k| 539.4 |   304M |  39 |1166 |7586 |4159 | 181k|  0 |  64k|  15 | 0.000000e+00 |      --      |    Inf |  77.46%
 5366s| 86900 |   788 | 46886k| 539.4 |   304M |  39 |1166 |7503 |4073 | 181k|  0 |  64k|  15 | 0.000000e+00 |      --      |    Inf |  77.46%
 5373s| 87000 |   788 | 46939k| 539.4 |   304M |  39 |1166 |7465 |4074 | 181k|  2 |  64k|  15 | 0.000000e+00 |      --      |    Inf |  77.47%
 5379s| 87100 |   786 | 46987k| 539.3 |   304M |  39 |1166 |7498 |3804 | 181k|  0 |  64k|  15 | 0.000000e+00 |      --      |    Inf |  77.48%
 5385s| 87200 |   793 | 47033k| 539.2 |   304M |  39 |1166 |7391 |3980 | 181k|  1 |  64k|  15 | 0.000000e+00 |      --      |    Inf |  77.48%
 time | node  | left  |LP iter|LP it/n|mem/heur|mdpt |vars |cons |rows |cuts |sepa|confs|strbr|  dualbound   | primalbound  |  gap   | compl. 
 5392s| 87300 |   797 | 47091k| 539.3 |   304M |  39 |1166 |7274 |4058 | 181k|  1 |  64k|  15 | 0.000000e+00 |      --      |    Inf |  77.54%
 5398s| 87400 |   807 | 47140k| 539.2 |   304M |  39 |1166 |7316 |4058 | 181k|  0 |  64k|  15 | 0.000000e+00 |      --      |    Inf |  77.56%
 5403s| 87500 |   806 | 47188k| 539.2 |   304M |  39 |1166 |7367 |4059 | 181k|  1 |  64k|  15 | 0.000000e+00 |      --      |    Inf |  77.56%
 5409s| 87600 |   799 | 47237k| 539.1 |   304M |  39 |1166 |7435 |4059 | 181k|  0 |  64k|  15 | 0.000000e+00 |      --      |    Inf |  77.57%
 5416s| 87700 |   787 | 47291k| 539.1 |   304M |  39 |1166 |7475 |4059 | 181k|  0 |  64k|  15 | 0.000000e+00 |      --      |    Inf |  77.58%
 5424s| 87800 |   807 | 47359k| 539.3 |   304M |  39 |1166 |7405 |4058 | 182k|  0 |  65k|  15 | 0.000000e+00 |      --      |    Inf |  77.68%
 5432s| 87900 |   803 | 47418k| 539.3 |   304M |  39 |1166 |7434 |4071 | 182k|  1 |  65k|  15 | 0.000000e+00 |      --      |    Inf |  77.70%
 5438s| 88000 |   801 | 47468k| 539.3 |   304M |  39 |1166 |7447 |4072 | 182k|  1 |  65k|  15 | 0.000000e+00 |      --      |    Inf |  77.70%
 5444s| 88100 |   795 | 47516k| 539.2 |   304M |  39 |1166 |7422 |4133 | 182k|  0 |  65k|  15 | 0.000000e+00 |      --      |    Inf |  77.71%
 5451s| 88200 |   780 | 47568k| 539.2 |   304M |  39 |1166 |7351 |4028 | 182k|  1 |  65k|  15 | 0.000000e+00 |      --      |    Inf |  77.71%
 5458s| 88300 |   783 | 47621k| 539.2 |   304M |  39 |1166 |7310 |4146 | 182k|  1 |  65k|  15 | 0.000000e+00 |      --      |    Inf |  77.72%
 5466s| 88400 |   781 | 47685k| 539.3 |   304M |  39 |1166 |7186 |2897 | 182k|  2 |  65k|  15 | 0.000000e+00 |      --      |    Inf |  77.72%
 5475s| 88500 |   805 | 47749k| 539.4 |   304M |  39 |1166 |7181 |4154 | 182k|  0 |  65k|  15 | 0.000000e+00 |      --      |    Inf |  77.73%
 5485s| 88600 |   810 | 47821k| 539.6 |   304M |  39 |1166 |7186 |3994 | 183k|  0 |  65k|  15 | 0.000000e+00 |      --      |    Inf |  77.74%
 5495s| 88700 |   815 | 47893k| 539.8 |   304M |  39 |1166 |7236 |4043 | 183k|  1 |  65k|  15 | 0.000000e+00 |      --      |    Inf |  77.74%
 time | node  | left  |LP iter|LP it/n|mem/heur|mdpt |vars |cons |rows |cuts |sepa|confs|strbr|  dualbound   | primalbound  |  gap   | compl. 
 5502s| 88800 |   818 | 47947k| 539.8 |   304M |  39 |1166 |7313 |3995 | 183k|  0 |  65k|  15 | 0.000000e+00 |      --      |    Inf |  77.74%
 5510s| 88900 |   812 | 48009k| 539.9 |   304M |  39 |1166 |7402 |3994 | 183k|  0 |  65k|  15 | 0.000000e+00 |      --      |    Inf |  77.74%
 5518s| 89000 |   816 | 48065k| 539.9 |   304M |  39 |1166 |7449 |3994 | 183k|  0 |  66k|  15 | 0.000000e+00 |      --      |    Inf |  77.74%
 5529s| 89100 |   807 | 48147k| 540.2 |   305M |  39 |1166 |7380 |4018 | 183k|  0 |  66k|  15 | 0.000000e+00 |      --      |    Inf |  77.75%
 5539s| 89200 |   807 | 48222k| 540.5 |   305M |  39 |1166 |7356 |2937 | 183k|  0 |  66k|  15 | 0.000000e+00 |      --      |    Inf |  77.79%
 5549s| 89300 |   812 | 48310k| 540.9 |   305M |  39 |1166 |7294 |2947 | 184k|  2 |  66k|  15 | 0.000000e+00 |      --      |    Inf |  77.80%
 5560s| 89400 |   810 | 48400k| 541.2 |   305M |  39 |1166 |7339 |3304 | 185k|  0 |  66k|  15 | 0.000000e+00 |      --      |    Inf |  77.81%
 5573s| 89500 |   799 | 48504k| 541.8 |   305M |  39 |1166 |7250 |3939 | 185k|  0 |  66k|  15 | 0.000000e+00 |      --      |    Inf |  77.94%
 5584s| 89600 |   806 | 48613k| 542.4 |   305M |  39 |1166 |7233 |3088 | 186k|  2 |  66k|  15 | 0.000000e+00 |      --      |    Inf |  77.95%
 5598s| 89700 |   802 | 48708k| 542.9 |   306M |  39 |1166 |7045 |4075 | 187k|  0 |  66k|  15 | 0.000000e+00 |      --      |    Inf |  77.98%
 5609s| 89800 |   801 | 48804k| 543.3 |   306M |  39 |1166 |7189 |4182 | 188k|  1 |  66k|  15 | 0.000000e+00 |      --      |    Inf |  78.05%
 5616s| 89900 |   796 | 48860k| 543.4 |   306M |  39 |1166 |7150 |4063 | 188k|  1 |  66k|  15 | 0.000000e+00 |      --      |    Inf |  78.06%
 5623s| 90000 |   790 | 48905k| 543.3 |   306M |  39 |1166 |7056 |3930 | 188k|  0 |  66k|  15 | 0.000000e+00 |      --      |    Inf |  78.08%
 5628s| 90100 |   783 | 48950k| 543.2 |   306M |  39 |1166 |7018 |4080 | 188k|  0 |  66k|  15 | 0.000000e+00 |      --      |    Inf |  78.09%
 5638s| 90200 |   787 | 49016k| 543.3 |   306M |  39 |1166 |7024 |4001 | 188k|  0 |  67k|  15 | 0.000000e+00 |      --      |    Inf |  78.09%
 time | node  | left  |LP iter|LP it/n|mem/heur|mdpt |vars |cons |rows |cuts |sepa|confs|strbr|  dualbound   | primalbound  |  gap   | compl. 
 5647s| 90300 |   780 | 49085k| 543.4 |   306M |  39 |1166 |7074 |4009 | 188k|  0 |  67k|  15 | 0.000000e+00 |      --      |    Inf |  78.10%
 5655s| 90400 |   773 | 49147k| 543.5 |   307M |  39 |1166 |6866 |4077 | 188k|  0 |  67k|  15 | 0.000000e+00 |      --      |    Inf |  78.20%
 5664s| 90500 |   767 | 49215k| 543.7 |   307M |  39 |1166 |6772 |4055 | 188k|  0 |  67k|  15 | 0.000000e+00 |      --      |    Inf |  78.21%
 5675s| 90600 |   770 | 49302k| 544.0 |   308M |  39 |1166 |6595 |3857 | 188k|  2 |  67k|  15 | 0.000000e+00 |      --      |    Inf |  78.22%
 5686s| 90700 |   778 | 49383k| 544.3 |   308M |  39 |1166 |6659 |3800 | 188k|  0 |  67k|  15 | 0.000000e+00 |      --      |    Inf |  78.24%
 5696s| 90800 |   775 | 49465k| 544.6 |   309M |  39 |1166 |6551 |3824 | 189k|  0 |  68k|  15 | 0.000000e+00 |      --      |    Inf |  78.32%
 5707s| 90900 |   776 | 49547k| 544.9 |   309M |  39 |1166 |6645 |3848 | 189k|  0 |  68k|  15 | 0.000000e+00 |      --      |    Inf |  78.33%
 5718s| 91000 |   776 | 49625k| 545.2 |   309M |  39 |1166 |6748 |3924 | 189k|  0 |  68k|  15 | 0.000000e+00 |      --      |    Inf |  78.33%
 5728s| 91100 |   770 | 49703k| 545.5 |   309M |  39 |1166 |6680 |4037 | 189k|  1 |  68k|  15 | 0.000000e+00 |      --      |    Inf |  78.35%
 5735s| 91200 |   770 | 49766k| 545.6 |   309M |  39 |1166 |6333 |3845 | 189k|  1 |  68k|  15 | 0.000000e+00 |      --      |    Inf |  78.40%
 5749s| 91300 |   777 | 49864k| 546.0 |   309M |  39 |1166 |6190 |3887 | 190k|  0 |  68k|  15 | 0.000000e+00 |      --      |    Inf |  78.43%
 5757s| 91400 |   779 | 49935k| 546.2 |   309M |  39 |1166 |6236 |3884 | 190k|  1 |  68k|  15 | 0.000000e+00 |      --      |    Inf |  78.45%
 5764s| 91500 |   775 | 49994k| 546.3 |   309M |  39 |1166 |6271 |4045 | 190k|  0 |  68k|  15 | 0.000000e+00 |      --      |    Inf |  78.48%
 5771s| 91600 |   769 | 50043k| 546.2 |   309M |  39 |1166 |6237 |3388 | 190k|  2 |  68k|  15 | 0.000000e+00 |      --      |    Inf |  78.50%
 5778s| 91700 |   775 | 50104k| 546.3 |   309M |  39 |1166 |6244 |3824 | 190k|  2 |  68k|  15 | 0.000000e+00 |      --      |    Inf |  78.51%
 time | node  | left  |LP iter|LP it/n|mem/heur|mdpt |vars |cons |rows |cuts |sepa|confs|strbr|  dualbound   | primalbound  |  gap   | compl. 
 5784s| 91800 |   781 | 50161k| 546.3 |   309M |  39 |1166 |6286 |3020 | 190k|  0 |  68k|  15 | 0.000000e+00 |      --      |    Inf |  78.51%
 5790s| 91900 |   783 | 50213k| 546.3 |   309M |  39 |1166 |6364 |3101 | 191k|  2 |  68k|  15 | 0.000000e+00 |      --      |    Inf |  78.52%
 5795s| 92000 |   775 | 50257k| 546.1 |   309M |  39 |1166 |6373 |4019 | 191k|  0 |  69k|  15 | 0.000000e+00 |      --      |    Inf |  78.52%
 5800s| 92100 |   775 | 50299k| 546.0 |   309M |  39 |1166 |6449 |4018 | 191k|  0 |  69k|  15 | 0.000000e+00 |      --      |    Inf |  78.52%
 5806s| 92200 |   780 | 50342k| 545.9 |   309M |  39 |1166 |6520 |4021 | 191k|  0 |  69k|  15 | 0.000000e+00 |      --      |    Inf |  78.53%
 5810s| 92300 |   778 | 50378k| 545.7 |   309M |  39 |1166 |6543 |3906 | 191k|  2 |  69k|  15 | 0.000000e+00 |      --      |    Inf |  78.53%
 5817s| 92400 |   774 | 50443k| 545.8 |   309M |  39 |1166 |6556 |3224 | 192k|  0 |  69k|  15 | 0.000000e+00 |      --      |    Inf |  78.53%
 5825s| 92500 |   767 | 50513k| 546.0 |   309M |  39 |1166 |6512 |3867 | 192k|  0 |  69k|  15 | 0.000000e+00 |      --      |    Inf |  78.55%
 5831s| 92600 |   771 | 50562k| 545.9 |   309M |  39 |1166 |6431 |2780 | 192k|  2 |  69k|  15 | 0.000000e+00 |      --      |    Inf |  78.56%
 5837s| 92700 |   771 | 50612k| 545.8 |   309M |  39 |1166 |6406 |3921 | 193k|  0 |  69k|  15 | 0.000000e+00 |      --      |    Inf |  78.57%
 5844s| 92800 |   778 | 50661k| 545.8 |   309M |  39 |1166 |6428 |4059 | 193k|  1 |  69k|  15 | 0.000000e+00 |      --      |    Inf |  78.58%
 5850s| 92900 |   800 | 50709k| 545.7 |   309M |  39 |1166 |6491 |4060 | 193k|  1 |  69k|  15 | 0.000000e+00 |      --      |    Inf |  78.58%
 5854s| 93000 |   775 | 50749k| 545.6 |   309M |  39 |1166 |6541 |4059 | 193k|  0 |  69k|  15 | 0.000000e+00 |      --      |    Inf |  78.58%
 5860s| 93100 |   790 | 50797k| 545.5 |   310M |  39 |1166 |6628 |4058 | 193k|  1 |  69k|  15 | 0.000000e+00 |      --      |    Inf |  78.59%
 5866s| 93200 |   768 | 50839k| 545.4 |   310M |  39 |1166 |6708 |4120 | 193k|  0 |  69k|  15 | 0.000000e+00 |      --      |    Inf |  78.59%
 time | node  | left  |LP iter|LP it/n|mem/heur|mdpt |vars |cons |rows |cuts |sepa|confs|strbr|  dualbound   | primalbound  |  gap   | compl. 
 5872s| 93300 |   768 | 50895k| 545.4 |   310M |  39 |1166 |6689 |3888 | 193k|  0 |  70k|  15 | 0.000000e+00 |      --      |    Inf |  78.61%
 5879s| 93400 |   766 | 50948k| 545.4 |   310M |  39 |1166 |6676 |4027 | 193k|  0 |  70k|  15 | 0.000000e+00 |      --      |    Inf |  78.63%
 5886s| 93500 |   767 | 51012k| 545.5 |   310M |  39 |1166 |6638 |4042 | 193k|  0 |  70k|  15 | 0.000000e+00 |      --      |    Inf |  78.69%
 5893s| 93600 |   777 | 51064k| 545.4 |   310M |  39 |1166 |6652 |3929 | 193k|  0 |  70k|  15 | 0.000000e+00 |      --      |    Inf |  78.74%
 5897s| 93700 |   772 | 51103k| 545.3 |   310M |  39 |1166 |6688 |3930 | 193k|  1 |  70k|  15 | 0.000000e+00 |      --      |    Inf |  78.74%
 5902s| 93800 |   774 | 51147k| 545.2 |   310M |  39 |1166 |6720 |3930 | 193k|  2 |  70k|  15 | 0.000000e+00 |      --      |    Inf |  78.74%
 5907s| 93900 |   772 | 51187k| 545.0 |   310M |  39 |1166 |6780 |3934 | 193k|  2 |  70k|  15 | 0.000000e+00 |      --      |    Inf |  78.74%
 5914s| 94000 |   770 | 51244k| 545.0 |   310M |  39 |1166 |6723 |4163 | 193k|  1 |  70k|  15 | 0.000000e+00 |      --      |    Inf |  78.75%
 5921s| 94100 |   781 | 51298k| 545.0 |   310M |  39 |1166 |6744 |4016 | 193k|  1 |  70k|  15 | 0.000000e+00 |      --      |    Inf |  78.78%
 5928s| 94200 |   762 | 51350k| 545.0 |   310M |  39 |1166 |6500 |4123 | 193k|  0 |  70k|  15 | 0.000000e+00 |      --      |    Inf |  78.80%
 5935s| 94300 |   759 | 51413k| 545.1 |   310M |  39 |1166 |6420 |4070 | 193k|  0 |  70k|  15 | 0.000000e+00 |      --      |    Inf |  78.82%
 5941s| 94400 |   752 | 51464k| 545.0 |   310M |  39 |1166 |6405 |4094 | 193k|  1 |  71k|  15 | 0.000000e+00 |      --      |    Inf |  78.92%
 5946s| 94500 |   745 | 51511k| 545.0 |   310M |  39 |1166 |6319 |3942 | 193k|  0 |  71k|  15 | 0.000000e+00 |      --      |    Inf |  78.95%
 5952s| 94600 |   742 | 51565k| 545.0 |   310M |  39 |1166 |6154 |4079 | 193k|  0 |  71k|  15 | 0.000000e+00 |      --      |    Inf |  78.99%
 5959s| 94700 |   745 | 51622k| 545.0 |   310M |  39 |1166 |6030 |4086 | 193k|  0 |  71k|  15 | 0.000000e+00 |      --      |    Inf |  79.05%
 time | node  | left  |LP iter|LP it/n|mem/heur|mdpt |vars |cons |rows |cuts |sepa|confs|strbr|  dualbound   | primalbound  |  gap   | compl. 
 5966s| 94800 |   747 | 51681k| 545.0 |   310M |  39 |1166 |6104 |4131 | 193k|  0 |  71k|  15 | 0.000000e+00 |      --      |    Inf |  79.07%
 5973s| 94900 |   749 | 51750k| 545.2 |   311M |  39 |1166 |6095 |4131 | 193k|  1 |  71k|  15 | 0.000000e+00 |      --      |    Inf |  79.12%
 5979s| 95000 |   763 | 51800k| 545.1 |   311M |  39 |1166 |6086 |4027 | 193k|  0 |  71k|  15 | 0.000000e+00 |      --      |    Inf |  79.13%
 5985s| 95100 |   744 | 51853k| 545.1 |   311M |  39 |1166 |6121 |3928 | 193k|  0 |  71k|  15 | 0.000000e+00 |      --      |    Inf |  79.13%
 5990s| 95200 |   747 | 51898k| 545.0 |   311M |  39 |1166 |6133 |2958 | 194k|  2 |  71k|  15 | 0.000000e+00 |      --      |    Inf |  79.13%
 5995s| 95300 |   755 | 51949k| 545.0 |   311M |  39 |1166 |6174 |3005 | 194k|  0 |  71k|  15 | 0.000000e+00 |      --      |    Inf |  79.14%
 6000s| 95400 |   750 | 52003k| 545.0 |   311M |  39 |1166 |6234 |4024 | 195k|  1 |  71k|  15 | 0.000000e+00 |      --      |    Inf |  79.17%
 6004s| 95500 |   758 | 52041k| 544.8 |   311M |  39 |1166 |6278 |4024 | 195k|  0 |  71k|  15 | 0.000000e+00 |      --      |    Inf |  79.17%
 6012s| 95600 |   757 | 52105k| 544.9 |   311M |  39 |1166 |6213 |4082 | 195k|  0 |  71k|  15 | 0.000000e+00 |      --      |    Inf |  79.20%
 6022s| 95700 |   754 | 52178k| 545.1 |   311M |  39 |1166 |6369 |4184 | 195k|  0 |  72k|  15 | 0.000000e+00 |      --      |    Inf |  79.20%
 6028s| 95800 |   758 | 52234k| 545.1 |   311M |  39 |1166 |6302 |4064 | 195k|  1 |  72k|  15 | 0.000000e+00 |      --      |    Inf |  79.21%
 6035s| 95900 |   763 | 52288k| 545.1 |   311M |  39 |1166 |6334 |3911 | 195k|  0 |  72k|  15 | 0.000000e+00 |      --      |    Inf |  79.22%
 6042s| 96000 |   773 | 52344k| 545.1 |   311M |  39 |1166 |6391 |4093 | 195k|  1 |  72k|  15 | 0.000000e+00 |      --      |    Inf |  79.23%
 6052s| 96100 |   775 | 52433k| 545.5 |   312M |  39 |1166 |6386 |3825 | 196k|  2 |  72k|  15 | 0.000000e+00 |      --      |    Inf |  79.24%
 6059s| 96200 |   772 | 52493k| 545.5 |   312M |  39 |1166 |6386 |4076 | 196k|  1 |  72k|  15 | 0.000000e+00 |      --      |    Inf |  79.25%
 time | node  | left  |LP iter|LP it/n|mem/heur|mdpt |vars |cons |rows |cuts |sepa|confs|strbr|  dualbound   | primalbound  |  gap   | compl. 
 6064s| 96300 |   759 | 52532k| 545.4 |   312M |  39 |1166 |6311 |4077 | 196k|  1 |  72k|  15 | 0.000000e+00 |      --      |    Inf |  79.28%
 6072s| 96400 |   754 | 52591k| 545.4 |   312M |  39 |1166 |6231 |3960 | 196k|  0 |  72k|  15 | 0.000000e+00 |      --      |    Inf |  79.28%
 6078s| 96500 |   764 | 52642k| 545.4 |   312M |  39 |1166 |6182 |4164 | 196k|  1 |  72k|  15 | 0.000000e+00 |      --      |    Inf |  79.29%
 6087s| 96600 |   755 | 52713k| 545.6 |   312M |  39 |1166 |6225 |4165 | 196k|  1 |  72k|  15 | 0.000000e+00 |      --      |    Inf |  79.31%
 6095s| 96700 |   753 | 52790k| 545.8 |   312M |  39 |1166 |6253 |3025 | 197k|  2 |  72k|  15 | 0.000000e+00 |      --      |    Inf |  79.33%
 6103s| 96800 |   763 | 52855k| 545.9 |   312M |  39 |1166 |6156 |4152 | 197k|  1 |  73k|  15 | 0.000000e+00 |      --      |    Inf |  79.76%
 6113s| 96900 |   774 | 52938k| 546.2 |   312M |  39 |1166 |6093 |3294 | 197k|  2 |  73k|  15 | 0.000000e+00 |      --      |    Inf |  79.77%
 6123s| 97000 |   777 | 53017k| 546.4 |   313M |  39 |1166 |6074 |4026 | 198k|  2 |  73k|  15 | 0.000000e+00 |      --      |    Inf |  79.78%
 6129s| 97100 |   777 | 53068k| 546.4 |   313M |  39 |1166 |6126 |4024 | 198k|  0 |  73k|  15 | 0.000000e+00 |      --      |    Inf |  79.79%
 6136s| 97200 |   780 | 53132k| 546.5 |   313M |  39 |1166 |6116 |4070 | 198k|  0 |  73k|  15 | 0.000000e+00 |      --      |    Inf |  79.79%
 6146s| 97300 |   770 | 53207k| 546.7 |   314M |  39 |1166 |6073 |4133 | 198k|  0 |  73k|  15 | 0.000000e+00 |      --      |    Inf |  79.81%
 6150s| 97400 |   772 | 53250k| 546.6 |   314M |  39 |1166 |6062 |2953 | 198k|  0 |  73k|  15 | 0.000000e+00 |      --      |    Inf |  79.82%
 6156s| 97500 |   781 | 53294k| 546.5 |   314M |  39 |1166 |5985 |3996 | 199k|  1 |  73k|  15 | 0.000000e+00 |      --      |    Inf |  79.83%
 6161s| 97600 |   781 | 53339k| 546.4 |   314M |  39 |1166 |6003 |3996 | 199k|  0 |  73k|  15 | 0.000000e+00 |      --      |    Inf |  79.84%
 6165s| 97700 |   782 | 53381k| 546.3 |   314M |  39 |1166 |6030 |3995 | 199k|  0 |  73k|  15 | 0.000000e+00 |      --      |    Inf |  79.84%
 time | node  | left  |LP iter|LP it/n|mem/heur|mdpt |vars |cons |rows |cuts |sepa|confs|strbr|  dualbound   | primalbound  |  gap   | compl. 
 6172s| 97800 |   772 | 53448k| 546.4 |   314M |  39 |1166 |5995 |3889 | 199k|  1 |  73k|  15 | 0.000000e+00 |      --      |    Inf |  79.86%
 6177s| 97900 |   770 | 53507k| 546.4 |   314M |  39 |1166 |5948 |4064 | 199k|  1 |  73k|  15 | 0.000000e+00 |      --      |    Inf |  79.87%
 6183s| 98000 |   770 | 53571k| 546.5 |   314M |  39 |1166 |5930 |3981 | 199k|  2 |  73k|  15 | 0.000000e+00 |      --      |    Inf |  79.88%
 6192s| 98100 |   769 | 53659k| 546.9 |   314M |  39 |1166 |5869 |3764 | 199k|  0 |  74k|  15 | 0.000000e+00 |      --      |    Inf |  79.96%
 6198s| 98200 |   763 | 53720k| 546.9 |   314M |  39 |1166 |5731 |4096 | 199k|  1 |  74k|  15 | 0.000000e+00 |      --      |    Inf |  79.99%
 6201s| 98300 |   767 | 53754k| 546.7 |   314M |  39 |1166 |5739 |4060 | 199k|  0 |  74k|  15 | 0.000000e+00 |      --      |    Inf |  80.00%
 6205s| 98400 |   765 | 53791k| 546.5 |   314M |  39 |1166 |5780 |4061 | 199k|  0 |  74k|  15 | 0.000000e+00 |      --      |    Inf |  80.00%
 6208s| 98500 |   764 | 53823k| 546.3 |   314M |  39 |1166 |5842 |4062 | 199k|  1 |  74k|  15 | 0.000000e+00 |      --      |    Inf |  80.00%
 6210s| 98600 |   772 | 53855k| 546.1 |   314M |  39 |1166 |5879 |4062 | 199k|  0 |  74k|  15 | 0.000000e+00 |      --      |    Inf |  80.01%
 6214s| 98700 |   770 | 53899k| 546.0 |   314M |  39 |1166 |5925 |4062 | 199k|  1 |  74k|  15 | 0.000000e+00 |      --      |    Inf |  80.01%
 6218s| 98800 |   768 | 53941k| 545.8 |   314M |  39 |1166 |5989 |4062 | 199k|  0 |  74k|  15 | 0.000000e+00 |      --      |    Inf |  80.01%
 6221s| 98900 |   779 | 53977k| 545.7 |   314M |  39 |1166 |6042 |4063 | 199k|  1 |  74k|  15 | 0.000000e+00 |      --      |    Inf |  80.01%
 6225s| 99000 |   776 | 54015k| 545.5 |   314M |  39 |1166 |6080 |4063 | 199k|  1 |  74k|  15 | 0.000000e+00 |      --      |    Inf |  80.01%
 6228s| 99100 |   768 | 54056k| 545.3 |   314M |  39 |1166 |6124 |4061 | 199k|  1 |  74k|  15 | 0.000000e+00 |      --      |    Inf |  80.02%
 6234s| 99200 |   777 | 54115k| 545.4 |   314M |  39 |1166 |6160 |4078 | 199k|  1 |  74k|  15 | 0.000000e+00 |      --      |    Inf |  80.02%
 time | node  | left  |LP iter|LP it/n|mem/heur|mdpt |vars |cons |rows |cuts |sepa|confs|strbr|  dualbound   | primalbound  |  gap   | compl. 
 6242s| 99300 |   777 | 54190k| 545.6 |   314M |  39 |1166 |6360 |4078 | 199k|  1 |  74k|  15 | 0.000000e+00 |      --      |    Inf |  80.02%
 6249s| 99400 |   777 | 54265k| 545.8 |   315M |  39 |1166 |6420 |3979 | 199k|  1 |  75k|  15 | 0.000000e+00 |      --      |    Inf |  80.02%
 6253s| 99500 |   775 | 54308k| 545.7 |   315M |  39 |1166 |6398 |4094 | 199k|  0 |  75k|  15 | 0.000000e+00 |      --      |    Inf |  80.02%
 6258s| 99600 |   785 | 54357k| 545.6 |   315M |  39 |1166 |6469 |3978 | 199k|  0 |  75k|  15 | 0.000000e+00 |      --      |    Inf |  80.02%
 6263s| 99700 |   777 | 54403k| 545.5 |   315M |  39 |1166 |6453 |4037 | 199k|  0 |  75k|  15 | 0.000000e+00 |      --      |    Inf |  80.07%
 6268s| 99800 |   784 | 54451k| 545.5 |   315M |  39 |1166 |6401 |4061 | 199k|  1 |  75k|  15 | 0.000000e+00 |      --      |    Inf |  80.08%
 6274s| 99900 |   790 | 54497k| 545.4 |   315M |  39 |1166 |6345 |4052 | 199k|  0 |  75k|  15 | 0.000000e+00 |      --      |    Inf |  80.09%
 6278s|100000 |   790 | 54536k| 545.2 |   315M |  39 |1166 |6399 |4052 | 199k|  0 |  75k|  15 | 0.000000e+00 |      --      |    Inf |  80.09%
 6282s|100100 |   790 | 54572k| 545.1 |   315M |  39 |1166 |6444 |4053 | 199k|  1 |  75k|  15 | 0.000000e+00 |      --      |    Inf |  80.09%
 6288s|100200 |   782 | 54623k| 545.0 |   315M |  39 |1166 |6385 |3977 | 200k|  1 |  75k|  15 | 0.000000e+00 |      --      |    Inf |  80.10%
 6295s|100300 |   796 | 54686k| 545.1 |   315M |  39 |1166 |6361 |4073 | 200k|  1 |  75k|  15 | 0.000000e+00 |      --      |    Inf |  80.10%
 6304s|100400 |   793 | 54755k| 545.3 |   315M |  39 |1166 |6549 |4074 | 200k|  1 |  75k|  15 | 0.000000e+00 |      --      |    Inf |  80.10%
 6312s|100500 |   796 | 54813k| 545.3 |   315M |  39 |1166 |6701 |4081 | 200k|  0 |  76k|  15 | 0.000000e+00 |      --      |    Inf |  80.10%
 6319s|100600 |   798 | 54872k| 545.3 |   316M |  39 |1166 |6602 |4024 | 200k|  0 |  76k|  15 | 0.000000e+00 |      --      |    Inf |  80.12%
 6324s|100700 |   802 | 54909k| 545.2 |   316M |  39 |1166 |6622 |4024 | 200k|  1 |  76k|  15 | 0.000000e+00 |      --      |    Inf |  80.12%
 time | node  | left  |LP iter|LP it/n|mem/heur|mdpt |vars |cons |rows |cuts |sepa|confs|strbr|  dualbound   | primalbound  |  gap   | compl. 
 6328s|100800 |   802 | 54948k| 545.0 |   316M |  39 |1166 |6654 |4024 | 200k|  1 |  76k|  15 | 0.000000e+00 |      --      |    Inf |  80.12%
 6333s|100900 |   808 | 54981k| 544.8 |   316M |  39 |1166 |6662 |4024 | 200k|  1 |  76k|  15 | 0.000000e+00 |      --      |    Inf |  80.12%
 6337s|101000 |   798 | 55018k| 544.6 |   316M |  39 |1166 |6685 |4025 | 200k|  2 |  76k|  15 | 0.000000e+00 |      --      |    Inf |  80.12%
 6343s|101100 |   806 | 55068k| 544.6 |   316M |  39 |1166 |6633 |4026 | 200k|  0 |  76k|  15 | 0.000000e+00 |      --      |    Inf |  80.13%
 6347s|101200 |   802 | 55108k| 544.4 |   316M |  39 |1166 |6665 |4025 | 200k|  2 |  76k|  15 | 0.000000e+00 |      --      |    Inf |  80.13%
 6356s|101300 |   795 | 55178k| 544.6 |   316M |  39 |1166 |6453 |2944 | 200k|  0 |  76k|  15 | 0.000000e+00 |      --      |    Inf |  80.54%
 6364s|101400 |   815 | 55236k| 544.6 |   316M |  39 |1166 |6277 |3926 | 200k|  0 |  76k|  15 | 0.000000e+00 |      --      |    Inf |  80.54%
 6369s|101500 |   811 | 55270k| 544.4 |   316M |  39 |1166 |6281 |3220 | 200k|  0 |  76k|  15 | 0.000000e+00 |      --      |    Inf |  80.55%
 6373s|101600 |   815 | 55301k| 544.2 |   316M |  39 |1166 |6305 |3932 | 200k|  2 |  76k|  15 | 0.000000e+00 |      --      |    Inf |  80.55%
 6376s|101700 |   811 | 55328k| 543.9 |   316M |  39 |1166 |6304 |4097 | 200k|  0 |  76k|  15 | 0.000000e+00 |      --      |    Inf |  80.55%
 6385s|101800 |   827 | 55392k| 544.0 |   316M |  39 |1166 |6281 |2862 | 201k|  2 |  76k|  15 | 0.000000e+00 |      --      |    Inf |  80.56%
 6390s|101900 |   834 | 55430k| 543.9 |   316M |  39 |1166 |6308 |4123 | 201k|  0 |  76k|  15 | 0.000000e+00 |      --      |    Inf |  80.56%
 6393s|102000 |   832 | 55458k| 543.6 |   316M |  39 |1166 |6320 |4123 | 201k|  1 |  76k|  15 | 0.000000e+00 |      --      |    Inf |  80.56%
 6398s|102100 |   834 | 55495k| 543.4 |   316M |  39 |1166 |6333 |3756 | 201k|  1 |  76k|  15 | 0.000000e+00 |      --      |    Inf |  80.57%
 6405s|102200 |   830 | 55542k| 543.3 |   316M |  39 |1166 |6261 |4191 | 201k|  0 |  76k|  15 | 0.000000e+00 |      --      |    Inf |  80.67%
 time | node  | left  |LP iter|LP it/n|mem/heur|mdpt |vars |cons |rows |cuts |sepa|confs|strbr|  dualbound   | primalbound  |  gap   | compl. 
 6411s|102300 |   828 | 55592k| 543.3 |   316M |  39 |1166 |6247 |2923 | 202k|  2 |  76k|  15 | 0.000000e+00 |      --      |    Inf |  80.68%
 6415s|102400 |   824 | 55632k| 543.2 |   316M |  39 |1166 |6254 |2938 | 202k|  2 |  76k|  15 | 0.000000e+00 |      --      |    Inf |  80.68%
 6420s|102500 |   834 | 55674k| 543.0 |   316M |  39 |1166 |6190 |3704 | 202k|  2 |  76k|  15 | 0.000000e+00 |      --      |    Inf |  80.69%
 6428s|102600 |   834 | 55742k| 543.2 |   316M |  39 |1166 |6213 |3729 | 202k|  0 |  77k|  15 | 0.000000e+00 |      --      |    Inf |  80.70%
 6436s|102700 |   829 | 55807k| 543.3 |   317M |  39 |1166 |6275 |3718 | 203k|  2 |  77k|  15 | 0.000000e+00 |      --      |    Inf |  80.71%
 6443s|102800 |   829 | 55858k| 543.2 |   317M |  39 |1166 |6321 |2963 | 203k|  2 |  77k|  15 | 0.000000e+00 |      --      |    Inf |  80.71%
 6448s|102900 |   833 | 55903k| 543.2 |   317M |  39 |1166 |6307 |4019 | 203k|  1 |  77k|  15 | 0.000000e+00 |      --      |    Inf |  80.73%
 6454s|103000 |   833 | 55950k| 543.1 |   317M |  39 |1166 |6320 |4019 | 203k|  0 |  77k|  15 | 0.000000e+00 |      --      |    Inf |  80.73%
 6460s|103100 |   833 | 56003k| 543.1 |   317M |  39 |1166 |6335 |3970 | 203k|  2 |  77k|  15 | 0.000000e+00 |      --      |    Inf |  80.73%
 6468s|103200 |   830 | 56065k| 543.2 |   317M |  39 |1166 |6361 |2771 | 203k|  2 |  77k|  15 | 0.000000e+00 |      --      |    Inf |  80.74%
 6474s|103300 |   856 | 56120k| 543.2 |   317M |  39 |1166 |6358 |4020 | 203k|  0 |  77k|  15 | 0.000000e+00 |      --      |    Inf |  80.75%
 6480s|103400 |   852 | 56172k| 543.1 |   317M |  39 |1166 |6376 |4131 | 203k|  1 |  77k|  15 | 0.000000e+00 |      --      |    Inf |  80.75%
 6486s|103500 |   842 | 56218k| 543.1 |   317M |  39 |1166 |6435 |4131 | 203k|  1 |  77k|  15 | 0.000000e+00 |      --      |    Inf |  80.77%
 6493s|103600 |   836 | 56271k| 543.0 |   317M |  39 |1166 |6402 |4157 | 203k|  0 |  77k|  15 | 0.000000e+00 |      --      |    Inf |  80.79%
 6500s|103700 |   835 | 56320k| 543.0 |   317M |  39 |1166 |6316 |4155 | 203k|  1 |  77k|  15 | 0.000000e+00 |      --      |    Inf |  80.82%
 time | node  | left  |LP iter|LP it/n|mem/heur|mdpt |vars |cons |rows |cuts |sepa|confs|strbr|  dualbound   | primalbound  |  gap   | compl. 
 6504s|103800 |   827 | 56362k| 542.9 |   317M |  39 |1166 |6285 |3815 | 203k|  0 |  77k|  15 | 0.000000e+00 |      --      |    Inf |  80.83%
 6510s|103900 |   816 | 56408k| 542.8 |   317M |  39 |1166 |6320 |4100 | 203k|  0 |  77k|  15 | 0.000000e+00 |      --      |    Inf |  80.85%
 6517s|104000 |   810 | 56465k| 542.8 |   317M |  39 |1166 |6268 |4055 | 203k|  1 |  78k|  15 | 0.000000e+00 |      --      |    Inf |  80.86%
 6524s|104100 |   800 | 56526k| 542.9 |   317M |  39 |1166 |6211 |4028 | 204k|  0 |  78k|  15 | 0.000000e+00 |      --      |    Inf |  80.88%
 6530s|104200 |   791 | 56576k| 542.8 |   317M |  39 |1166 |6202 |3602 | 204k|  2 |  78k|  15 | 0.000000e+00 |      --      |    Inf |  80.89%
 6535s|104300 |   806 | 56617k| 542.7 |   318M |  39 |1166 |6175 |4015 | 204k|  1 |  78k|  15 | 0.000000e+00 |      --      |    Inf |  80.90%
 6542s|104400 |   801 | 56670k| 542.7 |   318M |  39 |1166 |6199 |   0 | 204k|  0 |  78k|  15 | 0.000000e+00 |      --      |    Inf |  80.90%
 6548s|104500 |   809 | 56722k| 542.7 |   318M |  39 |1166 |6223 |4052 | 204k|  1 |  78k|  15 | 0.000000e+00 |      --      |    Inf |  80.90%
 6555s|104600 |   816 | 56774k| 542.7 |   318M |  39 |1166 |6243 |3988 | 204k|  1 |  78k|  15 | 0.000000e+00 |      --      |    Inf |  80.91%
 6563s|104700 |   821 | 56835k| 542.7 |   318M |  39 |1166 |6233 |   0 | 205k|  0 |  78k|  15 | 0.000000e+00 |      --      |    Inf |  80.92%
 6570s|104800 |   821 | 56888k| 542.7 |   318M |  39 |1166 |6240 |4123 | 205k|  1 |  78k|  15 | 0.000000e+00 |      --      |    Inf |  80.93%
 6576s|104900 |   831 | 56934k| 542.6 |   318M |  39 |1166 |6127 |3013 | 205k|  2 |  78k|  15 | 0.000000e+00 |      --      |    Inf |  80.96%
 6584s|105000 |   825 | 57008k| 542.8 |   318M |  39 |1166 |6198 |3112 | 205k|  0 |  78k|  15 | 0.000000e+00 |      --      |    Inf |  80.99%
 6592s|105100 |   825 | 57084k| 543.0 |   318M |  39 |1166 |6274 |3180 | 206k|  0 |  78k|  15 | 0.000000e+00 |      --      |    Inf |  81.05%
 6601s|105200 |   821 | 57171k| 543.3 |   318M |  39 |1166 |6301 |3058 | 207k|  0 |  79k|  15 | 0.000000e+00 |      --      |    Inf |  81.15%
 time | node  | left  |LP iter|LP it/n|mem/heur|mdpt |vars |cons |rows |cuts |sepa|confs|strbr|  dualbound   | primalbound  |  gap   | compl. 
 6608s|105300 |   824 | 57229k| 543.4 |   318M |  39 |1166 |6410 |4159 | 207k|  1 |  79k|  15 | 0.000000e+00 |      --      |    Inf |  81.16%
 6614s|105400 |   810 | 57278k| 543.3 |   318M |  39 |1166 |6310 |4015 | 207k|  0 |  79k|  15 | 0.000000e+00 |      --      |    Inf |  81.29%
 6619s|105500 |   812 | 57319k| 543.2 |   318M |  39 |1166 |6313 |4024 | 207k|  0 |  79k|  15 | 0.000000e+00 |      --      |    Inf |  81.29%
 6624s|105600 |   814 | 57356k| 543.0 |   318M |  39 |1166 |6323 |4024 | 207k|  1 |  79k|  15 | 0.000000e+00 |      --      |    Inf |  81.29%
 6628s|105700 |   816 | 57393k| 542.9 |   318M |  39 |1166 |6359 |4025 | 207k|  0 |  79k|  15 | 0.000000e+00 |      --      |    Inf |  81.29%
 6633s|105800 |   811 | 57432k| 542.7 |   318M |  39 |1166 |6385 |4025 | 207k|  0 |  79k|  15 | 0.000000e+00 |      --      |    Inf |  81.30%
 6638s|105900 |   801 | 57469k| 542.6 |   318M |  39 |1166 |6412 |   0 | 207k|  0 |  79k|  15 | 0.000000e+00 |      --      |    Inf |  81.30%
 6644s|106000 |   791 | 57520k| 542.5 |   318M |  39 |1166 |6366 |4184 | 207k|  0 |  79k|  15 | 0.000000e+00 |      --      |    Inf |  81.55%
 6649s|106100 |   780 | 57565k| 542.4 |   318M |  39 |1166 |6386 |4110 | 207k|  0 |  79k|  15 | 0.000000e+00 |      --      |    Inf |  81.56%
 6657s|106200 |   776 | 57629k| 542.5 |   318M |  39 |1166 |6418 |3704 | 207k|  1 |  79k|  15 | 0.000000e+00 |      --      |    Inf |  81.56%
 6661s|106300 |   778 | 57665k| 542.4 |   318M |  39 |1166 |6453 |4061 | 207k|  0 |  79k|  15 | 0.000000e+00 |      --      |    Inf |  81.57%
 6665s|106400 |   776 | 57701k| 542.2 |   318M |  39 |1166 |6499 |4062 | 207k|  0 |  79k|  15 | 0.000000e+00 |      --      |    Inf |  81.57%
 6670s|106500 |   767 | 57740k| 542.0 |   318M |  39 |1166 |6512 |4062 | 207k|  1 |  80k|  15 | 0.000000e+00 |      --      |    Inf |  81.59%
 6676s|106600 |   773 | 57784k| 542.0 |   318M |  39 |1166 |6473 |2886 | 207k|  2 |  80k|  15 | 0.000000e+00 |      --      |    Inf |  81.62%
 6681s|106700 |   771 | 57830k| 541.9 |   318M |  39 |1166 |6536 |2889 | 208k|  0 |  80k|  15 | 0.000000e+00 |      --      |    Inf |  81.62%
 time | node  | left  |LP iter|LP it/n|mem/heur|mdpt |vars |cons |rows |cuts |sepa|confs|strbr|  dualbound   | primalbound  |  gap   | compl. 
 6685s|106800 |   773 | 57875k| 541.8 |   318M |  39 |1166 |6570 |2918 | 209k|  0 |  80k|  15 | 0.000000e+00 |      --      |    Inf |  81.62%
 6689s|106900 |   781 | 57913k| 541.6 |   318M |  39 |1166 |6617 |2970 | 209k|  2 |  80k|  15 | 0.000000e+00 |      --      |    Inf |  81.62%
 6692s|107000 |   779 | 57946k| 541.4 |   319M |  39 |1166 |6653 |3012 | 209k|  0 |  80k|  15 | 0.000000e+00 |      --      |    Inf |  81.62%
 6695s|107100 |   777 | 57975k| 541.2 |   319M |  39 |1166 |6679 |3007 | 210k|  1 |  80k|  15 | 0.000000e+00 |      --      |    Inf |  81.62%
 6698s|107200 |   776 | 58003k| 541.0 |   319M |  39 |1166 |6708 |2941 | 210k|  0 |  80k|  15 | 0.000000e+00 |      --      |    Inf |  81.62%
 6701s|107300 |   772 | 58037k| 540.8 |   319M |  39 |1166 |6728 |2949 | 210k|  2 |  80k|  15 | 0.000000e+00 |      --      |    Inf |  81.62%
 6705s|107400 |   777 | 58069k| 540.6 |   319M |  39 |1166 |6786 |3007 | 211k|  2 |  80k|  15 | 0.000000e+00 |      --      |    Inf |  81.62%
 6708s|107500 |   769 | 58102k| 540.4 |   319M |  39 |1166 |6808 |3006 | 211k|  0 |  80k|  15 | 0.000000e+00 |      --      |    Inf |  81.62%
 6711s|107600 |   776 | 58133k| 540.2 |   319M |  39 |1166 |6841 |2897 | 212k|  0 |  80k|  15 | 0.000000e+00 |      --      |    Inf |  81.62%
 6716s|107700 |   782 | 58175k| 540.0 |   319M |  39 |1166 |6873 |2877 | 212k|  3 |  80k|  15 | 0.000000e+00 |      --      |    Inf |  81.63%
 6721s|107800 |   777 | 58220k| 540.0 |   319M |  39 |1166 |6912 |2893 | 213k|  2 |  80k|  15 | 0.000000e+00 |      --      |    Inf |  81.63%
 6725s|107900 |   780 | 58257k| 539.8 |   319M |  39 |1166 |6942 |3004 | 214k|  1 |  80k|  15 | 0.000000e+00 |      --      |    Inf |  81.63%
 6732s|108000 |   765 | 58313k| 539.8 |   319M |  39 |1166 |6857 |4189 | 214k|  0 |  80k|  15 | 0.000000e+00 |      --      |    Inf |  81.74%
 6739s|108100 |   778 | 58373k| 539.9 |   319M |  39 |1166 |6870 |2942 | 215k|  2 |  80k|  15 | 0.000000e+00 |      --      |    Inf |  81.74%
 6746s|108200 |   771 | 58437k| 540.0 |   319M |  39 |1166 |6899 |3995 | 215k|  0 |  80k|  15 | 0.000000e+00 |      --      |    Inf |  81.75%
 time | node  | left  |LP iter|LP it/n|mem/heur|mdpt |vars |cons |rows |cuts |sepa|confs|strbr|  dualbound   | primalbound  |  gap   | compl. 
 6755s|108300 |   776 | 58507k| 540.1 |   319M |  39 |1166 |6743 |4129 | 215k|  1 |  81k|  15 | 0.000000e+00 |      --      |    Inf |  81.81%
 6763s|108400 |   766 | 58576k| 540.3 |   319M |  39 |1166 |6581 |4024 | 215k|  0 |  81k|  15 | 0.000000e+00 |      --      |    Inf |  81.84%
 6768s|108500 |   769 | 58614k| 540.1 |   319M |  39 |1166 |6587 |4024 | 216k|  1 |  81k|  15 | 0.000000e+00 |      --      |    Inf |  81.85%
 6773s|108600 |   759 | 58661k| 540.0 |   319M |  39 |1166 |6594 |4060 | 216k|  0 |  81k|  15 | 0.000000e+00 |      --      |    Inf |  81.85%
 6781s|108700 |   763 | 58726k| 540.2 |   319M |  39 |1166 |6596 |3060 | 216k|  2 |  81k|  15 | 0.000000e+00 |      --      |    Inf |  81.86%
 6789s|108800 |   753 | 58788k| 540.2 |   319M |  39 |1166 |6553 |4009 | 216k|  1 |  81k|  15 | 0.000000e+00 |      --      |    Inf |  81.88%
 6795s|108900 |   749 | 58841k| 540.2 |   319M |  39 |1166 |6505 |4072 | 216k|  0 |  81k|  15 | 0.000000e+00 |      --      |    Inf |  81.89%
 6802s|109000 |   743 | 58895k| 540.2 |   319M |  39 |1166 |6426 |4160 | 216k|  1 |  81k|  15 | 0.000000e+00 |      --      |    Inf |  81.90%
 6808s|109100 |   740 | 58954k| 540.3 |   319M |  39 |1166 |6355 |4013 | 217k|  1 |  81k|  15 | 0.000000e+00 |      --      |    Inf |  81.94%
 6816s|109200 |   735 | 59018k| 540.3 |   319M |  39 |1166 |6386 |4012 | 217k|  0 |  81k|  15 | 0.000000e+00 |      --      |    Inf |  82.00%
 6823s|109300 |   721 | 59079k| 540.4 |   319M |  39 |1166 |6429 |3779 | 217k|  0 |  81k|  15 | 0.000000e+00 |      --      |    Inf |  82.21%
 6829s|109400 |   724 | 59131k| 540.4 |   319M |  39 |1166 |6319 |4024 | 217k|  1 |  82k|  15 | 0.000000e+00 |      --      |    Inf |  82.23%
 6834s|109500 |   726 | 59174k| 540.3 |   319M |  39 |1166 |6363 |4023 | 217k|  0 |  82k|  15 | 0.000000e+00 |      --      |    Inf |  82.23%
 6839s|109600 |   723 | 59216k| 540.2 |   319M |  39 |1166 |6402 |4024 | 217k|  0 |  82k|  15 | 0.000000e+00 |      --      |    Inf |  82.23%
 6845s|109700 |   716 | 59264k| 540.1 |   319M |  39 |1166 |6309 |4191 | 217k|  1 |  82k|  15 | 0.000000e+00 |      --      |    Inf |  82.25%
 time | node  | left  |LP iter|LP it/n|mem/heur|mdpt |vars |cons |rows |cuts |sepa|confs|strbr|  dualbound   | primalbound  |  gap   | compl. 
 6851s|109800 |   715 | 59318k| 540.1 |   319M |  39 |1166 |6209 |3032 | 217k|  2 |  82k|  15 | 0.000000e+00 |      --      |    Inf |  82.27%
 6859s|109900 |   704 | 59391k| 540.3 |   319M |  39 |1166 |6175 |4175 | 218k|  1 |  82k|  15 | 0.000000e+00 |      --      |    Inf |  82.40%
 6864s|110000 |   697 | 59442k| 540.3 |   319M |  39 |1166 |6136 |4185 | 218k|  0 |  82k|  15 | 0.000000e+00 |      --      |    Inf |  82.42%
 6869s|110100 |   691 | 59496k| 540.3 |   319M |  39 |1166 |6088 |4173 | 218k|  1 |  82k|  15 | 0.000000e+00 |      --      |    Inf |  82.45%
 6875s|110200 |   687 | 59554k| 540.3 |   319M |  39 |1166 |6046 |3992 | 218k|  0 |  82k|  15 | 0.000000e+00 |      --      |    Inf |  82.66%
 6878s|110300 |   684 | 59588k| 540.1 |   319M |  39 |1166 |6072 |4013 | 218k|  0 |  82k|  15 | 0.000000e+00 |      --      |    Inf |  82.67%
 6882s|110400 |   690 | 59636k| 540.1 |   319M |  39 |1166 |6113 |3993 | 218k|  1 |  82k|  15 | 0.000000e+00 |      --      |    Inf |  82.67%
 6887s|110500 |   684 | 59685k| 540.0 |   319M |  39 |1166 |6145 |2910 | 218k|  2 |  82k|  15 | 0.000000e+00 |      --      |    Inf |  82.68%
 6892s|110600 |   664 | 59740k| 540.0 |   319M |  39 |1166 |6087 |3966 | 218k|  0 |  82k|  15 | 0.000000e+00 |      --      |    Inf |  82.72%
 6899s|110700 |   661 | 59805k| 540.1 |   319M |  39 |1166 |5910 |4191 | 218k|  1 |  82k|  15 | 0.000000e+00 |      --      |    Inf |  82.84%
 6903s|110800 |   666 | 59855k| 540.1 |   319M |  39 |1166 |5880 |2993 | 219k|  2 |  82k|  15 | 0.000000e+00 |      --      |    Inf |  83.05%
 6908s|110900 |   656 | 59916k| 540.2 |   319M |  39 |1166 |5938 |3039 | 219k|  0 |  83k|  15 | 0.000000e+00 |      --      |    Inf |  83.06%
 6914s|111000 |   673 | 59979k| 540.2 |   319M |  39 |1166 |6018 |3001 | 220k|  0 |  83k|  15 | 0.000000e+00 |      --      |    Inf |  83.09%
 6920s|111100 |   662 | 60038k| 540.3 |   319M |  39 |1166 |6080 |3633 | 220k|  2 |  83k|  15 | 0.000000e+00 |      --      |    Inf |  83.10%
 6926s|111200 |   668 | 60110k| 540.4 |   320M |  39 |1166 |6144 |2964 | 220k|  2 |  83k|  15 | 0.000000e+00 |      --      |    Inf |  83.11%
 time | node  | left  |LP iter|LP it/n|mem/heur|mdpt |vars |cons |rows |cuts |sepa|confs|strbr|  dualbound   | primalbound  |  gap   | compl. 
 6932s|111300 |   665 | 60164k| 540.5 |   320M |  39 |1166 |6213 |4036 | 220k|  0 |  83k|  15 | 0.000000e+00 |      --      |    Inf |  83.13%
 6939s|111400 |   660 | 60219k| 540.5 |   320M |  39 |1166 |6210 |4012 | 220k|  0 |  83k|  15 | 0.000000e+00 |      --      |    Inf |  83.15%
 6946s|111500 |   669 | 60280k| 540.5 |   320M |  39 |1166 |6242 |3266 | 221k|  1 |  83k|  15 | 0.000000e+00 |      --      |    Inf |  83.16%
 6955s|111600 |   658 | 60358k| 540.7 |   320M |  39 |1166 |6291 |3024 | 221k|  2 |  83k|  15 | 0.000000e+00 |      --      |    Inf |  83.16%
 6963s|111700 |   668 | 60434k| 540.9 |   320M |  39 |1166 |6344 |2970 | 222k|  2 |  83k|  15 | 0.000000e+00 |      --      |    Inf |  83.16%
 6971s|111800 |   663 | 60504k| 541.1 |   320M |  39 |1166 |6433 |3023 | 223k|  2 |  84k|  15 | 0.000000e+00 |      --      |    Inf |  83.17%
 6978s|111900 |   660 | 60567k| 541.2 |   320M |  39 |1166 |6408 |3207 | 223k|  0 |  84k|  15 | 0.000000e+00 |      --      |    Inf |  83.18%
 6987s|112000 |   655 | 60643k| 541.3 |   321M |  39 |1166 |6338 |3097 | 224k|  1 |  84k|  15 | 0.000000e+00 |      --      |    Inf |  83.23%
 6994s|112100 |   655 | 60706k| 541.4 |   321M |  39 |1166 |6311 |4154 | 224k|  0 |  84k|  15 | 0.000000e+00 |      --      |    Inf |  83.30%
 7002s|112200 |   649 | 60769k| 541.5 |   321M |  39 |1166 |6275 |4039 | 224k|  0 |  84k|  15 | 0.000000e+00 |      --      |    Inf |  83.33%
 7010s|112300 |   650 | 60837k| 541.6 |   321M |  39 |1166 |6257 |3278 | 224k|  2 |  84k|  15 | 0.000000e+00 |      --      |    Inf |  83.34%
 7017s|112400 |   650 | 60900k| 541.7 |   321M |  39 |1166 |6192 |3989 | 224k|  1 |  84k|  15 | 0.000000e+00 |      --      |    Inf |  83.36%
 7021s|112500 |   648 | 60941k| 541.6 |   321M |  39 |1166 |6206 |3947 | 224k|  1 |  84k|  15 | 0.000000e+00 |      --      |    Inf |  83.37%
 7025s|112600 |   644 | 60978k| 541.4 |   321M |  39 |1166 |6232 |3990 | 224k|  0 |  84k|  15 | 0.000000e+00 |      --      |    Inf |  83.38%
 7029s|112700 |   643 | 61015k| 541.3 |   321M |  39 |1166 |6257 |3990 | 224k|  1 |  84k|  15 | 0.000000e+00 |      --      |    Inf |  83.38%
 time | node  | left  |LP iter|LP it/n|mem/heur|mdpt |vars |cons |rows |cuts |sepa|confs|strbr|  dualbound   | primalbound  |  gap   | compl. 
 7033s|112800 |   649 | 61048k| 541.1 |   321M |  39 |1166 |6267 |3990 | 224k|  0 |  84k|  15 | 0.000000e+00 |      --      |    Inf |  83.38%
 7037s|112900 |   641 | 61084k| 540.9 |   321M |  39 |1166 |6291 |3990 | 224k|  0 |  84k|  15 | 0.000000e+00 |      --      |    Inf |  83.39%
 7043s|113000 |   636 | 61128k| 540.8 |   321M |  39 |1166 |6291 |3733 | 224k|  1 |  84k|  15 | 0.000000e+00 |      --      |    Inf |  83.39%
 7047s|113100 |   646 | 61168k| 540.7 |   321M |  39 |1166 |6296 |3991 | 224k|  1 |  84k|  15 | 0.000000e+00 |      --      |    Inf |  83.41%
 7051s|113200 |   640 | 61202k| 540.5 |   321M |  39 |1166 |6308 |4119 | 224k|  0 |  84k|  15 | 0.000000e+00 |      --      |    Inf |  83.42%
 7055s|113300 |   647 | 61240k| 540.4 |   321M |  39 |1166 |6328 |4120 | 224k|  0 |  85k|  15 | 0.000000e+00 |      --      |    Inf |  83.42%
 7059s|113400 |   642 | 61274k| 540.2 |   321M |  39 |1166 |6352 |4120 | 224k|  0 |  85k|  15 | 0.000000e+00 |      --      |    Inf |  83.42%
 7063s|113500 |   644 | 61312k| 540.1 |   321M |  39 |1166 |6367 |4120 | 224k|  0 |  85k|  15 | 0.000000e+00 |      --      |    Inf |  83.43%
 7066s|113600 |   641 | 61345k| 539.9 |   321M |  39 |1166 |6380 |4147 | 224k|  1 |  85k|  15 | 0.000000e+00 |      --      |    Inf |  83.43%
 7071s|113700 |   636 | 61385k| 539.8 |   321M |  39 |1166 |6376 |4121 | 224k|  1 |  85k|  15 | 0.000000e+00 |      --      |    Inf |  83.43%
 7075s|113800 |   638 | 61429k| 539.7 |   321M |  39 |1166 |6408 |2911 | 225k|  2 |  85k|  15 | 0.000000e+00 |      --      |    Inf |  83.43%
 7084s|113900 |   650 | 61502k| 539.9 |   322M |  39 |1166 |6351 |4068 | 225k|  0 |  85k|  15 | 0.000000e+00 |      --      |    Inf |  83.44%
 7092s|114000 |   658 | 61567k| 540.0 |   322M |  39 |1166 |6433 |4069 | 225k|  0 |  85k|  15 | 0.000000e+00 |      --      |    Inf |  83.45%
 7099s|114100 |   660 | 61633k| 540.1 |   322M |  39 |1166 |6495 |4068 | 225k|  0 |  85k|  15 | 0.000000e+00 |      --      |    Inf |  83.45%
 7107s|114200 |   652 | 61700k| 540.2 |   322M |  39 |1166 |6644 |4147 | 225k|  1 |  85k|  15 | 0.000000e+00 |      --      |    Inf |  83.46%
 time | node  | left  |LP iter|LP it/n|mem/heur|mdpt |vars |cons |rows |cuts |sepa|confs|strbr|  dualbound   | primalbound  |  gap   | compl. 
 7113s|114300 |   643 | 61755k| 540.2 |   322M |  39 |1166 |6671 |4069 | 225k|  0 |  85k|  15 | 0.000000e+00 |      --      |    Inf |  83.46%
 7119s|114400 |   665 | 61807k| 540.2 |   322M |  39 |1166 |6693 |4137 | 225k|  1 |  85k|  15 | 0.000000e+00 |      --      |    Inf |  83.46%
 7126s|114500 |   649 | 61865k| 540.2 |   322M |  39 |1166 |6838 |4137 | 225k|  0 |  86k|  15 | 0.000000e+00 |      --      |    Inf |  83.47%
 7133s|114600 |   649 | 61926k| 540.3 |   322M |  39 |1166 |7028 |4137 | 225k|  0 |  86k|  15 | 0.000000e+00 |      --      |    Inf |  83.47%
 7141s|114700 |   645 | 61993k| 540.4 |   322M |  39 |1166 |7144 |4137 | 225k|  1 |  86k|  15 | 0.000000e+00 |      --      |    Inf |  83.47%
 7148s|114800 |   649 | 62058k| 540.5 |   322M |  39 |1166 |7193 |4136 | 225k|  1 |  86k|  15 | 0.000000e+00 |      --      |    Inf |  83.47%
 7156s|114900 |   649 | 62124k| 540.6 |   322M |  39 |1166 |7293 |4071 | 225k|  1 |  86k|  15 | 0.000000e+00 |      --      |    Inf |  83.47%
 7162s|115000 |   672 | 62183k| 540.6 |   322M |  39 |1166 |7255 |4139 | 225k|  0 |  86k|  15 | 0.000000e+00 |      --      |    Inf |  83.48%
 7169s|115100 |   680 | 62244k| 540.7 |   322M |  39 |1166 |7384 |4140 | 225k|  1 |  87k|  15 | 0.000000e+00 |      --      |    Inf |  83.48%
 7177s|115200 |   665 | 62311k| 540.8 |   322M |  39 |1166 |7453 |4140 | 225k|  1 |  87k|  15 | 0.000000e+00 |      --      |    Inf |  83.49%
 7184s|115300 |   659 | 62369k| 540.8 |   322M |  39 |1166 |7542 |4141 | 225k|  1 |  87k|  15 | 0.000000e+00 |      --      |    Inf |  83.49%
 7191s|115400 |   653 | 62431k| 540.9 |   322M |  39 |1166 |7640 |4141 | 225k|  0 |  87k|  15 | 0.000000e+00 |      --      |    Inf |  83.50%
 7200s|115500 |   655 | 62508k| 541.1 |   322M |  39 |1166 |7691 |4140 | 225k|  0 |  87k|  15 | 0.000000e+00 |      --      |    Inf |  83.50%
 7208s|115600 |   649 | 62579k| 541.2 |   322M |  39 |1166 |7744 |3713 | 225k|  0 |  87k|  15 | 0.000000e+00 |      --      |    Inf |  83.51%
 7214s|115700 |   644 | 62630k| 541.2 |   322M |  39 |1166 |7695 |4117 | 225k|  0 |  88k|  15 | 0.000000e+00 |      --      |    Inf |  83.52%
 time | node  | left  |LP iter|LP it/n|mem/heur|mdpt |vars |cons |rows |cuts |sepa|confs|strbr|  dualbound   | primalbound  |  gap   | compl. 
 7220s|115800 |   643 | 62689k| 541.2 |   322M |  39 |1166 |7631 |4141 | 225k|  0 |  88k|  15 | 0.000000e+00 |      --      |    Inf |  83.53%
 7225s|115900 |   651 | 62733k| 541.2 |   322M |  39 |1166 |7752 |4145 | 225k|  1 |  88k|  15 | 0.000000e+00 |      --      |    Inf |  83.53%
 7231s|116000 |   653 | 62785k| 541.1 |   322M |  39 |1166 |7876 |4145 | 225k|  0 |  88k|  15 | 0.000000e+00 |      --      |    Inf |  83.53%
 7237s|116100 |   651 | 62838k| 541.1 |   322M |  39 |1166 |8028 |4146 | 225k|  0 |  88k|  15 | 0.000000e+00 |      --      |    Inf |  83.53%
 7242s|116200 |   649 | 62887k| 541.1 |   322M |  39 |1166 |8155 |4147 | 225k|  1 |  88k|  15 | 0.000000e+00 |      --      |    Inf |  83.53%
 7249s|116300 |   641 | 62947k| 541.1 |   322M |  39 |1166 |8305 |2918 | 225k|  0 |  88k|  15 | 0.000000e+00 |      --      |    Inf |  83.54%
 7256s|116400 |   640 | 63000k| 541.1 |   322M |  39 |1166 |8135 |4069 | 225k|  1 |  89k|  15 | 0.000000e+00 |      --      |    Inf |  83.55%
 7260s|116500 |   645 | 63040k| 541.0 |   322M |  39 |1166 |8118 |4014 | 226k|  0 |  89k|  15 | 0.000000e+00 |      --      |    Inf |  83.57%
 7263s|116600 |   647 | 63072k| 540.8 |   322M |  39 |1166 |8143 |4015 | 226k|  0 |  89k|  15 | 0.000000e+00 |      --      |    Inf |  83.58%
 7266s|116700 |   645 | 63100k| 540.6 |   322M |  39 |1166 |8175 |4015 | 226k|  1 |  89k|  15 | 0.000000e+00 |      --      |    Inf |  83.58%
 7271s|116800 |   639 | 63136k| 540.4 |   322M |  39 |1166 |8103 |4148 | 226k|  0 |  89k|  15 | 0.000000e+00 |      --      |    Inf |  83.58%
 7278s|116900 |   643 | 63200k| 540.5 |   322M |  39 |1166 |8101 |4054 | 226k|  0 |  89k|  15 | 0.000000e+00 |      --      |    Inf |  83.58%
 7284s|117000 |   646 | 63257k| 540.6 |   322M |  39 |1166 |7945 |2889 | 226k|  0 |  89k|  15 | 0.000000e+00 |      --      |    Inf |  84.43%
 7290s|117100 |   646 | 63304k| 540.5 |   323M |  39 |1166 |7784 |4104 | 226k|  0 |  89k|  15 | 0.000000e+00 |      --      |    Inf |  84.45%
 7295s|117200 |   646 | 63356k| 540.5 |   323M |  39 |1166 |7610 |4035 | 226k|  0 |  89k|  15 | 0.000000e+00 |      --      |    Inf |  84.47%
 time | node  | left  |LP iter|LP it/n|mem/heur|mdpt |vars |cons |rows |cuts |sepa|confs|strbr|  dualbound   | primalbound  |  gap   | compl. 
 7300s|117300 |   642 | 63399k| 540.4 |   323M |  39 |1166 |7471 |4087 | 226k|  0 |  89k|  15 | 0.000000e+00 |      --      |    Inf |  84.47%
 7307s|117400 |   630 | 63466k| 540.5 |   323M |  39 |1166 |7376 |4165 | 226k|  0 |  89k|  15 | 0.000000e+00 |      --      |    Inf |  84.49%
 7314s|117500 |   622 | 63528k| 540.6 |   323M |  39 |1166 |7111 |3905 | 226k|  0 |  89k|  15 | 0.000000e+00 |      --      |    Inf |  84.60%
 7319s|117600 |   615 | 63580k| 540.5 |   323M |  39 |1166 |7120 |4078 | 227k|  0 |  89k|  15 | 0.000000e+00 |      --      |    Inf |  84.60%
 7326s|117700 |   609 | 63640k| 540.6 |   323M |  39 |1166 |6899 |3791 | 227k|  1 |  90k|  15 | 0.000000e+00 |      --      |    Inf |  84.62%
 7332s|117800 |   605 | 63687k| 540.5 |   323M |  39 |1166 |6961 |4167 | 227k|  0 |  90k|  15 | 0.000000e+00 |      --      |    Inf |  84.63%
 7336s|117900 |   602 | 63730k| 540.4 |   323M |  39 |1166 |6967 |3820 | 227k|  2 |  90k|  15 | 0.000000e+00 |      --      |    Inf |  84.63%
 7343s|118000 |   595 | 63787k| 540.5 |   323M |  39 |1166 |6921 |4067 | 227k|  1 |  90k|  15 | 0.000000e+00 |      --      |    Inf |  84.67%
 7349s|118100 |   597 | 63839k| 540.4 |   323M |  39 |1166 |6941 |4037 | 227k|  0 |  90k|  15 | 0.000000e+00 |      --      |    Inf |  84.68%
 7359s|118200 |   601 | 63933k| 540.8 |   323M |  39 |1166 |6882 |3236 | 228k|  0 |  90k|  15 | 0.000000e+00 |      --      |    Inf |  84.68%
 7368s|118300 |   591 | 64016k| 541.0 |   323M |  39 |1166 |6853 |4136 | 228k|  1 |  90k|  15 | 0.000000e+00 |      --      |    Inf |  84.68%
 7377s|118400 |   588 | 64087k| 541.2 |   323M |  39 |1166 |6750 |4131 | 228k|  0 |  90k|  15 | 0.000000e+00 |      --      |    Inf |  84.69%
 7393s|118500 |   605 | 64229k| 541.9 |   323M |  39 |1166 |6716 |3799 | 230k|  2 |  90k|  15 | 0.000000e+00 |      --      |    Inf |  84.74%
 7402s|118600 |   606 | 64321k| 542.2 |   323M |  39 |1166 |6680 |3822 | 230k|  1 |  90k|  15 | 0.000000e+00 |      --      |    Inf |  84.75%
 7412s|118700 |   598 | 64423k| 542.6 |   323M |  39 |1166 |6693 |3943 | 230k|  2 |  90k|  15 | 0.000000e+00 |      --      |    Inf |  84.77%
 time | node  | left  |LP iter|LP it/n|mem/heur|mdpt |vars |cons |rows |cuts |sepa|confs|strbr|  dualbound   | primalbound  |  gap   | compl. 
 7419s|118800 |   589 | 64485k| 542.7 |   323M |  39 |1166 |6481 |3978 | 230k|  1 |  90k|  15 | 0.000000e+00 |      --      |    Inf |  84.88%
 7423s|118900 |   596 | 64528k| 542.6 |   323M |  39 |1166 |6524 |3983 | 230k|  0 |  91k|  15 | 0.000000e+00 |      --      |    Inf |  84.88%
 7429s|119000 |   583 | 64579k| 542.6 |   323M |  39 |1166 |6543 |4140 | 230k|  1 |  91k|  15 | 0.000000e+00 |      --      |    Inf |  84.89%
 7439s|119100 |   583 | 64653k| 542.7 |   323M |  39 |1166 |6552 |3762 | 230k|  0 |  91k|  15 | 0.000000e+00 |      --      |    Inf |  84.91%
 7448s|119200 |   593 | 64729k| 542.9 |   324M |  39 |1166 |6514 |4101 | 231k|  0 |  91k|  15 | 0.000000e+00 |      --      |    Inf |  84.94%
 7454s|119300 |   597 | 64776k| 542.9 |   324M |  39 |1166 |6523 |4101 | 231k|  0 |  91k|  15 | 0.000000e+00 |      --      |    Inf |  84.94%
 7460s|119400 |   591 | 64827k| 542.8 |   324M |  39 |1166 |6542 |4101 | 231k|  0 |  91k|  15 | 0.000000e+00 |      --      |    Inf |  84.94%
 7467s|119500 |   584 | 64883k| 542.9 |   324M |  39 |1166 |6563 |4103 | 231k|  1 |  91k|  15 | 0.000000e+00 |      --      |    Inf |  84.94%
 7475s|119600 |   587 | 64951k| 543.0 |   324M |  39 |1166 |6577 |4035 | 231k|  1 |  91k|  15 | 0.000000e+00 |      --      |    Inf |  84.95%
 7483s|119700 |   591 | 65013k| 543.0 |   324M |  39 |1166 |6589 |4041 | 231k|  0 |  91k|  15 | 0.000000e+00 |      --      |    Inf |  84.95%
 7490s|119800 |   588 | 65072k| 543.1 |   324M |  39 |1166 |6619 |4035 | 231k|  1 |  91k|  15 | 0.000000e+00 |      --      |    Inf |  84.95%
 7496s|119900 |   583 | 65129k| 543.1 |   324M |  39 |1166 |6669 |4037 | 231k|  0 |  91k|  15 | 0.000000e+00 |      --      |    Inf |  84.95%
 7509s|120000 |   576 | 65221k| 543.4 |   324M |  39 |1166 |6755 |3207 | 231k|  0 |  91k|  15 | 0.000000e+00 |      --      |    Inf |  84.98%
 7523s|120100 |   578 | 65332k| 543.9 |   324M |  39 |1166 |6874 |3357 | 232k|  2 |  91k|  15 | 0.000000e+00 |      --      |    Inf |  84.98%
 7530s|120200 |   582 | 65390k| 543.9 |   324M |  39 |1166 |6979 |3396 | 232k|  0 |  92k|  15 | 0.000000e+00 |      --      |    Inf |  84.98%
 time | node  | left  |LP iter|LP it/n|mem/heur|mdpt |vars |cons |rows |cuts |sepa|confs|strbr|  dualbound   | primalbound  |  gap   | compl. 
 7539s|120300 |   576 | 65477k| 544.2 |   324M |  39 |1166 |6953 |2989 | 233k|  0 |  92k|  15 | 0.000000e+00 |      --      |    Inf |  84.99%
 7552s|120400 |   583 | 65578k| 544.6 |   324M |  39 |1166 |6881 |3082 | 234k|  0 |  92k|  15 | 0.000000e+00 |      --      |    Inf |  85.03%
 7559s|120500 |   578 | 65631k| 544.6 |   324M |  39 |1166 |6930 |4100 | 234k|  1 |  92k|  15 | 0.000000e+00 |      --      |    Inf |  85.04%
 7566s|120600 |   574 | 65685k| 544.6 |   324M |  39 |1166 |6908 |4028 | 234k|  1 |  92k|  15 | 0.000000e+00 |      --      |    Inf |  85.04%
 7571s|120700 |   580 | 65731k| 544.5 |   324M |  39 |1166 |6928 |4030 | 234k|  0 |  92k|  15 | 0.000000e+00 |      --      |    Inf |  85.04%
 7580s|120800 |   582 | 65797k| 544.6 |   324M |  39 |1166 |6882 |3951 | 234k|  1 |  92k|  15 | 0.000000e+00 |      --      |    Inf |  85.04%
 7588s|120900 |   572 | 65864k| 544.7 |   324M |  39 |1166 |6887 |4014 | 234k|  1 |  92k|  15 | 0.000000e+00 |      --      |    Inf |  85.04%
 7594s|121000 |   566 | 65922k| 544.7 |   324M |  39 |1166 |6804 |3945 | 234k|  0 |  92k|  15 | 0.000000e+00 |      --      |    Inf |  85.24%
 7602s|121100 |   562 | 65990k| 544.8 |   324M |  39 |1166 |6814 |4143 | 234k|  1 |  92k|  15 | 0.000000e+00 |      --      |    Inf |  85.26%
 7612s|121200 |   569 | 66065k| 545.0 |   325M |  39 |1166 |6908 |4188 | 234k|  1 |  92k|  15 | 0.000000e+00 |      --      |    Inf |  85.28%
 7619s|121300 |   581 | 66123k| 545.0 |   325M |  39 |1166 |7019 |4147 | 234k|  0 |  93k|  15 | 0.000000e+00 |      --      |    Inf |  85.29%
 7627s|121400 |   566 | 66184k| 545.1 |   325M |  39 |1166 |7078 |4142 | 234k|  1 |  93k|  15 | 0.000000e+00 |      --      |    Inf |  85.30%
 7632s|121500 |   576 | 66227k| 545.0 |   325M |  39 |1166 |7086 |4139 | 234k|  1 |  93k|  15 | 0.000000e+00 |      --      |    Inf |  85.32%
 7637s|121600 |   574 | 66272k| 544.9 |   325M |  39 |1166 |7110 |3992 | 234k|  1 |  93k|  15 | 0.000000e+00 |      --      |    Inf |  85.32%
 7642s|121700 |   570 | 66316k| 544.8 |   325M |  39 |1166 |7135 |3995 | 234k|  2 |  93k|  15 | 0.000000e+00 |      --      |    Inf |  85.32%
 time | node  | left  |LP iter|LP it/n|mem/heur|mdpt |vars |cons |rows |cuts |sepa|confs|strbr|  dualbound   | primalbound  |  gap   | compl. 
 7648s|121800 |   578 | 66378k| 544.9 |   325M |  39 |1166 |7178 |4141 | 234k|  0 |  93k|  15 | 0.000000e+00 |      --      |    Inf |  85.32%
 7654s|121900 |   574 | 66435k| 544.9 |   325M |  39 |1166 |7215 |3991 | 234k|  1 |  93k|  15 | 0.000000e+00 |      --      |    Inf |  85.32%
 7659s|122000 |   575 | 66481k| 544.8 |   325M |  39 |1166 |7241 |4139 | 234k|  0 |  93k|  15 | 0.000000e+00 |      --      |    Inf |  85.33%
 7665s|122100 |   566 | 66532k| 544.8 |   325M |  39 |1166 |7262 |4056 | 234k|  1 |  93k|  15 | 0.000000e+00 |      --      |    Inf |  85.35%
 7671s|122200 |   569 | 66585k| 544.8 |   325M |  39 |1166 |7365 |4058 | 234k|  1 |  93k|  15 | 0.000000e+00 |      --      |    Inf |  85.37%
 7679s|122300 |   566 | 66647k| 544.9 |   325M |  39 |1166 |7391 |4050 | 234k|  1 |  93k|  15 | 0.000000e+00 |      --      |    Inf |  85.39%
 7683s|122400 |   559 | 66686k| 544.7 |   325M |  39 |1166 |7381 |4049 | 234k|  0 |  93k|  15 | 0.000000e+00 |      --      |    Inf |  85.40%
 7689s|122500 |   555 | 66736k| 544.7 |   325M |  39 |1166 |7247 |4218 | 235k|  0 |  93k|  15 | 0.000000e+00 |      --      |    Inf |  85.41%
 7694s|122600 |   555 | 66786k| 544.6 |   325M |  39 |1166 |7224 |   0 | 235k|  0 |  93k|  15 | 0.000000e+00 |      --      |    Inf |  85.41%
 7702s|122700 |   547 | 66847k| 544.7 |   325M |  39 |1166 |7143 |3795 | 235k|  0 |  94k|  15 | 0.000000e+00 |      --      |    Inf |  85.42%
 7709s|122800 |   548 | 66912k| 544.8 |   325M |  39 |1166 |7139 |3987 | 235k|  0 |  94k|  15 | 0.000000e+00 |      --      |    Inf |  85.48%
 7718s|122900 |   549 | 66984k| 544.9 |   326M |  39 |1166 |7148 |4173 | 235k|  1 |  94k|  15 | 0.000000e+00 |      --      |    Inf |  85.50%
 7729s|123000 |   549 | 67061k| 545.1 |   326M |  39 |1166 |7250 |4192 | 235k|  0 |  94k|  15 | 0.000000e+00 |      --      |    Inf |  85.51%
 7739s|123100 |   551 | 67138k| 545.3 |   326M |  39 |1166 |7327 |4174 | 235k|  0 |  94k|  15 | 0.000000e+00 |      --      |    Inf |  85.51%
 7748s|123200 |   541 | 67215k| 545.5 |   326M |  39 |1166 |7416 |2916 | 235k|  0 |  94k|  15 | 0.000000e+00 |      --      |    Inf |  85.54%
 time | node  | left  |LP iter|LP it/n|mem/heur|mdpt |vars |cons |rows |cuts |sepa|confs|strbr|  dualbound   | primalbound  |  gap   | compl. 
 7755s|123300 |   540 | 67274k| 545.5 |   326M |  39 |1166 |7319 |4162 | 235k|  1 |  94k|  15 | 0.000000e+00 |      --      |    Inf |  85.60%
 7764s|123400 |   534 | 67336k| 545.6 |   326M |  39 |1166 |7207 |4163 | 235k|  0 |  94k|  15 | 0.000000e+00 |      --      |    Inf |  85.61%
 7772s|123500 |   526 | 67401k| 545.7 |   326M |  39 |1166 |7225 |4098 | 235k|  0 |  95k|  15 | 0.000000e+00 |      --      |    Inf |  85.81%
 7778s|123600 |   523 | 67448k| 545.6 |   326M |  39 |1166 |7280 |4099 | 235k|  0 |  95k|  15 | 0.000000e+00 |      --      |    Inf |  85.81%
 7784s|123700 |   525 | 67494k| 545.5 |   326M |  39 |1166 |7301 |4121 | 235k|  0 |  95k|  15 | 0.000000e+00 |      --      |    Inf |  85.81%
 7790s|123800 |   526 | 67540k| 545.5 |   326M |  39 |1166 |7266 |4145 | 235k|  1 |  95k|  15 | 0.000000e+00 |      --      |    Inf |  85.84%
 7794s|123900 |   525 | 67577k| 545.3 |   326M |  39 |1166 |7280 |4146 | 235k|  0 |  95k|  15 | 0.000000e+00 |      --      |    Inf |  85.84%
 7802s|124000 |   527 | 67641k| 545.4 |   326M |  39 |1166 |7279 |3909 | 235k|  1 |  95k|  15 | 0.000000e+00 |      --      |    Inf |  85.84%
 7806s|124100 |   536 | 67682k| 545.3 |   326M |  39 |1166 |7273 |3087 | 236k|  1 |  95k|  15 | 0.000000e+00 |      --      |    Inf |  85.85%
 7811s|124200 |   544 | 67728k| 545.2 |   326M |  39 |1166 |7302 |3122 | 236k|  2 |  95k|  15 | 0.000000e+00 |      --      |    Inf |  85.85%
 7816s|124300 |   540 | 67767k| 545.1 |   326M |  39 |1166 |7323 |3108 | 236k|  0 |  95k|  15 | 0.000000e+00 |      --      |    Inf |  85.85%
 7821s|124400 |   526 | 67816k| 545.1 |   326M |  39 |1166 |7376 |   0 | 236k|  0 |  95k|  15 | 0.000000e+00 |      --      |    Inf |  85.85%
 7827s|124500 |   530 | 67875k| 545.1 |   326M |  39 |1166 |7416 |3092 | 237k|  0 |  95k|  15 | 0.000000e+00 |      --      |    Inf |  85.85%
 7832s|124600 |   530 | 67926k| 545.1 |   326M |  39 |1166 |7416 |3087 | 237k|  0 |  95k|  15 | 0.000000e+00 |      --      |    Inf |  85.85%
 7838s|124700 |   528 | 67978k| 545.0 |   326M |  39 |1166 |7470 |3171 | 238k|  1 |  95k|  15 | 0.000000e+00 |      --      |    Inf |  85.85%
 time | node  | left  |LP iter|LP it/n|mem/heur|mdpt |vars |cons |rows |cuts |sepa|confs|strbr|  dualbound   | primalbound  |  gap   | compl. 
 7843s|124800 |   526 | 68031k| 545.0 |   326M |  39 |1166 |7536 |3224 | 238k|  2 |  95k|  15 | 0.000000e+00 |      --      |    Inf |  85.85%
 7849s|124900 |   527 | 68086k| 545.0 |   326M |  39 |1166 |7497 |3084 | 239k|  2 |  95k|  15 | 0.000000e+00 |      --      |    Inf |  85.86%
 7854s|125000 |   521 | 68128k| 544.9 |   326M |  39 |1166 |7530 |3084 | 239k|  0 |  95k|  15 | 0.000000e+00 |      --      |    Inf |  85.86%
 7858s|125100 |   523 | 68173k| 544.9 |   326M |  39 |1166 |7537 |3130 | 239k|  0 |  95k|  15 | 0.000000e+00 |      --      |    Inf |  85.86%
 7864s|125200 |   521 | 68220k| 544.8 |   326M |  39 |1166 |7534 |2817 | 239k|  2 |  95k|  15 | 0.000000e+00 |      --      |    Inf |  85.86%
 7869s|125300 |   528 | 68258k| 544.7 |   326M |  39 |1166 |7490 |4161 | 239k|  0 |  96k|  15 | 0.000000e+00 |      --      |    Inf |  85.86%
 7873s|125400 |   519 | 68297k| 544.5 |   326M |  39 |1166 |7490 |4161 | 239k|  1 |  96k|  15 | 0.000000e+00 |      --      |    Inf |  85.87%
 7880s|125500 |   516 | 68352k| 544.5 |   326M |  39 |1166 |7160 |3995 | 239k|  2 |  96k|  15 | 0.000000e+00 |      --      |    Inf |  87.44%
 7889s|125600 |   512 | 68424k| 544.7 |   326M |  39 |1166 |7137 |4162 | 240k|  2 |  96k|  15 | 0.000000e+00 |      --      |    Inf |  87.44%
 7897s|125700 |   511 | 68487k| 544.7 |   326M |  39 |1166 |7147 |4016 | 240k|  0 |  96k|  15 | 0.000000e+00 |      --      |    Inf |  87.47%
 7902s|125800 |   512 | 68534k| 544.7 |   326M |  39 |1166 |7217 |4016 | 240k|  0 |  96k|  15 | 0.000000e+00 |      --      |    Inf |  87.47%
 7910s|125900 |   512 | 68593k| 544.7 |   326M |  39 |1166 |7188 |4180 | 240k|  0 |  96k|  15 | 0.000000e+00 |      --      |    Inf |  87.48%
 7914s|126000 |   508 | 68631k| 544.6 |   326M |  39 |1166 |7248 |3761 | 240k|  0 |  96k|  15 | 0.000000e+00 |      --      |    Inf |  87.48%
 7928s|126100 |   510 | 68725k| 544.9 |   326M |  39 |1166 |7145 |4181 | 240k|  1 |  96k|  15 | 0.000000e+00 |      --      |    Inf |  87.50%
 7938s|126200 |   503 | 68803k| 545.1 |   326M |  39 |1166 |7154 |4208 | 240k|  0 |  97k|  15 | 0.000000e+00 |      --      |    Inf |  87.63%
 time | node  | left  |LP iter|LP it/n|mem/heur|mdpt |vars |cons |rows |cuts |sepa|confs|strbr|  dualbound   | primalbound  |  gap   | compl. 
 7952s|126300 |   497 | 68901k| 545.4 |   326M |  39 |1166 |7255 |4098 | 240k|  0 |  97k|  15 | 0.000000e+00 |      --      |    Inf |  87.63%
 7965s|126400 |   500 | 68983k| 545.7 |   326M |  39 |1166 |7323 |4210 | 240k|  0 |  97k|  15 | 0.000000e+00 |      --      |    Inf |  87.63%
 7975s|126500 |   502 | 69061k| 545.8 |   326M |  39 |1166 |7442 |4210 | 240k|  1 |  97k|  15 | 0.000000e+00 |      --      |    Inf |  87.64%
 7987s|126600 |   496 | 69148k| 546.1 |   327M |  39 |1166 |7435 |2981 | 240k|  0 |  97k|  15 | 0.000000e+00 |      --      |    Inf |  87.64%
 7995s|126700 |   489 | 69216k| 546.2 |   327M |  39 |1166 |7347 |4010 | 240k|  1 |  97k|  15 | 0.000000e+00 |      --      |    Inf |  87.73%
 8003s|126800 |   491 | 69270k| 546.2 |   327M |  39 |1166 |7370 |4010 | 240k|  0 |  97k|  15 | 0.000000e+00 |      --      |    Inf |  87.93%
 8010s|126900 |   485 | 69328k| 546.2 |   327M |  39 |1166 |7414 |4010 | 240k|  1 |  97k|  15 | 0.000000e+00 |      --      |    Inf |  87.93%
 8017s|127000 |   467 | 69387k| 546.3 |   327M |  39 |1166 |7259 |4179 | 240k|  1 |  98k|  15 | 0.000000e+00 |      --      |    Inf |  88.12%
 8026s|127100 |   457 | 69455k| 546.4 |   327M |  39 |1166 |7253 |4191 | 240k|  0 |  98k|  15 | 0.000000e+00 |      --      |    Inf |  88.20%
 8033s|127200 |   455 | 69517k| 546.4 |   327M |  39 |1166 |7263 |   0 | 241k|  0 |  98k|  15 | 0.000000e+00 |      --      |    Inf |  88.21%
 8040s|127300 |   451 | 69573k| 546.4 |   327M |  39 |1166 |7178 |4081 | 241k|  1 |  98k|  15 | 0.000000e+00 |      --      |    Inf |  88.30%
 8046s|127400 |   455 | 69626k| 546.4 |   327M |  39 |1166 |7209 |4126 | 241k|  1 |  98k|  15 | 0.000000e+00 |      --      |    Inf |  88.30%
 8051s|127500 |   454 | 69669k| 546.3 |   327M |  39 |1166 |7272 |4081 | 241k|  0 |  98k|  15 | 0.000000e+00 |      --      |    Inf |  88.30%
 8056s|127600 |   454 | 69717k| 546.3 |   327M |  39 |1166 |7327 |4081 | 241k|  1 |  98k|  15 | 0.000000e+00 |      --      |    Inf |  88.30%
 8061s|127700 |   450 | 69761k| 546.2 |   327M |  39 |1166 |7383 |4126 | 241k|  1 |  98k|  15 | 0.000000e+00 |      --      |    Inf |  88.31%
 time | node  | left  |LP iter|LP it/n|mem/heur|mdpt |vars |cons |rows |cuts |sepa|confs|strbr|  dualbound   | primalbound  |  gap   | compl. 
 8068s|127800 |   446 | 69817k| 546.2 |   327M |  39 |1166 |7420 |4082 | 241k|  1 |  98k|  15 | 0.000000e+00 |      --      |    Inf |  88.31%
 8075s|127900 |   438 | 69875k| 546.2 |   327M |  39 |1166 |7474 |4070 | 241k|  0 |  98k|  15 | 0.000000e+00 |      --      |    Inf |  88.33%
 8084s|128000 |   449 | 69944k| 546.3 |   327M |  39 |1166 |7440 |4175 | 241k|  1 |  98k|  15 | 0.000000e+00 |      --      |    Inf |  88.35%
 8092s|128100 |   449 | 70002k| 546.4 |   327M |  39 |1166 |7416 |4132 | 241k|  1 |  98k|  15 | 0.000000e+00 |      --      |    Inf |  88.37%
 8100s|128200 |   456 | 70071k| 546.5 |   327M |  39 |1166 |7431 |2969 | 241k|  2 |  99k|  15 | 0.000000e+00 |      --      |    Inf |  88.39%
 8104s|128300 |   456 | 70111k| 546.4 |   327M |  39 |1166 |7481 |3038 | 242k|  2 |  99k|  15 | 0.000000e+00 |      --      |    Inf |  88.39%
 8109s|128400 |   468 | 70153k| 546.3 |   327M |  39 |1166 |7515 |3049 | 242k|  1 |  99k|  15 | 0.000000e+00 |      --      |    Inf |  88.39%
 8113s|128500 |   459 | 70197k| 546.2 |   327M |  39 |1166 |7557 |3059 | 243k|  0 |  99k|  15 | 0.000000e+00 |      --      |    Inf |  88.39%
 8118s|128600 |   457 | 70247k| 546.2 |   327M |  39 |1166 |7578 |3040 | 243k|  2 |  99k|  15 | 0.000000e+00 |      --      |    Inf |  88.39%
 8127s|128700 |   460 | 70322k| 546.3 |   327M |  39 |1166 |7616 |3065 | 244k|  0 |  99k|  15 | 0.000000e+00 |      --      |    Inf |  88.39%
 8136s|128800 |   460 | 70405k| 546.5 |   327M |  39 |1166 |7650 |3086 | 245k|  0 |  99k|  15 | 0.000000e+00 |      --      |    Inf |  88.39%
 8145s|128900 |   464 | 70492k| 546.8 |   327M |  39 |1166 |7670 |3095 | 245k|  0 |  99k|  15 | 0.000000e+00 |      --      |    Inf |  88.39%
 8154s|129000 |   445 | 70572k| 547.0 |   327M |  39 |1166 |7708 |4141 | 246k|  0 |  99k|  15 | 0.000000e+00 |      --      |    Inf |  88.39%
 8161s|129100 |   450 | 70633k| 547.0 |   327M |  39 |1166 |7627 |3980 | 246k|  0 |  99k|  15 | 0.000000e+00 |      --      |    Inf |  88.52%
 8166s|129200 |   455 | 70678k| 547.0 |   327M |  39 |1166 |7585 |3979 | 246k|  0 |  99k|  15 | 0.000000e+00 |      --      |    Inf |  88.52%
 time | node  | left  |LP iter|LP it/n|mem/heur|mdpt |vars |cons |rows |cuts |sepa|confs|strbr|  dualbound   | primalbound  |  gap   | compl. 
 8173s|129300 |   458 | 70733k| 547.0 |   327M |  39 |1166 |7627 |3984 | 246k|  0 |  99k|  15 | 0.000000e+00 |      --      |    Inf |  88.52%
 8180s|129400 |   450 | 70793k| 547.0 |   327M |  39 |1166 |7605 |3775 | 246k|  0 |  99k|  15 | 0.000000e+00 |      --      |    Inf |  88.54%
 8190s|129500 |   454 | 70870k| 547.2 |   327M |  39 |1166 |7571 |3796 | 246k|  0 |  99k|  15 | 0.000000e+00 |      --      |    Inf |  88.54%
 8199s|129600 |   452 | 70942k| 547.3 |   327M |  39 |1166 |7640 |4057 | 246k|  1 |  99k|  15 | 0.000000e+00 |      --      |    Inf |  88.55%
 8209s|129700 |   448 | 71020k| 547.5 |   327M |  39 |1166 |7660 |4058 | 246k|  2 |  99k|  15 | 0.000000e+00 |      --      |    Inf |  88.56%
 8218s|129800 |   444 | 71094k| 547.6 |   327M |  39 |1166 |7675 |3822 | 246k|  2 | 100k|  15 | 0.000000e+00 |      --      |    Inf |  88.57%
 8226s|129900 |   458 | 71161k| 547.7 |   327M |  39 |1166 |7706 |4102 | 246k|  0 | 100k|  15 | 0.000000e+00 |      --      |    Inf |  88.57%
 8233s|130000 |   456 | 71224k| 547.8 |   327M |  39 |1166 |7748 |4101 | 247k|  0 | 100k|  15 | 0.000000e+00 |      --      |    Inf |  88.58%
 8239s|130100 |   440 | 71274k| 547.8 |   327M |  39 |1166 |7771 |4050 | 247k|  1 | 100k|  15 | 0.000000e+00 |      --      |    Inf |  88.97%
 8253s|130200 |   440 | 71385k| 548.2 |   327M |  39 |1166 |7754 |3851 | 247k|  2 | 100k|  15 | 0.000000e+00 |      --      |    Inf |  89.02%
 8266s|130300 |   439 | 71488k| 548.6 |   327M |  39 |1166 |7764 |3842 | 248k|  2 | 100k|  15 | 0.000000e+00 |      --      |    Inf |  89.07%
 8280s|130400 |   439 | 71591k| 548.9 |   328M |  39 |1166 |7800 |3332 | 248k|  2 | 100k|  15 | 0.000000e+00 |      --      |    Inf |  89.10%
 8295s|130500 |   438 | 71715k| 549.4 |   328M |  39 |1166 |7813 |4121 | 249k|  1 | 100k|  15 | 0.000000e+00 |      --      |    Inf |  89.14%
 8304s|130600 |   438 | 71786k| 549.6 |   328M |  39 |1166 |7911 |4123 | 249k|  0 | 100k|  15 | 0.000000e+00 |      --      |    Inf |  89.15%
 8312s|130700 |   446 | 71845k| 549.6 |   328M |  39 |1166 |7920 |3123 | 249k|  2 | 101k|  15 | 0.000000e+00 |      --      |    Inf |  89.15%
 time | node  | left  |LP iter|LP it/n|mem/heur|mdpt |vars |cons |rows |cuts |sepa|confs|strbr|  dualbound   | primalbound  |  gap   | compl. 
 8320s|130800 |   442 | 71917k| 549.7 |   328M |  39 |1166 |7975 |3141 | 249k|  0 | 101k|  15 | 0.000000e+00 |      --      |    Inf |  89.16%
 8328s|130900 |   450 | 71987k| 549.8 |   328M |  39 |1166 |8028 |3179 | 250k|  1 | 101k|  15 | 0.000000e+00 |      --      |    Inf |  89.16%
 8335s|131000 |   442 | 72057k| 550.0 |   328M |  39 |1166 |8083 |3174 | 251k|  2 | 101k|  15 | 0.000000e+00 |      --      |    Inf |  89.16%
 8345s|131100 |   440 | 72146k| 550.2 |   328M |  39 |1166 |8151 |3109 | 251k|  0 | 101k|  15 | 0.000000e+00 |      --      |    Inf |  89.17%
 8356s|131200 |   443 | 72242k| 550.5 |   328M |  39 |1166 |8242 |3146 | 252k|  0 | 101k|  15 | 0.000000e+00 |      --      |    Inf |  89.18%
 8363s|131300 |   446 | 72308k| 550.6 |   328M |  39 |1166 |8333 |4075 | 252k|  1 | 101k|  15 | 0.000000e+00 |      --      |    Inf |  89.18%
 8372s|131400 |   437 | 72374k| 550.7 |   328M |  39 |1166 |8491 |3786 | 252k|  2 | 101k|  15 | 0.000000e+00 |      --      |    Inf |  89.39%
 8381s|131500 |   436 | 72450k| 550.9 |   329M |  39 |1166 |8464 |3311 | 253k|  2 | 101k|  15 | 0.000000e+00 |      --      |    Inf |  89.46%
 8389s|131600 |   438 | 72519k| 551.0 |   329M |  39 |1166 |8447 |3194 | 253k|  2 | 101k|  15 | 0.000000e+00 |      --      |    Inf |  89.51%
 8398s|131700 |   439 | 72593k| 551.1 |   329M |  39 |1166 |8261 |4149 | 253k|  1 | 102k|  15 | 0.000000e+00 |      --      |    Inf |  89.58%
 8406s|131800 |   432 | 72664k| 551.2 |   329M |  39 |1166 |8335 |4148 | 253k|  1 | 102k|  15 | 0.000000e+00 |      --      |    Inf |  89.58%
 8415s|131900 |   436 | 72738k| 551.4 |   329M |  39 |1166 |8366 |4148 | 253k|  0 | 102k|  15 | 0.000000e+00 |      --      |    Inf |  89.58%
 8424s|132000 |   439 | 72807k| 551.5 |   329M |  39 |1166 |8412 |4149 | 253k|  1 | 102k|  15 | 0.000000e+00 |      --      |    Inf |  89.59%
 8430s|132100 |   439 | 72860k| 551.5 |   329M |  39 |1166 |8429 |4149 | 253k|  0 | 102k|  15 | 0.000000e+00 |      --      |    Inf |  89.59%
 8438s|132200 |   443 | 72932k| 551.6 |   329M |  39 |1166 |8507 |4152 | 253k|  1 | 102k|  15 | 0.000000e+00 |      --      |    Inf |  89.59%
 time | node  | left  |LP iter|LP it/n|mem/heur|mdpt |vars |cons |rows |cuts |sepa|confs|strbr|  dualbound   | primalbound  |  gap   | compl. 
 8444s|132300 |   434 | 72990k| 551.6 |   329M |  39 |1166 |8553 |4151 | 253k|  1 | 102k|  15 | 0.000000e+00 |      --      |    Inf |  89.59%
 8455s|132400 |   427 | 73080k| 551.9 |   329M |  39 |1166 |8579 |4157 | 253k|  0 | 102k|  15 | 0.000000e+00 |      --      |    Inf |  89.65%
 8461s|132500 |   425 | 73131k| 551.8 |   329M |  39 |1166 |8489 |3065 | 254k|  2 | 102k|  15 | 0.000000e+00 |      --      |    Inf |  89.66%
 8469s|132600 |   428 | 73197k| 551.9 |   329M |  39 |1166 |8447 |4052 | 254k|  0 | 102k|  15 | 0.000000e+00 |      --      |    Inf |  89.66%
 8475s|132700 |   428 | 73251k| 551.9 |   329M |  39 |1166 |8358 |4155 | 254k|  0 | 102k|  15 | 0.000000e+00 |      --      |    Inf |  89.67%
 8481s|132800 |   420 | 73297k| 551.8 |   329M |  39 |1166 |8368 |4039 | 254k|  1 | 102k|  15 | 0.000000e+00 |      --      |    Inf |  89.68%
 8488s|132900 |   420 | 73357k| 551.9 |   329M |  39 |1166 |8279 |4030 | 254k|  1 | 102k|  15 | 0.000000e+00 |      --      |    Inf |  89.69%
 8496s|133000 |   418 | 73432k| 552.0 |   329M |  39 |1166 |8282 |3019 | 255k|  2 | 103k|  15 | 0.000000e+00 |      --      |    Inf |  89.69%
 8506s|133100 |   424 | 73523k| 552.3 |   329M |  39 |1166 |8340 |3090 | 255k|  2 | 103k|  15 | 0.000000e+00 |      --      |    Inf |  89.70%
 8516s|133200 |   415 | 73612k| 552.6 |   329M |  39 |1166 |8327 |4131 | 256k|  2 | 103k|  15 | 0.000000e+00 |      --      |    Inf |  89.80%
 8524s|133300 |   402 | 73677k| 552.6 |   329M |  39 |1166 |8181 |2984 | 256k|  2 | 103k|  15 | 0.000000e+00 |      --      |    Inf |  89.87%
 8532s|133400 |   400 | 73754k| 552.8 |   329M |  39 |1166 |8165 |4208 | 257k|  0 | 103k|  15 | 0.000000e+00 |      --      |    Inf |  89.94%
 8540s|133500 |   402 | 73815k| 552.8 |   329M |  39 |1166 |8119 |4198 | 257k|  1 | 103k|  15 | 0.000000e+00 |      --      |    Inf |  89.99%
 8546s|133600 |   403 | 73867k| 552.8 |   329M |  39 |1166 |8196 |4201 | 257k|  1 | 103k|  15 | 0.000000e+00 |      --      |    Inf |  89.99%
 8554s|133700 |   404 | 73929k| 552.9 |   329M |  39 |1166 |8272 |4200 | 257k|  1 | 104k|  15 | 0.000000e+00 |      --      |    Inf |  89.99%
 time | node  | left  |LP iter|LP it/n|mem/heur|mdpt |vars |cons |rows |cuts |sepa|confs|strbr|  dualbound   | primalbound  |  gap   | compl. 
 8562s|133800 |   402 | 73992k| 552.9 |   329M |  39 |1166 |8364 |4202 | 257k|  0 | 104k|  15 | 0.000000e+00 |      --      |    Inf |  90.00%
 8570s|133900 |   401 | 74070k| 553.1 |   329M |  39 |1166 |8374 |4198 | 257k|  0 | 104k|  15 | 0.000000e+00 |      --      |    Inf |  90.01%
 8580s|134000 |   403 | 74156k| 553.3 |   329M |  39 |1166 |8372 |3237 | 257k|  2 | 104k|  15 | 0.000000e+00 |      --      |    Inf |  90.06%
 8589s|134100 |   418 | 74242k| 553.5 |   329M |  39 |1166 |8433 |3207 | 258k|  2 | 104k|  15 | 0.000000e+00 |      --      |    Inf |  90.07%
 8596s|134200 |   403 | 74310k| 553.6 |   329M |  39 |1166 |8365 |3137 | 258k|  3 | 104k|  15 | 0.000000e+00 |      --      |    Inf |  90.07%
 8604s|134300 |   395 | 74383k| 553.8 |   329M |  39 |1166 |8443 |4007 | 259k|  0 | 104k|  15 | 0.000000e+00 |      --      |    Inf |  90.07%
 8613s|134400 |   393 | 74464k| 554.0 |   329M |  39 |1166 |8459 |4181 | 259k|  1 | 104k|  15 | 0.000000e+00 |      --      |    Inf |  90.08%
 8621s|134500 |   388 | 74527k| 554.0 |   329M |  39 |1166 |8281 |4054 | 259k|  2 | 105k|  15 | 0.000000e+00 |      --      |    Inf |  90.10%
 8633s|134600 |   388 | 74633k| 554.4 |   329M |  39 |1166 |8302 |3163 | 260k|  0 | 105k|  15 | 0.000000e+00 |      --      |    Inf |  90.13%
 8642s|134700 |   384 | 74727k| 554.7 |   329M |  39 |1166 |8367 |3107 | 261k|  0 | 105k|  15 | 0.000000e+00 |      --      |    Inf |  90.18%
 8652s|134800 |   380 | 74815k| 554.9 |   329M |  39 |1166 |8191 |4100 | 261k|  0 | 105k|  15 | 0.000000e+00 |      --      |    Inf |  90.26%
 8660s|134900 |   389 | 74879k| 555.0 |   330M |  39 |1166 |8121 |3315 | 261k|  0 | 105k|  15 | 0.000000e+00 |      --      |    Inf |  90.29%
 8669s|135000 |   384 | 74957k| 555.1 |   330M |  39 |1166 |8161 |3632 | 262k|  0 | 105k|  15 | 0.000000e+00 |      --      |    Inf |  90.30%
 8678s|135100 |   381 | 75036k| 555.3 |   330M |  39 |1166 |7972 |3277 | 262k|  2 | 105k|  15 | 0.000000e+00 |      --      |    Inf |  90.33%
 8687s|135200 |   390 | 75117k| 555.5 |   330M |  39 |1166 |8009 |3237 | 262k|  2 | 105k|  15 | 0.000000e+00 |      --      |    Inf |  90.34%
 time | node  | left  |LP iter|LP it/n|mem/heur|mdpt |vars |cons |rows |cuts |sepa|confs|strbr|  dualbound   | primalbound  |  gap   | compl. 
 8692s|135300 |   406 | 75169k| 555.5 |   330M |  39 |1166 |7994 |3262 | 263k|  2 | 106k|  15 | 0.000000e+00 |      --      |    Inf |  90.34%
 8700s|135400 |   384 | 75244k| 555.6 |   330M |  39 |1166 |8011 |3297 | 263k|  0 | 106k|  15 | 0.000000e+00 |      --      |    Inf |  90.35%
 8712s|135500 |   383 | 75346k| 556.0 |   330M |  39 |1166 |7874 |4193 | 264k|  2 | 106k|  15 | 0.000000e+00 |      --      |    Inf |  90.37%
 8720s|135600 |   383 | 75408k| 556.0 |   330M |  39 |1166 |7934 |4211 | 264k|  0 | 106k|  15 | 0.000000e+00 |      --      |    Inf |  90.38%
 8730s|135700 |   365 | 75487k| 556.2 |   330M |  39 |1166 |7698 |3239 | 264k|  2 | 106k|  15 | 0.000000e+00 |      --      |    Inf |  90.41%
 8739s|135800 |   362 | 75563k| 556.3 |   330M |  39 |1166 |7668 |4151 | 264k|  1 | 106k|  15 | 0.000000e+00 |      --      |    Inf |  90.42%
 8746s|135900 |   356 | 75615k| 556.3 |   330M |  39 |1166 |7692 |4207 | 264k|  0 | 106k|  15 | 0.000000e+00 |      --      |    Inf |  90.43%
 8753s|136000 |   359 | 75679k| 556.4 |   330M |  39 |1166 |7759 |4207 | 264k|  1 | 106k|  15 | 0.000000e+00 |      --      |    Inf |  90.43%
 8761s|136100 |   361 | 75741k| 556.4 |   330M |  39 |1166 |7850 |4207 | 264k|  0 | 106k|  15 | 0.000000e+00 |      --      |    Inf |  90.43%
 8768s|136200 |   364 | 75799k| 556.4 |   330M |  39 |1166 |7888 |4215 | 264k|  1 | 107k|  15 | 0.000000e+00 |      --      |    Inf |  90.44%
 8777s|136300 |   357 | 75869k| 556.5 |   330M |  39 |1166 |7907 |4055 | 264k|  2 | 107k|  15 | 0.000000e+00 |      --      |    Inf |  90.44%
 8785s|136400 |   356 | 75942k| 556.7 |   330M |  39 |1166 |7935 |4111 | 264k|  0 | 107k|  15 | 0.000000e+00 |      --      |    Inf |  90.45%
 8794s|136500 |   345 | 76012k| 556.8 |   330M |  39 |1166 |7956 |4133 | 264k|  1 | 107k|  15 | 0.000000e+00 |      --      |    Inf |  90.69%
 8806s|136600 |   355 | 76103k| 557.0 |   330M |  39 |1166 |7982 |4044 | 264k|  1 | 107k|  15 | 0.000000e+00 |      --      |    Inf |  90.70%
 8815s|136700 |   357 | 76173k| 557.1 |   330M |  39 |1166 |8094 |3974 | 264k|  0 | 107k|  15 | 0.000000e+00 |      --      |    Inf |  90.70%
 time | node  | left  |LP iter|LP it/n|mem/heur|mdpt |vars |cons |rows |cuts |sepa|confs|strbr|  dualbound   | primalbound  |  gap   | compl. 
 8827s|136800 |   337 | 76263k| 557.4 |   330M |  39 |1166 |8109 |4182 | 264k|  0 | 107k|  15 | 0.000000e+00 |      --      |    Inf |  90.71%
 8839s|136900 |   347 | 76365k| 557.7 |   330M |  39 |1166 |8105 |3300 | 265k|  1 | 107k|  15 | 0.000000e+00 |      --      |    Inf |  90.73%
 8849s|137000 |   338 | 76447k| 557.9 |   330M |  39 |1166 |8158 |4203 | 266k|  0 | 108k|  15 | 0.000000e+00 |      --      |    Inf |  90.73%
 8860s|137100 |   344 | 76554k| 558.3 |   330M |  39 |1166 |8144 |3242 | 266k|  2 | 108k|  15 | 0.000000e+00 |      --      |    Inf |  90.73%
 8870s|137200 |   331 | 76630k| 558.4 |   330M |  39 |1166 |8106 |4045 | 267k|  1 | 108k|  15 | 0.000000e+00 |      --      |    Inf |  90.78%
 8881s|137300 |   324 | 76729k| 558.8 |   330M |  39 |1166 |7919 |4250 | 267k|  1 | 108k|  15 | 0.000000e+00 |      --      |    Inf |  90.88%
 8889s|137400 |   326 | 76795k| 558.8 |   330M |  39 |1166 |7861 |3522 | 268k|  0 | 108k|  15 | 0.000000e+00 |      --      |    Inf |  90.89%
 8896s|137500 |   332 | 76862k| 558.9 |   330M |  39 |1166 |7864 |4060 | 268k|  0 | 108k|  15 | 0.000000e+00 |      --      |    Inf |  90.91%
 8900s|137600 |   331 | 76901k| 558.8 |   330M |  39 |1166 |7927 |4075 | 268k|  0 | 108k|  15 | 0.000000e+00 |      --      |    Inf |  90.92%
 8905s|137700 |   336 | 76941k| 558.7 |   330M |  39 |1166 |7951 |4061 | 268k|  1 | 108k|  15 | 0.000000e+00 |      --      |    Inf |  90.94%
 8909s|137800 |   324 | 76978k| 558.5 |   330M |  39 |1166 |8024 |4061 | 268k|  0 | 108k|  15 | 0.000000e+00 |      --      |    Inf |  90.95%
 8914s|137900 |   331 | 77021k| 558.4 |   330M |  39 |1166 |8082 |4060 | 268k|  1 | 108k|  15 | 0.000000e+00 |      --      |    Inf |  90.97%
 8920s|138000 |   328 | 77074k| 558.4 |   330M |  39 |1166 |8115 |4061 | 268k|  0 | 108k|  15 | 0.000000e+00 |      --      |    Inf |  90.98%
 8926s|138100 |   326 | 77122k| 558.4 |   330M |  39 |1166 |8188 |4088 | 268k|  1 | 108k|  15 | 0.000000e+00 |      --      |    Inf |  91.01%
 8935s|138200 |   326 | 77202k| 558.5 |   330M |  39 |1166 |8245 |3062 | 269k|  0 | 109k|  15 | 0.000000e+00 |      --      |    Inf |  91.01%
 time | node  | left  |LP iter|LP it/n|mem/heur|mdpt |vars |cons |rows |cuts |sepa|confs|strbr|  dualbound   | primalbound  |  gap   | compl. 
 8946s|138300 |   324 | 77307k| 558.9 |   330M |  39 |1166 |8347 |3151 | 269k|  0 | 109k|  15 | 0.000000e+00 |      --      |    Inf |  91.02%
 8957s|138400 |   328 | 77398k| 559.1 |   331M |  39 |1166 |8273 |4011 | 270k|  0 | 109k|  15 | 0.000000e+00 |      --      |    Inf |  91.05%
 8966s|138500 |   322 | 77468k| 559.2 |   331M |  39 |1166 |8224 |4074 | 270k|  1 | 109k|  15 | 0.000000e+00 |      --      |    Inf |  91.06%
 8975s|138600 |   319 | 77544k| 559.4 |   331M |  39 |1166 |8182 |3793 | 270k|  0 | 109k|  15 | 0.000000e+00 |      --      |    Inf |  91.08%
 8984s|138700 |   312 | 77619k| 559.5 |   331M |  39 |1166 |8052 |4182 | 270k|  0 | 109k|  15 | 0.000000e+00 |      --      |    Inf |  91.10%
 8992s|138800 |   299 | 77682k| 559.6 |   331M |  39 |1166 |7892 |2945 | 270k|  0 | 109k|  15 | 0.000000e+00 |      --      |    Inf |  91.11%
 8999s|138900 |   295 | 77740k| 559.6 |   331M |  39 |1166 |7829 |4200 | 270k|  0 | 109k|  15 | 0.000000e+00 |      --      |    Inf |  91.15%
 9008s|139000 |   293 | 77820k| 559.8 |   331M |  39 |1166 |7690 |4028 | 271k|  0 | 110k|  15 | 0.000000e+00 |      --      |    Inf |  91.21%
 9016s|139100 |   295 | 77881k| 559.8 |   331M |  39 |1166 |7716 |4205 | 271k|  1 | 110k|  15 | 0.000000e+00 |      --      |    Inf |  91.22%
 9023s|139200 |   293 | 77943k| 559.9 |   331M |  39 |1166 |7644 |4186 | 271k|  2 | 110k|  15 | 0.000000e+00 |      --      |    Inf |  91.24%
 9032s|139300 |   290 | 78016k| 560.0 |   331M |  39 |1166 |7565 |4129 | 272k|  1 | 110k|  15 | 0.000000e+00 |      --      |    Inf |  91.26%
 9039s|139400 |   285 | 78074k| 560.0 |   331M |  39 |1166 |7476 |4095 | 272k|  0 | 110k|  15 | 0.000000e+00 |      --      |    Inf |  91.35%
 9047s|139500 |   285 | 78139k| 560.1 |   331M |  39 |1166 |7548 |3176 | 272k|  0 | 110k|  15 | 0.000000e+00 |      --      |    Inf |  91.37%
 9056s|139600 |   284 | 78216k| 560.2 |   331M |  39 |1166 |7606 |3220 | 273k|  1 | 110k|  15 | 0.000000e+00 |      --      |    Inf |  91.38%
 9062s|139700 |   278 | 78276k| 560.2 |   331M |  39 |1166 |7492 |3519 | 273k|  1 | 110k|  15 | 0.000000e+00 |      --      |    Inf |  91.51%
 time | node  | left  |LP iter|LP it/n|mem/heur|mdpt |vars |cons |rows |cuts |sepa|confs|strbr|  dualbound   | primalbound  |  gap   | compl. 
 9069s|139800 |   279 | 78327k| 560.2 |   331M |  39 |1166 |7482 |4039 | 273k|  2 | 111k|  15 | 0.000000e+00 |      --      |    Inf |  91.53%
 9077s|139900 |   276 | 78389k| 560.2 |   331M |  39 |1166 |7633 |4048 | 273k|  0 | 111k|  15 | 0.000000e+00 |      --      |    Inf |  91.53%
 9089s|140000 |   286 | 78477k| 560.5 |   331M |  39 |1166 |7659 |4198 | 273k|  0 | 111k|  15 | 0.000000e+00 |      --      |    Inf |  91.53%
 9099s|140100 |   274 | 78547k| 560.6 |   331M |  39 |1166 |7575 |4222 | 273k|  1 | 111k|  15 | 0.000000e+00 |      --      |    Inf |  91.59%
 9110s|140200 |   275 | 78629k| 560.7 |   332M |  39 |1166 |7505 |3678 | 274k|  2 | 111k|  15 | 0.000000e+00 |      --      |    Inf |  91.68%
 9124s|140300 |   275 | 78754k| 561.2 |   333M |  39 |1166 |7576 |3256 | 274k|  0 | 111k|  15 | 0.000000e+00 |      --      |    Inf |  91.76%
 9132s|140400 |   266 | 78815k| 561.3 |   333M |  39 |1166 |7536 |4082 | 274k|  0 | 111k|  15 | 0.000000e+00 |      --      |    Inf |  91.84%
 9142s|140500 |   275 | 78887k| 561.4 |   334M |  39 |1166 |7552 |4196 | 274k|  1 | 111k|  15 | 0.000000e+00 |      --      |    Inf |  91.89%
 9153s|140600 |   269 | 78965k| 561.5 |   334M |  39 |1166 |7558 |4174 | 274k|  0 | 112k|  15 | 0.000000e+00 |      --      |    Inf |  91.98%
 9163s|140700 |   265 | 79037k| 561.7 |   334M |  39 |1166 |7540 |4192 | 274k|  0 | 112k|  15 | 0.000000e+00 |      --      |    Inf |  92.10%
 9171s|140800 |   278 | 79103k| 561.7 |   334M |  39 |1166 |7550 |3650 | 275k|  0 | 112k|  15 | 0.000000e+00 |      --      |    Inf |  92.10%
 9178s|140900 |   268 | 79169k| 561.8 |   334M |  39 |1166 |7596 |3634 | 275k|  0 | 112k|  15 | 0.000000e+00 |      --      |    Inf |  92.11%
 9187s|141000 |   269 | 79246k| 561.9 |   334M |  39 |1166 |7631 |3669 | 275k|  2 | 112k|  15 | 0.000000e+00 |      --      |    Inf |  92.11%
 9201s|141100 |   255 | 79349k| 562.3 |   334M |  39 |1166 |7609 |4066 | 275k|  0 | 112k|  15 | 0.000000e+00 |      --      |    Inf |  92.13%
 9211s|141200 |   265 | 79430k| 562.5 |   335M |  39 |1166 |7584 |4061 | 275k|  0 | 112k|  15 | 0.000000e+00 |      --      |    Inf |  92.25%
 time | node  | left  |LP iter|LP it/n|mem/heur|mdpt |vars |cons |rows |cuts |sepa|confs|strbr|  dualbound   | primalbound  |  gap   | compl. 
 9220s|141300 |   251 | 79494k| 562.5 |   335M |  39 |1166 |7588 |4199 | 275k|  1 | 112k|  15 | 0.000000e+00 |      --      |    Inf |  92.31%
 9231s|141400 |   245 | 79576k| 562.7 |   335M |  39 |1166 |7612 |3674 | 276k|  2 | 112k|  15 | 0.000000e+00 |      --      |    Inf |  92.34%
 9240s|141500 |   248 | 79647k| 562.8 |   335M |  39 |1166 |7673 |4091 | 276k|  0 | 112k|  15 | 0.000000e+00 |      --      |    Inf |  92.53%
 9248s|141600 |   244 | 79705k| 562.8 |   335M |  39 |1166 |7672 |4243 | 276k|  0 | 113k|  15 | 0.000000e+00 |      --      |    Inf |  92.55%
 9255s|141700 |   248 | 79757k| 562.8 |   335M |  39 |1166 |7593 |4170 | 276k|  1 | 113k|  15 | 0.000000e+00 |      --      |    Inf |  92.56%
 9261s|141800 |   244 | 79809k| 562.7 |   335M |  39 |1166 |7618 |4164 | 276k|  1 | 113k|  15 | 0.000000e+00 |      --      |    Inf |  92.56%
 9267s|141900 |   244 | 79860k| 562.7 |   335M |  39 |1166 |7656 |4164 | 276k|  0 | 113k|  15 | 0.000000e+00 |      --      |    Inf |  92.57%
 9277s|142000 |   239 | 79941k| 562.9 |   335M |  39 |1166 |7718 |3025 | 277k|  2 | 113k|  15 | 0.000000e+00 |      --      |    Inf |  92.58%
 9287s|142100 |   233 | 80016k| 563.0 |   335M |  39 |1166 |7660 |4173 | 277k|  1 | 113k|  15 | 0.000000e+00 |      --      |    Inf |  92.60%
 9292s|142200 |   251 | 80063k| 562.9 |   335M |  39 |1166 |7709 |2994 | 277k|  0 | 113k|  15 | 0.000000e+00 |      --      |    Inf |  92.61%
 9295s|142300 |   247 | 80102k| 562.8 |   335M |  39 |1166 |7753 |3059 | 278k|  0 | 113k|  15 | 0.000000e+00 |      --      |    Inf |  92.61%
 9298s|142400 |   240 | 80140k| 562.7 |   335M |  39 |1166 |7782 |3059 | 278k|  2 | 113k|  15 | 0.000000e+00 |      --      |    Inf |  92.61%
 9302s|142500 |   241 | 80188k| 562.6 |   335M |  39 |1166 |7830 |3120 | 278k|  2 | 113k|  15 | 0.000000e+00 |      --      |    Inf |  92.61%
 9308s|142600 |   234 | 80245k| 562.6 |   335M |  39 |1166 |7829 |4101 | 278k|  0 | 113k|  15 | 0.000000e+00 |      --      |    Inf |  92.63%
 9314s|142700 |   233 | 80304k| 562.7 |   335M |  39 |1166 |7857 |3910 | 278k|  1 | 113k|  15 | 0.000000e+00 |      --      |    Inf |  92.66%
 time | node  | left  |LP iter|LP it/n|mem/heur|mdpt |vars |cons |rows |cuts |sepa|confs|strbr|  dualbound   | primalbound  |  gap   | compl. 
 9318s|142800 |   220 | 80349k| 562.6 |   335M |  39 |1166 |7928 |4024 | 278k|  0 | 113k|  15 | 0.000000e+00 |      --      |    Inf |  92.67%
 9324s|142900 |   226 | 80408k| 562.6 |   335M |  39 |1166 |7926 |2999 | 279k|  2 | 114k|  15 | 0.000000e+00 |      --      |    Inf |  92.67%
 9329s|143000 |   224 | 80465k| 562.6 |   335M |  39 |1166 |7964 |3975 | 279k|  0 | 114k|  15 | 0.000000e+00 |      --      |    Inf |  92.68%
 9335s|143100 |   225 | 80518k| 562.6 |   335M |  39 |1166 |7997 |2852 | 279k|  0 | 114k|  15 | 0.000000e+00 |      --      |    Inf |  92.69%
 9342s|143200 |   216 | 80594k| 562.7 |   335M |  39 |1166 |8008 |4069 | 279k|  1 | 114k|  15 | 0.000000e+00 |      --      |    Inf |  92.80%
 9350s|143300 |   222 | 80668k| 562.8 |   335M |  39 |1166 |7923 |4026 | 280k|  1 | 114k|  15 | 0.000000e+00 |      --      |    Inf |  92.84%
 9357s|143400 |   210 | 80743k| 563.0 |   335M |  39 |1166 |7883 |3166 | 280k|  0 | 114k|  15 | 0.000000e+00 |      --      |    Inf |  92.85%
 9364s|143500 |   198 | 80817k| 563.1 |   335M |  39 |1166 |7862 |4242 | 281k|  0 | 114k|  15 | 0.000000e+00 |      --      |    Inf |  93.26%
 9371s|143600 |   199 | 80892k| 563.2 |   335M |  39 |1166 |7866 |4170 | 281k|  1 | 114k|  15 | 0.000000e+00 |      --      |    Inf |  93.27%
 9378s|143700 |   189 | 80954k| 563.3 |   335M |  39 |1166 |7821 |4066 | 281k|  1 | 115k|  15 | 0.000000e+00 |      --      |    Inf |  93.33%
 9386s|143800 |   189 | 81037k| 563.5 |   335M |  39 |1166 |7744 |3712 | 281k|  2 | 115k|  15 | 0.000000e+00 |      --      |    Inf |  93.40%
 9392s|143900 |   190 | 81099k| 563.5 |   335M |  39 |1166 |7855 |4018 | 281k|  1 | 115k|  15 | 0.000000e+00 |      --      |    Inf |  93.41%
 9398s|144000 |   185 | 81160k| 563.5 |   335M |  39 |1166 |7918 |4102 | 281k|  0 | 115k|  15 | 0.000000e+00 |      --      |    Inf |  93.42%
 9406s|144100 |   178 | 81237k| 563.7 |   335M |  39 |1166 |7861 |4278 | 281k|  1 | 115k|  15 | 0.000000e+00 |      --      |    Inf |  93.50%
 9411s|144200 |   181 | 81288k| 563.6 |   336M |  39 |1166 |7833 |4205 | 281k|  1 | 115k|  15 | 0.000000e+00 |      --      |    Inf |  93.71%
 time | node  | left  |LP iter|LP it/n|mem/heur|mdpt |vars |cons |rows |cuts |sepa|confs|strbr|  dualbound   | primalbound  |  gap   | compl. 
 9416s|144300 |   175 | 81330k| 563.5 |   336M |  39 |1166 |7834 |4205 | 281k|  2 | 115k|  15 | 0.000000e+00 |      --      |    Inf |  93.76%
 9422s|144400 |   170 | 81394k| 563.6 |   337M |  39 |1166 |7865 |3730 | 281k|  0 | 115k|  15 | 0.000000e+00 |      --      |    Inf |  93.81%
 9432s|144500 |   182 | 81483k| 563.8 |   338M |  39 |1166 |7891 |3692 | 282k|  2 | 115k|  15 | 0.000000e+00 |      --      |    Inf |  93.95%
 9436s|144600 |   197 | 81525k| 563.7 |   338M |  39 |1166 |7895 |3714 | 282k|  2 | 116k|  15 | 0.000000e+00 |      --      |    Inf |  93.96%
 9442s|144700 |   175 | 81588k| 563.8 |   338M |  39 |1166 |8006 |3691 | 282k|  0 | 116k|  15 | 0.000000e+00 |      --      |    Inf |  93.96%
 9448s|144800 |   177 | 81658k| 563.9 |   338M |  39 |1166 |8107 |3684 | 282k|  0 | 116k|  15 | 0.000000e+00 |      --      |    Inf |  93.96%
 9458s|144900 |   187 | 81751k| 564.1 |   338M |  39 |1166 |8172 |3747 | 282k|  0 | 116k|  15 | 0.000000e+00 |      --      |    Inf |  93.97%
 9467s|145000 |   194 | 81848k| 564.4 |   338M |  39 |1166 |8243 |3762 | 283k|  1 | 116k|  15 | 0.000000e+00 |      --      |    Inf |  94.00%
 9479s|145100 |   201 | 81948k| 564.7 |   338M |  39 |1166 |8344 |3734 | 283k|  1 | 116k|  15 | 0.000000e+00 |      --      |    Inf |  94.01%
 9491s|145200 |   196 | 82044k| 565.0 |   338M |  39 |1166 |8434 |3792 | 283k|  0 | 116k|  15 | 0.000000e+00 |      --      |    Inf |  94.01%
 9500s|145300 |   198 | 82120k| 565.1 |   338M |  39 |1166 |8474 |4067 | 283k|  0 | 116k|  15 | 0.000000e+00 |      --      |    Inf |  94.03%
 9509s|145400 |   197 | 82183k| 565.1 |   338M |  39 |1166 |8565 |4068 | 283k|  0 | 117k|  15 | 0.000000e+00 |      --      |    Inf |  94.03%
 9519s|145500 |   191 | 82265k| 565.3 |   338M |  39 |1166 |8655 |3786 | 283k|  0 | 117k|  15 | 0.000000e+00 |      --      |    Inf |  94.04%
 9528s|145600 |   201 | 82323k| 565.3 |   338M |  39 |1166 |8769 |4072 | 283k|  1 | 117k|  15 | 0.000000e+00 |      --      |    Inf |  94.04%
 9536s|145700 |   198 | 82372k| 565.3 |   338M |  39 |1166 |8851 |4068 | 283k|  0 | 117k|  15 | 0.000000e+00 |      --      |    Inf |  94.04%
 time | node  | left  |LP iter|LP it/n|mem/heur|mdpt |vars |cons |rows |cuts |sepa|confs|strbr|  dualbound   | primalbound  |  gap   | compl. 
 9545s|145800 |   196 | 82435k| 565.3 |   338M |  39 |1166 |8882 |4089 | 283k|  0 | 117k|  15 | 0.000000e+00 |      --      |    Inf |  94.05%
 9553s|145900 |   191 | 82489k| 565.3 |   338M |  39 |1166 |8915 |4075 | 283k|  2 | 117k|  15 | 0.000000e+00 |      --      |    Inf |  94.05%
 9560s|146000 |   194 | 82548k| 565.3 |   338M |  39 |1166 |8901 |3791 | 283k|  1 | 117k|  15 | 0.000000e+00 |      --      |    Inf |  94.05%
 9569s|146100 |   182 | 82625k| 565.5 |   338M |  39 |1166 |8909 |3723 | 283k|  1 | 118k|  15 | 0.000000e+00 |      --      |    Inf |  94.07%
 9575s|146200 |   193 | 82681k| 565.5 |   338M |  39 |1166 |8782 |4078 | 283k|  1 | 118k|  15 | 0.000000e+00 |      --      |    Inf |  94.08%
 9584s|146300 |   181 | 82754k| 565.6 |   339M |  39 |1166 |8639 |3205 | 284k|  3 | 118k|  15 | 0.000000e+00 |      --      |    Inf |  94.14%
 9589s|146400 |   181 | 82800k| 565.5 |   339M |  39 |1166 |8562 |3720 | 284k|  2 | 118k|  15 | 0.000000e+00 |      --      |    Inf |  94.19%
 9595s|146500 |   182 | 82853k| 565.5 |   339M |  39 |1166 |8576 |4201 | 284k|  1 | 118k|  15 | 0.000000e+00 |      --      |    Inf |  94.19%
 9599s|146600 |   179 | 82895k| 565.4 |   339M |  39 |1166 |8637 |4201 | 284k|  0 | 118k|  15 | 0.000000e+00 |      --      |    Inf |  94.20%
 9605s|146700 |   176 | 82947k| 565.3 |   339M |  39 |1166 |8707 |3237 | 284k|  2 | 118k|  15 | 0.000000e+00 |      --      |    Inf |  94.21%
 9612s|146800 |   176 | 83002k| 565.3 |   339M |  39 |1166 |8650 |4170 | 284k|  0 | 118k|  15 | 0.000000e+00 |      --      |    Inf |  94.23%
 9617s|146900 |   173 | 83046k| 565.2 |   339M |  39 |1166 |8698 |4167 | 284k|  1 | 118k|  15 | 0.000000e+00 |      --      |    Inf |  94.25%
 9626s|147000 |   169 | 83117k| 565.3 |   339M |  39 |1166 |8692 |3769 | 284k|  1 | 119k|  15 | 0.000000e+00 |      --      |    Inf |  94.29%
 9633s|147100 |   171 | 83178k| 565.4 |   340M |  39 |1166 |8587 |4086 | 284k|  1 | 119k|  15 | 0.000000e+00 |      --      |    Inf |  94.39%
 9639s|147200 |   166 | 83231k| 565.3 |   340M |  39 |1166 |8685 |4201 | 284k|  1 | 119k|  15 | 0.000000e+00 |      --      |    Inf |  94.41%
 time | node  | left  |LP iter|LP it/n|mem/heur|mdpt |vars |cons |rows |cuts |sepa|confs|strbr|  dualbound   | primalbound  |  gap   | compl. 
 9650s|147300 |   163 | 83333k| 565.7 |   340M |  39 |1166 |8699 |4159 | 285k|  1 | 119k|  15 | 0.000000e+00 |      --      |    Inf |  94.82%
 9659s|147400 |   169 | 83411k| 565.8 |   340M |  39 |1166 |8633 |4159 | 285k|  0 | 119k|  15 | 0.000000e+00 |      --      |    Inf |  94.83%
 9670s|147500 |   168 | 83493k| 566.0 |   340M |  39 |1166 |8683 |4158 | 286k|  2 | 119k|  15 | 0.000000e+00 |      --      |    Inf |  94.83%
 9678s|147600 |   166 | 83565k| 566.1 |   340M |  39 |1166 |8709 |4171 | 286k|  1 | 119k|  15 | 0.000000e+00 |      --      |    Inf |  94.84%
 9686s|147700 |   162 | 83631k| 566.1 |   340M |  39 |1166 |8741 |4160 | 286k|  2 | 119k|  15 | 0.000000e+00 |      --      |    Inf |  94.86%
 9696s|147800 |   157 | 83723k| 566.4 |   340M |  39 |1166 |8754 |3705 | 287k|  0 | 119k|  15 | 0.000000e+00 |      --      |    Inf |  94.88%
 9703s|147900 |   159 | 83785k| 566.4 |   340M |  39 |1166 |8874 |3358 | 287k|  0 | 119k|  15 | 0.000000e+00 |      --      |    Inf |  94.88%
 9710s|148000 |   157 | 83848k| 566.5 |   340M |  39 |1166 |8937 |3441 | 287k|  2 | 120k|  15 | 0.000000e+00 |      --      |    Inf |  94.88%
 9716s|148100 |   163 | 83902k| 566.4 |   340M |  39 |1166 |8985 |4160 | 287k|  1 | 120k|  15 | 0.000000e+00 |      --      |    Inf |  94.89%
 9722s|148200 |   154 | 83950k| 566.4 |   340M |  39 |1166 |9079 |4169 | 287k|  0 | 120k|  15 | 0.000000e+00 |      --      |    Inf |  94.89%
 9727s|148300 |   148 | 84004k| 566.4 |   340M |  39 |1166 |9131 |4172 | 287k|  0 | 120k|  15 | 0.000000e+00 |      --      |    Inf |  94.90%
 9735s|148400 |   144 | 84069k| 566.4 |   340M |  39 |1166 |8929 |4189 | 287k|  1 | 120k|  15 | 0.000000e+00 |      --      |    Inf |  95.00%
 9741s|148500 |   130 | 84122k| 566.4 |   340M |  39 |1166 |8826 |2944 | 287k|  0 | 120k|  15 | 0.000000e+00 |      --      |    Inf |  95.06%
 9747s|148600 |   127 | 84180k| 566.4 |   340M |  39 |1166 |8800 |4064 | 288k|  0 | 120k|  15 | 0.000000e+00 |      --      |    Inf |  95.08%
 9756s|148700 |   126 | 84260k| 566.6 |   340M |  39 |1166 |8800 |4083 | 288k|  0 | 120k|  15 | 0.000000e+00 |      --      |    Inf |  95.10%
 time | node  | left  |LP iter|LP it/n|mem/heur|mdpt |vars |cons |rows |cuts |sepa|confs|strbr|  dualbound   | primalbound  |  gap   | compl. 
 9763s|148800 |   130 | 84324k| 566.6 |   340M |  39 |1166 |8890 |4075 | 288k|  2 | 121k|  15 | 0.000000e+00 |      --      |    Inf |  95.11%
 9771s|148900 |   124 | 84404k| 566.8 |   340M |  39 |1166 |8971 |4103 | 288k|  0 | 121k|  15 | 0.000000e+00 |      --      |    Inf |  95.11%
 9777s|149000 |   134 | 84458k| 566.8 |   340M |  39 |1166 |8908 |4165 | 288k|  1 | 121k|  15 | 0.000000e+00 |      --      |    Inf |  95.14%
 9783s|149100 |   130 | 84508k| 566.7 |   340M |  39 |1166 |8940 |4165 | 288k|  0 | 121k|  15 | 0.000000e+00 |      --      |    Inf |  95.14%
 9787s|149200 |   130 | 84551k| 566.6 |   340M |  39 |1166 |8939 |4165 | 288k|  0 | 121k|  15 | 0.000000e+00 |      --      |    Inf |  95.14%
 9793s|149300 |   117 | 84600k| 566.6 |   340M |  39 |1166 |8949 |4028 | 288k|  0 | 121k|  15 | 0.000000e+00 |      --      |    Inf |  95.14%
 9800s|149400 |   120 | 84670k| 566.7 |   340M |  39 |1166 |8997 |3754 | 289k|  1 | 121k|  15 | 0.000000e+00 |      --      |    Inf |  95.23%
 9810s|149500 |   122 | 84766k| 566.9 |   340M |  39 |1166 |9039 |3097 | 289k|  2 | 121k|  15 | 0.000000e+00 |      --      |    Inf |  95.24%
 9818s|149600 |   124 | 84847k| 567.1 |   340M |  39 |1166 |9090 |4190 | 290k|  0 | 121k|  15 | 0.000000e+00 |      --      |    Inf |  95.25%
 9823s|149700 |   120 | 84901k| 567.1 |   340M |  39 |1166 |9138 |2974 | 290k|  0 | 121k|  15 | 0.000000e+00 |      --      |    Inf |  95.25%
 9829s|149800 |   113 | 84963k| 567.1 |   340M |  39 |1166 |9179 |2835 | 291k|  2 | 121k|  15 | 0.000000e+00 |      --      |    Inf |  95.26%
 9836s|149900 |   116 | 85038k| 567.2 |   340M |  39 |1166 |9195 |2922 | 292k|  2 | 121k|  15 | 0.000000e+00 |      --      |    Inf |  95.26%
 9842s|150000 |   107 | 85100k| 567.3 |   340M |  39 |1166 |9227 |4075 | 292k|  0 | 122k|  15 | 0.000000e+00 |      --      |    Inf |  95.28%
 9849s|150100 |   115 | 85162k| 567.3 |   340M |  39 |1166 |9284 |2979 | 292k|  2 | 122k|  15 | 0.000000e+00 |      --      |    Inf |  95.28%
 9857s|150200 |    99 | 85242k| 567.4 |   340M |  39 |1166 |9318 |3744 | 293k|  0 | 122k|  15 | 0.000000e+00 |      --      |    Inf |  95.30%
 time | node  | left  |LP iter|LP it/n|mem/heur|mdpt |vars |cons |rows |cuts |sepa|confs|strbr|  dualbound   | primalbound  |  gap   | compl. 
 9871s|150300 |   121 | 85359k| 567.8 |   342M |  39 |1166 |9241 |3477 | 293k|  2 | 122k|  15 | 0.000000e+00 |      --      |    Inf |  96.17%
 9881s|150400 |   122 | 85465k| 568.2 |   342M |  39 |1166 |9366 |3543 | 293k|  2 | 122k|  15 | 0.000000e+00 |      --      |    Inf |  96.19%
 9891s|150500 |   115 | 85580k| 568.6 |   342M |  39 |1166 |9413 |3576 | 294k|  0 | 122k|  15 | 0.000000e+00 |      --      |    Inf |  96.29%
 9901s|150600 |   113 | 85674k| 568.8 |   342M |  39 |1166 |9487 |3504 | 294k|  1 | 122k|  15 | 0.000000e+00 |      --      |    Inf |  96.30%
 9911s|150700 |   113 | 85768k| 569.1 |   343M |  39 |1166 |9542 |3528 | 294k|  2 | 123k|  15 | 0.000000e+00 |      --      |    Inf |  96.39%
 9918s|150800 |   119 | 85829k| 569.1 |   343M |  39 |1166 |9624 |3544 | 294k|  1 | 123k|  15 | 0.000000e+00 |      --      |    Inf |  96.39%
 9925s|150900 |   115 | 85899k| 569.2 |   343M |  39 |1166 |9672 |3529 | 294k|  0 | 123k|  15 | 0.000000e+00 |      --      |    Inf |  96.40%
 9934s|151000 |   113 | 85974k| 569.3 |   343M |  39 |1166 |9792 |   0 | 294k|  0 | 123k|  15 | 0.000000e+00 |      --      |    Inf |  96.41%
 9940s|151100 |   114 | 86036k| 569.3 |   343M |  39 |1166 |9864 |3628 | 295k|  0 | 123k|  15 | 0.000000e+00 |      --      |    Inf |  96.42%
 9950s|151200 |   115 | 86113k| 569.5 |   344M |  39 |1166 |9865 |3683 | 295k|  2 | 123k|  15 | 0.000000e+00 |      --      |    Inf |  96.51%
 9960s|151300 |   115 | 86201k| 569.7 |   345M |  39 |1166 |9876 |3481 | 295k|  2 | 123k|  15 | 0.000000e+00 |      --      |    Inf |  96.63%
 9971s|151400 |   111 | 86302k| 569.9 |   345M |  39 |1166 |  10k|3574 | 295k|  2 | 124k|  15 | 0.000000e+00 |      --      |    Inf |  96.83%
 9978s|151500 |   109 | 86366k| 570.0 |   345M |  39 |1166 |  10k|3631 | 295k|  0 | 124k|  15 | 0.000000e+00 |      --      |    Inf |  96.83%
 9988s|151600 |   103 | 86443k| 570.1 |   345M |  39 |1166 |  10k|3573 | 295k|  0 | 124k|  15 | 0.000000e+00 |      --      |    Inf |  96.84%
 9999s|151700 |   108 | 86534k| 570.4 |   345M |  39 |1166 |  10k|3546 | 296k|  2 | 124k|  15 | 0.000000e+00 |      --      |    Inf |  96.86%
 time | node  | left  |LP iter|LP it/n|mem/heur|mdpt |vars |cons |rows |cuts |sepa|confs|strbr|  dualbound   | primalbound  |  gap   | compl. 
  167m|151800 |   106 | 86631k| 570.6 |   346M |  39 |1166 |  10k|3616 | 296k|  0 | 124k|  15 | 0.000000e+00 |      --      |    Inf |  96.87%
  167m|151900 |    99 | 86723k| 570.8 |   346M |  39 |1166 |  10k|4273 | 296k|  0 | 124k|  15 | 0.000000e+00 |      --      |    Inf |  97.00%
  167m|152000 |   105 | 86781k| 570.9 |   346M |  39 |1166 |  10k|4259 | 296k|  2 | 124k|  15 | 0.000000e+00 |      --      |    Inf |  97.00%
  167m|152100 |   107 | 86835k| 570.8 |   346M |  39 |1166 |  10k|4250 | 297k|  0 | 124k|  15 | 0.000000e+00 |      --      |    Inf |  97.00%
  167m|152200 |   106 | 86896k| 570.9 |   346M |  39 |1166 |  10k|4243 | 297k|  0 | 124k|  15 | 0.000000e+00 |      --      |    Inf |  97.00%
  167m|152300 |   108 | 86961k| 570.9 |   346M |  39 |1166 |  10k|3022 | 298k|  0 | 124k|  15 | 0.000000e+00 |      --      |    Inf |  97.00%
  168m|152400 |    98 | 87036k| 571.0 |   346M |  39 |1166 |  10k|3801 | 298k|  0 | 125k|  15 | 0.000000e+00 |      --      |    Inf |  97.03%
  168m|152500 |    91 | 87120k| 571.2 |   346M |  39 |1166 |  10k|4182 | 299k|  1 | 125k|  15 | 0.000000e+00 |      --      |    Inf |  97.05%
  168m|152600 |    83 | 87191k| 571.3 |   346M |  39 |1166 |9914 |3455 | 299k|  2 | 125k|  15 | 0.000000e+00 |      --      |    Inf |  97.12%
  168m|152700 |    87 | 87258k| 571.4 |   346M |  39 |1166 |9911 |3732 | 299k|  2 | 125k|  15 | 0.000000e+00 |      --      |    Inf |  97.13%
  168m|152800 |    76 | 87336k| 571.5 |   346M |  39 |1166 |9879 |3090 | 299k|  2 | 125k|  15 | 0.000000e+00 |      --      |    Inf |  97.13%
  168m|152900 |    90 | 87422k| 571.7 |   346M |  39 |1166 |9844 |3108 | 300k|  0 | 125k|  15 | 0.000000e+00 |      --      |    Inf |  97.16%
  168m|153000 |    69 | 87501k| 571.8 |   346M |  39 |1166 |9894 |4198 | 300k|  1 | 125k|  15 | 0.000000e+00 |      --      |    Inf |  97.20%
  169m|153100 |    66 | 87555k| 571.8 |   346M |  39 |1166 |9884 |4027 | 300k|  0 | 125k|  15 | 0.000000e+00 |      --      |    Inf |  97.22%
  169m|153200 |    66 | 87609k| 571.8 |   346M |  39 |1166 |9792 |4224 | 300k|  1 | 125k|  15 | 0.000000e+00 |      --      |    Inf |  97.26%
 time | node  | left  |LP iter|LP it/n|mem/heur|mdpt |vars |cons |rows |cuts |sepa|confs|strbr|  dualbound   | primalbound  |  gap   | compl. 
  169m|153300 |    63 | 87673k| 571.8 |   346M |  39 |1166 |9872 |2889 | 300k|  2 | 126k|  15 | 0.000000e+00 |      --      |    Inf |  97.29%
  169m|153400 |    69 | 87726k| 571.8 |   346M |  39 |1166 |9915 |2873 | 301k|  0 | 126k|  15 | 0.000000e+00 |      --      |    Inf |  97.29%
  169m|153500 |    66 | 87773k| 571.7 |   346M |  39 |1166 |9967 |2978 | 301k|  0 | 126k|  15 | 0.000000e+00 |      --      |    Inf |  97.30%
  169m|153600 |    58 | 87831k| 571.7 |   346M |  39 |1166 |9954 |4061 | 301k|  0 | 126k|  15 | 0.000000e+00 |      --      |    Inf |  97.31%
  169m|153700 |    62 | 87887k| 571.7 |   346M |  39 |1166 |9951 |4061 | 301k|  1 | 126k|  15 | 0.000000e+00 |      --      |    Inf |  97.34%
  169m|153800 |    57 | 87946k| 571.7 |   346M |  39 |1166 |9894 |4041 | 301k|  0 | 126k|  15 | 0.000000e+00 |      --      |    Inf |  97.48%
  169m|153900 |    52 | 88004k| 571.8 |   346M |  39 |1166 |9816 |3233 | 302k|  2 | 126k|  15 | 0.000000e+00 |      --      |    Inf |  97.52%
  169m|154000 |    52 | 88061k| 571.7 |   346M |  39 |1166 |9617 |3288 | 302k|  2 | 126k|  15 | 0.000000e+00 |      --      |    Inf |  97.53%
  170m|154100 |    47 | 88126k| 571.8 |   346M |  39 |1166 |9612 |4160 | 302k|  0 | 126k|  15 | 0.000000e+00 |      --      |    Inf |  97.54%
  170m|154200 |    40 | 88175k| 571.7 |   346M |  39 |1166 |9511 |2975 | 303k|  2 | 126k|  15 | 0.000000e+00 |      --      |    Inf |  97.55%
  170m|154300 |    36 | 88248k| 571.8 |   346M |  39 |1166 |9347 |   0 | 303k|  0 | 126k|  15 | 0.000000e+00 |      --      |    Inf |  97.56%
  170m|154400 |    43 | 88308k| 571.9 |   346M |  39 |1166 |9287 |   0 | 303k|  0 | 126k|  15 | 0.000000e+00 |      --      |    Inf |  97.98%
  170m|154500 |    51 | 88359k| 571.8 |   346M |  39 |1166 |9372 |3851 | 303k|  2 | 127k|  15 | 0.000000e+00 |      --      |    Inf |  97.98%
  170m|154600 |    50 | 88418k| 571.8 |   346M |  39 |1166 |9467 |3513 | 304k|  0 | 127k|  15 | 0.000000e+00 |      --      |    Inf |  97.98%
  170m|154700 |    46 | 88490k| 571.9 |   346M |  39 |1166 |9534 |3547 | 304k|  0 | 127k|  15 | 0.000000e+00 |      --      |    Inf |  98.02%
 time | node  | left  |LP iter|LP it/n|mem/heur|mdpt |vars |cons |rows |cuts |sepa|confs|strbr|  dualbound   | primalbound  |  gap   | compl. 
  170m|154800 |    41 | 88569k| 572.1 |   346M |  39 |1166 |9615 |3807 | 304k|  0 | 127k|  15 | 0.000000e+00 |      --      |    Inf |  98.09%
  171m|154900 |    39 | 88637k| 572.1 |   346M |  39 |1166 |9610 |3827 | 305k|  0 | 127k|  15 | 0.000000e+00 |      --      |    Inf |  98.14%
  171m|155000 |    32 | 88731k| 572.4 |   347M |  39 |1166 |9524 |3790 | 305k|  2 | 127k|  15 | 0.000000e+00 |      --      |    Inf |  98.51%
  171m|155100 |    28 | 88837k| 572.7 |   347M |  39 |1166 |9565 |3105 | 306k|  2 | 127k|  15 | 0.000000e+00 |      --      |    Inf |  98.53%
  171m|155200 |    32 | 88914k| 572.8 |   347M |  39 |1166 |9624 |3061 | 306k|  1 | 127k|  15 | 0.000000e+00 |      --      |    Inf |  98.53%
  171m|155300 |    38 | 88985k| 572.9 |   347M |  39 |1166 |9519 |3141 | 307k|  2 | 128k|  15 | 0.000000e+00 |      --      |    Inf |  98.93%
  171m|155400 |    38 | 89053k| 573.0 |   347M |  39 |1166 |9475 |3113 | 307k|  2 | 128k|  15 | 0.000000e+00 |      --      |    Inf |  98.93%
  171m|155500 |    38 | 89122k| 573.1 |   347M |  39 |1166 |9473 |4064 | 307k|  1 | 128k|  15 | 0.000000e+00 |      --      |    Inf |  98.93%
  172m|155600 |    36 | 89192k| 573.1 |   347M |  39 |1166 |9485 |4070 | 307k|  1 | 128k|  15 | 0.000000e+00 |      --      |    Inf |  98.96%
  172m|155700 |    31 | 89262k| 573.2 |   348M |  39 |1166 |9530 |4062 | 307k|  0 | 128k|  15 | 0.000000e+00 |      --      |    Inf |  98.98%
  172m|155800 |    28 | 89333k| 573.3 |   348M |  39 |1166 |9544 |4064 | 307k|  1 | 128k|  15 | 0.000000e+00 |      --      |    Inf |  99.07%
  172m|155900 |    32 | 89395k| 573.3 |   348M |  39 |1166 |9579 |4068 | 307k|  0 | 128k|  15 | 0.000000e+00 |      --      |    Inf |  99.09%
  172m|156000 |    28 | 89450k| 573.3 |   348M |  39 |1166 |9577 |4066 | 307k|  0 | 128k|  15 | 0.000000e+00 |      --      |    Inf |  99.21%
  172m|156100 |    20 | 89508k| 573.3 |   348M |  39 |1166 |9514 |3126 | 307k|  0 | 128k|  15 | 0.000000e+00 |      --      |    Inf |  99.32%
  172m|156200 |    16 | 89571k| 573.4 |   348M |  39 |1166 |9361 |4066 | 308k|  1 | 128k|  15 | 0.000000e+00 |      --      |    Inf |  99.80%
 time | node  | left  |LP iter|LP it/n|mem/heur|mdpt |vars |cons |rows |cuts |sepa|confs|strbr|  dualbound   | primalbound  |  gap   | compl. 
  172m|156300 |    18 | 89637k| 573.4 |   348M |  39 |1166 |9330 |3902 | 308k|  2 | 128k|  15 | 0.000000e+00 |      --      |    Inf |  99.81%
  172m|156400 |    19 | 89700k| 573.5 |   348M |  39 |1166 |9388 |3647 | 308k|  1 | 128k|  15 | 0.000000e+00 |      --      |    Inf |  99.82%
  173m|156500 |    18 | 89770k| 573.5 |   348M |  39 |1166 |9412 |3714 | 308k|  2 | 129k|  15 | 0.000000e+00 |      --      |    Inf |  99.83%
  173m|156600 |    17 | 89831k| 573.6 |   348M |  39 |1166 |9240 |   0 | 308k|  0 | 129k|  15 | 0.000000e+00 |      --      |    Inf |  99.86%
  173m|156700 |     7 | 89909k| 573.7 |   348M |  39 |1166 |9058 |3706 | 309k|  2 | 129k|  15 | 0.000000e+00 |      --      |    Inf |  99.94%

SCIP Status        : problem is solved [infeasible]
Solving Time (sec) : 10371.00
Solving Nodes      : 156788
Primal Bound       : +1.00000000000000e+20 (0 solutions)
Dual Bound         : +1.00000000000000e+20
Gap                : 0.00 %


no solution available

SCIP> 