SCIP version 10.0.1 [precision: 8 byte] [memory: block] [mode: optimized] [LP solver: SoPlex 8.0.1] [GitHash: 76a50c97d6]
Copyright (c) 2002-2026 Zuse Institute Berlin (ZIB)

External libraries: 
  SoPlex 8.0.1         Linear programming solver developed at Zuse Institute Berlin (soplex.zib.de) [GitHash: c69290aa]
  CppAD 20180000.0     Algorithmic Differentiation of C++ algorithms developed by B. Bell (github.com/coin-or/CppAD)
  ZLIB 1.3.1           General purpose compression library by J. Gailly and M. Adler (zlib.net)
  MPFR 4.2.2           GNU Multiple Precision Floating-Point Reliable Library (mpfr.org)
  Boost 1.89.0         Boost C++ Libraries (boost.org)
  TinyCThread 1.2      small portable implementation of the C11 threads API (tinycthread.github.io)
  GMP 6.3.0            GNU Multiple Precision Arithmetic Library developed by T. Granlund (gmplib.org)
  ZIMPL 3.7.0          Zuse Institute Mathematical Programming Language developed by T. Koch (zimpl.zib.de)
  AMPL/MP 4.0.4        AMPL .nl file reader library (github.com/ampl/mp)
  PaPILO 3.0.0         parallel presolve for integer and linear optimization (github.com/scipopt/papilo) (built with TBB) [GitHash: 4cbdc327]
  Nauty 2.8.8          Computing Graph Automorphism Groups by Brendan D. McKay (users.cecs.anu.edu.au/~bdm/nauty)
  sassy 2.0            Symmetry preprocessor by Markus Anders (github.com/markusa4/sassy)
  Ipopt 3.14.19        Interior Point Optimizer developed by A. Waechter et.al. (github.com/coin-or/Ipopt)

user parameter file <scip.set> not found - using default parameters


read problem <N20_R8_K3_1_20_split_20_fix1B_4_wo_lem.lp>
============

original problem has 1457 variables (1434 bin, 21 int, 2 cont) and 5145 constraints
heuristics/padm/freq = -1
heuristics/ofins/freq = -1
heuristics/reoptsols/freq = -1
heuristics/trivialnegation/freq = -1
heuristics/trivial/freq = -1
heuristics/clique/freq = -1
heuristics/locks/freq = -1
heuristics/vbounds/freq = -1
heuristics/shiftandpropagate/freq = -1
heuristics/completesol/freq = -1
heuristics/simplerounding/freq = -1
heuristics/randrounding/freq = -1
heuristics/zirounding/freq = -1
heuristics/rounding/freq = -1
heuristics/shifting/freq = -1
heuristics/intshifting/freq = -1
heuristics/oneopt/freq = -1
heuristics/indicator/freq = -1
heuristics/adaptivediving/freq = -1
heuristics/indicatordiving/freq = -1
heuristics/farkasdiving/freq = -1
heuristics/feaspump/freq = -1
heuristics/conflictdiving/freq = -1
heuristics/pscostdiving/freq = -1
heuristics/fracdiving/freq = -1
heuristics/nlpdiving/freq = -1
heuristics/veclendiving/freq = -1
heuristics/distributiondiving/freq = -1
heuristics/objpscostdiving/freq = -1
heuristics/rootsoldiving/freq = -1
heuristics/linesearchdiving/freq = -1
heuristics/guideddiving/freq = -1
heuristics/rens/freq = -1
heuristics/alns/freq = -1
heuristics/rins/freq = -1
heuristics/gins/freq = -1
heuristics/crossover/freq = -1
heuristics/lpface/freq = -1
heuristics/undercover/freq = -1
heuristics/subnlp/freq = -1
heuristics/mpec/freq = -1
heuristics/multistart/freq = -1
heuristics/trysol/freq = -1
presolving/restartfac = 0.0125
presolving/restartminred = 0.06
constraints/setppc/cliquelifting = TRUE
presolving/boundshift/maxrounds = -1
presolving/qpkktref/maxrounds = -1
presolving/stuffing/maxrounds = -1
presolving/tworowbnd/maxrounds = -1
presolving/dualinfer/maxrounds = -1
presolving/dualagg/maxrounds = -1
presolving/implint/maxrounds = -1
presolving/redvub/maxrounds = -1
propagating/probing/maxuseless = 1500
propagating/probing/maxtotaluseless = 75
separating/closecuts/freq = 0
separating/rlt/freq = 20
separating/rlt/maxroundsroot = 15
separating/disjunctive/freq = 20
separating/disjunctive/maxroundsroot = 150
separating/gauge/freq = 0
separating/interminor/freq = 0
separating/convexproj/freq = 0
separating/gomory/maxroundsroot = 15
separating/gomory/maxsepacutsroot = 400
separating/aggregation/maxsepacutsroot = 1000
separating/clique/freq = 20
separating/zerohalf/maxroundsroot = 30
separating/zerohalf/maxsepacutsroot = 200
separating/lagromory/freq = 0
separating/mcf/freq = 20
separating/mcf/maxsepacutsroot = 400
separating/eccuts/freq = 0
separating/eccuts/maxroundsroot = 375
separating/eccuts/maxsepacutsroot = 100
separating/oddcycle/freq = 0
separating/oddcycle/maxroundsroot = 15
separating/oddcycle/maxsepacutsroot = 10000
constraints/benderslp/sepafreq = 0
constraints/integral/sepafreq = 0
constraints/SOS2/sepafreq = 10
constraints/varbound/sepafreq = 10
constraints/knapsack/sepafreq = 10
constraints/knapsack/maxsepacutsroot = 500
constraints/setppc/sepafreq = 10
constraints/or/sepafreq = 10
constraints/xor/sepafreq = 10
constraints/conjunction/sepafreq = 0
constraints/disjunction/sepafreq = 0
constraints/exactsol/sepafreq = 0
constraints/linear/sepafreq = 10
constraints/linear/maxsepacutsroot = 500
constraints/exactlinear/sepafreq = 10
constraints/exactlinear/maxsepacutsroot = 500
constraints/orbitope_full/sepafreq = 0
constraints/orbitope_pp/sepafreq = 0
constraints/logicor/sepafreq = 10
constraints/bounddisjunction/sepafreq = 0
constraints/pseudoboolean/sepafreq = 0
constraints/superindicator/sepafreq = 0
constraints/benders/sepafreq = 0
constraints/fixedvar/sepafreq = 0
constraints/countsols/sepafreq = 0
constraints/components/sepafreq = 0
cutselection/hybrid/minorthoroot = 0.1
separating/maxroundsrootsubrun = 5
separating/maxaddrounds = 5
separating/maxcutsroot = 5000
constraints/linear/separateall = TRUE
separating/aggregation/maxfailsroot = 200
separating/mcf/maxtestdelta = -1
separating/mcf/trynegscaling = TRUE
presolving/maxrestarts = 1
conflict/restartnum = 750
conflict/preferbinary = TRUE
conflict/conflictweight = 1
conflict/usegenres = TRUE
nodeselection/restartdfs/stdpriority = 100000
conflict/useinflp = b

presolving:
(round 1, fast)       189 del vars, 127 del conss, 0 add conss, 53 chg bounds, 104 chg sides, 208 chg coeffs, 0 upgd conss, 0 impls, 2869 clqs, 0 implints
(round 2, fast)       347 del vars, 835 del conss, 0 add conss, 65 chg bounds, 167 chg sides, 341 chg coeffs, 0 upgd conss, 0 impls, 2903 clqs, 0 implints
(round 3, fast)       347 del vars, 835 del conss, 0 add conss, 74 chg bounds, 210 chg sides, 437 chg coeffs, 0 upgd conss, 0 impls, 2903 clqs, 0 implints
(round 4, fast)       347 del vars, 835 del conss, 0 add conss, 80 chg bounds, 234 chg sides, 506 chg coeffs, 0 upgd conss, 0 impls, 2903 clqs, 0 implints
(round 5, fast)       347 del vars, 835 del conss, 0 add conss, 84 chg bounds, 247 chg sides, 549 chg coeffs, 0 upgd conss, 0 impls, 2903 clqs, 0 implints
   (0.0s) running MILP presolver
   (0.0s) MILP presolver (16 rounds): 34 aggregations, 147 fixings, 1 bound changes
(round 6, medium)     528 del vars, 835 del conss, 0 add conss, 87 chg bounds, 248 chg sides, 570 chg coeffs, 0 upgd conss, 0 impls, 2450 clqs, 0 implints
(round 7, fast)       528 del vars, 1306 del conss, 0 add conss, 87 chg bounds, 248 chg sides, 580 chg coeffs, 0 upgd conss, 0 impls, 2506 clqs, 0 implints
(round 8, exhaustive) 528 del vars, 1321 del conss, 0 add conss, 87 chg bounds, 248 chg sides, 580 chg coeffs, 0 upgd conss, 0 impls, 2506 clqs, 0 implints
(round 9, exhaustive) 528 del vars, 1321 del conss, 0 add conss, 87 chg bounds, 248 chg sides, 580 chg coeffs, 3589 upgd conss, 0 impls, 2506 clqs, 0 implints
(round 10, exhaustive) 528 del vars, 4585 del conss, 816 add conss, 87 chg bounds, 248 chg sides, 580 chg coeffs, 3589 upgd conss, 0 impls, 2506 clqs, 0 implints
(round 11, exhaustive) 528 del vars, 4585 del conss, 816 add conss, 87 chg bounds, 248 chg sides, 733 chg coeffs, 3589 upgd conss, 0 impls, 2506 clqs, 0 implints
(round 12, exhaustive) 532 del vars, 4586 del conss, 816 add conss, 87 chg bounds, 248 chg sides, 733 chg coeffs, 3589 upgd conss, 0 impls, 2493 clqs, 0 implints
(round 13, fast)       532 del vars, 4586 del conss, 816 add conss, 87 chg bounds, 248 chg sides, 733 chg coeffs, 3593 upgd conss, 0 impls, 2493 clqs, 0 implints
   (0.0s) probing: 1000/1083 (92.3%) - 0 fixings, 0 aggregations, 5727 implications, 0 bound changes
   (0.0s) probing: 1050/1083 (97.0%) - 0 fixings, 0 aggregations, 5727 implications, 0 bound changes
   (0.0s) probing aborted: 75/75 successive totally useless probings
   (0.0s) symmetry computation started: requiring (bin +, int +, cont +), (fixed: bin -, int -, cont -)
   (0.0s) no symmetry present (symcode time: 0.00)
presolving (14 rounds: 14 fast, 7 medium, 6 exhaustive):
 532 deleted vars, 4586 deleted constraints, 816 added constraints, 87 tightened bounds, 0 added holes, 248 changed sides, 733 changed coefficients
 1180 implications, 7040 cliques, 0 implied integral variables (0 bin, 0 int, 0 cont)
presolved problem has 1101 variables (1083 bin, 18 int, 0 cont) and 1375 constraints
     15 constraints of type <varbound>
    153 constraints of type <knapsack>
     57 constraints of type <setppc>
    812 constraints of type <and>
    235 constraints of type <linear>
    103 constraints of type <logicor>
transformed objective value is always integral (scale: 1)
Presolving Time: 0.00

 time | node  | left  |LP iter|LP it/n|mem/heur|mdpt |vars |cons |rows |cuts |sepa|confs|strbr|  dualbound   | primalbound  |  gap   | compl. 
  1.0s|     1 |     0 |  1661 |     - |    27M |   0 |1101 |1375 |2187 |   0 |  0 |   0 |   0 | 0.000000e+00 |      --      |    Inf | unknown
Computing relative interior point (time limit: 1e+20, iter limit: 16610) ...
  1.0s|     1 |     0 |  2268 |     - |    31M |   0 |1101 |1375 |2243 |  56 |  1 |   0 |   0 | 0.000000e+00 |      --      |    Inf | unknown
  1.0s|     1 |     0 |  2505 |     - |    31M |   0 |1101 |1375 |2286 |  99 |  2 |   0 |   0 | 0.000000e+00 |      --      |    Inf | unknown
  1.0s|     1 |     0 |  2593 |     - |    32M |   0 |1101 |1375 |2303 | 116 |  3 |   0 |   0 | 0.000000e+00 |      --      |    Inf | unknown
  1.0s|     1 |     0 |  2768 |     - |    62M |   0 |1101 |1435 |2576 | 389 |  4 |   0 |   0 | 0.000000e+00 |      --      |    Inf | unknown
  3.0s|     1 |     0 |  2893 |     - |    94M |   0 |1101 |1435 |2787 | 600 |  5 |   0 |   0 | 0.000000e+00 |      --      |    Inf | unknown
  7.0s|     1 |     0 |  3051 |     - |   125M |   0 |1101 |1435 |3041 | 854 |  6 |   0 |   0 | 0.000000e+00 |      --      |    Inf | unknown
 12.0s|     1 |     0 |  3234 |     - |   148M |   0 |1101 |1435 |3338 |1151 |  7 |   0 |   0 | 0.000000e+00 |      --      |    Inf | unknown
 17.0s|     1 |     0 |  3361 |     - |   177M |   0 |1101 |1435 |3575 |1388 |  8 |   0 |   0 | 0.000000e+00 |      --      |    Inf | unknown
 22.0s|     1 |     0 |  3578 |     - |   202M |   0 |1101 |1435 |3845 |1658 |  9 |   0 |   0 | 0.000000e+00 |      --      |    Inf | unknown
 28.0s|     1 |     0 |  3755 |     - |   226M |   0 |1101 |1435 |4144 |1957 | 10 |   0 |   0 | 0.000000e+00 |      --      |    Inf | unknown
 32.0s|     1 |     0 |  3874 |     - |   256M |   0 |1101 |1435 |4410 |2223 | 11 |   0 |   0 | 0.000000e+00 |      --      |    Inf | unknown
 34.0s|     1 |     2 |  3985 |     - |   256M |   0 |1101 |1435 |4410 |2223 | 11 |   0 |  11 | 0.000000e+00 |      --      |    Inf | unknown
 36.0s|   100 |    28 | 30669 | 270.7 |   265M |  28 |1101 |1439 |2360 |2959 |  2 |  12 |  11 | 0.000000e+00 |      --      |    Inf | unknown
 40.0s|   200 |    44 | 74292 | 353.9 |   265M |  32 |1101 |1439 |2491 |3795 |  2 |  47 |  11 | 0.000000e+00 |      --      |    Inf | unknown
 time | node  | left  |LP iter|LP it/n|mem/heur|mdpt |vars |cons |rows |cuts |sepa|confs|strbr|  dualbound   | primalbound  |  gap   | compl. 
 42.0s|   300 |    62 |112047 | 361.8 |   265M |  32 |1101 |1439 |   0 |4720 |  0 |  88 |  11 | 0.000000e+00 |      --      |    Inf |   1.58%
 46.0s|   400 |    60 |157527 | 385.1 |   265M |  35 |1101 |1439 |2531 |5545 |  0 | 128 |  11 | 0.000000e+00 |      --      |    Inf |   1.58%
 49.0s|   500 |    50 |201945 | 396.9 |   265M |  35 |1101 |1438 |2444 |6333 |  0 | 165 |  11 | 0.000000e+00 |      --      |    Inf |   1.58%
 51.0s|   600 |    44 |230448 | 378.3 |   266M |  35 |1101 |1439 |2569 |6846 |  0 | 191 |  11 | 0.000000e+00 |      --      |    Inf |   1.58%
 54.0s|   700 |    71 |264851 | 373.4 |   266M |  35 |1101 |1437 |2638 |7387 |  2 | 213 |  11 | 0.000000e+00 |      --      |    Inf |   1.59%
 57.0s|   800 |    83 |296636 | 366.4 |   240M |  35 |1101 |1431 |   0 |7793 |  0 | 234 |  11 | 0.000000e+00 |      --      |    Inf |   1.68%
 59.0s|   900 |   124 |321398 | 353.2 |   240M |  35 |1101 |1431 |2639 |8273 |  1 | 247 |  11 | 0.000000e+00 |      --      |    Inf |   1.68%
 61.0s|  1000 |   126 |350825 | 347.3 |   240M |  38 |1101 |1431 |   0 |8528 |  0 | 272 |  11 | 0.000000e+00 |      --      |    Inf |   1.68%
 63.0s|  1100 |   131 |380283 | 342.5 |   240M |  38 |1101 |1431 |2645 |8886 |  0 | 296 |  11 | 0.000000e+00 |      --      |    Inf |   1.68%
 66.0s|  1200 |   145 |415483 | 343.3 |   240M |  38 |1101 |1430 |2491 |9529 |  2 | 326 |  11 | 0.000000e+00 |      --      |    Inf |   1.69%
 69.0s|  1300 |   155 |454763 | 347.1 |   240M |  38 |1101 |1428 |   0 |  10k|  0 | 335 |  11 | 0.000000e+00 |      --      |    Inf |   1.69%
 72.0s|  1400 |   163 |498717 | 353.7 |   240M |  38 |1101 |1429 |2507 |  11k|  2 | 374 |  11 | 0.000000e+00 |      --      |    Inf |   1.69%
 75.0s|  1500 |   171 |529629 | 350.7 |   240M |  38 |1101 |1428 |2399 |  11k|  2 | 413 |  11 | 0.000000e+00 |      --      |    Inf |   1.69%
 77.0s|  1600 |   176 |568763 | 353.3 |   240M |  38 |1101 |1428 |2614 |  12k|  2 | 446 |  11 | 0.000000e+00 |      --      |    Inf |   1.69%
 80.0s|  1700 |   169 |609645 | 356.5 |   240M |  38 |1101 |1428 |2447 |  13k|  2 | 473 |  11 | 0.000000e+00 |      --      |    Inf |   1.70%
 time | node  | left  |LP iter|LP it/n|mem/heur|mdpt |vars |cons |rows |cuts |sepa|confs|strbr|  dualbound   | primalbound  |  gap   | compl. 
 83.0s|  1800 |   176 |643378 | 355.5 |   240M |  39 |1101 |1427 |2673 |  13k|  1 | 502 |  11 | 0.000000e+00 |      --      |    Inf |   1.70%
 85.0s|  1900 |   186 |667615 | 349.5 |   240M |  39 |1101 |1428 |2407 |  13k|  1 | 530 |  11 | 0.000000e+00 |      --      |    Inf |   1.70%
 88.0s|  2000 |   182 |713842 | 355.2 |   240M |  39 |1101 |1429 |2423 |  14k|  1 | 579 |  11 | 0.000000e+00 |      --      |    Inf |   1.70%
 91.0s|  2100 |   202 |744160 | 352.7 |   240M |  39 |1101 |1428 |2808 |  15k|  2 | 597 |  11 | 0.000000e+00 |      --      |    Inf |   1.70%
 93.0s|  2200 |   197 |778430 | 352.2 |   241M |  39 |1101 |1430 |2807 |  15k|  0 | 664 |  11 | 0.000000e+00 |      --      |    Inf |   1.70%
 96.0s|  2300 |   201 |810750 | 351.0 |   241M |  39 |1101 |1431 |2482 |  16k|  0 | 707 |  11 | 0.000000e+00 |      --      |    Inf |   1.70%
 98.0s|  2400 |   202 |838019 | 347.7 |   241M |  39 |1101 |1432 |2406 |  16k|  0 | 736 |  11 | 0.000000e+00 |      --      |    Inf |   1.72%
  100s|  2500 |   223 |870034 | 346.6 |   241M |  39 |1101 |1431 |2450 |  17k|  2 | 754 |  11 | 0.000000e+00 |      --      |    Inf |   1.72%
  103s|  2600 |   223 |910848 | 349.0 |   241M |  39 |1101 |1430 |2573 |  17k|  2 | 793 |  11 | 0.000000e+00 |      --      |    Inf |   1.72%
  106s|  2700 |   219 |945027 | 348.7 |   241M |  39 |1101 |1428 |2614 |  18k|  0 | 830 |  11 | 0.000000e+00 |      --      |    Inf |   1.72%
  108s|  2800 |   219 |975477 | 347.1 |   241M |  39 |1101 |1428 |2446 |  18k|  2 | 863 |  11 | 0.000000e+00 |      --      |    Inf |   1.73%
  111s|  2900 |   227 |  1013k| 348.2 |   241M |  39 |1101 |1427 |2604 |  19k|  1 | 896 |  11 | 0.000000e+00 |      --      |    Inf |   1.74%
  114s|  3000 |   232 |  1053k| 350.0 |   241M |  39 |1101 |1427 |   0 |  19k|  0 | 959 |  11 | 0.000000e+00 |      --      |    Inf |   1.77%
  117s|  3100 |   216 |  1091k| 351.0 |   241M |  39 |1101 |1428 |   0 |  20k|  0 | 992 |  11 | 0.000000e+00 |      --      |    Inf |   1.78%
  120s|  3200 |   212 |  1126k| 351.0 |   241M |  39 |1101 |1428 |2701 |  20k|  2 |1018 |  11 | 0.000000e+00 |      --      |    Inf |   1.78%
 time | node  | left  |LP iter|LP it/n|mem/heur|mdpt |vars |cons |rows |cuts |sepa|confs|strbr|  dualbound   | primalbound  |  gap   | compl. 
  123s|  3300 |   219 |  1166k| 352.5 |   241M |  39 |1101 |1428 |2656 |  21k|  1 |1050 |  11 | 0.000000e+00 |      --      |    Inf |   1.99%
  126s|  3400 |   216 |  1202k| 352.6 |   242M |  39 |1101 |1427 |2572 |  22k|  1 |1074 |  11 | 0.000000e+00 |      --      |    Inf |   2.39%
  128s|  3500 |   240 |  1236k| 352.3 |   242M |  39 |1101 |1427 |2469 |  22k|  2 |1100 |  11 | 0.000000e+00 |      --      |    Inf |   2.39%
  131s|  3600 |   233 |  1266k| 350.8 |   242M |  39 |1101 |1428 |2518 |  23k|  2 |1119 |  11 | 0.000000e+00 |      --      |    Inf |   2.39%
  133s|  3700 |   229 |  1293k| 348.6 |   242M |  39 |1101 |1428 |2529 |  23k|  1 |1142 |  11 | 0.000000e+00 |      --      |    Inf |   2.39%
  136s|  3800 |   235 |  1329k| 349.0 |   242M |  39 |1101 |1429 |2649 |  24k|  0 |1180 |  11 | 0.000000e+00 |      --      |    Inf |   2.39%
  139s|  3900 |   221 |  1365k| 349.1 |   242M |  39 |1101 |1430 |2633 |  24k|  0 |1245 |  11 | 0.000000e+00 |      --      |    Inf |   2.39%
(run 1, node 3931) restarting after 750 successful conflict analysis calls
(run 1, node 3931) restarting after 0 global fixings of integer variables

(restart) converted 41 cuts from the global cut pool into linear constraints

presolving:
(round 1, exhaustive) 0 del vars, 5 del conss, 0 add conss, 0 chg bounds, 2 chg sides, 0 chg coeffs, 0 upgd conss, 1180 impls, 7046 clqs, 0 implints
(round 2, exhaustive) 0 del vars, 5 del conss, 0 add conss, 0 chg bounds, 2 chg sides, 0 chg coeffs, 82 upgd conss, 1180 impls, 7046 clqs, 0 implints
(round 3, exhaustive) 0 del vars, 5 del conss, 0 add conss, 0 chg bounds, 2 chg sides, 24 chg coeffs, 82 upgd conss, 1180 impls, 7046 clqs, 0 implints
presolving (4 rounds: 4 fast, 4 medium, 4 exhaustive):
 0 deleted vars, 5 deleted constraints, 0 added constraints, 0 tightened bounds, 0 added holes, 2 changed sides, 24 changed coefficients
 1180 implications, 7046 cliques, 0 implied integral variables (0 bin, 0 int, 0 cont)
presolved problem has 1101 variables (1083 bin, 18 int, 0 cont) and 1466 constraints
     15 constraints of type <varbound>
    159 constraints of type <knapsack>
     90 constraints of type <setppc>
    812 constraints of type <and>
    243 constraints of type <linear>
    147 constraints of type <logicor>
transformed objective value is always integral (scale: 1)
Presolving Time: 0.00

 time | node  | left  |LP iter|LP it/n|mem/heur|mdpt |vars |cons |rows |cuts |sepa|confs|strbr|  dualbound   | primalbound  |  gap   | compl. 
  140s|     1 |     0 |  1378k|     - |   238M |   0 |1101 |1466 |2228 |   0 |  0 |1255 |  11 | 0.000000e+00 |      --      |    Inf | unknown
Computing relative interior point (time limit: 1e+20, iter limit: 13785510) ...
  140s|     1 |     0 |  1378k|     - |   239M |   0 |1101 |1466 |2270 |  42 |  1 |1255 |  11 | 0.000000e+00 |      --      |    Inf | unknown
  141s|     1 |     0 |  1378k|     - |   240M |   0 |1101 |1466 |2551 | 323 |  2 |1255 |  11 | 0.000000e+00 |      --      |    Inf | unknown
  142s|     1 |     0 |  1378k|     - |   249M |   0 |1101 |1466 |2809 | 581 |  3 |1255 |  11 | 0.000000e+00 |      --      |    Inf | unknown
  146s|     1 |     0 |  1379k|     - |   260M |   0 |1101 |1466 |2992 | 764 |  4 |1255 |  11 | 0.000000e+00 |      --      |    Inf | unknown
  147s|     1 |     0 |  1379k|     - |   275M |   0 |1101 |1466 |3180 | 952 |  5 |1255 |  11 | 0.000000e+00 |      --      |    Inf | unknown
  148s|     1 |     2 |  1379k|     - |   275M |   0 |1101 |1466 |3180 | 952 |  5 |1255 |  30 | 0.000000e+00 |      --      |    Inf | unknown
  149s|   100 |    33 |  1390k| 343.6 |   275M |  24 |1101 |1466 |   0 |1210 |  0 |1266 |  30 | 0.000000e+00 |      --      |    Inf | unknown
  151s|   200 |    36 |  1407k| 339.3 |   275M |  25 |1101 |1466 |2360 |1525 |  0 |1276 |  30 | 0.000000e+00 |      --      |    Inf | unknown
  152s|   300 |    70 |  1424k| 335.3 |   275M |  26 |1101 |1467 |2371 |2038 |  2 |1279 |  30 | 0.000000e+00 |      --      |    Inf | unknown
  154s|   400 |    75 |  1439k| 331.1 |   275M |  28 |1101 |1468 |2383 |2462 |  0 |1303 |  30 | 0.000000e+00 |      --      |    Inf | unknown
  155s|   500 |    62 |  1452k| 326.4 |   275M |  28 |1101 |1468 |2373 |2745 |  0 |1319 |  30 | 0.000000e+00 |      --      |    Inf | unknown
  156s|   600 |    60 |  1465k| 322.2 |   275M |  28 |1101 |1468 |2489 |3000 |  0 |1335 |  30 | 0.000000e+00 |      --      |    Inf | unknown
  158s|   700 |    51 |  1480k| 318.4 |   275M |  29 |1101 |1468 |2472 |3239 |  0 |1348 |  30 | 0.000000e+00 |      --      |    Inf | unknown
  159s|   800 |    52 |  1496k| 315.0 |   275M |  30 |1101 |1468 |   0 |3435 |  0 |1365 |  30 | 0.000000e+00 |      --      |    Inf | unknown
 time | node  | left  |LP iter|LP it/n|mem/heur|mdpt |vars |cons |rows |cuts |sepa|confs|strbr|  dualbound   | primalbound  |  gap   | compl. 
  160s|   900 |    49 |  1506k| 310.7 |   273M |  30 |1101 |1469 |2477 |3593 |  2 |1386 |  30 | 0.000000e+00 |      --      |    Inf | unknown
  161s|  1000 |    56 |  1521k| 307.4 |   272M |  30 |1101 |1468 |2480 |3754 |  1 |1413 |  30 | 0.000000e+00 |      --      |    Inf | unknown
  163s|  1100 |    52 |  1535k| 304.1 |   272M |  30 |1101 |1469 |2327 |4014 |  0 |1435 |  30 | 0.000000e+00 |      --      |    Inf | unknown
  164s|  1200 |    49 |  1546k| 300.2 |   272M |  30 |1101 |1469 |2508 |4225 |  0 |1450 |  30 | 0.000000e+00 |      --      |    Inf | unknown
  165s|  1300 |    49 |  1558k| 296.9 |   272M |  30 |1101 |1469 |2535 |4355 |  2 |1461 |  30 | 0.000000e+00 |      --      |    Inf | unknown
  166s|  1400 |    37 |  1572k| 293.9 |   272M |  30 |1101 |1469 |2499 |4528 |  0 |1492 |  30 | 0.000000e+00 |      --      |    Inf | unknown
  168s|  1500 |    36 |  1589k| 291.7 |   273M |  30 |1101 |1470 |2342 |5043 |  0 |1508 |  30 | 0.000000e+00 |      --      |    Inf | unknown
  170s|  1600 |    42 |  1607k| 289.6 |   273M |  30 |1101 |1470 |2370 |5531 |  2 |1520 |  30 | 0.000000e+00 |      --      |    Inf | unknown
  171s|  1700 |    40 |  1623k| 287.4 |   273M |  30 |1101 |1470 |2326 |5855 |  2 |1524 |  30 | 0.000000e+00 |      --      |    Inf | unknown
  173s|  1800 |    44 |  1639k| 285.1 |   273M |  30 |1101 |1470 |2321 |6113 |  1 |1527 |  30 | 0.000000e+00 |      --      |    Inf | unknown
  174s|  1900 |    38 |  1648k| 281.7 |   273M |  30 |1101 |1470 |2342 |6273 |  0 |1541 |  30 | 0.000000e+00 |      --      |    Inf |   0.51%
  175s|  2000 |    47 |  1667k| 280.2 |   274M |  30 |1101 |1467 |   0 |6594 |  0 |1579 |  30 | 0.000000e+00 |      --      |    Inf |   0.51%
  177s|  2100 |    57 |  1682k| 278.1 |   274M |  30 |1101 |1466 |2401 |6928 |  2 |1608 |  30 | 0.000000e+00 |      --      |    Inf |   0.51%
  179s|  2200 |    51 |  1704k| 277.1 |   274M |  30 |1101 |1466 |2386 |7377 |  1 |1639 |  30 | 0.000000e+00 |      --      |    Inf |   0.52%
  180s|  2300 |    47 |  1726k| 276.2 |   274M |  30 |1101 |1466 |2379 |8058 |  2 |1666 |  30 | 0.000000e+00 |      --      |    Inf |   0.53%
 time | node  | left  |LP iter|LP it/n|mem/heur|mdpt |vars |cons |rows |cuts |sepa|confs|strbr|  dualbound   | primalbound  |  gap   | compl. 
  182s|  2400 |    49 |  1742k| 274.4 |   274M |  31 |1101 |1467 |2426 |8477 |  0 |1687 |  30 | 0.000000e+00 |      --      |    Inf |   0.54%
  183s|  2500 |    56 |  1760k| 272.8 |   274M |  31 |1101 |1467 |2479 |8939 |  2 |1722 |  30 | 0.000000e+00 |      --      |    Inf |   0.54%
  185s|  2600 |    58 |  1779k| 271.6 |   274M |  31 |1101 |1467 |2499 |9335 |  0 |1782 |  30 | 0.000000e+00 |      --      |    Inf |   0.54%
  187s|  2700 |    51 |  1799k| 270.5 |   274M |  31 |1101 |1465 |2405 |9694 |  2 |1836 |  30 | 0.000000e+00 |      --      |    Inf |   0.54%
  189s|  2800 |    59 |  1818k| 269.3 |   274M |  34 |1101 |1465 |2326 |  10k|  2 |1863 |  30 | 0.000000e+00 |      --      |    Inf |   0.55%
  190s|  2900 |    64 |  1834k| 267.8 |   274M |  35 |1101 |1466 |2321 |  10k|  1 |1885 |  30 | 0.000000e+00 |      --      |    Inf |   0.55%
  191s|  3000 |    70 |  1847k| 265.7 |   274M |  35 |1101 |1468 |2465 |  10k|  0 |1895 |  30 | 0.000000e+00 |      --      |    Inf |   0.55%
  193s|  3100 |    59 |  1867k| 264.8 |   274M |  35 |1101 |1468 |2322 |  10k|  2 |1927 |  30 | 0.000000e+00 |      --      |    Inf |   0.56%
  195s|  3200 |    74 |  1886k| 263.8 |   274M |  35 |1101 |1468 |2456 |  11k|  1 |1946 |  30 | 0.000000e+00 |      --      |    Inf |   0.56%
  196s|  3300 |    74 |  1902k| 262.3 |   274M |  35 |1101 |1469 |   0 |  11k|  0 |1975 |  30 | 0.000000e+00 |      --      |    Inf |   0.56%
  197s|  3400 |    75 |  1911k| 260.0 |   274M |  36 |1101 |1470 |   0 |  11k|  0 |1996 |  30 | 0.000000e+00 |      --      |    Inf |   0.56%
  198s|  3500 |    69 |  1918k| 257.4 |   274M |  38 |1101 |1470 |2427 |  11k|  0 |2009 |  30 | 0.000000e+00 |      --      |    Inf |   0.56%
  199s|  3600 |    64 |  1935k| 256.2 |   274M |  38 |1101 |1471 |2478 |  12k|  2 |2043 |  30 | 0.000000e+00 |      --      |    Inf |   0.56%
  201s|  3700 |    57 |  1951k| 255.0 |   274M |  38 |1101 |1470 |   0 |  12k|  0 |2069 |  30 | 0.000000e+00 |      --      |    Inf |   0.58%
  202s|  3800 |    56 |  1964k| 253.3 |   275M |  38 |1101 |1468 |2377 |  13k|  2 |2092 |  30 | 0.000000e+00 |      --      |    Inf |   0.71%
 time | node  | left  |LP iter|LP it/n|mem/heur|mdpt |vars |cons |rows |cuts |sepa|confs|strbr|  dualbound   | primalbound  |  gap   | compl. 
  204s|  3900 |    63 |  1975k| 251.6 |   275M |  38 |1101 |1467 |2336 |  13k|  0 |2104 |  30 | 0.000000e+00 |      --      |    Inf |   0.74%
  205s|  4000 |    67 |  1990k| 250.3 |   275M |  38 |1101 |1467 |2369 |  13k|  1 |2121 |  30 | 0.000000e+00 |      --      |    Inf |   0.75%
  206s|  4100 |    69 |  2007k| 249.3 |   276M |  38 |1101 |1467 |2487 |  14k|  0 |2141 |  30 | 0.000000e+00 |      --      |    Inf |   0.77%
  208s|  4200 |    75 |  2021k| 247.9 |   276M |  38 |1101 |1466 |   0 |  14k|  0 |2151 |  30 | 0.000000e+00 |      --      |    Inf |   0.77%
  209s|  4300 |    79 |  2035k| 246.6 |   276M |  38 |1101 |1466 |2383 |  15k|  0 |2171 |  30 | 0.000000e+00 |      --      |    Inf |   0.79%
  210s|  4400 |    81 |  2049k| 245.3 |   276M |  38 |1101 |1466 |   0 |  15k|  0 |2187 |  30 | 0.000000e+00 |      --      |    Inf |   0.80%
  212s|  4500 |    80 |  2062k| 244.0 |   276M |  38 |1101 |1466 |2618 |  15k|  2 |2206 |  30 | 0.000000e+00 |      --      |    Inf |   0.82%
  213s|  4600 |    77 |  2082k| 243.5 |   276M |  38 |1101 |1465 |2327 |  16k|  0 |2248 |  30 | 0.000000e+00 |      --      |    Inf |   0.84%
  215s|  4700 |    88 |  2095k| 242.1 |   277M |  38 |1101 |1466 |2412 |  16k|  0 |2262 |  30 | 0.000000e+00 |      --      |    Inf |   0.94%
  216s|  4800 |   120 |  2104k| 240.4 |   278M |  38 |1101 |1467 |2332 |  16k|  1 |2287 |  30 | 0.000000e+00 |      --      |    Inf |   0.94%
  217s|  4900 |   137 |  2115k| 238.9 |   278M |  38 |1101 |1467 |2343 |  16k|  0 |2316 |  30 | 0.000000e+00 |      --      |    Inf |   0.95%
  218s|  5000 |   124 |  2126k| 237.5 |   278M |  38 |1101 |1467 |2347 |  17k|  0 |2343 |  30 | 0.000000e+00 |      --      |    Inf |   0.96%
  218s|  5100 |   121 |  2134k| 235.7 |   278M |  38 |1101 |1467 |2339 |  17k|  0 |2353 |  30 | 0.000000e+00 |      --      |    Inf |   1.02%
  220s|  5200 |   105 |  2144k| 234.2 |   278M |  38 |1101 |1465 |2362 |  17k|  2 |2373 |  30 | 0.000000e+00 |      --      |    Inf |   1.02%
  221s|  5300 |   110 |  2156k| 233.0 |   278M |  38 |1101 |1464 |2397 |  17k|  0 |2393 |  30 | 0.000000e+00 |      --      |    Inf |   1.03%
 time | node  | left  |LP iter|LP it/n|mem/heur|mdpt |vars |cons |rows |cuts |sepa|confs|strbr|  dualbound   | primalbound  |  gap   | compl. 
  222s|  5400 |   118 |  2167k| 231.7 |   278M |  38 |1101 |1459 |2445 |  18k|  2 |2419 |  30 | 0.000000e+00 |      --      |    Inf |   1.04%
  224s|  5500 |   131 |  2184k| 231.0 |   278M |  38 |1101 |1449 |2399 |  18k|  2 |2448 |  30 | 0.000000e+00 |      --      |    Inf |   1.04%
  225s|  5600 |   119 |  2204k| 230.7 |   278M |  38 |1101 |1442 |2445 |  18k|  0 |2484 |  30 | 0.000000e+00 |      --      |    Inf |   1.04%
  226s|  5700 |   123 |  2216k| 229.6 |   278M |  38 |1101 |1442 |   0 |  19k|  0 |2501 |  30 | 0.000000e+00 |      --      |    Inf |   1.04%
  228s|  5800 |   124 |  2234k| 229.1 |   278M |  38 |1101 |1442 |2442 |  19k|  0 |2540 |  30 | 0.000000e+00 |      --      |    Inf |   1.06%
  229s|  5900 |   127 |  2251k| 228.4 |   278M |  38 |1101 |1440 |2456 |  20k|  2 |2561 |  30 | 0.000000e+00 |      --      |    Inf |   1.06%
  231s|  6000 |   126 |  2270k| 228.0 |   278M |  38 |1101 |1440 |2459 |  20k|  0 |2588 |  30 | 0.000000e+00 |      --      |    Inf |   1.06%
  232s|  6100 |   123 |  2285k| 227.2 |   278M |  38 |1101 |1439 |2366 |  20k|  2 |2611 |  30 | 0.000000e+00 |      --      |    Inf |   1.06%
  234s|  6200 |   128 |  2303k| 226.8 |   278M |  38 |1101 |1438 |2402 |  21k|  2 |2633 |  30 | 0.000000e+00 |      --      |    Inf |   1.06%
  236s|  6300 |   126 |  2324k| 226.6 |   278M |  38 |1101 |1437 |2440 |  21k|  2 |2659 |  30 | 0.000000e+00 |      --      |    Inf |   1.06%
  237s|  6400 |   125 |  2343k| 226.3 |   278M |  38 |1101 |1437 |2395 |  22k|  0 |2687 |  30 | 0.000000e+00 |      --      |    Inf |   1.06%
  239s|  6500 |   127 |  2363k| 226.0 |   278M |  38 |1101 |1437 |2480 |  22k|  2 |2714 |  30 | 0.000000e+00 |      --      |    Inf |   1.07%
  241s|  6600 |   123 |  2380k| 225.5 |   278M |  38 |1101 |1437 |2485 |  22k|  2 |2732 |  30 | 0.000000e+00 |      --      |    Inf |   1.07%
  242s|  6700 |   130 |  2397k| 224.9 |   278M |  38 |1101 |1437 |2394 |  23k|  2 |2742 |  30 | 0.000000e+00 |      --      |    Inf |   1.07%
  244s|  6800 |   129 |  2417k| 224.7 |   278M |  38 |1101 |1438 |2354 |  23k|  2 |2764 |  30 | 0.000000e+00 |      --      |    Inf |   1.07%
 time | node  | left  |LP iter|LP it/n|mem/heur|mdpt |vars |cons |rows |cuts |sepa|confs|strbr|  dualbound   | primalbound  |  gap   | compl. 
  245s|  6900 |   126 |  2436k| 224.4 |   278M |  38 |1101 |1438 |2350 |  23k|  2 |2796 |  30 | 0.000000e+00 |      --      |    Inf |   1.07%
  247s|  7000 |   133 |  2456k| 224.2 |   278M |  38 |1101 |1438 |2369 |  24k|  0 |2836 |  30 | 0.000000e+00 |      --      |    Inf |   1.46%
  248s|  7100 |   142 |  2477k| 224.0 |   278M |  38 |1101 |1438 |2585 |  24k|  2 |2877 |  30 | 0.000000e+00 |      --      |    Inf |   1.46%
  250s|  7200 |   145 |  2494k| 223.6 |   278M |  38 |1101 |1436 |2530 |  25k|  0 |2905 |  30 | 0.000000e+00 |      --      |    Inf |   1.46%
  251s|  7300 |   136 |  2510k| 223.0 |   278M |  38 |1101 |1436 |2495 |  25k|  2 |2918 |  30 | 0.000000e+00 |      --      |    Inf |   1.46%
  253s|  7400 |   149 |  2527k| 222.6 |   278M |  38 |1101 |1436 |2463 |  26k|  2 |2936 |  30 | 0.000000e+00 |      --      |    Inf |   1.46%
  254s|  7500 |   142 |  2540k| 221.7 |   278M |  38 |1101 |1437 |2528 |  26k|  2 |2972 |  30 | 0.000000e+00 |      --      |    Inf |   1.46%
  255s|  7600 |   127 |  2555k| 221.1 |   278M |  38 |1101 |1437 |2424 |  26k|  2 |2988 |  30 | 0.000000e+00 |      --      |    Inf |   1.46%
  257s|  7700 |   132 |  2577k| 221.1 |   278M |  38 |1101 |1437 |2424 |  27k|  0 |3014 |  30 | 0.000000e+00 |      --      |    Inf |   1.47%
  259s|  7800 |   128 |  2599k| 221.1 |   278M |  38 |1101 |1437 |2510 |  27k|  2 |3045 |  30 | 0.000000e+00 |      --      |    Inf |   1.47%
  260s|  7900 |   133 |  2617k| 220.8 |   278M |  38 |1101 |1437 |2517 |  27k|  2 |3079 |  30 | 0.000000e+00 |      --      |    Inf |   1.47%
  262s|  8000 |   146 |  2631k| 220.1 |   278M |  38 |1101 |1437 |2613 |  28k|  2 |3110 |  30 | 0.000000e+00 |      --      |    Inf |   1.47%
  265s|  8100 |   138 |  2647k| 219.6 |   278M |  38 |1101 |1439 |2655 |  28k|  1 |3140 |  30 | 0.000000e+00 |      --      |    Inf |   1.47%
  268s|  8200 |   139 |  2661k| 218.9 |   278M |  38 |1101 |1438 |2635 |  28k|  0 |3166 |  30 | 0.000000e+00 |      --      |    Inf |   1.47%
  271s|  8300 |   131 |  2677k| 218.4 |   278M |  38 |1101 |1438 |2493 |  29k|  2 |3185 |  30 | 0.000000e+00 |      --      |    Inf |   1.47%
 time | node  | left  |LP iter|LP it/n|mem/heur|mdpt |vars |cons |rows |cuts |sepa|confs|strbr|  dualbound   | primalbound  |  gap   | compl. 
  275s|  8400 |   136 |  2695k| 218.1 |   278M |  38 |1101 |1438 |2655 |  29k|  2 |3202 |  30 | 0.000000e+00 |      --      |    Inf |   1.47%
  278s|  8500 |   138 |  2711k| 217.7 |   278M |  38 |1101 |1438 |2434 |  29k|  2 |3221 |  30 | 0.000000e+00 |      --      |    Inf |   1.48%
  281s|  8600 |   135 |  2728k| 217.2 |   278M |  38 |1101 |1438 |2411 |  30k|  0 |3256 |  30 | 0.000000e+00 |      --      |    Inf |   1.48%
  285s|  8700 |   153 |  2748k| 217.2 |   279M |  38 |1101 |1438 |2380 |  30k|  2 |3290 |  30 | 0.000000e+00 |      --      |    Inf |   1.48%
  288s|  8800 |   167 |  2763k| 216.6 |   279M |  38 |1101 |1441 |2455 |  31k|  2 |3314 |  30 | 0.000000e+00 |      --      |    Inf |   1.48%
  290s|  8900 |   169 |  2776k| 216.0 |   279M |  38 |1101 |1442 |2412 |  31k|  2 |3339 |  30 | 0.000000e+00 |      --      |    Inf |   1.48%
  294s|  9000 |   169 |  2794k| 215.7 |   279M |  38 |1101 |1441 |2451 |  32k|  2 |3358 |  30 | 0.000000e+00 |      --      |    Inf |   1.48%
  296s|  9100 |   165 |  2806k| 214.9 |   279M |  38 |1101 |1440 |2394 |  32k|  2 |3372 |  30 | 0.000000e+00 |      --      |    Inf |   1.48%
  299s|  9200 |   175 |  2816k| 214.1 |   279M |  38 |1101 |1440 |2436 |  32k|  0 |3390 |  30 | 0.000000e+00 |      --      |    Inf |   1.48%
  301s|  9300 |   175 |  2829k| 213.4 |   279M |  38 |1101 |1440 |2389 |  33k|  1 |3406 |  30 | 0.000000e+00 |      --      |    Inf |   1.48%
  304s|  9400 |   181 |  2842k| 212.8 |   279M |  38 |1101 |1440 |2426 |  33k|  2 |3430 |  30 | 0.000000e+00 |      --      |    Inf |   1.48%
  305s|  9500 |   184 |  2850k| 211.8 |   279M |  38 |1101 |1440 |2417 |  33k|  2 |3437 |  30 | 0.000000e+00 |      --      |    Inf |   1.48%
  307s|  9600 |   184 |  2859k| 210.9 |   279M |  38 |1101 |1440 |2413 |  34k|  2 |3447 |  30 | 0.000000e+00 |      --      |    Inf |   1.48%
  310s|  9700 |   180 |  2873k| 210.4 |   279M |  38 |1101 |1440 |2424 |  34k|  2 |3466 |  30 | 0.000000e+00 |      --      |    Inf |   1.48%
  313s|  9800 |   177 |  2887k| 209.9 |   279M |  38 |1101 |1440 |2414 |  34k|  2 |3473 |  30 | 0.000000e+00 |      --      |    Inf |   1.48%
 time | node  | left  |LP iter|LP it/n|mem/heur|mdpt |vars |cons |rows |cuts |sepa|confs|strbr|  dualbound   | primalbound  |  gap   | compl. 
  315s|  9900 |   171 |  2900k| 209.3 |   279M |  38 |1101 |1439 |2414 |  35k|  2 |3487 |  30 | 0.000000e+00 |      --      |    Inf |   1.48%
  318s| 10000 |   179 |  2915k| 208.9 |   279M |  38 |1101 |1439 |2420 |  35k|  0 |3505 |  30 | 0.000000e+00 |      --      |    Inf |   1.48%
  320s| 10100 |   174 |  2928k| 208.3 |   279M |  38 |1101 |1439 |2408 |  35k|  2 |3527 |  30 | 0.000000e+00 |      --      |    Inf |   1.48%
  323s| 10200 |   180 |  2939k| 207.6 |   279M |  38 |1101 |1439 |2400 |  36k|  2 |3547 |  30 | 0.000000e+00 |      --      |    Inf |   1.48%
  325s| 10300 |   175 |  2951k| 207.0 |   279M |  38 |1101 |1441 |   0 |  36k|  0 |3562 |  30 | 0.000000e+00 |      --      |    Inf |   1.48%
  326s| 10400 |   171 |  2960k| 206.2 |   279M |  38 |1101 |1441 |2426 |  36k|  2 |3581 |  30 | 0.000000e+00 |      --      |    Inf |   1.48%
  329s| 10500 |   166 |  2972k| 205.6 |   279M |  38 |1101 |1441 |2405 |  36k|  2 |3604 |  30 | 0.000000e+00 |      --      |    Inf |   1.48%
  330s| 10600 |   167 |  2990k| 205.4 |   279M |  38 |1101 |1441 |   0 |  37k|  0 |3627 |  30 | 0.000000e+00 |      --      |    Inf |   1.48%
  332s| 10700 |   168 |  3007k| 205.1 |   279M |  38 |1101 |1442 |2504 |  37k|  0 |3678 |  30 | 0.000000e+00 |      --      |    Inf |   1.48%
  334s| 10800 |   163 |  3025k| 205.0 |   279M |  38 |1101 |1441 |2400 |  38k|  0 |3709 |  30 | 0.000000e+00 |      --      |    Inf |   1.49%
  335s| 10900 |   166 |  3044k| 204.9 |   279M |  38 |1101 |1438 |2424 |  38k|  0 |3728 |  30 | 0.000000e+00 |      --      |    Inf |   1.49%
  337s| 11000 |   164 |  3059k| 204.5 |   279M |  38 |1101 |1437 |2423 |  38k|  0 |3743 |  30 | 0.000000e+00 |      --      |    Inf |   1.49%
  338s| 11100 |   166 |  3075k| 204.2 |   279M |  38 |1101 |1437 |2471 |  39k|  2 |3757 |  30 | 0.000000e+00 |      --      |    Inf |   1.49%
  340s| 11200 |   170 |  3092k| 204.0 |   280M |  38 |1101 |1437 |2404 |  39k|  2 |3824 |  30 | 0.000000e+00 |      --      |    Inf |   1.52%
  341s| 11300 |   185 |  3110k| 203.9 |   280M |  38 |1101 |1439 |2584 |  40k|  2 |3848 |  30 | 0.000000e+00 |      --      |    Inf |   1.53%
 time | node  | left  |LP iter|LP it/n|mem/heur|mdpt |vars |cons |rows |cuts |sepa|confs|strbr|  dualbound   | primalbound  |  gap   | compl. 
  342s| 11400 |   180 |  3125k| 203.5 |   280M |  38 |1101 |1439 |2515 |  40k|  1 |3871 |  30 | 0.000000e+00 |      --      |    Inf |   1.56%
  343s| 11500 |   180 |  3137k| 202.9 |   280M |  38 |1101 |1439 |2400 |  40k|  1 |3892 |  30 | 0.000000e+00 |      --      |    Inf |   1.56%
  344s| 11600 |   178 |  3150k| 202.5 |   280M |  38 |1101 |1440 |2414 |  41k|  0 |3912 |  30 | 0.000000e+00 |      --      |    Inf |   1.56%
  346s| 11700 |   178 |  3167k| 202.2 |   280M |  38 |1101 |1440 |2417 |  41k|  1 |3942 |  30 | 0.000000e+00 |      --      |    Inf |   1.56%
  347s| 11800 |   180 |  3181k| 201.9 |   280M |  38 |1101 |1440 |2445 |  41k|  1 |3961 |  30 | 0.000000e+00 |      --      |    Inf |   1.56%
  348s| 11900 |   184 |  3198k| 201.7 |   280M |  38 |1101 |1439 |   0 |  42k|  0 |3987 |  30 | 0.000000e+00 |      --      |    Inf |   1.57%
  349s| 12000 |   181 |  3211k| 201.2 |   280M |  38 |1101 |1438 |2432 |  42k|  0 |4016 |  30 | 0.000000e+00 |      --      |    Inf |   1.57%
  351s| 12100 |   174 |  3227k| 201.0 |   280M |  38 |1101 |1437 |2337 |  42k|  2 |4046 |  30 | 0.000000e+00 |      --      |    Inf |   1.58%
  352s| 12200 |   176 |  3243k| 200.7 |   280M |  38 |1101 |1436 |2474 |  43k|  2 |4062 |  30 | 0.000000e+00 |      --      |    Inf |   2.36%
  354s| 12300 |   179 |  3261k| 200.6 |   280M |  38 |1101 |1436 |   0 |  43k|  0 |4092 |  30 | 0.000000e+00 |      --      |    Inf |   2.38%
  355s| 12400 |   177 |  3276k| 200.3 |   281M |  38 |1101 |1438 |2402 |  43k|  2 |4125 |  30 | 0.000000e+00 |      --      |    Inf |   8.87%
  358s| 12500 |   177 |  3311k| 201.2 |   281M |  38 |1101 |1439 |2583 |  44k|  0 |4149 |  30 | 0.000000e+00 |      --      |    Inf |   8.87%
  362s| 12600 |   182 |  3361k| 203.0 |   281M |  38 |1101 |1440 |2820 |  45k|  2 |4181 |  30 | 0.000000e+00 |      --      |    Inf |   9.27%
  365s| 12700 |   198 |  3403k| 204.3 |   281M |  38 |1101 |1440 |2541 |  46k|  3 |4208 |  30 | 0.000000e+00 |      --      |    Inf |   9.27%
  368s| 12800 |   208 |  3431k| 204.7 |   281M |  38 |1101 |1438 |2908 |  47k|  2 |4224 |  30 | 0.000000e+00 |      --      |    Inf |   9.27%
 time | node  | left  |LP iter|LP it/n|mem/heur|mdpt |vars |cons |rows |cuts |sepa|confs|strbr|  dualbound   | primalbound  |  gap   | compl. 
  369s| 12900 |   199 |  3444k| 204.3 |   281M |  38 |1101 |1439 |2828 |  47k|  2 |4246 |  30 | 0.000000e+00 |      --      |    Inf |   9.28%
  371s| 13000 |   193 |  3466k| 204.4 |   281M |  38 |1101 |1439 |2964 |  47k|  2 |4272 |  30 | 0.000000e+00 |      --      |    Inf |   9.28%
  372s| 13100 |   189 |  3478k| 203.9 |   281M |  38 |1101 |1437 |2436 |  47k|  2 |4297 |  30 | 0.000000e+00 |      --      |    Inf |   9.28%
  374s| 13200 |   184 |  3503k| 204.2 |   281M |  38 |1101 |1438 |2402 |  48k|  2 |4333 |  30 | 0.000000e+00 |      --      |    Inf |   9.28%
  375s| 13300 |   186 |  3518k| 203.9 |   281M |  38 |1101 |1439 |2472 |  48k|  2 |4356 |  30 | 0.000000e+00 |      --      |    Inf |  10.07%
  377s| 13400 |   206 |  3540k| 204.0 |   282M |  38 |1101 |1439 |2437 |  49k|  2 |4379 |  30 | 0.000000e+00 |      --      |    Inf |  10.07%
  379s| 13500 |   206 |  3563k| 204.1 |   282M |  38 |1101 |1436 |2478 |  49k|  2 |4401 |  30 | 0.000000e+00 |      --      |    Inf |  10.08%
  381s| 13600 |   202 |  3583k| 204.1 |   282M |  38 |1101 |1436 |2428 |  50k|  0 |4434 |  30 | 0.000000e+00 |      --      |    Inf |  10.08%
  382s| 13700 |   205 |  3602k| 204.0 |   282M |  38 |1101 |1436 |2384 |  50k|  2 |4452 |  30 | 0.000000e+00 |      --      |    Inf |  10.08%
  383s| 13800 |   206 |  3615k| 203.6 |   282M |  38 |1101 |1435 |2373 |  51k|  2 |4472 |  30 | 0.000000e+00 |      --      |    Inf |  10.09%
  385s| 13900 |   206 |  3634k| 203.5 |   282M |  38 |1101 |1434 |2392 |  51k|  0 |4497 |  30 | 0.000000e+00 |      --      |    Inf |  10.09%
  387s| 14000 |   208 |  3658k| 203.7 |   282M |  38 |1101 |1435 |2415 |  52k|  0 |4533 |  30 | 0.000000e+00 |      --      |    Inf |  10.09%
  389s| 14100 |   240 |  3679k| 203.8 |   282M |  38 |1101 |1435 |2479 |  52k|  2 |4549 |  30 | 0.000000e+00 |      --      |    Inf |  10.10%
  391s| 14200 |   236 |  3699k| 203.7 |   282M |  38 |1101 |1436 |2533 |  53k|  0 |4575 |  30 | 0.000000e+00 |      --      |    Inf |  10.10%
  392s| 14300 |   226 |  3720k| 203.7 |   282M |  38 |1101 |1436 |2467 |  53k|  0 |4607 |  30 | 0.000000e+00 |      --      |    Inf |  10.10%
 time | node  | left  |LP iter|LP it/n|mem/heur|mdpt |vars |cons |rows |cuts |sepa|confs|strbr|  dualbound   | primalbound  |  gap   | compl. 
  394s| 14400 |   214 |  3740k| 203.7 |   282M |  38 |1101 |1436 |2527 |  53k|  0 |4631 |  30 | 0.000000e+00 |      --      |    Inf |  10.11%
  396s| 14500 |   226 |  3762k| 203.8 |   282M |  38 |1101 |1435 |2462 |  54k|  2 |4644 |  30 | 0.000000e+00 |      --      |    Inf |  10.11%
  398s| 14600 |   213 |  3781k| 203.8 |   282M |  38 |1101 |1436 |2446 |  54k|  0 |4684 |  30 | 0.000000e+00 |      --      |    Inf |  10.12%
  399s| 14700 |   221 |  3800k| 203.7 |   282M |  38 |1101 |1436 |2413 |  55k|  0 |4712 |  30 | 0.000000e+00 |      --      |    Inf |  10.12%
  401s| 14800 |   239 |  3821k| 203.7 |   282M |  38 |1101 |1436 |2470 |  55k|  0 |4750 |  30 | 0.000000e+00 |      --      |    Inf |  10.12%
  403s| 14900 |   242 |  3837k| 203.5 |   282M |  38 |1101 |1436 |2415 |  56k|  0 |4768 |  30 | 0.000000e+00 |      --      |    Inf |  10.12%
  404s| 15000 |   241 |  3855k| 203.3 |   282M |  38 |1101 |1436 |2411 |  56k|  0 |4795 |  30 | 0.000000e+00 |      --      |    Inf |  10.12%
  406s| 15100 |   244 |  3872k| 203.2 |   282M |  38 |1101 |1436 |2415 |  56k|  2 |4816 |  30 | 0.000000e+00 |      --      |    Inf |  10.13%
  407s| 15200 |   240 |  3887k| 202.9 |   282M |  38 |1101 |1436 |2450 |  57k|  0 |4840 |  30 | 0.000000e+00 |      --      |    Inf |  10.13%
  409s| 15300 |   236 |  3908k| 203.0 |   282M |  38 |1101 |1433 |2411 |  57k|  0 |4880 |  30 | 0.000000e+00 |      --      |    Inf |  10.13%
  410s| 15400 |   227 |  3927k| 202.9 |   282M |  38 |1101 |1433 |2545 |  57k|  0 |4928 |  30 | 0.000000e+00 |      --      |    Inf |  10.13%
  412s| 15500 |   230 |  3949k| 203.0 |   282M |  38 |1101 |1433 |   0 |  58k|  0 |4943 |  30 | 0.000000e+00 |      --      |    Inf |  10.13%
  414s| 15600 |   236 |  3962k| 202.6 |   283M |  38 |1101 |1434 |2353 |  58k|  0 |4975 |  30 | 0.000000e+00 |      --      |    Inf |  10.32%
  415s| 15700 |   238 |  3974k| 202.2 |   283M |  38 |1101 |1436 |2380 |  59k|  1 |4994 |  30 | 0.000000e+00 |      --      |    Inf |  10.32%
  416s| 15800 |   241 |  3991k| 202.0 |   283M |  38 |1101 |1436 |2497 |  59k|  0 |5028 |  30 | 0.000000e+00 |      --      |    Inf |  10.35%
 time | node  | left  |LP iter|LP it/n|mem/heur|mdpt |vars |cons |rows |cuts |sepa|confs|strbr|  dualbound   | primalbound  |  gap   | compl. 
  417s| 15900 |   264 |  4009k| 201.9 |   283M |  38 |1101 |1436 |2601 |  59k|  2 |5050 |  30 | 0.000000e+00 |      --      |    Inf |  10.35%
  419s| 16000 |   246 |  4024k| 201.6 |   283M |  38 |1101 |1436 |2456 |  60k|  2 |5095 |  30 | 0.000000e+00 |      --      |    Inf |  10.35%
  420s| 16100 |   242 |  4036k| 201.2 |   283M |  38 |1101 |1436 |2461 |  60k|  0 |5113 |  30 | 0.000000e+00 |      --      |    Inf |  10.35%
  421s| 16200 |   252 |  4050k| 200.9 |   283M |  38 |1101 |1436 |   0 |  60k|  0 |5117 |  30 | 0.000000e+00 |      --      |    Inf |  10.35%
  422s| 16300 |   238 |  4059k| 200.4 |   283M |  38 |1101 |1436 |2371 |  61k|  2 |5139 |  30 | 0.000000e+00 |      --      |    Inf |  10.38%
  423s| 16400 |   244 |  4072k| 200.0 |   283M |  38 |1101 |1437 |2427 |  61k|  2 |5150 |  30 | 0.000000e+00 |      --      |    Inf |  10.39%
  425s| 16500 |   236 |  4091k| 200.0 |   283M |  38 |1101 |1437 |2543 |  61k|  1 |5179 |  30 | 0.000000e+00 |      --      |    Inf |  10.42%
  426s| 16600 |   249 |  4109k| 199.9 |   284M |  38 |1101 |1438 |2631 |  62k|  0 |5212 |  30 | 0.000000e+00 |      --      |    Inf |  10.44%
  428s| 16700 |   251 |  4128k| 199.8 |   284M |  38 |1101 |1438 |2624 |  62k|  0 |5257 |  30 | 0.000000e+00 |      --      |    Inf |  10.44%
  430s| 16800 |   253 |  4143k| 199.6 |   284M |  38 |1101 |1437 |2551 |  62k|  1 |5305 |  30 | 0.000000e+00 |      --      |    Inf |  10.44%
  431s| 16900 |   255 |  4167k| 199.8 |   284M |  38 |1101 |1437 |2560 |  62k|  1 |5317 |  30 | 0.000000e+00 |      --      |    Inf |  10.44%
  434s| 17000 |   244 |  4193k| 200.1 |   284M |  38 |1101 |1437 |2416 |  63k|  2 |5367 |  30 | 0.000000e+00 |      --      |    Inf |  10.44%
  435s| 17100 |   252 |  4206k| 199.7 |   284M |  38 |1101 |1438 |2458 |  63k|  1 |5382 |  30 | 0.000000e+00 |      --      |    Inf |  10.44%
  436s| 17200 |   253 |  4219k| 199.4 |   284M |  38 |1101 |1439 |2449 |  64k|  0 |5403 |  30 | 0.000000e+00 |      --      |    Inf |  10.44%
  437s| 17300 |   250 |  4235k| 199.2 |   284M |  38 |1101 |1438 |2580 |  64k|  0 |5423 |  30 | 0.000000e+00 |      --      |    Inf |  10.46%
 time | node  | left  |LP iter|LP it/n|mem/heur|mdpt |vars |cons |rows |cuts |sepa|confs|strbr|  dualbound   | primalbound  |  gap   | compl. 
  439s| 17400 |   246 |  4246k| 198.8 |   284M |  38 |1101 |1438 |2589 |  64k|  0 |5443 |  30 | 0.000000e+00 |      --      |    Inf |  10.46%
  440s| 17500 |   246 |  4256k| 198.3 |   284M |  38 |1101 |1437 |2485 |  64k|  2 |5465 |  30 | 0.000000e+00 |      --      |    Inf |  10.46%
  441s| 17600 |   245 |  4269k| 198.0 |   284M |  38 |1101 |1436 |2565 |  65k|  2 |5483 |  30 | 0.000000e+00 |      --      |    Inf |  10.52%
  442s| 17700 |   246 |  4283k| 197.8 |   284M |  38 |1101 |1436 |2398 |  65k|  0 |5502 |  30 | 0.000000e+00 |      --      |    Inf |  10.52%
  444s| 17800 |   243 |  4299k| 197.6 |   284M |  38 |1101 |1437 |2341 |  65k|  1 |5531 |  30 | 0.000000e+00 |      --      |    Inf |  10.54%
  445s| 17900 |   243 |  4316k| 197.5 |   284M |  38 |1101 |1437 |   0 |  66k|  0 |5561 |  30 | 0.000000e+00 |      --      |    Inf |  10.55%
  447s| 18000 |   243 |  4333k| 197.3 |   284M |  38 |1101 |1438 |2448 |  66k|  2 |5582 |  30 | 0.000000e+00 |      --      |    Inf |  10.68%
  449s| 18100 |   246 |  4358k| 197.6 |   284M |  38 |1101 |1438 |2769 |  67k|  2 |5597 |  30 | 0.000000e+00 |      --      |    Inf |  10.78%
  451s| 18200 |   255 |  4374k| 197.4 |   284M |  38 |1101 |1439 |2778 |  67k|  0 |5614 |  30 | 0.000000e+00 |      --      |    Inf |  10.78%
  453s| 18300 |   257 |  4400k| 197.7 |   284M |  38 |1101 |1439 |2745 |  67k|  0 |5653 |  30 | 0.000000e+00 |      --      |    Inf |  10.78%
  456s| 18400 |   246 |  4426k| 197.9 |   284M |  38 |1101 |1438 |2742 |  67k|  0 |5686 |  30 | 0.000000e+00 |      --      |    Inf |  10.78%
  457s| 18500 |   249 |  4443k| 197.9 |   284M |  38 |1101 |1438 |2658 |  67k|  2 |5707 |  30 | 0.000000e+00 |      --      |    Inf |  10.79%
  459s| 18600 |   249 |  4461k| 197.8 |   284M |  38 |1101 |1438 |2671 |  68k|  2 |5726 |  30 | 0.000000e+00 |      --      |    Inf |  10.79%
  460s| 18700 |   246 |  4477k| 197.6 |   284M |  38 |1101 |1438 |2433 |  68k|  2 |5747 |  30 | 0.000000e+00 |      --      |    Inf |  10.81%
  462s| 18800 |   237 |  4496k| 197.5 |   284M |  38 |1101 |1437 |2438 |  68k|  0 |5782 |  30 | 0.000000e+00 |      --      |    Inf |  10.81%
 time | node  | left  |LP iter|LP it/n|mem/heur|mdpt |vars |cons |rows |cuts |sepa|confs|strbr|  dualbound   | primalbound  |  gap   | compl. 
  464s| 18900 |   257 |  4514k| 197.5 |   286M |  38 |1101 |1436 |2376 |  69k|  2 |5788 |  30 | 0.000000e+00 |      --      |    Inf |  11.75%
  466s| 19000 |   270 |  4531k| 197.4 |   287M |  38 |1101 |1436 |2366 |  70k|  0 |5803 |  30 | 0.000000e+00 |      --      |    Inf |  12.94%
  469s| 19100 |   281 |  4552k| 197.4 |   288M |  38 |1101 |1434 |   0 |  70k|  0 |5825 |  30 | 0.000000e+00 |      --      |    Inf |  13.84%
  470s| 19200 |   282 |  4568k| 197.3 |   288M |  38 |1101 |1435 |   0 |  71k|  0 |5844 |  30 | 0.000000e+00 |      --      |    Inf |  13.85%
  472s| 19300 |   284 |  4585k| 197.1 |   288M |  38 |1101 |1436 |2433 |  71k|  0 |5866 |  30 | 0.000000e+00 |      --      |    Inf |  13.99%
  473s| 19400 |   288 |  4595k| 196.7 |   288M |  38 |1101 |1435 |2403 |  71k|  0 |5874 |  30 | 0.000000e+00 |      --      |    Inf |  14.01%
  475s| 19500 |   284 |  4612k| 196.6 |   288M |  38 |1101 |1436 |2615 |  72k|  2 |5917 |  30 | 0.000000e+00 |      --      |    Inf |  14.04%
  476s| 19600 |   292 |  4624k| 196.3 |   288M |  38 |1101 |1438 |2434 |  72k|  2 |5945 |  30 | 0.000000e+00 |      --      |    Inf |  14.04%
  479s| 19700 |   289 |  4647k| 196.4 |   288M |  38 |1101 |1438 |2660 |  72k|  2 |5970 |  30 | 0.000000e+00 |      --      |    Inf |  14.04%
  481s| 19800 |   287 |  4668k| 196.5 |   288M |  38 |1101 |1437 |2711 |  72k|  0 |5994 |  30 | 0.000000e+00 |      --      |    Inf |  14.04%
  483s| 19900 |   280 |  4695k| 196.8 |   288M |  38 |1101 |1437 |2665 |  73k|  0 |6034 |  30 | 0.000000e+00 |      --      |    Inf |  14.04%
  485s| 20000 |   289 |  4706k| 196.4 |   288M |  38 |1101 |1438 |2604 |  73k|  1 |6054 |  30 | 0.000000e+00 |      --      |    Inf |  14.21%
  486s| 20100 |   291 |  4715k| 196.0 |   288M |  38 |1101 |1438 |   0 |  73k|  0 |6063 |  30 | 0.000000e+00 |      --      |    Inf |  14.21%
  487s| 20200 |   279 |  4731k| 195.8 |   288M |  38 |1101 |1441 |2604 |  74k|  0 |6090 |  30 | 0.000000e+00 |      --      |    Inf |  14.22%
  489s| 20300 |   278 |  4747k| 195.7 |   288M |  38 |1101 |1441 |   0 |  75k|  0 |6114 |  30 | 0.000000e+00 |      --      |    Inf |  14.23%
 time | node  | left  |LP iter|LP it/n|mem/heur|mdpt |vars |cons |rows |cuts |sepa|confs|strbr|  dualbound   | primalbound  |  gap   | compl. 
  490s| 20400 |   279 |  4761k| 195.5 |   289M |  38 |1101 |1440 |2590 |  75k|  2 |6148 |  30 | 0.000000e+00 |      --      |    Inf |  14.38%
  492s| 20500 |   285 |  4776k| 195.3 |   289M |  38 |1101 |1441 |2478 |  75k|  2 |6168 |  30 | 0.000000e+00 |      --      |    Inf |  14.79%
  493s| 20600 |   292 |  4793k| 195.2 |   289M |  38 |1101 |1441 |2498 |  76k|  2 |6185 |  30 | 0.000000e+00 |      --      |    Inf |  14.79%
  495s| 20700 |   273 |  4811k| 195.1 |   289M |  38 |1101 |1441 |2382 |  76k|  2 |6205 |  30 | 0.000000e+00 |      --      |    Inf |  14.95%
  496s| 20800 |   277 |  4821k| 194.7 |   290M |  38 |1101 |1440 |2624 |  76k|  1 |6218 |  30 | 0.000000e+00 |      --      |    Inf |  15.09%
  498s| 20900 |   279 |  4837k| 194.6 |   290M |  38 |1101 |1442 |2671 |  77k|  0 |6240 |  30 | 0.000000e+00 |      --      |    Inf |  15.12%
  500s| 21000 |   281 |  4857k| 194.6 |   290M |  38 |1101 |1441 |   0 |  77k|  0 |6270 |  30 | 0.000000e+00 |      --      |    Inf |  15.12%
  502s| 21100 |   275 |  4877k| 194.6 |   290M |  38 |1101 |1441 |2666 |  77k|  2 |6312 |  30 | 0.000000e+00 |      --      |    Inf |  15.12%
  503s| 21200 |   280 |  4889k| 194.3 |   290M |  38 |1101 |1444 |2738 |  77k|  1 |6336 |  30 | 0.000000e+00 |      --      |    Inf |  15.27%
  504s| 21300 |   274 |  4900k| 194.0 |   290M |  38 |1101 |1445 |2456 |  78k|  2 |6362 |  30 | 0.000000e+00 |      --      |    Inf |  15.30%
  505s| 21400 |   286 |  4913k| 193.8 |   290M |  38 |1101 |1445 |2777 |  78k|  1 |6375 |  30 | 0.000000e+00 |      --      |    Inf |  15.31%
  507s| 21500 |   294 |  4932k| 193.7 |   290M |  38 |1101 |1445 |2457 |  78k|  2 |6400 |  30 | 0.000000e+00 |      --      |    Inf |  15.31%
  508s| 21600 |   287 |  4948k| 193.6 |   290M |  38 |1101 |1444 |2436 |  79k|  0 |6422 |  30 | 0.000000e+00 |      --      |    Inf |  15.31%
  510s| 21700 |   291 |  4968k| 193.6 |   290M |  38 |1101 |1443 |2399 |  79k|  2 |6440 |  30 | 0.000000e+00 |      --      |    Inf |  15.31%
  512s| 21800 |   294 |  4990k| 193.7 |   290M |  38 |1101 |1443 |2833 |  79k|  2 |6477 |  30 | 0.000000e+00 |      --      |    Inf |  15.31%
 time | node  | left  |LP iter|LP it/n|mem/heur|mdpt |vars |cons |rows |cuts |sepa|confs|strbr|  dualbound   | primalbound  |  gap   | compl. 
  514s| 21900 |   290 |  5010k| 193.7 |   290M |  38 |1101 |1442 |2470 |  80k|  2 |6511 |  30 | 0.000000e+00 |      --      |    Inf |  15.31%
  516s| 22000 |   283 |  5035k| 194.0 |   290M |  38 |1101 |1442 |2790 |  80k|  2 |6541 |  30 | 0.000000e+00 |      --      |    Inf |  15.31%
  518s| 22100 |   279 |  5061k| 194.2 |   290M |  38 |1101 |1441 |2783 |  80k|  1 |6569 |  30 | 0.000000e+00 |      --      |    Inf |  15.31%
  520s| 22200 |   293 |  5075k| 194.0 |   290M |  38 |1101 |1441 |2811 |  80k|  2 |6588 |  30 | 0.000000e+00 |      --      |    Inf |  15.31%
  522s| 22300 |   296 |  5094k| 194.0 |   290M |  38 |1101 |1441 |   0 |  81k|  0 |6601 |  30 | 0.000000e+00 |      --      |    Inf |  15.31%
  523s| 22400 |   288 |  5113k| 194.0 |   290M |  38 |1101 |1441 |2795 |  81k|  1 |6625 |  30 | 0.000000e+00 |      --      |    Inf |  15.31%
  525s| 22500 |   293 |  5127k| 193.8 |   290M |  38 |1101 |1441 |2793 |  81k|  2 |6653 |  30 | 0.000000e+00 |      --      |    Inf |  15.31%
  527s| 22600 |   290 |  5148k| 193.9 |   290M |  38 |1101 |1441 |2799 |  81k|  1 |6698 |  30 | 0.000000e+00 |      --      |    Inf |  15.31%
  529s| 22700 |   284 |  5169k| 193.9 |   290M |  38 |1101 |1441 |2799 |  81k|  0 |6734 |  30 | 0.000000e+00 |      --      |    Inf |  15.31%
  531s| 22800 |   278 |  5187k| 193.8 |   290M |  38 |1101 |1441 |2845 |  81k|  0 |6766 |  30 | 0.000000e+00 |      --      |    Inf |  15.31%
  534s| 22900 |   277 |  5212k| 194.1 |   290M |  38 |1101 |1441 |2384 |  82k|  2 |6805 |  30 | 0.000000e+00 |      --      |    Inf |  15.33%
  535s| 23000 |   287 |  5226k| 193.8 |   291M |  38 |1101 |1441 |2403 |  82k|  2 |6826 |  30 | 0.000000e+00 |      --      |    Inf |  15.94%
  537s| 23100 |   285 |  5247k| 193.9 |   291M |  38 |1101 |1440 |2453 |  82k|  2 |6849 |  30 | 0.000000e+00 |      --      |    Inf |  16.03%
  539s| 23200 |   288 |  5264k| 193.8 |   291M |  38 |1101 |1437 |2396 |  83k|  0 |6867 |  30 | 0.000000e+00 |      --      |    Inf |  16.25%
  541s| 23300 |   286 |  5287k| 193.9 |   291M |  38 |1101 |1437 |2416 |  83k|  0 |6915 |  30 | 0.000000e+00 |      --      |    Inf |  16.25%
 time | node  | left  |LP iter|LP it/n|mem/heur|mdpt |vars |cons |rows |cuts |sepa|confs|strbr|  dualbound   | primalbound  |  gap   | compl. 
  543s| 23400 |   297 |  5302k| 193.8 |   291M |  38 |1101 |1438 |2405 |  84k|  2 |6931 |  30 | 0.000000e+00 |      --      |    Inf |  16.25%
  545s| 23500 |   290 |  5320k| 193.7 |   291M |  38 |1101 |1438 |2360 |  84k|  2 |6956 |  30 | 0.000000e+00 |      --      |    Inf |  16.25%
  546s| 23600 |   290 |  5334k| 193.5 |   291M |  38 |1101 |1438 |2389 |  84k|  2 |6981 |  30 | 0.000000e+00 |      --      |    Inf |  16.25%
  548s| 23700 |   277 |  5349k| 193.4 |   291M |  38 |1101 |1438 |   0 |  85k|  0 |7004 |  30 | 0.000000e+00 |      --      |    Inf |  16.25%
  550s| 23800 |   271 |  5363k| 193.2 |   291M |  38 |1101 |1438 |2442 |  85k|  2 |7016 |  30 | 0.000000e+00 |      --      |    Inf |  16.68%
  551s| 23900 |   279 |  5379k| 193.1 |   291M |  38 |1101 |1439 |2421 |  85k|  2 |7030 |  30 | 0.000000e+00 |      --      |    Inf |  16.71%
  553s| 24000 |   291 |  5397k| 193.1 |   292M |  38 |1101 |1439 |2485 |  86k|  0 |7060 |  30 | 0.000000e+00 |      --      |    Inf |  16.71%
  555s| 24100 |   295 |  5414k| 192.9 |   292M |  38 |1101 |1439 |2433 |  86k|  1 |7081 |  30 | 0.000000e+00 |      --      |    Inf |  16.71%
  557s| 24200 |   292 |  5433k| 193.0 |   292M |  38 |1101 |1439 |   0 |  87k|  0 |7102 |  30 | 0.000000e+00 |      --      |    Inf |  16.71%
  559s| 24300 |   282 |  5455k| 193.0 |   292M |  38 |1101 |1439 |2434 |  87k|  1 |7124 |  30 | 0.000000e+00 |      --      |    Inf |  16.71%
  560s| 24400 |   273 |  5470k| 192.9 |   292M |  38 |1101 |1438 |   0 |  87k|  0 |7163 |  30 | 0.000000e+00 |      --      |    Inf |  16.72%
  562s| 24500 |   272 |  5488k| 192.8 |   292M |  38 |1101 |1439 |2510 |  88k|  2 |7183 |  30 | 0.000000e+00 |      --      |    Inf |  16.74%
  564s| 24600 |   272 |  5507k| 192.8 |   292M |  38 |1101 |1439 |2459 |  88k|  1 |7207 |  30 | 0.000000e+00 |      --      |    Inf |  16.75%
  566s| 24700 |   271 |  5527k| 192.9 |   292M |  38 |1101 |1439 |2488 |  89k|  2 |7228 |  30 | 0.000000e+00 |      --      |    Inf |  16.77%
  568s| 24800 |   269 |  5542k| 192.7 |   292M |  38 |1101 |1439 |   0 |  89k|  0 |7256 |  30 | 0.000000e+00 |      --      |    Inf |  16.80%
 time | node  | left  |LP iter|LP it/n|mem/heur|mdpt |vars |cons |rows |cuts |sepa|confs|strbr|  dualbound   | primalbound  |  gap   | compl. 
  569s| 24900 |   269 |  5560k| 192.7 |   292M |  38 |1101 |1440 |2412 |  90k|  0 |7275 |  30 | 0.000000e+00 |      --      |    Inf |  16.81%
  571s| 25000 |   269 |  5576k| 192.5 |   292M |  38 |1101 |1439 |2391 |  90k|  2 |7290 |  30 | 0.000000e+00 |      --      |    Inf |  16.83%
  572s| 25100 |   265 |  5591k| 192.4 |   292M |  38 |1101 |1440 |2570 |  91k|  2 |7312 |  30 | 0.000000e+00 |      --      |    Inf |  16.91%
  575s| 25200 |   277 |  5612k| 192.5 |   292M |  38 |1101 |1440 |   0 |  91k|  0 |7341 |  30 | 0.000000e+00 |      --      |    Inf |  16.91%
  577s| 25300 |   267 |  5632k| 192.5 |   292M |  38 |1101 |1437 |2800 |  91k|  2 |7363 |  30 | 0.000000e+00 |      --      |    Inf |  16.92%
  578s| 25400 |   278 |  5648k| 192.4 |   292M |  38 |1101 |1436 |2407 |  91k|  0 |7385 |  30 | 0.000000e+00 |      --      |    Inf |  17.08%
  579s| 25500 |   288 |  5658k| 192.1 |   292M |  38 |1101 |1436 |2410 |  92k|  0 |7410 |  30 | 0.000000e+00 |      --      |    Inf |  17.08%
  580s| 25600 |   293 |  5666k| 191.7 |   292M |  38 |1101 |1437 |2420 |  92k|  2 |7423 |  30 | 0.000000e+00 |      --      |    Inf |  17.09%
  581s| 25700 |   291 |  5673k| 191.3 |   292M |  38 |1101 |1437 |2387 |  92k|  2 |7443 |  30 | 0.000000e+00 |      --      |    Inf |  17.09%
  582s| 25800 |   285 |  5680k| 190.9 |   292M |  38 |1101 |1437 |2392 |  92k|  0 |7457 |  30 | 0.000000e+00 |      --      |    Inf |  17.09%
  583s| 25900 |   277 |  5692k| 190.6 |   292M |  38 |1101 |1437 |2407 |  93k|  0 |7478 |  30 | 0.000000e+00 |      --      |    Inf |  17.09%
  585s| 26000 |   275 |  5706k| 190.5 |   292M |  38 |1101 |1438 |2553 |  93k|  0 |7504 |  30 | 0.000000e+00 |      --      |    Inf |  17.10%
  589s| 26100 |   275 |  5741k| 191.0 |   292M |  38 |1101 |1438 |2558 |  94k|  2 |7537 |  30 | 0.000000e+00 |      --      |    Inf |  17.10%
  593s| 26200 |   291 |  5784k| 191.8 |   292M |  38 |1101 |1438 |   0 |  95k|  0 |7555 |  30 | 0.000000e+00 |      --      |    Inf |  17.11%
  595s| 26300 |   291 |  5810k| 192.0 |   292M |  38 |1101 |1439 |2663 |  96k|  2 |7574 |  30 | 0.000000e+00 |      --      |    Inf |  17.11%
 time | node  | left  |LP iter|LP it/n|mem/heur|mdpt |vars |cons |rows |cuts |sepa|confs|strbr|  dualbound   | primalbound  |  gap   | compl. 
  597s| 26400 |   289 |  5834k| 192.2 |   292M |  38 |1101 |1440 |2575 |  97k|  2 |7592 |  30 | 0.000000e+00 |      --      |    Inf |  17.11%
  600s| 26500 |   288 |  5866k| 192.6 |   292M |  38 |1101 |1439 |2579 |  98k|  0 |7608 |  30 | 0.000000e+00 |      --      |    Inf |  17.11%
  603s| 26600 |   271 |  5901k| 193.1 |   292M |  38 |1101 |1439 |   0 |  98k|  0 |7632 |  30 | 0.000000e+00 |      --      |    Inf |  17.13%
  607s| 26700 |   282 |  5938k| 193.7 |   293M |  38 |1101 |1440 |2637 | 100k|  0 |7648 |  30 | 0.000000e+00 |      --      |    Inf |  17.14%
  609s| 26800 |   283 |  5960k| 193.8 |   293M |  38 |1101 |1441 |2658 | 101k|  2 |7653 |  30 | 0.000000e+00 |      --      |    Inf |  17.14%
  613s| 26900 |   290 |  5996k| 194.3 |   293M |  38 |1101 |1441 |2674 | 102k|  0 |7665 |  30 | 0.000000e+00 |      --      |    Inf |  18.02%
  616s| 27000 |   293 |  6025k| 194.6 |   293M |  38 |1101 |1440 |2566 | 102k|  2 |7672 |  30 | 0.000000e+00 |      --      |    Inf |  18.08%
  618s| 27100 |   295 |  6050k| 194.8 |   293M |  38 |1101 |1441 |   0 | 103k|  0 |7686 |  30 | 0.000000e+00 |      --      |    Inf |  18.08%
  620s| 27200 |   291 |  6073k| 194.9 |   293M |  38 |1101 |1442 |2545 | 104k|  2 |7692 |  30 | 0.000000e+00 |      --      |    Inf |  18.09%
  624s| 27300 |   291 |  6117k| 195.7 |   293M |  38 |1101 |1441 |2347 | 105k|  2 |7721 |  30 | 0.000000e+00 |      --      |    Inf |  18.09%
  627s| 27400 |   292 |  6152k| 196.2 |   293M |  38 |1101 |1442 |   0 | 106k|  0 |7744 |  30 | 0.000000e+00 |      --      |    Inf |  18.14%
  632s| 27500 |   287 |  6196k| 197.0 |   293M |  38 |1101 |1441 |2846 | 107k|  0 |7757 |  30 | 0.000000e+00 |      --      |    Inf |  18.17%
  635s| 27600 |   295 |  6225k| 197.3 |   293M |  38 |1101 |1439 |   0 | 108k|  0 |7765 |  30 | 0.000000e+00 |      --      |    Inf |  18.18%
  638s| 27700 |   286 |  6266k| 197.9 |   293M |  38 |1101 |1439 |2604 | 109k|  0 |7784 |  30 | 0.000000e+00 |      --      |    Inf |  18.19%
  641s| 27800 |   308 |  6297k| 198.3 |   293M |  38 |1101 |1438 |2453 | 110k|  2 |7797 |  30 | 0.000000e+00 |      --      |    Inf |  18.19%
 time | node  | left  |LP iter|LP it/n|mem/heur|mdpt |vars |cons |rows |cuts |sepa|confs|strbr|  dualbound   | primalbound  |  gap   | compl. 
  643s| 27900 |   309 |  6322k| 198.4 |   293M |  38 |1101 |1435 |2452 | 110k|  2 |7844 |  30 | 0.000000e+00 |      --      |    Inf |  18.20%
  645s| 28000 |   311 |  6343k| 198.5 |   293M |  38 |1101 |1435 |   0 | 110k|  0 |7862 |  30 | 0.000000e+00 |      --      |    Inf |  18.20%
  648s| 28100 |   302 |  6362k| 198.4 |   293M |  38 |1101 |1436 |2592 | 111k|  0 |7885 |  30 | 0.000000e+00 |      --      |    Inf |  18.20%
  650s| 28200 |   307 |  6381k| 198.4 |   293M |  38 |1101 |1436 |2601 | 111k|  2 |7912 |  30 | 0.000000e+00 |      --      |    Inf |  18.20%
  651s| 28300 |   296 |  6397k| 198.3 |   293M |  38 |1101 |1437 |2646 | 111k|  1 |7936 |  30 | 0.000000e+00 |      --      |    Inf |  18.20%
  653s| 28400 |   297 |  6416k| 198.3 |   293M |  38 |1101 |1437 |2603 | 112k|  0 |7955 |  30 | 0.000000e+00 |      --      |    Inf |  18.20%
  655s| 28500 |   290 |  6437k| 198.3 |   293M |  38 |1101 |1437 |2572 | 112k|  2 |7984 |  30 | 0.000000e+00 |      --      |    Inf |  18.20%
  657s| 28600 |   282 |  6458k| 198.4 |   293M |  38 |1101 |1436 |2700 | 112k|  1 |8016 |  30 | 0.000000e+00 |      --      |    Inf |  18.20%
  659s| 28700 |   283 |  6474k| 198.2 |   293M |  38 |1101 |1435 |2601 | 113k|  2 |8025 |  30 | 0.000000e+00 |      --      |    Inf |  18.21%
  661s| 28800 |   289 |  6489k| 198.1 |   293M |  38 |1101 |1435 |2384 | 113k|  0 |8057 |  30 | 0.000000e+00 |      --      |    Inf |  18.23%
  662s| 28900 |   285 |  6506k| 198.0 |   293M |  38 |1101 |1435 |   0 | 113k|  0 |8099 |  30 | 0.000000e+00 |      --      |    Inf |  18.23%
  663s| 29000 |   295 |  6514k| 197.6 |   295M |  38 |1101 |1435 |2613 | 114k|  0 |8109 |  30 | 0.000000e+00 |      --      |    Inf |  19.07%
  665s| 29100 |   290 |  6530k| 197.5 |   295M |  38 |1101 |1435 |2444 | 114k|  2 |8130 |  30 | 0.000000e+00 |      --      |    Inf |  19.24%
  667s| 29200 |   294 |  6550k| 197.5 |   295M |  38 |1101 |1435 |2489 | 115k|  2 |8164 |  30 | 0.000000e+00 |      --      |    Inf |  19.34%
  669s| 29300 |   293 |  6565k| 197.4 |   295M |  38 |1101 |1435 |2618 | 115k|  2 |8200 |  30 | 0.000000e+00 |      --      |    Inf |  19.41%
 time | node  | left  |LP iter|LP it/n|mem/heur|mdpt |vars |cons |rows |cuts |sepa|confs|strbr|  dualbound   | primalbound  |  gap   | compl. 
  671s| 29400 |   296 |  6589k| 197.5 |   296M |  38 |1101 |1435 |2648 | 115k|  0 |8243 |  30 | 0.000000e+00 |      --      |    Inf |  19.47%
  674s| 29500 |   299 |  6619k| 197.8 |   296M |  38 |1101 |1437 |2654 | 116k|  0 |8281 |  30 | 0.000000e+00 |      --      |    Inf |  19.48%
  677s| 29600 |   301 |  6643k| 198.0 |   296M |  38 |1101 |1437 |   0 | 116k|  0 |8328 |  30 | 0.000000e+00 |      --      |    Inf |  19.55%
  680s| 29700 |   304 |  6666k| 198.0 |   296M |  38 |1101 |1436 |2660 | 116k|  0 |8368 |  30 | 0.000000e+00 |      --      |    Inf |  19.56%
  682s| 29800 |   301 |  6688k| 198.1 |   296M |  38 |1101 |1436 |2608 | 117k|  0 |8402 |  30 | 0.000000e+00 |      --      |    Inf |  19.65%
  685s| 29900 |   300 |  6711k| 198.2 |   296M |  38 |1101 |1436 |2635 | 117k|  2 |8435 |  30 | 0.000000e+00 |      --      |    Inf |  19.66%
  686s| 30000 |   295 |  6724k| 198.0 |   296M |  38 |1101 |1435 |   0 | 117k|  0 |8465 |  30 | 0.000000e+00 |      --      |    Inf |  19.73%
  688s| 30100 |   302 |  6735k| 197.8 |   296M |  38 |1101 |1436 |   0 | 118k|  0 |8482 |  30 | 0.000000e+00 |      --      |    Inf |  19.75%
  689s| 30200 |   307 |  6744k| 197.4 |   296M |  38 |1101 |1436 |2379 | 118k|  2 |8492 |  30 | 0.000000e+00 |      --      |    Inf |  19.76%
  690s| 30300 |   296 |  6755k| 197.2 |   296M |  38 |1101 |1436 |2652 | 118k|  0 |8519 |  30 | 0.000000e+00 |      --      |    Inf |  19.77%
  692s| 30400 |   298 |  6770k| 197.1 |   296M |  38 |1101 |1436 |2692 | 119k|  2 |8545 |  30 | 0.000000e+00 |      --      |    Inf |  19.79%
  694s| 30500 |   293 |  6780k| 196.8 |   296M |  38 |1101 |1436 |2678 | 119k|  0 |8575 |  30 | 0.000000e+00 |      --      |    Inf |  19.79%
  695s| 30600 |   293 |  6795k| 196.6 |   296M |  38 |1101 |1436 |2651 | 119k|  1 |8614 |  30 | 0.000000e+00 |      --      |    Inf |  19.80%
  698s| 30700 |   296 |  6813k| 196.6 |   296M |  38 |1101 |1436 |   0 | 119k|  0 |8656 |  30 | 0.000000e+00 |      --      |    Inf |  19.82%
  700s| 30800 |   289 |  6833k| 196.6 |   296M |  38 |1101 |1436 |2601 | 119k|  0 |8713 |  30 | 0.000000e+00 |      --      |    Inf |  19.82%
 time | node  | left  |LP iter|LP it/n|mem/heur|mdpt |vars |cons |rows |cuts |sepa|confs|strbr|  dualbound   | primalbound  |  gap   | compl. 
  703s| 30900 |   289 |  6849k| 196.5 |   297M |  38 |1101 |1437 |2459 | 119k|  0 |8743 |  30 | 0.000000e+00 |      --      |    Inf |  20.61%
  705s| 31000 |   289 |  6871k| 196.5 |   297M |  38 |1101 |1436 |   0 | 120k|  0 |8772 |  30 | 0.000000e+00 |      --      |    Inf |  20.66%
  707s| 31100 |   287 |  6886k| 196.4 |   297M |  38 |1101 |1437 |2632 | 120k|  2 |8786 |  30 | 0.000000e+00 |      --      |    Inf |  20.66%
  709s| 31200 |   294 |  6900k| 196.2 |   297M |  38 |1101 |1437 |2369 | 120k|  2 |8805 |  30 | 0.000000e+00 |      --      |    Inf |  20.71%
  711s| 31300 |   303 |  6917k| 196.2 |   297M |  38 |1101 |1437 |2492 | 121k|  1 |8833 |  30 | 0.000000e+00 |      --      |    Inf |  20.74%
  713s| 31400 |   302 |  6934k| 196.1 |   297M |  38 |1101 |1437 |2512 | 121k|  2 |8845 |  30 | 0.000000e+00 |      --      |    Inf |  20.74%
  715s| 31500 |   295 |  6949k| 196.0 |   297M |  38 |1101 |1436 |2569 | 121k|  2 |8854 |  30 | 0.000000e+00 |      --      |    Inf |  20.80%
  718s| 31600 |   304 |  6970k| 196.0 |   297M |  38 |1101 |1436 |2529 | 122k|  2 |8886 |  30 | 0.000000e+00 |      --      |    Inf |  20.80%
  720s| 31700 |   301 |  6987k| 195.9 |   297M |  38 |1101 |1436 |2433 | 122k|  0 |8901 |  30 | 0.000000e+00 |      --      |    Inf |  21.01%
  722s| 31800 |   296 |  7001k| 195.8 |   297M |  38 |1101 |1436 |2441 | 123k|  1 |8917 |  30 | 0.000000e+00 |      --      |    Inf |  21.04%
  724s| 31900 |   302 |  7018k| 195.7 |   297M |  38 |1101 |1434 |2481 | 123k|  0 |8933 |  30 | 0.000000e+00 |      --      |    Inf |  21.18%
  726s| 32000 |   299 |  7033k| 195.6 |   297M |  38 |1101 |1434 |2483 | 123k|  2 |8977 |  30 | 0.000000e+00 |      --      |    Inf |  21.19%
  728s| 32100 |   302 |  7047k| 195.4 |   297M |  38 |1101 |1434 |2366 | 124k|  2 |9005 |  30 | 0.000000e+00 |      --      |    Inf |  21.21%
  730s| 32200 |   292 |  7063k| 195.3 |   297M |  38 |1101 |1434 |   0 | 124k|  0 |9035 |  30 | 0.000000e+00 |      --      |    Inf |  21.25%
  731s| 32300 |   299 |  7074k| 195.1 |   297M |  38 |1101 |1434 |   0 | 124k|  0 |9042 |  30 | 0.000000e+00 |      --      |    Inf |  21.40%
 time | node  | left  |LP iter|LP it/n|mem/heur|mdpt |vars |cons |rows |cuts |sepa|confs|strbr|  dualbound   | primalbound  |  gap   | compl. 
  733s| 32400 |   296 |  7087k| 194.9 |   297M |  38 |1101 |1436 |2534 | 125k|  2 |9058 |  30 | 0.000000e+00 |      --      |    Inf |  21.55%
  735s| 32500 |   301 |  7101k| 194.8 |   298M |  38 |1101 |1437 |2742 | 125k|  2 |9066 |  30 | 0.000000e+00 |      --      |    Inf |  21.65%
  736s| 32600 |   293 |  7111k| 194.5 |   298M |  38 |1101 |1437 |2590 | 125k|  2 |9077 |  30 | 0.000000e+00 |      --      |    Inf |  21.67%
  738s| 32700 |   305 |  7128k| 194.5 |   298M |  39 |1101 |1436 |2842 | 126k|  2 |9096 |  30 | 0.000000e+00 |      --      |    Inf |  21.70%
  741s| 32800 |   319 |  7144k| 194.3 |   298M |  39 |1101 |1436 |2754 | 126k|  2 |9129 |  30 | 0.000000e+00 |      --      |    Inf |  21.70%
  743s| 32900 |   319 |  7160k| 194.3 |   298M |  39 |1101 |1436 |2745 | 126k|  0 |9168 |  30 | 0.000000e+00 |      --      |    Inf |  21.70%
  744s| 33000 |   320 |  7172k| 194.0 |   298M |  39 |1101 |1436 |2763 | 126k|  2 |9195 |  30 | 0.000000e+00 |      --      |    Inf |  21.70%
  745s| 33100 |   318 |  7182k| 193.8 |   298M |  39 |1101 |1437 |2789 | 126k|  0 |9222 |  30 | 0.000000e+00 |      --      |    Inf |  21.70%
  748s| 33200 |   315 |  7199k| 193.7 |   298M |  39 |1101 |1437 |2546 | 126k|  0 |9245 |  30 | 0.000000e+00 |      --      |    Inf |  21.70%
  749s| 33300 |   322 |  7212k| 193.6 |   298M |  39 |1101 |1437 |2614 | 127k|  0 |9266 |  30 | 0.000000e+00 |      --      |    Inf |  21.70%
  751s| 33400 |   318 |  7227k| 193.5 |   298M |  39 |1101 |1437 |2757 | 127k|  0 |9296 |  30 | 0.000000e+00 |      --      |    Inf |  21.70%
  753s| 33500 |   305 |  7244k| 193.4 |   298M |  39 |1101 |1437 |2729 | 127k|  1 |9330 |  30 | 0.000000e+00 |      --      |    Inf |  21.70%
  754s| 33600 |   314 |  7258k| 193.3 |   298M |  39 |1101 |1437 |2775 | 127k|  2 |9360 |  30 | 0.000000e+00 |      --      |    Inf |  21.70%
  756s| 33700 |   300 |  7273k| 193.1 |   298M |  39 |1101 |1437 |2872 | 127k|  0 |9380 |  30 | 0.000000e+00 |      --      |    Inf |  21.70%
  758s| 33800 |   298 |  7287k| 193.0 |   298M |  39 |1101 |1437 |2444 | 128k|  1 |9403 |  30 | 0.000000e+00 |      --      |    Inf |  21.78%
 time | node  | left  |LP iter|LP it/n|mem/heur|mdpt |vars |cons |rows |cuts |sepa|confs|strbr|  dualbound   | primalbound  |  gap   | compl. 
  761s| 33900 |   300 |  7308k| 193.0 |   298M |  39 |1101 |1437 |2440 | 128k|  0 |9435 |  30 | 0.000000e+00 |      --      |    Inf |  21.78%
  764s| 34000 |   295 |  7332k| 193.2 |   298M |  39 |1101 |1437 |2330 | 129k|  1 |9463 |  30 | 0.000000e+00 |      --      |    Inf |  21.86%
  765s| 34100 |   290 |  7341k| 192.9 |   298M |  39 |1101 |1437 |2513 | 129k|  1 |9475 |  30 | 0.000000e+00 |      --      |    Inf |  21.98%
  767s| 34200 |   299 |  7358k| 192.8 |   298M |  39 |1101 |1438 |2492 | 129k|  2 |9486 |  30 | 0.000000e+00 |      --      |    Inf |  22.01%
  770s| 34300 |   316 |  7378k| 192.8 |   298M |  39 |1101 |1439 |   0 | 130k|  0 |9496 |  30 | 0.000000e+00 |      --      |    Inf |  22.02%
  771s| 34400 |   311 |  7393k| 192.7 |   298M |  39 |1101 |1439 |2511 | 131k|  2 |9502 |  30 | 0.000000e+00 |      --      |    Inf |  22.02%
  774s| 34500 |   309 |  7415k| 192.8 |   298M |  39 |1101 |1438 |2515 | 132k|  2 |9507 |  30 | 0.000000e+00 |      --      |    Inf |  22.02%
  776s| 34600 |   303 |  7435k| 192.8 |   298M |  39 |1101 |1438 |2669 | 132k|  2 |9517 |  30 | 0.000000e+00 |      --      |    Inf |  22.02%
  778s| 34700 |   296 |  7453k| 192.8 |   298M |  39 |1101 |1438 |2498 | 133k|  2 |9532 |  30 | 0.000000e+00 |      --      |    Inf |  22.05%
  780s| 34800 |   299 |  7473k| 192.8 |   298M |  39 |1101 |1438 |2488 | 133k|  2 |9561 |  30 | 0.000000e+00 |      --      |    Inf |  22.06%
  783s| 34900 |   310 |  7489k| 192.7 |   298M |  39 |1101 |1438 |   0 | 134k|  0 |9582 |  30 | 0.000000e+00 |      --      |    Inf |  22.07%
  785s| 35000 |   300 |  7511k| 192.8 |   298M |  39 |1101 |1437 |2501 | 134k|  2 |9597 |  30 | 0.000000e+00 |      --      |    Inf |  22.08%
  787s| 35100 |   321 |  7530k| 192.8 |   298M |  39 |1101 |1437 |2597 | 135k|  2 |9611 |  30 | 0.000000e+00 |      --      |    Inf |  22.08%
  789s| 35200 |   320 |  7548k| 192.7 |   298M |  39 |1101 |1437 |2632 | 135k|  2 |9613 |  30 | 0.000000e+00 |      --      |    Inf |  22.08%
  791s| 35300 |   311 |  7563k| 192.6 |   298M |  39 |1101 |1438 |2532 | 136k|  2 |9623 |  30 | 0.000000e+00 |      --      |    Inf |  22.08%
 time | node  | left  |LP iter|LP it/n|mem/heur|mdpt |vars |cons |rows |cuts |sepa|confs|strbr|  dualbound   | primalbound  |  gap   | compl. 
  793s| 35400 |   295 |  7582k| 192.6 |   298M |  39 |1101 |1438 |2388 | 136k|  1 |9653 |  30 | 0.000000e+00 |      --      |    Inf |  22.09%
  796s| 35500 |   303 |  7612k| 192.9 |   298M |  39 |1101 |1440 |   0 | 137k|  0 |9674 |  30 | 0.000000e+00 |      --      |    Inf |  22.09%
  799s| 35600 |   308 |  7633k| 192.9 |   298M |  39 |1101 |1439 |2456 | 138k|  1 |9684 |  30 | 0.000000e+00 |      --      |    Inf |  22.09%
  801s| 35700 |   299 |  7649k| 192.9 |   298M |  39 |1101 |1439 |2490 | 139k|  2 |9709 |  30 | 0.000000e+00 |      --      |    Inf |  22.10%
  804s| 35800 |   291 |  7669k| 192.9 |   298M |  39 |1101 |1439 |   0 | 139k|  0 |9758 |  30 | 0.000000e+00 |      --      |    Inf |  22.10%
  807s| 35900 |   296 |  7684k| 192.8 |   299M |  39 |1101 |1438 |2508 | 140k|  0 |9778 |  30 | 0.000000e+00 |      --      |    Inf |  22.11%
  812s| 36000 |   288 |  7705k| 192.8 |   299M |  39 |1101 |1438 |2450 | 140k|  0 |9807 |  30 | 0.000000e+00 |      --      |    Inf |  22.11%
  816s| 36100 |   319 |  7722k| 192.8 |   299M |  39 |1101 |1436 |2536 | 141k|  2 |9820 |  30 | 0.000000e+00 |      --      |    Inf |  22.12%
  820s| 36200 |   332 |  7735k| 192.6 |   299M |  39 |1101 |1437 |2551 | 142k|  2 |9827 |  30 | 0.000000e+00 |      --      |    Inf |  22.12%
  822s| 36300 |   321 |  7748k| 192.5 |   299M |  39 |1101 |1437 |2545 | 142k|  2 |9849 |  30 | 0.000000e+00 |      --      |    Inf |  22.12%
  823s| 36400 |   323 |  7759k| 192.2 |   299M |  39 |1101 |1439 |2560 | 142k|  2 |9871 |  30 | 0.000000e+00 |      --      |    Inf |  22.12%
  824s| 36500 |   331 |  7773k| 192.1 |   299M |  39 |1101 |1438 |2560 | 143k|  2 |9884 |  30 | 0.000000e+00 |      --      |    Inf |  22.12%
  826s| 36600 |   323 |  7788k| 192.0 |   299M |  39 |1101 |1438 |   0 | 143k|  0 |9910 |  30 | 0.000000e+00 |      --      |    Inf |  22.13%
  828s| 36700 |   303 |  7805k| 192.0 |   299M |  39 |1101 |1438 |2592 | 144k|  2 |9930 |  30 | 0.000000e+00 |      --      |    Inf |  22.13%
  830s| 36800 |   301 |  7818k| 191.8 |   299M |  39 |1101 |1438 |2477 | 144k|  0 |9950 |  30 | 0.000000e+00 |      --      |    Inf |  22.13%
 time | node  | left  |LP iter|LP it/n|mem/heur|mdpt |vars |cons |rows |cuts |sepa|confs|strbr|  dualbound   | primalbound  |  gap   | compl. 
  831s| 36900 |   305 |  7836k| 191.8 |   299M |  39 |1101 |1435 |2445 | 144k|  2 |9972 |  30 | 0.000000e+00 |      --      |    Inf |  22.13%
  833s| 37000 |   294 |  7851k| 191.7 |   299M |  39 |1101 |1435 |2575 | 145k|  2 |9982 |  30 | 0.000000e+00 |      --      |    Inf |  22.21%
  836s| 37100 |   295 |  7878k| 191.9 |   299M |  39 |1101 |1435 |2639 | 145k|  2 |  10k|  30 | 0.000000e+00 |      --      |    Inf |  22.25%
  838s| 37200 |   296 |  7897k| 191.9 |   299M |  39 |1101 |1434 |2672 | 146k|  2 |  10k|  30 | 0.000000e+00 |      --      |    Inf |  22.26%
  840s| 37300 |   290 |  7916k| 191.9 |   299M |  39 |1101 |1434 |2429 | 146k|  1 |  10k|  30 | 0.000000e+00 |      --      |    Inf |  22.26%
  842s| 37400 |   303 |  7932k| 191.8 |   299M |  39 |1101 |1434 |   0 | 146k|  0 |  10k|  30 | 0.000000e+00 |      --      |    Inf |  22.34%
  843s| 37500 |   307 |  7942k| 191.6 |   299M |  39 |1101 |1434 |2409 | 146k|  2 |  10k|  30 | 0.000000e+00 |      --      |    Inf |  22.34%
  845s| 37600 |   305 |  7959k| 191.5 |   299M |  39 |1101 |1434 |2450 | 147k|  2 |  10k|  30 | 0.000000e+00 |      --      |    Inf |  22.34%
  846s| 37700 |   302 |  7973k| 191.4 |   299M |  39 |1101 |1435 |   0 | 147k|  0 |  10k|  30 | 0.000000e+00 |      --      |    Inf |  22.34%
  848s| 37800 |   293 |  7988k| 191.3 |   299M |  39 |1101 |1436 |2407 | 147k|  2 |  10k|  30 | 0.000000e+00 |      --      |    Inf |  22.34%
  849s| 37900 |   294 |  7998k| 191.1 |   299M |  39 |1101 |1437 |2467 | 148k|  2 |  10k|  30 | 0.000000e+00 |      --      |    Inf |  22.34%
  850s| 38000 |   295 |  8005k| 190.8 |   299M |  39 |1101 |1438 |   0 | 148k|  0 |  10k|  30 | 0.000000e+00 |      --      |    Inf |  22.34%
  852s| 38100 |   303 |  8014k| 190.5 |   299M |  39 |1101 |1438 |2432 | 148k|  2 |  10k|  30 | 0.000000e+00 |      --      |    Inf |  22.34%
  854s| 38200 |   290 |  8032k| 190.5 |   299M |  39 |1101 |1438 |2685 | 149k|  0 |  10k|  30 | 0.000000e+00 |      --      |    Inf |  22.34%
  857s| 38300 |   286 |  8061k| 190.7 |   299M |  39 |1101 |1438 |2628 | 149k|  0 |  10k|  30 | 0.000000e+00 |      --      |    Inf |  22.34%
 time | node  | left  |LP iter|LP it/n|mem/heur|mdpt |vars |cons |rows |cuts |sepa|confs|strbr|  dualbound   | primalbound  |  gap   | compl. 
  860s| 38400 |   285 |  8087k| 190.9 |   299M |  39 |1101 |1438 |2696 | 150k|  0 |  10k|  30 | 0.000000e+00 |      --      |    Inf |  22.34%
  864s| 38500 |   299 |  8121k| 191.3 |   300M |  39 |1101 |1437 |2492 | 151k|  2 |  10k|  30 | 0.000000e+00 |      --      |    Inf |  22.39%
  869s| 38600 |   321 |  8165k| 191.9 |   301M |  39 |1101 |1438 |   0 | 152k|  0 |  10k|  30 | 0.000000e+00 |      --      |    Inf |  22.57%
  874s| 38700 |   317 |  8204k| 192.3 |   302M |  39 |1101 |1438 |2758 | 153k|  2 |  10k|  30 | 0.000000e+00 |      --      |    Inf |  22.59%
  878s| 38800 |   309 |  8247k| 192.9 |   302M |  39 |1101 |1440 |2945 | 153k|  1 |  10k|  30 | 0.000000e+00 |      --      |    Inf |  22.67%
  883s| 38900 |   302 |  8282k| 193.2 |   302M |  39 |1101 |1441 |2941 | 154k|  0 |  10k|  30 | 0.000000e+00 |      --      |    Inf |  22.78%
  887s| 39000 |   299 |  8320k| 193.7 |   302M |  39 |1101 |1440 |2783 | 154k|  2 |  10k|  30 | 0.000000e+00 |      --      |    Inf |  22.82%
  894s| 39100 |   322 |  8363k| 194.2 |   303M |  39 |1101 |1439 |2448 | 155k|  2 |  10k|  30 | 0.000000e+00 |      --      |    Inf |  23.10%
  898s| 39200 |   318 |  8399k| 194.6 |   303M |  39 |1101 |1439 |2384 | 156k|  2 |  10k|  30 | 0.000000e+00 |      --      |    Inf |  23.19%
  901s| 39300 |   311 |  8428k| 194.8 |   303M |  39 |1101 |1443 |2453 | 157k|  2 |  10k|  30 | 0.000000e+00 |      --      |    Inf |  23.19%
  906s| 39400 |   314 |  8473k| 195.4 |   304M |  39 |1101 |1443 |2512 | 158k|  0 |  10k|  30 | 0.000000e+00 |      --      |    Inf |  23.92%
  911s| 39500 |   321 |  8513k| 195.9 |   304M |  39 |1101 |1442 |2607 | 159k|  0 |  10k|  30 | 0.000000e+00 |      --      |    Inf |  23.97%
  915s| 39600 |   319 |  8553k| 196.4 |   304M |  39 |1101 |1442 |2602 | 160k|  2 |  10k|  30 | 0.000000e+00 |      --      |    Inf |  23.97%
  918s| 39700 |   322 |  8577k| 196.4 |   304M |  39 |1101 |1442 |2399 | 160k|  0 |  10k|  30 | 0.000000e+00 |      --      |    Inf |  23.97%
  921s| 39800 |   326 |  8595k| 196.4 |   305M |  39 |1101 |1436 |2558 | 160k|  2 |  10k|  30 | 0.000000e+00 |      --      |    Inf |  23.97%
 time | node  | left  |LP iter|LP it/n|mem/heur|mdpt |vars |cons |rows |cuts |sepa|confs|strbr|  dualbound   | primalbound  |  gap   | compl. 
  922s| 39900 |   323 |  8609k| 196.3 |   305M |  39 |1101 |1436 |2530 | 161k|  2 |  10k|  30 | 0.000000e+00 |      --      |    Inf |  23.97%
  924s| 40000 |   323 |  8621k| 196.1 |   306M |  39 |1101 |1436 |   0 | 161k|  0 |  10k|  30 | 0.000000e+00 |      --      |    Inf |  24.00%
  925s| 40100 |   319 |  8631k| 195.9 |   306M |  39 |1101 |1438 |2419 | 161k|  2 |  10k|  30 | 0.000000e+00 |      --      |    Inf |  24.11%
  927s| 40200 |   314 |  8645k| 195.8 |   306M |  39 |1101 |1438 |   0 | 161k|  0 |  10k|  30 | 0.000000e+00 |      --      |    Inf |  24.24%
  929s| 40300 |   308 |  8662k| 195.7 |   306M |  39 |1101 |1438 |2993 | 162k|  0 |  10k|  30 | 0.000000e+00 |      --      |    Inf |  24.32%
  932s| 40400 |   320 |  8677k| 195.6 |   306M |  39 |1101 |1438 |2589 | 162k|  0 |  10k|  30 | 0.000000e+00 |      --      |    Inf |  24.32%
  934s| 40500 |   327 |  8696k| 195.6 |   306M |  39 |1101 |1437 |   0 | 162k|  0 |  10k|  30 | 0.000000e+00 |      --      |    Inf |  24.35%
  936s| 40600 |   333 |  8715k| 195.6 |   306M |  39 |1101 |1436 |2423 | 163k|  2 |  10k|  30 | 0.000000e+00 |      --      |    Inf |  24.36%
  939s| 40700 |   343 |  8734k| 195.6 |   306M |  39 |1101 |1436 |2454 | 163k|  0 |  10k|  30 | 0.000000e+00 |      --      |    Inf |  24.41%
  941s| 40800 |   347 |  8748k| 195.5 |   306M |  39 |1101 |1436 |2383 | 164k|  1 |  10k|  30 | 0.000000e+00 |      --      |    Inf |  24.41%
  943s| 40900 |   329 |  8768k| 195.5 |   306M |  39 |1101 |1436 |2581 | 164k|  0 |  10k|  30 | 0.000000e+00 |      --      |    Inf |  24.45%
  946s| 41000 |   344 |  8787k| 195.5 |   306M |  39 |1101 |1437 |2665 | 165k|  1 |  10k|  30 | 0.000000e+00 |      --      |    Inf |  24.45%
  948s| 41100 |   372 |  8803k| 195.4 |   306M |  39 |1101 |1438 |2675 | 165k|  0 |  10k|  30 | 0.000000e+00 |      --      |    Inf |  24.45%
  949s| 41200 |   372 |  8816k| 195.2 |   306M |  39 |1101 |1438 |   0 | 165k|  0 |  10k|  30 | 0.000000e+00 |      --      |    Inf |  24.46%
  951s| 41300 |   372 |  8829k| 195.1 |   306M |  39 |1101 |1440 |2711 | 165k|  1 |  10k|  30 | 0.000000e+00 |      --      |    Inf |  24.46%
 time | node  | left  |LP iter|LP it/n|mem/heur|mdpt |vars |cons |rows |cuts |sepa|confs|strbr|  dualbound   | primalbound  |  gap   | compl. 
  953s| 41400 |   380 |  8841k| 194.9 |   306M |  39 |1101 |1442 |2705 | 165k|  2 |  11k|  30 | 0.000000e+00 |      --      |    Inf |  24.46%
  954s| 41500 |   377 |  8853k| 194.7 |   306M |  39 |1101 |1442 |2735 | 165k|  1 |  11k|  30 | 0.000000e+00 |      --      |    Inf |  24.46%
  956s| 41600 |   370 |  8864k| 194.6 |   306M |  39 |1101 |1442 |2670 | 166k|  1 |  11k|  30 | 0.000000e+00 |      --      |    Inf |  24.46%
  958s| 41700 |   374 |  8880k| 194.5 |   306M |  39 |1101 |1442 |2690 | 166k|  0 |  11k|  30 | 0.000000e+00 |      --      |    Inf |  24.46%
  959s| 41800 |   379 |  8889k| 194.3 |   306M |  39 |1101 |1441 |2670 | 166k|  1 |  11k|  30 | 0.000000e+00 |      --      |    Inf |  24.47%
  961s| 41900 |   371 |  8903k| 194.1 |   306M |  39 |1101 |1440 |2649 | 166k|  2 |  11k|  30 | 0.000000e+00 |      --      |    Inf |  24.47%
  962s| 42000 |   371 |  8917k| 194.0 |   306M |  39 |1101 |1440 |2685 | 166k|  2 |  11k|  30 | 0.000000e+00 |      --      |    Inf |  24.47%
  964s| 42100 |   374 |  8936k| 194.0 |   306M |  39 |1101 |1440 |2694 | 166k|  1 |  11k|  30 | 0.000000e+00 |      --      |    Inf |  24.47%
  966s| 42200 |   369 |  8949k| 193.9 |   306M |  39 |1101 |1440 |2687 | 167k|  2 |  11k|  30 | 0.000000e+00 |      --      |    Inf |  24.48%
  968s| 42300 |   378 |  8965k| 193.8 |   306M |  39 |1101 |1439 |2387 | 167k|  2 |  11k|  30 | 0.000000e+00 |      --      |    Inf |  24.49%
  970s| 42400 |   382 |  8984k| 193.8 |   306M |  39 |1101 |1439 |2422 | 167k|  0 |  11k|  30 | 0.000000e+00 |      --      |    Inf |  24.50%
  972s| 42500 |   379 |  9002k| 193.8 |   306M |  39 |1101 |1438 |2459 | 167k|  0 |  11k|  30 | 0.000000e+00 |      --      |    Inf |  24.50%
  974s| 42600 |   380 |  9019k| 193.7 |   306M |  39 |1101 |1438 |2413 | 168k|  2 |  11k|  30 | 0.000000e+00 |      --      |    Inf |  24.50%
  976s| 42700 |   373 |  9036k| 193.7 |   306M |  39 |1101 |1439 |2427 | 168k|  0 |  11k|  30 | 0.000000e+00 |      --      |    Inf |  24.50%
  978s| 42800 |   358 |  9052k| 193.6 |   306M |  39 |1101 |1439 |2761 | 168k|  0 |  11k|  30 | 0.000000e+00 |      --      |    Inf |  24.50%
 time | node  | left  |LP iter|LP it/n|mem/heur|mdpt |vars |cons |rows |cuts |sepa|confs|strbr|  dualbound   | primalbound  |  gap   | compl. 
  980s| 42900 |   359 |  9068k| 193.5 |   306M |  39 |1101 |1439 |2419 | 169k|  2 |  11k|  30 | 0.000000e+00 |      --      |    Inf |  24.50%
  982s| 43000 |   350 |  9085k| 193.5 |   306M |  39 |1101 |1439 |2437 | 169k|  2 |  11k|  30 | 0.000000e+00 |      --      |    Inf |  24.51%
  985s| 43100 |   343 |  9105k| 193.5 |   306M |  39 |1101 |1440 |2439 | 169k|  0 |  11k|  30 | 0.000000e+00 |      --      |    Inf |  24.51%
  987s| 43200 |   341 |  9122k| 193.4 |   306M |  39 |1101 |1440 |2717 | 170k|  0 |  11k|  30 | 0.000000e+00 |      --      |    Inf |  24.52%
  988s| 43300 |   343 |  9137k| 193.3 |   306M |  39 |1101 |1440 |2728 | 170k|  1 |  11k|  30 | 0.000000e+00 |      --      |    Inf |  24.52%
  991s| 43400 |   345 |  9153k| 193.3 |   306M |  39 |1101 |1440 |2761 | 170k|  2 |  11k|  30 | 0.000000e+00 |      --      |    Inf |  24.52%
  993s| 43500 |   343 |  9174k| 193.3 |   306M |  39 |1101 |1439 |2761 | 170k|  1 |  11k|  30 | 0.000000e+00 |      --      |    Inf |  24.52%
  995s| 43600 |   331 |  9193k| 193.3 |   306M |  39 |1101 |1436 |2553 | 170k|  2 |  11k|  30 | 0.000000e+00 |      --      |    Inf |  24.53%
  997s| 43700 |   346 |  9207k| 193.2 |   306M |  39 |1101 |1436 |2579 | 170k|  1 |  11k|  30 | 0.000000e+00 |      --      |    Inf |  24.53%
  999s| 43800 |   341 |  9226k| 193.2 |   306M |  39 |1101 |1436 |2724 | 170k|  0 |  11k|  30 | 0.000000e+00 |      --      |    Inf |  24.53%
 1002s| 43900 |   333 |  9246k| 193.2 |   306M |  39 |1101 |1436 |2882 | 171k|  0 |  11k|  30 | 0.000000e+00 |      --      |    Inf |  24.53%
 1004s| 44000 |   332 |  9261k| 193.1 |   306M |  39 |1101 |1437 |2862 | 171k|  2 |  11k|  30 | 0.000000e+00 |      --      |    Inf |  24.53%
 1005s| 44100 |   351 |  9267k| 192.8 |   306M |  39 |1101 |1436 |   0 | 171k|  0 |  11k|  30 | 0.000000e+00 |      --      |    Inf |  24.58%
 1005s| 44200 |   339 |  9272k| 192.5 |   306M |  39 |1101 |1434 |2396 | 171k|  2 |  11k|  30 | 0.000000e+00 |      --      |    Inf |  24.64%
 1006s| 44300 |   342 |  9280k| 192.3 |   306M |  39 |1101 |1435 |2350 | 171k|  2 |  11k|  30 | 0.000000e+00 |      --      |    Inf |  24.66%
 time | node  | left  |LP iter|LP it/n|mem/heur|mdpt |vars |cons |rows |cuts |sepa|confs|strbr|  dualbound   | primalbound  |  gap   | compl. 
 1007s| 44400 |   351 |  9287k| 192.0 |   306M |  39 |1101 |1435 |   0 | 172k|  0 |  11k|  30 | 0.000000e+00 |      --      |    Inf |  24.69%
 1008s| 44500 |   344 |  9293k| 191.8 |   306M |  39 |1101 |1434 |2344 | 172k|  2 |  11k|  30 | 0.000000e+00 |      --      |    Inf |  24.79%
 1009s| 44600 |   340 |  9297k| 191.5 |   306M |  39 |1101 |1435 |   0 | 172k|  0 |  11k|  30 | 0.000000e+00 |      --      |    Inf |  24.84%
 1010s| 44700 |   348 |  9304k| 191.2 |   306M |  39 |1101 |1436 |   0 | 172k|  0 |  11k|  30 | 0.000000e+00 |      --      |    Inf |  24.90%
 1011s| 44800 |   350 |  9310k| 190.9 |   306M |  39 |1101 |1435 |2343 | 172k|  0 |  11k|  30 | 0.000000e+00 |      --      |    Inf |  24.98%
 1011s| 44900 |   352 |  9313k| 190.6 |   306M |  39 |1101 |1435 |2333 | 173k|  1 |  11k|  30 | 0.000000e+00 |      --      |    Inf |  25.03%
 1013s| 45000 |   348 |  9326k| 190.5 |   306M |  39 |1101 |1435 |2445 | 173k|  0 |  11k|  30 | 0.000000e+00 |      --      |    Inf |  25.22%
 1014s| 45100 |   365 |  9341k| 190.4 |   306M |  39 |1101 |1434 |2556 | 173k|  2 |  11k|  30 | 0.000000e+00 |      --      |    Inf |  25.22%
 1016s| 45200 |   369 |  9352k| 190.2 |   306M |  39 |1101 |1433 |2431 | 174k|  2 |  11k|  30 | 0.000000e+00 |      --      |    Inf |  25.22%
 1018s| 45300 |   377 |  9370k| 190.2 |   306M |  39 |1101 |1434 |2447 | 174k|  2 |  11k|  30 | 0.000000e+00 |      --      |    Inf |  25.22%
 1019s| 45400 |   375 |  9384k| 190.1 |   306M |  39 |1101 |1435 |2438 | 175k|  2 |  11k|  30 | 0.000000e+00 |      --      |    Inf |  25.22%
 1021s| 45500 |   384 |  9401k| 190.1 |   306M |  39 |1101 |1434 |   0 | 176k|  0 |  12k|  30 | 0.000000e+00 |      --      |    Inf |  25.22%
 1023s| 45600 |   374 |  9415k| 190.0 |   306M |  39 |1101 |1434 |2432 | 176k|  2 |  12k|  30 | 0.000000e+00 |      --      |    Inf |  25.23%
 1024s| 45700 |   388 |  9427k| 189.8 |   307M |  39 |1101 |1433 |2478 | 177k|  2 |  12k|  30 | 0.000000e+00 |      --      |    Inf |  25.23%
 1026s| 45800 |   377 |  9440k| 189.7 |   307M |  39 |1101 |1433 |2526 | 177k|  1 |  12k|  30 | 0.000000e+00 |      --      |    Inf |  25.23%
 time | node  | left  |LP iter|LP it/n|mem/heur|mdpt |vars |cons |rows |cuts |sepa|confs|strbr|  dualbound   | primalbound  |  gap   | compl. 
 1027s| 45900 |   373 |  9452k| 189.6 |   307M |  39 |1101 |1433 |2434 | 177k|  0 |  12k|  30 | 0.000000e+00 |      --      |    Inf |  25.23%
 1029s| 46000 |   368 |  9467k| 189.5 |   307M |  39 |1101 |1434 |   0 | 178k|  0 |  12k|  30 | 0.000000e+00 |      --      |    Inf |  25.23%
 1030s| 46100 |   363 |  9478k| 189.3 |   307M |  39 |1101 |1434 |2560 | 178k|  0 |  12k|  30 | 0.000000e+00 |      --      |    Inf |  25.23%
 1032s| 46200 |   375 |  9499k| 189.4 |   307M |  39 |1101 |1434 |   0 | 179k|  0 |  12k|  30 | 0.000000e+00 |      --      |    Inf |  25.23%
 1034s| 46300 |   379 |  9513k| 189.3 |   307M |  39 |1101 |1434 |   0 | 179k|  0 |  12k|  30 | 0.000000e+00 |      --      |    Inf |  25.23%
 1036s| 46400 |   374 |  9532k| 189.3 |   307M |  39 |1101 |1434 |2551 | 180k|  0 |  12k|  30 | 0.000000e+00 |      --      |    Inf |  25.23%
 1038s| 46500 |   391 |  9546k| 189.2 |   307M |  39 |1101 |1434 |2584 | 180k|  2 |  12k|  30 | 0.000000e+00 |      --      |    Inf |  25.23%
 1039s| 46600 |   386 |  9558k| 189.1 |   307M |  39 |1101 |1433 |2567 | 180k|  1 |  12k|  30 | 0.000000e+00 |      --      |    Inf |  25.23%
 1041s| 46700 |   412 |  9575k| 189.0 |   307M |  39 |1101 |1432 |2573 | 181k|  1 |  12k|  30 | 0.000000e+00 |      --      |    Inf |  25.23%
 1042s| 46800 |   404 |  9584k| 188.8 |   307M |  39 |1101 |1434 |2569 | 181k|  2 |  12k|  30 | 0.000000e+00 |      --      |    Inf |  25.23%
 1043s| 46900 |   394 |  9594k| 188.6 |   307M |  39 |1101 |1435 |   0 | 181k|  0 |  12k|  30 | 0.000000e+00 |      --      |    Inf |  25.23%
 1044s| 47000 |   381 |  9604k| 188.5 |   307M |  39 |1101 |1436 |2572 | 181k|  0 |  12k|  30 | 0.000000e+00 |      --      |    Inf |  25.23%
 1046s| 47100 |   386 |  9618k| 188.4 |   307M |  39 |1101 |1437 |   0 | 181k|  0 |  12k|  30 | 0.000000e+00 |      --      |    Inf |  25.23%
 1050s| 47200 |   383 |  9659k| 188.8 |   307M |  39 |1101 |1434 |2716 | 183k|  2 |  12k|  30 | 0.000000e+00 |      --      |    Inf |  25.23%
 1053s| 47300 |   370 |  9683k| 188.9 |   307M |  39 |1101 |1434 |   0 | 184k|  0 |  12k|  30 | 0.000000e+00 |      --      |    Inf |  25.24%
 time | node  | left  |LP iter|LP it/n|mem/heur|mdpt |vars |cons |rows |cuts |sepa|confs|strbr|  dualbound   | primalbound  |  gap   | compl. 
 1056s| 47400 |   359 |  9706k| 189.0 |   307M |  39 |1101 |1435 |2423 | 185k|  2 |  12k|  30 | 0.000000e+00 |      --      |    Inf |  25.24%
 1058s| 47500 |   353 |  9731k| 189.1 |   307M |  39 |1101 |1435 |   0 | 186k|  0 |  12k|  30 | 0.000000e+00 |      --      |    Inf |  25.24%
 1063s| 47600 |   352 |  9769k| 189.5 |   307M |  39 |1101 |1434 |2995 | 186k|  0 |  12k|  30 | 0.000000e+00 |      --      |    Inf |  25.66%
 1068s| 47700 |   358 |  9806k| 189.8 |   307M |  39 |1101 |1434 |2605 | 187k|  0 |  12k|  30 | 0.000000e+00 |      --      |    Inf |  25.67%
 1071s| 47800 |   350 |  9833k| 190.0 |   307M |  39 |1101 |1435 |2488 | 188k|  0 |  12k|  30 | 0.000000e+00 |      --      |    Inf |  25.67%
 1075s| 47900 |   345 |  9867k| 190.3 |   308M |  39 |1101 |1434 |2599 | 189k|  2 |  12k|  30 | 0.000000e+00 |      --      |    Inf |  25.77%
 1079s| 48000 |   351 |  9903k| 190.6 |   308M |  39 |1101 |1431 |2931 | 190k|  2 |  12k|  30 | 0.000000e+00 |      --      |    Inf |  25.88%
 1083s| 48100 |   351 |  9935k| 190.8 |   308M |  39 |1101 |1430 |2873 | 191k|  2 |  12k|  30 | 0.000000e+00 |      --      |    Inf |  26.03%
 1086s| 48200 |   354 |  9965k| 191.1 |   308M |  39 |1101 |1431 |2868 | 192k|  2 |  12k|  30 | 0.000000e+00 |      --      |    Inf |  26.08%
 1089s| 48300 |   347 |  9989k| 191.1 |   308M |  39 |1101 |1434 |   0 | 192k|  0 |  12k|  30 | 0.000000e+00 |      --      |    Inf |  26.08%
 1090s| 48400 |   342 | 10007k| 191.1 |   308M |  39 |1101 |1433 |2716 | 193k|  2 |  12k|  30 | 0.000000e+00 |      --      |    Inf |  26.29%
 1093s| 48500 |   353 | 10027k| 191.1 |   308M |  39 |1101 |1431 |2778 | 193k|  1 |  12k|  30 | 0.000000e+00 |      --      |    Inf |  26.29%
 1095s| 48600 |   345 | 10048k| 191.2 |   308M |  39 |1101 |1430 |2787 | 193k|  0 |  12k|  30 | 0.000000e+00 |      --      |    Inf |  26.29%
 1097s| 48700 |   341 | 10062k| 191.1 |   308M |  39 |1101 |1430 |2765 | 193k|  0 |  12k|  30 | 0.000000e+00 |      --      |    Inf |  26.29%
 1099s| 48800 |   358 | 10081k| 191.1 |   308M |  39 |1101 |1430 |2754 | 193k|  0 |  12k|  30 | 0.000000e+00 |      --      |    Inf |  26.29%
 time | node  | left  |LP iter|LP it/n|mem/heur|mdpt |vars |cons |rows |cuts |sepa|confs|strbr|  dualbound   | primalbound  |  gap   | compl. 
 1102s| 48900 |   344 | 10108k| 191.2 |   308M |  39 |1101 |1430 |2771 | 194k|  2 |  12k|  30 | 0.000000e+00 |      --      |    Inf |  26.30%
 1107s| 49000 |   345 | 10153k| 191.7 |   308M |  39 |1101 |1430 |2811 | 195k|  0 |  12k|  30 | 0.000000e+00 |      --      |    Inf |  26.30%
 1110s| 49100 |   341 | 10186k| 192.0 |   309M |  39 |1101 |1430 |2635 | 195k|  0 |  12k|  30 | 0.000000e+00 |      --      |    Inf |  26.43%
 1113s| 49200 |   335 | 10211k| 192.1 |   309M |  39 |1101 |1430 |2376 | 196k|  2 |  12k|  30 | 0.000000e+00 |      --      |    Inf |  26.52%
 1115s| 49300 |   346 | 10228k| 192.0 |   309M |  39 |1101 |1430 |2708 | 197k|  0 |  12k|  30 | 0.000000e+00 |      --      |    Inf |  26.53%
 1118s| 49400 |   347 | 10258k| 192.2 |   309M |  39 |1101 |1430 |2798 | 198k|  0 |  12k|  30 | 0.000000e+00 |      --      |    Inf |  26.53%
 1122s| 49500 |   342 | 10301k| 192.7 |   309M |  39 |1101 |1430 |2729 | 198k|  2 |  12k|  30 | 0.000000e+00 |      --      |    Inf |  26.53%
 1126s| 49600 |   349 | 10344k| 193.1 |   309M |  39 |1101 |1430 |2692 | 199k|  2 |  12k|  30 | 0.000000e+00 |      --      |    Inf |  26.55%
 1130s| 49700 |   357 | 10390k| 193.6 |   309M |  39 |1101 |1430 |2818 | 200k|  0 |  12k|  30 | 0.000000e+00 |      --      |    Inf |  26.56%
 1134s| 49800 |   360 | 10432k| 194.1 |   309M |  39 |1101 |1430 |2893 | 200k|  0 |  12k|  30 | 0.000000e+00 |      --      |    Inf |  26.56%
 1138s| 49900 |   358 | 10471k| 194.4 |   309M |  39 |1101 |1431 |2938 | 201k|  2 |  12k|  30 | 0.000000e+00 |      --      |    Inf |  26.56%
 1143s| 50000 |   363 | 10517k| 194.9 |   309M |  39 |1101 |1430 |2896 | 202k|  2 |  12k|  30 | 0.000000e+00 |      --      |    Inf |  26.56%
 1147s| 50100 |   374 | 10561k| 195.4 |   309M |  39 |1101 |1430 |2922 | 202k|  0 |  13k|  30 | 0.000000e+00 |      --      |    Inf |  26.56%
 1151s| 50200 |   376 | 10599k| 195.7 |   309M |  39 |1101 |1430 |3010 | 203k|  0 |  13k|  30 | 0.000000e+00 |      --      |    Inf |  26.56%
 1156s| 50300 |   376 | 10652k| 196.3 |   309M |  39 |1101 |1430 |3063 | 203k|  1 |  13k|  30 | 0.000000e+00 |      --      |    Inf |  26.56%
 time | node  | left  |LP iter|LP it/n|mem/heur|mdpt |vars |cons |rows |cuts |sepa|confs|strbr|  dualbound   | primalbound  |  gap   | compl. 
 1161s| 50400 |   364 | 10693k| 196.7 |   309M |  39 |1101 |1430 |2931 | 204k|  0 |  13k|  30 | 0.000000e+00 |      --      |    Inf |  26.56%
 1165s| 50500 |   365 | 10739k| 197.2 |   309M |  39 |1101 |1430 |3133 | 204k|  0 |  13k|  30 | 0.000000e+00 |      --      |    Inf |  26.57%
 1170s| 50600 |   353 | 10783k| 197.6 |   309M |  39 |1101 |1430 |2857 | 205k|  2 |  13k|  30 | 0.000000e+00 |      --      |    Inf |  26.57%
 1173s| 50700 |   355 | 10820k| 198.0 |   309M |  39 |1101 |1430 |2946 | 205k|  0 |  13k|  30 | 0.000000e+00 |      --      |    Inf |  26.57%
 1177s| 50800 |   351 | 10853k| 198.2 |   309M |  39 |1101 |1430 |2955 | 205k|  1 |  13k|  30 | 0.000000e+00 |      --      |    Inf |  26.57%
 1180s| 50900 |   343 | 10886k| 198.4 |   309M |  39 |1101 |1430 |2908 | 205k|  2 |  13k|  30 | 0.000000e+00 |      --      |    Inf |  26.57%
 1183s| 51000 |   356 | 10923k| 198.7 |   309M |  39 |1101 |1431 |2864 | 206k|  0 |  13k|  30 | 0.000000e+00 |      --      |    Inf |  26.57%
 1186s| 51100 |   349 | 10956k| 199.0 |   309M |  39 |1101 |1431 |   0 | 206k|  0 |  13k|  30 | 0.000000e+00 |      --      |    Inf |  26.57%
 1190s| 51200 |   347 | 10993k| 199.3 |   309M |  39 |1101 |1431 |2889 | 207k|  0 |  13k|  30 | 0.000000e+00 |      --      |    Inf |  26.57%
 1194s| 51300 |   345 | 11032k| 199.7 |   309M |  39 |1101 |1431 |2927 | 207k|  2 |  13k|  30 | 0.000000e+00 |      --      |    Inf |  26.57%
 1199s| 51400 |   344 | 11076k| 200.1 |   309M |  39 |1101 |1431 |2905 | 208k|  2 |  13k|  30 | 0.000000e+00 |      --      |    Inf |  26.57%
 1203s| 51500 |   347 | 11124k| 200.6 |   309M |  39 |1101 |1431 |2879 | 209k|  2 |  13k|  30 | 0.000000e+00 |      --      |    Inf |  26.57%
 1207s| 51600 |   346 | 11160k| 200.9 |   309M |  39 |1101 |1431 |2906 | 209k|  0 |  13k|  30 | 0.000000e+00 |      --      |    Inf |  26.57%
 1210s| 51700 |   349 | 11192k| 201.1 |   309M |  39 |1101 |1431 |2959 | 209k|  2 |  13k|  30 | 0.000000e+00 |      --      |    Inf |  26.57%
 1216s| 51800 |   344 | 11250k| 201.8 |   309M |  39 |1101 |1431 |3133 | 210k|  0 |  13k|  30 | 0.000000e+00 |      --      |    Inf |  26.57%
 time | node  | left  |LP iter|LP it/n|mem/heur|mdpt |vars |cons |rows |cuts |sepa|confs|strbr|  dualbound   | primalbound  |  gap   | compl. 
 1221s| 51900 |   352 | 11298k| 202.3 |   309M |  39 |1101 |1431 |2711 | 211k|  2 |  13k|  30 | 0.000000e+00 |      --      |    Inf |  26.57%
 1225s| 52000 |   350 | 11349k| 202.8 |   309M |  39 |1101 |1430 |2617 | 212k|  2 |  13k|  30 | 0.000000e+00 |      --      |    Inf |  26.57%
 1230s| 52100 |   350 | 11399k| 203.3 |   309M |  39 |1101 |1430 |   0 | 214k|  0 |  13k|  30 | 0.000000e+00 |      --      |    Inf |  26.57%
 1234s| 52200 |   343 | 11438k| 203.7 |   309M |  39 |1101 |1430 |3185 | 214k|  2 |  13k|  30 | 0.000000e+00 |      --      |    Inf |  26.57%
 1236s| 52300 |   370 | 11466k| 203.8 |   309M |  39 |1101 |1430 |   0 | 215k|  0 |  13k|  30 | 0.000000e+00 |      --      |    Inf |  26.58%
 1239s| 52400 |   354 | 11493k| 203.9 |   309M |  39 |1101 |1430 |2461 | 215k|  0 |  13k|  30 | 0.000000e+00 |      --      |    Inf |  26.58%
 1243s| 52500 |   376 | 11522k| 204.1 |   309M |  39 |1101 |1430 |   0 | 216k|  0 |  13k|  30 | 0.000000e+00 |      --      |    Inf |  26.58%
 1245s| 52600 |   377 | 11543k| 204.1 |   309M |  39 |1101 |1430 |2501 | 217k|  2 |  13k|  30 | 0.000000e+00 |      --      |    Inf |  26.58%
 1248s| 52700 |   363 | 11568k| 204.2 |   309M |  39 |1101 |1430 |2470 | 218k|  2 |  13k|  30 | 0.000000e+00 |      --      |    Inf |  26.58%
 1250s| 52800 |   360 | 11589k| 204.2 |   309M |  39 |1101 |1430 |   0 | 219k|  0 |  13k|  30 | 0.000000e+00 |      --      |    Inf |  26.58%
 1252s| 52900 |   349 | 11616k| 204.3 |   309M |  39 |1101 |1430 |2527 | 220k|  2 |  13k|  30 | 0.000000e+00 |      --      |    Inf |  26.58%
 1257s| 53000 |   343 | 11668k| 204.8 |   309M |  39 |1101 |1431 |   0 | 221k|  0 |  13k|  30 | 0.000000e+00 |      --      |    Inf |  26.59%
 1261s| 53100 |   352 | 11703k| 205.1 |   309M |  39 |1101 |1431 |2521 | 222k|  2 |  13k|  30 | 0.000000e+00 |      --      |    Inf |  26.60%
 1264s| 53200 |   351 | 11736k| 205.3 |   309M |  39 |1101 |1431 |2682 | 222k|  2 |  13k|  30 | 0.000000e+00 |      --      |    Inf |  26.63%
 1267s| 53300 |   344 | 11773k| 205.6 |   309M |  39 |1101 |1431 |2765 | 223k|  0 |  13k|  30 | 0.000000e+00 |      --      |    Inf |  26.64%
 time | node  | left  |LP iter|LP it/n|mem/heur|mdpt |vars |cons |rows |cuts |sepa|confs|strbr|  dualbound   | primalbound  |  gap   | compl. 
 1270s| 53400 |   350 | 11810k| 205.9 |   309M |  39 |1101 |1432 |2771 | 224k|  1 |  13k|  30 | 0.000000e+00 |      --      |    Inf |  26.65%
 1274s| 53500 |   342 | 11846k| 206.2 |   309M |  39 |1101 |1432 |2738 | 224k|  0 |  13k|  30 | 0.000000e+00 |      --      |    Inf |  26.65%
 1277s| 53600 |   357 | 11880k| 206.4 |   309M |  39 |1101 |1431 |2434 | 225k|  2 |  13k|  30 | 0.000000e+00 |      --      |    Inf |  26.66%
 1280s| 53700 |   365 | 11918k| 206.7 |   309M |  39 |1101 |1431 |2502 | 226k|  0 |  13k|  30 | 0.000000e+00 |      --      |    Inf |  26.66%
 1283s| 53800 |   370 | 11956k| 207.0 |   309M |  39 |1101 |1431 |2494 | 227k|  2 |  13k|  30 | 0.000000e+00 |      --      |    Inf |  26.66%
 1286s| 53900 |   353 | 11991k| 207.3 |   309M |  39 |1101 |1431 |2728 | 228k|  2 |  13k|  30 | 0.000000e+00 |      --      |    Inf |  26.69%
 1290s| 54000 |   358 | 12031k| 207.6 |   309M |  39 |1101 |1431 |2486 | 228k|  2 |  14k|  30 | 0.000000e+00 |      --      |    Inf |  26.69%
 1293s| 54100 |   364 | 12066k| 207.8 |   309M |  39 |1101 |1431 |2684 | 229k|  2 |  14k|  30 | 0.000000e+00 |      --      |    Inf |  26.69%
 1297s| 54200 |   352 | 12108k| 208.2 |   309M |  39 |1101 |1431 |2552 | 230k|  2 |  14k|  30 | 0.000000e+00 |      --      |    Inf |  26.69%
 1300s| 54300 |   352 | 12142k| 208.4 |   309M |  39 |1101 |1431 |2731 | 231k|  0 |  14k|  30 | 0.000000e+00 |      --      |    Inf |  26.69%
 1304s| 54400 |   344 | 12179k| 208.7 |   309M |  39 |1101 |1431 |2338 | 231k|  0 |  14k|  30 | 0.000000e+00 |      --      |    Inf |  26.70%
 1307s| 54500 |   358 | 12218k| 209.0 |   309M |  39 |1101 |1431 |2770 | 232k|  0 |  14k|  30 | 0.000000e+00 |      --      |    Inf |  26.75%
 1311s| 54600 |   372 | 12259k| 209.4 |   309M |  39 |1101 |1431 |2426 | 233k|  2 |  14k|  30 | 0.000000e+00 |      --      |    Inf |  26.75%
 1315s| 54700 |   377 | 12300k| 209.7 |   309M |  39 |1101 |1431 |2458 | 234k|  2 |  14k|  30 | 0.000000e+00 |      --      |    Inf |  26.76%
 1319s| 54800 |   379 | 12340k| 210.0 |   309M |  39 |1101 |1431 |2591 | 235k|  0 |  14k|  30 | 0.000000e+00 |      --      |    Inf |  26.76%
 time | node  | left  |LP iter|LP it/n|mem/heur|mdpt |vars |cons |rows |cuts |sepa|confs|strbr|  dualbound   | primalbound  |  gap   | compl. 
 1322s| 54900 |   374 | 12370k| 210.2 |   309M |  39 |1101 |1430 |2558 | 235k|  0 |  14k|  30 | 0.000000e+00 |      --      |    Inf |  26.76%
 1326s| 55000 |   373 | 12410k| 210.5 |   309M |  39 |1101 |1430 |2835 | 236k|  0 |  14k|  30 | 0.000000e+00 |      --      |    Inf |  26.76%
 1329s| 55100 |   373 | 12441k| 210.7 |   310M |  39 |1101 |1431 |2479 | 236k|  2 |  14k|  30 | 0.000000e+00 |      --      |    Inf |  26.86%
 1333s| 55200 |   419 | 12483k| 211.0 |   311M |  39 |1101 |1429 |   0 | 238k|  0 |  14k|  30 | 0.000000e+00 |      --      |    Inf |  27.22%
 1337s| 55300 |   421 | 12531k| 211.5 |   311M |  39 |1101 |1429 |2603 | 240k|  2 |  14k|  30 | 0.000000e+00 |      --      |    Inf |  27.35%
 1342s| 55400 |   436 | 12579k| 211.9 |   312M |  39 |1101 |1429 |2455 | 241k|  2 |  14k|  30 | 0.000000e+00 |      --      |    Inf |  27.63%
 1347s| 55500 |   476 | 12626k| 212.4 |   314M |  39 |1101 |1429 |2592 | 243k|  2 |  14k|  30 | 0.000000e+00 |      --      |    Inf |  27.84%
 1352s| 55600 |   476 | 12677k| 212.9 |   314M |  39 |1101 |1429 |   0 | 244k|  0 |  14k|  30 | 0.000000e+00 |      --      |    Inf |  27.95%
 1355s| 55700 |   483 | 12713k| 213.1 |   314M |  39 |1101 |1429 |   0 | 245k|  0 |  14k|  30 | 0.000000e+00 |      --      |    Inf |  28.01%
 1358s| 55800 |   493 | 12744k| 213.3 |   314M |  39 |1101 |1429 |2731 | 246k|  2 |  14k|  30 | 0.000000e+00 |      --      |    Inf |  28.02%
 1362s| 55900 |   484 | 12784k| 213.6 |   314M |  39 |1101 |1429 |2978 | 246k|  2 |  14k|  30 | 0.000000e+00 |      --      |    Inf |  28.07%
 1366s| 56000 |   473 | 12823k| 213.9 |   314M |  39 |1101 |1429 |2891 | 247k|  2 |  14k|  30 | 0.000000e+00 |      --      |    Inf |  28.14%
 1370s| 56100 |   506 | 12864k| 214.2 |   315M |  39 |1101 |1429 |2512 | 248k|  0 |  14k|  30 | 0.000000e+00 |      --      |    Inf |  28.26%
 1373s| 56200 |   512 | 12901k| 214.5 |   315M |  39 |1101 |1429 |2655 | 249k|  0 |  14k|  30 | 0.000000e+00 |      --      |    Inf |  28.36%
 1377s| 56300 |   521 | 12937k| 214.7 |   316M |  39 |1101 |1429 |2711 | 250k|  0 |  14k|  30 | 0.000000e+00 |      --      |    Inf |  28.48%
 time | node  | left  |LP iter|LP it/n|mem/heur|mdpt |vars |cons |rows |cuts |sepa|confs|strbr|  dualbound   | primalbound  |  gap   | compl. 
 1381s| 56400 |   526 | 12983k| 215.1 |   317M |  39 |1101 |1429 |2779 | 251k|  2 |  14k|  30 | 0.000000e+00 |      --      |    Inf |  28.75%
 1386s| 56500 |   542 | 13031k| 215.6 |   318M |  39 |1101 |1429 |2545 | 253k|  2 |  14k|  30 | 0.000000e+00 |      --      |    Inf |  29.07%
 1388s| 56600 |   540 | 13054k| 215.6 |   318M |  39 |1101 |1429 |2561 | 254k|  0 |  14k|  30 | 0.000000e+00 |      --      |    Inf |  29.20%
 1390s| 56700 |   536 | 13087k| 215.8 |   318M |  39 |1101 |1429 |2713 | 254k|  2 |  14k|  30 | 0.000000e+00 |      --      |    Inf |  29.33%
 1395s| 56800 |   546 | 13130k| 216.1 |   319M |  39 |1101 |1429 |2636 | 255k|  0 |  14k|  30 | 0.000000e+00 |      --      |    Inf |  29.47%
 1398s| 56900 |   533 | 13173k| 216.5 |   319M |  39 |1101 |1429 |3047 | 256k|  0 |  14k|  30 | 0.000000e+00 |      --      |    Inf |  29.77%
 1402s| 57000 |   540 | 13207k| 216.7 |   319M |  39 |1101 |1429 |2580 | 257k|  0 |  14k|  30 | 0.000000e+00 |      --      |    Inf |  29.94%
 1406s| 57100 |   543 | 13248k| 217.0 |   319M |  39 |1101 |1430 |2673 | 258k|  0 |  14k|  30 | 0.000000e+00 |      --      |    Inf |  30.00%
 1410s| 57200 |   537 | 13290k| 217.3 |   319M |  39 |1101 |1430 |2397 | 259k|  2 |  14k|  30 | 0.000000e+00 |      --      |    Inf |  30.03%
 1413s| 57300 |   550 | 13323k| 217.5 |   319M |  39 |1101 |1430 |3126 | 259k|  2 |  14k|  30 | 0.000000e+00 |      --      |    Inf |  30.04%
 1416s| 57400 |   558 | 13353k| 217.6 |   319M |  39 |1101 |1430 |3151 | 260k|  2 |  14k|  30 | 0.000000e+00 |      --      |    Inf |  30.04%
 1420s| 57500 |   554 | 13395k| 218.0 |   319M |  39 |1101 |1431 |3221 | 260k|  0 |  14k|  30 | 0.000000e+00 |      --      |    Inf |  30.04%
 1424s| 57600 |   561 | 13435k| 218.3 |   319M |  39 |1101 |1431 |2441 | 261k|  2 |  14k|  30 | 0.000000e+00 |      --      |    Inf |  30.35%
 1429s| 57700 |   588 | 13476k| 218.6 |   320M |  39 |1101 |1430 |2771 | 262k|  2 |  14k|  30 | 0.000000e+00 |      --      |    Inf |  30.43%
 1434s| 57800 |   617 | 13526k| 219.0 |   320M |  39 |1101 |1429 |2935 | 264k|  0 |  14k|  30 | 0.000000e+00 |      --      |    Inf |  30.51%
 time | node  | left  |LP iter|LP it/n|mem/heur|mdpt |vars |cons |rows |cuts |sepa|confs|strbr|  dualbound   | primalbound  |  gap   | compl. 
 1438s| 57900 |   623 | 13570k| 219.4 |   320M |  39 |1101 |1428 |2653 | 265k|  2 |  15k|  30 | 0.000000e+00 |      --      |    Inf |  30.52%
 1443s| 58000 |   622 | 13613k| 219.7 |   320M |  39 |1101 |1425 |3331 | 265k|  0 |  15k|  30 | 0.000000e+00 |      --      |    Inf |  30.52%
 1447s| 58100 |   617 | 13660k| 220.1 |   320M |  39 |1101 |1425 |   0 | 266k|  0 |  15k|  30 | 0.000000e+00 |      --      |    Inf |  30.54%
 1452s| 58200 |   621 | 13705k| 220.5 |   321M |  39 |1101 |1425 |2583 | 267k|  0 |  15k|  30 | 0.000000e+00 |      --      |    Inf |  30.74%
 1455s| 58300 |   628 | 13739k| 220.7 |   321M |  39 |1101 |1424 |2741 | 268k|  2 |  15k|  30 | 0.000000e+00 |      --      |    Inf |  30.79%
 1459s| 58400 |   640 | 13774k| 220.9 |   321M |  39 |1101 |1423 |   0 | 268k|  0 |  15k|  30 | 0.000000e+00 |      --      |    Inf |  30.83%
 1461s| 58500 |   656 | 13800k| 221.0 |   321M |  39 |1101 |1423 |2926 | 269k|  1 |  15k|  30 | 0.000000e+00 |      --      |    Inf |  30.83%
 1464s| 58600 |   654 | 13824k| 221.0 |   321M |  39 |1101 |1423 |   0 | 269k|  0 |  15k|  30 | 0.000000e+00 |      --      |    Inf |  30.83%
 1466s| 58700 |   656 | 13847k| 221.0 |   321M |  39 |1101 |1423 |2846 | 270k|  2 |  15k|  30 | 0.000000e+00 |      --      |    Inf |  30.83%
 1468s| 58800 |   644 | 13871k| 221.0 |   321M |  39 |1101 |1423 |2717 | 270k|  0 |  15k|  30 | 0.000000e+00 |      --      |    Inf |  30.84%
 1471s| 58900 |   652 | 13902k| 221.2 |   321M |  39 |1101 |1423 |2832 | 271k|  0 |  15k|  30 | 0.000000e+00 |      --      |    Inf |  30.84%
 1474s| 59000 |   640 | 13932k| 221.3 |   321M |  39 |1101 |1423 |   0 | 271k|  0 |  15k|  30 | 0.000000e+00 |      --      |    Inf |  30.84%
 1477s| 59100 |   634 | 13959k| 221.4 |   321M |  39 |1101 |1424 |2771 | 272k|  2 |  15k|  30 | 0.000000e+00 |      --      |    Inf |  30.85%
 1480s| 59200 |   640 | 13988k| 221.5 |   321M |  39 |1101 |1424 |2943 | 272k|  2 |  15k|  30 | 0.000000e+00 |      --      |    Inf |  30.85%
 1483s| 59300 |   635 | 14019k| 221.6 |   321M |  39 |1101 |1424 |2757 | 273k|  2 |  15k|  30 | 0.000000e+00 |      --      |    Inf |  30.85%
 time | node  | left  |LP iter|LP it/n|mem/heur|mdpt |vars |cons |rows |cuts |sepa|confs|strbr|  dualbound   | primalbound  |  gap   | compl. 
 1486s| 59400 |   632 | 14043k| 221.7 |   321M |  39 |1101 |1424 |   0 | 273k|  0 |  15k|  30 | 0.000000e+00 |      --      |    Inf |  30.86%
 1488s| 59500 |   633 | 14065k| 221.6 |   321M |  39 |1101 |1424 |2963 | 274k|  0 |  15k|  30 | 0.000000e+00 |      --      |    Inf |  30.86%
 1491s| 59600 |   624 | 14093k| 221.7 |   321M |  39 |1101 |1424 |2294 | 274k|  2 |  15k|  30 | 0.000000e+00 |      --      |    Inf |  30.90%
 1496s| 59700 |   634 | 14136k| 222.1 |   322M |  39 |1101 |1424 |2521 | 275k|  0 |  15k|  30 | 0.000000e+00 |      --      |    Inf |  31.07%
 1499s| 59800 |   638 | 14168k| 222.2 |   322M |  39 |1101 |1425 |2478 | 276k|  2 |  15k|  30 | 0.000000e+00 |      --      |    Inf |  31.17%
 1503s| 59900 |   629 | 14204k| 222.4 |   322M |  39 |1101 |1425 |2526 | 277k|  2 |  15k|  30 | 0.000000e+00 |      --      |    Inf |  31.23%
 1507s| 60000 |   631 | 14245k| 222.7 |   322M |  39 |1101 |1425 |2848 | 278k|  0 |  15k|  30 | 0.000000e+00 |      --      |    Inf |  31.28%
 1510s| 60100 |   638 | 14274k| 222.8 |   322M |  39 |1101 |1425 |2675 | 279k|  2 |  15k|  30 | 0.000000e+00 |      --      |    Inf |  31.67%
 1513s| 60200 |   648 | 14309k| 223.0 |   322M |  39 |1101 |1424 |2439 | 280k|  0 |  15k|  30 | 0.000000e+00 |      --      |    Inf |  31.68%
 1517s| 60300 |   645 | 14345k| 223.3 |   322M |  39 |1101 |1424 |   0 | 281k|  0 |  15k|  30 | 0.000000e+00 |      --      |    Inf |  31.68%
 1523s| 60400 |   642 | 14381k| 223.5 |   322M |  39 |1101 |1425 |   0 | 282k|  0 |  15k|  30 | 0.000000e+00 |      --      |    Inf |  31.68%
 1530s| 60500 |   647 | 14421k| 223.7 |   322M |  39 |1101 |1426 |2559 | 283k|  2 |  15k|  30 | 0.000000e+00 |      --      |    Inf |  31.68%
 1538s| 60600 |   644 | 14461k| 224.0 |   322M |  39 |1101 |1425 |2596 | 284k|  2 |  15k|  30 | 0.000000e+00 |      --      |    Inf |  31.68%
 1546s| 60700 |   649 | 14499k| 224.2 |   322M |  39 |1101 |1425 |2666 | 285k|  0 |  15k|  30 | 0.000000e+00 |      --      |    Inf |  31.68%
 1550s| 60800 |   636 | 14536k| 224.5 |   322M |  39 |1101 |1425 |2519 | 286k|  2 |  15k|  30 | 0.000000e+00 |      --      |    Inf |  31.73%
 time | node  | left  |LP iter|LP it/n|mem/heur|mdpt |vars |cons |rows |cuts |sepa|confs|strbr|  dualbound   | primalbound  |  gap   | compl. 
 1553s| 60900 |   644 | 14575k| 224.7 |   323M |  39 |1101 |1425 |2777 | 286k|  0 |  15k|  30 | 0.000000e+00 |      --      |    Inf |  31.78%
 1555s| 61000 |   643 | 14602k| 224.8 |   323M |  39 |1101 |1424 |2638 | 287k|  2 |  15k|  30 | 0.000000e+00 |      --      |    Inf |  31.79%
 1558s| 61100 |   645 | 14636k| 225.0 |   324M |  39 |1101 |1424 |2635 | 287k|  0 |  15k|  30 | 0.000000e+00 |      --      |    Inf |  31.79%
 1561s| 61200 |   651 | 14672k| 225.2 |   324M |  39 |1101 |1424 |   0 | 288k|  0 |  15k|  30 | 0.000000e+00 |      --      |    Inf |  31.79%
 1564s| 61300 |   653 | 14712k| 225.5 |   324M |  39 |1101 |1424 |2807 | 289k|  0 |  15k|  30 | 0.000000e+00 |      --      |    Inf |  31.79%
 1568s| 61400 |   652 | 14759k| 225.8 |   324M |  39 |1101 |1424 |2820 | 290k|  0 |  15k|  30 | 0.000000e+00 |      --      |    Inf |  31.79%
 1571s| 61500 |   658 | 14790k| 226.0 |   324M |  39 |1101 |1424 |2367 | 291k|  2 |  15k|  30 | 0.000000e+00 |      --      |    Inf |  31.80%
 1573s| 61600 |   655 | 14819k| 226.1 |   324M |  39 |1101 |1424 |2502 | 292k|  2 |  15k|  30 | 0.000000e+00 |      --      |    Inf |  31.80%
 1575s| 61700 |   656 | 14845k| 226.1 |   324M |  39 |1101 |1424 |2437 | 293k|  2 |  15k|  30 | 0.000000e+00 |      --      |    Inf |  31.80%
 1578s| 61800 |   651 | 14873k| 226.2 |   324M |  39 |1101 |1424 |2339 | 293k|  2 |  15k|  30 | 0.000000e+00 |      --      |    Inf |  31.80%
 1580s| 61900 |   655 | 14903k| 226.3 |   324M |  39 |1101 |1424 |2743 | 294k|  2 |  15k|  30 | 0.000000e+00 |      --      |    Inf |  31.80%
 1583s| 62000 |   661 | 14940k| 226.5 |   324M |  39 |1101 |1424 |2582 | 296k|  2 |  15k|  30 | 0.000000e+00 |      --      |    Inf |  31.80%
 1586s| 62100 |   664 | 14974k| 226.7 |   324M |  39 |1101 |1425 |2567 | 297k|  2 |  15k|  30 | 0.000000e+00 |      --      |    Inf |  31.80%
 1588s| 62200 |   668 | 15005k| 226.8 |   324M |  39 |1101 |1427 |2578 | 299k|  0 |  15k|  30 | 0.000000e+00 |      --      |    Inf |  31.80%
 1590s| 62300 |   666 | 15033k| 226.9 |   324M |  39 |1101 |1426 |   0 | 300k|  0 |  15k|  30 | 0.000000e+00 |      --      |    Inf |  31.80%
 time | node  | left  |LP iter|LP it/n|mem/heur|mdpt |vars |cons |rows |cuts |sepa|confs|strbr|  dualbound   | primalbound  |  gap   | compl. 
 1593s| 62400 |   651 | 15065k| 227.0 |   324M |  39 |1101 |1427 |2465 | 301k|  0 |  15k|  30 | 0.000000e+00 |      --      |    Inf |  31.80%
 1595s| 62500 |   666 | 15090k| 227.1 |   324M |  39 |1101 |1428 |2585 | 302k|  2 |  15k|  30 | 0.000000e+00 |      --      |    Inf |  31.80%
 1598s| 62600 |   675 | 15118k| 227.1 |   324M |  39 |1101 |1427 |2617 | 303k|  2 |  15k|  30 | 0.000000e+00 |      --      |    Inf |  31.80%
 1600s| 62700 |   666 | 15139k| 227.1 |   324M |  39 |1101 |1427 |2659 | 304k|  0 |  15k|  30 | 0.000000e+00 |      --      |    Inf |  31.80%
 1603s| 62800 |   673 | 15170k| 227.3 |   324M |  39 |1101 |1428 |2591 | 306k|  2 |  15k|  30 | 0.000000e+00 |      --      |    Inf |  31.80%
 1605s| 62900 |   667 | 15194k| 227.3 |   324M |  39 |1101 |1427 |2569 | 307k|  2 |  16k|  30 | 0.000000e+00 |      --      |    Inf |  31.80%
 1607s| 63000 |   655 | 15216k| 227.3 |   324M |  39 |1101 |1426 |2543 | 307k|  1 |  16k|  30 | 0.000000e+00 |      --      |    Inf |  31.80%
 1610s| 63100 |   663 | 15245k| 227.4 |   324M |  39 |1101 |1426 |2394 | 309k|  2 |  16k|  30 | 0.000000e+00 |      --      |    Inf |  31.80%
 1611s| 63200 |   657 | 15260k| 227.2 |   324M |  39 |1101 |1426 |   0 | 310k|  0 |  16k|  30 | 0.000000e+00 |      --      |    Inf |  31.80%
 1614s| 63300 |   651 | 15287k| 227.3 |   324M |  39 |1101 |1426 |2601 | 312k|  0 |  16k|  30 | 0.000000e+00 |      --      |    Inf |  31.81%
 1617s| 63400 |   654 | 15324k| 227.5 |   324M |  39 |1101 |1426 |2571 | 313k|  2 |  16k|  30 | 0.000000e+00 |      --      |    Inf |  31.83%
 1620s| 63500 |   656 | 15356k| 227.7 |   324M |  39 |1101 |1426 |2663 | 313k|  2 |  16k|  30 | 0.000000e+00 |      --      |    Inf |  31.83%
 1623s| 63600 |   650 | 15390k| 227.8 |   324M |  39 |1101 |1425 |2518 | 314k|  0 |  16k|  30 | 0.000000e+00 |      --      |    Inf |  31.84%
 1627s| 63700 |   653 | 15431k| 228.1 |   324M |  39 |1101 |1424 |2548 | 315k|  0 |  16k|  30 | 0.000000e+00 |      --      |    Inf |  31.85%
 1631s| 63800 |   659 | 15479k| 228.5 |   324M |  39 |1101 |1423 |2572 | 315k|  1 |  16k|  30 | 0.000000e+00 |      --      |    Inf |  31.85%
 time | node  | left  |LP iter|LP it/n|mem/heur|mdpt |vars |cons |rows |cuts |sepa|confs|strbr|  dualbound   | primalbound  |  gap   | compl. 
 1635s| 63900 |   648 | 15523k| 228.8 |   324M |  39 |1101 |1422 |2891 | 316k|  3 |  16k|  30 | 0.000000e+00 |      --      |    Inf |  31.85%
 1638s| 64000 |   642 | 15553k| 228.9 |   324M |  39 |1101 |1422 |2714 | 316k|  2 |  16k|  30 | 0.000000e+00 |      --      |    Inf |  31.89%
 1641s| 64100 |   643 | 15588k| 229.1 |   324M |  39 |1101 |1422 |2418 | 317k|  0 |  16k|  30 | 0.000000e+00 |      --      |    Inf |  32.00%
 1644s| 64200 |   649 | 15615k| 229.1 |   324M |  39 |1101 |1422 |2474 | 318k|  0 |  16k|  30 | 0.000000e+00 |      --      |    Inf |  32.00%
 1646s| 64300 |   651 | 15642k| 229.2 |   324M |  39 |1101 |1421 |2514 | 318k|  2 |  16k|  30 | 0.000000e+00 |      --      |    Inf |  32.00%
 1649s| 64400 |   645 | 15673k| 229.3 |   324M |  39 |1101 |1421 |2804 | 319k|  0 |  16k|  30 | 0.000000e+00 |      --      |    Inf |  32.00%
 1652s| 64500 |   635 | 15702k| 229.4 |   324M |  39 |1101 |1422 |2607 | 320k|  2 |  16k|  30 | 0.000000e+00 |      --      |    Inf |  32.03%
 1655s| 64600 |   647 | 15731k| 229.5 |   324M |  39 |1101 |1423 |2511 | 320k|  0 |  16k|  30 | 0.000000e+00 |      --      |    Inf |  32.10%
 1658s| 64700 |   650 | 15766k| 229.6 |   325M |  39 |1101 |1423 |2760 | 321k|  0 |  16k|  30 | 0.000000e+00 |      --      |    Inf |  32.14%
 1661s| 64800 |   653 | 15795k| 229.7 |   325M |  39 |1101 |1423 |2909 | 321k|  0 |  16k|  30 | 0.000000e+00 |      --      |    Inf |  32.17%
 1664s| 64900 |   645 | 15830k| 229.9 |   325M |  39 |1101 |1423 |   0 | 322k|  0 |  16k|  30 | 0.000000e+00 |      --      |    Inf |  32.20%
 1668s| 65000 |   663 | 15863k| 230.0 |   327M |  39 |1101 |1422 |2887 | 323k|  0 |  16k|  30 | 0.000000e+00 |      --      |    Inf |  32.46%
 1671s| 65100 |   665 | 15893k| 230.2 |   327M |  39 |1101 |1422 |3000 | 323k|  0 |  16k|  30 | 0.000000e+00 |      --      |    Inf |  32.47%
 1674s| 65200 |   654 | 15927k| 230.3 |   327M |  39 |1101 |1422 |2710 | 324k|  2 |  16k|  30 | 0.000000e+00 |      --      |    Inf |  32.52%
 1677s| 65300 |   666 | 15959k| 230.4 |   328M |  39 |1101 |1422 |2910 | 324k|  0 |  16k|  30 | 0.000000e+00 |      --      |    Inf |  32.74%
 time | node  | left  |LP iter|LP it/n|mem/heur|mdpt |vars |cons |rows |cuts |sepa|confs|strbr|  dualbound   | primalbound  |  gap   | compl. 
 1681s| 65400 |   684 | 15996k| 230.6 |   331M |  39 |1101 |1421 |2841 | 325k|  2 |  16k|  30 | 0.000000e+00 |      --      |    Inf |  32.87%
 1685s| 65500 |   697 | 16034k| 230.9 |   332M |  39 |1101 |1421 |2933 | 326k|  2 |  16k|  30 | 0.000000e+00 |      --      |    Inf |  33.22%
 1690s| 65600 |   704 | 16074k| 231.1 |   334M |  39 |1101 |1421 |3063 | 326k|  2 |  16k|  30 | 0.000000e+00 |      --      |    Inf |  33.49%
 1693s| 65700 |   708 | 16103k| 231.2 |   334M |  39 |1101 |1422 |3209 | 327k|  0 |  16k|  30 | 0.000000e+00 |      --      |    Inf |  33.49%
 1695s| 65800 |   700 | 16133k| 231.3 |   334M |  39 |1101 |1422 |2939 | 327k|  2 |  16k|  30 | 0.000000e+00 |      --      |    Inf |  33.55%
 1699s| 65900 |   700 | 16171k| 231.5 |   334M |  39 |1101 |1422 |2750 | 327k|  2 |  16k|  30 | 0.000000e+00 |      --      |    Inf |  33.55%
 1704s| 66000 |   706 | 16221k| 231.9 |   334M |  39 |1101 |1422 |2897 | 328k|  0 |  16k|  30 | 0.000000e+00 |      --      |    Inf |  33.57%
 1710s| 66100 |   702 | 16277k| 232.3 |   334M |  39 |1101 |1422 |2773 | 329k|  2 |  16k|  30 | 0.000000e+00 |      --      |    Inf |  33.64%
 1711s| 66200 |   718 | 16298k| 232.3 |   334M |  39 |1101 |1422 |2361 | 330k|  2 |  16k|  30 | 0.000000e+00 |      --      |    Inf |  33.64%
 1713s| 66300 |   713 | 16318k| 232.3 |   334M |  39 |1101 |1422 |2429 | 330k|  1 |  16k|  30 | 0.000000e+00 |      --      |    Inf |  33.65%
 1715s| 66400 |   708 | 16342k| 232.3 |   334M |  39 |1101 |1422 |2463 | 331k|  0 |  16k|  30 | 0.000000e+00 |      --      |    Inf |  33.65%
 1718s| 66500 |   711 | 16373k| 232.4 |   334M |  39 |1101 |1422 |2416 | 332k|  0 |  16k|  30 | 0.000000e+00 |      --      |    Inf |  33.65%
 1721s| 66600 |   708 | 16406k| 232.5 |   334M |  39 |1101 |1422 |2751 | 332k|  0 |  16k|  30 | 0.000000e+00 |      --      |    Inf |  33.68%
 1723s| 66700 |   708 | 16438k| 232.7 |   334M |  39 |1101 |1422 |2777 | 333k|  2 |  16k|  30 | 0.000000e+00 |      --      |    Inf |  33.69%
 1727s| 66800 |   712 | 16475k| 232.8 |   334M |  39 |1101 |1422 |2822 | 333k|  2 |  17k|  30 | 0.000000e+00 |      --      |    Inf |  33.69%
 time | node  | left  |LP iter|LP it/n|mem/heur|mdpt |vars |cons |rows |cuts |sepa|confs|strbr|  dualbound   | primalbound  |  gap   | compl. 
 1730s| 66900 |   711 | 16508k| 233.0 |   334M |  39 |1101 |1422 |2848 | 334k|  2 |  17k|  30 | 0.000000e+00 |      --      |    Inf |  33.69%
 1734s| 67000 |   709 | 16549k| 233.2 |   334M |  39 |1101 |1422 |2715 | 335k|  2 |  17k|  30 | 0.000000e+00 |      --      |    Inf |  33.69%
 1737s| 67100 |   710 | 16588k| 233.5 |   334M |  39 |1101 |1422 |2765 | 335k|  2 |  17k|  30 | 0.000000e+00 |      --      |    Inf |  33.69%
 1741s| 67200 |   708 | 16629k| 233.7 |   334M |  39 |1101 |1422 |2727 | 336k|  0 |  17k|  30 | 0.000000e+00 |      --      |    Inf |  33.70%
 1744s| 67300 |   704 | 16666k| 233.9 |   334M |  39 |1101 |1422 |2921 | 337k|  0 |  17k|  30 | 0.000000e+00 |      --      |    Inf |  33.72%
 1748s| 67400 |   700 | 16702k| 234.1 |   335M |  39 |1101 |1422 |2480 | 337k|  2 |  17k|  30 | 0.000000e+00 |      --      |    Inf |  35.91%
 1751s| 67500 |   703 | 16733k| 234.2 |   335M |  39 |1101 |1421 |2327 | 338k|  2 |  17k|  30 | 0.000000e+00 |      --      |    Inf |  35.93%
 1752s| 67600 |   714 | 16755k| 234.2 |   335M |  39 |1101 |1421 |2527 | 338k|  2 |  17k|  30 | 0.000000e+00 |      --      |    Inf |  35.93%
 1755s| 67700 |   731 | 16783k| 234.2 |   335M |  39 |1101 |1421 |2653 | 339k|  1 |  17k|  30 | 0.000000e+00 |      --      |    Inf |  35.93%
 1758s| 67800 |   727 | 16813k| 234.3 |   335M |  39 |1101 |1421 |2649 | 339k|  3 |  17k|  30 | 0.000000e+00 |      --      |    Inf |  35.93%
 1760s| 67900 |   715 | 16840k| 234.4 |   335M |  39 |1101 |1421 |2335 | 340k|  0 |  17k|  30 | 0.000000e+00 |      --      |    Inf |  35.93%
 1763s| 68000 |   729 | 16868k| 234.4 |   335M |  39 |1101 |1421 |2334 | 340k|  0 |  17k|  30 | 0.000000e+00 |      --      |    Inf |  35.94%
 1765s| 68100 |   731 | 16897k| 234.5 |   335M |  39 |1101 |1421 |2454 | 341k|  2 |  17k|  30 | 0.000000e+00 |      --      |    Inf |  35.94%
 1767s| 68200 |   725 | 16921k| 234.5 |   335M |  39 |1101 |1421 |2532 | 341k|  0 |  17k|  30 | 0.000000e+00 |      --      |    Inf |  35.94%
 1770s| 68300 |   720 | 16954k| 234.6 |   335M |  39 |1101 |1421 |2940 | 342k|  0 |  17k|  30 | 0.000000e+00 |      --      |    Inf |  35.94%
 time | node  | left  |LP iter|LP it/n|mem/heur|mdpt |vars |cons |rows |cuts |sepa|confs|strbr|  dualbound   | primalbound  |  gap   | compl. 
 1773s| 68400 |   718 | 16983k| 234.7 |   335M |  39 |1101 |1421 |2839 | 342k|  2 |  17k|  30 | 0.000000e+00 |      --      |    Inf |  35.98%
 1776s| 68500 |   716 | 17013k| 234.8 |   335M |  39 |1101 |1422 |2808 | 343k|  2 |  17k|  30 | 0.000000e+00 |      --      |    Inf |  35.98%
 1779s| 68600 |   717 | 17044k| 234.9 |   335M |  39 |1101 |1421 |2780 | 343k|  2 |  17k|  30 | 0.000000e+00 |      --      |    Inf |  35.98%
 1783s| 68700 |   712 | 17077k| 235.0 |   335M |  39 |1101 |1422 |   0 | 344k|  0 |  17k|  30 | 0.000000e+00 |      --      |    Inf |  35.98%
 1785s| 68800 |   718 | 17107k| 235.1 |   335M |  39 |1101 |1423 |2783 | 344k|  0 |  17k|  30 | 0.000000e+00 |      --      |    Inf |  35.98%
 1788s| 68900 |   722 | 17136k| 235.2 |   335M |  39 |1101 |1422 |2903 | 345k|  2 |  17k|  30 | 0.000000e+00 |      --      |    Inf |  35.98%
 1790s| 69000 |   716 | 17157k| 235.2 |   335M |  39 |1101 |1422 |2770 | 345k|  2 |  17k|  30 | 0.000000e+00 |      --      |    Inf |  35.98%
 1793s| 69100 |   716 | 17180k| 235.2 |   335M |  39 |1101 |1422 |   0 | 346k|  0 |  17k|  30 | 0.000000e+00 |      --      |    Inf |  35.98%
 1796s| 69200 |   712 | 17214k| 235.3 |   335M |  39 |1101 |1423 |   0 | 347k|  0 |  17k|  30 | 0.000000e+00 |      --      |    Inf |  36.07%
 1799s| 69300 |   716 | 17244k| 235.4 |   335M |  39 |1101 |1422 |2840 | 347k|  0 |  17k|  30 | 0.000000e+00 |      --      |    Inf |  36.07%
 1802s| 69400 |   715 | 17275k| 235.5 |   335M |  39 |1101 |1422 |2876 | 348k|  2 |  17k|  30 | 0.000000e+00 |      --      |    Inf |  36.07%
 1806s| 69500 |   717 | 17321k| 235.8 |   335M |  39 |1101 |1423 |2910 | 348k|  2 |  17k|  30 | 0.000000e+00 |      --      |    Inf |  36.07%
 1810s| 69600 |   710 | 17360k| 236.0 |   335M |  39 |1101 |1422 |3292 | 348k|  0 |  17k|  30 | 0.000000e+00 |      --      |    Inf |  36.17%
 1815s| 69700 |   710 | 17401k| 236.3 |   335M |  39 |1101 |1422 |3138 | 349k|  0 |  17k|  30 | 0.000000e+00 |      --      |    Inf |  36.18%
 1817s| 69800 |   706 | 17430k| 236.3 |   335M |  39 |1101 |1421 |3209 | 349k|  0 |  17k|  30 | 0.000000e+00 |      --      |    Inf |  36.18%
 time | node  | left  |LP iter|LP it/n|mem/heur|mdpt |vars |cons |rows |cuts |sepa|confs|strbr|  dualbound   | primalbound  |  gap   | compl. 
 1820s| 69900 |   709 | 17459k| 236.4 |   335M |  39 |1101 |1421 |   0 | 349k|  0 |  17k|  30 | 0.000000e+00 |      --      |    Inf |  36.18%
 1823s| 70000 |   722 | 17490k| 236.5 |   335M |  39 |1101 |1421 |   0 | 350k|  0 |  17k|  30 | 0.000000e+00 |      --      |    Inf |  36.24%
 1826s| 70100 |   715 | 17516k| 236.5 |   335M |  39 |1101 |1423 |3150 | 350k|  0 |  17k|  30 | 0.000000e+00 |      --      |    Inf |  36.24%
 1829s| 70200 |   722 | 17548k| 236.7 |   335M |  39 |1101 |1423 |2455 | 351k|  2 |  17k|  30 | 0.000000e+00 |      --      |    Inf |  36.25%
 1831s| 70300 |   733 | 17581k| 236.8 |   335M |  39 |1101 |1422 |2462 | 352k|  0 |  17k|  30 | 0.000000e+00 |      --      |    Inf |  36.26%
 1834s| 70400 |   734 | 17614k| 236.9 |   335M |  39 |1101 |1422 |2523 | 353k|  2 |  17k|  30 | 0.000000e+00 |      --      |    Inf |  36.27%
 1837s| 70500 |   740 | 17642k| 237.0 |   335M |  39 |1101 |1422 |2513 | 354k|  2 |  17k|  30 | 0.000000e+00 |      --      |    Inf |  36.27%
 1839s| 70600 |   737 | 17669k| 237.0 |   335M |  39 |1101 |1422 |2517 | 354k|  0 |  17k|  30 | 0.000000e+00 |      --      |    Inf |  36.27%
 1841s| 70700 |   750 | 17694k| 237.0 |   335M |  39 |1101 |1422 |2557 | 355k|  0 |  17k|  30 | 0.000000e+00 |      --      |    Inf |  36.27%
 1844s| 70800 |   747 | 17720k| 237.0 |   335M |  39 |1101 |1423 |2634 | 355k|  2 |  17k|  30 | 0.000000e+00 |      --      |    Inf |  36.27%
 1846s| 70900 |   743 | 17750k| 237.1 |   335M |  39 |1101 |1422 |2558 | 356k|  2 |  17k|  30 | 0.000000e+00 |      --      |    Inf |  36.27%
 1849s| 71000 |   735 | 17781k| 237.2 |   335M |  39 |1101 |1422 |2676 | 356k|  0 |  17k|  30 | 0.000000e+00 |      --      |    Inf |  36.27%
 1851s| 71100 |   732 | 17804k| 237.2 |   335M |  39 |1101 |1422 |2729 | 357k|  2 |  17k|  30 | 0.000000e+00 |      --      |    Inf |  36.27%
 1855s| 71200 |   747 | 17840k| 237.4 |   335M |  39 |1101 |1422 |2524 | 358k|  2 |  17k|  30 | 0.000000e+00 |      --      |    Inf |  36.32%
 1857s| 71300 |   745 | 17870k| 237.5 |   335M |  39 |1101 |1422 |2952 | 358k|  0 |  17k|  30 | 0.000000e+00 |      --      |    Inf |  36.33%
 time | node  | left  |LP iter|LP it/n|mem/heur|mdpt |vars |cons |rows |cuts |sepa|confs|strbr|  dualbound   | primalbound  |  gap   | compl. 
 1861s| 71400 |   747 | 17905k| 237.6 |   335M |  39 |1101 |1422 |2984 | 359k|  0 |  18k|  30 | 0.000000e+00 |      --      |    Inf |  36.33%
 1864s| 71500 |   741 | 17934k| 237.7 |   336M |  39 |1101 |1422 |2899 | 359k|  2 |  18k|  30 | 0.000000e+00 |      --      |    Inf |  36.44%
 1867s| 71600 |   740 | 17969k| 237.8 |   336M |  39 |1101 |1422 |3150 | 359k|  0 |  18k|  30 | 0.000000e+00 |      --      |    Inf |  36.44%
 1869s| 71700 |   738 | 17995k| 237.9 |   336M |  39 |1101 |1422 |2381 | 360k|  0 |  18k|  30 | 0.000000e+00 |      --      |    Inf |  36.44%
 1872s| 71800 |   743 | 18033k| 238.0 |   336M |  39 |1101 |1422 |2591 | 361k|  2 |  18k|  30 | 0.000000e+00 |      --      |    Inf |  36.46%
 1876s| 71900 |   732 | 18073k| 238.3 |   336M |  39 |1101 |1422 |2701 | 361k|  0 |  18k|  30 | 0.000000e+00 |      --      |    Inf |  36.46%
 1879s| 72000 |   731 | 18104k| 238.4 |   336M |  39 |1101 |1422 |2870 | 362k|  2 |  18k|  30 | 0.000000e+00 |      --      |    Inf |  36.48%
 1883s| 72100 |   751 | 18140k| 238.5 |   338M |  39 |1101 |1423 |2852 | 363k|  1 |  18k|  30 | 0.000000e+00 |      --      |    Inf |  36.80%
 1886s| 72200 |   744 | 18181k| 238.7 |   338M |  39 |1101 |1423 |2500 | 364k|  2 |  18k|  30 | 0.000000e+00 |      --      |    Inf |  36.89%
 1890s| 72300 |   744 | 18218k| 238.9 |   338M |  39 |1101 |1423 |2959 | 364k|  0 |  18k|  30 | 0.000000e+00 |      --      |    Inf |  36.94%
 1893s| 72400 |   749 | 18253k| 239.1 |   339M |  39 |1101 |1423 |2622 | 365k|  2 |  18k|  30 | 0.000000e+00 |      --      |    Inf |  37.04%
 1895s| 72500 |   751 | 18276k| 239.1 |   339M |  39 |1101 |1424 |2533 | 366k|  2 |  18k|  30 | 0.000000e+00 |      --      |    Inf |  37.05%
 1898s| 72600 |   747 | 18306k| 239.1 |   340M |  39 |1101 |1424 |2718 | 366k|  0 |  18k|  30 | 0.000000e+00 |      --      |    Inf |  37.19%
 1902s| 72700 |   745 | 18349k| 239.4 |   340M |  39 |1101 |1423 |2670 | 367k|  2 |  18k|  30 | 0.000000e+00 |      --      |    Inf |  37.22%
 1905s| 72800 |   754 | 18379k| 239.5 |   340M |  39 |1101 |1424 |2911 | 367k|  2 |  18k|  30 | 0.000000e+00 |      --      |    Inf |  37.22%
 time | node  | left  |LP iter|LP it/n|mem/heur|mdpt |vars |cons |rows |cuts |sepa|confs|strbr|  dualbound   | primalbound  |  gap   | compl. 
 1908s| 72900 |   755 | 18412k| 239.6 |   340M |  39 |1101 |1424 |3008 | 368k|  0 |  18k|  30 | 0.000000e+00 |      --      |    Inf |  37.22%
 1911s| 73000 |   759 | 18439k| 239.6 |   340M |  39 |1101 |1424 |2976 | 368k|  0 |  18k|  30 | 0.000000e+00 |      --      |    Inf |  37.22%
 1914s| 73100 |   752 | 18473k| 239.7 |   340M |  39 |1101 |1424 |2923 | 368k|  2 |  18k|  30 | 0.000000e+00 |      --      |    Inf |  37.23%
 1916s| 73200 |   749 | 18494k| 239.7 |   340M |  39 |1101 |1425 |   0 | 369k|  0 |  18k|  30 | 0.000000e+00 |      --      |    Inf |  37.23%
 1919s| 73300 |   746 | 18520k| 239.7 |   340M |  39 |1101 |1424 |3050 | 370k|  2 |  18k|  30 | 0.000000e+00 |      --      |    Inf |  37.35%
 1922s| 73400 |   747 | 18554k| 239.9 |   340M |  39 |1101 |1424 |2533 | 370k|  0 |  18k|  30 | 0.000000e+00 |      --      |    Inf |  37.36%
 1924s| 73500 |   750 | 18582k| 239.9 |   340M |  39 |1101 |1425 |2794 | 371k|  2 |  18k|  30 | 0.000000e+00 |      --      |    Inf |  37.38%
 1927s| 73600 |   759 | 18611k| 240.0 |   341M |  39 |1101 |1425 |2680 | 372k|  0 |  18k|  30 | 0.000000e+00 |      --      |    Inf |  37.39%
 1930s| 73700 |   765 | 18644k| 240.1 |   341M |  39 |1101 |1424 |2688 | 373k|  0 |  18k|  30 | 0.000000e+00 |      --      |    Inf |  37.39%
 1933s| 73800 |   769 | 18677k| 240.2 |   341M |  39 |1101 |1424 |2633 | 373k|  2 |  18k|  30 | 0.000000e+00 |      --      |    Inf |  37.40%
 1937s| 73900 |   773 | 18717k| 240.4 |   341M |  39 |1101 |1424 |   0 | 374k|  0 |  18k|  30 | 0.000000e+00 |      --      |    Inf |  37.40%
 1939s| 74000 |   776 | 18743k| 240.4 |   341M |  39 |1101 |1424 |2830 | 375k|  0 |  18k|  30 | 0.000000e+00 |      --      |    Inf |  37.40%
 1941s| 74100 |   777 | 18769k| 240.5 |   341M |  39 |1101 |1424 |2668 | 375k|  2 |  18k|  30 | 0.000000e+00 |      --      |    Inf |  37.41%
 1945s| 74200 |   781 | 18805k| 240.6 |   341M |  39 |1101 |1424 |   0 | 376k|  0 |  18k|  30 | 0.000000e+00 |      --      |    Inf |  37.41%
 1947s| 74300 |   774 | 18827k| 240.6 |   341M |  39 |1101 |1424 |2723 | 377k|  2 |  18k|  30 | 0.000000e+00 |      --      |    Inf |  37.41%
 time | node  | left  |LP iter|LP it/n|mem/heur|mdpt |vars |cons |rows |cuts |sepa|confs|strbr|  dualbound   | primalbound  |  gap   | compl. 
 1950s| 74400 |   774 | 18863k| 240.7 |   341M |  39 |1101 |1424 |2693 | 378k|  2 |  18k|  30 | 0.000000e+00 |      --      |    Inf |  37.42%
 1953s| 74500 |   772 | 18895k| 240.9 |   341M |  39 |1101 |1424 |2675 | 378k|  2 |  18k|  30 | 0.000000e+00 |      --      |    Inf |  37.42%
 1957s| 74600 |   776 | 18937k| 241.1 |   341M |  39 |1101 |1424 |2646 | 379k|  2 |  18k|  30 | 0.000000e+00 |      --      |    Inf |  37.42%
 1960s| 74700 |   776 | 18977k| 241.3 |   341M |  39 |1101 |1424 |2707 | 380k|  0 |  18k|  30 | 0.000000e+00 |      --      |    Inf |  37.42%
 1963s| 74800 |   773 | 19014k| 241.4 |   341M |  39 |1101 |1424 |2790 | 380k|  2 |  18k|  30 | 0.000000e+00 |      --      |    Inf |  37.42%
 1967s| 74900 |   771 | 19052k| 241.6 |   341M |  39 |1101 |1424 |   0 | 381k|  0 |  18k|  30 | 0.000000e+00 |      --      |    Inf |  37.43%
 1970s| 75000 |   769 | 19086k| 241.7 |   341M |  39 |1101 |1424 |2852 | 381k|  2 |  18k|  30 | 0.000000e+00 |      --      |    Inf |  37.43%
 1973s| 75100 |   771 | 19114k| 241.8 |   341M |  39 |1101 |1424 |3159 | 382k|  0 |  18k|  30 | 0.000000e+00 |      --      |    Inf |  37.44%
 1976s| 75200 |   772 | 19145k| 241.9 |   341M |  39 |1101 |1424 |2925 | 382k|  0 |  18k|  30 | 0.000000e+00 |      --      |    Inf |  37.46%
 1979s| 75300 |   776 | 19181k| 242.0 |   342M |  39 |1101 |1424 |3130 | 382k|  0 |  18k|  30 | 0.000000e+00 |      --      |    Inf |  37.59%
 1983s| 75400 |   786 | 19219k| 242.2 |   344M |  39 |1101 |1424 |3125 | 383k|  2 |  18k|  30 | 0.000000e+00 |      --      |    Inf |  37.77%
 1987s| 75500 |   796 | 19256k| 242.4 |   345M |  39 |1101 |1425 |3179 | 383k|  2 |  18k|  30 | 0.000000e+00 |      --      |    Inf |  37.80%
 1991s| 75600 |   794 | 19301k| 242.6 |   345M |  39 |1101 |1425 |3218 | 383k|  2 |  18k|  30 | 0.000000e+00 |      --      |    Inf |  37.84%
 1996s| 75700 |   803 | 19345k| 242.9 |   346M |  39 |1101 |1425 |3189 | 384k|  0 |  18k|  30 | 0.000000e+00 |      --      |    Inf |  37.95%
 2000s| 75800 |   800 | 19381k| 243.0 |   346M |  39 |1101 |1424 |3160 | 384k|  0 |  18k|  30 | 0.000000e+00 |      --      |    Inf |  38.09%
 time | node  | left  |LP iter|LP it/n|mem/heur|mdpt |vars |cons |rows |cuts |sepa|confs|strbr|  dualbound   | primalbound  |  gap   | compl. 
 2003s| 75900 |   798 | 19422k| 243.2 |   346M |  39 |1101 |1425 |3153 | 384k|  2 |  18k|  30 | 0.000000e+00 |      --      |    Inf |  38.36%
 2008s| 76000 |   793 | 19471k| 243.5 |   346M |  39 |1101 |1425 |3125 | 385k|  0 |  18k|  30 | 0.000000e+00 |      --      |    Inf |  38.37%
 2013s| 76100 |   791 | 19521k| 243.9 |   346M |  39 |1101 |1425 |2858 | 385k|  0 |  19k|  30 | 0.000000e+00 |      --      |    Inf |  38.37%
 2017s| 76200 |   794 | 19563k| 244.1 |   346M |  39 |1101 |1424 |2419 | 385k|  2 |  19k|  30 | 0.000000e+00 |      --      |    Inf |  38.48%
 2020s| 76300 |   797 | 19602k| 244.3 |   347M |  39 |1101 |1423 |2920 | 386k|  0 |  19k|  30 | 0.000000e+00 |      --      |    Inf |  38.61%
 2024s| 76400 |   792 | 19637k| 244.4 |   347M |  39 |1101 |1423 |3112 | 387k|  1 |  19k|  30 | 0.000000e+00 |      --      |    Inf |  38.69%
 2027s| 76500 |   798 | 19670k| 244.5 |   347M |  39 |1101 |1424 |2343 | 387k|  2 |  19k|  30 | 0.000000e+00 |      --      |    Inf |  38.76%
 2028s| 76600 |   798 | 19684k| 244.4 |   347M |  39 |1101 |1423 |2366 | 388k|  2 |  19k|  30 | 0.000000e+00 |      --      |    Inf |  38.77%
 2033s| 76700 |   797 | 19730k| 244.6 |   347M |  39 |1101 |1422 |2790 | 389k|  1 |  19k|  30 | 0.000000e+00 |      --      |    Inf |  38.78%
 2037s| 76800 |   796 | 19774k| 244.9 |   347M |  39 |1101 |1422 |2972 | 390k|  0 |  19k|  30 | 0.000000e+00 |      --      |    Inf |  38.80%
 2041s| 76900 |   796 | 19815k| 245.1 |   347M |  39 |1101 |1421 |3152 | 390k|  2 |  19k|  30 | 0.000000e+00 |      --      |    Inf |  38.83%
 2044s| 77000 |   792 | 19848k| 245.2 |   347M |  39 |1101 |1421 |2308 | 391k|  2 |  19k|  30 | 0.000000e+00 |      --      |    Inf |  38.96%
 2047s| 77100 |   808 | 19882k| 245.3 |   347M |  39 |1101 |1421 |2381 | 392k|  0 |  19k|  30 | 0.000000e+00 |      --      |    Inf |  39.17%
 2050s| 77200 |   816 | 19913k| 245.4 |   347M |  39 |1101 |1421 |2642 | 393k|  1 |  19k|  30 | 0.000000e+00 |      --      |    Inf |  39.49%
 2053s| 77300 |   821 | 19945k| 245.5 |   348M |  39 |1101 |1421 |2522 | 394k|  2 |  19k|  30 | 0.000000e+00 |      --      |    Inf |  39.64%
 time | node  | left  |LP iter|LP it/n|mem/heur|mdpt |vars |cons |rows |cuts |sepa|confs|strbr|  dualbound   | primalbound  |  gap   | compl. 
 2057s| 77400 |   805 | 19982k| 245.6 |   348M |  39 |1101 |1421 |3226 | 395k|  2 |  19k|  30 | 0.000000e+00 |      --      |    Inf |  40.25%
 2062s| 77500 |   822 | 20027k| 245.9 |   349M |  39 |1101 |1421 |2858 | 396k|  2 |  19k|  30 | 0.000000e+00 |      --      |    Inf |  40.30%
 2065s| 77600 |   825 | 20062k| 246.0 |   349M |  39 |1101 |1421 |2824 | 397k|  2 |  19k|  30 | 0.000000e+00 |      --      |    Inf |  40.30%
 2069s| 77700 |   837 | 20106k| 246.2 |   349M |  39 |1101 |1421 |   0 | 398k|  0 |  19k|  30 | 0.000000e+00 |      --      |    Inf |  40.30%
 2073s| 77800 |   838 | 20153k| 246.5 |   349M |  39 |1101 |1422 |2960 | 399k|  2 |  19k|  30 | 0.000000e+00 |      --      |    Inf |  40.30%
 2077s| 77900 |   832 | 20188k| 246.6 |   349M |  39 |1101 |1423 |2857 | 399k|  2 |  19k|  30 | 0.000000e+00 |      --      |    Inf |  40.30%
 2080s| 78000 |   840 | 20226k| 246.8 |   349M |  39 |1101 |1422 |2963 | 400k|  0 |  19k|  30 | 0.000000e+00 |      --      |    Inf |  40.30%
 2085s| 78100 |   841 | 20276k| 247.1 |   349M |  39 |1101 |1422 |2964 | 401k|  3 |  19k|  30 | 0.000000e+00 |      --      |    Inf |  40.30%
 2090s| 78200 |   840 | 20324k| 247.4 |   349M |  39 |1101 |1421 |2891 | 402k|  0 |  19k|  30 | 0.000000e+00 |      --      |    Inf |  40.30%
 2094s| 78300 |   841 | 20371k| 247.7 |   349M |  39 |1101 |1421 |2916 | 402k|  2 |  19k|  30 | 0.000000e+00 |      --      |    Inf |  40.30%
 2099s| 78400 |   838 | 20420k| 248.0 |   349M |  39 |1101 |1421 |2907 | 403k|  0 |  19k|  30 | 0.000000e+00 |      --      |    Inf |  40.30%
 2102s| 78500 |   840 | 20461k| 248.2 |   349M |  39 |1101 |1421 |2951 | 404k|  2 |  19k|  30 | 0.000000e+00 |      --      |    Inf |  40.31%
 2107s| 78600 |   827 | 20513k| 248.5 |   349M |  39 |1101 |1421 |2855 | 404k|  2 |  19k|  30 | 0.000000e+00 |      --      |    Inf |  40.31%
 2112s| 78700 |   835 | 20564k| 248.8 |   349M |  39 |1101 |1421 |2914 | 405k|  2 |  19k|  30 | 0.000000e+00 |      --      |    Inf |  40.31%
 2117s| 78800 |   850 | 20612k| 249.1 |   349M |  39 |1101 |1421 |2902 | 406k|  2 |  19k|  30 | 0.000000e+00 |      --      |    Inf |  40.31%
 time | node  | left  |LP iter|LP it/n|mem/heur|mdpt |vars |cons |rows |cuts |sepa|confs|strbr|  dualbound   | primalbound  |  gap   | compl. 
 2120s| 78900 |   851 | 20646k| 249.2 |   349M |  39 |1101 |1423 |2800 | 407k|  2 |  19k|  30 | 0.000000e+00 |      --      |    Inf |  40.31%
 2124s| 79000 |   874 | 20689k| 249.4 |   349M |  39 |1101 |1423 |2971 | 408k|  2 |  19k|  30 | 0.000000e+00 |      --      |    Inf |  40.31%
 2128s| 79100 |   866 | 20733k| 249.6 |   349M |  39 |1101 |1423 |2861 | 408k|  2 |  19k|  30 | 0.000000e+00 |      --      |    Inf |  40.31%
 2132s| 79200 |   850 | 20766k| 249.7 |   349M |  39 |1101 |1423 |2888 | 409k|  2 |  19k|  30 | 0.000000e+00 |      --      |    Inf |  40.31%
 2135s| 79300 |   843 | 20803k| 249.9 |   349M |  39 |1101 |1422 |2894 | 409k|  3 |  19k|  30 | 0.000000e+00 |      --      |    Inf |  40.31%
 2139s| 79400 |   834 | 20845k| 250.1 |   349M |  39 |1101 |1422 |   0 | 410k|  0 |  19k|  30 | 0.000000e+00 |      --      |    Inf |  40.31%
 2142s| 79500 |   833 | 20873k| 250.1 |   349M |  39 |1101 |1421 |   0 | 411k|  0 |  19k|  30 | 0.000000e+00 |      --      |    Inf |  40.32%
 2144s| 79600 |   844 | 20899k| 250.1 |   349M |  39 |1101 |1421 |2515 | 411k|  2 |  19k|  30 | 0.000000e+00 |      --      |    Inf |  40.32%
 2148s| 79700 |   828 | 20937k| 250.3 |   349M |  39 |1101 |1421 |2927 | 412k|  1 |  19k|  30 | 0.000000e+00 |      --      |    Inf |  40.34%
 2150s| 79800 |   828 | 20960k| 250.3 |   349M |  39 |1101 |1421 |   0 | 412k|  0 |  19k|  30 | 0.000000e+00 |      --      |    Inf |  40.34%
 2153s| 79900 |   823 | 20993k| 250.4 |   349M |  39 |1101 |1421 |   0 | 413k|  0 |  19k|  30 | 0.000000e+00 |      --      |    Inf |  40.37%
 2157s| 80000 |   817 | 21035k| 250.6 |   349M |  39 |1101 |1421 |   0 | 414k|  0 |  19k|  30 | 0.000000e+00 |      --      |    Inf |  40.39%
 2161s| 80100 |   813 | 21082k| 250.8 |   349M |  39 |1101 |1421 |2902 | 414k|  0 |  19k|  30 | 0.000000e+00 |      --      |    Inf |  40.43%
 2166s| 80200 |   820 | 21132k| 251.1 |   350M |  39 |1101 |1421 |3108 | 416k|  2 |  19k|  30 | 0.000000e+00 |      --      |    Inf |  40.82%
 2170s| 80300 |   816 | 21167k| 251.2 |   350M |  39 |1101 |1422 |2760 | 416k|  2 |  19k|  30 | 0.000000e+00 |      --      |    Inf |  40.85%
 time | node  | left  |LP iter|LP it/n|mem/heur|mdpt |vars |cons |rows |cuts |sepa|confs|strbr|  dualbound   | primalbound  |  gap   | compl. 
 2173s| 80400 |   812 | 21198k| 251.3 |   350M |  39 |1101 |1421 |3163 | 417k|  0 |  19k|  30 | 0.000000e+00 |      --      |    Inf |  40.88%
 2177s| 80500 |   804 | 21241k| 251.5 |   350M |  39 |1101 |1421 |3052 | 417k|  0 |  19k|  30 | 0.000000e+00 |      --      |    Inf |  40.91%
 2180s| 80600 |   815 | 21273k| 251.6 |   350M |  39 |1101 |1421 |2488 | 418k|  2 |  19k|  30 | 0.000000e+00 |      --      |    Inf |  40.96%
 2182s| 80700 |   812 | 21297k| 251.6 |   350M |  39 |1101 |1422 |2521 | 419k|  0 |  19k|  30 | 0.000000e+00 |      --      |    Inf |  40.96%
 2185s| 80800 |   808 | 21328k| 251.7 |   350M |  39 |1101 |1422 |2686 | 420k|  2 |  19k|  30 | 0.000000e+00 |      --      |    Inf |  41.07%
 2188s| 80900 |   817 | 21362k| 251.8 |   350M |  39 |1101 |1423 |2734 | 421k|  0 |  20k|  30 | 0.000000e+00 |      --      |    Inf |  41.08%
 2191s| 81000 |   812 | 21392k| 251.8 |   350M |  39 |1101 |1423 |   0 | 421k|  0 |  20k|  30 | 0.000000e+00 |      --      |    Inf |  41.08%
 2195s| 81100 |   808 | 21429k| 252.0 |   350M |  39 |1101 |1423 |2924 | 422k|  2 |  20k|  30 | 0.000000e+00 |      --      |    Inf |  41.09%
 2198s| 81200 |   806 | 21462k| 252.0 |   350M |  39 |1101 |1423 |3192 | 423k|  0 |  20k|  30 | 0.000000e+00 |      --      |    Inf |  41.17%
 2202s| 81300 |   820 | 21500k| 252.2 |   350M |  39 |1101 |1423 |   0 | 423k|  0 |  20k|  30 | 0.000000e+00 |      --      |    Inf |  41.17%
 2206s| 81400 |   813 | 21541k| 252.4 |   350M |  39 |1101 |1423 |3215 | 423k|  2 |  20k|  30 | 0.000000e+00 |      --      |    Inf |  41.18%
 2210s| 81500 |   808 | 21578k| 252.5 |   350M |  39 |1101 |1423 |3218 | 423k|  0 |  20k|  30 | 0.000000e+00 |      --      |    Inf |  41.18%
 2213s| 81600 |   800 | 21613k| 252.6 |   350M |  39 |1101 |1422 |2879 | 424k|  2 |  20k|  30 | 0.000000e+00 |      --      |    Inf |  41.20%
 2216s| 81700 |   795 | 21642k| 252.7 |   350M |  39 |1101 |1423 |2458 | 424k|  2 |  20k|  30 | 0.000000e+00 |      --      |    Inf |  41.22%
 2222s| 81800 |   803 | 21699k| 253.0 |   350M |  39 |1101 |1423 |2716 | 425k|  2 |  20k|  30 | 0.000000e+00 |      --      |    Inf |  41.25%
 time | node  | left  |LP iter|LP it/n|mem/heur|mdpt |vars |cons |rows |cuts |sepa|confs|strbr|  dualbound   | primalbound  |  gap   | compl. 
 2226s| 81900 |   832 | 21741k| 253.2 |   350M |  39 |1101 |1423 |2960 | 426k|  2 |  20k|  30 | 0.000000e+00 |      --      |    Inf |  41.27%
 2229s| 82000 |   862 | 21767k| 253.2 |   350M |  39 |1101 |1423 |3059 | 427k|  0 |  20k|  30 | 0.000000e+00 |      --      |    Inf |  41.27%
 2231s| 82100 |   841 | 21794k| 253.3 |   350M |  39 |1101 |1423 |3037 | 427k|  2 |  20k|  30 | 0.000000e+00 |      --      |    Inf |  41.27%
 2235s| 82200 |   862 | 21827k| 253.3 |   350M |  39 |1101 |1423 |3152 | 427k|  2 |  20k|  30 | 0.000000e+00 |      --      |    Inf |  41.27%
 2237s| 82300 |   869 | 21853k| 253.4 |   350M |  39 |1101 |1422 |3129 | 428k|  2 |  20k|  30 | 0.000000e+00 |      --      |    Inf |  41.27%
 2240s| 82400 |   865 | 21879k| 253.4 |   350M |  39 |1101 |1422 |3086 | 428k|  2 |  20k|  30 | 0.000000e+00 |      --      |    Inf |  41.27%
 2243s| 82500 |   856 | 21907k| 253.4 |   350M |  39 |1101 |1422 |3084 | 428k|  2 |  20k|  30 | 0.000000e+00 |      --      |    Inf |  41.27%
 2245s| 82600 |   858 | 21927k| 253.3 |   350M |  39 |1101 |1422 |3087 | 429k|  2 |  20k|  30 | 0.000000e+00 |      --      |    Inf |  41.27%
 2246s| 82700 |   865 | 21943k| 253.2 |   350M |  39 |1101 |1422 |   0 | 429k|  0 |  20k|  30 | 0.000000e+00 |      --      |    Inf |  41.27%
 2249s| 82800 |   856 | 21965k| 253.2 |   350M |  39 |1101 |1422 |2999 | 429k|  2 |  20k|  30 | 0.000000e+00 |      --      |    Inf |  41.28%
 2251s| 82900 |   851 | 21992k| 253.2 |   350M |  39 |1101 |1422 |3006 | 429k|  2 |  20k|  30 | 0.000000e+00 |      --      |    Inf |  41.28%
 2254s| 83000 |   843 | 22017k| 253.2 |   350M |  39 |1101 |1422 |3100 | 430k|  2 |  20k|  30 | 0.000000e+00 |      --      |    Inf |  41.28%
 2256s| 83100 |   824 | 22044k| 253.2 |   350M |  39 |1101 |1421 |3017 | 430k|  2 |  20k|  30 | 0.000000e+00 |      --      |    Inf |  41.29%
 2258s| 83200 |   824 | 22064k| 253.2 |   350M |  39 |1101 |1422 |3064 | 430k|  3 |  20k|  30 | 0.000000e+00 |      --      |    Inf |  41.29%
 2261s| 83300 |   818 | 22093k| 253.2 |   350M |  39 |1101 |1421 |3018 | 431k|  0 |  20k|  30 | 0.000000e+00 |      --      |    Inf |  41.29%
 time | node  | left  |LP iter|LP it/n|mem/heur|mdpt |vars |cons |rows |cuts |sepa|confs|strbr|  dualbound   | primalbound  |  gap   | compl. 
 2263s| 83400 |   808 | 22117k| 253.2 |   350M |  39 |1101 |1422 |   0 | 431k|  0 |  20k|  30 | 0.000000e+00 |      --      |    Inf |  41.33%
 2266s| 83500 |   808 | 22145k| 253.2 |   350M |  39 |1101 |1421 |2938 | 432k|  0 |  20k|  30 | 0.000000e+00 |      --      |    Inf |  41.34%
 2269s| 83600 |   807 | 22178k| 253.3 |   350M |  39 |1101 |1421 |2576 | 432k|  2 |  20k|  30 | 0.000000e+00 |      --      |    Inf |  41.39%
 2273s| 83700 |   821 | 22221k| 253.5 |   350M |  39 |1101 |1421 |2565 | 433k|  2 |  20k|  30 | 0.000000e+00 |      --      |    Inf |  41.44%
 2276s| 83800 |   832 | 22250k| 253.6 |   350M |  39 |1101 |1421 |2605 | 434k|  2 |  20k|  30 | 0.000000e+00 |      --      |    Inf |  41.45%
 2278s| 83900 |   828 | 22281k| 253.6 |   350M |  39 |1101 |1421 |2661 | 434k|  2 |  20k|  30 | 0.000000e+00 |      --      |    Inf |  41.45%
 2281s| 84000 |   838 | 22305k| 253.6 |   350M |  39 |1101 |1421 |2852 | 435k|  2 |  20k|  30 | 0.000000e+00 |      --      |    Inf |  41.45%
 2282s| 84100 |   834 | 22324k| 253.5 |   350M |  39 |1101 |1421 |   0 | 435k|  0 |  20k|  30 | 0.000000e+00 |      --      |    Inf |  41.45%
 2284s| 84200 |   833 | 22342k| 253.5 |   350M |  39 |1101 |1421 |2616 | 436k|  2 |  20k|  30 | 0.000000e+00 |      --      |    Inf |  41.45%
 2286s| 84300 |   832 | 22373k| 253.5 |   350M |  39 |1101 |1421 |2699 | 436k|  0 |  20k|  30 | 0.000000e+00 |      --      |    Inf |  41.45%
 2288s| 84400 |   829 | 22396k| 253.5 |   350M |  39 |1101 |1422 |   0 | 437k|  0 |  20k|  30 | 0.000000e+00 |      --      |    Inf |  41.45%
 2291s| 84500 |   828 | 22424k| 253.5 |   350M |  39 |1101 |1421 |2661 | 437k|  0 |  20k|  30 | 0.000000e+00 |      --      |    Inf |  41.45%
 2293s| 84600 |   825 | 22445k| 253.5 |   350M |  39 |1101 |1421 |2504 | 438k|  0 |  20k|  30 | 0.000000e+00 |      --      |    Inf |  41.47%
 2296s| 84700 |   832 | 22480k| 253.6 |   350M |  39 |1101 |1421 |2939 | 439k|  2 |  20k|  30 | 0.000000e+00 |      --      |    Inf |  41.49%
 2300s| 84800 |   825 | 22515k| 253.7 |   350M |  39 |1101 |1421 |3063 | 439k|  2 |  20k|  30 | 0.000000e+00 |      --      |    Inf |  41.50%
 time | node  | left  |LP iter|LP it/n|mem/heur|mdpt |vars |cons |rows |cuts |sepa|confs|strbr|  dualbound   | primalbound  |  gap   | compl. 
 2303s| 84900 |   828 | 22554k| 253.8 |   350M |  39 |1101 |1421 |2841 | 440k|  1 |  20k|  30 | 0.000000e+00 |      --      |    Inf |  41.51%
 2307s| 85000 |   842 | 22596k| 254.0 |   351M |  39 |1101 |1421 |2980 | 441k|  2 |  20k|  30 | 0.000000e+00 |      --      |    Inf |  41.60%
 2311s| 85100 |   836 | 22635k| 254.2 |   351M |  39 |1101 |1421 |2930 | 442k|  2 |  20k|  30 | 0.000000e+00 |      --      |    Inf |  41.60%
 2315s| 85200 |   842 | 22678k| 254.4 |   351M |  39 |1101 |1421 |2717 | 442k|  2 |  20k|  30 | 0.000000e+00 |      --      |    Inf |  41.60%
 2319s| 85300 |   845 | 22714k| 254.5 |   351M |  39 |1101 |1421 |2841 | 443k|  2 |  20k|  30 | 0.000000e+00 |      --      |    Inf |  41.61%
 2323s| 85400 |   848 | 22760k| 254.7 |   351M |  39 |1101 |1421 |2891 | 444k|  2 |  20k|  30 | 0.000000e+00 |      --      |    Inf |  41.62%
 2326s| 85500 |   853 | 22792k| 254.8 |   351M |  39 |1101 |1421 |2942 | 445k|  2 |  20k|  30 | 0.000000e+00 |      --      |    Inf |  41.62%
 2329s| 85600 |   857 | 22822k| 254.8 |   351M |  39 |1101 |1421 |2803 | 446k|  2 |  20k|  30 | 0.000000e+00 |      --      |    Inf |  41.62%
 2332s| 85700 |   854 | 22854k| 254.9 |   351M |  39 |1101 |1420 |2973 | 446k|  0 |  20k|  30 | 0.000000e+00 |      --      |    Inf |  41.63%
 2337s| 85800 |   847 | 22899k| 255.1 |   351M |  39 |1101 |1420 |2859 | 447k|  2 |  20k|  30 | 0.000000e+00 |      --      |    Inf |  41.63%
 2340s| 85900 |   848 | 22929k| 255.2 |   351M |  39 |1101 |1421 |2977 | 448k|  2 |  20k|  30 | 0.000000e+00 |      --      |    Inf |  41.63%
 2342s| 86000 |   847 | 22952k| 255.2 |   351M |  39 |1101 |1421 |2426 | 449k|  0 |  20k|  30 | 0.000000e+00 |      --      |    Inf |  41.66%
 2344s| 86100 |   849 | 22978k| 255.2 |   351M |  39 |1101 |1422 |2549 | 450k|  2 |  21k|  30 | 0.000000e+00 |      --      |    Inf |  41.66%
 2347s| 86200 |   847 | 23008k| 255.2 |   351M |  39 |1101 |1421 |2449 | 451k|  2 |  21k|  30 | 0.000000e+00 |      --      |    Inf |  41.66%
 2350s| 86300 |   836 | 23043k| 255.3 |   351M |  39 |1101 |1421 |2724 | 452k|  2 |  21k|  30 | 0.000000e+00 |      --      |    Inf |  41.67%
 time | node  | left  |LP iter|LP it/n|mem/heur|mdpt |vars |cons |rows |cuts |sepa|confs|strbr|  dualbound   | primalbound  |  gap   | compl. 
 2354s| 86400 |   833 | 23082k| 255.5 |   351M |  39 |1101 |1420 |2596 | 452k|  0 |  21k|  30 | 0.000000e+00 |      --      |    Inf |  41.67%
 2356s| 86500 |   835 | 23113k| 255.5 |   351M |  39 |1101 |1420 |2687 | 453k|  2 |  21k|  30 | 0.000000e+00 |      --      |    Inf |  41.71%
 2360s| 86600 |   833 | 23145k| 255.6 |   351M |  39 |1101 |1420 |2933 | 454k|  2 |  21k|  30 | 0.000000e+00 |      --      |    Inf |  41.71%
 2362s| 86700 |   836 | 23170k| 255.6 |   351M |  39 |1101 |1421 |2684 | 454k|  2 |  21k|  30 | 0.000000e+00 |      --      |    Inf |  41.71%
 2364s| 86800 |   845 | 23193k| 255.6 |   351M |  39 |1101 |1420 |2602 | 455k|  2 |  21k|  30 | 0.000000e+00 |      --      |    Inf |  41.71%
 2367s| 86900 |   848 | 23221k| 255.6 |   351M |  39 |1101 |1420 |2596 | 456k|  2 |  21k|  30 | 0.000000e+00 |      --      |    Inf |  41.72%
 2369s| 87000 |   850 | 23246k| 255.6 |   351M |  39 |1101 |1420 |   0 | 457k|  0 |  21k|  30 | 0.000000e+00 |      --      |    Inf |  41.72%
 2372s| 87100 |   839 | 23275k| 255.6 |   351M |  39 |1101 |1420 |   0 | 457k|  0 |  21k|  30 | 0.000000e+00 |      --      |    Inf |  41.72%
 2375s| 87200 |   839 | 23308k| 255.7 |   351M |  39 |1101 |1420 |2746 | 458k|  2 |  21k|  30 | 0.000000e+00 |      --      |    Inf |  41.75%
 2378s| 87300 |   828 | 23345k| 255.8 |   351M |  39 |1101 |1419 |2528 | 459k|  0 |  21k|  30 | 0.000000e+00 |      --      |    Inf |  41.77%
 2381s| 87400 |   829 | 23380k| 255.9 |   352M |  39 |1101 |1420 |3053 | 460k|  2 |  21k|  30 | 0.000000e+00 |      --      |    Inf |  41.84%
 2385s| 87500 |   824 | 23412k| 256.0 |   352M |  39 |1101 |1420 |3003 | 460k|  2 |  21k|  30 | 0.000000e+00 |      --      |    Inf |  41.84%
 2387s| 87600 |   824 | 23441k| 256.0 |   352M |  39 |1101 |1419 |   0 | 460k|  0 |  21k|  30 | 0.000000e+00 |      --      |    Inf |  41.87%
 2390s| 87700 |   820 | 23468k| 256.1 |   352M |  39 |1101 |1420 |2654 | 461k|  2 |  21k|  30 | 0.000000e+00 |      --      |    Inf |  41.89%
 2394s| 87800 |   823 | 23503k| 256.2 |   352M |  39 |1101 |1420 |2714 | 462k|  0 |  21k|  30 | 0.000000e+00 |      --      |    Inf |  42.01%
 time | node  | left  |LP iter|LP it/n|mem/heur|mdpt |vars |cons |rows |cuts |sepa|confs|strbr|  dualbound   | primalbound  |  gap   | compl. 
 2398s| 87900 |   832 | 23551k| 256.4 |   352M |  39 |1101 |1420 |2906 | 462k|  2 |  21k|  30 | 0.000000e+00 |      --      |    Inf |  42.02%
 2402s| 88000 |   838 | 23590k| 256.5 |   352M |  39 |1101 |1420 |2878 | 463k|  2 |  21k|  30 | 0.000000e+00 |      --      |    Inf |  42.02%
 2406s| 88100 |   836 | 23635k| 256.8 |   352M |  39 |1101 |1420 |2892 | 463k|  0 |  21k|  30 | 0.000000e+00 |      --      |    Inf |  42.02%
 2410s| 88200 |   833 | 23674k| 256.9 |   352M |  39 |1101 |1421 |2889 | 463k|  0 |  21k|  30 | 0.000000e+00 |      --      |    Inf |  42.02%
 2413s| 88300 |   832 | 23709k| 257.0 |   352M |  39 |1101 |1421 |2975 | 464k|  0 |  21k|  30 | 0.000000e+00 |      --      |    Inf |  42.02%
 2417s| 88400 |   843 | 23746k| 257.1 |   352M |  39 |1101 |1420 |2878 | 464k|  0 |  21k|  30 | 0.000000e+00 |      --      |    Inf |  42.02%
 2419s| 88500 |   839 | 23775k| 257.2 |   352M |  39 |1101 |1420 |2958 | 464k|  0 |  21k|  30 | 0.000000e+00 |      --      |    Inf |  42.02%
 2422s| 88600 |   836 | 23803k| 257.2 |   352M |  39 |1101 |1419 |2938 | 464k|  2 |  21k|  30 | 0.000000e+00 |      --      |    Inf |  42.02%
 2425s| 88700 |   831 | 23834k| 257.2 |   352M |  39 |1101 |1419 |2886 | 464k|  2 |  21k|  30 | 0.000000e+00 |      --      |    Inf |  42.02%
 2428s| 88800 |   831 | 23871k| 257.4 |   352M |  39 |1101 |1419 |2907 | 465k|  1 |  21k|  30 | 0.000000e+00 |      --      |    Inf |  42.02%
 2431s| 88900 |   830 | 23908k| 257.5 |   352M |  39 |1101 |1419 |2865 | 465k|  2 |  21k|  30 | 0.000000e+00 |      --      |    Inf |  42.02%
 2433s| 89000 |   841 | 23931k| 257.5 |   352M |  39 |1101 |1420 |   0 | 466k|  0 |  21k|  30 | 0.000000e+00 |      --      |    Inf |  42.04%
 2436s| 89100 |   834 | 23958k| 257.5 |   352M |  39 |1101 |1419 |2336 | 466k|  2 |  21k|  30 | 0.000000e+00 |      --      |    Inf |  42.04%
 2437s| 89200 |   841 | 23977k| 257.4 |   352M |  39 |1101 |1421 |   0 | 467k|  0 |  21k|  30 | 0.000000e+00 |      --      |    Inf |  42.04%
 2439s| 89300 |   837 | 24000k| 257.4 |   352M |  39 |1101 |1421 |2441 | 469k|  0 |  21k|  30 | 0.000000e+00 |      --      |    Inf |  42.04%
 time | node  | left  |LP iter|LP it/n|mem/heur|mdpt |vars |cons |rows |cuts |sepa|confs|strbr|  dualbound   | primalbound  |  gap   | compl. 
 2441s| 89400 |   836 | 24023k| 257.3 |   352M |  39 |1101 |1423 |2343 | 470k|  2 |  21k|  30 | 0.000000e+00 |      --      |    Inf |  42.04%
 2443s| 89500 |   830 | 24045k| 257.3 |   352M |  39 |1101 |1422 |2980 | 471k|  2 |  21k|  30 | 0.000000e+00 |      --      |    Inf |  42.04%
 2446s| 89600 |   842 | 24075k| 257.3 |   352M |  39 |1101 |1419 |2665 | 472k|  2 |  21k|  30 | 0.000000e+00 |      --      |    Inf |  42.05%
 2449s| 89700 |   848 | 24104k| 257.4 |   352M |  39 |1101 |1419 |2745 | 472k|  2 |  21k|  30 | 0.000000e+00 |      --      |    Inf |  42.07%
 2452s| 89800 |   840 | 24139k| 257.5 |   352M |  39 |1101 |1419 |2867 | 473k|  2 |  21k|  30 | 0.000000e+00 |      --      |    Inf |  42.08%
 2455s| 89900 |   848 | 24165k| 257.5 |   352M |  39 |1101 |1419 |2796 | 474k|  2 |  21k|  30 | 0.000000e+00 |      --      |    Inf |  42.09%
 2460s| 90000 |   855 | 24217k| 257.8 |   352M |  39 |1101 |1419 |2945 | 475k|  2 |  21k|  30 | 0.000000e+00 |      --      |    Inf |  42.10%
 2464s| 90100 |   847 | 24260k| 257.9 |   352M |  39 |1101 |1419 |   0 | 475k|  0 |  21k|  30 | 0.000000e+00 |      --      |    Inf |  42.10%
 2468s| 90200 |   847 | 24306k| 258.2 |   352M |  39 |1101 |1419 |2907 | 476k|  0 |  22k|  30 | 0.000000e+00 |      --      |    Inf |  42.11%
 2471s| 90300 |   838 | 24341k| 258.3 |   352M |  39 |1101 |1420 |   0 | 477k|  0 |  22k|  30 | 0.000000e+00 |      --      |    Inf |  42.11%
 2475s| 90400 |   830 | 24377k| 258.4 |   352M |  39 |1101 |1420 |2491 | 477k|  0 |  22k|  30 | 0.000000e+00 |      --      |    Inf |  42.13%
 2479s| 90500 |   828 | 24414k| 258.5 |   352M |  39 |1101 |1420 |2667 | 478k|  2 |  22k|  30 | 0.000000e+00 |      --      |    Inf |  42.14%
 2482s| 90600 |   854 | 24450k| 258.6 |   352M |  39 |1101 |1420 |2665 | 478k|  2 |  22k|  30 | 0.000000e+00 |      --      |    Inf |  42.16%
 2485s| 90700 |   841 | 24485k| 258.7 |   352M |  39 |1101 |1420 |2671 | 479k|  2 |  22k|  30 | 0.000000e+00 |      --      |    Inf |  42.16%
 2488s| 90800 |   843 | 24520k| 258.8 |   352M |  39 |1101 |1420 |2960 | 479k|  2 |  22k|  30 | 0.000000e+00 |      --      |    Inf |  42.16%
 time | node  | left  |LP iter|LP it/n|mem/heur|mdpt |vars |cons |rows |cuts |sepa|confs|strbr|  dualbound   | primalbound  |  gap   | compl. 
 2490s| 90900 |   844 | 24540k| 258.7 |   352M |  39 |1101 |1422 |3025 | 480k|  1 |  22k|  30 | 0.000000e+00 |      --      |    Inf |  42.16%
 2492s| 91000 |   830 | 24558k| 258.6 |   352M |  39 |1101 |1420 |2649 | 480k|  2 |  22k|  30 | 0.000000e+00 |      --      |    Inf |  42.17%
 2495s| 91100 |   826 | 24595k| 258.8 |   352M |  39 |1101 |1420 |2850 | 480k|  0 |  22k|  30 | 0.000000e+00 |      --      |    Inf |  42.17%
 2498s| 91200 |   829 | 24634k| 258.9 |   352M |  39 |1101 |1420 |2675 | 481k|  0 |  22k|  30 | 0.000000e+00 |      --      |    Inf |  42.18%
 2501s| 91300 |   827 | 24668k| 259.0 |   352M |  39 |1101 |1420 |2782 | 482k|  2 |  22k|  30 | 0.000000e+00 |      --      |    Inf |  42.23%
 2505s| 91400 |   835 | 24703k| 259.1 |   352M |  39 |1101 |1422 |2580 | 482k|  0 |  22k|  30 | 0.000000e+00 |      --      |    Inf |  42.26%
 2508s| 91500 |   840 | 24742k| 259.2 |   352M |  39 |1101 |1421 |   0 | 483k|  0 |  22k|  30 | 0.000000e+00 |      --      |    Inf |  42.26%
 2512s| 91600 |   850 | 24788k| 259.4 |   352M |  39 |1101 |1421 |2649 | 484k|  2 |  22k|  30 | 0.000000e+00 |      --      |    Inf |  42.27%
 2515s| 91700 |   865 | 24820k| 259.5 |   352M |  39 |1101 |1422 |   0 | 484k|  0 |  22k|  30 | 0.000000e+00 |      --      |    Inf |  42.28%
 2519s| 91800 |   877 | 24853k| 259.6 |   352M |  39 |1101 |1422 |3053 | 485k|  0 |  22k|  30 | 0.000000e+00 |      --      |    Inf |  42.28%
 2522s| 91900 |   880 | 24890k| 259.7 |   352M |  39 |1101 |1420 |3027 | 485k|  1 |  22k|  30 | 0.000000e+00 |      --      |    Inf |  42.28%
 2525s| 92000 |   869 | 24922k| 259.7 |   352M |  39 |1101 |1420 |3029 | 485k|  2 |  22k|  30 | 0.000000e+00 |      --      |    Inf |  42.29%
 2529s| 92100 |   842 | 24962k| 259.9 |   352M |  39 |1101 |1420 |3028 | 485k|  2 |  22k|  30 | 0.000000e+00 |      --      |    Inf |  42.30%
 2532s| 92200 |   837 | 25000k| 260.0 |   352M |  39 |1101 |1420 |   0 | 486k|  0 |  22k|  30 | 0.000000e+00 |      --      |    Inf |  42.30%
 2535s| 92300 |   837 | 25023k| 260.0 |   352M |  39 |1101 |1420 |2542 | 486k|  1 |  22k|  30 | 0.000000e+00 |      --      |    Inf |  42.31%
 time | node  | left  |LP iter|LP it/n|mem/heur|mdpt |vars |cons |rows |cuts |sepa|confs|strbr|  dualbound   | primalbound  |  gap   | compl. 
 2536s| 92400 |   859 | 25035k| 259.8 |   352M |  39 |1101 |1420 |   0 | 486k|  0 |  22k|  30 | 0.000000e+00 |      --      |    Inf |  42.32%
 2537s| 92500 |   865 | 25045k| 259.7 |   352M |  39 |1101 |1420 |2525 | 486k|  0 |  22k|  30 | 0.000000e+00 |      --      |    Inf |  42.32%
 2538s| 92600 |   854 | 25056k| 259.5 |   352M |  39 |1101 |1420 |2849 | 486k|  0 |  22k|  30 | 0.000000e+00 |      --      |    Inf |  42.32%
 2540s| 92700 |   835 | 25075k| 259.4 |   352M |  39 |1101 |1420 |2687 | 487k|  2 |  22k|  30 | 0.000000e+00 |      --      |    Inf |  42.34%
 2541s| 92800 |   838 | 25088k| 259.3 |   352M |  39 |1101 |1420 |2483 | 487k|  1 |  22k|  30 | 0.000000e+00 |      --      |    Inf |  42.38%
 2543s| 92900 |   837 | 25104k| 259.2 |   352M |  39 |1101 |1420 |2445 | 487k|  0 |  22k|  30 | 0.000000e+00 |      --      |    Inf |  42.38%
 2544s| 93000 |   849 | 25115k| 259.0 |   352M |  39 |1101 |1420 |2464 | 487k|  2 |  22k|  30 | 0.000000e+00 |      --      |    Inf |  42.38%
 2545s| 93100 |   839 | 25128k| 258.9 |   352M |  39 |1101 |1420 |2480 | 487k|  0 |  22k|  30 | 0.000000e+00 |      --      |    Inf |  42.38%
 2547s| 93200 |   837 | 25146k| 258.8 |   352M |  39 |1101 |1420 |2708 | 488k|  0 |  22k|  30 | 0.000000e+00 |      --      |    Inf |  42.40%
 2548s| 93300 |   839 | 25161k| 258.7 |   352M |  39 |1101 |1420 |   0 | 488k|  0 |  22k|  30 | 0.000000e+00 |      --      |    Inf |  42.41%
 2549s| 93400 |   839 | 25175k| 258.6 |   352M |  39 |1101 |1420 |   0 | 488k|  0 |  22k|  30 | 0.000000e+00 |      --      |    Inf |  42.41%
 2551s| 93500 |   835 | 25187k| 258.5 |   352M |  39 |1101 |1420 |2462 | 488k|  2 |  22k|  30 | 0.000000e+00 |      --      |    Inf |  42.41%
 2552s| 93600 |   827 | 25201k| 258.3 |   352M |  39 |1101 |1420 |2478 | 488k|  2 |  22k|  30 | 0.000000e+00 |      --      |    Inf |  42.45%
 2553s| 93700 |   826 | 25216k| 258.2 |   352M |  39 |1101 |1420 |2589 | 489k|  2 |  22k|  30 | 0.000000e+00 |      --      |    Inf |  42.45%
 2555s| 93800 |   826 | 25232k| 258.1 |   352M |  39 |1101 |1420 |3034 | 489k|  2 |  22k|  30 | 0.000000e+00 |      --      |    Inf |  42.45%
 time | node  | left  |LP iter|LP it/n|mem/heur|mdpt |vars |cons |rows |cuts |sepa|confs|strbr|  dualbound   | primalbound  |  gap   | compl. 
 2557s| 93900 |   832 | 25247k| 258.0 |   352M |  39 |1101 |1421 |2825 | 489k|  2 |  22k|  30 | 0.000000e+00 |      --      |    Inf |  42.46%
 2557s| 94000 |   836 | 25254k| 257.8 |   352M |  39 |1101 |1421 |   0 | 489k|  0 |  22k|  30 | 0.000000e+00 |      --      |    Inf |  42.46%
 2559s| 94100 |   856 | 25266k| 257.7 |   352M |  39 |1101 |1421 |2636 | 489k|  2 |  22k|  30 | 0.000000e+00 |      --      |    Inf |  42.46%
 2560s| 94200 |   855 | 25275k| 257.5 |   352M |  39 |1101 |1421 |   0 | 489k|  0 |  22k|  30 | 0.000000e+00 |      --      |    Inf |  42.46%
 2560s| 94300 |   853 | 25284k| 257.3 |   352M |  39 |1101 |1421 |2625 | 489k|  2 |  22k|  30 | 0.000000e+00 |      --      |    Inf |  42.46%
 2562s| 94400 |   838 | 25301k| 257.3 |   352M |  39 |1101 |1421 |   0 | 489k|  0 |  22k|  30 | 0.000000e+00 |      --      |    Inf |  42.46%
 2564s| 94500 |   837 | 25319k| 257.2 |   352M |  39 |1101 |1421 |2645 | 490k|  1 |  22k|  30 | 0.000000e+00 |      --      |    Inf |  42.46%
 2565s| 94600 |   843 | 25332k| 257.0 |   352M |  39 |1101 |1421 |2668 | 490k|  0 |  22k|  30 | 0.000000e+00 |      --      |    Inf |  42.46%
 2566s| 94700 |   838 | 25341k| 256.9 |   352M |  39 |1101 |1421 |2618 | 490k|  1 |  22k|  30 | 0.000000e+00 |      --      |    Inf |  42.46%
 2568s| 94800 |   846 | 25357k| 256.8 |   352M |  39 |1101 |1422 |2673 | 490k|  0 |  22k|  30 | 0.000000e+00 |      --      |    Inf |  42.46%
 2569s| 94900 |   842 | 25375k| 256.7 |   352M |  39 |1101 |1422 |2667 | 490k|  0 |  23k|  30 | 0.000000e+00 |      --      |    Inf |  42.46%
 2571s| 95000 |   841 | 25389k| 256.6 |   352M |  39 |1101 |1422 |   0 | 490k|  0 |  23k|  30 | 0.000000e+00 |      --      |    Inf |  42.46%
 2572s| 95100 |   841 | 25407k| 256.5 |   352M |  39 |1101 |1422 |2641 | 491k|  0 |  23k|  30 | 0.000000e+00 |      --      |    Inf |  42.46%
 2574s| 95200 |   839 | 25422k| 256.4 |   352M |  39 |1101 |1422 |2682 | 491k|  1 |  23k|  30 | 0.000000e+00 |      --      |    Inf |  42.46%
 2575s| 95300 |   848 | 25436k| 256.3 |   352M |  39 |1101 |1422 |2628 | 491k|  2 |  23k|  30 | 0.000000e+00 |      --      |    Inf |  42.46%
 time | node  | left  |LP iter|LP it/n|mem/heur|mdpt |vars |cons |rows |cuts |sepa|confs|strbr|  dualbound   | primalbound  |  gap   | compl. 
 2576s| 95400 |   840 | 25447k| 256.1 |   352M |  39 |1101 |1422 |2550 | 491k|  2 |  23k|  30 | 0.000000e+00 |      --      |    Inf |  42.46%
 2578s| 95500 |   856 | 25461k| 256.0 |   352M |  39 |1101 |1422 |2549 | 491k|  2 |  23k|  30 | 0.000000e+00 |      --      |    Inf |  42.46%
 2580s| 95600 |   847 | 25479k| 255.9 |   352M |  39 |1101 |1422 |2595 | 492k|  0 |  23k|  30 | 0.000000e+00 |      --      |    Inf |  42.46%
 2582s| 95700 |   840 | 25496k| 255.8 |   353M |  39 |1101 |1422 |2809 | 492k|  0 |  23k|  30 | 0.000000e+00 |      --      |    Inf |  42.53%
 2583s| 95800 |   838 | 25512k| 255.8 |   353M |  39 |1101 |1422 |2826 | 492k|  0 |  23k|  30 | 0.000000e+00 |      --      |    Inf |  42.53%
 2585s| 95900 |   837 | 25528k| 255.7 |   353M |  39 |1101 |1422 |2787 | 492k|  1 |  23k|  30 | 0.000000e+00 |      --      |    Inf |  42.54%
 2586s| 96000 |   840 | 25542k| 255.5 |   353M |  39 |1101 |1422 |2798 | 493k|  1 |  23k|  30 | 0.000000e+00 |      --      |    Inf |  42.55%
 2588s| 96100 |   846 | 25559k| 255.5 |   353M |  39 |1101 |1422 |2454 | 493k|  0 |  23k|  30 | 0.000000e+00 |      --      |    Inf |  42.58%
 2590s| 96200 |   837 | 25579k| 255.4 |   353M |  39 |1101 |1422 |2499 | 493k|  2 |  23k|  30 | 0.000000e+00 |      --      |    Inf |  42.58%
 2591s| 96300 |   833 | 25595k| 255.3 |   353M |  39 |1101 |1421 |2537 | 493k|  0 |  23k|  30 | 0.000000e+00 |      --      |    Inf |  42.58%
 2593s| 96400 |   837 | 25613k| 255.2 |   353M |  39 |1101 |1421 |2510 | 494k|  2 |  23k|  30 | 0.000000e+00 |      --      |    Inf |  42.58%
 2595s| 96500 |   837 | 25634k| 255.2 |   353M |  39 |1101 |1420 |2533 | 494k|  0 |  23k|  30 | 0.000000e+00 |      --      |    Inf |  42.58%
 2597s| 96600 |   838 | 25656k| 255.2 |   353M |  39 |1101 |1420 |2578 | 495k|  0 |  23k|  30 | 0.000000e+00 |      --      |    Inf |  42.58%
 2599s| 96700 |   841 | 25679k| 255.1 |   353M |  39 |1101 |1420 |2833 | 495k|  0 |  23k|  30 | 0.000000e+00 |      --      |    Inf |  42.59%
 2601s| 96800 |   843 | 25694k| 255.0 |   353M |  39 |1101 |1420 |2856 | 495k|  1 |  23k|  30 | 0.000000e+00 |      --      |    Inf |  42.60%
 time | node  | left  |LP iter|LP it/n|mem/heur|mdpt |vars |cons |rows |cuts |sepa|confs|strbr|  dualbound   | primalbound  |  gap   | compl. 
 2602s| 96900 |   839 | 25709k| 254.9 |   353M |  39 |1101 |1420 |2827 | 495k|  0 |  23k|  30 | 0.000000e+00 |      --      |    Inf |  42.67%
 2604s| 97000 |   845 | 25721k| 254.8 |   353M |  39 |1101 |1420 |2834 | 495k|  0 |  23k|  30 | 0.000000e+00 |      --      |    Inf |  42.67%
 2605s| 97100 |   845 | 25734k| 254.7 |   353M |  39 |1101 |1421 |2821 | 496k|  2 |  23k|  30 | 0.000000e+00 |      --      |    Inf |  42.67%
 2606s| 97200 |   853 | 25748k| 254.5 |   353M |  39 |1101 |1421 |2837 | 496k|  2 |  23k|  30 | 0.000000e+00 |      --      |    Inf |  42.67%
 2608s| 97300 |   843 | 25760k| 254.4 |   353M |  39 |1101 |1421 |2813 | 496k|  1 |  23k|  30 | 0.000000e+00 |      --      |    Inf |  42.68%
 2609s| 97400 |   845 | 25773k| 254.3 |   353M |  39 |1101 |1421 |2834 | 496k|  2 |  23k|  30 | 0.000000e+00 |      --      |    Inf |  42.69%
 2610s| 97500 |   849 | 25787k| 254.2 |   353M |  39 |1101 |1421 |2905 | 496k|  2 |  23k|  30 | 0.000000e+00 |      --      |    Inf |  42.70%
 2612s| 97600 |   860 | 25799k| 254.0 |   353M |  39 |1101 |1421 |3140 | 496k|  2 |  23k|  30 | 0.000000e+00 |      --      |    Inf |  42.71%
 2613s| 97700 |   854 | 25809k| 253.9 |   353M |  39 |1101 |1421 |2841 | 496k|  1 |  23k|  30 | 0.000000e+00 |      --      |    Inf |  42.71%
 2614s| 97800 |   852 | 25819k| 253.7 |   353M |  39 |1101 |1421 |2845 | 496k|  2 |  23k|  30 | 0.000000e+00 |      --      |    Inf |  42.72%
 2615s| 97900 |   847 | 25832k| 253.6 |   353M |  39 |1101 |1421 |2837 | 496k|  0 |  23k|  30 | 0.000000e+00 |      --      |    Inf |  42.72%
 2616s| 98000 |   851 | 25846k| 253.5 |   353M |  39 |1101 |1421 |2832 | 497k|  0 |  23k|  30 | 0.000000e+00 |      --      |    Inf |  42.72%
 2618s| 98100 |   846 | 25861k| 253.4 |   353M |  39 |1101 |1421 |   0 | 497k|  0 |  23k|  30 | 0.000000e+00 |      --      |    Inf |  42.73%
 2620s| 98200 |   849 | 25878k| 253.3 |   353M |  39 |1101 |1421 |2892 | 497k|  1 |  23k|  30 | 0.000000e+00 |      --      |    Inf |  42.73%
 2621s| 98300 |   843 | 25894k| 253.2 |   353M |  39 |1101 |1420 |2824 | 497k|  2 |  24k|  30 | 0.000000e+00 |      --      |    Inf |  42.73%
 time | node  | left  |LP iter|LP it/n|mem/heur|mdpt |vars |cons |rows |cuts |sepa|confs|strbr|  dualbound   | primalbound  |  gap   | compl. 
 2623s| 98400 |   841 | 25910k| 253.1 |   353M |  39 |1101 |1420 |2564 | 497k|  1 |  24k|  30 | 0.000000e+00 |      --      |    Inf |  42.74%
 2624s| 98500 |   835 | 25927k| 253.1 |   353M |  39 |1101 |1420 |2477 | 498k|  0 |  24k|  30 | 0.000000e+00 |      --      |    Inf |  42.75%
 2626s| 98600 |   827 | 25949k| 253.0 |   353M |  39 |1101 |1420 |2801 | 498k|  2 |  24k|  30 | 0.000000e+00 |      --      |    Inf |  42.85%
 2628s| 98700 |   830 | 25967k| 253.0 |   353M |  39 |1101 |1420 |2807 | 498k|  0 |  24k|  30 | 0.000000e+00 |      --      |    Inf |  42.86%
 2629s| 98800 |   832 | 25979k| 252.8 |   353M |  39 |1101 |1421 |2803 | 498k|  1 |  24k|  30 | 0.000000e+00 |      --      |    Inf |  42.88%
 2631s| 98900 |   852 | 25994k| 252.7 |   353M |  39 |1101 |1421 |2834 | 499k|  0 |  24k|  30 | 0.000000e+00 |      --      |    Inf |  42.88%
 2632s| 99000 |   838 | 26009k| 252.6 |   353M |  39 |1101 |1420 |2857 | 499k|  2 |  24k|  30 | 0.000000e+00 |      --      |    Inf |  42.88%
 2634s| 99100 |   837 | 26027k| 252.6 |   353M |  39 |1101 |1421 |2830 | 499k|  0 |  24k|  30 | 0.000000e+00 |      --      |    Inf |  42.89%
 2635s| 99200 |   837 | 26043k| 252.5 |   353M |  39 |1101 |1421 |2956 | 499k|  2 |  24k|  30 | 0.000000e+00 |      --      |    Inf |  42.89%
 2637s| 99300 |   837 | 26057k| 252.4 |   353M |  39 |1101 |1420 |2839 | 499k|  0 |  24k|  30 | 0.000000e+00 |      --      |    Inf |  42.89%
 2638s| 99400 |   840 | 26070k| 252.2 |   353M |  39 |1101 |1420 |2851 | 499k|  0 |  24k|  30 | 0.000000e+00 |      --      |    Inf |  42.89%
 2639s| 99500 |   833 | 26082k| 252.1 |   353M |  39 |1101 |1420 |2563 | 500k|  0 |  24k|  30 | 0.000000e+00 |      --      |    Inf |  42.89%
 2643s| 99600 |   829 | 26119k| 252.2 |   353M |  39 |1101 |1420 |2825 | 500k|  2 |  24k|  30 | 0.000000e+00 |      --      |    Inf |  42.90%
 2646s| 99700 |   825 | 26154k| 252.3 |   353M |  39 |1101 |1420 |2546 | 501k|  2 |  24k|  30 | 0.000000e+00 |      --      |    Inf |  42.96%
 2650s| 99800 |   836 | 26192k| 252.4 |   353M |  39 |1101 |1420 |3018 | 501k|  1 |  24k|  30 | 0.000000e+00 |      --      |    Inf |  43.00%
 time | node  | left  |LP iter|LP it/n|mem/heur|mdpt |vars |cons |rows |cuts |sepa|confs|strbr|  dualbound   | primalbound  |  gap   | compl. 
 2655s| 99900 |   831 | 26242k| 252.7 |   353M |  39 |1101 |1420 |2979 | 502k|  2 |  24k|  30 | 0.000000e+00 |      --      |    Inf |  43.01%
 2659s|100000 |   827 | 26287k| 252.9 |   353M |  39 |1101 |1420 |3054 | 503k|  2 |  24k|  30 | 0.000000e+00 |      --      |    Inf |  43.01%
 2662s|100100 |   819 | 26322k| 253.0 |   353M |  39 |1101 |1420 |   0 | 503k|  0 |  24k|  30 | 0.000000e+00 |      --      |    Inf |  43.01%
 2666s|100200 |   833 | 26359k| 253.1 |   353M |  39 |1101 |1420 |3258 | 504k|  1 |  24k|  30 | 0.000000e+00 |      --      |    Inf |  43.01%
 2669s|100300 |   827 | 26385k| 253.1 |   353M |  39 |1101 |1421 |3288 | 504k|  2 |  24k|  30 | 0.000000e+00 |      --      |    Inf |  43.01%
 2672s|100400 |   824 | 26417k| 253.2 |   353M |  39 |1101 |1421 |3015 | 504k|  2 |  24k|  30 | 0.000000e+00 |      --      |    Inf |  43.01%
 2675s|100500 |   826 | 26456k| 253.3 |   353M |  39 |1101 |1421 |3114 | 505k|  0 |  24k|  30 | 0.000000e+00 |      --      |    Inf |  43.01%
 2679s|100600 |   823 | 26497k| 253.4 |   353M |  39 |1101 |1421 |2980 | 505k|  0 |  24k|  30 | 0.000000e+00 |      --      |    Inf |  43.01%
 2684s|100700 |   827 | 26543k| 253.6 |   353M |  39 |1101 |1421 |3121 | 505k|  1 |  24k|  30 | 0.000000e+00 |      --      |    Inf |  43.01%
 2689s|100800 |   829 | 26597k| 253.9 |   353M |  39 |1101 |1421 |3144 | 506k|  0 |  25k|  30 | 0.000000e+00 |      --      |    Inf |  43.02%
 2692s|100900 |   830 | 26628k| 254.0 |   353M |  39 |1101 |1420 |3071 | 506k|  2 |  25k|  30 | 0.000000e+00 |      --      |    Inf |  43.02%
 2695s|101000 |   831 | 26659k| 254.0 |   353M |  39 |1101 |1419 |2687 | 506k|  2 |  25k|  30 | 0.000000e+00 |      --      |    Inf |  43.02%
 2697s|101100 |   828 | 26683k| 254.0 |   353M |  39 |1101 |1419 |3093 | 507k|  2 |  25k|  30 | 0.000000e+00 |      --      |    Inf |  43.02%
 2699s|101200 |   828 | 26707k| 254.0 |   353M |  39 |1101 |1419 |3082 | 507k|  1 |  25k|  30 | 0.000000e+00 |      --      |    Inf |  43.02%
 2702s|101300 |   833 | 26731k| 254.0 |   353M |  39 |1101 |1419 |   0 | 507k|  0 |  25k|  30 | 0.000000e+00 |      --      |    Inf |  43.03%
 time | node  | left  |LP iter|LP it/n|mem/heur|mdpt |vars |cons |rows |cuts |sepa|confs|strbr|  dualbound   | primalbound  |  gap   | compl. 
 2704s|101400 |   831 | 26753k| 253.9 |   353M |  39 |1101 |1419 |3100 | 508k|  1 |  25k|  30 | 0.000000e+00 |      --      |    Inf |  43.03%
 2706s|101500 |   820 | 26777k| 253.9 |   353M |  39 |1101 |1418 |2703 | 508k|  0 |  25k|  30 | 0.000000e+00 |      --      |    Inf |  43.04%
 2709s|101600 |   848 | 26812k| 254.0 |   353M |  39 |1101 |1418 |3244 | 509k|  2 |  25k|  30 | 0.000000e+00 |      --      |    Inf |  43.06%
 2711s|101700 |   847 | 26834k| 254.0 |   353M |  39 |1101 |1418 |3009 | 509k|  2 |  25k|  30 | 0.000000e+00 |      --      |    Inf |  43.06%
 2714s|101800 |   849 | 26858k| 254.0 |   353M |  39 |1101 |1418 |2961 | 509k|  0 |  25k|  30 | 0.000000e+00 |      --      |    Inf |  43.06%
 2717s|101900 |   865 | 26887k| 254.0 |   353M |  39 |1101 |1418 |   0 | 510k|  0 |  25k|  30 | 0.000000e+00 |      --      |    Inf |  43.06%
 2719s|102000 |   855 | 26913k| 254.0 |   353M |  39 |1101 |1418 |   0 | 510k|  0 |  25k|  30 | 0.000000e+00 |      --      |    Inf |  43.06%
 2722s|102100 |   853 | 26942k| 254.0 |   353M |  39 |1101 |1418 |2952 | 510k|  0 |  25k|  30 | 0.000000e+00 |      --      |    Inf |  43.06%
 2725s|102200 |   855 | 26977k| 254.1 |   353M |  39 |1101 |1418 |3007 | 511k|  2 |  25k|  30 | 0.000000e+00 |      --      |    Inf |  43.06%
 2728s|102300 |   876 | 27007k| 254.2 |   353M |  39 |1101 |1418 |3031 | 511k|  2 |  25k|  30 | 0.000000e+00 |      --      |    Inf |  43.06%
 2730s|102400 |   879 | 27028k| 254.1 |   353M |  39 |1101 |1419 |3063 | 511k|  2 |  25k|  30 | 0.000000e+00 |      --      |    Inf |  43.06%
 2732s|102500 |   888 | 27054k| 254.1 |   353M |  39 |1101 |1419 |2998 | 512k|  2 |  25k|  30 | 0.000000e+00 |      --      |    Inf |  43.06%
 2734s|102600 |   888 | 27074k| 254.1 |   353M |  39 |1101 |1419 |   0 | 512k|  0 |  25k|  30 | 0.000000e+00 |      --      |    Inf |  43.06%
 2737s|102700 |   897 | 27105k| 254.1 |   353M |  39 |1101 |1419 |3018 | 512k|  0 |  25k|  30 | 0.000000e+00 |      --      |    Inf |  43.06%
 2739s|102800 |   899 | 27127k| 254.1 |   353M |  39 |1101 |1420 |   0 | 513k|  0 |  25k|  30 | 0.000000e+00 |      --      |    Inf |  43.06%
 time | node  | left  |LP iter|LP it/n|mem/heur|mdpt |vars |cons |rows |cuts |sepa|confs|strbr|  dualbound   | primalbound  |  gap   | compl. 
 2742s|102900 |   887 | 27150k| 254.1 |   353M |  39 |1101 |1419 |3039 | 513k|  1 |  25k|  30 | 0.000000e+00 |      --      |    Inf |  43.06%
 2745s|103000 |   889 | 27185k| 254.2 |   353M |  39 |1101 |1419 |3124 | 513k|  2 |  25k|  30 | 0.000000e+00 |      --      |    Inf |  43.06%
 2748s|103100 |   895 | 27214k| 254.2 |   353M |  39 |1101 |1419 |   0 | 514k|  0 |  25k|  30 | 0.000000e+00 |      --      |    Inf |  43.06%
 2750s|103200 |   883 | 27235k| 254.2 |   353M |  39 |1101 |1419 |   0 | 514k|  0 |  25k|  30 | 0.000000e+00 |      --      |    Inf |  43.06%
 2752s|103300 |   885 | 27258k| 254.1 |   353M |  39 |1101 |1419 |2929 | 514k|  1 |  25k|  30 | 0.000000e+00 |      --      |    Inf |  43.07%
 2754s|103400 |   881 | 27282k| 254.1 |   353M |  39 |1101 |1419 |2936 | 514k|  0 |  25k|  30 | 0.000000e+00 |      --      |    Inf |  43.07%
 2757s|103500 |   881 | 27311k| 254.2 |   353M |  39 |1101 |1419 |2996 | 515k|  2 |  25k|  30 | 0.000000e+00 |      --      |    Inf |  43.07%
 2760s|103600 |   885 | 27338k| 254.2 |   354M |  39 |1101 |1419 |   0 | 515k|  0 |  25k|  30 | 0.000000e+00 |      --      |    Inf |  43.09%
 2763s|103700 |   891 | 27366k| 254.2 |   354M |  39 |1101 |1419 |3036 | 516k|  2 |  25k|  30 | 0.000000e+00 |      --      |    Inf |  43.10%
 2764s|103800 |   889 | 27386k| 254.2 |   354M |  39 |1101 |1419 |2989 | 516k|  2 |  25k|  30 | 0.000000e+00 |      --      |    Inf |  43.10%
 2766s|103900 |   891 | 27407k| 254.1 |   354M |  39 |1101 |1419 |   0 | 516k|  0 |  25k|  30 | 0.000000e+00 |      --      |    Inf |  43.10%
 2768s|104000 |   888 | 27426k| 254.1 |   354M |  39 |1101 |1420 |2912 | 517k|  2 |  25k|  30 | 0.000000e+00 |      --      |    Inf |  43.10%
 2771s|104100 |   887 | 27458k| 254.1 |   354M |  39 |1101 |1419 |2866 | 517k|  0 |  25k|  30 | 0.000000e+00 |      --      |    Inf |  43.12%
 2774s|104200 |   888 | 27491k| 254.2 |   354M |  39 |1101 |1418 |2932 | 517k|  2 |  25k|  30 | 0.000000e+00 |      --      |    Inf |  43.15%
 2778s|104300 |   897 | 27529k| 254.3 |   354M |  39 |1101 |1421 |2596 | 518k|  2 |  25k|  30 | 0.000000e+00 |      --      |    Inf |  43.35%
 time | node  | left  |LP iter|LP it/n|mem/heur|mdpt |vars |cons |rows |cuts |sepa|confs|strbr|  dualbound   | primalbound  |  gap   | compl. 
 2782s|104400 |   899 | 27577k| 254.5 |   354M |  39 |1101 |1419 |3146 | 519k|  2 |  25k|  30 | 0.000000e+00 |      --      |    Inf |  43.35%
 2785s|104500 |   896 | 27606k| 254.5 |   354M |  39 |1101 |1419 |3163 | 519k|  0 |  25k|  30 | 0.000000e+00 |      --      |    Inf |  43.35%
 2788s|104600 |   910 | 27643k| 254.7 |   354M |  39 |1101 |1419 |   0 | 519k|  0 |  25k|  30 | 0.000000e+00 |      --      |    Inf |  43.35%
 2791s|104700 |   915 | 27674k| 254.7 |   354M |  39 |1101 |1419 |2797 | 520k|  0 |  25k|  30 | 0.000000e+00 |      --      |    Inf |  43.35%
 2794s|104800 |   911 | 27709k| 254.8 |   354M |  39 |1101 |1419 |2623 | 520k|  0 |  25k|  30 | 0.000000e+00 |      --      |    Inf |  43.35%
 2797s|104900 |   909 | 27742k| 254.9 |   354M |  39 |1101 |1419 |2729 | 521k|  0 |  25k|  30 | 0.000000e+00 |      --      |    Inf |  43.35%
 2801s|105000 |   906 | 27781k| 255.0 |   354M |  39 |1101 |1419 |2622 | 521k|  0 |  25k|  30 | 0.000000e+00 |      --      |    Inf |  43.35%
 2804s|105100 |   916 | 27815k| 255.1 |   354M |  39 |1101 |1419 |2663 | 522k|  0 |  25k|  30 | 0.000000e+00 |      --      |    Inf |  43.35%
 2806s|105200 |   907 | 27845k| 255.1 |   354M |  39 |1101 |1419 |2741 | 522k|  2 |  25k|  30 | 0.000000e+00 |      --      |    Inf |  43.36%
 2810s|105300 |   922 | 27881k| 255.2 |   354M |  39 |1101 |1419 |2499 | 523k|  0 |  25k|  30 | 0.000000e+00 |      --      |    Inf |  43.36%
 2812s|105400 |   919 | 27912k| 255.2 |   354M |  39 |1101 |1419 |2499 | 524k|  1 |  25k|  30 | 0.000000e+00 |      --      |    Inf |  43.36%
 2814s|105500 |   914 | 27933k| 255.2 |   354M |  39 |1101 |1419 |3046 | 524k|  2 |  25k|  30 | 0.000000e+00 |      --      |    Inf |  43.36%
 2817s|105600 |   914 | 27961k| 255.2 |   354M |  39 |1101 |1419 |   0 | 524k|  0 |  25k|  30 | 0.000000e+00 |      --      |    Inf |  43.36%
 2819s|105700 |   919 | 27979k| 255.2 |   354M |  39 |1101 |1419 |   0 | 524k|  0 |  25k|  30 | 0.000000e+00 |      --      |    Inf |  43.36%
 2820s|105800 |   913 | 27995k| 255.1 |   354M |  39 |1101 |1419 |2417 | 524k|  0 |  25k|  30 | 0.000000e+00 |      --      |    Inf |  43.36%
 time | node  | left  |LP iter|LP it/n|mem/heur|mdpt |vars |cons |rows |cuts |sepa|confs|strbr|  dualbound   | primalbound  |  gap   | compl. 
 2822s|105900 |   921 | 28018k| 255.1 |   354M |  39 |1101 |1419 |2664 | 525k|  2 |  25k|  30 | 0.000000e+00 |      --      |    Inf |  43.36%
 2825s|106000 |   917 | 28047k| 255.1 |   354M |  39 |1101 |1419 |2508 | 525k|  0 |  25k|  30 | 0.000000e+00 |      --      |    Inf |  43.36%
 2827s|106100 |   916 | 28077k| 255.1 |   354M |  39 |1101 |1419 |2659 | 526k|  0 |  26k|  30 | 0.000000e+00 |      --      |    Inf |  43.36%
 2830s|106200 |   913 | 28106k| 255.2 |   354M |  39 |1101 |1419 |2511 | 526k|  2 |  26k|  30 | 0.000000e+00 |      --      |    Inf |  43.36%
 2833s|106300 |   911 | 28143k| 255.3 |   354M |  39 |1101 |1419 |2580 | 527k|  2 |  26k|  30 | 0.000000e+00 |      --      |    Inf |  43.36%
 2836s|106400 |   908 | 28177k| 255.3 |   354M |  39 |1101 |1419 |2962 | 527k|  0 |  26k|  30 | 0.000000e+00 |      --      |    Inf |  43.36%
 2839s|106500 |   909 | 28207k| 255.4 |   354M |  39 |1101 |1419 |3054 | 528k|  0 |  26k|  30 | 0.000000e+00 |      --      |    Inf |  43.36%
 2842s|106600 |   901 | 28238k| 255.4 |   354M |  39 |1101 |1419 |2591 | 528k|  2 |  26k|  30 | 0.000000e+00 |      --      |    Inf |  43.36%
 2844s|106700 |   910 | 28268k| 255.5 |   354M |  39 |1101 |1420 |2959 | 529k|  0 |  26k|  30 | 0.000000e+00 |      --      |    Inf |  43.36%
 2847s|106800 |   904 | 28302k| 255.5 |   354M |  39 |1101 |1419 |2487 | 529k|  0 |  26k|  30 | 0.000000e+00 |      --      |    Inf |  43.36%
 2850s|106900 |   903 | 28328k| 255.5 |   354M |  39 |1101 |1419 |2932 | 530k|  2 |  26k|  30 | 0.000000e+00 |      --      |    Inf |  43.36%
 2852s|107000 |   896 | 28356k| 255.6 |   354M |  39 |1101 |1419 |3123 | 530k|  0 |  26k|  30 | 0.000000e+00 |      --      |    Inf |  43.42%
 2854s|107100 |   897 | 28375k| 255.5 |   354M |  39 |1101 |1419 |3011 | 530k|  1 |  26k|  30 | 0.000000e+00 |      --      |    Inf |  43.43%
 2856s|107200 |   899 | 28389k| 255.4 |   354M |  39 |1101 |1419 |2492 | 531k|  0 |  26k|  30 | 0.000000e+00 |      --      |    Inf |  43.43%
 2857s|107300 |   898 | 28400k| 255.3 |   354M |  39 |1101 |1419 |   0 | 531k|  0 |  26k|  30 | 0.000000e+00 |      --      |    Inf |  43.43%
 time | node  | left  |LP iter|LP it/n|mem/heur|mdpt |vars |cons |rows |cuts |sepa|confs|strbr|  dualbound   | primalbound  |  gap   | compl. 
 2858s|107400 |   895 | 28413k| 255.2 |   354M |  39 |1101 |1419 |2901 | 531k|  1 |  26k|  30 | 0.000000e+00 |      --      |    Inf |  43.43%
 2859s|107500 |   892 | 28429k| 255.1 |   354M |  39 |1101 |1419 |2478 | 531k|  0 |  26k|  30 | 0.000000e+00 |      --      |    Inf |  43.43%
 2861s|107600 |   893 | 28447k| 255.0 |   354M |  39 |1101 |1419 |3285 | 531k|  0 |  26k|  30 | 0.000000e+00 |      --      |    Inf |  43.44%
 2864s|107700 |   888 | 28474k| 255.0 |   354M |  39 |1101 |1419 |3160 | 531k|  0 |  26k|  30 | 0.000000e+00 |      --      |    Inf |  43.46%
 2866s|107800 |   891 | 28490k| 254.9 |   354M |  39 |1101 |1419 |3258 | 532k|  2 |  26k|  30 | 0.000000e+00 |      --      |    Inf |  43.47%
 2868s|107900 |   886 | 28509k| 254.9 |   354M |  39 |1101 |1420 |2672 | 532k|  2 |  26k|  30 | 0.000000e+00 |      --      |    Inf |  43.50%
 2869s|108000 |   886 | 28525k| 254.8 |   354M |  39 |1101 |1420 |2702 | 532k|  2 |  26k|  30 | 0.000000e+00 |      --      |    Inf |  43.50%
 2871s|108100 |   895 | 28539k| 254.7 |   354M |  39 |1101 |1420 |2589 | 532k|  0 |  26k|  30 | 0.000000e+00 |      --      |    Inf |  43.51%
 2872s|108200 |   893 | 28556k| 254.6 |   354M |  39 |1101 |1420 |2582 | 533k|  1 |  26k|  30 | 0.000000e+00 |      --      |    Inf |  43.51%
 2875s|108300 |   895 | 28582k| 254.6 |   354M |  39 |1101 |1420 |2644 | 533k|  0 |  26k|  30 | 0.000000e+00 |      --      |    Inf |  43.51%
 2877s|108400 |   894 | 28606k| 254.6 |   354M |  39 |1101 |1420 |2621 | 534k|  2 |  26k|  30 | 0.000000e+00 |      --      |    Inf |  43.51%
 2880s|108500 |   890 | 28639k| 254.7 |   354M |  39 |1101 |1420 |2753 | 534k|  0 |  26k|  30 | 0.000000e+00 |      --      |    Inf |  43.51%
 2882s|108600 |   895 | 28669k| 254.7 |   354M |  39 |1101 |1420 |2667 | 535k|  2 |  26k|  30 | 0.000000e+00 |      --      |    Inf |  43.52%
 2884s|108700 |   898 | 28690k| 254.7 |   354M |  39 |1101 |1420 |   0 | 535k|  0 |  26k|  30 | 0.000000e+00 |      --      |    Inf |  43.52%
 2887s|108800 |   900 | 28724k| 254.8 |   354M |  39 |1101 |1420 |2868 | 536k|  2 |  26k|  30 | 0.000000e+00 |      --      |    Inf |  43.52%
 time | node  | left  |LP iter|LP it/n|mem/heur|mdpt |vars |cons |rows |cuts |sepa|confs|strbr|  dualbound   | primalbound  |  gap   | compl. 
 2893s|108900 |   910 | 28782k| 255.0 |   354M |  39 |1101 |1420 |2931 | 537k|  2 |  27k|  30 | 0.000000e+00 |      --      |    Inf |  43.52%
 2897s|109000 |   909 | 28829k| 255.2 |   354M |  39 |1101 |1420 |2897 | 538k|  0 |  27k|  30 | 0.000000e+00 |      --      |    Inf |  43.52%
 2902s|109100 |   905 | 28874k| 255.4 |   354M |  39 |1101 |1420 |2901 | 539k|  0 |  27k|  30 | 0.000000e+00 |      --      |    Inf |  43.52%
 2906s|109200 |   896 | 28923k| 255.6 |   354M |  39 |1101 |1420 |2799 | 539k|  2 |  27k|  30 | 0.000000e+00 |      --      |    Inf |  43.52%
 2910s|109300 |   895 | 28962k| 255.7 |   354M |  39 |1101 |1420 |2978 | 540k|  2 |  27k|  30 | 0.000000e+00 |      --      |    Inf |  43.52%
 2913s|109400 |   889 | 28994k| 255.8 |   354M |  39 |1101 |1418 |2852 | 540k|  2 |  27k|  30 | 0.000000e+00 |      --      |    Inf |  43.53%
 2916s|109500 |   887 | 29028k| 255.9 |   354M |  39 |1101 |1418 |   0 | 540k|  0 |  27k|  30 | 0.000000e+00 |      --      |    Inf |  43.54%
 2919s|109600 |   892 | 29056k| 255.9 |   354M |  39 |1101 |1418 |3436 | 541k|  2 |  27k|  30 | 0.000000e+00 |      --      |    Inf |  43.56%
 2922s|109700 |   891 | 29091k| 256.0 |   354M |  39 |1101 |1418 |2657 | 541k|  0 |  27k|  30 | 0.000000e+00 |      --      |    Inf |  43.57%
 2924s|109800 |   896 | 29112k| 255.9 |   354M |  39 |1101 |1418 |   0 | 541k|  0 |  27k|  30 | 0.000000e+00 |      --      |    Inf |  43.57%
 2927s|109900 |   887 | 29136k| 255.9 |   354M |  39 |1101 |1418 |2620 | 542k|  0 |  27k|  30 | 0.000000e+00 |      --      |    Inf |  43.59%
 2929s|110000 |   887 | 29168k| 256.0 |   354M |  39 |1101 |1418 |3058 | 542k|  0 |  27k|  30 | 0.000000e+00 |      --      |    Inf |  43.60%
 2932s|110100 |   887 | 29200k| 256.0 |   354M |  39 |1101 |1418 |2805 | 543k|  2 |  27k|  30 | 0.000000e+00 |      --      |    Inf |  43.60%
 2936s|110200 |   892 | 29238k| 256.1 |   354M |  39 |1101 |1418 |2913 | 543k|  0 |  27k|  30 | 0.000000e+00 |      --      |    Inf |  43.62%
 2939s|110300 |   889 | 29266k| 256.2 |   354M |  39 |1101 |1418 |2963 | 543k|  2 |  27k|  30 | 0.000000e+00 |      --      |    Inf |  43.62%
 time | node  | left  |LP iter|LP it/n|mem/heur|mdpt |vars |cons |rows |cuts |sepa|confs|strbr|  dualbound   | primalbound  |  gap   | compl. 
 2941s|110400 |   902 | 29293k| 256.2 |   354M |  39 |1101 |1418 |   0 | 544k|  0 |  27k|  30 | 0.000000e+00 |      --      |    Inf |  43.62%
 2943s|110500 |   901 | 29316k| 256.1 |   354M |  39 |1101 |1418 |2888 | 544k|  2 |  27k|  30 | 0.000000e+00 |      --      |    Inf |  43.62%
 2945s|110600 |   890 | 29339k| 256.1 |   354M |  39 |1101 |1420 |2918 | 545k|  2 |  27k|  30 | 0.000000e+00 |      --      |    Inf |  43.63%
 2950s|110700 |   886 | 29383k| 256.3 |   354M |  39 |1101 |1420 |3299 | 545k|  1 |  27k|  30 | 0.000000e+00 |      --      |    Inf |  43.65%
 2954s|110800 |   890 | 29427k| 256.4 |   354M |  39 |1101 |1420 |3300 | 545k|  1 |  27k|  30 | 0.000000e+00 |      --      |    Inf |  43.65%
 2958s|110900 |   887 | 29470k| 256.6 |   354M |  39 |1101 |1420 |3278 | 546k|  2 |  27k|  30 | 0.000000e+00 |      --      |    Inf |  43.65%
 2963s|111000 |   885 | 29520k| 256.8 |   354M |  39 |1101 |1420 |   0 | 546k|  0 |  27k|  30 | 0.000000e+00 |      --      |    Inf |  43.68%
 2967s|111100 |   879 | 29566k| 257.0 |   354M |  39 |1101 |1420 |2546 | 546k|  0 |  27k|  30 | 0.000000e+00 |      --      |    Inf |  43.71%
 2970s|111200 |   885 | 29597k| 257.0 |   354M |  39 |1101 |1420 |2997 | 547k|  1 |  27k|  30 | 0.000000e+00 |      --      |    Inf |  43.76%
 2973s|111300 |   887 | 29619k| 257.0 |   354M |  39 |1101 |1420 |2967 | 547k|  2 |  27k|  30 | 0.000000e+00 |      --      |    Inf |  43.76%
 2975s|111400 |   883 | 29645k| 257.0 |   354M |  39 |1101 |1419 |2967 | 547k|  0 |  27k|  30 | 0.000000e+00 |      --      |    Inf |  43.76%
 2978s|111500 |   903 | 29676k| 257.0 |   354M |  39 |1101 |1419 |2914 | 548k|  1 |  27k|  30 | 0.000000e+00 |      --      |    Inf |  43.76%
 2980s|111600 |   902 | 29697k| 257.0 |   354M |  39 |1101 |1419 |2960 | 548k|  2 |  27k|  30 | 0.000000e+00 |      --      |    Inf |  43.76%
 2982s|111700 |   903 | 29718k| 257.0 |   354M |  39 |1101 |1419 |   0 | 548k|  0 |  27k|  30 | 0.000000e+00 |      --      |    Inf |  43.76%
 2984s|111800 |   901 | 29737k| 256.9 |   354M |  39 |1101 |1419 |2948 | 548k|  1 |  27k|  30 | 0.000000e+00 |      --      |    Inf |  43.76%
 time | node  | left  |LP iter|LP it/n|mem/heur|mdpt |vars |cons |rows |cuts |sepa|confs|strbr|  dualbound   | primalbound  |  gap   | compl. 
 2985s|111900 |   896 | 29758k| 256.9 |   354M |  39 |1101 |1420 |   0 | 548k|  0 |  27k|  30 | 0.000000e+00 |      --      |    Inf |  43.76%
 2987s|112000 |   892 | 29777k| 256.8 |   354M |  39 |1101 |1420 |2970 | 548k|  1 |  27k|  30 | 0.000000e+00 |      --      |    Inf |  43.76%
 2990s|112100 |   898 | 29805k| 256.8 |   354M |  39 |1101 |1420 |2936 | 549k|  1 |  27k|  30 | 0.000000e+00 |      --      |    Inf |  43.76%
 2993s|112200 |   879 | 29835k| 256.9 |   354M |  39 |1101 |1420 |2938 | 549k|  0 |  27k|  30 | 0.000000e+00 |      --      |    Inf |  43.83%
 2997s|112300 |   877 | 29875k| 257.0 |   354M |  39 |1101 |1420 |3258 | 549k|  0 |  27k|  30 | 0.000000e+00 |      --      |    Inf |  43.89%
 3000s|112400 |   877 | 29910k| 257.1 |   354M |  39 |1101 |1420 |3083 | 550k|  2 |  27k|  30 | 0.000000e+00 |      --      |    Inf |  43.95%
 3003s|112500 |   874 | 29940k| 257.1 |   354M |  39 |1101 |1420 |2604 | 550k|  2 |  27k|  30 | 0.000000e+00 |      --      |    Inf |  43.98%
 3005s|112600 |   878 | 29965k| 257.1 |   354M |  39 |1101 |1420 |2427 | 551k|  2 |  27k|  30 | 0.000000e+00 |      --      |    Inf |  43.98%
 3008s|112700 |   876 | 29998k| 257.2 |   355M |  39 |1101 |1420 |3427 | 552k|  2 |  27k|  30 | 0.000000e+00 |      --      |    Inf |  44.03%
 3012s|112800 |   881 | 30038k| 257.3 |   355M |  39 |1101 |1420 |2802 | 553k|  2 |  27k|  30 | 0.000000e+00 |      --      |    Inf |  44.07%
 3015s|112900 |   877 | 30070k| 257.3 |   355M |  39 |1101 |1420 |2765 | 553k|  1 |  27k|  30 | 0.000000e+00 |      --      |    Inf |  44.08%
 3019s|113000 |   885 | 30109k| 257.4 |   355M |  39 |1101 |1420 |2920 | 553k|  0 |  27k|  30 | 0.000000e+00 |      --      |    Inf |  44.12%
 3022s|113100 |   897 | 30144k| 257.5 |   355M |  39 |1101 |1420 |3168 | 554k|  1 |  28k|  30 | 0.000000e+00 |      --      |    Inf |  44.13%
 3025s|113200 |   919 | 30171k| 257.5 |   355M |  39 |1101 |1421 |2696 | 555k|  2 |  28k|  30 | 0.000000e+00 |      --      |    Inf |  44.16%
 3027s|113300 |   918 | 30198k| 257.5 |   355M |  39 |1101 |1420 |2743 | 556k|  2 |  28k|  30 | 0.000000e+00 |      --      |    Inf |  44.16%
 time | node  | left  |LP iter|LP it/n|mem/heur|mdpt |vars |cons |rows |cuts |sepa|confs|strbr|  dualbound   | primalbound  |  gap   | compl. 
 3030s|113400 |   922 | 30227k| 257.6 |   355M |  39 |1101 |1420 |2628 | 557k|  2 |  28k|  30 | 0.000000e+00 |      --      |    Inf |  44.16%
 3032s|113500 |   922 | 30254k| 257.6 |   355M |  39 |1101 |1420 |2512 | 558k|  2 |  28k|  30 | 0.000000e+00 |      --      |    Inf |  44.16%
 3036s|113600 |   938 | 30293k| 257.7 |   356M |  39 |1101 |1420 |2758 | 559k|  0 |  28k|  30 | 0.000000e+00 |      --      |    Inf |  44.17%
 3040s|113700 |   936 | 30324k| 257.7 |   356M |  39 |1101 |1420 |2633 | 560k|  2 |  28k|  30 | 0.000000e+00 |      --      |    Inf |  44.17%
 3042s|113800 |   935 | 30353k| 257.8 |   356M |  39 |1101 |1421 |2901 | 561k|  2 |  28k|  30 | 0.000000e+00 |      --      |    Inf |  44.17%
 3046s|113900 |   942 | 30387k| 257.8 |   356M |  39 |1101 |1419 |3024 | 562k|  2 |  28k|  30 | 0.000000e+00 |      --      |    Inf |  44.18%
 3048s|114000 |   939 | 30413k| 257.8 |   356M |  39 |1101 |1419 |2708 | 563k|  2 |  28k|  30 | 0.000000e+00 |      --      |    Inf |  44.18%
 3052s|114100 |   936 | 30447k| 257.9 |   356M |  39 |1101 |1419 |   0 | 564k|  0 |  28k|  30 | 0.000000e+00 |      --      |    Inf |  44.18%
 3055s|114200 |   938 | 30478k| 258.0 |   356M |  39 |1101 |1419 |2729 | 565k|  2 |  28k|  30 | 0.000000e+00 |      --      |    Inf |  44.19%
 3057s|114300 |   928 | 30509k| 258.0 |   356M |  39 |1101 |1419 |2684 | 565k|  0 |  28k|  30 | 0.000000e+00 |      --      |    Inf |  44.19%
 3060s|114400 |   932 | 30540k| 258.0 |   356M |  39 |1101 |1419 |2654 | 566k|  0 |  28k|  30 | 0.000000e+00 |      --      |    Inf |  44.19%
 3063s|114500 |   920 | 30574k| 258.1 |   356M |  39 |1101 |1420 |   0 | 567k|  0 |  28k|  30 | 0.000000e+00 |      --      |    Inf |  44.19%
 3066s|114600 |   908 | 30601k| 258.1 |   356M |  39 |1101 |1420 |   0 | 568k|  0 |  28k|  30 | 0.000000e+00 |      --      |    Inf |  44.19%
 3068s|114700 |   910 | 30627k| 258.1 |   356M |  39 |1101 |1420 |   0 | 568k|  0 |  28k|  30 | 0.000000e+00 |      --      |    Inf |  44.20%
 3071s|114800 |   913 | 30653k| 258.1 |   356M |  39 |1101 |1420 |2666 | 569k|  2 |  28k|  30 | 0.000000e+00 |      --      |    Inf |  44.20%
 time | node  | left  |LP iter|LP it/n|mem/heur|mdpt |vars |cons |rows |cuts |sepa|confs|strbr|  dualbound   | primalbound  |  gap   | compl. 
 3074s|114900 |   912 | 30689k| 258.2 |   356M |  39 |1101 |1420 |   0 | 570k|  0 |  28k|  30 | 0.000000e+00 |      --      |    Inf |  44.21%
 3078s|115000 |   909 | 30728k| 258.3 |   356M |  39 |1101 |1420 |2737 | 571k|  2 |  28k|  30 | 0.000000e+00 |      --      |    Inf |  44.21%
 3080s|115100 |   903 | 30756k| 258.3 |   356M |  39 |1101 |1420 |2626 | 571k|  0 |  28k|  30 | 0.000000e+00 |      --      |    Inf |  44.24%
 3084s|115200 |   915 | 30800k| 258.5 |   356M |  39 |1101 |1420 |   0 | 572k|  0 |  28k|  30 | 0.000000e+00 |      --      |    Inf |  44.24%
 3087s|115300 |   912 | 30832k| 258.5 |   356M |  39 |1101 |1420 |2830 | 573k|  0 |  28k|  30 | 0.000000e+00 |      --      |    Inf |  44.24%
 3090s|115400 |   916 | 30864k| 258.6 |   356M |  39 |1101 |1420 |   0 | 573k|  0 |  28k|  30 | 0.000000e+00 |      --      |    Inf |  44.24%
 3093s|115500 |   908 | 30897k| 258.7 |   356M |  39 |1101 |1420 |2880 | 574k|  2 |  28k|  30 | 0.000000e+00 |      --      |    Inf |  44.24%
 3097s|115600 |   909 | 30931k| 258.7 |   356M |  39 |1101 |1420 |2953 | 574k|  0 |  28k|  30 | 0.000000e+00 |      --      |    Inf |  44.24%
 3100s|115700 |   904 | 30971k| 258.8 |   356M |  39 |1101 |1420 |2910 | 575k|  0 |  28k|  30 | 0.000000e+00 |      --      |    Inf |  44.24%
 3103s|115800 |   909 | 30998k| 258.8 |   356M |  39 |1101 |1419 |2794 | 575k|  2 |  28k|  30 | 0.000000e+00 |      --      |    Inf |  44.25%
 3105s|115900 |   905 | 31025k| 258.9 |   356M |  39 |1101 |1419 |2770 | 576k|  2 |  28k|  30 | 0.000000e+00 |      --      |    Inf |  44.28%
 3108s|116000 |   903 | 31049k| 258.8 |   356M |  39 |1101 |1419 |3345 | 577k|  0 |  28k|  30 | 0.000000e+00 |      --      |    Inf |  44.28%
 3111s|116100 |   893 | 31089k| 259.0 |   356M |  39 |1101 |1419 |2881 | 577k|  0 |  28k|  30 | 0.000000e+00 |      --      |    Inf |  44.38%
 3116s|116200 |   908 | 31133k| 259.1 |   356M |  39 |1101 |1419 |3218 | 578k|  0 |  28k|  30 | 0.000000e+00 |      --      |    Inf |  44.38%
 3119s|116300 |   916 | 31170k| 259.2 |   356M |  39 |1101 |1419 |3257 | 578k|  2 |  28k|  30 | 0.000000e+00 |      --      |    Inf |  44.38%
 time | node  | left  |LP iter|LP it/n|mem/heur|mdpt |vars |cons |rows |cuts |sepa|confs|strbr|  dualbound   | primalbound  |  gap   | compl. 
 3122s|116400 |   901 | 31196k| 259.2 |   356M |  39 |1101 |1419 |2593 | 578k|  0 |  28k|  30 | 0.000000e+00 |      --      |    Inf |  44.40%
 3125s|116500 |   907 | 31233k| 259.3 |   356M |  39 |1101 |1419 |2648 | 579k|  0 |  28k|  30 | 0.000000e+00 |      --      |    Inf |  44.43%
 3128s|116600 |   911 | 31262k| 259.3 |   356M |  39 |1101 |1419 |3079 | 580k|  1 |  28k|  30 | 0.000000e+00 |      --      |    Inf |  44.53%
 3131s|116700 |   927 | 31289k| 259.3 |   356M |  39 |1101 |1419 |3117 | 580k|  2 |  28k|  30 | 0.000000e+00 |      --      |    Inf |  44.53%
 3134s|116800 |   922 | 31318k| 259.4 |   356M |  39 |1101 |1419 |   0 | 580k|  0 |  28k|  30 | 0.000000e+00 |      --      |    Inf |  44.53%
 3136s|116900 |   927 | 31340k| 259.3 |   356M |  39 |1101 |1419 |3092 | 580k|  1 |  28k|  30 | 0.000000e+00 |      --      |    Inf |  44.53%
 3139s|117000 |   936 | 31369k| 259.4 |   356M |  39 |1101 |1419 |3098 | 581k|  1 |  28k|  30 | 0.000000e+00 |      --      |    Inf |  44.53%
 3141s|117100 |   931 | 31398k| 259.4 |   356M |  39 |1101 |1419 |   0 | 581k|  0 |  28k|  30 | 0.000000e+00 |      --      |    Inf |  44.53%
 3144s|117200 |   922 | 31423k| 259.4 |   356M |  39 |1101 |1419 |   0 | 581k|  0 |  28k|  30 | 0.000000e+00 |      --      |    Inf |  44.53%
 3147s|117300 |   919 | 31459k| 259.4 |   356M |  39 |1101 |1419 |2825 | 582k|  0 |  28k|  30 | 0.000000e+00 |      --      |    Inf |  44.53%
 3152s|117400 |   922 | 31502k| 259.6 |   356M |  39 |1101 |1419 |2872 | 582k|  0 |  28k|  30 | 0.000000e+00 |      --      |    Inf |  44.54%
 3157s|117500 |   922 | 31553k| 259.8 |   356M |  39 |1101 |1419 |2977 | 583k|  2 |  29k|  30 | 0.000000e+00 |      --      |    Inf |  44.54%
 3162s|117600 |   928 | 31607k| 260.0 |   356M |  39 |1101 |1419 |3070 | 583k|  2 |  29k|  30 | 0.000000e+00 |      --      |    Inf |  44.54%
 3164s|117700 |   928 | 31632k| 260.0 |   356M |  39 |1101 |1419 |3087 | 584k|  2 |  29k|  30 | 0.000000e+00 |      --      |    Inf |  44.54%
 3167s|117800 |   925 | 31660k| 260.0 |   356M |  39 |1101 |1419 |2854 | 584k|  2 |  29k|  30 | 0.000000e+00 |      --      |    Inf |  44.54%
 time | node  | left  |LP iter|LP it/n|mem/heur|mdpt |vars |cons |rows |cuts |sepa|confs|strbr|  dualbound   | primalbound  |  gap   | compl. 
 3170s|117900 |   921 | 31695k| 260.1 |   356M |  39 |1101 |1419 |2413 | 584k|  0 |  29k|  30 | 0.000000e+00 |      --      |    Inf |  44.54%
 3174s|118000 |   932 | 31733k| 260.2 |   356M |  39 |1101 |1419 |2888 | 585k|  0 |  29k|  30 | 0.000000e+00 |      --      |    Inf |  44.54%
 3177s|118100 |   930 | 31763k| 260.2 |   356M |  39 |1101 |1420 |3179 | 585k|  1 |  29k|  30 | 0.000000e+00 |      --      |    Inf |  44.55%
 3180s|118200 |   930 | 31798k| 260.3 |   356M |  39 |1101 |1420 |3275 | 586k|  0 |  29k|  30 | 0.000000e+00 |      --      |    Inf |  44.56%
 3182s|118300 |   932 | 31821k| 260.3 |   356M |  39 |1101 |1420 |3150 | 586k|  1 |  29k|  30 | 0.000000e+00 |      --      |    Inf |  44.56%
 3186s|118400 |   943 | 31858k| 260.4 |   356M |  39 |1101 |1420 |   0 | 587k|  0 |  29k|  30 | 0.000000e+00 |      --      |    Inf |  44.56%
 3188s|118500 |   941 | 31886k| 260.4 |   356M |  39 |1101 |1421 |   0 | 588k|  0 |  29k|  30 | 0.000000e+00 |      --      |    Inf |  44.56%
 3191s|118600 |   946 | 31911k| 260.4 |   356M |  39 |1101 |1420 |   0 | 589k|  0 |  29k|  30 | 0.000000e+00 |      --      |    Inf |  44.56%
 3193s|118700 |   954 | 31938k| 260.4 |   356M |  39 |1101 |1420 |2576 | 590k|  0 |  29k|  30 | 0.000000e+00 |      --      |    Inf |  44.56%
 3196s|118800 |   943 | 31967k| 260.4 |   356M |  39 |1101 |1420 |2626 | 591k|  2 |  29k|  30 | 0.000000e+00 |      --      |    Inf |  44.56%
 3198s|118900 |   938 | 31994k| 260.4 |   356M |  39 |1101 |1420 |2618 | 592k|  2 |  29k|  30 | 0.000000e+00 |      --      |    Inf |  44.56%
 3200s|119000 |   938 | 32018k| 260.4 |   356M |  39 |1101 |1420 |2614 | 593k|  0 |  29k|  30 | 0.000000e+00 |      --      |    Inf |  44.56%
 3203s|119100 |   935 | 32043k| 260.4 |   356M |  39 |1101 |1420 |2513 | 594k|  0 |  29k|  30 | 0.000000e+00 |      --      |    Inf |  44.56%
 3205s|119200 |   932 | 32067k| 260.4 |   356M |  39 |1101 |1420 |   0 | 595k|  0 |  29k|  30 | 0.000000e+00 |      --      |    Inf |  44.56%
 3207s|119300 |   936 | 32088k| 260.3 |   356M |  39 |1101 |1420 |2561 | 596k|  2 |  29k|  30 | 0.000000e+00 |      --      |    Inf |  44.56%
 time | node  | left  |LP iter|LP it/n|mem/heur|mdpt |vars |cons |rows |cuts |sepa|confs|strbr|  dualbound   | primalbound  |  gap   | compl. 
 3209s|119400 |   938 | 32115k| 260.4 |   356M |  39 |1101 |1420 |2639 | 596k|  2 |  29k|  30 | 0.000000e+00 |      --      |    Inf |  44.57%
 3213s|119500 |   939 | 32158k| 260.5 |   356M |  39 |1101 |1420 |2716 | 597k|  2 |  29k|  30 | 0.000000e+00 |      --      |    Inf |  44.57%
 3215s|119600 |   939 | 32184k| 260.5 |   356M |  39 |1101 |1420 |2595 | 598k|  0 |  29k|  30 | 0.000000e+00 |      --      |    Inf |  44.57%
 3218s|119700 |   939 | 32210k| 260.5 |   356M |  39 |1101 |1419 |2954 | 598k|  2 |  29k|  30 | 0.000000e+00 |      --      |    Inf |  44.58%
 3221s|119800 |   936 | 32244k| 260.6 |   356M |  39 |1101 |1419 |3389 | 598k|  0 |  29k|  30 | 0.000000e+00 |      --      |    Inf |  44.58%
 3224s|119900 |   940 | 32280k| 260.6 |   356M |  39 |1101 |1419 |   0 | 599k|  0 |  29k|  30 | 0.000000e+00 |      --      |    Inf |  44.58%
 3228s|120000 |   936 | 32318k| 260.7 |   356M |  39 |1101 |1419 |3405 | 599k|  1 |  29k|  30 | 0.000000e+00 |      --      |    Inf |  44.59%
 3232s|120100 |   935 | 32359k| 260.8 |   356M |  39 |1101 |1419 |   0 | 599k|  0 |  29k|  30 | 0.000000e+00 |      --      |    Inf |  44.59%
 3237s|120200 |   934 | 32407k| 261.0 |   356M |  39 |1101 |1420 |3409 | 599k|  0 |  29k|  30 | 0.000000e+00 |      --      |    Inf |  44.61%
 3242s|120300 |   936 | 32456k| 261.2 |   356M |  39 |1101 |1420 |3421 | 599k|  0 |  29k|  30 | 0.000000e+00 |      --      |    Inf |  44.61%
 3245s|120400 |   930 | 32493k| 261.3 |   356M |  39 |1101 |1420 |2717 | 599k|  2 |  29k|  30 | 0.000000e+00 |      --      |    Inf |  44.62%
 3249s|120500 |   936 | 32528k| 261.4 |   356M |  39 |1101 |1420 |3391 | 600k|  0 |  29k|  30 | 0.000000e+00 |      --      |    Inf |  44.62%
 3252s|120600 |   929 | 32560k| 261.4 |   356M |  39 |1101 |1420 |3387 | 600k|  2 |  29k|  30 | 0.000000e+00 |      --      |    Inf |  44.62%
 3254s|120700 |   946 | 32582k| 261.4 |   356M |  39 |1101 |1420 |2353 | 600k|  1 |  29k|  30 | 0.000000e+00 |      --      |    Inf |  44.64%
 3256s|120800 |   944 | 32602k| 261.3 |   356M |  39 |1101 |1420 |   0 | 601k|  0 |  29k|  30 | 0.000000e+00 |      --      |    Inf |  44.64%
 time | node  | left  |LP iter|LP it/n|mem/heur|mdpt |vars |cons |rows |cuts |sepa|confs|strbr|  dualbound   | primalbound  |  gap   | compl. 
 3259s|120900 |   940 | 32636k| 261.4 |   356M |  39 |1101 |1420 |2999 | 602k|  2 |  29k|  30 | 0.000000e+00 |      --      |    Inf |  44.64%
 3261s|121000 |   941 | 32660k| 261.4 |   356M |  39 |1101 |1420 |   0 | 602k|  0 |  29k|  30 | 0.000000e+00 |      --      |    Inf |  44.64%
 3263s|121100 |   946 | 32687k| 261.4 |   356M |  39 |1101 |1420 |2537 | 603k|  2 |  29k|  30 | 0.000000e+00 |      --      |    Inf |  44.64%
 3266s|121200 |   936 | 32717k| 261.4 |   356M |  39 |1101 |1420 |   0 | 604k|  0 |  29k|  30 | 0.000000e+00 |      --      |    Inf |  44.64%
 3267s|121300 |   944 | 32738k| 261.4 |   356M |  39 |1101 |1420 |2477 | 605k|  0 |  29k|  30 | 0.000000e+00 |      --      |    Inf |  44.64%
 3270s|121400 |   930 | 32768k| 261.4 |   356M |  39 |1101 |1420 |2989 | 605k|  2 |  30k|  30 | 0.000000e+00 |      --      |    Inf |  44.64%
 3271s|121500 |   933 | 32783k| 261.3 |   356M |  39 |1101 |1420 |2430 | 606k|  2 |  30k|  30 | 0.000000e+00 |      --      |    Inf |  44.64%
 3273s|121600 |   933 | 32799k| 261.2 |   356M |  39 |1101 |1420 |2380 | 607k|  2 |  30k|  30 | 0.000000e+00 |      --      |    Inf |  44.64%
 3276s|121700 |   932 | 32836k| 261.3 |   356M |  39 |1101 |1420 |2720 | 608k|  2 |  30k|  30 | 0.000000e+00 |      --      |    Inf |  44.64%
 3279s|121800 |   932 | 32875k| 261.4 |   356M |  39 |1101 |1420 |2780 | 609k|  0 |  30k|  30 | 0.000000e+00 |      --      |    Inf |  44.64%
 3282s|121900 |   937 | 32910k| 261.5 |   357M |  39 |1101 |1419 |2683 | 610k|  2 |  30k|  30 | 0.000000e+00 |      --      |    Inf |  44.75%
 3285s|122000 |   923 | 32942k| 261.5 |   357M |  39 |1101 |1419 |2572 | 610k|  2 |  30k|  30 | 0.000000e+00 |      --      |    Inf |  44.76%
 3288s|122100 |   925 | 32968k| 261.5 |   357M |  39 |1101 |1419 |   0 | 611k|  0 |  30k|  30 | 0.000000e+00 |      --      |    Inf |  44.76%
 3290s|122200 |   922 | 32997k| 261.6 |   357M |  39 |1101 |1419 |   0 | 611k|  0 |  30k|  30 | 0.000000e+00 |      --      |    Inf |  44.76%
 3293s|122300 |   929 | 33022k| 261.6 |   357M |  39 |1101 |1419 |   0 | 612k|  0 |  30k|  30 | 0.000000e+00 |      --      |    Inf |  44.76%
 time | node  | left  |LP iter|LP it/n|mem/heur|mdpt |vars |cons |rows |cuts |sepa|confs|strbr|  dualbound   | primalbound  |  gap   | compl. 
 3295s|122400 |   923 | 33043k| 261.5 |   357M |  39 |1101 |1420 |2626 | 613k|  2 |  30k|  30 | 0.000000e+00 |      --      |    Inf |  44.76%
 3297s|122500 |   924 | 33067k| 261.5 |   357M |  39 |1101 |1419 |2636 | 613k|  2 |  30k|  30 | 0.000000e+00 |      --      |    Inf |  44.76%
 3299s|122600 |   923 | 33091k| 261.5 |   357M |  39 |1101 |1420 |2699 | 614k|  2 |  30k|  30 | 0.000000e+00 |      --      |    Inf |  44.76%
 3301s|122700 |   916 | 33113k| 261.4 |   357M |  39 |1101 |1420 |2545 | 615k|  0 |  30k|  30 | 0.000000e+00 |      --      |    Inf |  44.77%
 3303s|122800 |   916 | 33135k| 261.4 |   357M |  39 |1101 |1419 |   0 | 616k|  0 |  30k|  30 | 0.000000e+00 |      --      |    Inf |  44.77%
 3306s|122900 |   916 | 33167k| 261.5 |   357M |  39 |1101 |1419 |3111 | 617k|  0 |  30k|  30 | 0.000000e+00 |      --      |    Inf |  44.78%
 3310s|123000 |   914 | 33206k| 261.6 |   358M |  39 |1101 |1419 |2961 | 617k|  2 |  30k|  30 | 0.000000e+00 |      --      |    Inf |  44.84%
 3313s|123100 |   919 | 33244k| 261.7 |   358M |  39 |1101 |1419 |2519 | 618k|  1 |  30k|  30 | 0.000000e+00 |      --      |    Inf |  44.85%
 3316s|123200 |   910 | 33282k| 261.8 |   358M |  39 |1101 |1419 |2739 | 619k|  2 |  30k|  30 | 0.000000e+00 |      --      |    Inf |  44.89%
 3319s|123300 |   906 | 33313k| 261.8 |   358M |  39 |1101 |1419 |2587 | 619k|  0 |  30k|  30 | 0.000000e+00 |      --      |    Inf |  44.90%
 3322s|123400 |   911 | 33348k| 261.9 |   358M |  39 |1101 |1419 |2993 | 620k|  2 |  30k|  30 | 0.000000e+00 |      --      |    Inf |  44.91%
 3326s|123500 |   913 | 33387k| 262.0 |   358M |  39 |1101 |1418 |2950 | 621k|  0 |  30k|  30 | 0.000000e+00 |      --      |    Inf |  44.92%
 3331s|123600 |   914 | 33442k| 262.2 |   358M |  39 |1101 |1418 |   0 | 622k|  0 |  30k|  30 | 0.000000e+00 |      --      |    Inf |  44.93%
 3334s|123700 |   926 | 33471k| 262.2 |   359M |  39 |1101 |1418 |   0 | 623k|  0 |  30k|  30 | 0.000000e+00 |      --      |    Inf |  44.94%
 3337s|123800 |   936 | 33502k| 262.2 |   359M |  39 |1101 |1418 |2578 | 623k|  2 |  30k|  30 | 0.000000e+00 |      --      |    Inf |  45.03%
 time | node  | left  |LP iter|LP it/n|mem/heur|mdpt |vars |cons |rows |cuts |sepa|confs|strbr|  dualbound   | primalbound  |  gap   | compl. 
 3339s|123900 |   930 | 33523k| 262.2 |   359M |  39 |1101 |1418 |   0 | 624k|  0 |  30k|  30 | 0.000000e+00 |      --      |    Inf |  45.07%
 3340s|124000 |   925 | 33538k| 262.1 |   359M |  39 |1101 |1418 |2475 | 624k|  2 |  30k|  30 | 0.000000e+00 |      --      |    Inf |  45.09%
 3342s|124100 |   938 | 33550k| 262.0 |   359M |  39 |1101 |1418 |2467 | 624k|  2 |  30k|  30 | 0.000000e+00 |      --      |    Inf |  45.10%
 3343s|124200 |   930 | 33564k| 261.9 |   359M |  39 |1101 |1418 |   0 | 625k|  0 |  30k|  30 | 0.000000e+00 |      --      |    Inf |  45.11%
 3345s|124300 |   943 | 33579k| 261.8 |   359M |  39 |1101 |1418 |2493 | 625k|  2 |  30k|  30 | 0.000000e+00 |      --      |    Inf |  45.11%
 3346s|124400 |   935 | 33594k| 261.7 |   359M |  39 |1101 |1418 |2802 | 625k|  2 |  30k|  30 | 0.000000e+00 |      --      |    Inf |  45.19%
 3348s|124500 |   943 | 33606k| 261.6 |   359M |  39 |1101 |1418 |2887 | 625k|  1 |  30k|  30 | 0.000000e+00 |      --      |    Inf |  45.19%
 3349s|124600 |   943 | 33618k| 261.5 |   359M |  39 |1101 |1418 |2888 | 625k|  0 |  30k|  30 | 0.000000e+00 |      --      |    Inf |  45.19%
 3350s|124700 |   936 | 33631k| 261.4 |   359M |  39 |1101 |1418 |2891 | 625k|  2 |  30k|  30 | 0.000000e+00 |      --      |    Inf |  45.19%
 3351s|124800 |   950 | 33643k| 261.3 |   359M |  39 |1101 |1418 |2896 | 625k|  0 |  30k|  30 | 0.000000e+00 |      --      |    Inf |  45.20%
 3352s|124900 |   949 | 33653k| 261.2 |   359M |  39 |1101 |1418 |2893 | 625k|  0 |  30k|  30 | 0.000000e+00 |      --      |    Inf |  45.20%
 3353s|125000 |   946 | 33666k| 261.1 |   359M |  39 |1101 |1418 |2904 | 625k|  2 |  30k|  30 | 0.000000e+00 |      --      |    Inf |  45.20%
 3355s|125100 |   951 | 33682k| 261.0 |   359M |  39 |1101 |1418 |   0 | 625k|  0 |  30k|  30 | 0.000000e+00 |      --      |    Inf |  45.20%
 3356s|125200 |   947 | 33696k| 260.9 |   359M |  39 |1101 |1418 |2908 | 625k|  0 |  30k|  30 | 0.000000e+00 |      --      |    Inf |  45.20%
 3358s|125300 |   948 | 33710k| 260.8 |   359M |  39 |1101 |1418 |2888 | 626k|  2 |  30k|  30 | 0.000000e+00 |      --      |    Inf |  45.20%
 time | node  | left  |LP iter|LP it/n|mem/heur|mdpt |vars |cons |rows |cuts |sepa|confs|strbr|  dualbound   | primalbound  |  gap   | compl. 
 3359s|125400 |   950 | 33722k| 260.7 |   359M |  39 |1101 |1418 |2893 | 626k|  1 |  30k|  30 | 0.000000e+00 |      --      |    Inf |  45.20%
 3360s|125500 |   947 | 33734k| 260.6 |   359M |  39 |1101 |1419 |   0 | 626k|  0 |  30k|  30 | 0.000000e+00 |      --      |    Inf |  45.20%
 3361s|125600 |   943 | 33744k| 260.5 |   359M |  39 |1101 |1419 |2897 | 626k|  2 |  30k|  30 | 0.000000e+00 |      --      |    Inf |  45.20%
 3362s|125700 |   945 | 33754k| 260.3 |   359M |  39 |1101 |1419 |2906 | 626k|  0 |  30k|  30 | 0.000000e+00 |      --      |    Inf |  45.20%
 3364s|125800 |   937 | 33771k| 260.3 |   359M |  39 |1101 |1419 |3222 | 626k|  1 |  30k|  30 | 0.000000e+00 |      --      |    Inf |  45.21%
 3365s|125900 |   934 | 33786k| 260.2 |   359M |  39 |1101 |1419 |2905 | 626k|  2 |  30k|  30 | 0.000000e+00 |      --      |    Inf |  45.22%
 3367s|126000 |   940 | 33798k| 260.1 |   359M |  39 |1101 |1419 |2891 | 626k|  1 |  30k|  30 | 0.000000e+00 |      --      |    Inf |  45.22%
 3367s|126100 |   936 | 33807k| 260.0 |   359M |  39 |1101 |1419 |   0 | 626k|  0 |  30k|  30 | 0.000000e+00 |      --      |    Inf |  45.22%
 3368s|126200 |   932 | 33818k| 259.8 |   359M |  39 |1101 |1419 |2884 | 626k|  1 |  30k|  30 | 0.000000e+00 |      --      |    Inf |  45.22%
 3370s|126300 |   929 | 33831k| 259.7 |   359M |  39 |1101 |1419 |2605 | 626k|  0 |  30k|  30 | 0.000000e+00 |      --      |    Inf |  45.23%
 3372s|126400 |   931 | 33851k| 259.7 |   359M |  39 |1101 |1419 |2623 | 627k|  2 |  30k|  30 | 0.000000e+00 |      --      |    Inf |  45.23%
 3373s|126500 |   939 | 33869k| 259.6 |   359M |  39 |1101 |1419 |2435 | 627k|  0 |  31k|  30 | 0.000000e+00 |      --      |    Inf |  45.23%
 3375s|126600 |   939 | 33887k| 259.6 |   359M |  39 |1101 |1419 |2604 | 628k|  0 |  31k|  30 | 0.000000e+00 |      --      |    Inf |  45.23%
 3377s|126700 |   938 | 33905k| 259.5 |   359M |  39 |1101 |1419 |2433 | 628k|  1 |  31k|  30 | 0.000000e+00 |      --      |    Inf |  45.23%
 3379s|126800 |   933 | 33925k| 259.5 |   359M |  39 |1101 |1419 |2597 | 628k|  0 |  31k|  30 | 0.000000e+00 |      --      |    Inf |  45.23%
 time | node  | left  |LP iter|LP it/n|mem/heur|mdpt |vars |cons |rows |cuts |sepa|confs|strbr|  dualbound   | primalbound  |  gap   | compl. 
 3380s|126900 |   936 | 33945k| 259.4 |   359M |  39 |1101 |1419 |2550 | 628k|  0 |  31k|  30 | 0.000000e+00 |      --      |    Inf |  45.23%
 3382s|127000 |   933 | 33963k| 259.4 |   359M |  39 |1101 |1419 |2578 | 629k|  2 |  31k|  30 | 0.000000e+00 |      --      |    Inf |  45.23%
 3384s|127100 |   938 | 33982k| 259.3 |   359M |  39 |1101 |1419 |2412 | 629k|  2 |  31k|  30 | 0.000000e+00 |      --      |    Inf |  45.23%
 3386s|127200 |   939 | 34003k| 259.3 |   359M |  39 |1101 |1419 |2515 | 629k|  2 |  31k|  30 | 0.000000e+00 |      --      |    Inf |  45.23%
 3387s|127300 |   938 | 34022k| 259.2 |   359M |  39 |1101 |1419 |   0 | 629k|  0 |  31k|  30 | 0.000000e+00 |      --      |    Inf |  45.23%
 3389s|127400 |   935 | 34042k| 259.2 |   359M |  39 |1101 |1419 |   0 | 630k|  0 |  31k|  30 | 0.000000e+00 |      --      |    Inf |  45.23%
 3391s|127500 |   929 | 34062k| 259.1 |   359M |  39 |1101 |1419 |2447 | 630k|  2 |  31k|  30 | 0.000000e+00 |      --      |    Inf |  45.23%
 3392s|127600 |   933 | 34076k| 259.0 |   359M |  39 |1101 |1419 |2866 | 630k|  1 |  31k|  30 | 0.000000e+00 |      --      |    Inf |  45.24%
 3394s|127700 |   935 | 34091k| 258.9 |   359M |  39 |1101 |1419 |   0 | 631k|  0 |  31k|  30 | 0.000000e+00 |      --      |    Inf |  45.24%
 3395s|127800 |   927 | 34110k| 258.9 |   359M |  39 |1101 |1419 |2405 | 631k|  0 |  31k|  30 | 0.000000e+00 |      --      |    Inf |  45.24%
 3396s|127900 |   931 | 34121k| 258.8 |   359M |  39 |1101 |1419 |2427 | 631k|  0 |  31k|  30 | 0.000000e+00 |      --      |    Inf |  45.24%
 3398s|128000 |   949 | 34137k| 258.7 |   359M |  39 |1101 |1419 |2435 | 631k|  0 |  31k|  30 | 0.000000e+00 |      --      |    Inf |  45.29%
 3400s|128100 |   943 | 34152k| 258.6 |   359M |  39 |1101 |1419 |2459 | 632k|  0 |  31k|  30 | 0.000000e+00 |      --      |    Inf |  45.29%
 3401s|128200 |   937 | 34167k| 258.5 |   359M |  39 |1101 |1419 |   0 | 632k|  0 |  31k|  30 | 0.000000e+00 |      --      |    Inf |  45.30%
 3403s|128300 |   942 | 34188k| 258.5 |   359M |  39 |1101 |1418 |2497 | 632k|  1 |  31k|  30 | 0.000000e+00 |      --      |    Inf |  45.30%
 time | node  | left  |LP iter|LP it/n|mem/heur|mdpt |vars |cons |rows |cuts |sepa|confs|strbr|  dualbound   | primalbound  |  gap   | compl. 
 3405s|128400 |   947 | 34206k| 258.5 |   359M |  39 |1101 |1418 |2510 | 633k|  2 |  31k|  30 | 0.000000e+00 |      --      |    Inf |  45.30%
 3407s|128500 |   946 | 34228k| 258.4 |   359M |  39 |1101 |1418 |   0 | 633k|  0 |  31k|  30 | 0.000000e+00 |      --      |    Inf |  45.30%
 3409s|128600 |   959 | 34247k| 258.4 |   359M |  39 |1101 |1418 |2556 | 634k|  0 |  31k|  30 | 0.000000e+00 |      --      |    Inf |  45.30%
 3410s|128700 |   965 | 34267k| 258.3 |   359M |  39 |1101 |1418 |2558 | 634k|  0 |  31k|  30 | 0.000000e+00 |      --      |    Inf |  45.30%
 3412s|128800 |   964 | 34287k| 258.3 |   359M |  39 |1101 |1418 |   0 | 634k|  0 |  31k|  30 | 0.000000e+00 |      --      |    Inf |  45.30%
 3414s|128900 |   966 | 34305k| 258.2 |   359M |  39 |1101 |1418 |   0 | 634k|  0 |  31k|  30 | 0.000000e+00 |      --      |    Inf |  45.30%
 3416s|129000 |   961 | 34331k| 258.2 |   359M |  39 |1101 |1418 |2590 | 635k|  2 |  31k|  30 | 0.000000e+00 |      --      |    Inf |  45.30%
 3418s|129100 |   951 | 34353k| 258.2 |   359M |  39 |1101 |1418 |2542 | 635k|  0 |  31k|  30 | 0.000000e+00 |      --      |    Inf |  45.30%
 3420s|129200 |   943 | 34373k| 258.2 |   359M |  39 |1101 |1418 |2530 | 635k|  1 |  31k|  30 | 0.000000e+00 |      --      |    Inf |  45.30%
 3422s|129300 |   933 | 34396k| 258.1 |   359M |  39 |1101 |1418 |2995 | 636k|  0 |  31k|  30 | 0.000000e+00 |      --      |    Inf |  45.30%
 3424s|129400 |   945 | 34416k| 258.1 |   359M |  39 |1101 |1418 |   0 | 636k|  0 |  31k|  30 | 0.000000e+00 |      --      |    Inf |  45.31%
 3426s|129500 |   936 | 34438k| 258.1 |   359M |  39 |1101 |1418 |2455 | 636k|  2 |  32k|  30 | 0.000000e+00 |      --      |    Inf |  45.31%
 3428s|129600 |   945 | 34453k| 258.0 |   359M |  39 |1101 |1418 |2487 | 637k|  2 |  32k|  30 | 0.000000e+00 |      --      |    Inf |  45.31%
 3429s|129700 |   940 | 34470k| 257.9 |   359M |  39 |1101 |1418 |2859 | 637k|  2 |  32k|  30 | 0.000000e+00 |      --      |    Inf |  45.31%
 3431s|129800 |   937 | 34486k| 257.8 |   359M |  39 |1101 |1418 |   0 | 638k|  0 |  32k|  30 | 0.000000e+00 |      --      |    Inf |  45.31%
 time | node  | left  |LP iter|LP it/n|mem/heur|mdpt |vars |cons |rows |cuts |sepa|confs|strbr|  dualbound   | primalbound  |  gap   | compl. 
 3433s|129900 |   938 | 34505k| 257.8 |   359M |  39 |1101 |1418 |2974 | 638k|  0 |  32k|  30 | 0.000000e+00 |      --      |    Inf |  45.32%
 3434s|130000 |   937 | 34519k| 257.7 |   359M |  39 |1101 |1418 |2974 | 638k|  2 |  32k|  30 | 0.000000e+00 |      --      |    Inf |  45.32%
 3436s|130100 |   934 | 34535k| 257.6 |   359M |  39 |1101 |1418 |3028 | 638k|  2 |  32k|  30 | 0.000000e+00 |      --      |    Inf |  45.32%
 3438s|130200 |   926 | 34558k| 257.6 |   359M |  39 |1101 |1418 |3021 | 638k|  0 |  32k|  30 | 0.000000e+00 |      --      |    Inf |  45.32%
 3441s|130300 |   939 | 34578k| 257.6 |   359M |  39 |1101 |1418 |3128 | 638k|  0 |  32k|  30 | 0.000000e+00 |      --      |    Inf |  45.32%
 3444s|130400 |   935 | 34596k| 257.5 |   359M |  39 |1101 |1418 |3199 | 638k|  2 |  32k|  30 | 0.000000e+00 |      --      |    Inf |  45.32%
 3446s|130500 |   927 | 34611k| 257.4 |   359M |  39 |1101 |1418 |   0 | 638k|  0 |  32k|  30 | 0.000000e+00 |      --      |    Inf |  45.37%
 3448s|130600 |   928 | 34629k| 257.4 |   359M |  39 |1101 |1418 |3042 | 638k|  0 |  32k|  30 | 0.000000e+00 |      --      |    Inf |  45.39%
 3450s|130700 |   924 | 34648k| 257.3 |   359M |  39 |1101 |1418 |3070 | 639k|  0 |  32k|  30 | 0.000000e+00 |      --      |    Inf |  45.39%
 3451s|130800 |   929 | 34663k| 257.2 |   360M |  39 |1101 |1419 |2806 | 639k|  0 |  32k|  30 | 0.000000e+00 |      --      |    Inf |  45.45%
 3453s|130900 |   920 | 34676k| 257.1 |   360M |  39 |1101 |1419 |2678 | 639k|  1 |  32k|  30 | 0.000000e+00 |      --      |    Inf |  45.45%
 3454s|131000 |   930 | 34691k| 257.1 |   360M |  39 |1101 |1419 |2691 | 639k|  2 |  32k|  30 | 0.000000e+00 |      --      |    Inf |  45.45%
 3456s|131100 |   934 | 34703k| 257.0 |   360M |  39 |1101 |1420 |2701 | 639k|  2 |  32k|  30 | 0.000000e+00 |      --      |    Inf |  45.45%
 3458s|131200 |   930 | 34725k| 256.9 |   360M |  39 |1101 |1419 |2810 | 639k|  0 |  32k|  30 | 0.000000e+00 |      --      |    Inf |  45.45%
 3460s|131300 |   927 | 34746k| 256.9 |   360M |  39 |1101 |1419 |2815 | 640k|  0 |  32k|  30 | 0.000000e+00 |      --      |    Inf |  45.45%
 time | node  | left  |LP iter|LP it/n|mem/heur|mdpt |vars |cons |rows |cuts |sepa|confs|strbr|  dualbound   | primalbound  |  gap   | compl. 
 3463s|131400 |   931 | 34776k| 256.9 |   360M |  39 |1101 |1419 |2843 | 640k|  2 |  32k|  30 | 0.000000e+00 |      --      |    Inf |  45.45%
 3465s|131500 |   933 | 34802k| 256.9 |   360M |  39 |1101 |1419 |2839 | 640k|  1 |  32k|  30 | 0.000000e+00 |      --      |    Inf |  45.46%
 3467s|131600 |   927 | 34822k| 256.9 |   360M |  39 |1101 |1419 |2869 | 641k|  2 |  32k|  30 | 0.000000e+00 |      --      |    Inf |  45.46%
 3470s|131700 |   927 | 34850k| 256.9 |   360M |  39 |1101 |1419 |2832 | 641k|  2 |  32k|  30 | 0.000000e+00 |      --      |    Inf |  45.47%
 3472s|131800 |   927 | 34875k| 256.9 |   360M |  39 |1101 |1419 |2833 | 642k|  0 |  32k|  30 | 0.000000e+00 |      --      |    Inf |  45.47%
 3478s|131900 |   926 | 34925k| 257.1 |   360M |  39 |1101 |1419 |3305 | 642k|  2 |  32k|  30 | 0.000000e+00 |      --      |    Inf |  45.50%
 3482s|132000 |   923 | 34969k| 257.2 |   360M |  39 |1101 |1418 |3143 | 642k|  2 |  32k|  30 | 0.000000e+00 |      --      |    Inf |  45.51%
 3486s|132100 |   921 | 35003k| 257.3 |   360M |  39 |1101 |1418 |3158 | 643k|  2 |  32k|  30 | 0.000000e+00 |      --      |    Inf |  45.52%
 3488s|132200 |   925 | 35026k| 257.3 |   360M |  39 |1101 |1418 |2738 | 643k|  2 |  32k|  30 | 0.000000e+00 |      --      |    Inf |  45.53%
 3491s|132300 |   927 | 35050k| 257.2 |   360M |  39 |1101 |1419 |2337 | 644k|  2 |  32k|  30 | 0.000000e+00 |      --      |    Inf |  45.55%
 3495s|132400 |   974 | 35095k| 257.4 |   360M |  39 |1101 |1419 |3176 | 646k|  2 |  32k|  30 | 0.000000e+00 |      --      |    Inf |  45.59%
 3499s|132500 |   993 | 35126k| 257.4 |   360M |  39 |1101 |1419 |3183 | 646k|  1 |  32k|  30 | 0.000000e+00 |      --      |    Inf |  45.61%
 3501s|132600 |   999 | 35146k| 257.4 |   361M |  39 |1101 |1419 |3191 | 646k|  2 |  32k|  30 | 0.000000e+00 |      --      |    Inf |  45.61%
 3503s|132700 |   991 | 35168k| 257.4 |   361M |  39 |1101 |1419 |3184 | 647k|  1 |  32k|  30 | 0.000000e+00 |      --      |    Inf |  45.61%
 3506s|132800 |   995 | 35192k| 257.3 |   361M |  39 |1101 |1418 |3236 | 647k|  2 |  32k|  30 | 0.000000e+00 |      --      |    Inf |  45.61%
 time | node  | left  |LP iter|LP it/n|mem/heur|mdpt |vars |cons |rows |cuts |sepa|confs|strbr|  dualbound   | primalbound  |  gap   | compl. 
 3508s|132900 |   996 | 35213k| 257.3 |   361M |  39 |1101 |1418 |3200 | 647k|  0 |  32k|  30 | 0.000000e+00 |      --      |    Inf |  45.61%
 3510s|133000 |   992 | 35240k| 257.3 |   361M |  39 |1101 |1418 |3208 | 647k|  0 |  32k|  30 | 0.000000e+00 |      --      |    Inf |  45.61%
 3513s|133100 |   987 | 35267k| 257.3 |   361M |  39 |1101 |1418 |3228 | 647k|  2 |  32k|  30 | 0.000000e+00 |      --      |    Inf |  45.61%
 3516s|133200 |   984 | 35302k| 257.4 |   361M |  39 |1101 |1419 |3237 | 647k|  2 |  32k|  30 | 0.000000e+00 |      --      |    Inf |  45.61%
 3519s|133300 |   985 | 35331k| 257.4 |   361M |  39 |1101 |1419 |3213 | 648k|  2 |  32k|  30 | 0.000000e+00 |      --      |    Inf |  45.61%
 3524s|133400 |   981 | 35377k| 257.6 |   361M |  39 |1101 |1419 |   0 | 648k|  0 |  32k|  30 | 0.000000e+00 |      --      |    Inf |  45.61%
 3527s|133500 |   980 | 35410k| 257.6 |   361M |  39 |1101 |1419 |3187 | 648k|  2 |  32k|  30 | 0.000000e+00 |      --      |    Inf |  45.61%
 3531s|133600 |   988 | 35451k| 257.7 |   361M |  39 |1101 |1419 |3194 | 648k|  2 |  32k|  30 | 0.000000e+00 |      --      |    Inf |  45.61%
 3534s|133700 |   988 | 35481k| 257.8 |   361M |  39 |1101 |1419 |3198 | 649k|  0 |  32k|  30 | 0.000000e+00 |      --      |    Inf |  45.61%
 3538s|133800 |   982 | 35516k| 257.8 |   361M |  39 |1101 |1419 |3281 | 649k|  1 |  32k|  30 | 0.000000e+00 |      --      |    Inf |  45.61%
 3541s|133900 |   997 | 35544k| 257.8 |   361M |  39 |1101 |1419 |3240 | 649k|  1 |  32k|  30 | 0.000000e+00 |      --      |    Inf |  45.61%
 3544s|134000 |  1001 | 35577k| 257.9 |   361M |  39 |1101 |1419 |3253 | 649k|  2 |  32k|  30 | 0.000000e+00 |      --      |    Inf |  45.61%
 3546s|134100 |  1001 | 35603k| 257.9 |   361M |  39 |1101 |1419 |3258 | 649k|  1 |  32k|  30 | 0.000000e+00 |      --      |    Inf |  45.61%
 3549s|134200 |   994 | 35627k| 257.9 |   361M |  39 |1101 |1420 |   0 | 650k|  0 |  33k|  30 | 0.000000e+00 |      --      |    Inf |  45.61%
 3551s|134300 |   984 | 35651k| 257.9 |   361M |  39 |1101 |1419 |   0 | 650k|  0 |  33k|  30 | 0.000000e+00 |      --      |    Inf |  45.62%
 time | node  | left  |LP iter|LP it/n|mem/heur|mdpt |vars |cons |rows |cuts |sepa|confs|strbr|  dualbound   | primalbound  |  gap   | compl. 
 3554s|134400 |   987 | 35683k| 257.9 |   361M |  39 |1101 |1419 |3255 | 650k|  2 |  33k|  30 | 0.000000e+00 |      --      |    Inf |  45.62%
 3557s|134500 |  1002 | 35717k| 258.0 |   361M |  39 |1101 |1419 |3223 | 650k|  1 |  33k|  30 | 0.000000e+00 |      --      |    Inf |  45.62%
 3560s|134600 |   994 | 35740k| 258.0 |   361M |  39 |1101 |1419 |3277 | 651k|  2 |  33k|  30 | 0.000000e+00 |      --      |    Inf |  45.62%
 3563s|134700 |   979 | 35776k| 258.0 |   361M |  39 |1101 |1419 |   0 | 651k|  0 |  33k|  30 | 0.000000e+00 |      --      |    Inf |  45.64%
 3567s|134800 |   979 | 35821k| 258.2 |   361M |  39 |1101 |1419 |2842 | 652k|  0 |  33k|  30 | 0.000000e+00 |      --      |    Inf |  45.77%
 3571s|134900 |   986 | 35865k| 258.3 |   361M |  39 |1101 |1419 |2751 | 653k|  2 |  33k|  30 | 0.000000e+00 |      --      |    Inf |  45.83%
 3574s|135000 |   991 | 35892k| 258.3 |   361M |  39 |1101 |1418 |2908 | 654k|  1 |  33k|  30 | 0.000000e+00 |      --      |    Inf |  45.85%
 3576s|135100 |   978 | 35911k| 258.3 |   361M |  39 |1101 |1418 |3176 | 654k|  2 |  33k|  30 | 0.000000e+00 |      --      |    Inf |  45.87%
 3579s|135200 |   982 | 35945k| 258.3 |   361M |  39 |1101 |1418 |3232 | 654k|  1 |  33k|  30 | 0.000000e+00 |      --      |    Inf |  45.93%
 3582s|135300 |   981 | 35981k| 258.4 |   361M |  39 |1101 |1418 |2574 | 655k|  2 |  33k|  30 | 0.000000e+00 |      --      |    Inf |  45.93%
 3586s|135400 |   997 | 36020k| 258.5 |   361M |  39 |1101 |1418 |2704 | 656k|  2 |  33k|  30 | 0.000000e+00 |      --      |    Inf |  45.93%
 3588s|135500 |   992 | 36047k| 258.5 |   361M |  39 |1101 |1418 |2372 | 657k|  2 |  33k|  30 | 0.000000e+00 |      --      |    Inf |  45.93%
 3590s|135600 |   997 | 36071k| 258.5 |   361M |  39 |1101 |1419 |2422 | 658k|  2 |  33k|  30 | 0.000000e+00 |      --      |    Inf |  45.93%
 3593s|135700 |   992 | 36104k| 258.5 |   361M |  39 |1101 |1419 |2464 | 659k|  0 |  33k|  30 | 0.000000e+00 |      --      |    Inf |  45.93%
 3596s|135800 |  1006 | 36139k| 258.6 |   361M |  39 |1101 |1419 |2479 | 660k|  0 |  33k|  30 | 0.000000e+00 |      --      |    Inf |  45.93%
 time | node  | left  |LP iter|LP it/n|mem/heur|mdpt |vars |cons |rows |cuts |sepa|confs|strbr|  dualbound   | primalbound  |  gap   | compl. 
 3598s|135900 |   996 | 36157k| 258.5 |   361M |  39 |1101 |1419 |2529 | 660k|  0 |  33k|  30 | 0.000000e+00 |      --      |    Inf |  45.93%
 3599s|136000 |   992 | 36170k| 258.4 |   361M |  39 |1101 |1418 |2564 | 660k|  0 |  33k|  30 | 0.000000e+00 |      --      |    Inf |  45.93%
 3600s|136100 |   999 | 36179k| 258.3 |   361M |  39 |1101 |1419 |   0 | 660k|  0 |  33k|  30 | 0.000000e+00 |      --      |    Inf |  45.93%
 3601s|136200 |   993 | 36189k| 258.2 |   361M |  39 |1101 |1419 |2468 | 661k|  0 |  33k|  30 | 0.000000e+00 |      --      |    Inf |  45.93%
 3603s|136300 |   994 | 36209k| 258.2 |   361M |  39 |1101 |1419 |   0 | 661k|  0 |  33k|  30 | 0.000000e+00 |      --      |    Inf |  45.93%
 3605s|136400 |   993 | 36225k| 258.1 |   361M |  39 |1101 |1420 |2664 | 661k|  2 |  33k|  30 | 0.000000e+00 |      --      |    Inf |  45.93%
 3606s|136500 |   994 | 36236k| 258.0 |   361M |  39 |1101 |1419 |2675 | 662k|  2 |  33k|  30 | 0.000000e+00 |      --      |    Inf |  45.93%
 3607s|136600 |   996 | 36249k| 257.9 |   361M |  39 |1101 |1419 |2686 | 662k|  2 |  33k|  30 | 0.000000e+00 |      --      |    Inf |  45.93%
 3608s|136700 |  1008 | 36261k| 257.8 |   361M |  39 |1101 |1420 |   0 | 662k|  0 |  33k|  30 | 0.000000e+00 |      --      |    Inf |  45.93%
 3610s|136800 |  1001 | 36279k| 257.8 |   361M |  39 |1101 |1419 |2703 | 662k|  0 |  33k|  30 | 0.000000e+00 |      --      |    Inf |  45.93%
 3612s|136900 |   992 | 36295k| 257.7 |   361M |  39 |1101 |1419 |2696 | 662k|  0 |  33k|  30 | 0.000000e+00 |      --      |    Inf |  45.93%
 3613s|137000 |   993 | 36307k| 257.6 |   361M |  39 |1101 |1419 |2700 | 663k|  1 |  33k|  30 | 0.000000e+00 |      --      |    Inf |  45.93%
 3614s|137100 |   984 | 36322k| 257.5 |   361M |  39 |1101 |1419 |2706 | 663k|  0 |  33k|  30 | 0.000000e+00 |      --      |    Inf |  45.93%
 3616s|137200 |   990 | 36338k| 257.4 |   361M |  39 |1101 |1419 |2571 | 663k|  2 |  33k|  30 | 0.000000e+00 |      --      |    Inf |  45.94%
 3617s|137300 |   979 | 36347k| 257.3 |   361M |  39 |1101 |1419 |   0 | 663k|  0 |  33k|  30 | 0.000000e+00 |      --      |    Inf |  45.94%
 time | node  | left  |LP iter|LP it/n|mem/heur|mdpt |vars |cons |rows |cuts |sepa|confs|strbr|  dualbound   | primalbound  |  gap   | compl. 
 3618s|137400 |   980 | 36363k| 257.3 |   361M |  39 |1101 |1419 |3075 | 663k|  0 |  33k|  30 | 0.000000e+00 |      --      |    Inf |  46.00%
 3619s|137500 |   980 | 36370k| 257.1 |   361M |  39 |1101 |1420 |   0 | 663k|  0 |  33k|  30 | 0.000000e+00 |      --      |    Inf |  46.00%
 3620s|137600 |   973 | 36379k| 257.0 |   361M |  39 |1101 |1419 |3344 | 663k|  1 |  33k|  30 | 0.000000e+00 |      --      |    Inf |  46.02%
 3622s|137700 |   969 | 36399k| 257.0 |   361M |  39 |1101 |1419 |3200 | 664k|  0 |  33k|  30 | 0.000000e+00 |      --      |    Inf |  46.02%
 3624s|137800 |   967 | 36413k| 256.9 |   361M |  39 |1101 |1419 |3213 | 664k|  2 |  33k|  30 | 0.000000e+00 |      --      |    Inf |  46.04%
 3625s|137900 |   965 | 36434k| 256.8 |   361M |  39 |1101 |1419 |   0 | 664k|  0 |  33k|  30 | 0.000000e+00 |      --      |    Inf |  46.06%
 3627s|138000 |   962 | 36456k| 256.8 |   361M |  39 |1101 |1419 |3126 | 664k|  1 |  33k|  30 | 0.000000e+00 |      --      |    Inf |  46.10%
 3629s|138100 |   965 | 36471k| 256.7 |   361M |  39 |1101 |1420 |2833 | 664k|  2 |  33k|  30 | 0.000000e+00 |      --      |    Inf |  46.12%
 3630s|138200 |   966 | 36481k| 256.6 |   361M |  39 |1101 |1419 |2834 | 664k|  1 |  33k|  30 | 0.000000e+00 |      --      |    Inf |  46.13%
 3631s|138300 |   973 | 36493k| 256.5 |   361M |  39 |1101 |1419 |2592 | 664k|  1 |  33k|  30 | 0.000000e+00 |      --      |    Inf |  46.15%
 3633s|138400 |   976 | 36514k| 256.5 |   361M |  39 |1101 |1419 |2625 | 665k|  2 |  33k|  30 | 0.000000e+00 |      --      |    Inf |  46.15%
 3634s|138500 |   974 | 36534k| 256.5 |   361M |  39 |1101 |1419 |2605 | 665k|  0 |  33k|  30 | 0.000000e+00 |      --      |    Inf |  46.15%
 3636s|138600 |   978 | 36553k| 256.4 |   361M |  39 |1101 |1419 |2605 | 665k|  0 |  34k|  30 | 0.000000e+00 |      --      |    Inf |  46.15%
 3637s|138700 |   977 | 36571k| 256.4 |   361M |  39 |1101 |1419 |2586 | 665k|  1 |  34k|  30 | 0.000000e+00 |      --      |    Inf |  46.15%
 3639s|138800 |   981 | 36588k| 256.3 |   361M |  39 |1101 |1419 |2592 | 666k|  0 |  34k|  30 | 0.000000e+00 |      --      |    Inf |  46.15%
 time | node  | left  |LP iter|LP it/n|mem/heur|mdpt |vars |cons |rows |cuts |sepa|confs|strbr|  dualbound   | primalbound  |  gap   | compl. 
 3640s|138900 |   981 | 36603k| 256.2 |   361M |  39 |1101 |1419 |2641 | 666k|  2 |  34k|  30 | 0.000000e+00 |      --      |    Inf |  46.15%
 3641s|139000 |   987 | 36620k| 256.2 |   361M |  39 |1101 |1419 |2576 | 666k|  1 |  34k|  30 | 0.000000e+00 |      --      |    Inf |  46.16%
 3643s|139100 |   986 | 36639k| 256.1 |   361M |  39 |1101 |1419 |2639 | 667k|  0 |  34k|  30 | 0.000000e+00 |      --      |    Inf |  46.16%
 3645s|139200 |   989 | 36660k| 256.1 |   361M |  39 |1101 |1419 |   0 | 667k|  0 |  34k|  30 | 0.000000e+00 |      --      |    Inf |  46.16%
 3646s|139300 |   979 | 36676k| 256.0 |   361M |  39 |1101 |1419 |2617 | 667k|  2 |  34k|  30 | 0.000000e+00 |      --      |    Inf |  46.16%
 3647s|139400 |   971 | 36694k| 256.0 |   361M |  39 |1101 |1419 |2608 | 667k|  2 |  34k|  30 | 0.000000e+00 |      --      |    Inf |  46.16%
 3649s|139500 |   965 | 36706k| 255.9 |   361M |  39 |1101 |1419 |2579 | 668k|  1 |  34k|  30 | 0.000000e+00 |      --      |    Inf |  46.16%
 3650s|139600 |   963 | 36720k| 255.8 |   361M |  39 |1101 |1419 |2596 | 668k|  0 |  34k|  30 | 0.000000e+00 |      --      |    Inf |  46.17%
 3653s|139700 |   977 | 36735k| 255.7 |   361M |  39 |1101 |1419 |2592 | 668k|  2 |  34k|  30 | 0.000000e+00 |      --      |    Inf |  46.17%
 3657s|139800 |   978 | 36755k| 255.7 |   361M |  39 |1101 |1419 |2593 | 669k|  1 |  34k|  30 | 0.000000e+00 |      --      |    Inf |  46.18%
 3661s|139900 |   980 | 36773k| 255.6 |   361M |  39 |1101 |1419 |2573 | 669k|  0 |  34k|  30 | 0.000000e+00 |      --      |    Inf |  46.18%
 3666s|140000 |   983 | 36799k| 255.6 |   361M |  39 |1101 |1419 |2594 | 669k|  1 |  34k|  30 | 0.000000e+00 |      --      |    Inf |  46.19%
 3670s|140100 |   974 | 36823k| 255.6 |   361M |  39 |1101 |1419 |2586 | 670k|  2 |  34k|  30 | 0.000000e+00 |      --      |    Inf |  46.19%
 3674s|140200 |   969 | 36841k| 255.6 |   361M |  39 |1101 |1419 |2654 | 670k|  0 |  34k|  30 | 0.000000e+00 |      --      |    Inf |  46.19%
 3677s|140300 |   969 | 36860k| 255.5 |   361M |  39 |1101 |1419 |2606 | 670k|  2 |  34k|  30 | 0.000000e+00 |      --      |    Inf |  46.20%
 time | node  | left  |LP iter|LP it/n|mem/heur|mdpt |vars |cons |rows |cuts |sepa|confs|strbr|  dualbound   | primalbound  |  gap   | compl. 
 3682s|140400 |   963 | 36881k| 255.5 |   361M |  39 |1101 |1419 |2578 | 671k|  1 |  34k|  30 | 0.000000e+00 |      --      |    Inf |  46.20%
 3685s|140500 |   982 | 36896k| 255.4 |   361M |  39 |1101 |1419 |2601 | 671k|  1 |  34k|  30 | 0.000000e+00 |      --      |    Inf |  46.20%
 3689s|140600 |   979 | 36916k| 255.4 |   361M |  39 |1101 |1419 |2630 | 671k|  2 |  34k|  30 | 0.000000e+00 |      --      |    Inf |  46.20%
 3693s|140700 |   984 | 36936k| 255.3 |   361M |  39 |1101 |1419 |2684 | 672k|  2 |  34k|  30 | 0.000000e+00 |      --      |    Inf |  46.21%
 3698s|140800 |   975 | 36962k| 255.4 |   361M |  39 |1101 |1419 |2779 | 672k|  0 |  34k|  30 | 0.000000e+00 |      --      |    Inf |  46.21%
 3702s|140900 |   974 | 36983k| 255.3 |   361M |  39 |1101 |1419 |   0 | 672k|  0 |  34k|  30 | 0.000000e+00 |      --      |    Inf |  46.21%
 3706s|141000 |   976 | 37003k| 255.3 |   361M |  39 |1101 |1419 |2758 | 672k|  0 |  34k|  30 | 0.000000e+00 |      --      |    Inf |  46.21%
 3709s|141100 |   975 | 37019k| 255.2 |   361M |  39 |1101 |1419 |   0 | 672k|  0 |  34k|  30 | 0.000000e+00 |      --      |    Inf |  46.21%
 3712s|141200 |   978 | 37035k| 255.1 |   361M |  39 |1101 |1419 |2833 | 672k|  1 |  34k|  30 | 0.000000e+00 |      --      |    Inf |  46.22%
 3716s|141300 |   979 | 37053k| 255.1 |   361M |  39 |1101 |1419 |2867 | 673k|  1 |  34k|  30 | 0.000000e+00 |      --      |    Inf |  46.22%
 3721s|141400 |   969 | 37079k| 255.1 |   361M |  39 |1101 |1419 |2828 | 673k|  1 |  34k|  30 | 0.000000e+00 |      --      |    Inf |  46.22%
 3725s|141500 |   978 | 37101k| 255.1 |   361M |  39 |1101 |1419 |   0 | 673k|  0 |  34k|  30 | 0.000000e+00 |      --      |    Inf |  46.22%
 3730s|141600 |   980 | 37126k| 255.1 |   361M |  39 |1101 |1419 |   0 | 674k|  0 |  34k|  30 | 0.000000e+00 |      --      |    Inf |  46.22%
 3734s|141700 |   976 | 37149k| 255.1 |   361M |  39 |1101 |1419 |   0 | 674k|  0 |  34k|  30 | 0.000000e+00 |      --      |    Inf |  46.22%
 3737s|141800 |   976 | 37164k| 255.0 |   361M |  39 |1101 |1419 |2826 | 674k|  0 |  34k|  30 | 0.000000e+00 |      --      |    Inf |  46.22%
 time | node  | left  |LP iter|LP it/n|mem/heur|mdpt |vars |cons |rows |cuts |sepa|confs|strbr|  dualbound   | primalbound  |  gap   | compl. 
 3740s|141900 |   978 | 37179k| 254.9 |   361M |  39 |1101 |1419 |   0 | 674k|  0 |  34k|  30 | 0.000000e+00 |      --      |    Inf |  46.22%
 3744s|142000 |   982 | 37199k| 254.9 |   361M |  39 |1101 |1419 |   0 | 675k|  0 |  34k|  30 | 0.000000e+00 |      --      |    Inf |  46.22%
 3748s|142100 |   978 | 37223k| 254.9 |   361M |  39 |1101 |1419 |2784 | 675k|  0 |  34k|  30 | 0.000000e+00 |      --      |    Inf |  46.22%
 3753s|142200 |   972 | 37250k| 254.9 |   361M |  39 |1101 |1419 |2625 | 676k|  2 |  34k|  30 | 0.000000e+00 |      --      |    Inf |  46.22%
 3760s|142300 |   972 | 37283k| 254.9 |   361M |  39 |1101 |1419 |2788 | 677k|  0 |  34k|  30 | 0.000000e+00 |      --      |    Inf |  46.22%
 3766s|142400 |   971 | 37314k| 255.0 |   361M |  39 |1101 |1419 |2707 | 677k|  2 |  34k|  30 | 0.000000e+00 |      --      |    Inf |  46.23%
 3771s|142500 |   966 | 37343k| 255.0 |   361M |  39 |1101 |1419 |2590 | 678k|  2 |  34k|  30 | 0.000000e+00 |      --      |    Inf |  46.23%
 3779s|142600 |   968 | 37382k| 255.1 |   361M |  39 |1101 |1419 |2954 | 679k|  0 |  34k|  30 | 0.000000e+00 |      --      |    Inf |  46.23%
 3788s|142700 |   967 | 37427k| 255.2 |   361M |  39 |1101 |1419 |2806 | 679k|  2 |  34k|  30 | 0.000000e+00 |      --      |    Inf |  46.24%
 3795s|142800 |   958 | 37460k| 255.3 |   361M |  39 |1101 |1419 |2805 | 680k|  0 |  34k|  30 | 0.000000e+00 |      --      |    Inf |  46.32%
 3802s|142900 |   967 | 37495k| 255.3 |   361M |  39 |1101 |1419 |2950 | 681k|  1 |  34k|  30 | 0.000000e+00 |      --      |    Inf |  46.33%
 3808s|143000 |   968 | 37526k| 255.4 |   361M |  39 |1101 |1419 |2783 | 681k|  0 |  34k|  30 | 0.000000e+00 |      --      |    Inf |  46.34%
 3814s|143100 |   966 | 37562k| 255.4 |   361M |  39 |1101 |1419 |2629 | 682k|  3 |  34k|  30 | 0.000000e+00 |      --      |    Inf |  46.34%
 3821s|143200 |   964 | 37597k| 255.5 |   361M |  39 |1101 |1419 |2940 | 682k|  0 |  34k|  30 | 0.000000e+00 |      --      |    Inf |  46.40%
 3829s|143300 |   965 | 37635k| 255.6 |   361M |  39 |1101 |1419 |2665 | 683k|  0 |  34k|  30 | 0.000000e+00 |      --      |    Inf |  46.42%
 time | node  | left  |LP iter|LP it/n|mem/heur|mdpt |vars |cons |rows |cuts |sepa|confs|strbr|  dualbound   | primalbound  |  gap   | compl. 
 3835s|143400 |   984 | 37665k| 255.6 |   361M |  39 |1101 |1419 |2730 | 684k|  0 |  34k|  30 | 0.000000e+00 |      --      |    Inf |  46.42%
 3841s|143500 |   972 | 37698k| 255.7 |   361M |  39 |1101 |1419 |2614 | 684k|  2 |  35k|  30 | 0.000000e+00 |      --      |    Inf |  46.43%
 3848s|143600 |   965 | 37733k| 255.7 |   361M |  39 |1101 |1419 |2794 | 685k|  2 |  35k|  30 | 0.000000e+00 |      --      |    Inf |  46.43%
 3861s|143700 |   978 | 37795k| 256.0 |   361M |  39 |1101 |1419 |2768 | 686k|  2 |  35k|  30 | 0.000000e+00 |      --      |    Inf |  46.45%
 3868s|143800 |   974 | 37845k| 256.1 |   361M |  39 |1101 |1419 |   0 | 687k|  0 |  35k|  30 | 0.000000e+00 |      --      |    Inf |  46.45%
 3875s|143900 |   986 | 37880k| 256.2 |   361M |  39 |1101 |1419 |2833 | 688k|  0 |  35k|  30 | 0.000000e+00 |      --      |    Inf |  46.45%
 3882s|144000 |   984 | 37918k| 256.3 |   361M |  39 |1101 |1418 |2971 | 688k|  0 |  35k|  30 | 0.000000e+00 |      --      |    Inf |  46.45%
 3891s|144100 |   982 | 37961k| 256.4 |   361M |  39 |1101 |1418 |2900 | 689k|  2 |  35k|  30 | 0.000000e+00 |      --      |    Inf |  46.45%
 3900s|144200 |   981 | 38005k| 256.5 |   361M |  39 |1101 |1418 |   0 | 689k|  0 |  35k|  30 | 0.000000e+00 |      --      |    Inf |  46.45%
 3910s|144300 |   982 | 38054k| 256.7 |   361M |  39 |1101 |1418 |3152 | 689k|  0 |  35k|  30 | 0.000000e+00 |      --      |    Inf |  46.46%
 3917s|144400 |   975 | 38089k| 256.8 |   361M |  39 |1101 |1418 |2771 | 690k|  2 |  35k|  30 | 0.000000e+00 |      --      |    Inf |  46.46%
 3925s|144500 |   984 | 38126k| 256.8 |   361M |  39 |1101 |1418 |   0 | 691k|  0 |  35k|  30 | 0.000000e+00 |      --      |    Inf |  46.46%
 3934s|144600 |   992 | 38173k| 257.0 |   361M |  39 |1101 |1418 |2930 | 691k|  2 |  35k|  30 | 0.000000e+00 |      --      |    Inf |  46.46%
 3943s|144700 |   986 | 38214k| 257.1 |   361M |  39 |1101 |1418 |2951 | 692k|  0 |  35k|  30 | 0.000000e+00 |      --      |    Inf |  46.46%
 3952s|144800 |   986 | 38259k| 257.2 |   361M |  39 |1101 |1418 |3012 | 692k|  0 |  35k|  30 | 0.000000e+00 |      --      |    Inf |  46.46%
 time | node  | left  |LP iter|LP it/n|mem/heur|mdpt |vars |cons |rows |cuts |sepa|confs|strbr|  dualbound   | primalbound  |  gap   | compl. 
 3961s|144900 |   985 | 38304k| 257.3 |   361M |  39 |1101 |1418 |2968 | 693k|  0 |  35k|  30 | 0.000000e+00 |      --      |    Inf |  46.46%
 3967s|145000 |   985 | 38335k| 257.4 |   361M |  39 |1101 |1418 |2966 | 693k|  2 |  35k|  30 | 0.000000e+00 |      --      |    Inf |  46.46%
 3974s|145100 |   986 | 38366k| 257.4 |   361M |  39 |1101 |1418 |2972 | 693k|  2 |  35k|  30 | 0.000000e+00 |      --      |    Inf |  46.46%
 3981s|145200 |   976 | 38400k| 257.5 |   361M |  39 |1101 |1418 |   0 | 694k|  0 |  35k|  30 | 0.000000e+00 |      --      |    Inf |  46.46%
 3987s|145300 |   974 | 38432k| 257.5 |   361M |  39 |1101 |1418 |2830 | 694k|  0 |  35k|  30 | 0.000000e+00 |      --      |    Inf |  46.46%
 3993s|145400 |   974 | 38459k| 257.5 |   361M |  39 |1101 |1418 |2810 | 695k|  2 |  35k|  30 | 0.000000e+00 |      --      |    Inf |  46.46%
 3999s|145500 |   981 | 38492k| 257.6 |   361M |  39 |1101 |1418 |2557 | 695k|  2 |  35k|  30 | 0.000000e+00 |      --      |    Inf |  46.47%
 4003s|145600 |   980 | 38517k| 257.5 |   361M |  39 |1101 |1418 |2437 | 696k|  1 |  35k|  30 | 0.000000e+00 |      --      |    Inf |  46.47%
 4008s|145700 |   980 | 38541k| 257.5 |   361M |  39 |1101 |1418 |2524 | 697k|  2 |  35k|  30 | 0.000000e+00 |      --      |    Inf |  46.47%
 4014s|145800 |   974 | 38571k| 257.6 |   361M |  39 |1101 |1418 |2862 | 697k|  0 |  35k|  30 | 0.000000e+00 |      --      |    Inf |  46.50%
 4021s|145900 |   973 | 38605k| 257.6 |   361M |  39 |1101 |1419 |3243 | 698k|  2 |  35k|  30 | 0.000000e+00 |      --      |    Inf |  46.52%
 4028s|146000 |   969 | 38638k| 257.7 |   361M |  39 |1101 |1419 |3115 | 698k|  2 |  35k|  30 | 0.000000e+00 |      --      |    Inf |  46.53%
 4036s|146100 |   977 | 38680k| 257.8 |   361M |  39 |1101 |1419 |2743 | 698k|  2 |  35k|  30 | 0.000000e+00 |      --      |    Inf |  46.54%
 4042s|146200 |   976 | 38708k| 257.8 |   361M |  39 |1101 |1419 |2923 | 699k|  0 |  36k|  30 | 0.000000e+00 |      --      |    Inf |  46.54%
 4047s|146300 |   970 | 38737k| 257.8 |   361M |  39 |1101 |1419 |2813 | 700k|  2 |  36k|  30 | 0.000000e+00 |      --      |    Inf |  46.54%
 time | node  | left  |LP iter|LP it/n|mem/heur|mdpt |vars |cons |rows |cuts |sepa|confs|strbr|  dualbound   | primalbound  |  gap   | compl. 
 4053s|146400 |   965 | 38764k| 257.8 |   361M |  39 |1101 |1419 |2847 | 700k|  2 |  36k|  30 | 0.000000e+00 |      --      |    Inf |  46.54%
 4060s|146500 |   966 | 38798k| 257.9 |   361M |  39 |1101 |1419 |3428 | 701k|  2 |  36k|  30 | 0.000000e+00 |      --      |    Inf |  46.55%
 4065s|146600 |   960 | 38825k| 257.9 |   361M |  39 |1101 |1419 |2650 | 701k|  3 |  36k|  30 | 0.000000e+00 |      --      |    Inf |  46.56%
 4073s|146700 |   960 | 38860k| 257.9 |   361M |  39 |1101 |1419 |3024 | 702k|  2 |  36k|  30 | 0.000000e+00 |      --      |    Inf |  46.56%
 4081s|146800 |   960 | 38902k| 258.1 |   361M |  39 |1101 |1419 |2566 | 703k|  0 |  36k|  30 | 0.000000e+00 |      --      |    Inf |  46.58%
 4088s|146900 |   968 | 38940k| 258.1 |   361M |  39 |1101 |1418 |2711 | 703k|  2 |  36k|  30 | 0.000000e+00 |      --      |    Inf |  46.59%
 4096s|147000 |   965 | 38982k| 258.2 |   361M |  39 |1101 |1419 |2719 | 704k|  0 |  36k|  30 | 0.000000e+00 |      --      |    Inf |  46.59%
 4105s|147100 |   974 | 39025k| 258.4 |   361M |  39 |1101 |1420 |   0 | 705k|  0 |  36k|  30 | 0.000000e+00 |      --      |    Inf |  46.59%
 4112s|147200 |   968 | 39064k| 258.4 |   361M |  39 |1101 |1419 |2713 | 706k|  2 |  36k|  30 | 0.000000e+00 |      --      |    Inf |  46.60%
 4118s|147300 |   973 | 39095k| 258.5 |   361M |  39 |1101 |1420 |2651 | 707k|  0 |  36k|  30 | 0.000000e+00 |      --      |    Inf |  46.63%
 4123s|147400 |   972 | 39119k| 258.5 |   361M |  39 |1101 |1419 |2816 | 707k|  2 |  36k|  30 | 0.000000e+00 |      --      |    Inf |  46.64%
 4126s|147500 |   964 | 39136k| 258.4 |   361M |  39 |1101 |1419 |   0 | 708k|  0 |  36k|  30 | 0.000000e+00 |      --      |    Inf |  46.64%
 4130s|147600 |   958 | 39150k| 258.3 |   361M |  39 |1101 |1419 |3065 | 708k|  2 |  36k|  30 | 0.000000e+00 |      --      |    Inf |  46.70%
 4139s|147700 |   962 | 39200k| 258.5 |   361M |  39 |1101 |1419 |2734 | 709k|  2 |  36k|  30 | 0.000000e+00 |      --      |    Inf |  46.71%
 4142s|147800 |   958 | 39237k| 258.6 |   361M |  39 |1101 |1419 |3060 | 709k|  2 |  36k|  30 | 0.000000e+00 |      --      |    Inf |  46.71%
 time | node  | left  |LP iter|LP it/n|mem/heur|mdpt |vars |cons |rows |cuts |sepa|confs|strbr|  dualbound   | primalbound  |  gap   | compl. 
 4146s|147900 |   954 | 39279k| 258.7 |   361M |  39 |1101 |1419 |2740 | 710k|  0 |  36k|  30 | 0.000000e+00 |      --      |    Inf |  46.74%
 4149s|148000 |   955 | 39309k| 258.7 |   361M |  39 |1101 |1420 |   0 | 710k|  0 |  36k|  30 | 0.000000e+00 |      --      |    Inf |  46.75%
 4153s|148100 |   976 | 39355k| 258.8 |   361M |  39 |1101 |1419 |2918 | 712k|  2 |  36k|  30 | 0.000000e+00 |      --      |    Inf |  46.78%
 4155s|148200 |   972 | 39377k| 258.8 |   361M |  39 |1101 |1419 |3036 | 712k|  2 |  36k|  30 | 0.000000e+00 |      --      |    Inf |  46.78%
 4158s|148300 |   984 | 39417k| 258.9 |   361M |  39 |1101 |1419 |2764 | 713k|  0 |  36k|  30 | 0.000000e+00 |      --      |    Inf |  46.80%
 4163s|148400 |   973 | 39472k| 259.1 |   361M |  39 |1101 |1419 |3069 | 713k|  0 |  36k|  30 | 0.000000e+00 |      --      |    Inf |  46.80%
 4168s|148500 |   970 | 39522k| 259.2 |   361M |  39 |1101 |1419 |2524 | 714k|  0 |  36k|  30 | 0.000000e+00 |      --      |    Inf |  46.80%
 4172s|148600 |   976 | 39567k| 259.4 |   361M |  39 |1101 |1419 |2872 | 715k|  2 |  36k|  30 | 0.000000e+00 |      --      |    Inf |  46.81%
 4176s|148700 |   981 | 39602k| 259.4 |   361M |  39 |1101 |1419 |   0 | 716k|  0 |  36k|  30 | 0.000000e+00 |      --      |    Inf |  46.82%
 4183s|148800 |   993 | 39639k| 259.5 |   361M |  39 |1101 |1419 |2764 | 717k|  2 |  36k|  30 | 0.000000e+00 |      --      |    Inf |  46.82%
 4188s|148900 |   986 | 39665k| 259.5 |   361M |  39 |1101 |1419 |3114 | 718k|  2 |  36k|  30 | 0.000000e+00 |      --      |    Inf |  46.82%
 4193s|149000 |   984 | 39686k| 259.5 |   361M |  39 |1101 |1419 |2908 | 718k|  2 |  36k|  30 | 0.000000e+00 |      --      |    Inf |  46.83%
 4196s|149100 |   982 | 39703k| 259.4 |   361M |  39 |1101 |1419 |2641 | 718k|  0 |  36k|  30 | 0.000000e+00 |      --      |    Inf |  46.83%
 4200s|149200 |   982 | 39723k| 259.4 |   361M |  39 |1101 |1419 |2964 | 719k|  2 |  36k|  30 | 0.000000e+00 |      --      |    Inf |  46.83%
 4205s|149300 |   973 | 39752k| 259.4 |   361M |  39 |1101 |1419 |3207 | 719k|  0 |  36k|  30 | 0.000000e+00 |      --      |    Inf |  46.90%
 time | node  | left  |LP iter|LP it/n|mem/heur|mdpt |vars |cons |rows |cuts |sepa|confs|strbr|  dualbound   | primalbound  |  gap   | compl. 
 4208s|149400 |   973 | 39780k| 259.4 |   361M |  39 |1101 |1419 |3215 | 719k|  1 |  36k|  30 | 0.000000e+00 |      --      |    Inf |  46.90%
 4211s|149500 |   977 | 39822k| 259.5 |   361M |  39 |1101 |1419 |2930 | 720k|  0 |  37k|  30 | 0.000000e+00 |      --      |    Inf |  46.91%
 4215s|149600 |   977 | 39862k| 259.6 |   361M |  39 |1101 |1419 |2736 | 720k|  2 |  37k|  30 | 0.000000e+00 |      --      |    Inf |  46.91%
 4218s|149700 |   975 | 39901k| 259.7 |   361M |  39 |1101 |1419 |2782 | 720k|  2 |  37k|  30 | 0.000000e+00 |      --      |    Inf |  46.91%
 4221s|149800 |   973 | 39935k| 259.7 |   362M |  39 |1101 |1419 |2950 | 721k|  0 |  37k|  30 | 0.000000e+00 |      --      |    Inf |  46.95%
 4224s|149900 |   975 | 39972k| 259.8 |   362M |  39 |1101 |1419 |2984 | 721k|  2 |  37k|  30 | 0.000000e+00 |      --      |    Inf |  46.95%
 4226s|150000 |   983 | 39998k| 259.8 |   362M |  39 |1101 |1419 |   0 | 722k|  0 |  37k|  30 | 0.000000e+00 |      --      |    Inf |  46.95%
 4229s|150100 |   987 | 40024k| 259.8 |   362M |  39 |1101 |1419 |   0 | 722k|  0 |  37k|  30 | 0.000000e+00 |      --      |    Inf |  46.95%
 4233s|150200 |   984 | 40058k| 259.9 |   362M |  39 |1101 |1419 |3090 | 722k|  2 |  37k|  30 | 0.000000e+00 |      --      |    Inf |  46.95%
 4236s|150300 |   998 | 40087k| 259.9 |   362M |  39 |1101 |1419 |3122 | 723k|  2 |  37k|  30 | 0.000000e+00 |      --      |    Inf |  46.95%
 4239s|150400 |   975 | 40123k| 259.9 |   362M |  39 |1101 |1419 |2945 | 723k|  1 |  37k|  30 | 0.000000e+00 |      --      |    Inf |  46.95%
 4241s|150500 |   975 | 40143k| 259.9 |   362M |  39 |1101 |1420 |   0 | 723k|  0 |  37k|  30 | 0.000000e+00 |      --      |    Inf |  46.96%
 4243s|150600 |   980 | 40168k| 259.9 |   362M |  39 |1101 |1419 |2714 | 724k|  0 |  37k|  30 | 0.000000e+00 |      --      |    Inf |  46.96%
 4245s|150700 |   980 | 40200k| 259.9 |   362M |  39 |1101 |1419 |2853 | 724k|  0 |  37k|  30 | 0.000000e+00 |      --      |    Inf |  46.98%
 4248s|150800 |   977 | 40230k| 260.0 |   362M |  39 |1101 |1419 |3093 | 724k|  2 |  37k|  30 | 0.000000e+00 |      --      |    Inf |  47.03%
 time | node  | left  |LP iter|LP it/n|mem/heur|mdpt |vars |cons |rows |cuts |sepa|confs|strbr|  dualbound   | primalbound  |  gap   | compl. 
 4251s|150900 |   978 | 40273k| 260.1 |   362M |  39 |1101 |1419 |2688 | 725k|  0 |  37k|  30 | 0.000000e+00 |      --      |    Inf |  47.04%
 4255s|151000 |   981 | 40312k| 260.2 |   362M |  39 |1101 |1419 |2704 | 726k|  0 |  37k|  30 | 0.000000e+00 |      --      |    Inf |  47.05%
 4260s|151100 |   976 | 40348k| 260.2 |   362M |  39 |1101 |1418 |3007 | 727k|  0 |  37k|  30 | 0.000000e+00 |      --      |    Inf |  47.05%
 4267s|151200 |   978 | 40386k| 260.3 |   362M |  39 |1101 |1418 |3243 | 727k|  0 |  37k|  30 | 0.000000e+00 |      --      |    Inf |  47.06%
 4271s|151300 |   970 | 40407k| 260.3 |   362M |  39 |1101 |1418 |   0 | 727k|  0 |  37k|  30 | 0.000000e+00 |      --      |    Inf |  47.09%
 4277s|151400 |   980 | 40436k| 260.3 |   362M |  39 |1101 |1418 |   0 | 727k|  0 |  37k|  30 | 0.000000e+00 |      --      |    Inf |  47.09%
 4283s|151500 |   976 | 40465k| 260.3 |   362M |  39 |1101 |1418 |2962 | 728k|  0 |  37k|  30 | 0.000000e+00 |      --      |    Inf |  47.10%
 4290s|151600 |   977 | 40501k| 260.4 |   362M |  39 |1101 |1418 |2881 | 729k|  2 |  37k|  30 | 0.000000e+00 |      --      |    Inf |  47.11%
 4298s|151700 |   980 | 40542k| 260.5 |   362M |  39 |1101 |1418 |2906 | 729k|  0 |  37k|  30 | 0.000000e+00 |      --      |    Inf |  47.11%
 4305s|151800 |   972 | 40577k| 260.5 |   362M |  39 |1101 |1418 |2723 | 730k|  0 |  37k|  30 | 0.000000e+00 |      --      |    Inf |  47.15%
 4308s|151900 |   970 | 40607k| 260.6 |   362M |  39 |1101 |1419 |2849 | 731k|  2 |  37k|  30 | 0.000000e+00 |      --      |    Inf |  47.16%
 4311s|152000 |   961 | 40632k| 260.5 |   362M |  39 |1101 |1418 |3218 | 731k|  2 |  37k|  30 | 0.000000e+00 |      --      |    Inf |  47.17%
 4314s|152100 |   986 | 40668k| 260.6 |   362M |  39 |1101 |1418 |3277 | 732k|  0 |  37k|  30 | 0.000000e+00 |      --      |    Inf |  47.17%
 4316s|152200 |   972 | 40688k| 260.6 |   362M |  39 |1101 |1418 |3245 | 732k|  1 |  37k|  30 | 0.000000e+00 |      --      |    Inf |  47.17%
 4319s|152300 |   970 | 40721k| 260.6 |   362M |  39 |1101 |1418 |   0 | 733k|  0 |  37k|  30 | 0.000000e+00 |      --      |    Inf |  47.17%
 time | node  | left  |LP iter|LP it/n|mem/heur|mdpt |vars |cons |rows |cuts |sepa|confs|strbr|  dualbound   | primalbound  |  gap   | compl. 
 4325s|152400 |   972 | 40784k| 260.8 |   362M |  39 |1101 |1418 |   0 | 734k|  0 |  37k|  30 | 0.000000e+00 |      --      |    Inf |  47.18%
 4330s|152500 |   978 | 40843k| 261.1 |   362M |  39 |1101 |1418 |2843 | 735k|  2 |  37k|  30 | 0.000000e+00 |      --      |    Inf |  47.18%
 4332s|152600 |   970 | 40871k| 261.1 |   362M |  39 |1101 |1418 |3099 | 736k|  2 |  37k|  30 | 0.000000e+00 |      --      |    Inf |  47.18%
 4338s|152700 |   970 | 40919k| 261.2 |   362M |  39 |1101 |1418 |3053 | 736k|  0 |  37k|  30 | 0.000000e+00 |      --      |    Inf |  47.18%
 4342s|152800 |   967 | 40963k| 261.3 |   362M |  39 |1101 |1419 |   0 | 737k|  0 |  37k|  30 | 0.000000e+00 |      --      |    Inf |  47.18%
 4346s|152900 |   975 | 41006k| 261.4 |   362M |  39 |1101 |1418 |3418 | 737k|  1 |  37k|  30 | 0.000000e+00 |      --      |    Inf |  47.18%
 4350s|153000 |   974 | 41049k| 261.5 |   362M |  39 |1101 |1418 |3420 | 737k|  0 |  37k|  30 | 0.000000e+00 |      --      |    Inf |  47.18%
 4354s|153100 |   973 | 41098k| 261.7 |   362M |  39 |1101 |1418 |3401 | 737k|  2 |  37k|  30 | 0.000000e+00 |      --      |    Inf |  47.19%
 4356s|153200 |   969 | 41115k| 261.6 |   362M |  39 |1101 |1418 |3398 | 737k|  0 |  37k|  30 | 0.000000e+00 |      --      |    Inf |  47.19%
 4357s|153300 |   968 | 41130k| 261.6 |   362M |  39 |1101 |1418 |2963 | 737k|  2 |  37k|  30 | 0.000000e+00 |      --      |    Inf |  47.19%
 4359s|153400 |   966 | 41147k| 261.5 |   362M |  39 |1101 |1418 |2783 | 737k|  2 |  38k|  30 | 0.000000e+00 |      --      |    Inf |  47.19%
 4361s|153500 |   972 | 41170k| 261.5 |   362M |  39 |1101 |1418 |   0 | 738k|  0 |  38k|  30 | 0.000000e+00 |      --      |    Inf |  47.20%
 4363s|153600 |   971 | 41189k| 261.4 |   362M |  39 |1101 |1418 |   0 | 738k|  0 |  38k|  30 | 0.000000e+00 |      --      |    Inf |  47.20%
 4364s|153700 |   968 | 41203k| 261.4 |   362M |  39 |1101 |1418 |   0 | 738k|  0 |  38k|  30 | 0.000000e+00 |      --      |    Inf |  47.21%
 4365s|153800 |   962 | 41210k| 261.2 |   362M |  39 |1101 |1418 |2851 | 738k|  2 |  38k|  30 | 0.000000e+00 |      --      |    Inf |  47.21%
 time | node  | left  |LP iter|LP it/n|mem/heur|mdpt |vars |cons |rows |cuts |sepa|confs|strbr|  dualbound   | primalbound  |  gap   | compl. 
 4368s|153900 |   980 | 41237k| 261.2 |   362M |  39 |1101 |1418 |2504 | 739k|  0 |  38k|  30 | 0.000000e+00 |      --      |    Inf |  47.24%
 4369s|154000 |   985 | 41256k| 261.2 |   362M |  39 |1101 |1418 |2836 | 739k|  1 |  38k|  30 | 0.000000e+00 |      --      |    Inf |  47.24%
 4370s|154100 |   993 | 41265k| 261.1 |   362M |  39 |1101 |1418 |   0 | 740k|  0 |  38k|  30 | 0.000000e+00 |      --      |    Inf |  47.24%
 4371s|154200 |   989 | 41275k| 261.0 |   362M |  39 |1101 |1418 |2465 | 740k|  1 |  38k|  30 | 0.000000e+00 |      --      |    Inf |  47.24%
 4372s|154300 |   980 | 41289k| 260.9 |   362M |  39 |1101 |1418 |   0 | 740k|  0 |  38k|  30 | 0.000000e+00 |      --      |    Inf |  47.25%
 4374s|154400 |   983 | 41315k| 260.9 |   362M |  39 |1101 |1418 |2836 | 740k|  0 |  38k|  30 | 0.000000e+00 |      --      |    Inf |  47.25%
 4377s|154500 |   981 | 41349k| 261.0 |   362M |  39 |1101 |1418 |2881 | 741k|  0 |  38k|  30 | 0.000000e+00 |      --      |    Inf |  47.26%
 4381s|154600 |  1000 | 41385k| 261.0 |   362M |  39 |1101 |1418 |2667 | 742k|  2 |  38k|  30 | 0.000000e+00 |      --      |    Inf |  47.27%
 4382s|154700 |   999 | 41399k| 260.9 |   362M |  39 |1101 |1418 |   0 | 742k|  0 |  38k|  30 | 0.000000e+00 |      --      |    Inf |  47.27%
 4384s|154800 |   999 | 41422k| 260.9 |   362M |  39 |1101 |1418 |2804 | 742k|  1 |  38k|  30 | 0.000000e+00 |      --      |    Inf |  47.27%
 4386s|154900 |   995 | 41444k| 260.9 |   362M |  39 |1101 |1418 |2805 | 742k|  0 |  38k|  30 | 0.000000e+00 |      --      |    Inf |  47.27%
 4388s|155000 |  1000 | 41467k| 260.9 |   362M |  39 |1101 |1418 |2689 | 743k|  0 |  38k|  30 | 0.000000e+00 |      --      |    Inf |  47.27%
 4389s|155100 |   998 | 41485k| 260.8 |   362M |  39 |1101 |1418 |3013 | 743k|  1 |  38k|  30 | 0.000000e+00 |      --      |    Inf |  47.27%
 4391s|155200 |   996 | 41503k| 260.8 |   362M |  39 |1101 |1418 |   0 | 743k|  0 |  38k|  30 | 0.000000e+00 |      --      |    Inf |  47.27%
 4392s|155300 |  1003 | 41517k| 260.7 |   362M |  39 |1101 |1418 |2568 | 743k|  1 |  38k|  30 | 0.000000e+00 |      --      |    Inf |  47.27%
 time | node  | left  |LP iter|LP it/n|mem/heur|mdpt |vars |cons |rows |cuts |sepa|confs|strbr|  dualbound   | primalbound  |  gap   | compl. 
 4394s|155400 |  1003 | 41537k| 260.7 |   362M |  39 |1101 |1418 |   0 | 743k|  0 |  38k|  30 | 0.000000e+00 |      --      |    Inf |  47.27%
 4395s|155500 |   997 | 41550k| 260.6 |   362M |  39 |1101 |1418 |2832 | 744k|  0 |  38k|  30 | 0.000000e+00 |      --      |    Inf |  47.28%
 4397s|155600 |  1005 | 41572k| 260.6 |   362M |  39 |1101 |1418 |   0 | 744k|  0 |  38k|  30 | 0.000000e+00 |      --      |    Inf |  47.28%
 4399s|155700 |  1005 | 41594k| 260.5 |   362M |  39 |1101 |1418 |2810 | 744k|  1 |  38k|  30 | 0.000000e+00 |      --      |    Inf |  47.28%
 4401s|155800 |  1001 | 41616k| 260.5 |   362M |  39 |1101 |1418 |2828 | 744k|  0 |  38k|  30 | 0.000000e+00 |      --      |    Inf |  47.28%
 4403s|155900 |   998 | 41638k| 260.5 |   362M |  39 |1101 |1418 |2827 | 744k|  0 |  38k|  30 | 0.000000e+00 |      --      |    Inf |  47.28%
 4405s|156000 |  1004 | 41664k| 260.5 |   362M |  39 |1101 |1418 |2826 | 745k|  1 |  38k|  30 | 0.000000e+00 |      --      |    Inf |  47.28%
 4408s|156100 |  1003 | 41695k| 260.5 |   362M |  39 |1101 |1418 |2866 | 745k|  0 |  38k|  30 | 0.000000e+00 |      --      |    Inf |  47.28%
 4411s|156200 |  1009 | 41721k| 260.5 |   362M |  39 |1101 |1418 |2877 | 745k|  0 |  38k|  30 | 0.000000e+00 |      --      |    Inf |  47.28%
 4413s|156300 |   998 | 41744k| 260.5 |   362M |  39 |1101 |1418 |2856 | 745k|  0 |  38k|  30 | 0.000000e+00 |      --      |    Inf |  47.28%
 4415s|156400 |  1000 | 41769k| 260.5 |   362M |  39 |1101 |1418 |2814 | 746k|  0 |  38k|  30 | 0.000000e+00 |      --      |    Inf |  47.28%
 4418s|156500 |   999 | 41800k| 260.5 |   362M |  39 |1101 |1418 |2825 | 746k|  2 |  38k|  30 | 0.000000e+00 |      --      |    Inf |  47.28%
 4420s|156600 |  1001 | 41825k| 260.5 |   362M |  39 |1101 |1418 |2850 | 746k|  2 |  38k|  30 | 0.000000e+00 |      --      |    Inf |  47.28%
 4422s|156700 |   998 | 41846k| 260.5 |   362M |  39 |1101 |1418 |2807 | 747k|  2 |  38k|  30 | 0.000000e+00 |      --      |    Inf |  47.28%
 4424s|156800 |  1000 | 41876k| 260.5 |   362M |  39 |1101 |1418 |2807 | 747k|  1 |  38k|  30 | 0.000000e+00 |      --      |    Inf |  47.28%
 time | node  | left  |LP iter|LP it/n|mem/heur|mdpt |vars |cons |rows |cuts |sepa|confs|strbr|  dualbound   | primalbound  |  gap   | compl. 
 4426s|156900 |   990 | 41897k| 260.5 |   362M |  39 |1101 |1418 |2588 | 747k|  0 |  38k|  30 | 0.000000e+00 |      --      |    Inf |  47.28%
 4428s|157000 |  1004 | 41918k| 260.4 |   362M |  39 |1101 |1418 |2953 | 747k|  1 |  38k|  30 | 0.000000e+00 |      --      |    Inf |  47.28%
 4430s|157100 |  1012 | 41942k| 260.4 |   362M |  39 |1101 |1418 |2807 | 747k|  0 |  38k|  30 | 0.000000e+00 |      --      |    Inf |  47.28%
 4432s|157200 |  1007 | 41966k| 260.4 |   362M |  39 |1101 |1418 |2808 | 748k|  1 |  38k|  30 | 0.000000e+00 |      --      |    Inf |  47.28%
 4434s|157300 |  1007 | 41991k| 260.4 |   362M |  39 |1101 |1418 |2827 | 748k|  2 |  38k|  30 | 0.000000e+00 |      --      |    Inf |  47.28%
 4436s|157400 |   999 | 42014k| 260.4 |   362M |  39 |1101 |1418 |2815 | 748k|  2 |  38k|  30 | 0.000000e+00 |      --      |    Inf |  47.28%
 4438s|157500 |  1001 | 42034k| 260.3 |   362M |  39 |1101 |1418 |3032 | 748k|  0 |  38k|  30 | 0.000000e+00 |      --      |    Inf |  47.28%
 4440s|157600 |   999 | 42062k| 260.4 |   362M |  39 |1101 |1418 |3006 | 748k|  2 |  39k|  30 | 0.000000e+00 |      --      |    Inf |  47.28%
 4443s|157700 |  1002 | 42094k| 260.4 |   362M |  39 |1101 |1418 |3015 | 749k|  0 |  39k|  30 | 0.000000e+00 |      --      |    Inf |  47.28%
 4446s|157800 |  1002 | 42121k| 260.4 |   362M |  39 |1101 |1418 |3017 | 749k|  1 |  39k|  30 | 0.000000e+00 |      --      |    Inf |  47.28%
 4448s|157900 |  1014 | 42145k| 260.4 |   362M |  39 |1101 |1418 |3011 | 749k|  2 |  39k|  30 | 0.000000e+00 |      --      |    Inf |  47.28%
 4450s|158000 |  1006 | 42173k| 260.4 |   362M |  39 |1101 |1418 |3032 | 749k|  1 |  39k|  30 | 0.000000e+00 |      --      |    Inf |  47.28%
 4453s|158100 |   992 | 42198k| 260.4 |   362M |  39 |1101 |1418 |3018 | 749k|  0 |  39k|  30 | 0.000000e+00 |      --      |    Inf |  47.28%
 4454s|158200 |   988 | 42216k| 260.3 |   362M |  39 |1101 |1418 |3036 | 749k|  1 |  39k|  30 | 0.000000e+00 |      --      |    Inf |  47.28%
 4456s|158300 |   971 | 42237k| 260.3 |   362M |  39 |1101 |1418 |2562 | 750k|  0 |  39k|  30 | 0.000000e+00 |      --      |    Inf |  47.52%
 time | node  | left  |LP iter|LP it/n|mem/heur|mdpt |vars |cons |rows |cuts |sepa|confs|strbr|  dualbound   | primalbound  |  gap   | compl. 
 4458s|158400 |   969 | 42258k| 260.3 |   362M |  39 |1101 |1418 |3054 | 750k|  0 |  39k|  30 | 0.000000e+00 |      --      |    Inf |  47.55%
 4460s|158500 |   977 | 42280k| 260.3 |   362M |  39 |1101 |1418 |2558 | 750k|  2 |  39k|  30 | 0.000000e+00 |      --      |    Inf |  47.56%
 4462s|158600 |   966 | 42303k| 260.2 |   362M |  39 |1101 |1418 |2484 | 751k|  0 |  39k|  30 | 0.000000e+00 |      --      |    Inf |  47.56%
 4463s|158700 |   969 | 42317k| 260.2 |   362M |  39 |1101 |1418 |2432 | 751k|  1 |  39k|  30 | 0.000000e+00 |      --      |    Inf |  47.57%
 4464s|158800 |   975 | 42331k| 260.1 |   362M |  39 |1101 |1418 |2495 | 751k|  0 |  39k|  30 | 0.000000e+00 |      --      |    Inf |  47.57%
 4466s|158900 |   968 | 42350k| 260.1 |   362M |  39 |1101 |1418 |2467 | 751k|  0 |  39k|  30 | 0.000000e+00 |      --      |    Inf |  47.57%
 4468s|159000 |   964 | 42367k| 260.0 |   362M |  39 |1101 |1418 |   0 | 752k|  0 |  39k|  30 | 0.000000e+00 |      --      |    Inf |  47.58%
 4470s|159100 |   967 | 42390k| 260.0 |   362M |  39 |1101 |1418 |2448 | 752k|  0 |  39k|  30 | 0.000000e+00 |      --      |    Inf |  47.58%
 4471s|159200 |   976 | 42404k| 259.9 |   362M |  39 |1101 |1418 |2438 | 752k|  2 |  39k|  30 | 0.000000e+00 |      --      |    Inf |  47.58%
 4473s|159300 |   975 | 42417k| 259.8 |   362M |  39 |1101 |1418 |2462 | 753k|  2 |  39k|  30 | 0.000000e+00 |      --      |    Inf |  47.58%
 4476s|159400 |   972 | 42428k| 259.7 |   362M |  39 |1101 |1418 |   0 | 753k|  0 |  39k|  30 | 0.000000e+00 |      --      |    Inf |  47.58%
 4479s|159500 |   981 | 42439k| 259.6 |   362M |  39 |1101 |1418 |2492 | 753k|  2 |  39k|  30 | 0.000000e+00 |      --      |    Inf |  47.58%
 4480s|159600 |   994 | 42452k| 259.6 |   362M |  39 |1101 |1418 |2469 | 753k|  2 |  39k|  30 | 0.000000e+00 |      --      |    Inf |  47.58%
 4482s|159700 |   999 | 42465k| 259.5 |   362M |  39 |1101 |1418 |2506 | 754k|  1 |  39k|  30 | 0.000000e+00 |      --      |    Inf |  47.58%
 4485s|159800 |   996 | 42477k| 259.4 |   362M |  39 |1101 |1418 |2568 | 754k|  2 |  39k|  30 | 0.000000e+00 |      --      |    Inf |  47.58%
 time | node  | left  |LP iter|LP it/n|mem/heur|mdpt |vars |cons |rows |cuts |sepa|confs|strbr|  dualbound   | primalbound  |  gap   | compl. 
 4487s|159900 |  1001 | 42490k| 259.3 |   362M |  39 |1101 |1418 |2595 | 754k|  0 |  39k|  30 | 0.000000e+00 |      --      |    Inf |  47.58%
 4490s|160000 |   996 | 42503k| 259.2 |   362M |  39 |1101 |1418 |2451 | 754k|  0 |  39k|  30 | 0.000000e+00 |      --      |    Inf |  47.58%
 4493s|160100 |   990 | 42517k| 259.2 |   362M |  39 |1101 |1418 |2492 | 755k|  0 |  39k|  30 | 0.000000e+00 |      --      |    Inf |  47.58%
 4496s|160200 |   986 | 42532k| 259.1 |   362M |  39 |1101 |1418 |2501 | 755k|  0 |  39k|  30 | 0.000000e+00 |      --      |    Inf |  47.58%
 4499s|160300 |   988 | 42548k| 259.0 |   362M |  39 |1101 |1418 |2437 | 755k|  2 |  39k|  30 | 0.000000e+00 |      --      |    Inf |  47.58%
 4501s|160400 |  1013 | 42560k| 259.0 |   362M |  39 |1101 |1418 |2483 | 756k|  2 |  39k|  30 | 0.000000e+00 |      --      |    Inf |  47.58%
 4504s|160500 |  1002 | 42575k| 258.9 |   362M |  39 |1101 |1418 |2536 | 756k|  2 |  39k|  30 | 0.000000e+00 |      --      |    Inf |  47.59%
 4507s|160600 |   998 | 42591k| 258.8 |   362M |  39 |1101 |1418 |2480 | 756k|  2 |  39k|  30 | 0.000000e+00 |      --      |    Inf |  47.59%
 4511s|160700 |  1004 | 42607k| 258.8 |   362M |  39 |1101 |1418 |2473 | 757k|  2 |  39k|  30 | 0.000000e+00 |      --      |    Inf |  47.59%
 4514s|160800 |  1011 | 42623k| 258.7 |   362M |  39 |1101 |1418 |2522 | 757k|  0 |  39k|  30 | 0.000000e+00 |      --      |    Inf |  47.60%
 4517s|160900 |   990 | 42639k| 258.7 |   362M |  39 |1101 |1418 |2542 | 757k|  1 |  39k|  30 | 0.000000e+00 |      --      |    Inf |  47.60%
 4520s|161000 |  1030 | 42651k| 258.6 |   363M |  39 |1101 |1418 |2558 | 758k|  2 |  40k|  30 | 0.000000e+00 |      --      |    Inf |  47.60%
 4522s|161100 |  1038 | 42664k| 258.5 |   363M |  39 |1101 |1418 |   0 | 758k|  0 |  40k|  30 | 0.000000e+00 |      --      |    Inf |  47.60%
 4525s|161200 |  1043 | 42675k| 258.4 |   363M |  39 |1101 |1418 |   0 | 758k|  0 |  40k|  30 | 0.000000e+00 |      --      |    Inf |  47.60%
 4528s|161300 |  1053 | 42691k| 258.3 |   363M |  39 |1101 |1418 |   0 | 758k|  0 |  40k|  30 | 0.000000e+00 |      --      |    Inf |  47.60%
 time | node  | left  |LP iter|LP it/n|mem/heur|mdpt |vars |cons |rows |cuts |sepa|confs|strbr|  dualbound   | primalbound  |  gap   | compl. 
 4531s|161400 |  1053 | 42708k| 258.3 |   363M |  39 |1101 |1418 |2554 | 759k|  2 |  40k|  30 | 0.000000e+00 |      --      |    Inf |  47.60%
 4533s|161500 |  1043 | 42719k| 258.2 |   363M |  39 |1101 |1418 |2565 | 759k|  2 |  40k|  30 | 0.000000e+00 |      --      |    Inf |  47.60%
 4535s|161600 |  1040 | 42728k| 258.1 |   363M |  39 |1101 |1418 |   0 | 759k|  0 |  40k|  30 | 0.000000e+00 |      --      |    Inf |  47.60%
 4538s|161700 |  1035 | 42743k| 258.0 |   363M |  39 |1101 |1418 |2573 | 759k|  0 |  40k|  30 | 0.000000e+00 |      --      |    Inf |  47.60%
 4541s|161800 |  1024 | 42758k| 258.0 |   363M |  39 |1101 |1418 |2582 | 759k|  2 |  40k|  30 | 0.000000e+00 |      --      |    Inf |  47.60%
 4544s|161900 |  1027 | 42771k| 257.9 |   363M |  39 |1101 |1418 |   0 | 760k|  0 |  40k|  30 | 0.000000e+00 |      --      |    Inf |  47.61%
 4547s|162000 |  1011 | 42787k| 257.8 |   363M |  39 |1101 |1418 |   0 | 760k|  0 |  40k|  30 | 0.000000e+00 |      --      |    Inf |  47.61%
 4550s|162100 |  1002 | 42802k| 257.8 |   363M |  39 |1101 |1418 |2546 | 760k|  2 |  40k|  30 | 0.000000e+00 |      --      |    Inf |  47.61%
 4552s|162200 |  1002 | 42814k| 257.7 |   363M |  39 |1101 |1418 |2605 | 760k|  0 |  40k|  30 | 0.000000e+00 |      --      |    Inf |  47.61%
 4555s|162300 |   997 | 42826k| 257.6 |   363M |  39 |1101 |1418 |   0 | 760k|  0 |  40k|  30 | 0.000000e+00 |      --      |    Inf |  47.61%
 4557s|162400 |  1002 | 42836k| 257.5 |   363M |  39 |1101 |1418 |2514 | 761k|  0 |  40k|  30 | 0.000000e+00 |      --      |    Inf |  47.61%
 4559s|162500 |  1007 | 42849k| 257.4 |   363M |  39 |1101 |1418 |2473 | 761k|  2 |  40k|  30 | 0.000000e+00 |      --      |    Inf |  47.61%
 4563s|162600 |  1005 | 42868k| 257.4 |   363M |  39 |1101 |1418 |2475 | 761k|  2 |  40k|  30 | 0.000000e+00 |      --      |    Inf |  47.61%
 4566s|162700 |  1001 | 42885k| 257.3 |   363M |  39 |1101 |1418 |2536 | 762k|  0 |  40k|  30 | 0.000000e+00 |      --      |    Inf |  47.61%
 4569s|162800 |   998 | 42900k| 257.3 |   363M |  39 |1101 |1418 |2660 | 762k|  1 |  40k|  30 | 0.000000e+00 |      --      |    Inf |  47.61%
 time | node  | left  |LP iter|LP it/n|mem/heur|mdpt |vars |cons |rows |cuts |sepa|confs|strbr|  dualbound   | primalbound  |  gap   | compl. 
 4572s|162900 |   994 | 42916k| 257.2 |   363M |  39 |1101 |1418 |2466 | 762k|  2 |  40k|  30 | 0.000000e+00 |      --      |    Inf |  47.61%
 4576s|163000 |   985 | 42936k| 257.2 |   363M |  39 |1101 |1418 |2564 | 762k|  0 |  40k|  30 | 0.000000e+00 |      --      |    Inf |  47.62%
 4580s|163100 |   985 | 42953k| 257.1 |   363M |  39 |1101 |1418 |2654 | 762k|  0 |  40k|  30 | 0.000000e+00 |      --      |    Inf |  47.62%
 4582s|163200 |   984 | 42966k| 257.0 |   363M |  39 |1101 |1418 |2667 | 762k|  2 |  40k|  30 | 0.000000e+00 |      --      |    Inf |  47.62%
 4586s|163300 |   991 | 42984k| 257.0 |   363M |  39 |1101 |1418 |2820 | 763k|  2 |  40k|  30 | 0.000000e+00 |      --      |    Inf |  47.62%
 4591s|163400 |   985 | 43008k| 257.0 |   363M |  39 |1101 |1418 |2789 | 763k|  2 |  40k|  30 | 0.000000e+00 |      --      |    Inf |  47.62%
 4595s|163500 |   977 | 43028k| 257.0 |   363M |  39 |1101 |1418 |2949 | 763k|  0 |  40k|  30 | 0.000000e+00 |      --      |    Inf |  47.63%
 4598s|163600 |   972 | 43045k| 256.9 |   363M |  39 |1101 |1418 |2785 | 763k|  0 |  40k|  30 | 0.000000e+00 |      --      |    Inf |  47.64%
 4603s|163700 |   976 | 43065k| 256.9 |   363M |  39 |1101 |1418 |2636 | 763k|  0 |  40k|  30 | 0.000000e+00 |      --      |    Inf |  47.67%
 4606s|163800 |   981 | 43081k| 256.8 |   363M |  39 |1101 |1418 |2685 | 764k|  0 |  40k|  30 | 0.000000e+00 |      --      |    Inf |  47.72%
 4610s|163900 |   990 | 43100k| 256.8 |   363M |  39 |1101 |1418 |2725 | 764k|  2 |  40k|  30 | 0.000000e+00 |      --      |    Inf |  47.73%
 4613s|164000 |   999 | 43117k| 256.7 |   363M |  39 |1101 |1419 |2798 | 764k|  1 |  40k|  30 | 0.000000e+00 |      --      |    Inf |  47.73%
 4614s|164100 |   992 | 43129k| 256.6 |   363M |  39 |1101 |1419 |   0 | 764k|  0 |  40k|  30 | 0.000000e+00 |      --      |    Inf |  47.73%
 4615s|164200 |   992 | 43143k| 256.6 |   363M |  40 |1101 |1419 |2810 | 764k|  0 |  40k|  30 | 0.000000e+00 |      --      |    Inf |  47.73%
 4617s|164300 |   992 | 43163k| 256.5 |   363M |  40 |1101 |1419 |2691 | 764k|  2 |  40k|  30 | 0.000000e+00 |      --      |    Inf |  47.73%
 time | node  | left  |LP iter|LP it/n|mem/heur|mdpt |vars |cons |rows |cuts |sepa|confs|strbr|  dualbound   | primalbound  |  gap   | compl. 
 4619s|164400 |   988 | 43189k| 256.5 |   363M |  40 |1101 |1419 |2878 | 765k|  0 |  41k|  30 | 0.000000e+00 |      --      |    Inf |  47.73%
 4621s|164500 |   982 | 43210k| 256.5 |   363M |  40 |1101 |1419 |2813 | 765k|  1 |  41k|  30 | 0.000000e+00 |      --      |    Inf |  47.73%
 4623s|164600 |  1004 | 43226k| 256.5 |   363M |  40 |1101 |1419 |2832 | 765k|  1 |  41k|  30 | 0.000000e+00 |      --      |    Inf |  47.73%
 4624s|164700 |  1014 | 43241k| 256.4 |   363M |  40 |1101 |1419 |2860 | 765k|  2 |  41k|  30 | 0.000000e+00 |      --      |    Inf |  47.73%
 4626s|164800 |  1009 | 43259k| 256.3 |   363M |  40 |1101 |1419 |2853 | 765k|  1 |  41k|  30 | 0.000000e+00 |      --      |    Inf |  47.73%
 4627s|164900 |   997 | 43276k| 256.3 |   363M |  40 |1101 |1419 |2840 | 765k|  0 |  41k|  30 | 0.000000e+00 |      --      |    Inf |  47.73%
 4629s|165000 |  1013 | 43291k| 256.2 |   363M |  40 |1101 |1419 |2844 | 765k|  2 |  41k|  30 | 0.000000e+00 |      --      |    Inf |  47.73%
 4630s|165100 |  1008 | 43303k| 256.2 |   363M |  42 |1101 |1419 |2818 | 765k|  0 |  41k|  30 | 0.000000e+00 |      --      |    Inf |  47.73%
 4631s|165200 |  1015 | 43316k| 256.1 |   363M |  42 |1101 |1419 |2825 | 765k|  1 |  41k|  30 | 0.000000e+00 |      --      |    Inf |  47.73%
 4632s|165300 |  1012 | 43329k| 256.0 |   363M |  42 |1101 |1419 |2816 | 765k|  0 |  41k|  30 | 0.000000e+00 |      --      |    Inf |  47.73%
 4633s|165400 |  1008 | 43344k| 255.9 |   364M |  42 |1101 |1419 |2818 | 765k|  1 |  41k|  30 | 0.000000e+00 |      --      |    Inf |  47.73%
 4634s|165500 |  1007 | 43354k| 255.8 |   364M |  42 |1101 |1419 |2817 | 766k|  0 |  41k|  30 | 0.000000e+00 |      --      |    Inf |  47.73%
 4635s|165600 |  1006 | 43366k| 255.8 |   364M |  42 |1101 |1419 |2816 | 766k|  2 |  41k|  30 | 0.000000e+00 |      --      |    Inf |  47.73%
 4637s|165700 |  1001 | 43379k| 255.7 |   364M |  42 |1101 |1419 |2794 | 766k|  1 |  41k|  30 | 0.000000e+00 |      --      |    Inf |  47.73%
 4638s|165800 |   997 | 43390k| 255.6 |   364M |  42 |1101 |1419 |2804 | 766k|  0 |  41k|  30 | 0.000000e+00 |      --      |    Inf |  47.73%
 time | node  | left  |LP iter|LP it/n|mem/heur|mdpt |vars |cons |rows |cuts |sepa|confs|strbr|  dualbound   | primalbound  |  gap   | compl. 
 4639s|165900 |  1015 | 43403k| 255.5 |   364M |  42 |1101 |1419 |2686 | 766k|  2 |  41k|  30 | 0.000000e+00 |      --      |    Inf |  47.73%
 4640s|166000 |  1027 | 43419k| 255.5 |   364M |  42 |1101 |1419 |2789 | 766k|  0 |  41k|  30 | 0.000000e+00 |      --      |    Inf |  47.73%
 4642s|166100 |  1017 | 43436k| 255.4 |   364M |  42 |1101 |1419 |2697 | 766k|  2 |  41k|  30 | 0.000000e+00 |      --      |    Inf |  47.73%
 4643s|166200 |  1023 | 43451k| 255.4 |   364M |  42 |1101 |1419 |2689 | 766k|  0 |  41k|  30 | 0.000000e+00 |      --      |    Inf |  47.73%
 4644s|166300 |  1027 | 43466k| 255.3 |   364M |  42 |1101 |1419 |2705 | 766k|  2 |  41k|  30 | 0.000000e+00 |      --      |    Inf |  47.73%
 4645s|166400 |  1025 | 43477k| 255.2 |   364M |  42 |1101 |1419 |2714 | 767k|  2 |  41k|  30 | 0.000000e+00 |      --      |    Inf |  47.73%
 4647s|166500 |  1028 | 43491k| 255.2 |   364M |  42 |1101 |1419 |2732 | 767k|  2 |  41k|  30 | 0.000000e+00 |      --      |    Inf |  47.73%
 4648s|166600 |  1020 | 43507k| 255.1 |   364M |  42 |1101 |1419 |2716 | 767k|  2 |  41k|  30 | 0.000000e+00 |      --      |    Inf |  47.73%
 4649s|166700 |  1017 | 43522k| 255.0 |   364M |  42 |1101 |1419 |2717 | 767k|  2 |  41k|  30 | 0.000000e+00 |      --      |    Inf |  47.73%
 4651s|166800 |  1016 | 43535k| 255.0 |   364M |  42 |1101 |1419 |2705 | 767k|  1 |  41k|  30 | 0.000000e+00 |      --      |    Inf |  47.73%
 4652s|166900 |  1012 | 43549k| 254.9 |   364M |  42 |1101 |1419 |2700 | 767k|  2 |  41k|  30 | 0.000000e+00 |      --      |    Inf |  47.73%
 4653s|167000 |  1017 | 43564k| 254.8 |   364M |  42 |1101 |1419 |2652 | 767k|  1 |  41k|  30 | 0.000000e+00 |      --      |    Inf |  47.74%
 4655s|167100 |  1027 | 43584k| 254.8 |   364M |  42 |1101 |1419 |2639 | 768k|  0 |  41k|  30 | 0.000000e+00 |      --      |    Inf |  47.74%
 4657s|167200 |  1029 | 43606k| 254.8 |   364M |  42 |1101 |1419 |2760 | 768k|  2 |  41k|  30 | 0.000000e+00 |      --      |    Inf |  47.75%
 4658s|167300 |  1027 | 43619k| 254.7 |   364M |  42 |1101 |1419 |2621 | 768k|  1 |  41k|  30 | 0.000000e+00 |      --      |    Inf |  47.75%
 time | node  | left  |LP iter|LP it/n|mem/heur|mdpt |vars |cons |rows |cuts |sepa|confs|strbr|  dualbound   | primalbound  |  gap   | compl. 
 4661s|167400 |  1030 | 43643k| 254.7 |   364M |  42 |1101 |1419 |2676 | 768k|  2 |  41k|  30 | 0.000000e+00 |      --      |    Inf |  47.75%
 4662s|167500 |  1030 | 43662k| 254.7 |   364M |  42 |1101 |1419 |2656 | 769k|  2 |  42k|  30 | 0.000000e+00 |      --      |    Inf |  47.75%
 4664s|167600 |  1033 | 43686k| 254.7 |   364M |  42 |1101 |1419 |2695 | 769k|  0 |  42k|  30 | 0.000000e+00 |      --      |    Inf |  47.75%
 4667s|167700 |  1026 | 43711k| 254.6 |   364M |  42 |1101 |1419 |   0 | 769k|  0 |  42k|  30 | 0.000000e+00 |      --      |    Inf |  47.75%
 4670s|167800 |  1032 | 43726k| 254.6 |   364M |  42 |1101 |1419 |2954 | 769k|  2 |  42k|  30 | 0.000000e+00 |      --      |    Inf |  47.76%
 4673s|167900 |  1018 | 43741k| 254.5 |   364M |  42 |1101 |1419 |2919 | 769k|  0 |  42k|  30 | 0.000000e+00 |      --      |    Inf |  47.81%
 4676s|168000 |  1029 | 43755k| 254.5 |   364M |  42 |1101 |1419 |3300 | 769k|  1 |  42k|  30 | 0.000000e+00 |      --      |    Inf |  47.82%
 4679s|168100 |  1037 | 43777k| 254.4 |   364M |  42 |1101 |1419 |3305 | 769k|  0 |  42k|  30 | 0.000000e+00 |      --      |    Inf |  47.82%
 4682s|168200 |  1030 | 43812k| 254.5 |   364M |  42 |1101 |1419 |3373 | 769k|  2 |  42k|  30 | 0.000000e+00 |      --      |    Inf |  47.82%
 4686s|168300 |  1020 | 43846k| 254.5 |   364M |  42 |1101 |1419 |3318 | 770k|  2 |  42k|  30 | 0.000000e+00 |      --      |    Inf |  47.82%
 4689s|168400 |  1019 | 43882k| 254.6 |   364M |  42 |1101 |1419 |2693 | 770k|  2 |  42k|  30 | 0.000000e+00 |      --      |    Inf |  47.82%
 4692s|168500 |  1041 | 43924k| 254.7 |   364M |  42 |1101 |1419 |2677 | 771k|  2 |  42k|  30 | 0.000000e+00 |      --      |    Inf |  47.82%
 4695s|168600 |  1043 | 43961k| 254.8 |   364M |  42 |1101 |1419 |2706 | 772k|  0 |  42k|  30 | 0.000000e+00 |      --      |    Inf |  47.82%
 4698s|168700 |  1046 | 43993k| 254.8 |   364M |  42 |1101 |1418 |2851 | 772k|  2 |  42k|  30 | 0.000000e+00 |      --      |    Inf |  47.82%
 4701s|168800 |  1041 | 44029k| 254.9 |   364M |  42 |1101 |1418 |2900 | 773k|  0 |  42k|  30 | 0.000000e+00 |      --      |    Inf |  47.82%
 time | node  | left  |LP iter|LP it/n|mem/heur|mdpt |vars |cons |rows |cuts |sepa|confs|strbr|  dualbound   | primalbound  |  gap   | compl. 
 4705s|168900 |  1051 | 44070k| 255.0 |   364M |  42 |1101 |1418 |2879 | 773k|  0 |  42k|  30 | 0.000000e+00 |      --      |    Inf |  47.82%
 4708s|169000 |  1042 | 44104k| 255.0 |   364M |  42 |1101 |1418 |2919 | 773k|  0 |  42k|  30 | 0.000000e+00 |      --      |    Inf |  47.82%
 4711s|169100 |  1042 | 44141k| 255.1 |   364M |  42 |1101 |1418 |3026 | 774k|  0 |  42k|  30 | 0.000000e+00 |      --      |    Inf |  47.83%
 4714s|169200 |  1044 | 44182k| 255.2 |   366M |  42 |1101 |1418 |2710 | 774k|  2 |  42k|  30 | 0.000000e+00 |      --      |    Inf |  47.83%
 4716s|169300 |  1048 | 44207k| 255.2 |   366M |  42 |1101 |1418 |   0 | 775k|  0 |  42k|  30 | 0.000000e+00 |      --      |    Inf |  47.83%
 4720s|169400 |  1044 | 44241k| 255.2 |   366M |  42 |1101 |1418 |2792 | 775k|  0 |  42k|  30 | 0.000000e+00 |      --      |    Inf |  47.83%
 4727s|169500 |  1052 | 44277k| 255.3 |   366M |  42 |1101 |1418 |2810 | 775k|  2 |  42k|  30 | 0.000000e+00 |      --      |    Inf |  47.83%
 4735s|169600 |  1044 | 44315k| 255.3 |   366M |  42 |1101 |1418 |3102 | 776k|  0 |  42k|  30 | 0.000000e+00 |      --      |    Inf |  47.83%
 4744s|169700 |  1051 | 44358k| 255.4 |   366M |  42 |1101 |1418 |3035 | 776k|  0 |  42k|  30 | 0.000000e+00 |      --      |    Inf |  47.83%
 4751s|169800 |  1057 | 44394k| 255.5 |   366M |  42 |1101 |1418 |2769 | 776k|  2 |  42k|  30 | 0.000000e+00 |      --      |    Inf |  47.83%
 4757s|169900 |  1048 | 44427k| 255.5 |   366M |  42 |1101 |1418 |3046 | 777k|  0 |  42k|  30 | 0.000000e+00 |      --      |    Inf |  47.83%
 4765s|170000 |  1051 | 44464k| 255.6 |   366M |  42 |1101 |1418 |2767 | 777k|  2 |  42k|  30 | 0.000000e+00 |      --      |    Inf |  47.83%
 4770s|170100 |  1044 | 44495k| 255.6 |   366M |  42 |1101 |1418 |2720 | 777k|  2 |  42k|  30 | 0.000000e+00 |      --      |    Inf |  47.83%
 4777s|170200 |  1049 | 44528k| 255.7 |   366M |  42 |1101 |1418 |2742 | 778k|  2 |  42k|  30 | 0.000000e+00 |      --      |    Inf |  47.83%
 4783s|170300 |  1054 | 44564k| 255.7 |   366M |  42 |1101 |1418 |2753 | 778k|  2 |  42k|  30 | 0.000000e+00 |      --      |    Inf |  47.83%
 time | node  | left  |LP iter|LP it/n|mem/heur|mdpt |vars |cons |rows |cuts |sepa|confs|strbr|  dualbound   | primalbound  |  gap   | compl. 
 4790s|170400 |  1051 | 44599k| 255.8 |   366M |  42 |1101 |1418 |2806 | 779k|  0 |  42k|  30 | 0.000000e+00 |      --      |    Inf |  47.83%
 4797s|170500 |  1049 | 44635k| 255.9 |   366M |  42 |1101 |1418 |2841 | 779k|  2 |  42k|  30 | 0.000000e+00 |      --      |    Inf |  47.83%
 4804s|170600 |  1041 | 44670k| 255.9 |   366M |  42 |1101 |1418 |3177 | 779k|  0 |  43k|  30 | 0.000000e+00 |      --      |    Inf |  47.83%
 4809s|170700 |  1037 | 44700k| 255.9 |   366M |  42 |1101 |1418 |3412 | 779k|  0 |  43k|  30 | 0.000000e+00 |      --      |    Inf |  48.06%
 4813s|170800 |  1032 | 44742k| 256.0 |   366M |  42 |1101 |1418 |2774 | 780k|  2 |  43k|  30 | 0.000000e+00 |      --      |    Inf |  48.06%
 4815s|170900 |  1036 | 44772k| 256.1 |   366M |  42 |1101 |1418 |2773 | 780k|  2 |  43k|  30 | 0.000000e+00 |      --      |    Inf |  48.06%
 4818s|171000 |  1042 | 44802k| 256.1 |   366M |  42 |1101 |1418 |2837 | 780k|  2 |  43k|  30 | 0.000000e+00 |      --      |    Inf |  48.06%
 4821s|171100 |  1053 | 44837k| 256.1 |   366M |  42 |1101 |1418 |2589 | 781k|  2 |  43k|  30 | 0.000000e+00 |      --      |    Inf |  48.06%
 4824s|171200 |  1067 | 44880k| 256.2 |   366M |  42 |1101 |1418 |3038 | 782k|  2 |  43k|  30 | 0.000000e+00 |      --      |    Inf |  48.06%
 4829s|171300 |  1069 | 44930k| 256.4 |   366M |  42 |1101 |1418 |3200 | 782k|  0 |  43k|  30 | 0.000000e+00 |      --      |    Inf |  48.06%
 4832s|171400 |  1074 | 44966k| 256.4 |   366M |  42 |1101 |1418 |3263 | 782k|  2 |  43k|  30 | 0.000000e+00 |      --      |    Inf |  48.06%
 4836s|171500 |  1065 | 45012k| 256.5 |   366M |  42 |1101 |1418 |2589 | 783k|  0 |  43k|  30 | 0.000000e+00 |      --      |    Inf |  48.07%
 4839s|171600 |  1072 | 45047k| 256.6 |   366M |  42 |1101 |1418 |2990 | 783k|  0 |  43k|  30 | 0.000000e+00 |      --      |    Inf |  48.07%
 4843s|171700 |  1066 | 45089k| 256.7 |   366M |  42 |1101 |1418 |3000 | 783k|  2 |  43k|  30 | 0.000000e+00 |      --      |    Inf |  48.07%
 4847s|171800 |  1065 | 45127k| 256.8 |   366M |  42 |1101 |1418 |3016 | 784k|  2 |  43k|  30 | 0.000000e+00 |      --      |    Inf |  48.07%
 time | node  | left  |LP iter|LP it/n|mem/heur|mdpt |vars |cons |rows |cuts |sepa|confs|strbr|  dualbound   | primalbound  |  gap   | compl. 
 4850s|171900 |  1062 | 45166k| 256.8 |   366M |  42 |1101 |1418 |   0 | 784k|  0 |  43k|  30 | 0.000000e+00 |      --      |    Inf |  48.07%
 4854s|172000 |  1065 | 45215k| 257.0 |   366M |  42 |1101 |1418 |3024 | 784k|  2 |  43k|  30 | 0.000000e+00 |      --      |    Inf |  48.07%
 4858s|172100 |  1069 | 45254k| 257.1 |   366M |  42 |1101 |1418 |3035 | 785k|  2 |  43k|  30 | 0.000000e+00 |      --      |    Inf |  48.07%
 4861s|172200 |  1063 | 45289k| 257.1 |   366M |  42 |1101 |1418 |3037 | 785k|  0 |  43k|  30 | 0.000000e+00 |      --      |    Inf |  48.07%
 4864s|172300 |  1061 | 45327k| 257.2 |   366M |  42 |1101 |1418 |2598 | 785k|  2 |  43k|  30 | 0.000000e+00 |      --      |    Inf |  48.08%
 4868s|172400 |  1062 | 45375k| 257.3 |   366M |  42 |1101 |1418 |2980 | 786k|  0 |  43k|  30 | 0.000000e+00 |      --      |    Inf |  48.08%
 4871s|172500 |  1063 | 45414k| 257.4 |   366M |  42 |1101 |1418 |2733 | 786k|  0 |  43k|  30 | 0.000000e+00 |      --      |    Inf |  48.09%
 4875s|172600 |  1070 | 45449k| 257.4 |   366M |  42 |1101 |1418 |3170 | 787k|  2 |  43k|  30 | 0.000000e+00 |      --      |    Inf |  48.15%
 4877s|172700 |  1069 | 45476k| 257.4 |   367M |  42 |1101 |1418 |2563 | 787k|  0 |  43k|  30 | 0.000000e+00 |      --      |    Inf |  48.19%
 4880s|172800 |  1084 | 45510k| 257.5 |   367M |  42 |1101 |1418 |3039 | 788k|  0 |  43k|  30 | 0.000000e+00 |      --      |    Inf |  48.20%
 4884s|172900 |  1118 | 45548k| 257.5 |   367M |  42 |1101 |1418 |3060 | 788k|  1 |  43k|  30 | 0.000000e+00 |      --      |    Inf |  48.20%
 4886s|173000 |  1127 | 45577k| 257.6 |   367M |  42 |1101 |1418 |3088 | 788k|  1 |  43k|  30 | 0.000000e+00 |      --      |    Inf |  48.20%
 4890s|173100 |  1118 | 45613k| 257.6 |   367M |  42 |1101 |1418 |3078 | 789k|  2 |  43k|  30 | 0.000000e+00 |      --      |    Inf |  48.21%
 4893s|173200 |  1108 | 45649k| 257.7 |   367M |  42 |1101 |1418 |3076 | 789k|  2 |  43k|  30 | 0.000000e+00 |      --      |    Inf |  48.21%
 4896s|173300 |  1097 | 45682k| 257.7 |   367M |  42 |1101 |1418 |3154 | 789k|  0 |  43k|  30 | 0.000000e+00 |      --      |    Inf |  48.21%
 time | node  | left  |LP iter|LP it/n|mem/heur|mdpt |vars |cons |rows |cuts |sepa|confs|strbr|  dualbound   | primalbound  |  gap   | compl. 
 4900s|173400 |  1090 | 45716k| 257.8 |   367M |  42 |1101 |1418 |3057 | 789k|  0 |  43k|  30 | 0.000000e+00 |      --      |    Inf |  48.21%
 4903s|173500 |  1093 | 45751k| 257.8 |   367M |  42 |1101 |1418 |2961 | 790k|  2 |  43k|  30 | 0.000000e+00 |      --      |    Inf |  48.21%
 4908s|173600 |  1097 | 45793k| 257.9 |   367M |  42 |1101 |1418 |3231 | 790k|  2 |  43k|  30 | 0.000000e+00 |      --      |    Inf |  48.22%
 4912s|173700 |  1093 | 45829k| 258.0 |   367M |  42 |1101 |1418 |   0 | 790k|  0 |  43k|  30 | 0.000000e+00 |      --      |    Inf |  48.22%
 4916s|173800 |  1085 | 45874k| 258.1 |   367M |  42 |1101 |1418 |2933 | 791k|  0 |  43k|  30 | 0.000000e+00 |      --      |    Inf |  48.36%
 4921s|173900 |  1087 | 45920k| 258.2 |   367M |  42 |1101 |1418 |2961 | 791k|  2 |  43k|  30 | 0.000000e+00 |      --      |    Inf |  48.36%
 4926s|174000 |  1088 | 45965k| 258.3 |   367M |  42 |1101 |1418 |2696 | 792k|  0 |  43k|  30 | 0.000000e+00 |      --      |    Inf |  48.37%
 4929s|174100 |  1088 | 45999k| 258.3 |   367M |  42 |1101 |1419 |3228 | 792k|  2 |  43k|  30 | 0.000000e+00 |      --      |    Inf |  48.40%
 4933s|174200 |  1081 | 46033k| 258.4 |   367M |  42 |1101 |1419 |2436 | 792k|  0 |  44k|  30 | 0.000000e+00 |      --      |    Inf |  48.40%
 4938s|174300 |  1087 | 46080k| 258.5 |   367M |  42 |1101 |1419 |3099 | 793k|  0 |  44k|  30 | 0.000000e+00 |      --      |    Inf |  48.42%
 4942s|174400 |  1085 | 46126k| 258.6 |   367M |  42 |1101 |1419 |2716 | 793k|  1 |  44k|  30 | 0.000000e+00 |      --      |    Inf |  48.42%
 4946s|174500 |  1099 | 46163k| 258.7 |   367M |  42 |1101 |1420 |2870 | 794k|  0 |  44k|  30 | 0.000000e+00 |      --      |    Inf |  48.43%
 4949s|174600 |  1097 | 46199k| 258.7 |   367M |  42 |1101 |1419 |2943 | 795k|  0 |  44k|  30 | 0.000000e+00 |      --      |    Inf |  48.43%
 4952s|174700 |  1110 | 46228k| 258.8 |   367M |  42 |1101 |1419 |3232 | 795k|  0 |  44k|  30 | 0.000000e+00 |      --      |    Inf |  48.43%
 4955s|174800 |  1106 | 46264k| 258.8 |   367M |  42 |1101 |1418 |3239 | 795k|  1 |  44k|  30 | 0.000000e+00 |      --      |    Inf |  48.43%
 time | node  | left  |LP iter|LP it/n|mem/heur|mdpt |vars |cons |rows |cuts |sepa|confs|strbr|  dualbound   | primalbound  |  gap   | compl. 
 4958s|174900 |  1108 | 46293k| 258.8 |   367M |  42 |1101 |1420 |2437 | 796k|  2 |  44k|  30 | 0.000000e+00 |      --      |    Inf |  48.43%
 4961s|175000 |  1112 | 46326k| 258.9 |   367M |  42 |1101 |1419 |2593 | 797k|  2 |  44k|  30 | 0.000000e+00 |      --      |    Inf |  48.43%
 4964s|175100 |  1112 | 46361k| 258.9 |   367M |  42 |1101 |1419 |2500 | 798k|  2 |  44k|  30 | 0.000000e+00 |      --      |    Inf |  48.43%
 4966s|175200 |  1108 | 46391k| 259.0 |   367M |  42 |1101 |1419 |2797 | 798k|  0 |  44k|  30 | 0.000000e+00 |      --      |    Inf |  48.43%
 4969s|175300 |  1105 | 46424k| 259.0 |   367M |  42 |1101 |1419 |3025 | 799k|  0 |  44k|  30 | 0.000000e+00 |      --      |    Inf |  48.43%
pressed CTRL-C 1 times (5 times for forcing termination)

SCIP Status        : solving was interrupted [user interrupt]
Solving Time (sec) : 4970.00
Solving Nodes      : 175314 (total of 179245 nodes in 2 runs)
Primal Bound       : +1.00000000000000e+20 (0 solutions)
Dual Bound         : +0.00000000000000e+00
Gap                : infinite


no solution available

SCIP> 