SCIP version 10.0.1 [precision: 8 byte] [memory: block] [mode: optimized] [LP solver: SoPlex 8.0.1] [GitHash: 76a50c97d6]
Copyright (c) 2002-2026 Zuse Institute Berlin (ZIB)

External libraries: 
  SoPlex 8.0.1         Linear programming solver developed at Zuse Institute Berlin (soplex.zib.de) [GitHash: c69290aa]
  CppAD 20180000.0     Algorithmic Differentiation of C++ algorithms developed by B. Bell (github.com/coin-or/CppAD)
  ZLIB 1.3.1           General purpose compression library by J. Gailly and M. Adler (zlib.net)
  MPFR 4.2.2           GNU Multiple Precision Floating-Point Reliable Library (mpfr.org)
  Boost 1.89.0         Boost C++ Libraries (boost.org)
  TinyCThread 1.2      small portable implementation of the C11 threads API (tinycthread.github.io)
  GMP 6.3.0            GNU Multiple Precision Arithmetic Library developed by T. Granlund (gmplib.org)
  ZIMPL 3.7.0          Zuse Institute Mathematical Programming Language developed by T. Koch (zimpl.zib.de)
  AMPL/MP 4.0.4        AMPL .nl file reader library (github.com/ampl/mp)
  PaPILO 3.0.0         parallel presolve for integer and linear optimization (github.com/scipopt/papilo) (built with TBB) [GitHash: 4cbdc327]
  Nauty 2.8.8          Computing Graph Automorphism Groups by Brendan D. McKay (users.cecs.anu.edu.au/~bdm/nauty)
  sassy 2.0            Symmetry preprocessor by Markus Anders (github.com/markusa4/sassy)
  Ipopt 3.14.19        Interior Point Optimizer developed by A. Waechter et.al. (github.com/coin-or/Ipopt)

user parameter file <scip.set> not found - using default parameters


read problem <N22_R8_K3_0_22_split_22_fix0B_5_wo_lem.lp>
============

original problem has 1927 variables (1902 bin, 23 int, 2 cont) and 6885 constraints
heuristics/padm/freq = -1
heuristics/ofins/freq = -1
heuristics/reoptsols/freq = -1
heuristics/trivialnegation/freq = -1
heuristics/trivial/freq = -1
heuristics/clique/freq = -1
heuristics/locks/freq = -1
heuristics/vbounds/freq = -1
heuristics/shiftandpropagate/freq = -1
heuristics/completesol/freq = -1
heuristics/simplerounding/freq = -1
heuristics/randrounding/freq = -1
heuristics/zirounding/freq = -1
heuristics/rounding/freq = -1
heuristics/shifting/freq = -1
heuristics/intshifting/freq = -1
heuristics/oneopt/freq = -1
heuristics/indicator/freq = -1
heuristics/adaptivediving/freq = -1
heuristics/indicatordiving/freq = -1
heuristics/farkasdiving/freq = -1
heuristics/feaspump/freq = -1
heuristics/conflictdiving/freq = -1
heuristics/pscostdiving/freq = -1
heuristics/fracdiving/freq = -1
heuristics/nlpdiving/freq = -1
heuristics/veclendiving/freq = -1
heuristics/distributiondiving/freq = -1
heuristics/objpscostdiving/freq = -1
heuristics/rootsoldiving/freq = -1
heuristics/linesearchdiving/freq = -1
heuristics/guideddiving/freq = -1
heuristics/rens/freq = -1
heuristics/alns/freq = -1
heuristics/rins/freq = -1
heuristics/gins/freq = -1
heuristics/crossover/freq = -1
heuristics/lpface/freq = -1
heuristics/undercover/freq = -1
heuristics/subnlp/freq = -1
heuristics/mpec/freq = -1
heuristics/multistart/freq = -1
heuristics/trysol/freq = -1
presolving/restartfac = 0.0125
presolving/restartminred = 0.06
constraints/setppc/cliquelifting = TRUE
presolving/boundshift/maxrounds = -1
presolving/qpkktref/maxrounds = -1
presolving/stuffing/maxrounds = -1
presolving/tworowbnd/maxrounds = -1
presolving/dualinfer/maxrounds = -1
presolving/dualagg/maxrounds = -1
presolving/implint/maxrounds = -1
presolving/redvub/maxrounds = -1
propagating/probing/maxuseless = 1500
propagating/probing/maxtotaluseless = 75
separating/closecuts/freq = 0
separating/rlt/freq = 20
separating/rlt/maxroundsroot = 15
separating/disjunctive/freq = 20
separating/disjunctive/maxroundsroot = 150
separating/gauge/freq = 0
separating/interminor/freq = 0
separating/convexproj/freq = 0
separating/gomory/maxroundsroot = 15
separating/gomory/maxsepacutsroot = 400
separating/aggregation/maxsepacutsroot = 1000
separating/clique/freq = 20
separating/zerohalf/maxroundsroot = 30
separating/zerohalf/maxsepacutsroot = 200
separating/lagromory/freq = 0
separating/mcf/freq = 20
separating/mcf/maxsepacutsroot = 400
separating/eccuts/freq = 0
separating/eccuts/maxroundsroot = 375
separating/eccuts/maxsepacutsroot = 100
separating/oddcycle/freq = 0
separating/oddcycle/maxroundsroot = 15
separating/oddcycle/maxsepacutsroot = 10000
constraints/benderslp/sepafreq = 0
constraints/integral/sepafreq = 0
constraints/SOS2/sepafreq = 10
constraints/varbound/sepafreq = 10
constraints/knapsack/sepafreq = 10
constraints/knapsack/maxsepacutsroot = 500
constraints/setppc/sepafreq = 10
constraints/or/sepafreq = 10
constraints/xor/sepafreq = 10
constraints/conjunction/sepafreq = 0
constraints/disjunction/sepafreq = 0
constraints/exactsol/sepafreq = 0
constraints/linear/sepafreq = 10
constraints/linear/maxsepacutsroot = 500
constraints/exactlinear/sepafreq = 10
constraints/exactlinear/maxsepacutsroot = 500
constraints/orbitope_full/sepafreq = 0
constraints/orbitope_pp/sepafreq = 0
constraints/logicor/sepafreq = 10
constraints/bounddisjunction/sepafreq = 0
constraints/pseudoboolean/sepafreq = 0
constraints/superindicator/sepafreq = 0
constraints/benders/sepafreq = 0
constraints/fixedvar/sepafreq = 0
constraints/countsols/sepafreq = 0
constraints/components/sepafreq = 0
cutselection/hybrid/minorthoroot = 0.1
separating/maxroundsrootsubrun = 5
separating/maxaddrounds = 5
separating/maxcutsroot = 5000
constraints/linear/separateall = TRUE
separating/aggregation/maxfailsroot = 200
separating/mcf/maxtestdelta = -1
separating/mcf/trynegscaling = TRUE
presolving/maxrestarts = 1
conflict/restartnum = 750
conflict/preferbinary = TRUE
conflict/conflictweight = 1
conflict/usegenres = TRUE
nodeselection/restartdfs/stdpriority = 100000
conflict/useinflp = b

presolving:
(round 1, fast)       593 del vars, 189 del conss, 0 add conss, 277 chg bounds, 131 chg sides, 262 chg coeffs, 0 upgd conss, 0 impls, 2968 clqs, 0 implints
(round 2, fast)       932 del vars, 2216 del conss, 0 add conss, 291 chg bounds, 208 chg sides, 419 chg coeffs, 0 upgd conss, 0 impls, 3071 clqs, 0 implints
(round 3, fast)       932 del vars, 2216 del conss, 0 add conss, 302 chg bounds, 274 chg sides, 552 chg coeffs, 0 upgd conss, 0 impls, 3071 clqs, 0 implints
(round 4, fast)       932 del vars, 2216 del conss, 0 add conss, 310 chg bounds, 326 chg sides, 665 chg coeffs, 0 upgd conss, 0 impls, 3071 clqs, 0 implints
(round 5, fast)       932 del vars, 2216 del conss, 0 add conss, 315 chg bounds, 357 chg sides, 744 chg coeffs, 0 upgd conss, 0 impls, 3071 clqs, 0 implints
(round 6, fast)       932 del vars, 2216 del conss, 0 add conss, 318 chg bounds, 372 chg sides, 785 chg coeffs, 0 upgd conss, 0 impls, 3071 clqs, 0 implints
   (0.0s) running MILP presolver
   (0.0s) MILP presolver (2 rounds): 28 aggregations, 0 fixings, 0 bound changes
(round 7, medium)     960 del vars, 2216 del conss, 0 add conss, 319 chg bounds, 374 chg sides, 799 chg coeffs, 0 upgd conss, 0 impls, 3015 clqs, 0 implints
(round 8, fast)       960 del vars, 2272 del conss, 0 add conss, 319 chg bounds, 374 chg sides, 799 chg coeffs, 0 upgd conss, 0 impls, 3015 clqs, 0 implints
(round 9, exhaustive) 960 del vars, 2278 del conss, 0 add conss, 319 chg bounds, 374 chg sides, 799 chg coeffs, 0 upgd conss, 0 impls, 3015 clqs, 0 implints
(round 10, exhaustive) 960 del vars, 2278 del conss, 0 add conss, 319 chg bounds, 374 chg sides, 799 chg coeffs, 4305 upgd conss, 0 impls, 3015 clqs, 0 implints
(round 11, exhaustive) 960 del vars, 6198 del conss, 980 add conss, 319 chg bounds, 374 chg sides, 799 chg coeffs, 4305 upgd conss, 0 impls, 3015 clqs, 0 implints
(round 12, exhaustive) 960 del vars, 6198 del conss, 980 add conss, 319 chg bounds, 374 chg sides, 979 chg coeffs, 4305 upgd conss, 0 impls, 3015 clqs, 0 implints
   (0.0s) probing: 76/1306 (5.8%) - 0 fixings, 0 aggregations, 0 implications, 0 bound changes
   (0.0s) probing aborted: 75/75 successive totally useless probings
   (0.0s) symmetry computation started: requiring (bin +, int +, cont +), (fixed: bin -, int -, cont -)
   (0.0s) no symmetry present (symcode time: 0.00)
presolving (13 rounds: 13 fast, 6 medium, 5 exhaustive):
 960 deleted vars, 6198 deleted constraints, 980 added constraints, 319 tightened bounds, 0 added holes, 374 changed sides, 979 changed coefficients
 0 implications, 3015 cliques, 0 implied integral variables (0 bin, 0 int, 0 cont)
presolved problem has 1327 variables (1306 bin, 21 int, 0 cont) and 1667 constraints
     17 constraints of type <varbound>
    180 constraints of type <knapsack>
     75 constraints of type <setppc>
    980 constraints of type <and>
    302 constraints of type <linear>
    113 constraints of type <logicor>
transformed objective value is always integral (scale: 1)
Presolving Time: 0.00

 time | node  | left  |LP iter|LP it/n|mem/heur|mdpt |vars |cons |rows |cuts |sepa|confs|strbr|  dualbound   | primalbound  |  gap   | compl. 
  0.0s|     1 |     0 |  1731 |     - |    31M |   0 |1327 |1667 |2647 |   0 |  0 |   0 |   0 | 0.000000e+00 |      --      |    Inf | unknown
Computing relative interior point (time limit: 1e+20, iter limit: 17310) ...
  1.0s|     1 |     0 |  1852 |     - |    37M |   0 |1327 |1667 |2678 |  31 |  1 |   0 |   0 | 0.000000e+00 |      --      |    Inf | unknown
  1.0s|     1 |     0 |  1976 |     - |    38M |   0 |1327 |1720 |2721 |  74 |  2 |   0 |   0 | 0.000000e+00 |      --      |    Inf | unknown
  1.0s|     1 |     0 |  2426 |     - |    38M |   0 |1327 |1720 |2754 | 107 |  3 |   0 |   0 | 0.000000e+00 |      --      |    Inf | unknown
  1.0s|     1 |     0 |  2638 |     - |    39M |   0 |1327 |1720 |2788 | 141 |  4 |   0 |   0 | 0.000000e+00 |      --      |    Inf | unknown
  1.0s|     1 |     0 |  2903 |     - |    39M |   0 |1327 |1720 |2813 | 166 |  5 |   0 |   0 | 0.000000e+00 |      --      |    Inf | unknown
  1.0s|     1 |     0 |  2990 |     - |    39M |   0 |1327 |1720 |2836 | 189 |  6 |   0 |   0 | 0.000000e+00 |      --      |    Inf | unknown
  1.0s|     1 |     0 |  3108 |     - |    40M |   0 |1327 |1720 |2849 | 202 |  7 |   0 |   0 | 0.000000e+00 |      --      |    Inf | unknown
  1.0s|     1 |     0 |  3317 |     - |    40M |   0 |1327 |1720 |2860 | 213 |  8 |   0 |   0 | 0.000000e+00 |      --      |    Inf | unknown
  2.0s|     1 |     0 |  3519 |     - |    40M |   0 |1327 |1720 |2890 | 243 |  9 |   0 |   0 | 0.000000e+00 |      --      |    Inf | unknown
  2.0s|     1 |     0 |  3583 |     - |    41M |   0 |1327 |1720 |2913 | 266 | 10 |   0 |   0 | 0.000000e+00 |      --      |    Inf | unknown
  2.0s|     1 |     0 |  3631 |     - |    41M |   0 |1327 |1720 |2918 | 271 | 11 |   0 |   0 | 0.000000e+00 |      --      |    Inf | unknown
  2.0s|     1 |     2 |  3746 |     - |    41M |   0 |1327 |1720 |2918 | 271 | 11 |   0 |  11 | 0.000000e+00 |      --      |    Inf | unknown
  8.0s|   100 |    57 | 61204 | 581.5 |    46M |  32 |1327 |1720 |3188 |1933 |  2 |  11 |  11 | 0.000000e+00 |      --      |    Inf | unknown
 13.0s|   200 |    63 |118768 | 578.6 |    47M |  35 |1327 |1723 |3254 |2599 |  2 |  56 |  11 | 0.000000e+00 |      --      |    Inf | unknown
 time | node  | left  |LP iter|LP it/n|mem/heur|mdpt |vars |cons |rows |cuts |sepa|confs|strbr|  dualbound   | primalbound  |  gap   | compl. 
 18.0s|   300 |    83 |176692 | 578.8 |    49M |  35 |1327 |1728 |3185 |3477 |  0 |  94 |  11 | 0.000000e+00 |      --      |    Inf | unknown
 24.0s|   400 |   117 |244417 | 603.5 |    52M |  35 |1327 |1731 |3051 |5065 |  0 | 130 |  11 | 0.000000e+00 |      --      |    Inf |   0.65%
 29.0s|   500 |   151 |305202 | 604.4 |    53M |  35 |1327 |1744 |3145 |6664 |  2 | 164 |  11 | 0.000000e+00 |      --      |    Inf |   0.97%
 35.0s|   600 |   170 |367006 | 606.6 |    53M |  35 |1327 |1753 |3119 |7926 |  2 | 195 |  11 | 0.000000e+00 |      --      |    Inf |   3.34%
 42.0s|   700 |   188 |443903 | 629.9 |    55M |  35 |1327 |1770 |3113 |9920 |  0 | 234 |  11 | 0.000000e+00 |      --      |    Inf |   5.25%
 49.0s|   800 |   199 |524741 | 652.2 |    55M |  35 |1327 |1777 |   0 |  11k|  0 | 327 |  11 | 0.000000e+00 |      --      |    Inf |   5.33%
 58.0s|   900 |   210 |583834 | 645.4 |    56M |  35 |1327 |1788 |3282 |  12k|  0 | 404 |  11 | 0.000000e+00 |      --      |    Inf |   5.34%
 65.0s|  1000 |   246 |657236 | 654.3 |    57M |  37 |1327 |1812 |3154 |  14k|  2 | 465 |  11 | 0.000000e+00 |      --      |    Inf |   5.90%
 70.0s|  1100 |   251 |723630 | 655.1 |    59M |  40 |1327 |1807 |3218 |  14k|  0 | 496 |  11 | 0.000000e+00 |      --      |    Inf |   5.90%
 76.0s|  1200 |   245 |789852 | 655.7 |    59M |  40 |1327 |1801 |3190 |  14k|  0 | 547 |  11 | 0.000000e+00 |      --      |    Inf |   5.90%
 80.0s|  1300 |   256 |844713 | 647.5 |    59M |  40 |1327 |1807 |3102 |  15k|  0 | 586 |  11 | 0.000000e+00 |      --      |    Inf |   5.90%
 85.0s|  1400 |   264 |897610 | 639.0 |    59M |  40 |1327 |1808 |   0 |  16k|  0 | 630 |  11 | 0.000000e+00 |      --      |    Inf |   5.90%
 89.0s|  1500 |   282 |952306 | 632.9 |    60M |  41 |1327 |1806 |3268 |  18k|  0 | 652 |  11 | 0.000000e+00 |      --      |    Inf |   5.90%
 94.0s|  1600 |   284 |  1005k| 626.8 |    61M |  50 |1327 |1806 |3311 |  18k|  2 | 679 |  11 | 0.000000e+00 |      --      |    Inf |   5.90%
  100s|  1700 |   280 |  1046k| 613.9 |    63M |  50 |1327 |1806 |3330 |  18k|  1 | 692 |  11 | 0.000000e+00 |      --      |    Inf |   5.90%
 time | node  | left  |LP iter|LP it/n|mem/heur|mdpt |vars |cons |rows |cuts |sepa|confs|strbr|  dualbound   | primalbound  |  gap   | compl. 
  107s|  1800 |   284 |  1100k| 609.9 |    66M |  50 |1327 |1804 |3371 |  19k|  0 | 701 |  11 | 0.000000e+00 |      --      |    Inf |   5.90%
  112s|  1900 |   285 |  1164k| 611.2 |    66M |  50 |1327 |1808 |   0 |  20k|  0 | 752 |  11 | 0.000000e+00 |      --      |    Inf |   5.90%
  117s|  2000 |   284 |  1217k| 607.4 |    69M |  50 |1327 |1808 |3400 |  20k|  0 | 783 |  11 | 0.000000e+00 |      --      |    Inf |   5.90%
  122s|  2100 |   285 |  1276k| 606.2 |    71M |  50 |1327 |1807 |3274 |  21k|  0 | 817 |  11 | 0.000000e+00 |      --      |    Inf |   5.90%
  128s|  2200 |   295 |  1344k| 609.6 |    72M |  50 |1327 |1814 |3244 |  22k|  2 | 850 |  11 | 0.000000e+00 |      --      |    Inf |   6.44%
  134s|  2300 |   310 |  1413k| 613.4 |    72M |  50 |1327 |1823 |3086 |  23k|  0 | 908 |  11 | 0.000000e+00 |      --      |    Inf |   6.55%
  140s|  2400 |   317 |  1477k| 614.3 |    73M |  50 |1327 |1824 |3271 |  24k|  0 | 942 |  11 | 0.000000e+00 |      --      |    Inf |   6.58%
  143s|  2500 |   327 |  1519k| 606.6 |    75M |  50 |1327 |1824 |3184 |  25k|  2 | 962 |  11 | 0.000000e+00 |      --      |    Inf |   6.60%
  146s|  2600 |   326 |  1556k| 597.4 |    75M |  50 |1327 |1822 |3163 |  25k|  2 | 979 |  11 | 0.000000e+00 |      --      |    Inf |   6.60%
  151s|  2700 |   327 |  1611k| 595.6 |    75M |  50 |1327 |1822 |3429 |  25k|  2 | 994 |  11 | 0.000000e+00 |      --      |    Inf |   6.60%
  155s|  2800 |   322 |  1662k| 592.7 |    77M |  50 |1327 |1820 |3454 |  26k|  2 |1021 |  11 | 0.000000e+00 |      --      |    Inf |   6.60%
  161s|  2900 |   361 |  1723k| 593.4 |    78M |  50 |1327 |1819 |3046 |  27k|  2 |1032 |  11 | 0.000000e+00 |      --      |    Inf |   6.61%
  165s|  3000 |   401 |  1777k| 591.3 |    78M |  50 |1327 |1821 |3246 |  28k|  2 |1048 |  11 | 0.000000e+00 |      --      |    Inf |   6.61%
  169s|  3100 |   399 |  1825k| 587.7 |    78M |  50 |1327 |1819 |3253 |  28k|  2 |1080 |  11 | 0.000000e+00 |      --      |    Inf |   6.61%
  173s|  3200 |   401 |  1871k| 583.9 |    78M |  50 |1327 |1819 |   0 |  28k|  0 |1103 |  11 | 0.000000e+00 |      --      |    Inf |   6.61%
 time | node  | left  |LP iter|LP it/n|mem/heur|mdpt |vars |cons |rows |cuts |sepa|confs|strbr|  dualbound   | primalbound  |  gap   | compl. 
  177s|  3300 |   398 |  1912k| 578.6 |    79M |  50 |1327 |1820 |3562 |  28k|  0 |1141 |  11 | 0.000000e+00 |      --      |    Inf |   6.61%
  180s|  3400 |   400 |  1962k| 576.4 |    79M |  50 |1327 |1820 |3242 |  29k|  0 |1181 |  11 | 0.000000e+00 |      --      |    Inf |   6.61%
  184s|  3500 |   402 |  2011k| 574.0 |    79M |  50 |1327 |1818 |3268 |  29k|  2 |1231 |  11 | 0.000000e+00 |      --      |    Inf |   6.61%
  188s|  3600 |   401 |  2062k| 572.0 |    79M |  50 |1327 |1818 |3285 |  29k|  2 |1268 |  11 | 0.000000e+00 |      --      |    Inf |   6.61%
(run 1, node 3640) restarting after 750 successful conflict analysis calls
(run 1, node 3640) restarting after 0 global fixings of integer variables

(restart) converted 54 cuts from the global cut pool into linear constraints

presolving:
(round 1, fast)       0 del vars, 3 del conss, 0 add conss, 0 chg bounds, 0 chg sides, 0 chg coeffs, 0 upgd conss, 0 impls, 3015 clqs, 0 implints
(round 2, exhaustive) 0 del vars, 5 del conss, 0 add conss, 0 chg bounds, 1 chg sides, 0 chg coeffs, 0 upgd conss, 0 impls, 3015 clqs, 0 implints
(round 3, exhaustive) 0 del vars, 5 del conss, 0 add conss, 0 chg bounds, 1 chg sides, 0 chg coeffs, 84 upgd conss, 0 impls, 3015 clqs, 0 implints
(round 4, medium)     0 del vars, 7 del conss, 2 add conss, 0 chg bounds, 1 chg sides, 0 chg coeffs, 84 upgd conss, 0 impls, 3015 clqs, 0 implints
(round 5, exhaustive) 0 del vars, 10 del conss, 2 add conss, 0 chg bounds, 1 chg sides, 19 chg coeffs, 84 upgd conss, 0 impls, 3015 clqs, 0 implints
(round 6, exhaustive) 0 del vars, 10 del conss, 2 add conss, 0 chg bounds, 1 chg sides, 79 chg coeffs, 84 upgd conss, 0 impls, 3015 clqs, 0 implints
presolving (7 rounds: 7 fast, 6 medium, 5 exhaustive):
 0 deleted vars, 10 deleted constraints, 2 added constraints, 0 tightened bounds, 0 added holes, 1 changed sides, 80 changed coefficients
 0 implications, 3015 cliques, 0 implied integral variables (0 bin, 0 int, 0 cont)
presolved problem has 1327 variables (1306 bin, 21 int, 0 cont) and 1864 constraints
     17 constraints of type <varbound>
    195 constraints of type <knapsack>
    102 constraints of type <setppc>
    980 constraints of type <and>
    316 constraints of type <linear>
    254 constraints of type <logicor>
transformed objective value is always integral (scale: 1)
Presolving Time: 0.00

 time | node  | left  |LP iter|LP it/n|mem/heur|mdpt |vars |cons |rows |cuts |sepa|confs|strbr|  dualbound   | primalbound  |  gap   | compl. 
  190s|     1 |     0 |  2080k|     - |    84M |   0 |1327 |1864 |2701 |   0 |  0 |1276 |  11 | 0.000000e+00 |      --      |    Inf | unknown
Computing relative interior point (time limit: 1e+20, iter limit: 20805590) ...
  190s|     1 |     0 |  2080k|     - |    84M |   0 |1327 |1864 |2746 |  45 |  1 |1276 |  11 | 0.000000e+00 |      --      |    Inf | unknown
  191s|     1 |     0 |  2080k|     - |    84M |   0 |1327 |1921 |2796 |  95 |  2 |1276 |  11 | 0.000000e+00 |      --      |    Inf | unknown
  191s|     1 |     0 |  2080k|     - |    85M |   0 |1327 |1921 |2834 | 133 |  3 |1276 |  11 | 0.000000e+00 |      --      |    Inf | unknown
  191s|     1 |     0 |  2080k|     - |    85M |   0 |1327 |1921 |2844 | 143 |  4 |1276 |  11 | 0.000000e+00 |      --      |    Inf | unknown
  191s|     1 |     0 |  2081k|     - |    85M |   0 |1327 |1921 |2859 | 158 |  5 |1276 |  11 | 0.000000e+00 |      --      |    Inf | unknown
  191s|     1 |     2 |  2081k|     - |    85M |   0 |1327 |1921 |2859 | 158 |  5 |1276 |  22 | 0.000000e+00 |      --      |    Inf | unknown
  193s|   100 |    44 |  2089k| 557.3 |    88M |  23 |1327 |1921 |2824 | 712 |  2 |1308 |  22 | 0.000000e+00 |      --      |    Inf | unknown
  196s|   200 |    77 |  2129k| 553.1 |    88M |  33 |1327 |1922 |2936 |1888 |  0 |1352 |  22 | 0.000000e+00 |      --      |    Inf | unknown
  203s|   300 |    92 |  2202k| 557.5 |    88M |  34 |1327 |1929 |3389 |2672 |  2 |1398 |  22 | 0.000000e+00 |      --      |    Inf | unknown
  212s|   400 |    88 |  2313k| 571.4 |    88M |  36 |1327 |1936 |3534 |4174 |  0 |1481 |  22 | 0.000000e+00 |      --      |    Inf | unknown
  219s|   500 |    92 |  2383k| 574.5 |    88M |  36 |1327 |1936 |3492 |4388 |  2 |1516 |  22 | 0.000000e+00 |      --      |    Inf | unknown
  225s|   600 |    95 |  2449k| 576.4 |    88M |  40 |1327 |1936 |3539 |4590 |  2 |1590 |  22 | 0.000000e+00 |      --      |    Inf | unknown
  240s|   700 |    89 |  2545k| 585.4 |    88M |  40 |1327 |1932 |3669 |4938 |  0 |1670 |  22 | 0.000000e+00 |      --      |    Inf | unknown
  255s|   800 |    89 |  2667k| 599.7 |    88M |  40 |1327 |1932 |3791 |5226 |  0 |1775 |  22 | 0.000000e+00 |      --      |    Inf | unknown
 time | node  | left  |LP iter|LP it/n|mem/heur|mdpt |vars |cons |rows |cuts |sepa|confs|strbr|  dualbound   | primalbound  |  gap   | compl. 
  266s|   900 |    93 |  2771k| 609.2 |    88M |  40 |1327 |1931 |3838 |5411 |  0 |1888 |  22 | 0.000000e+00 |      --      |    Inf | unknown
  280s|  1000 |    93 |  2917k| 627.7 |    88M |  40 |1327 |1929 |3459 |6061 |  0 |1970 |  22 | 0.000000e+00 |      --      |    Inf | unknown
  295s|  1100 |   105 |  3074k| 647.6 |    88M |  40 |1327 |1925 |3629 |6566 |  2 |2010 |  22 | 0.000000e+00 |      --      |    Inf | unknown
  308s|  1200 |    94 |  3199k| 660.0 |    89M |  40 |1327 |1926 |3680 |6711 |  0 |2068 |  22 | 0.000000e+00 |      --      |    Inf | unknown
  320s|  1300 |    93 |  3318k| 670.6 |    89M |  40 |1327 |1925 |3607 |7081 |  2 |2123 |  22 | 0.000000e+00 |      --      |    Inf | unknown
  333s|  1400 |    95 |  3428k| 679.2 |    89M |  40 |1327 |1925 |3620 |7416 |  0 |2158 |  22 | 0.000000e+00 |      --      |    Inf | unknown
  347s|  1500 |    98 |  3545k| 688.8 |    89M |  40 |1327 |1927 |3723 |7785 |  0 |2207 |  22 | 0.000000e+00 |      --      |    Inf | unknown
  360s|  1600 |   103 |  3652k| 696.0 |    90M |  40 |1327 |1927 |3720 |8053 |  1 |2254 |  22 | 0.000000e+00 |      --      |    Inf | unknown
  374s|  1700 |   107 |  3767k| 704.6 |    90M |  40 |1327 |1928 |3857 |8412 |  1 |2324 |  22 | 0.000000e+00 |      --      |    Inf | unknown
  387s|  1800 |   104 |  3874k| 711.3 |    90M |  40 |1327 |1928 |3595 |8692 |  2 |2373 |  22 | 0.000000e+00 |      --      |    Inf | unknown
  399s|  1900 |    98 |  3978k| 717.2 |    90M |  40 |1327 |1927 |3554 |8968 |  0 |2441 |  22 | 0.000000e+00 |      --      |    Inf | unknown
  417s|  2000 |    92 |  4121k| 729.9 |    90M |  40 |1327 |1927 |3793 |9410 |  0 |2501 |  22 | 0.000000e+00 |      --      |    Inf | unknown
  430s|  2100 |    92 |  4231k| 736.3 |    90M |  40 |1327 |1925 |3816 |9652 |  1 |2552 |  22 | 0.000000e+00 |      --      |    Inf | unknown
  445s|  2200 |    98 |  4355k| 744.9 |    90M |  40 |1327 |1925 |3787 |9953 |  2 |2575 |  22 | 0.000000e+00 |      --      |    Inf | unknown
  458s|  2300 |    94 |  4452k| 748.8 |    92M |  40 |1327 |1925 |3772 |  10k|  1 |2638 |  22 | 0.000000e+00 |      --      |    Inf | unknown
 time | node  | left  |LP iter|LP it/n|mem/heur|mdpt |vars |cons |rows |cuts |sepa|confs|strbr|  dualbound   | primalbound  |  gap   | compl. 
  474s|  2400 |    95 |  4586k| 758.5 |    92M |  40 |1327 |1925 |3490 |  10k|  2 |2702 |  22 | 0.000000e+00 |      --      |    Inf | unknown
  492s|  2500 |    98 |  4732k| 769.9 |    92M |  40 |1327 |1925 |3591 |  11k|  2 |2752 |  22 | 0.000000e+00 |      --      |    Inf | unknown
  508s|  2600 |    93 |  4877k| 780.8 |    92M |  40 |1327 |1925 |3399 |  11k|  2 |2806 |  22 | 0.000000e+00 |      --      |    Inf | unknown
  522s|  2700 |    87 |  4999k| 787.8 |    93M |  40 |1327 |1925 |3408 |  12k|  2 |2857 |  22 | 0.000000e+00 |      --      |    Inf | unknown
  538s|  2800 |    82 |  5150k| 798.9 |    93M |  40 |1327 |1925 |3691 |  12k|  2 |2909 |  22 | 0.000000e+00 |      --      |    Inf | unknown
  554s|  2900 |    93 |  5282k| 807.0 |    93M |  40 |1327 |1924 |3889 |  12k|  1 |2933 |  22 | 0.000000e+00 |      --      |    Inf | unknown
  566s|  3000 |    95 |  5390k| 811.0 |    93M |  40 |1327 |1924 |3599 |  13k|  0 |2960 |  22 | 0.000000e+00 |      --      |    Inf | unknown
  579s|  3100 |    95 |  5495k| 814.7 |    93M |  40 |1327 |1924 |3639 |  13k|  0 |3023 |  22 | 0.000000e+00 |      --      |    Inf | unknown
  593s|  3200 |    92 |  5622k| 821.3 |    93M |  40 |1327 |1924 |3537 |  13k|  2 |3091 |  22 | 0.000000e+00 |      --      |    Inf | unknown
  609s|  3300 |    92 |  5758k| 829.0 |    93M |  40 |1327 |1924 |3595 |  14k|  0 |3123 |  22 | 0.000000e+00 |      --      |    Inf | unknown
  623s|  3400 |    96 |  5875k| 833.9 |    93M |  40 |1327 |1924 |3584 |  14k|  1 |3169 |  22 | 0.000000e+00 |      --      |    Inf | unknown
  637s|  3500 |    92 |  5998k| 839.4 |    93M |  40 |1327 |1924 |3584 |  15k|  2 |3248 |  22 | 0.000000e+00 |      --      |    Inf | unknown
  652s|  3600 |    92 |  6134k| 846.6 |    93M |  40 |1327 |1923 |3568 |  15k|  2 |3324 |  22 | 0.000000e+00 |      --      |    Inf | unknown
  665s|  3700 |    93 |  6247k| 850.5 |    93M |  40 |1327 |1923 |3589 |  15k|  0 |3392 |  22 | 0.000000e+00 |      --      |    Inf | unknown
  680s|  3800 |    88 |  6370k| 855.6 |    93M |  40 |1327 |1923 |3629 |  16k|  2 |3465 |  22 | 0.000000e+00 |      --      |    Inf | unknown
 time | node  | left  |LP iter|LP it/n|mem/heur|mdpt |vars |cons |rows |cuts |sepa|confs|strbr|  dualbound   | primalbound  |  gap   | compl. 
  694s|  3900 |    86 |  6498k| 861.2 |    93M |  40 |1327 |1923 |3560 |  16k|  0 |3509 |  22 | 0.000000e+00 |      --      |    Inf | unknown
  711s|  4000 |    90 |  6642k| 868.8 |    93M |  40 |1327 |1922 |3530 |  17k|  2 |3560 |  22 | 0.000000e+00 |      --      |    Inf | unknown
  727s|  4100 |    82 |  6778k| 875.2 |    93M |  40 |1327 |1922 |3484 |  17k|  2 |3621 |  22 | 0.000000e+00 |      --      |    Inf | unknown
  744s|  4200 |    85 |  6916k| 881.6 |    93M |  40 |1327 |1922 |3559 |  17k|  0 |3677 |  22 | 0.000000e+00 |      --      |    Inf | unknown
  758s|  4300 |    84 |  7032k| 885.0 |    93M |  40 |1327 |1922 |3811 |  18k|  2 |3717 |  22 | 0.000000e+00 |      --      |    Inf | unknown
  774s|  4400 |    82 |  7158k| 889.7 |    93M |  40 |1327 |1921 |3807 |  18k|  0 |3788 |  22 | 0.000000e+00 |      --      |    Inf | unknown
  790s|  4500 |    81 |  7285k| 894.4 |    93M |  40 |1327 |1921 |3823 |  18k|  2 |3827 |  22 | 0.000000e+00 |      --      |    Inf | unknown
  812s|  4600 |    98 |  7431k| 901.2 |    93M |  40 |1327 |1921 |3514 |  19k|  2 |3857 |  22 | 0.000000e+00 |      --      |    Inf | unknown
  826s|  4700 |    94 |  7558k| 905.8 |    93M |  40 |1327 |1921 |3688 |  20k|  2 |3918 |  22 | 0.000000e+00 |      --      |    Inf | unknown
  841s|  4800 |    90 |  7678k| 909.2 |    93M |  40 |1327 |1921 |3716 |  20k|  0 |3949 |  22 | 0.000000e+00 |      --      |    Inf | unknown
  859s|  4900 |    83 |  7822k| 915.4 |    93M |  40 |1327 |1920 |3369 |  20k|  0 |3993 |  22 | 0.000000e+00 |      --      |    Inf | unknown
  871s|  5000 |    90 |  7924k| 916.6 |    93M |  40 |1327 |1919 |3628 |  21k|  2 |4048 |  22 | 0.000000e+00 |      --      |    Inf | unknown
  889s|  5100 |    85 |  8064k| 922.1 |    93M |  40 |1327 |1917 |3621 |  21k|  0 |4095 |  22 | 0.000000e+00 |      --      |    Inf | unknown
  902s|  5200 |    89 |  8174k| 924.2 |    93M |  40 |1327 |1915 |3484 |  22k|  2 |4156 |  22 | 0.000000e+00 |      --      |    Inf | unknown
  913s|  5300 |    88 |  8278k| 925.4 |    93M |  40 |1327 |1914 |3517 |  23k|  2 |4200 |  22 | 0.000000e+00 |      --      |    Inf | unknown
 time | node  | left  |LP iter|LP it/n|mem/heur|mdpt |vars |cons |rows |cuts |sepa|confs|strbr|  dualbound   | primalbound  |  gap   | compl. 
  921s|  5400 |    87 |  8353k| 923.5 |    93M |  40 |1327 |1912 |3352 |  23k|  2 |4268 |  22 | 0.000000e+00 |      --      |    Inf | unknown
  929s|  5500 |    93 |  8428k| 921.6 |    93M |  40 |1327 |1913 |3556 |  24k|  0 |4371 |  22 | 0.000000e+00 |      --      |    Inf | unknown
  937s|  5600 |    82 |  8491k| 918.5 |    93M |  40 |1327 |1912 |2872 |  24k|  2 |4485 |  22 | 0.000000e+00 |      --      |    Inf | unknown
  947s|  5700 |    96 |  8576k| 917.7 |    93M |  40 |1327 |1912 |3705 |  25k|  2 |4542 |  22 | 0.000000e+00 |      --      |    Inf | unknown
  954s|  5800 |    90 |  8637k| 914.5 |    93M |  40 |1327 |1919 |3741 |  25k|  2 |4638 |  22 | 0.000000e+00 |      --      |    Inf | unknown
  963s|  5900 |    88 |  8715k| 913.1 |    93M |  40 |1327 |1919 |3641 |  26k|  0 |4716 |  22 | 0.000000e+00 |      --      |    Inf | unknown
  971s|  6000 |    91 |  8786k| 910.9 |    93M |  40 |1327 |1918 |3692 |  27k|  2 |4801 |  22 | 0.000000e+00 |      --      |    Inf | unknown
  980s|  6100 |    91 |  8864k| 909.6 |    93M |  40 |1327 |1918 |3866 |  27k|  0 |4879 |  22 | 0.000000e+00 |      --      |    Inf | unknown
  992s|  6200 |    90 |  8957k| 909.8 |    93M |  40 |1327 |1917 |3759 |  28k|  0 |4946 |  22 | 0.000000e+00 |      --      |    Inf | unknown
 1003s|  6300 |    98 |  9045k| 909.5 |    93M |  40 |1327 |1915 |3745 |  28k|  2 |4984 |  22 | 0.000000e+00 |      --      |    Inf | unknown
 1014s|  6400 |   105 |  9127k| 908.6 |    93M |  40 |1327 |1911 |3776 |  29k|  0 |5023 |  22 | 0.000000e+00 |      --      |    Inf | unknown
 1023s|  6500 |   108 |  9201k| 907.0 |    94M |  40 |1327 |1909 |3661 |  29k|  0 |5066 |  22 | 0.000000e+00 |      --      |    Inf | unknown
 1034s|  6600 |    94 |  9289k| 906.7 |    94M |  40 |1327 |1908 |   0 |  30k|  0 |5126 |  22 | 0.000000e+00 |      --      |    Inf | unknown
 1043s|  6700 |   100 |  9365k| 905.2 |    94M |  40 |1327 |1906 |3334 |  31k|  2 |5176 |  22 | 0.000000e+00 |      --      |    Inf | unknown
 1053s|  6800 |    97 |  9454k| 905.1 |    94M |  40 |1327 |1910 |3507 |  31k|  0 |5250 |  22 | 0.000000e+00 |      --      |    Inf | unknown
 time | node  | left  |LP iter|LP it/n|mem/heur|mdpt |vars |cons |rows |cuts |sepa|confs|strbr|  dualbound   | primalbound  |  gap   | compl. 
 1059s|  6900 |   104 |  9510k| 901.8 |    94M |  40 |1327 |1909 |3777 |  32k|  0 |5321 |  22 | 0.000000e+00 |      --      |    Inf | unknown
 1064s|  7000 |   104 |  9550k| 897.2 |    94M |  40 |1327 |1911 |3784 |  32k|  2 |5423 |  22 | 0.000000e+00 |      --      |    Inf | unknown
 1069s|  7100 |   110 |  9591k| 892.6 |    94M |  40 |1327 |1911 |3609 |  32k|  2 |5470 |  22 | 0.000000e+00 |      --      |    Inf | unknown
 1074s|  7200 |   111 |  9639k| 888.8 |    94M |  40 |1327 |1916 |3115 |  33k|  2 |5520 |  22 | 0.000000e+00 |      --      |    Inf | unknown
 1078s|  7300 |   125 |  9673k| 883.8 |    94M |  40 |1327 |1911 |2878 |  34k|  2 |5588 |  22 | 0.000000e+00 |      --      |    Inf | unknown
 1082s|  7400 |   134 |  9709k| 879.0 |    94M |  40 |1327 |1909 |   0 |  34k|  0 |5629 |  22 | 0.000000e+00 |      --      |    Inf | unknown
 1086s|  7500 |   131 |  9738k| 873.7 |    94M |  40 |1327 |1902 |3689 |  35k|  2 |5691 |  22 | 0.000000e+00 |      --      |    Inf | unknown
 1089s|  7600 |   141 |  9765k| 868.4 |    94M |  40 |1327 |1898 |3023 |  35k|  0 |5739 |  22 | 0.000000e+00 |      --      |    Inf | unknown
 1094s|  7700 |   139 |  9809k| 864.6 |    94M |  40 |1327 |1887 |3430 |  36k|  0 |5802 |  22 | 0.000000e+00 |      --      |    Inf | unknown
 1099s|  7800 |   140 |  9854k| 861.0 |    95M |  40 |1327 |1888 |3049 |  36k|  0 |5881 |  22 | 0.000000e+00 |      --      |    Inf | unknown
 1106s|  7900 |   140 |  9914k| 858.7 |    95M |  40 |1327 |1885 |3555 |  37k|  0 |5917 |  22 | 0.000000e+00 |      --      |    Inf | unknown
 1112s|  8000 |   133 |  9963k| 855.6 |    95M |  40 |1327 |1884 |3549 |  38k|  0 |5954 |  22 | 0.000000e+00 |      --      |    Inf | unknown
 1118s|  8100 |   139 | 10013k| 852.6 |    95M |  40 |1327 |1881 |3393 |  38k|  2 |6002 |  22 | 0.000000e+00 |      --      |    Inf | unknown
 1124s|  8200 |   137 | 10067k| 849.9 |    95M |  40 |1327 |1879 |3393 |  38k|  2 |6046 |  22 | 0.000000e+00 |      --      |    Inf | unknown
 1129s|  8300 |   141 | 10119k| 847.1 |    95M |  40 |1327 |1877 |3438 |  39k|  2 |6087 |  22 | 0.000000e+00 |      --      |    Inf | unknown
 time | node  | left  |LP iter|LP it/n|mem/heur|mdpt |vars |cons |rows |cuts |sepa|confs|strbr|  dualbound   | primalbound  |  gap   | compl. 
 1135s|  8400 |   137 | 10164k| 843.9 |    95M |  40 |1327 |1873 |3387 |  39k|  2 |6143 |  22 | 0.000000e+00 |      --      |    Inf | unknown
 1140s|  8500 |   141 | 10211k| 840.7 |    95M |  40 |1327 |1871 |3465 |  40k|  0 |6191 |  22 | 0.000000e+00 |      --      |    Inf | unknown
 1145s|  8600 |   147 | 10256k| 837.5 |    95M |  40 |1327 |1871 |3518 |  40k|  0 |6228 |  22 | 0.000000e+00 |      --      |    Inf | unknown
 1151s|  8700 |   142 | 10301k| 834.4 |    95M |  40 |1327 |1875 |3495 |  40k|  0 |6244 |  22 | 0.000000e+00 |      --      |    Inf | unknown
 1156s|  8800 |   138 | 10351k| 831.7 |    95M |  40 |1327 |1881 |3483 |  41k|  0 |6291 |  22 | 0.000000e+00 |      --      |    Inf | unknown
 1161s|  8900 |   131 | 10394k| 828.5 |    95M |  40 |1327 |1875 |3201 |  41k|  2 |6350 |  22 | 0.000000e+00 |      --      |    Inf | unknown
 1166s|  9000 |   129 | 10436k| 825.3 |    95M |  40 |1327 |1869 |3225 |  41k|  2 |6380 |  22 | 0.000000e+00 |      --      |    Inf | unknown
 1170s|  9100 |   131 | 10472k| 821.6 |    95M |  40 |1327 |1868 |2973 |  42k|  0 |6456 |  22 | 0.000000e+00 |      --      |    Inf | unknown
 1173s|  9200 |   134 | 10500k| 817.4 |    95M |  40 |1327 |1870 |4039 |  42k|  0 |6520 |  22 | 0.000000e+00 |      --      |    Inf | unknown
 1178s|  9300 |   142 | 10541k| 814.3 |    95M |  40 |1327 |1870 |4053 |  42k|  2 |6576 |  22 | 0.000000e+00 |      --      |    Inf | unknown
 1183s|  9400 |   140 | 10584k| 811.3 |    95M |  40 |1327 |1870 |4043 |  43k|  1 |6630 |  22 | 0.000000e+00 |      --      |    Inf | unknown
 1188s|  9500 |   138 | 10625k| 808.3 |    95M |  40 |1327 |1870 |4055 |  43k|  2 |6681 |  22 | 0.000000e+00 |      --      |    Inf | unknown
 1191s|  9600 |   133 | 10655k| 804.4 |    95M |  40 |1327 |1866 |3261 |  43k|  0 |6742 |  22 | 0.000000e+00 |      --      |    Inf | unknown
 1196s|  9700 |   139 | 10691k| 801.1 |    95M |  40 |1327 |1863 |4050 |  43k|  0 |6826 |  22 | 0.000000e+00 |      --      |    Inf | unknown
 1200s|  9800 |   134 | 10733k| 798.2 |    95M |  40 |1327 |1860 |4038 |  43k|  2 |6883 |  22 | 0.000000e+00 |      --      |    Inf | unknown
 time | node  | left  |LP iter|LP it/n|mem/heur|mdpt |vars |cons |rows |cuts |sepa|confs|strbr|  dualbound   | primalbound  |  gap   | compl. 
 1206s|  9900 |   130 | 10775k| 795.5 |    95M |  40 |1327 |1857 |4041 |  43k|  0 |6921 |  22 | 0.000000e+00 |      --      |    Inf | unknown
 1211s| 10000 |   129 | 10820k| 792.9 |    95M |  40 |1327 |1853 |3140 |  44k|  0 |7014 |  22 | 0.000000e+00 |      --      |    Inf | unknown
 1215s| 10100 |   131 | 10850k| 789.3 |    95M |  40 |1327 |1859 |3043 |  44k|  0 |7066 |  22 | 0.000000e+00 |      --      |    Inf | unknown
 1220s| 10200 |   158 | 10894k| 786.8 |    96M |  40 |1327 |1865 |3102 |  45k|  0 |7101 |  22 | 0.000000e+00 |      --      |    Inf |   0.61%
 1224s| 10300 |   156 | 10934k| 784.1 |    96M |  40 |1327 |1864 |3108 |  46k|  0 |7124 |  22 | 0.000000e+00 |      --      |    Inf |   0.62%
 1228s| 10400 |   166 | 10974k| 781.3 |    96M |  40 |1327 |1863 |3120 |  46k|  0 |7156 |  22 | 0.000000e+00 |      --      |    Inf |   0.62%
 1231s| 10500 |   160 | 11005k| 778.0 |    96M |  40 |1327 |1860 |3243 |  47k|  0 |7203 |  22 | 0.000000e+00 |      --      |    Inf |   0.62%
 1235s| 10600 |   158 | 11042k| 775.1 |    96M |  40 |1327 |1860 |3133 |  47k|  0 |7270 |  22 | 0.000000e+00 |      --      |    Inf |   0.62%
 1238s| 10700 |   158 | 11077k| 772.2 |    97M |  40 |1327 |1860 |3175 |  47k|  2 |7337 |  22 | 0.000000e+00 |      --      |    Inf |   0.62%
 1242s| 10800 |   159 | 11113k| 769.3 |    98M |  40 |1327 |1858 |3220 |  47k|  0 |7416 |  22 | 0.000000e+00 |      --      |    Inf |   0.62%
 1246s| 10900 |   153 | 11148k| 766.4 |    98M |  40 |1327 |1854 |3099 |  48k|  0 |7495 |  22 | 0.000000e+00 |      --      |    Inf |   0.62%
 1250s| 11000 |   155 | 11182k| 763.5 |    98M |  40 |1327 |1853 |3111 |  48k|  0 |7540 |  22 | 0.000000e+00 |      --      |    Inf |   0.62%
 1255s| 11100 |   166 | 11226k| 761.3 |    98M |  40 |1327 |1853 |3195 |  48k|  2 |7578 |  22 | 0.000000e+00 |      --      |    Inf |   0.62%
 1261s| 11200 |   159 | 11283k| 760.0 |    98M |  40 |1327 |1851 |3253 |  49k|  0 |7629 |  22 | 0.000000e+00 |      --      |    Inf |   0.62%
 1266s| 11300 |   161 | 11334k| 758.3 |    99M |  40 |1327 |1851 |3278 |  49k|  0 |7695 |  22 | 0.000000e+00 |      --      |    Inf |   0.62%
 time | node  | left  |LP iter|LP it/n|mem/heur|mdpt |vars |cons |rows |cuts |sepa|confs|strbr|  dualbound   | primalbound  |  gap   | compl. 
 1271s| 11400 |   162 | 11377k| 756.1 |   101M |  41 |1327 |1850 |3334 |  49k|  0 |7725 |  22 | 0.000000e+00 |      --      |    Inf |   0.62%
 1275s| 11500 |   178 | 11419k| 753.9 |   101M |  41 |1327 |1850 |3160 |  50k|  2 |7767 |  22 | 0.000000e+00 |      --      |    Inf |   0.62%
 1281s| 11600 |   192 | 11467k| 752.1 |   104M |  51 |1327 |1850 |3294 |  51k|  2 |7790 |  22 | 0.000000e+00 |      --      |    Inf |   0.62%
 1287s| 11700 |   184 | 11519k| 750.6 |   107M |  51 |1327 |1850 |3162 |  51k|  2 |7813 |  22 | 0.000000e+00 |      --      |    Inf |   0.62%
 1290s| 11800 |   182 | 11546k| 747.5 |   108M |  51 |1327 |1848 |3202 |  52k|  0 |7823 |  22 | 0.000000e+00 |      --      |    Inf |   0.62%
 1295s| 11900 |   188 | 11586k| 745.2 |   110M |  51 |1327 |1852 |3297 |  52k|  0 |7862 |  22 | 0.000000e+00 |      --      |    Inf |   0.62%
 1298s| 12000 |   190 | 11618k| 742.6 |   111M |  52 |1327 |1851 |3235 |  53k|  1 |7870 |  22 | 0.000000e+00 |      --      |    Inf |   0.62%
 1302s| 12100 |   186 | 11651k| 739.9 |   112M |  52 |1327 |1856 |3313 |  53k|  0 |7895 |  22 | 0.000000e+00 |      --      |    Inf |   0.62%
 1305s| 12200 |   199 | 11680k| 737.1 |   114M |  52 |1327 |1858 |3301 |  54k|  1 |7917 |  22 | 0.000000e+00 |      --      |    Inf |   0.62%
 1308s| 12300 |   211 | 11703k| 733.9 |   114M |  56 |1327 |1857 |3341 |  54k|  2 |7952 |  22 | 0.000000e+00 |      --      |    Inf |   0.62%
 1311s| 12400 |   207 | 11729k| 731.0 |   114M |  56 |1327 |1858 |3352 |  54k|  1 |7996 |  22 | 0.000000e+00 |      --      |    Inf |   0.62%
 1313s| 12500 |   200 | 11752k| 727.8 |   114M |  56 |1327 |1859 |3377 |  55k|  1 |8033 |  22 | 0.000000e+00 |      --      |    Inf |   0.62%
 1316s| 12600 |   182 | 11775k| 724.8 |   115M |  56 |1327 |1857 |3399 |  55k|  2 |8054 |  22 | 0.000000e+00 |      --      |    Inf |   0.62%
 1321s| 12700 |   182 | 11826k| 723.5 |   115M |  56 |1327 |1857 |3459 |  55k|  2 |8072 |  22 | 0.000000e+00 |      --      |    Inf |   0.62%
 1336s| 12800 |   190 | 11943k| 726.2 |   120M |  56 |1327 |1856 |3324 |  56k|  2 |8082 |  22 | 0.000000e+00 |      --      |    Inf |   0.62%
 time | node  | left  |LP iter|LP it/n|mem/heur|mdpt |vars |cons |rows |cuts |sepa|confs|strbr|  dualbound   | primalbound  |  gap   | compl. 
 1350s| 12900 |   190 | 12058k| 728.7 |   124M |  56 |1327 |1854 |3359 |  58k|  2 |8095 |  22 | 0.000000e+00 |      --      |    Inf |   0.62%
 1360s| 13000 |   178 | 12144k| 729.5 |   127M |  56 |1327 |1853 |3473 |  58k|  0 |8124 |  22 | 0.000000e+00 |      --      |    Inf |   0.62%
 1375s| 13100 |   180 | 12255k| 731.8 |   133M |  56 |1327 |1853 |3430 |  59k|  2 |8136 |  22 | 0.000000e+00 |      --      |    Inf |   0.62%
 1385s| 13200 |   177 | 12350k| 733.1 |   133M |  56 |1327 |1854 |3777 |  60k|  0 |8173 |  22 | 0.000000e+00 |      --      |    Inf |   0.62%
 1397s| 13300 |   190 | 12459k| 735.2 |   133M |  56 |1327 |1853 |3425 |  62k|  2 |8201 |  22 | 0.000000e+00 |      --      |    Inf |   0.62%
 1405s| 13400 |   190 | 12536k| 735.4 |   137M |  56 |1327 |1857 |3272 |  63k|  2 |8224 |  22 | 0.000000e+00 |      --      |    Inf |   0.62%
 1414s| 13500 |   198 | 12612k| 735.6 |   140M |  56 |1327 |1857 |3386 |  64k|  0 |8249 |  22 | 0.000000e+00 |      --      |    Inf |   0.62%
 1423s| 13600 |   195 | 12708k| 736.8 |   140M |  56 |1327 |1861 |3653 |  65k|  2 |8273 |  22 | 0.000000e+00 |      --      |    Inf |   0.62%
 1431s| 13700 |   198 | 12779k| 736.7 |   140M |  56 |1327 |1860 |3737 |  66k|  0 |8300 |  22 | 0.000000e+00 |      --      |    Inf |   0.62%
 1436s| 13800 |   200 | 12834k| 735.6 |   140M |  56 |1327 |1860 |3826 |  66k|  2 |8358 |  22 | 0.000000e+00 |      --      |    Inf |   0.62%
 1444s| 13900 |   203 | 12909k| 735.7 |   141M |  56 |1327 |1861 |3843 |  66k|  0 |8384 |  22 | 0.000000e+00 |      --      |    Inf |   0.62%
 1449s| 14000 |   197 | 12950k| 733.9 |   142M |  56 |1327 |1860 |3903 |  67k|  0 |8423 |  22 | 0.000000e+00 |      --      |    Inf |   0.62%
 1453s| 14100 |   184 | 12983k| 731.6 |   145M |  56 |1327 |1861 |3154 |  67k|  0 |8454 |  22 | 0.000000e+00 |      --      |    Inf |   0.62%
 1457s| 14200 |   194 | 13019k| 729.5 |   147M |  56 |1327 |1860 |3432 |  67k|  0 |8464 |  22 | 0.000000e+00 |      --      |    Inf |   0.62%
 1461s| 14300 |   184 | 13045k| 726.9 |   149M |  56 |1327 |1860 |   0 |  68k|  0 |8474 |  22 | 0.000000e+00 |      --      |    Inf |   0.62%
 time | node  | left  |LP iter|LP it/n|mem/heur|mdpt |vars |cons |rows |cuts |sepa|confs|strbr|  dualbound   | primalbound  |  gap   | compl. 
 1465s| 14400 |   184 | 13079k| 724.7 |   151M |  56 |1327 |1860 |2893 |  68k|  2 |8486 |  22 | 0.000000e+00 |      --      |    Inf |   0.62%
 1469s| 14500 |   207 | 13111k| 722.5 |   153M |  56 |1327 |1859 |3631 |  69k|  2 |8503 |  22 | 0.000000e+00 |      --      |    Inf |   0.62%
 1474s| 14600 |   205 | 13151k| 720.7 |   157M |  56 |1327 |1859 |3646 |  69k|  0 |8530 |  22 | 0.000000e+00 |      --      |    Inf |   0.62%
 1478s| 14700 |   213 | 13182k| 718.5 |   160M |  56 |1327 |1859 |3652 |  70k|  0 |8547 |  22 | 0.000000e+00 |      --      |    Inf |   0.62%
 1482s| 14800 |   217 | 13211k| 716.2 |   161M |  56 |1327 |1858 |3634 |  70k|  0 |8585 |  22 | 0.000000e+00 |      --      |    Inf |   0.62%
 1487s| 14900 |   221 | 13245k| 714.2 |   163M |  56 |1327 |1858 |3656 |  70k|  1 |8597 |  22 | 0.000000e+00 |      --      |    Inf |   0.62%
 1492s| 15000 |   216 | 13278k| 712.1 |   165M |  56 |1327 |1859 |3640 |  71k|  2 |8615 |  22 | 0.000000e+00 |      --      |    Inf |   0.62%
 1497s| 15100 |   218 | 13308k| 709.9 |   166M |  56 |1327 |1857 |3657 |  71k|  0 |8649 |  22 | 0.000000e+00 |      --      |    Inf |   0.62%
 1501s| 15200 |   216 | 13336k| 707.6 |   167M |  56 |1327 |1859 |3662 |  71k|  1 |8674 |  22 | 0.000000e+00 |      --      |    Inf |   0.62%
 1506s| 15300 |   206 | 13366k| 705.4 |   170M |  56 |1327 |1861 |3731 |  72k|  0 |8713 |  22 | 0.000000e+00 |      --      |    Inf |   0.62%
 1509s| 15400 |   204 | 13397k| 703.4 |   171M |  56 |1327 |1861 |3636 |  72k|  2 |8732 |  22 | 0.000000e+00 |      --      |    Inf |   0.62%
 1513s| 15500 |   200 | 13432k| 701.5 |   172M |  56 |1327 |1865 |3272 |  72k|  2 |8766 |  22 | 0.000000e+00 |      --      |    Inf |   0.62%
 1520s| 15600 |   198 | 13497k| 701.3 |   173M |  56 |1327 |1863 |3366 |  73k|  1 |8788 |  22 | 0.000000e+00 |      --      |    Inf |   0.62%
 1532s| 15700 |   207 | 13591k| 702.5 |   175M |  56 |1327 |1861 |   0 |  74k|  0 |8807 |  22 | 0.000000e+00 |      --      |    Inf |   0.62%
 1541s| 15800 |   206 | 13672k| 703.1 |   175M |  56 |1327 |1861 |3449 |  75k|  2 |8807 |  22 | 0.000000e+00 |      --      |    Inf |   0.62%
 time | node  | left  |LP iter|LP it/n|mem/heur|mdpt |vars |cons |rows |cuts |sepa|confs|strbr|  dualbound   | primalbound  |  gap   | compl. 
 1551s| 15900 |   203 | 13748k| 703.4 |   177M |  56 |1327 |1860 |3363 |  76k|  2 |8825 |  22 | 0.000000e+00 |      --      |    Inf |   0.62%
 1563s| 16000 |   217 | 13859k| 705.4 |   178M |  56 |1327 |1857 |3362 |  77k|  2 |8829 |  22 | 0.000000e+00 |      --      |    Inf |   0.62%
 1574s| 16100 |   200 | 13949k| 706.4 |   178M |  56 |1327 |1855 |3754 |  78k|  2 |8879 |  22 | 0.000000e+00 |      --      |    Inf |   0.62%
 1584s| 16200 |   192 | 14034k| 707.1 |   178M |  56 |1327 |1855 |3343 |  79k|  0 |8902 |  22 | 0.000000e+00 |      --      |    Inf |   0.62%
 1595s| 16300 |   212 | 14127k| 708.3 |   178M |  56 |1327 |1854 |3746 |  80k|  0 |8938 |  22 | 0.000000e+00 |      --      |    Inf |   0.62%
 1605s| 16400 |   224 | 14213k| 709.0 |   180M |  56 |1327 |1855 |3997 |  81k|  2 |8972 |  22 | 0.000000e+00 |      --      |    Inf |   0.62%
 1611s| 16500 |   221 | 14265k| 708.1 |   182M |  56 |1327 |1855 |4048 |  81k|  0 |9025 |  22 | 0.000000e+00 |      --      |    Inf |   0.62%
 1619s| 16600 |   221 | 14328k| 707.7 |   185M |  56 |1327 |1855 |3972 |  81k|  0 |9069 |  22 | 0.000000e+00 |      --      |    Inf |   0.62%
 1626s| 16700 |   223 | 14382k| 706.8 |   187M |  56 |1327 |1855 |3975 |  81k|  0 |9133 |  22 | 0.000000e+00 |      --      |    Inf |   0.62%
 1632s| 16800 |   223 | 14430k| 705.8 |   187M |  56 |1327 |1856 |4021 |  82k|  0 |9195 |  22 | 0.000000e+00 |      --      |    Inf |   0.62%
 1639s| 16900 |   225 | 14488k| 705.1 |   188M |  56 |1327 |1856 |3965 |  82k|  0 |9263 |  22 | 0.000000e+00 |      --      |    Inf |   0.62%
 1646s| 17000 |   221 | 14542k| 704.3 |   191M |  56 |1327 |1856 |3983 |  82k|  2 |9303 |  22 | 0.000000e+00 |      --      |    Inf |   0.62%
 1654s| 17100 |   227 | 14611k| 704.3 |   192M |  56 |1327 |1856 |4030 |  82k|  1 |9362 |  22 | 0.000000e+00 |      --      |    Inf |   0.62%
 1662s| 17200 |   235 | 14673k| 703.9 |   197M |  56 |1327 |1857 |4024 |  83k|  2 |9411 |  22 | 0.000000e+00 |      --      |    Inf |   0.62%
 1671s| 17300 |   238 | 14739k| 703.6 |   200M |  56 |1327 |1857 |4080 |  83k|  1 |9449 |  22 | 0.000000e+00 |      --      |    Inf |   0.62%
 time | node  | left  |LP iter|LP it/n|mem/heur|mdpt |vars |cons |rows |cuts |sepa|confs|strbr|  dualbound   | primalbound  |  gap   | compl. 
 1675s| 17400 |   236 | 14774k| 701.9 |   200M |  58 |1327 |1859 |4093 |  83k|  2 |9474 |  22 | 0.000000e+00 |      --      |    Inf |   0.62%
 1680s| 17500 |   236 | 14811k| 700.4 |   203M |  58 |1327 |1859 |4101 |  83k|  0 |9507 |  22 | 0.000000e+00 |      --      |    Inf |   0.62%
 1683s| 17600 |   239 | 14842k| 698.6 |   203M |  58 |1327 |1858 |4137 |  83k|  2 |9522 |  22 | 0.000000e+00 |      --      |    Inf |   0.62%
 1687s| 17700 |   239 | 14878k| 697.0 |   203M |  58 |1327 |1859 |4129 |  84k|  2 |9549 |  22 | 0.000000e+00 |      --      |    Inf |   0.62%
 1691s| 17800 |   241 | 14912k| 695.3 |   204M |  58 |1327 |1859 |4098 |  84k|  1 |9566 |  22 | 0.000000e+00 |      --      |    Inf |   0.62%
 1696s| 17900 |   237 | 14952k| 693.9 |   204M |  58 |1327 |1859 |4112 |  84k|  1 |9606 |  22 | 0.000000e+00 |      --      |    Inf |   0.62%
 1702s| 18000 |   243 | 14994k| 692.7 |   205M |  58 |1327 |1859 |4131 |  84k|  2 |9635 |  22 | 0.000000e+00 |      --      |    Inf |   0.62%
 1708s| 18100 |   237 | 15051k| 692.1 |   205M |  58 |1327 |1859 |4132 |  84k|  0 |9674 |  22 | 0.000000e+00 |      --      |    Inf |   0.62%
 1716s| 18200 |   236 | 15121k| 692.1 |   206M |  58 |1327 |1859 |4116 |  84k|  2 |9724 |  22 | 0.000000e+00 |      --      |    Inf |   0.62%
 1724s| 18300 |   240 | 15182k| 691.7 |   206M |  58 |1327 |1859 |4073 |  85k|  2 |9773 |  22 | 0.000000e+00 |      --      |    Inf |   0.62%
 1731s| 18400 |   239 | 15241k| 691.3 |   207M |  58 |1327 |1859 |4098 |  85k|  0 |9811 |  22 | 0.000000e+00 |      --      |    Inf |   0.62%
 1739s| 18500 |   242 | 15303k| 691.0 |   209M |  58 |1327 |1859 |4052 |  85k|  0 |9841 |  22 | 0.000000e+00 |      --      |    Inf |   0.62%
 1747s| 18600 |   242 | 15364k| 690.6 |   210M |  58 |1327 |1859 |4052 |  86k|  2 |9854 |  22 | 0.000000e+00 |      --      |    Inf |   0.62%
 1755s| 18700 |   248 | 15434k| 690.7 |   213M |  58 |1327 |1859 |4124 |  86k|  0 |9882 |  22 | 0.000000e+00 |      --      |    Inf |   0.62%
 1761s| 18800 |   246 | 15483k| 689.7 |   214M |  62 |1327 |1861 |4131 |  86k|  0 |9925 |  22 | 0.000000e+00 |      --      |    Inf |   0.62%
 time | node  | left  |LP iter|LP it/n|mem/heur|mdpt |vars |cons |rows |cuts |sepa|confs|strbr|  dualbound   | primalbound  |  gap   | compl. 
 1768s| 18900 |   240 | 15542k| 689.3 |   214M |  62 |1327 |1863 |4071 |  86k|  2 |9950 |  22 | 0.000000e+00 |      --      |    Inf |   0.62%
 1774s| 19000 |   246 | 15592k| 688.5 |   217M |  62 |1327 |1864 |4008 |  86k|  2 |9986 |  22 | 0.000000e+00 |      --      |    Inf |   0.62%
 1782s| 19100 |   242 | 15653k| 688.1 |   218M |  62 |1327 |1863 |4136 |  87k|  0 |  10k|  22 | 0.000000e+00 |      --      |    Inf |   0.62%
 1790s| 19200 |   250 | 15724k| 688.2 |   218M |  62 |1327 |1863 |4079 |  87k|  0 |  10k|  22 | 0.000000e+00 |      --      |    Inf |   0.62%
 1797s| 19300 |   249 | 15782k| 687.8 |   220M |  62 |1327 |1864 |4101 |  88k|  0 |  10k|  22 | 0.000000e+00 |      --      |    Inf |   0.62%
 1806s| 19400 |   245 | 15856k| 688.0 |   225M |  62 |1327 |1865 |4138 |  88k|  2 |  10k|  22 | 0.000000e+00 |      --      |    Inf |   0.62%
 1816s| 19500 |   243 | 15940k| 688.7 |   225M |  62 |1327 |1865 |4139 |  88k|  0 |  10k|  22 | 0.000000e+00 |      --      |    Inf |   0.62%
 1822s| 19600 |   252 | 15996k| 688.1 |   226M |  62 |1327 |1873 |3441 |  89k|  2 |  10k|  22 | 0.000000e+00 |      --      |    Inf |   0.62%
 1828s| 19700 |   254 | 16037k| 686.9 |   228M |  62 |1327 |1873 |3480 |  90k|  2 |  10k|  22 | 0.000000e+00 |      --      |    Inf |   0.62%
 1835s| 19800 |   252 | 16091k| 686.3 |   231M |  62 |1327 |1873 |   0 |  91k|  0 |  10k|  22 | 0.000000e+00 |      --      |    Inf |   0.62%
 1839s| 19900 |   250 | 16137k| 685.3 |   231M |  62 |1327 |1881 |3163 |  92k|  0 |  10k|  22 | 0.000000e+00 |      --      |    Inf |   0.62%
 1845s| 20000 |   250 | 16188k| 684.6 |   232M |  62 |1327 |1885 |   0 |  93k|  0 |  10k|  22 | 0.000000e+00 |      --      |    Inf |   0.62%
 1851s| 20100 |   254 | 16252k| 684.4 |   232M |  62 |1327 |1883 |3418 |  94k|  0 |  10k|  22 | 0.000000e+00 |      --      |    Inf |   0.62%
 1858s| 20200 |   254 | 16317k| 684.3 |   233M |  62 |1327 |1883 |3449 |  95k|  2 |  10k|  22 | 0.000000e+00 |      --      |    Inf |   0.62%
 1867s| 20300 |   257 | 16392k| 684.5 |   238M |  62 |1327 |1883 |3483 |  95k|  2 |  10k|  22 | 0.000000e+00 |      --      |    Inf |   0.62%
 time | node  | left  |LP iter|LP it/n|mem/heur|mdpt |vars |cons |rows |cuts |sepa|confs|strbr|  dualbound   | primalbound  |  gap   | compl. 
 1878s| 20400 |   257 | 16476k| 685.2 |   243M |  62 |1327 |1883 |3668 |  96k|  2 |  10k|  22 | 0.000000e+00 |      --      |    Inf |   0.62%
 1887s| 20500 |   245 | 16559k| 685.8 |   244M |  62 |1327 |1883 |3260 |  97k|  2 |  10k|  22 | 0.000000e+00 |      --      |    Inf |   0.62%
 1893s| 20600 |   245 | 16617k| 685.3 |   245M |  62 |1327 |1884 |3507 |  97k|  3 |  10k|  22 | 0.000000e+00 |      --      |    Inf |   0.62%
 1900s| 20700 |   245 | 16675k| 684.9 |   246M |  62 |1327 |1894 |3770 |  98k|  0 |  10k|  22 | 0.000000e+00 |      --      |    Inf |   0.62%
 1908s| 20800 |   235 | 16749k| 685.1 |   247M |  62 |1327 |1888 |3285 |  98k|  2 |  10k|  22 | 0.000000e+00 |      --      |    Inf |   0.62%
 1919s| 20900 |   233 | 16836k| 685.9 |   248M |  62 |1327 |1886 |4224 |  99k|  1 |  10k|  22 | 0.000000e+00 |      --      |    Inf |   0.62%
 1931s| 21000 |   238 | 16943k| 687.4 |   248M |  62 |1327 |1889 |3406 | 101k|  2 |  10k|  22 | 0.000000e+00 |      --      |    Inf |   0.62%
 1944s| 21100 |   250 | 17058k| 689.3 |   248M |  62 |1327 |1890 |3540 | 102k|  1 |  10k|  22 | 0.000000e+00 |      --      |    Inf |   0.62%
 1954s| 21200 |   250 | 17147k| 690.1 |   248M |  62 |1327 |1887 |3840 | 103k|  2 |  10k|  22 | 0.000000e+00 |      --      |    Inf |   0.62%
 1967s| 21300 |   252 | 17260k| 691.9 |   248M |  62 |1327 |1887 |3863 | 103k|  0 |  10k|  22 | 0.000000e+00 |      --      |    Inf |   0.62%
 1979s| 21400 |   251 | 17368k| 693.4 |   248M |  62 |1327 |1885 |3575 | 103k|  2 |  10k|  22 | 0.000000e+00 |      --      |    Inf |   0.62%
 1986s| 21500 |   251 | 17431k| 693.2 |   248M |  62 |1327 |1882 |4025 | 104k|  0 |  10k|  22 | 0.000000e+00 |      --      |    Inf |   0.62%
 1998s| 21600 |   257 | 17520k| 694.0 |   250M |  62 |1327 |1884 |3803 | 105k|  0 |  10k|  22 | 0.000000e+00 |      --      |    Inf |   0.62%
 2006s| 21700 |   265 | 17583k| 693.7 |   253M |  62 |1327 |1881 |   0 | 105k|  0 |  10k|  22 | 0.000000e+00 |      --      |    Inf |   0.62%
 2008s| 21800 |   257 | 17608k| 691.9 |   253M |  62 |1327 |1886 |3818 | 105k|  0 |  10k|  22 | 0.000000e+00 |      --      |    Inf |   0.62%
 time | node  | left  |LP iter|LP it/n|mem/heur|mdpt |vars |cons |rows |cuts |sepa|confs|strbr|  dualbound   | primalbound  |  gap   | compl. 
 2012s| 21900 |   266 | 17642k| 690.6 |   253M |  62 |1327 |1889 |3662 | 106k|  1 |  10k|  22 | 0.000000e+00 |      --      |    Inf |   0.62%
 2017s| 22000 |   270 | 17674k| 689.1 |   255M |  62 |1327 |1889 |3680 | 107k|  2 |  11k|  22 | 0.000000e+00 |      --      |    Inf |   0.62%
 2021s| 22100 |   266 | 17706k| 687.7 |   255M |  62 |1327 |1895 |3473 | 107k|  2 |  11k|  22 | 0.000000e+00 |      --      |    Inf |   0.62%
 2025s| 22200 |   270 | 17738k| 686.3 |   255M |  62 |1327 |1902 |3586 | 107k|  2 |  11k|  22 | 0.000000e+00 |      --      |    Inf |   0.62%
 2028s| 22300 |   276 | 17770k| 684.9 |   256M |  62 |1327 |1902 |3608 | 108k|  2 |  11k|  22 | 0.000000e+00 |      --      |    Inf |   0.62%
 2032s| 22400 |   271 | 17799k| 683.3 |   258M |  62 |1327 |1902 |3576 | 108k|  1 |  11k|  22 | 0.000000e+00 |      --      |    Inf |   0.62%
 2035s| 22500 |   271 | 17826k| 681.8 |   258M |  62 |1327 |1902 |3624 | 109k|  2 |  11k|  22 | 0.000000e+00 |      --      |    Inf |   0.62%
 2039s| 22600 |   271 | 17851k| 680.1 |   258M |  62 |1327 |1902 |3635 | 109k|  1 |  11k|  22 | 0.000000e+00 |      --      |    Inf |   0.62%
 2043s| 22700 |   273 | 17874k| 678.4 |   261M |  62 |1327 |1902 |3754 | 110k|  1 |  11k|  22 | 0.000000e+00 |      --      |    Inf |   0.62%
 2047s| 22800 |   267 | 17906k| 677.1 |   262M |  62 |1327 |1900 |3553 | 110k|  2 |  11k|  22 | 0.000000e+00 |      --      |    Inf |   0.62%
 2050s| 22900 |   265 | 17938k| 675.7 |   262M |  62 |1327 |1900 |3541 | 110k|  0 |  11k|  22 | 0.000000e+00 |      --      |    Inf |   0.62%
 2054s| 23000 |   259 | 17967k| 674.3 |   262M |  62 |1327 |1892 |3543 | 111k|  2 |  11k|  22 | 0.000000e+00 |      --      |    Inf |   0.62%
 2058s| 23100 |   261 | 18002k| 673.0 |   263M |  62 |1327 |1888 |3210 | 111k|  2 |  11k|  22 | 0.000000e+00 |      --      |    Inf |   0.62%
 2063s| 23200 |   261 | 18041k| 672.0 |   266M |  62 |1327 |1880 |4531 | 112k|  2 |  11k|  22 | 0.000000e+00 |      --      |    Inf |   0.62%
 2068s| 23300 |   257 | 18074k| 670.7 |   269M |  62 |1327 |1878 |3807 | 112k|  2 |  11k|  22 | 0.000000e+00 |      --      |    Inf |   0.62%
 time | node  | left  |LP iter|LP it/n|mem/heur|mdpt |vars |cons |rows |cuts |sepa|confs|strbr|  dualbound   | primalbound  |  gap   | compl. 
 2073s| 23400 |   262 | 18117k| 669.8 |   270M |  62 |1327 |1874 |4259 | 112k|  0 |  11k|  22 | 0.000000e+00 |      --      |    Inf |   0.63%
 2078s| 23500 |   260 | 18154k| 668.7 |   270M |  62 |1327 |1865 |3526 | 113k|  2 |  11k|  22 | 0.000000e+00 |      --      |    Inf |   0.63%
 2082s| 23600 |   262 | 18185k| 667.4 |   270M |  62 |1327 |1860 |3224 | 113k|  2 |  11k|  22 | 0.000000e+00 |      --      |    Inf |   0.63%
 2087s| 23700 |   265 | 18227k| 666.5 |   270M |  62 |1327 |1852 |2972 | 114k|  0 |  11k|  22 | 0.000000e+00 |      --      |    Inf |   0.63%
 2092s| 23800 |   273 | 18267k| 665.5 |   271M |  62 |1327 |1847 |2843 | 114k|  2 |  11k|  22 | 0.000000e+00 |      --      |    Inf |   0.63%
 2097s| 23900 |   284 | 18299k| 664.3 |   273M |  62 |1327 |1842 |3481 | 115k|  2 |  11k|  22 | 0.000000e+00 |      --      |    Inf |   0.65%
 2102s| 24000 |   289 | 18339k| 663.3 |   274M |  62 |1327 |1841 |4011 | 115k|  0 |  12k|  22 | 0.000000e+00 |      --      |    Inf |   0.72%
 2107s| 24100 |   301 | 18372k| 662.1 |   275M |  62 |1327 |1836 |2882 | 116k|  0 |  12k|  22 | 0.000000e+00 |      --      |    Inf |   0.79%
 2111s| 24200 |   306 | 18408k| 661.0 |   275M |  62 |1327 |1841 |3231 | 117k|  1 |  12k|  22 | 0.000000e+00 |      --      |    Inf |   1.58%
 2115s| 24300 |   318 | 18437k| 659.7 |   275M |  62 |1327 |1840 |3198 | 118k|  0 |  12k|  22 | 0.000000e+00 |      --      |    Inf |   1.79%
 2122s| 24400 |   319 | 18499k| 659.6 |   275M |  62 |1327 |1856 |2892 | 119k|  2 |  12k|  22 | 0.000000e+00 |      --      |    Inf |   1.79%
 2127s| 24500 |   319 | 18552k| 659.1 |   275M |  62 |1327 |1849 |2976 | 120k|  0 |  12k|  22 | 0.000000e+00 |      --      |    Inf |   1.80%
 2134s| 24600 |   332 | 18613k| 658.9 |   276M |  62 |1327 |1840 |3903 | 122k|  2 |  12k|  22 | 0.000000e+00 |      --      |    Inf |   1.80%
 2141s| 24700 |   323 | 18681k| 659.0 |   276M |  62 |1327 |1838 |3858 | 123k|  2 |  12k|  22 | 0.000000e+00 |      --      |    Inf |   1.90%
 2147s| 24800 |   329 | 18735k| 658.6 |   276M |  62 |1327 |1841 |3560 | 124k|  0 |  12k|  22 | 0.000000e+00 |      --      |    Inf |   1.91%
 time | node  | left  |LP iter|LP it/n|mem/heur|mdpt |vars |cons |rows |cuts |sepa|confs|strbr|  dualbound   | primalbound  |  gap   | compl. 
 2152s| 24900 |   332 | 18776k| 657.7 |   276M |  62 |1327 |1833 |   0 | 125k|  0 |  12k|  22 | 0.000000e+00 |      --      |    Inf |   1.91%
 2160s| 25000 |   331 | 18843k| 657.8 |   280M |  62 |1327 |1830 |3259 | 126k|  2 |  12k|  22 | 0.000000e+00 |      --      |    Inf |   2.09%
 2166s| 25100 |   335 | 18899k| 657.4 |   281M |  62 |1327 |1839 |3423 | 127k|  2 |  12k|  22 | 0.000000e+00 |      --      |    Inf |   2.09%
 2173s| 25200 |   336 | 18953k| 657.0 |   282M |  62 |1327 |1834 |   0 | 128k|  0 |  12k|  22 | 0.000000e+00 |      --      |    Inf |   2.17%
 2181s| 25300 |   330 | 19022k| 657.1 |   285M |  62 |1327 |1825 |3815 | 129k|  0 |  12k|  22 | 0.000000e+00 |      --      |    Inf |   2.24%
 2189s| 25400 |   351 | 19089k| 657.2 |   286M |  62 |1327 |1820 |3636 | 131k|  3 |  12k|  22 | 0.000000e+00 |      --      |    Inf |   2.35%
 2194s| 25500 |   354 | 19140k| 656.7 |   286M |  62 |1327 |1816 |3847 | 131k|  0 |  12k|  22 | 0.000000e+00 |      --      |    Inf |   2.35%
 2199s| 25600 |   352 | 19194k| 656.3 |   286M |  62 |1327 |1813 |3766 | 132k|  0 |  12k|  22 | 0.000000e+00 |      --      |    Inf |   2.35%
 2204s| 25700 |   351 | 19242k| 655.7 |   286M |  62 |1327 |1822 |3660 | 133k|  2 |  12k|  22 | 0.000000e+00 |      --      |    Inf |   2.35%
 2211s| 25800 |   364 | 19301k| 655.5 |   286M |  62 |1327 |1815 |3899 | 134k|  0 |  12k|  22 | 0.000000e+00 |      --      |    Inf |   2.35%
 2215s| 25900 |   362 | 19344k| 654.7 |   286M |  62 |1327 |1813 |3868 | 134k|  1 |  13k|  22 | 0.000000e+00 |      --      |    Inf |   2.35%
 2219s| 26000 |   359 | 19390k| 654.0 |   286M |  62 |1327 |1814 |3885 | 134k|  2 |  13k|  22 | 0.000000e+00 |      --      |    Inf |   2.35%
 2225s| 26100 |   361 | 19442k| 653.6 |   286M |  62 |1327 |1825 |3798 | 135k|  2 |  13k|  22 | 0.000000e+00 |      --      |    Inf |   2.35%
 2231s| 26200 |   362 | 19501k| 653.3 |   287M |  62 |1327 |1819 |3822 | 135k|  2 |  13k|  22 | 0.000000e+00 |      --      |    Inf |   2.35%
 2236s| 26300 |   363 | 19553k| 652.9 |   287M |  62 |1327 |1816 |3947 | 135k|  2 |  13k|  22 | 0.000000e+00 |      --      |    Inf |   2.35%
 time | node  | left  |LP iter|LP it/n|mem/heur|mdpt |vars |cons |rows |cuts |sepa|confs|strbr|  dualbound   | primalbound  |  gap   | compl. 
 2242s| 26400 |   364 | 19608k| 652.6 |   287M |  62 |1327 |1813 |3894 | 136k|  0 |  13k|  22 | 0.000000e+00 |      --      |    Inf |   2.35%
 2248s| 26500 |   367 | 19663k| 652.2 |   287M |  62 |1327 |1811 |3911 | 136k|  0 |  13k|  22 | 0.000000e+00 |      --      |    Inf |   2.35%
 2253s| 26600 |   365 | 19709k| 651.6 |   288M |  62 |1327 |1809 |4041 | 136k|  1 |  13k|  22 | 0.000000e+00 |      --      |    Inf |   2.35%
 2259s| 26700 |   363 | 19763k| 651.2 |   288M |  62 |1327 |1805 |4046 | 137k|  0 |  13k|  22 | 0.000000e+00 |      --      |    Inf |   2.35%
 2264s| 26800 |   359 | 19809k| 650.6 |   288M |  62 |1327 |1804 |3985 | 137k|  0 |  13k|  22 | 0.000000e+00 |      --      |    Inf |   2.35%
 2268s| 26900 |   368 | 19856k| 650.0 |   288M |  62 |1327 |1812 |3956 | 137k|  0 |  13k|  22 | 0.000000e+00 |      --      |    Inf |   2.35%
 2273s| 27000 |   370 | 19903k| 649.4 |   288M |  62 |1327 |1809 |4081 | 137k|  1 |  13k|  22 | 0.000000e+00 |      --      |    Inf |   2.35%
 2278s| 27100 |   367 | 19947k| 648.8 |   288M |  62 |1327 |1809 |4064 | 138k|  1 |  13k|  22 | 0.000000e+00 |      --      |    Inf |   2.35%
 2285s| 27200 |   366 | 20013k| 648.8 |   289M |  62 |1327 |1808 |3961 | 138k|  2 |  13k|  22 | 0.000000e+00 |      --      |    Inf |   2.35%
 2291s| 27300 |   364 | 20061k| 648.2 |   290M |  62 |1327 |1807 |3798 | 138k|  2 |  13k|  22 | 0.000000e+00 |      --      |    Inf |   2.35%
 2294s| 27400 |   364 | 20084k| 646.9 |   290M |  62 |1327 |1807 |3865 | 139k|  0 |  13k|  22 | 0.000000e+00 |      --      |    Inf |   2.35%
 2297s| 27500 |   370 | 20108k| 645.6 |   290M |  62 |1327 |1803 |3852 | 139k|  2 |  13k|  22 | 0.000000e+00 |      --      |    Inf |   2.35%
 2299s| 27600 |   368 | 20131k| 644.3 |   290M |  62 |1327 |1802 |3868 | 139k|  0 |  13k|  22 | 0.000000e+00 |      --      |    Inf |   2.35%
 2302s| 27700 |   368 | 20157k| 643.0 |   290M |  62 |1327 |1800 |3967 | 139k|  1 |  13k|  22 | 0.000000e+00 |      --      |    Inf |   2.35%
 2305s| 27800 |   362 | 20186k| 641.9 |   290M |  62 |1327 |1797 |3808 | 139k|  0 |  13k|  22 | 0.000000e+00 |      --      |    Inf |   2.35%
 time | node  | left  |LP iter|LP it/n|mem/heur|mdpt |vars |cons |rows |cuts |sepa|confs|strbr|  dualbound   | primalbound  |  gap   | compl. 
 2309s| 27900 |   368 | 20214k| 640.8 |   291M |  62 |1327 |1797 |3856 | 140k|  2 |  13k|  22 | 0.000000e+00 |      --      |    Inf |   2.35%
 2316s| 28000 |   366 | 20275k| 640.6 |   293M |  62 |1327 |1794 |4031 | 140k|  0 |  13k|  22 | 0.000000e+00 |      --      |    Inf |   2.35%
 2323s| 28100 |   365 | 20341k| 640.7 |   294M |  62 |1327 |1803 |3907 | 141k|  0 |  13k|  22 | 0.000000e+00 |      --      |    Inf |   2.35%
 2330s| 28200 |   367 | 20405k| 640.7 |   294M |  62 |1327 |1798 |3986 | 141k|  0 |  13k|  22 | 0.000000e+00 |      --      |    Inf |   2.35%
 2335s| 28300 |   373 | 20449k| 640.1 |   295M |  62 |1327 |1794 |3829 | 142k|  2 |  13k|  22 | 0.000000e+00 |      --      |    Inf |   2.35%
 2339s| 28400 |   369 | 20494k| 639.5 |   295M |  62 |1327 |1793 |3841 | 142k|  2 |  13k|  22 | 0.000000e+00 |      --      |    Inf |   2.35%
 2344s| 28500 |   367 | 20543k| 639.0 |   295M |  62 |1327 |1793 |3839 | 142k|  0 |  13k|  22 | 0.000000e+00 |      --      |    Inf |   2.35%
 2349s| 28600 |   363 | 20593k| 638.6 |   295M |  62 |1327 |1791 |3876 | 143k|  0 |  13k|  22 | 0.000000e+00 |      --      |    Inf |   2.35%
 2356s| 28700 |   367 | 20656k| 638.6 |   296M |  62 |1327 |1787 |3999 | 143k|  0 |  13k|  22 | 0.000000e+00 |      --      |    Inf |   2.35%
 2364s| 28800 |   367 | 20719k| 638.5 |   296M |  62 |1327 |1786 |3991 | 144k|  2 |  13k|  22 | 0.000000e+00 |      --      |    Inf |   2.35%
 2373s| 28900 |   365 | 20791k| 638.8 |   297M |  62 |1327 |1789 |4027 | 144k|  2 |  13k|  22 | 0.000000e+00 |      --      |    Inf |   2.35%
 2380s| 29000 |   359 | 20863k| 639.0 |   298M |  62 |1327 |1786 |3947 | 145k|  1 |  13k|  22 | 0.000000e+00 |      --      |    Inf |   2.35%
 2387s| 29100 |   354 | 20925k| 639.0 |   298M |  62 |1327 |1786 |3643 | 145k|  2 |  13k|  22 | 0.000000e+00 |      --      |    Inf |   2.35%
 2396s| 29200 |   363 | 20996k| 639.2 |   299M |  62 |1327 |1780 |3774 | 146k|  0 |  13k|  22 | 0.000000e+00 |      --      |    Inf |   2.98%
 2408s| 29300 |   364 | 21094k| 640.2 |   299M |  62 |1327 |1769 |3954 | 147k|  2 |  13k|  22 | 0.000000e+00 |      --      |    Inf |   3.36%
 time | node  | left  |LP iter|LP it/n|mem/heur|mdpt |vars |cons |rows |cuts |sepa|confs|strbr|  dualbound   | primalbound  |  gap   | compl. 
 2414s| 29400 |   372 | 21147k| 639.9 |   299M |  62 |1327 |1762 |3756 | 148k|  0 |  13k|  22 | 0.000000e+00 |      --      |    Inf |   3.36%
 2420s| 29500 |   386 | 21204k| 639.7 |   301M |  62 |1327 |1763 |3841 | 148k|  1 |  14k|  22 | 0.000000e+00 |      --      |    Inf |   3.36%
 2426s| 29600 |   394 | 21251k| 639.2 |   302M |  62 |1327 |1761 |3808 | 148k|  2 |  14k|  22 | 0.000000e+00 |      --      |    Inf |   3.36%
 2433s| 29700 |   388 | 21297k| 638.7 |   304M |  62 |1327 |1761 |3796 | 148k|  0 |  14k|  22 | 0.000000e+00 |      --      |    Inf |   3.36%
 2439s| 29800 |   398 | 21348k| 638.3 |   307M |  62 |1327 |1765 |3716 | 149k|  2 |  14k|  22 | 0.000000e+00 |      --      |    Inf |   3.36%
 2447s| 29900 |   394 | 21406k| 638.1 |   309M |  62 |1327 |1765 |   0 | 149k|  0 |  14k|  22 | 0.000000e+00 |      --      |    Inf |   3.36%
 2455s| 30000 |   394 | 21459k| 637.8 |   310M |  62 |1327 |1765 |3753 | 149k|  0 |  14k|  22 | 0.000000e+00 |      --      |    Inf |   3.36%
 2462s| 30100 |   379 | 21508k| 637.3 |   313M |  62 |1327 |1761 |3620 | 150k|  2 |  14k|  22 | 0.000000e+00 |      --      |    Inf |   3.36%
 2468s| 30200 |   374 | 21557k| 636.9 |   314M |  62 |1327 |1760 |3498 | 150k|  0 |  14k|  22 | 0.000000e+00 |      --      |    Inf |   3.36%
 2475s| 30300 |   369 | 21603k| 636.4 |   318M |  62 |1327 |1760 |3763 | 151k|  0 |  14k|  22 | 0.000000e+00 |      --      |    Inf |   3.36%
 2483s| 30400 |   372 | 21649k| 635.8 |   319M |  62 |1327 |1760 |3796 | 151k|  2 |  14k|  22 | 0.000000e+00 |      --      |    Inf |   3.36%
 2490s| 30500 |   374 | 21692k| 635.3 |   322M |  62 |1327 |1760 |3765 | 152k|  2 |  14k|  22 | 0.000000e+00 |      --      |    Inf |   3.36%
 2497s| 30600 |   368 | 21740k| 634.8 |   323M |  62 |1327 |1767 |4505 | 152k|  1 |  14k|  22 | 0.000000e+00 |      --      |    Inf |   3.36%
 2503s| 30700 |   376 | 21792k| 634.4 |   323M |  62 |1327 |1766 |3663 | 152k|  2 |  14k|  22 | 0.000000e+00 |      --      |    Inf |   3.37%
 2509s| 30800 |   392 | 21841k| 634.0 |   324M |  62 |1327 |1762 |3263 | 153k|  2 |  14k|  22 | 0.000000e+00 |      --      |    Inf |   3.42%
 time | node  | left  |LP iter|LP it/n|mem/heur|mdpt |vars |cons |rows |cuts |sepa|confs|strbr|  dualbound   | primalbound  |  gap   | compl. 
 2513s| 30900 |   400 | 21879k| 633.3 |   324M |  62 |1327 |1763 |3583 | 154k|  1 |  14k|  22 | 0.000000e+00 |      --      |    Inf |   3.42%
 2517s| 31000 |   409 | 21907k| 632.3 |   324M |  62 |1327 |1768 |3651 | 154k|  2 |  14k|  22 | 0.000000e+00 |      --      |    Inf |   3.42%
 2520s| 31100 |   406 | 21938k| 631.4 |   324M |  62 |1327 |1769 |3706 | 155k|  2 |  14k|  22 | 0.000000e+00 |      --      |    Inf |   3.42%
 2524s| 31200 |   406 | 21972k| 630.5 |   324M |  62 |1327 |1769 |3737 | 155k|  1 |  14k|  22 | 0.000000e+00 |      --      |    Inf |   3.42%
 2530s| 31300 |   403 | 22036k| 630.5 |   324M |  62 |1327 |1769 |3785 | 156k|  0 |  14k|  22 | 0.000000e+00 |      --      |    Inf |   3.42%
 2534s| 31400 |   398 | 22064k| 629.6 |   324M |  62 |1327 |1767 |3594 | 156k|  2 |  14k|  22 | 0.000000e+00 |      --      |    Inf |   3.42%
 2537s| 31500 |   400 | 22098k| 628.7 |   324M |  62 |1327 |1766 |3612 | 156k|  2 |  14k|  22 | 0.000000e+00 |      --      |    Inf |   3.42%
 2542s| 31600 |   402 | 22140k| 628.1 |   324M |  62 |1327 |1768 |3676 | 157k|  1 |  14k|  22 | 0.000000e+00 |      --      |    Inf |   3.42%
 2550s| 31700 |   403 | 22203k| 628.1 |   326M |  62 |1327 |1768 |3848 | 158k|  0 |  14k|  22 | 0.000000e+00 |      --      |    Inf |   3.42%
 2560s| 31800 |   415 | 22298k| 629.0 |   326M |  62 |1327 |1765 |3918 | 159k|  2 |  14k|  22 | 0.000000e+00 |      --      |    Inf |   3.42%
 2569s| 31900 |   418 | 22370k| 629.3 |   326M |  62 |1327 |1765 |3977 | 159k|  2 |  14k|  22 | 0.000000e+00 |      --      |    Inf |   3.42%
 2578s| 32000 |   405 | 22440k| 629.5 |   326M |  62 |1327 |1765 |3984 | 160k|  0 |  14k|  22 | 0.000000e+00 |      --      |    Inf |   3.42%
 2585s| 32100 |   402 | 22504k| 629.5 |   327M |  62 |1327 |1769 |   0 | 161k|  0 |  14k|  22 | 0.000000e+00 |      --      |    Inf |   3.42%
 2591s| 32200 |   403 | 22565k| 629.5 |   327M |  62 |1327 |1769 |3950 | 161k|  0 |  15k|  22 | 0.000000e+00 |      --      |    Inf |   3.42%
 2600s| 32300 |   401 | 22637k| 629.7 |   327M |  62 |1327 |1769 |4049 | 162k|  0 |  15k|  22 | 0.000000e+00 |      --      |    Inf |   3.42%
 time | node  | left  |LP iter|LP it/n|mem/heur|mdpt |vars |cons |rows |cuts |sepa|confs|strbr|  dualbound   | primalbound  |  gap   | compl. 
 2607s| 32400 |   402 | 22702k| 629.8 |   327M |  62 |1327 |1769 |   0 | 162k|  0 |  15k|  22 | 0.000000e+00 |      --      |    Inf |   3.42%
 2614s| 32500 |   400 | 22779k| 630.2 |   327M |  62 |1327 |1769 |3840 | 163k|  0 |  15k|  22 | 0.000000e+00 |      --      |    Inf |   3.42%
 2618s| 32600 |   399 | 22810k| 629.3 |   328M |  62 |1327 |1769 |3873 | 163k|  2 |  15k|  22 | 0.000000e+00 |      --      |    Inf |   3.42%
 2623s| 32700 |   405 | 22859k| 628.9 |   328M |  62 |1327 |1769 |4021 | 163k|  2 |  15k|  22 | 0.000000e+00 |      --      |    Inf |   3.42%
 2630s| 32800 |   399 | 22927k| 629.0 |   328M |  62 |1327 |1769 |4032 | 164k|  0 |  15k|  22 | 0.000000e+00 |      --      |    Inf |   3.42%
 2636s| 32900 |   397 | 22980k| 628.8 |   328M |  62 |1327 |1769 |3978 | 164k|  0 |  15k|  22 | 0.000000e+00 |      --      |    Inf |   3.42%
 2642s| 33000 |   395 | 23044k| 628.8 |   328M |  62 |1327 |1769 |3952 | 164k|  1 |  15k|  22 | 0.000000e+00 |      --      |    Inf |   3.42%
 2649s| 33100 |   397 | 23102k| 628.7 |   328M |  62 |1327 |1769 |3833 | 165k|  2 |  15k|  22 | 0.000000e+00 |      --      |    Inf |   3.42%
 2656s| 33200 |   403 | 23164k| 628.7 |   329M |  62 |1327 |1769 |4047 | 166k|  2 |  15k|  22 | 0.000000e+00 |      --      |    Inf |   3.42%
 2662s| 33300 |   404 | 23225k| 628.6 |   330M |  62 |1327 |1779 |3930 | 166k|  2 |  15k|  22 | 0.000000e+00 |      --      |    Inf |   3.42%
 2668s| 33400 |   400 | 23272k| 628.2 |   330M |  62 |1327 |1776 |3969 | 167k|  0 |  15k|  22 | 0.000000e+00 |      --      |    Inf |   3.42%
 2675s| 33500 |   402 | 23338k| 628.2 |   330M |  62 |1327 |1778 |3988 | 167k|  2 |  15k|  22 | 0.000000e+00 |      --      |    Inf |   3.42%
 2681s| 33600 |   403 | 23392k| 628.0 |   330M |  62 |1327 |1774 |3944 | 168k|  0 |  15k|  22 | 0.000000e+00 |      --      |    Inf |   3.42%
 2686s| 33700 |   405 | 23446k| 627.8 |   330M |  62 |1327 |1772 |3968 | 168k|  0 |  15k|  22 | 0.000000e+00 |      --      |    Inf |   3.42%
 2691s| 33800 |   407 | 23490k| 627.3 |   330M |  62 |1327 |1772 |4050 | 169k|  0 |  15k|  22 | 0.000000e+00 |      --      |    Inf |   3.42%
 time | node  | left  |LP iter|LP it/n|mem/heur|mdpt |vars |cons |rows |cuts |sepa|confs|strbr|  dualbound   | primalbound  |  gap   | compl. 
 2700s| 33900 |   411 | 23552k| 627.3 |   331M |  62 |1327 |1778 |4030 | 169k|  0 |  15k|  22 | 0.000000e+00 |      --      |    Inf |   3.42%
 2709s| 34000 |   407 | 23625k| 627.5 |   334M |  62 |1327 |1774 |4089 | 169k|  0 |  15k|  22 | 0.000000e+00 |      --      |    Inf |   3.42%
 2719s| 34100 |   405 | 23703k| 627.9 |   337M |  62 |1327 |1777 |4023 | 170k|  2 |  15k|  22 | 0.000000e+00 |      --      |    Inf |   3.42%
 2729s| 34200 |   405 | 23783k| 628.4 |   338M |  62 |1327 |1776 |4179 | 170k|  1 |  15k|  22 | 0.000000e+00 |      --      |    Inf |   3.42%
 2740s| 34300 |   411 | 23827k| 627.9 |   339M |  62 |1327 |1774 |4043 | 171k|  1 |  15k|  22 | 0.000000e+00 |      --      |    Inf |   3.42%
 2746s| 34400 |   411 | 23853k| 626.9 |   339M |  62 |1327 |1777 |4002 | 171k|  0 |  15k|  22 | 0.000000e+00 |      --      |    Inf |   3.42%
 2750s| 34500 |   411 | 23869k| 625.7 |   339M |  62 |1327 |1777 |   0 | 171k|  0 |  15k|  22 | 0.000000e+00 |      --      |    Inf |   3.42%
 2755s| 34600 |   412 | 23893k| 624.7 |   340M |  62 |1327 |1777 |4092 | 171k|  1 |  15k|  22 | 0.000000e+00 |      --      |    Inf |   3.42%
 2763s| 34700 |   397 | 23925k| 623.9 |   340M |  62 |1327 |1782 |3981 | 172k|  0 |  15k|  22 | 0.000000e+00 |      --      |    Inf |   3.42%
 2771s| 34800 |   404 | 23958k| 623.1 |   340M |  62 |1327 |1776 |3742 | 172k|  0 |  15k|  22 | 0.000000e+00 |      --      |    Inf |   3.42%
 2776s| 34900 |   407 | 23982k| 622.2 |   340M |  62 |1327 |1776 |3778 | 172k|  0 |  15k|  22 | 0.000000e+00 |      --      |    Inf |   3.42%
 2783s| 35000 |   411 | 24008k| 621.2 |   341M |  62 |1327 |1774 |3815 | 173k|  0 |  15k|  22 | 0.000000e+00 |      --      |    Inf |   3.42%
 2788s| 35100 |   409 | 24031k| 620.2 |   341M |  62 |1327 |1774 |3783 | 173k|  0 |  15k|  22 | 0.000000e+00 |      --      |    Inf |   3.42%
 2794s| 35200 |   409 | 24058k| 619.3 |   341M |  62 |1327 |1774 |3824 | 173k|  0 |  15k|  22 | 0.000000e+00 |      --      |    Inf |   3.42%
 2799s| 35300 |   407 | 24076k| 618.2 |   341M |  62 |1327 |1774 |3760 | 173k|  2 |  15k|  22 | 0.000000e+00 |      --      |    Inf |   3.42%
 time | node  | left  |LP iter|LP it/n|mem/heur|mdpt |vars |cons |rows |cuts |sepa|confs|strbr|  dualbound   | primalbound  |  gap   | compl. 
 2805s| 35400 |   421 | 24101k| 617.2 |   341M |  62 |1327 |1779 |3795 | 174k|  0 |  15k|  22 | 0.000000e+00 |      --      |    Inf |   3.42%
 2812s| 35500 |   417 | 24123k| 616.2 |   343M |  62 |1327 |1779 |3801 | 174k|  2 |  15k|  22 | 0.000000e+00 |      --      |    Inf |   3.42%
 2822s| 35600 |   407 | 24148k| 615.3 |   347M |  62 |1327 |1779 |3791 | 174k|  2 |  15k|  22 | 0.000000e+00 |      --      |    Inf |   3.42%
 2828s| 35700 |   423 | 24176k| 614.4 |   347M |  62 |1327 |1779 |3819 | 175k|  0 |  15k|  22 | 0.000000e+00 |      --      |    Inf |   3.42%
 2836s| 35800 |   416 | 24209k| 613.7 |   347M |  62 |1327 |1778 |3827 | 175k|  0 |  15k|  22 | 0.000000e+00 |      --      |    Inf |   3.42%
 2844s| 35900 |   414 | 24240k| 612.9 |   348M |  62 |1327 |1792 |3893 | 175k|  0 |  15k|  22 | 0.000000e+00 |      --      |    Inf |   3.42%
 2850s| 36000 |   420 | 24268k| 612.1 |   348M |  62 |1327 |1789 |3851 | 176k|  0 |  15k|  22 | 0.000000e+00 |      --      |    Inf |   3.42%
 2858s| 36100 |   410 | 24301k| 611.4 |   349M |  62 |1327 |1789 |3827 | 176k|  0 |  15k|  22 | 0.000000e+00 |      --      |    Inf |   3.42%
 2867s| 36200 |   410 | 24332k| 610.6 |   349M |  62 |1327 |1782 |3821 | 176k|  1 |  15k|  22 | 0.000000e+00 |      --      |    Inf |   3.42%
 2872s| 36300 |   408 | 24353k| 609.6 |   349M |  62 |1327 |1779 |3775 | 177k|  0 |  15k|  22 | 0.000000e+00 |      --      |    Inf |   3.42%
 2877s| 36400 |   408 | 24376k| 608.7 |   349M |  62 |1327 |1778 |   0 | 177k|  0 |  15k|  22 | 0.000000e+00 |      --      |    Inf |   3.42%
 2882s| 36500 |   401 | 24395k| 607.6 |   349M |  62 |1327 |1777 |3791 | 177k|  2 |  16k|  22 | 0.000000e+00 |      --      |    Inf |   3.42%
 2889s| 36600 |   415 | 24422k| 606.8 |   350M |  62 |1327 |1773 |3858 | 178k|  2 |  16k|  22 | 0.000000e+00 |      --      |    Inf |   3.42%
 2893s| 36700 |   411 | 24453k| 606.1 |   351M |  62 |1327 |1773 |3814 | 178k|  2 |  16k|  22 | 0.000000e+00 |      --      |    Inf |   3.42%
 2897s| 36800 |   411 | 24479k| 605.2 |   352M |  62 |1327 |1773 |3826 | 178k|  0 |  16k|  22 | 0.000000e+00 |      --      |    Inf |   3.42%
 time | node  | left  |LP iter|LP it/n|mem/heur|mdpt |vars |cons |rows |cuts |sepa|confs|strbr|  dualbound   | primalbound  |  gap   | compl. 
 2901s| 36900 |   419 | 24509k| 604.5 |   353M |  62 |1327 |1775 |3790 | 179k|  1 |  16k|  22 | 0.000000e+00 |      --      |    Inf |   3.42%
 2905s| 37000 |   417 | 24537k| 603.7 |   354M |  62 |1327 |1774 |3808 | 179k|  2 |  16k|  22 | 0.000000e+00 |      --      |    Inf |   3.42%
 2910s| 37100 |   420 | 24568k| 602.9 |   355M |  62 |1327 |1774 |3803 | 180k|  2 |  16k|  22 | 0.000000e+00 |      --      |    Inf |   3.42%
 2913s| 37200 |   417 | 24598k| 602.2 |   355M |  62 |1327 |1774 |3835 | 180k|  1 |  16k|  22 | 0.000000e+00 |      --      |    Inf |   3.42%
 2919s| 37300 |   417 | 24632k| 601.6 |   356M |  62 |1327 |1774 |3829 | 180k|  0 |  16k|  22 | 0.000000e+00 |      --      |    Inf |   3.42%
 2922s| 37400 |   419 | 24660k| 600.8 |   356M |  62 |1327 |1774 |3777 | 181k|  0 |  16k|  22 | 0.000000e+00 |      --      |    Inf |   3.42%
 2927s| 37500 |   419 | 24695k| 600.1 |   356M |  62 |1327 |1774 |3847 | 181k|  1 |  16k|  22 | 0.000000e+00 |      --      |    Inf |   3.42%
 2932s| 37600 |   410 | 24749k| 600.0 |   356M |  62 |1327 |1787 |3767 | 182k|  2 |  16k|  22 | 0.000000e+00 |      --      |    Inf |   3.42%
 2937s| 37700 |   412 | 24799k| 599.8 |   357M |  62 |1327 |1786 |3960 | 182k|  0 |  16k|  22 | 0.000000e+00 |      --      |    Inf |   3.42%
 2944s| 37800 |   412 | 24863k| 599.9 |   360M |  62 |1327 |1788 |   0 | 183k|  0 |  16k|  22 | 0.000000e+00 |      --      |    Inf |   3.42%
 2951s| 37900 |   412 | 24914k| 599.6 |   364M |  62 |1327 |1786 |4088 | 183k|  0 |  16k|  22 | 0.000000e+00 |      --      |    Inf |   3.42%
 2955s| 38000 |   411 | 24945k| 598.9 |   366M |  62 |1327 |1791 |4069 | 183k|  2 |  16k|  22 | 0.000000e+00 |      --      |    Inf |   3.42%
 2960s| 38100 |   417 | 24982k| 598.4 |   367M |  62 |1327 |1793 |3817 | 184k|  1 |  16k|  22 | 0.000000e+00 |      --      |    Inf |   3.42%
 2964s| 38200 |   415 | 25018k| 597.8 |   367M |  62 |1327 |1793 |3785 | 184k|  2 |  16k|  22 | 0.000000e+00 |      --      |    Inf |   3.42%
 2967s| 38300 |   422 | 25047k| 597.1 |   368M |  62 |1327 |1806 |3812 | 184k|  1 |  16k|  22 | 0.000000e+00 |      --      |    Inf |   3.42%
 time | node  | left  |LP iter|LP it/n|mem/heur|mdpt |vars |cons |rows |cuts |sepa|confs|strbr|  dualbound   | primalbound  |  gap   | compl. 
 2971s| 38400 |   428 | 25069k| 596.2 |   369M |  62 |1327 |1801 |3907 | 185k|  2 |  16k|  22 | 0.000000e+00 |      --      |    Inf |   3.42%
 2975s| 38500 |   421 | 25094k| 595.4 |   370M |  62 |1327 |1817 |3877 | 185k|  2 |  16k|  22 | 0.000000e+00 |      --      |    Inf |   3.42%
 2978s| 38600 |   415 | 25116k| 594.5 |   371M |  62 |1327 |1818 |3751 | 185k|  0 |  16k|  22 | 0.000000e+00 |      --      |    Inf |   3.42%
 2981s| 38700 |   431 | 25138k| 593.6 |   371M |  62 |1327 |1819 |3985 | 186k|  0 |  16k|  22 | 0.000000e+00 |      --      |    Inf |   3.42%
 2984s| 38800 |   432 | 25159k| 592.7 |   372M |  62 |1327 |1815 |4134 | 186k|  2 |  16k|  22 | 0.000000e+00 |      --      |    Inf |   3.42%
 2987s| 38900 |   416 | 25183k| 591.9 |   372M |  62 |1327 |1814 |3861 | 186k|  2 |  16k|  22 | 0.000000e+00 |      --      |    Inf |   3.42%
 2991s| 39000 |   414 | 25212k| 591.2 |   372M |  62 |1327 |1803 |4055 | 186k|  0 |  16k|  22 | 0.000000e+00 |      --      |    Inf |   3.42%
 2996s| 39100 |   411 | 25249k| 590.7 |   372M |  62 |1327 |1786 |4058 | 186k|  0 |  16k|  22 | 0.000000e+00 |      --      |    Inf |   3.42%
 3000s| 39200 |   415 | 25283k| 590.1 |   373M |  62 |1327 |1782 |4098 | 187k|  2 |  16k|  22 | 0.000000e+00 |      --      |    Inf |   3.42%
 3005s| 39300 |   409 | 25318k| 589.5 |   373M |  62 |1327 |1778 |4090 | 187k|  2 |  16k|  22 | 0.000000e+00 |      --      |    Inf |   3.42%
 3009s| 39400 |   407 | 25351k| 588.9 |   373M |  62 |1327 |1777 |3787 | 187k|  2 |  16k|  22 | 0.000000e+00 |      --      |    Inf |   3.42%
 3014s| 39500 |   429 | 25397k| 588.6 |   373M |  62 |1327 |1770 |4417 | 188k|  1 |  16k|  22 | 0.000000e+00 |      --      |    Inf |   3.43%
 3019s| 39600 |   442 | 25427k| 587.9 |   373M |  62 |1327 |1774 |2918 | 188k|  2 |  16k|  22 | 0.000000e+00 |      --      |    Inf |   3.44%
 3023s| 39700 |   472 | 25464k| 587.4 |   373M |  62 |1327 |1760 |3841 | 189k|  2 |  17k|  22 | 0.000000e+00 |      --      |    Inf |   3.46%
 3026s| 39800 |   478 | 25488k| 586.6 |   374M |  62 |1327 |1769 |   0 | 190k|  0 |  17k|  22 | 0.000000e+00 |      --      |    Inf |   3.48%
 time | node  | left  |LP iter|LP it/n|mem/heur|mdpt |vars |cons |rows |cuts |sepa|confs|strbr|  dualbound   | primalbound  |  gap   | compl. 
 3029s| 39900 |   476 | 25510k| 585.8 |   374M |  62 |1327 |1774 |4096 | 190k|  1 |  17k|  22 | 0.000000e+00 |      --      |    Inf |   3.48%
 3032s| 40000 |   478 | 25534k| 585.0 |   376M |  62 |1327 |1791 |4138 | 190k|  0 |  17k|  22 | 0.000000e+00 |      --      |    Inf |   3.48%
 3036s| 40100 |   480 | 25571k| 584.5 |   376M |  62 |1327 |1779 |3202 | 191k|  2 |  17k|  22 | 0.000000e+00 |      --      |    Inf |   3.48%
 3043s| 40200 |   488 | 25623k| 584.4 |   376M |  62 |1327 |1769 |3663 | 191k|  0 |  17k|  22 | 0.000000e+00 |      --      |    Inf |   3.67%
 3052s| 40300 |   493 | 25696k| 584.7 |   377M |  62 |1327 |1747 |4111 | 192k|  0 |  17k|  22 | 0.000000e+00 |      --      |    Inf |   3.68%
 3061s| 40400 |   493 | 25769k| 585.0 |   379M |  62 |1327 |1743 |3595 | 193k|  0 |  17k|  22 | 0.000000e+00 |      --      |    Inf |   3.68%
 3068s| 40500 |   498 | 25830k| 585.1 |   380M |  62 |1327 |1743 |3462 | 194k|  0 |  17k|  22 | 0.000000e+00 |      --      |    Inf |   3.69%
 3074s| 40600 |   502 | 25889k| 585.1 |   380M |  62 |1327 |1739 |3799 | 194k|  2 |  17k|  22 | 0.000000e+00 |      --      |    Inf |   3.70%
 3081s| 40700 |   514 | 25951k| 585.2 |   380M |  62 |1327 |1741 |3920 | 195k|  0 |  17k|  22 | 0.000000e+00 |      --      |    Inf |   3.70%
 3090s| 40800 |   514 | 26020k| 585.4 |   381M |  62 |1327 |1740 |3908 | 196k|  0 |  17k|  22 | 0.000000e+00 |      --      |    Inf |   3.70%
 3097s| 40900 |   514 | 26088k| 585.6 |   382M |  62 |1327 |1738 |4070 | 196k|  0 |  17k|  22 | 0.000000e+00 |      --      |    Inf |   3.70%
 3108s| 41000 |   516 | 26172k| 586.2 |   382M |  62 |1327 |1742 |   0 | 197k|  0 |  17k|  22 | 0.000000e+00 |      --      |    Inf |   3.70%
 3117s| 41100 |   519 | 26239k| 586.4 |   383M |  62 |1327 |1739 |4141 | 197k|  0 |  17k|  22 | 0.000000e+00 |      --      |    Inf |   3.70%
 3124s| 41200 |   522 | 26304k| 586.5 |   384M |  62 |1327 |1763 |4037 | 198k|  2 |  17k|  22 | 0.000000e+00 |      --      |    Inf |   3.70%
 3130s| 41300 |   521 | 26363k| 586.5 |   384M |  62 |1327 |1760 |4219 | 198k|  2 |  17k|  22 | 0.000000e+00 |      --      |    Inf |   3.70%
 time | node  | left  |LP iter|LP it/n|mem/heur|mdpt |vars |cons |rows |cuts |sepa|confs|strbr|  dualbound   | primalbound  |  gap   | compl. 
 3136s| 41400 |   519 | 26408k| 586.2 |   384M |  62 |1327 |1745 |4214 | 198k|  3 |  17k|  22 | 0.000000e+00 |      --      |    Inf |   3.70%
 3139s| 41500 |   515 | 26432k| 585.4 |   384M |  62 |1327 |1745 |4112 | 198k|  0 |  17k|  22 | 0.000000e+00 |      --      |    Inf |   3.70%
 3142s| 41600 |   515 | 26458k| 584.7 |   385M |  62 |1327 |1755 |4142 | 198k|  0 |  17k|  22 | 0.000000e+00 |      --      |    Inf |   3.70%
 3149s| 41700 |   526 | 26522k| 584.8 |   385M |  62 |1327 |1747 |4061 | 199k|  2 |  17k|  22 | 0.000000e+00 |      --      |    Inf |   3.70%
 3154s| 41800 |   523 | 26564k| 584.5 |   385M |  62 |1327 |1747 |4072 | 199k|  0 |  17k|  22 | 0.000000e+00 |      --      |    Inf |   3.70%
 3160s| 41900 |   523 | 26616k| 584.3 |   385M |  62 |1327 |1734 |4099 | 200k|  2 |  17k|  22 | 0.000000e+00 |      --      |    Inf |   3.70%
 3167s| 42000 |   531 | 26678k| 584.4 |   387M |  62 |1327 |1739 |4205 | 200k|  2 |  17k|  22 | 0.000000e+00 |      --      |    Inf |   3.70%
 3173s| 42100 |   527 | 26735k| 584.4 |   387M |  62 |1327 |1739 |4048 | 200k|  2 |  17k|  22 | 0.000000e+00 |      --      |    Inf |   3.70%
 3181s| 42200 |   528 | 26801k| 584.6 |   387M |  62 |1327 |1737 |4112 | 201k|  1 |  17k|  22 | 0.000000e+00 |      --      |    Inf |   3.70%
 3186s| 42300 |   528 | 26843k| 584.2 |   387M |  62 |1327 |1757 |4217 | 201k|  1 |  18k|  22 | 0.000000e+00 |      --      |    Inf |   3.70%
 3193s| 42400 |   535 | 26900k| 584.2 |   389M |  62 |1327 |1745 |4283 | 201k|  1 |  18k|  22 | 0.000000e+00 |      --      |    Inf |   3.70%
 3199s| 42500 |   530 | 26953k| 584.1 |   389M |  62 |1327 |1740 |4107 | 201k|  0 |  18k|  22 | 0.000000e+00 |      --      |    Inf |   3.70%
 3205s| 42600 |   529 | 27008k| 584.0 |   390M |  62 |1327 |1741 |4103 | 201k|  2 |  18k|  22 | 0.000000e+00 |      --      |    Inf |   3.70%
 3213s| 42700 |   535 | 27070k| 584.1 |   390M |  62 |1327 |1730 |3750 | 202k|  2 |  18k|  22 | 0.000000e+00 |      --      |    Inf |   3.70%
 3222s| 42800 |   543 | 27151k| 584.5 |   391M |  62 |1327 |1728 |3059 | 203k|  0 |  18k|  22 | 0.000000e+00 |      --      |    Inf |   3.71%
 time | node  | left  |LP iter|LP it/n|mem/heur|mdpt |vars |cons |rows |cuts |sepa|confs|strbr|  dualbound   | primalbound  |  gap   | compl. 
 3229s| 42900 |   544 | 27211k| 584.6 |   392M |  62 |1327 |1730 |3449 | 204k|  0 |  18k|  22 | 0.000000e+00 |      --      |    Inf |   3.71%
 3237s| 43000 |   541 | 27276k| 584.7 |   393M |  62 |1327 |1731 |3930 | 205k|  1 |  18k|  22 | 0.000000e+00 |      --      |    Inf |   3.72%
 3241s| 43100 |   547 | 27310k| 584.2 |   394M |  62 |1327 |1729 |4036 | 205k|  1 |  18k|  22 | 0.000000e+00 |      --      |    Inf |   3.74%
 3246s| 43200 |   543 | 27347k| 583.7 |   394M |  62 |1327 |1734 |3875 | 205k|  1 |  18k|  22 | 0.000000e+00 |      --      |    Inf |   3.75%
 3251s| 43300 |   549 | 27383k| 583.2 |   397M |  62 |1327 |1738 |3969 | 206k|  2 |  18k|  22 | 0.000000e+00 |      --      |    Inf |   3.76%
 3256s| 43400 |   552 | 27428k| 583.0 |   397M |  62 |1327 |1749 |   0 | 206k|  0 |  18k|  22 | 0.000000e+00 |      --      |    Inf |   3.76%
 3262s| 43500 |   549 | 27480k| 582.9 |   397M |  62 |1327 |1742 |2957 | 207k|  0 |  18k|  22 | 0.000000e+00 |      --      |    Inf |   3.77%
 3268s| 43600 |   555 | 27528k| 582.6 |   397M |  62 |1327 |1736 |4383 | 208k|  2 |  18k|  22 | 0.000000e+00 |      --      |    Inf |   3.78%
 3272s| 43700 |   558 | 27566k| 582.2 |   398M |  62 |1327 |1741 |3815 | 208k|  0 |  18k|  22 | 0.000000e+00 |      --      |    Inf |   3.78%
 3277s| 43800 |   556 | 27613k| 582.0 |   398M |  62 |1327 |1741 |3930 | 208k|  2 |  18k|  22 | 0.000000e+00 |      --      |    Inf |   3.78%
 3281s| 43900 |   555 | 27650k| 581.5 |   398M |  62 |1327 |1740 |3834 | 209k|  0 |  18k|  22 | 0.000000e+00 |      --      |    Inf |   3.78%
 3285s| 44000 |   553 | 27676k| 580.8 |   399M |  62 |1327 |1746 |4659 | 209k|  2 |  18k|  22 | 0.000000e+00 |      --      |    Inf |   8.91%
 3289s| 44100 |   551 | 27706k| 580.2 |   400M |  62 |1327 |1743 |4629 | 209k|  0 |  18k|  22 | 0.000000e+00 |      --      |    Inf |   9.28%
 3294s| 44200 |   549 | 27738k| 579.7 |   402M |  62 |1327 |1744 |4344 | 209k|  2 |  18k|  22 | 0.000000e+00 |      --      |    Inf |   9.28%
 3297s| 44300 |   551 | 27771k| 579.2 |   402M |  62 |1327 |1745 |3189 | 210k|  0 |  19k|  22 | 0.000000e+00 |      --      |    Inf |   9.29%
 time | node  | left  |LP iter|LP it/n|mem/heur|mdpt |vars |cons |rows |cuts |sepa|confs|strbr|  dualbound   | primalbound  |  gap   | compl. 
 3301s| 44400 |   553 | 27800k| 578.6 |   402M |  62 |1327 |1762 |2941 | 210k|  0 |  19k|  22 | 0.000000e+00 |      --      |    Inf |   9.33%
 3305s| 44500 |   571 | 27839k| 578.2 |   402M |  62 |1327 |1770 |3943 | 211k|  0 |  19k|  22 | 0.000000e+00 |      --      |    Inf |   9.34%
 3308s| 44600 |   587 | 27862k| 577.5 |   402M |  62 |1327 |1770 |3968 | 211k|  0 |  19k|  22 | 0.000000e+00 |      --      |    Inf |   9.34%
 3309s| 44700 |   586 | 27873k| 576.5 |   404M |  62 |1327 |1770 |   0 | 212k|  0 |  19k|  22 | 0.000000e+00 |      --      |    Inf |   9.34%
 3311s| 44800 |   580 | 27887k| 575.6 |   404M |  62 |1327 |1765 |3956 | 212k|  1 |  19k|  22 | 0.000000e+00 |      --      |    Inf |   9.34%
 3314s| 44900 |   580 | 27907k| 574.8 |   404M |  62 |1327 |1766 |3392 | 212k|  0 |  19k|  22 | 0.000000e+00 |      --      |    Inf |   9.34%
 3317s| 45000 |   584 | 27932k| 574.2 |   404M |  62 |1327 |1758 |3455 | 213k|  1 |  19k|  22 | 0.000000e+00 |      --      |    Inf |   9.34%
 3320s| 45100 |   586 | 27961k| 573.6 |   404M |  62 |1327 |1754 |3534 | 213k|  2 |  19k|  22 | 0.000000e+00 |      --      |    Inf |   9.34%
 3324s| 45200 |   582 | 27988k| 572.9 |   405M |  62 |1327 |1753 |3505 | 213k|  0 |  19k|  22 | 0.000000e+00 |      --      |    Inf |   9.34%
 3328s| 45300 |   576 | 28015k| 572.3 |   408M |  62 |1327 |1753 |3578 | 213k|  0 |  19k|  22 | 0.000000e+00 |      --      |    Inf |   9.34%
 3333s| 45400 |   582 | 28062k| 572.1 |   408M |  62 |1327 |1767 |3739 | 214k|  1 |  19k|  22 | 0.000000e+00 |      --      |    Inf |   9.35%
 3337s| 45500 |   582 | 28086k| 571.5 |   408M |  62 |1327 |1759 |4077 | 214k|  0 |  19k|  22 | 0.000000e+00 |      --      |    Inf |   9.35%
 3341s| 45600 |   585 | 28124k| 571.1 |   409M |  62 |1327 |1754 |3603 | 215k|  0 |  19k|  22 | 0.000000e+00 |      --      |    Inf |   9.37%
 3344s| 45700 |   586 | 28152k| 570.5 |   409M |  62 |1327 |1757 |3050 | 215k|  1 |  19k|  22 | 0.000000e+00 |      --      |    Inf |   9.38%
 3346s| 45800 |   586 | 28169k| 569.7 |   409M |  62 |1327 |1761 |4236 | 216k|  2 |  19k|  22 | 0.000000e+00 |      --      |    Inf |   9.40%
 time | node  | left  |LP iter|LP it/n|mem/heur|mdpt |vars |cons |rows |cuts |sepa|confs|strbr|  dualbound   | primalbound  |  gap   | compl. 
 3351s| 45900 |   586 | 28195k| 569.0 |   412M |  62 |1327 |1757 |   0 | 216k|  0 |  19k|  22 | 0.000000e+00 |      --      |    Inf |   9.41%
 3352s| 46000 |   593 | 28208k| 568.2 |   412M |  62 |1327 |1749 |3064 | 217k|  2 |  19k|  22 | 0.000000e+00 |      --      |    Inf |   9.63%
 3355s| 46100 |   595 | 28222k| 567.3 |   414M |  62 |1327 |1748 |4291 | 217k|  2 |  19k|  22 | 0.000000e+00 |      --      |    Inf |   9.64%
 3358s| 46200 |   588 | 28246k| 566.6 |   415M |  62 |1327 |1747 |2900 | 217k|  2 |  19k|  22 | 0.000000e+00 |      --      |    Inf |   9.73%
 3365s| 46300 |   598 | 28302k| 566.6 |   415M |  62 |1327 |1755 |3429 | 219k|  0 |  19k|  22 | 0.000000e+00 |      --      |    Inf |   9.74%
 3373s| 46400 |   601 | 28362k| 566.7 |   415M |  62 |1327 |1754 |4034 | 220k|  1 |  19k|  22 | 0.000000e+00 |      --      |    Inf |   9.74%
 3378s| 46500 |   602 | 28405k| 566.4 |   416M |  62 |1327 |1749 |4070 | 221k|  2 |  20k|  22 | 0.000000e+00 |      --      |    Inf |   9.74%
 3384s| 46600 |   598 | 28460k| 566.4 |   417M |  62 |1327 |1749 |4438 | 222k|  2 |  20k|  22 | 0.000000e+00 |      --      |    Inf |   9.75%
 3388s| 46700 |   597 | 28484k| 565.7 |   417M |  62 |1327 |1757 |3449 | 222k|  0 |  20k|  22 | 0.000000e+00 |      --      |    Inf |   9.75%
 3391s| 46800 |   600 | 28508k| 565.1 |   417M |  62 |1327 |1759 |3593 | 222k|  2 |  20k|  22 | 0.000000e+00 |      --      |    Inf |   9.77%
 3394s| 46900 |   578 | 28536k| 564.5 |   417M |  62 |1327 |1754 |3563 | 223k|  0 |  20k|  22 | 0.000000e+00 |      --      |    Inf |   9.81%
 3399s| 47000 |   587 | 28572k| 564.1 |   417M |  62 |1327 |1753 |3852 | 223k|  2 |  20k|  22 | 0.000000e+00 |      --      |    Inf |   9.84%
 3403s| 47100 |   585 | 28599k| 563.5 |   418M |  62 |1327 |1753 |3483 | 223k|  1 |  20k|  22 | 0.000000e+00 |      --      |    Inf |   9.85%
 3408s| 47200 |   579 | 28632k| 563.1 |   419M |  62 |1327 |1759 |4691 | 224k|  0 |  20k|  22 | 0.000000e+00 |      --      |    Inf |   9.97%
 3410s| 47300 |   579 | 28650k| 562.3 |   419M |  62 |1327 |1764 |4707 | 224k|  0 |  20k|  22 | 0.000000e+00 |      --      |    Inf |  10.00%
 time | node  | left  |LP iter|LP it/n|mem/heur|mdpt |vars |cons |rows |cuts |sepa|confs|strbr|  dualbound   | primalbound  |  gap   | compl. 
 3413s| 47400 |   576 | 28675k| 561.7 |   419M |  62 |1327 |1768 |3949 | 224k|  0 |  20k|  22 | 0.000000e+00 |      --      |    Inf |  10.01%
 3419s| 47500 |   587 | 28723k| 561.6 |   420M |  62 |1327 |1755 |3419 | 225k|  2 |  20k|  22 | 0.000000e+00 |      --      |    Inf |  10.70%
 3425s| 47600 |   583 | 28775k| 561.5 |   420M |  62 |1327 |1754 |4254 | 226k|  2 |  20k|  22 | 0.000000e+00 |      --      |    Inf |  10.71%
 3434s| 47700 |   589 | 28859k| 562.0 |   420M |  62 |1327 |1748 |   0 | 228k|  0 |  20k|  22 | 0.000000e+00 |      --      |    Inf |  10.72%
 3442s| 47800 |   600 | 28923k| 562.2 |   420M |  62 |1327 |1751 |3830 | 228k|  0 |  20k|  22 | 0.000000e+00 |      --      |    Inf |  10.82%
 3448s| 47900 |   611 | 28973k| 562.1 |   421M |  62 |1327 |1751 |3812 | 229k|  2 |  20k|  22 | 0.000000e+00 |      --      |    Inf |  10.82%
 3453s| 48000 |   605 | 29024k| 561.9 |   421M |  62 |1327 |1747 |3843 | 229k|  2 |  20k|  22 | 0.000000e+00 |      --      |    Inf |  10.82%
 3461s| 48100 |   604 | 29083k| 562.0 |   421M |  62 |1327 |1744 |4032 | 230k|  0 |  20k|  22 | 0.000000e+00 |      --      |    Inf |  10.82%
 3468s| 48200 |   600 | 29152k| 562.3 |   421M |  62 |1327 |1741 |3986 | 230k|  2 |  21k|  22 | 0.000000e+00 |      --      |    Inf |  10.82%
 3482s| 48300 |   603 | 29275k| 563.5 |   421M |  62 |1327 |1737 |4049 | 230k|  1 |  21k|  22 | 0.000000e+00 |      --      |    Inf |  10.82%
 3490s| 48400 |   599 | 29346k| 563.8 |   422M |  62 |1327 |1738 |   0 | 231k|  0 |  21k|  22 | 0.000000e+00 |      --      |    Inf |  10.87%
 3498s| 48500 |   609 | 29420k| 564.2 |   422M |  62 |1327 |1748 |3393 | 233k|  2 |  21k|  22 | 0.000000e+00 |      --      |    Inf |  10.91%
 3509s| 48600 |   623 | 29514k| 564.9 |   422M |  62 |1327 |1745 |   0 | 234k|  0 |  21k|  22 | 0.000000e+00 |      --      |    Inf |  10.91%
 3518s| 48700 |   632 | 29591k| 565.3 |   423M |  62 |1327 |1745 |4369 | 234k|  2 |  21k|  22 | 0.000000e+00 |      --      |    Inf |  10.91%
 3529s| 48800 |   614 | 29674k| 565.8 |   427M |  62 |1327 |1749 |3122 | 235k|  0 |  21k|  22 | 0.000000e+00 |      --      |    Inf |  11.00%
 time | node  | left  |LP iter|LP it/n|mem/heur|mdpt |vars |cons |rows |cuts |sepa|confs|strbr|  dualbound   | primalbound  |  gap   | compl. 
 3535s| 48900 |   617 | 29733k| 565.8 |   427M |  62 |1327 |1748 |3106 | 236k|  0 |  21k|  22 | 0.000000e+00 |      --      |    Inf |  11.02%
 3543s| 49000 |   619 | 29798k| 566.0 |   427M |  62 |1327 |1749 |4728 | 237k|  0 |  21k|  22 | 0.000000e+00 |      --      |    Inf |  11.05%
 3552s| 49100 |   625 | 29867k| 566.2 |   430M |  62 |1327 |1754 |4768 | 237k|  1 |  21k|  22 | 0.000000e+00 |      --      |    Inf |  11.05%
 3562s| 49200 |   621 | 29944k| 566.6 |   431M |  62 |1327 |1754 |4783 | 237k|  0 |  21k|  22 | 0.000000e+00 |      --      |    Inf |  11.05%
 3572s| 49300 |   623 | 30015k| 566.9 |   433M |  62 |1327 |1755 |4728 | 237k|  0 |  21k|  22 | 0.000000e+00 |      --      |    Inf |  11.05%
 3582s| 49400 |   625 | 30094k| 567.3 |   435M |  62 |1327 |1752 |4807 | 237k|  0 |  21k|  22 | 0.000000e+00 |      --      |    Inf |  11.05%
 3594s| 49500 |   621 | 30177k| 567.8 |   439M |  62 |1327 |1747 |4792 | 237k|  1 |  21k|  22 | 0.000000e+00 |      --      |    Inf |  11.05%
 3599s| 49600 |   621 | 30212k| 567.4 |   440M |  62 |1327 |1744 |4789 | 237k|  1 |  21k|  22 | 0.000000e+00 |      --      |    Inf |  11.05%
 3604s| 49700 |   615 | 30246k| 567.0 |   441M |  62 |1327 |1746 |4750 | 238k|  1 |  21k|  22 | 0.000000e+00 |      --      |    Inf |  11.05%
 3610s| 49800 |   616 | 30294k| 566.8 |   443M |  62 |1327 |1740 |4710 | 238k|  0 |  21k|  22 | 0.000000e+00 |      --      |    Inf |  11.27%
 3616s| 49900 |   620 | 30322k| 566.3 |   450M |  62 |1327 |1742 |4706 | 238k|  1 |  22k|  22 | 0.000000e+00 |      --      |    Inf |  11.30%
 3619s| 50000 |   618 | 30350k| 565.7 |   451M |  62 |1327 |1744 |2845 | 238k|  2 |  22k|  22 | 0.000000e+00 |      --      |    Inf |  11.30%
 3622s| 50100 |   617 | 30374k| 565.1 |   451M |  62 |1327 |1735 |2928 | 239k|  1 |  22k|  22 | 0.000000e+00 |      --      |    Inf |  11.32%
 3626s| 50200 |   619 | 30401k| 564.6 |   451M |  62 |1327 |1732 |3968 | 239k|  1 |  22k|  22 | 0.000000e+00 |      --      |    Inf |  11.33%
 3630s| 50300 |   612 | 30424k| 563.9 |   451M |  62 |1327 |1732 |4052 | 240k|  0 |  22k|  22 | 0.000000e+00 |      --      |    Inf |  11.35%
 time | node  | left  |LP iter|LP it/n|mem/heur|mdpt |vars |cons |rows |cuts |sepa|confs|strbr|  dualbound   | primalbound  |  gap   | compl. 
 3634s| 50400 |   616 | 30451k| 563.4 |   452M |  62 |1327 |1733 |4676 | 240k|  2 |  22k|  22 | 0.000000e+00 |      --      |    Inf |  11.42%
 3637s| 50500 |   616 | 30474k| 562.8 |   452M |  62 |1327 |1733 |4676 | 240k|  1 |  22k|  22 | 0.000000e+00 |      --      |    Inf |  11.42%
 3639s| 50600 |   615 | 30498k| 562.2 |   453M |  62 |1327 |1733 |4705 | 240k|  0 |  22k|  22 | 0.000000e+00 |      --      |    Inf |  11.42%
 3642s| 50700 |   617 | 30520k| 561.6 |   453M |  62 |1327 |1730 |4657 | 240k|  0 |  22k|  22 | 0.000000e+00 |      --      |    Inf |  11.42%
 3645s| 50800 |   621 | 30540k| 560.9 |   453M |  62 |1327 |1730 |4684 | 240k|  1 |  22k|  22 | 0.000000e+00 |      --      |    Inf |  11.42%
 3647s| 50900 |   617 | 30564k| 560.3 |   453M |  62 |1327 |1730 |4655 | 240k|  0 |  22k|  22 | 0.000000e+00 |      --      |    Inf |  11.42%
 3650s| 51000 |   619 | 30588k| 559.7 |   453M |  62 |1327 |1730 |4698 | 241k|  0 |  22k|  22 | 0.000000e+00 |      --      |    Inf |  11.42%
 3653s| 51100 |   617 | 30609k| 559.1 |   453M |  62 |1327 |1730 |4662 | 241k|  0 |  22k|  22 | 0.000000e+00 |      --      |    Inf |  11.42%
 3656s| 51200 |   617 | 30637k| 558.6 |   453M |  62 |1327 |1730 |3718 | 241k|  0 |  22k|  22 | 0.000000e+00 |      --      |    Inf |  11.42%
 3663s| 51300 |   632 | 30688k| 558.5 |   454M |  62 |1327 |1732 |3727 | 241k|  0 |  22k|  22 | 0.000000e+00 |      --      |    Inf |  11.42%
 3667s| 51400 |   635 | 30718k| 558.0 |   454M |  62 |1327 |1729 |4657 | 241k|  1 |  22k|  22 | 0.000000e+00 |      --      |    Inf |  11.42%
 3669s| 51500 |   626 | 30738k| 557.4 |   454M |  62 |1327 |1727 |3693 | 242k|  2 |  22k|  22 | 0.000000e+00 |      --      |    Inf |  11.42%
 3676s| 51600 |   634 | 30795k| 557.4 |   454M |  62 |1327 |1726 |2935 | 243k|  2 |  22k|  22 | 0.000000e+00 |      --      |    Inf |  11.43%
 3679s| 51700 |   649 | 30829k| 557.0 |   454M |  62 |1327 |1724 |3140 | 244k|  2 |  22k|  22 | 0.000000e+00 |      --      |    Inf |  11.43%
 3681s| 51800 |   652 | 30842k| 556.2 |   454M |  62 |1327 |1724 |3171 | 244k|  0 |  22k|  22 | 0.000000e+00 |      --      |    Inf |  11.43%
 time | node  | left  |LP iter|LP it/n|mem/heur|mdpt |vars |cons |rows |cuts |sepa|confs|strbr|  dualbound   | primalbound  |  gap   | compl. 
 3682s| 51900 |   653 | 30854k| 555.4 |   454M |  62 |1327 |1724 |3128 | 245k|  0 |  22k|  22 | 0.000000e+00 |      --      |    Inf |  11.43%
 3684s| 52000 |   658 | 30869k| 554.7 |   454M |  62 |1327 |1728 |   0 | 245k|  0 |  22k|  22 | 0.000000e+00 |      --      |    Inf |  11.43%
 3686s| 52100 |   656 | 30885k| 554.0 |   456M |  62 |1327 |1727 |   0 | 246k|  0 |  22k|  22 | 0.000000e+00 |      --      |    Inf |  11.43%
 3688s| 52200 |   654 | 30905k| 553.4 |   457M |  62 |1327 |1727 |   0 | 246k|  0 |  22k|  22 | 0.000000e+00 |      --      |    Inf |  11.43%
 3690s| 52300 |   661 | 30926k| 552.7 |   457M |  62 |1327 |1725 |   0 | 247k|  0 |  22k|  22 | 0.000000e+00 |      --      |    Inf |  11.43%
 3692s| 52400 |   663 | 30942k| 552.1 |   458M |  62 |1327 |1727 |3171 | 247k|  0 |  22k|  22 | 0.000000e+00 |      --      |    Inf |  11.43%
 3694s| 52500 |   660 | 30968k| 551.5 |   458M |  62 |1327 |1727 |3194 | 247k|  2 |  22k|  22 | 0.000000e+00 |      --      |    Inf |  11.43%
 3697s| 52600 |   658 | 30991k| 551.0 |   458M |  62 |1327 |1737 |3213 | 248k|  2 |  22k|  22 | 0.000000e+00 |      --      |    Inf |  11.43%
 3700s| 52700 |   650 | 31017k| 550.5 |   460M |  62 |1327 |1741 |3172 | 248k|  2 |  22k|  22 | 0.000000e+00 |      --      |    Inf |  11.43%
 3703s| 52800 |   650 | 31051k| 550.1 |   460M |  62 |1327 |1741 |3287 | 249k|  2 |  22k|  22 | 0.000000e+00 |      --      |    Inf |  11.43%
 3710s| 52900 |   666 | 31118k| 550.3 |   460M |  62 |1327 |1732 |3473 | 250k|  2 |  22k|  22 | 0.000000e+00 |      --      |    Inf |  11.43%
 3716s| 53000 |   673 | 31177k| 550.4 |   460M |  62 |1327 |1726 |3196 | 251k|  0 |  22k|  22 | 0.000000e+00 |      --      |    Inf |  11.43%
 3719s| 53100 |   689 | 31209k| 549.9 |   460M |  62 |1327 |1735 |3100 | 252k|  2 |  22k|  22 | 0.000000e+00 |      --      |    Inf |  11.43%
 3724s| 53200 |   702 | 31253k| 549.8 |   461M |  62 |1327 |1735 |3355 | 253k|  2 |  22k|  22 | 0.000000e+00 |      --      |    Inf |  11.43%
 3729s| 53300 |   703 | 31311k| 549.8 |   462M |  62 |1327 |1732 |3394 | 254k|  2 |  23k|  22 | 0.000000e+00 |      --      |    Inf |  11.43%
 time | node  | left  |LP iter|LP it/n|mem/heur|mdpt |vars |cons |rows |cuts |sepa|confs|strbr|  dualbound   | primalbound  |  gap   | compl. 
 3735s| 53400 |   705 | 31374k| 549.9 |   462M |  62 |1327 |1729 |3244 | 255k|  2 |  23k|  22 | 0.000000e+00 |      --      |    Inf |  11.43%
 3739s| 53500 |   711 | 31397k| 549.4 |   463M |  62 |1327 |1731 |3227 | 256k|  1 |  23k|  22 | 0.000000e+00 |      --      |    Inf |  11.43%
 3741s| 53600 |   711 | 31419k| 548.8 |   464M |  62 |1327 |1731 |3233 | 256k|  2 |  23k|  22 | 0.000000e+00 |      --      |    Inf |  11.43%
 3744s| 53700 |   704 | 31445k| 548.3 |   464M |  62 |1327 |1732 |3143 | 256k|  2 |  23k|  22 | 0.000000e+00 |      --      |    Inf |  11.43%
 3747s| 53800 |   702 | 31475k| 547.9 |   465M |  62 |1327 |1746 |3115 | 257k|  1 |  23k|  22 | 0.000000e+00 |      --      |    Inf |  11.43%
 3752s| 53900 |   703 | 31513k| 547.6 |   466M |  62 |1327 |1733 |3181 | 257k|  0 |  23k|  22 | 0.000000e+00 |      --      |    Inf |  11.43%
 3757s| 54000 |   705 | 31555k| 547.4 |   467M |  62 |1327 |1732 |3258 | 258k|  2 |  23k|  22 | 0.000000e+00 |      --      |    Inf |  11.43%
 3761s| 54100 |   721 | 31590k| 547.0 |   467M |  62 |1327 |1763 |3246 | 259k|  2 |  23k|  22 | 0.000000e+00 |      --      |    Inf |  11.43%
 3765s| 54200 |   728 | 31623k| 546.7 |   468M |  62 |1327 |1766 |3352 | 259k|  0 |  23k|  22 | 0.000000e+00 |      --      |    Inf |  11.43%
 3769s| 54300 |   728 | 31654k| 546.2 |   469M |  62 |1327 |1763 |3268 | 260k|  0 |  23k|  22 | 0.000000e+00 |      --      |    Inf |  11.43%
 3773s| 54400 |   734 | 31693k| 546.0 |   469M |  62 |1327 |1764 |3255 | 261k|  2 |  23k|  22 | 0.000000e+00 |      --      |    Inf |  11.43%
 3778s| 54500 |   722 | 31731k| 545.7 |   471M |  62 |1327 |1764 |3455 | 261k|  2 |  23k|  22 | 0.000000e+00 |      --      |    Inf |  11.43%
 3781s| 54600 |   729 | 31757k| 545.2 |   472M |  62 |1327 |1754 |3252 | 262k|  2 |  23k|  22 | 0.000000e+00 |      --      |    Inf |  11.43%
 3785s| 54700 |   729 | 31785k| 544.7 |   472M |  62 |1327 |1739 |3148 | 262k|  2 |  23k|  22 | 0.000000e+00 |      --      |    Inf |  11.43%
 3788s| 54800 |   735 | 31809k| 544.2 |   473M |  62 |1327 |1735 |   0 | 263k|  0 |  23k|  22 | 0.000000e+00 |      --      |    Inf |  11.43%
 time | node  | left  |LP iter|LP it/n|mem/heur|mdpt |vars |cons |rows |cuts |sepa|confs|strbr|  dualbound   | primalbound  |  gap   | compl. 
 3791s| 54900 |   721 | 31842k| 543.9 |   473M |  62 |1327 |1739 |3173 | 263k|  1 |  23k|  22 | 0.000000e+00 |      --      |    Inf |  11.43%
 3794s| 55000 |   723 | 31857k| 543.2 |   475M |  62 |1327 |1741 |3395 | 264k|  2 |  23k|  22 | 0.000000e+00 |      --      |    Inf |  11.43%
 3798s| 55100 |   726 | 31886k| 542.7 |   475M |  62 |1327 |1742 |3244 | 264k|  2 |  23k|  22 | 0.000000e+00 |      --      |    Inf |  11.43%
 3802s| 55200 |   724 | 31912k| 542.3 |   476M |  62 |1327 |1740 |3292 | 265k|  0 |  23k|  22 | 0.000000e+00 |      --      |    Inf |  11.43%
 3805s| 55300 |   723 | 31937k| 541.8 |   476M |  62 |1327 |1746 |3231 | 265k|  2 |  23k|  22 | 0.000000e+00 |      --      |    Inf |  11.43%
 3809s| 55400 |   711 | 31970k| 541.4 |   476M |  62 |1327 |1742 |3553 | 265k|  0 |  23k|  22 | 0.000000e+00 |      --      |    Inf |  11.43%
 3813s| 55500 |   703 | 31997k| 541.0 |   476M |  62 |1327 |1732 |3280 | 266k|  2 |  24k|  22 | 0.000000e+00 |      --      |    Inf |  11.43%
 3816s| 55600 |   695 | 32024k| 540.5 |   477M |  62 |1327 |1730 |3359 | 266k|  0 |  24k|  22 | 0.000000e+00 |      --      |    Inf |  11.43%
 3819s| 55700 |   685 | 32053k| 540.1 |   477M |  62 |1327 |1741 |3169 | 267k|  2 |  24k|  22 | 0.000000e+00 |      --      |    Inf |  11.43%
 3823s| 55800 |   683 | 32080k| 539.6 |   477M |  62 |1327 |1740 |3127 | 267k|  0 |  24k|  22 | 0.000000e+00 |      --      |    Inf |  11.43%
 3826s| 55900 |   688 | 32108k| 539.2 |   477M |  62 |1327 |1746 |3096 | 268k|  0 |  24k|  22 | 0.000000e+00 |      --      |    Inf |  11.43%
 3831s| 56000 |   690 | 32157k| 539.1 |   477M |  62 |1327 |1748 |3294 | 269k|  0 |  24k|  22 | 0.000000e+00 |      --      |    Inf |  11.43%
 3836s| 56100 |   699 | 32208k| 539.0 |   478M |  62 |1327 |1736 |3297 | 270k|  1 |  24k|  22 | 0.000000e+00 |      --      |    Inf |  11.43%
 3842s| 56200 |   711 | 32267k| 539.1 |   478M |  62 |1327 |1732 |3420 | 270k|  2 |  24k|  22 | 0.000000e+00 |      --      |    Inf |  11.43%
 3850s| 56300 |   721 | 32343k| 539.5 |   479M |  62 |1327 |1731 |3351 | 271k|  0 |  24k|  22 | 0.000000e+00 |      --      |    Inf |  11.43%
 time | node  | left  |LP iter|LP it/n|mem/heur|mdpt |vars |cons |rows |cuts |sepa|confs|strbr|  dualbound   | primalbound  |  gap   | compl. 
 3854s| 56400 |   726 | 32390k| 539.4 |   479M |  62 |1327 |1731 |   0 | 272k|  0 |  24k|  22 | 0.000000e+00 |      --      |    Inf |  11.43%
 3861s| 56500 |   727 | 32452k| 539.5 |   479M |  62 |1327 |1731 |3502 | 272k|  0 |  24k|  22 | 0.000000e+00 |      --      |    Inf |  11.43%
 3866s| 56600 |   719 | 32503k| 539.5 |   480M |  62 |1327 |1732 |   0 | 273k|  0 |  24k|  22 | 0.000000e+00 |      --      |    Inf |  11.43%
 3871s| 56700 |   738 | 32548k| 539.3 |   480M |  62 |1327 |1734 |   0 | 273k|  0 |  24k|  22 | 0.000000e+00 |      --      |    Inf |  11.43%
 3875s| 56800 |   721 | 32585k| 539.1 |   480M |  62 |1327 |1736 |3517 | 274k|  0 |  24k|  22 | 0.000000e+00 |      --      |    Inf |  11.43%
 3878s| 56900 |   726 | 32612k| 538.6 |   481M |  62 |1327 |1762 |3148 | 274k|  2 |  24k|  22 | 0.000000e+00 |      --      |    Inf |  11.43%
 3880s| 57000 |   718 | 32629k| 538.0 |   482M |  62 |1327 |1762 |3412 | 275k|  0 |  24k|  22 | 0.000000e+00 |      --      |    Inf |  11.43%
 3882s| 57100 |   711 | 32646k| 537.4 |   482M |  62 |1327 |1780 |3074 | 275k|  2 |  24k|  22 | 0.000000e+00 |      --      |    Inf |  11.43%
 3886s| 57200 |   701 | 32673k| 537.0 |   482M |  62 |1327 |1781 |3608 | 275k|  2 |  24k|  22 | 0.000000e+00 |      --      |    Inf |  11.43%
 3889s| 57300 |   687 | 32696k| 536.4 |   483M |  62 |1327 |1751 |3581 | 276k|  0 |  24k|  22 | 0.000000e+00 |      --      |    Inf |  11.43%
 3892s| 57400 |   677 | 32721k| 536.0 |   483M |  62 |1327 |1748 |3258 | 276k|  2 |  24k|  22 | 0.000000e+00 |      --      |    Inf |  11.43%
 3894s| 57500 |   667 | 32742k| 535.4 |   483M |  62 |1327 |1742 |   0 | 276k|  0 |  25k|  22 | 0.000000e+00 |      --      |    Inf |  11.43%
 3897s| 57600 |   655 | 32769k| 535.0 |   483M |  62 |1327 |1753 |3264 | 277k|  2 |  25k|  22 | 0.000000e+00 |      --      |    Inf |  11.43%
 3903s| 57700 |   659 | 32811k| 534.8 |   485M |  62 |1327 |1740 |4622 | 277k|  0 |  25k|  22 | 0.000000e+00 |      --      |    Inf |  11.60%
 3908s| 57800 |   664 | 32852k| 534.6 |   485M |  62 |1327 |1740 |3698 | 278k|  2 |  25k|  22 | 0.000000e+00 |      --      |    Inf |  11.61%
 time | node  | left  |LP iter|LP it/n|mem/heur|mdpt |vars |cons |rows |cuts |sepa|confs|strbr|  dualbound   | primalbound  |  gap   | compl. 
 3912s| 57900 |   663 | 32883k| 534.3 |   485M |  62 |1327 |1732 |3367 | 278k|  2 |  25k|  22 | 0.000000e+00 |      --      |    Inf |  11.62%
 3917s| 58000 |   667 | 32930k| 534.2 |   485M |  62 |1327 |1743 |4204 | 279k|  1 |  25k|  22 | 0.000000e+00 |      --      |    Inf |  11.63%
 3921s| 58100 |   663 | 32963k| 533.8 |   485M |  62 |1327 |1770 |3150 | 279k|  2 |  25k|  22 | 0.000000e+00 |      --      |    Inf |  11.77%
 3927s| 58200 |   664 | 33004k| 533.6 |   486M |  62 |1327 |1746 |   0 | 280k|  0 |  25k|  22 | 0.000000e+00 |      --      |    Inf |  12.02%
 3931s| 58300 |   664 | 33031k| 533.2 |   486M |  62 |1327 |1749 |   0 | 281k|  0 |  25k|  22 | 0.000000e+00 |      --      |    Inf |  12.25%
 3935s| 58400 |   671 | 33062k| 532.8 |   486M |  62 |1327 |1748 |3077 | 282k|  0 |  25k|  22 | 0.000000e+00 |      --      |    Inf |  12.30%
 3939s| 58500 |   677 | 33100k| 532.6 |   487M |  62 |1327 |1752 |3118 | 283k|  2 |  25k|  22 | 0.000000e+00 |      --      |    Inf |  12.30%
 3943s| 58600 |   681 | 33140k| 532.4 |   487M |  62 |1327 |1750 |3182 | 283k|  0 |  25k|  22 | 0.000000e+00 |      --      |    Inf |  12.30%
 3947s| 58700 |   682 | 33179k| 532.2 |   487M |  62 |1327 |1750 |3259 | 284k|  1 |  25k|  22 | 0.000000e+00 |      --      |    Inf |  12.30%
 3952s| 58800 |   684 | 33226k| 532.0 |   487M |  62 |1327 |1749 |3263 | 284k|  0 |  25k|  22 | 0.000000e+00 |      --      |    Inf |  12.30%
 3957s| 58900 |   689 | 33271k| 531.9 |   487M |  62 |1327 |1747 |3245 | 285k|  0 |  25k|  22 | 0.000000e+00 |      --      |    Inf |  12.30%
 3962s| 59000 |   685 | 33321k| 531.9 |   487M |  62 |1327 |1748 |3253 | 285k|  0 |  25k|  22 | 0.000000e+00 |      --      |    Inf |  12.30%
 3967s| 59100 |   681 | 33371k| 531.8 |   487M |  62 |1327 |1747 |3264 | 286k|  2 |  26k|  22 | 0.000000e+00 |      --      |    Inf |  12.30%
 3973s| 59200 |   682 | 33423k| 531.8 |   487M |  62 |1327 |1745 |3263 | 286k|  0 |  26k|  22 | 0.000000e+00 |      --      |    Inf |  12.30%
 3978s| 59300 |   681 | 33471k| 531.7 |   487M |  62 |1327 |1745 |3206 | 287k|  0 |  26k|  22 | 0.000000e+00 |      --      |    Inf |  12.30%
 time | node  | left  |LP iter|LP it/n|mem/heur|mdpt |vars |cons |rows |cuts |sepa|confs|strbr|  dualbound   | primalbound  |  gap   | compl. 
 3982s| 59400 |   685 | 33517k| 531.6 |   487M |  62 |1327 |1745 |3204 | 287k|  2 |  26k|  22 | 0.000000e+00 |      --      |    Inf |  12.30%
 3987s| 59500 |   684 | 33560k| 531.4 |   487M |  62 |1327 |1745 |3244 | 288k|  2 |  26k|  22 | 0.000000e+00 |      --      |    Inf |  12.30%
 3991s| 59600 |   684 | 33608k| 531.4 |   487M |  62 |1327 |1745 |3235 | 288k|  2 |  26k|  22 | 0.000000e+00 |      --      |    Inf |  12.30%
 3996s| 59700 |   686 | 33654k| 531.2 |   487M |  62 |1327 |1744 |3276 | 288k|  0 |  26k|  22 | 0.000000e+00 |      --      |    Inf |  12.30%
 4000s| 59800 |   684 | 33696k| 531.1 |   487M |  62 |1327 |1744 |3280 | 289k|  1 |  26k|  22 | 0.000000e+00 |      --      |    Inf |  12.30%
 4006s| 59900 |   685 | 33752k| 531.1 |   487M |  62 |1327 |1744 |3168 | 289k|  0 |  26k|  22 | 0.000000e+00 |      --      |    Inf |  12.30%
 4011s| 60000 |   678 | 33804k| 531.1 |   487M |  62 |1327 |1744 |3190 | 290k|  0 |  26k|  22 | 0.000000e+00 |      --      |    Inf |  12.30%
 4018s| 60100 |   678 | 33875k| 531.4 |   487M |  62 |1327 |1743 |3256 | 290k|  2 |  26k|  22 | 0.000000e+00 |      --      |    Inf |  12.30%
 4026s| 60200 |   675 | 33953k| 531.8 |   487M |  62 |1327 |1742 |3327 | 291k|  2 |  26k|  22 | 0.000000e+00 |      --      |    Inf |  12.30%
 4037s| 60300 |   687 | 34054k| 532.5 |   487M |  62 |1327 |1740 |4040 | 293k|  0 |  26k|  22 | 0.000000e+00 |      --      |    Inf |  12.30%
 4047s| 60400 |   686 | 34140k| 533.0 |   487M |  62 |1327 |1740 |3403 | 293k|  2 |  26k|  22 | 0.000000e+00 |      --      |    Inf |  12.30%
 4057s| 60500 |   678 | 34231k| 533.6 |   487M |  62 |1327 |1737 |4036 | 294k|  0 |  26k|  22 | 0.000000e+00 |      --      |    Inf |  12.30%
 4065s| 60600 |   680 | 34313k| 534.1 |   487M |  62 |1327 |1735 |4733 | 294k|  0 |  26k|  22 | 0.000000e+00 |      --      |    Inf |  12.30%
 4072s| 60700 |   683 | 34365k| 534.0 |   488M |  62 |1327 |1729 |4112 | 295k|  0 |  26k|  22 | 0.000000e+00 |      --      |    Inf |  12.30%
 4077s| 60800 |   687 | 34408k| 533.9 |   491M |  62 |1327 |1731 |3530 | 295k|  0 |  26k|  22 | 0.000000e+00 |      --      |    Inf |  12.30%
 time | node  | left  |LP iter|LP it/n|mem/heur|mdpt |vars |cons |rows |cuts |sepa|confs|strbr|  dualbound   | primalbound  |  gap   | compl. 
 4082s| 60900 |   687 | 34446k| 533.6 |   492M |  62 |1327 |1731 |3514 | 296k|  2 |  27k|  22 | 0.000000e+00 |      --      |    Inf |  12.30%
 4087s| 61000 |   687 | 34485k| 533.4 |   494M |  62 |1327 |1731 |3554 | 297k|  0 |  27k|  22 | 0.000000e+00 |      --      |    Inf |  12.30%
 4092s| 61100 |   688 | 34515k| 533.1 |   494M |  62 |1327 |1734 |4717 | 297k|  2 |  27k|  22 | 0.000000e+00 |      --      |    Inf |  12.30%
 4096s| 61200 |   685 | 34545k| 532.7 |   494M |  62 |1327 |1736 |4066 | 297k|  2 |  27k|  22 | 0.000000e+00 |      --      |    Inf |  12.30%
 4101s| 61300 |   691 | 34586k| 532.5 |   494M |  62 |1327 |1733 |3403 | 297k|  2 |  27k|  22 | 0.000000e+00 |      --      |    Inf |  12.31%
 4105s| 61400 |   695 | 34628k| 532.3 |   494M |  62 |1327 |1733 |3415 | 298k|  0 |  27k|  22 | 0.000000e+00 |      --      |    Inf |  12.31%
 4110s| 61500 |   693 | 34674k| 532.2 |   494M |  62 |1327 |1735 |3376 | 298k|  2 |  27k|  22 | 0.000000e+00 |      --      |    Inf |  12.31%
 4114s| 61600 |   693 | 34715k| 532.0 |   495M |  62 |1327 |1733 |3424 | 299k|  0 |  27k|  22 | 0.000000e+00 |      --      |    Inf |  12.31%
 4119s| 61700 |   701 | 34753k| 531.8 |   495M |  62 |1327 |1739 |3740 | 299k|  0 |  27k|  22 | 0.000000e+00 |      --      |    Inf |  12.32%
 4123s| 61800 |   708 | 34786k| 531.5 |   495M |  62 |1327 |1740 |3959 | 299k|  2 |  27k|  22 | 0.000000e+00 |      --      |    Inf |  12.33%
 4127s| 61900 |   725 | 34816k| 531.1 |   495M |  62 |1327 |1733 |3034 | 300k|  0 |  27k|  22 | 0.000000e+00 |      --      |    Inf |  12.43%
 4131s| 62000 |   732 | 34852k| 530.9 |   495M |  62 |1327 |1733 |3091 | 300k|  2 |  27k|  22 | 0.000000e+00 |      --      |    Inf |  12.43%
 4134s| 62100 |   731 | 34880k| 530.5 |   495M |  62 |1327 |1733 |4246 | 301k|  2 |  27k|  22 | 0.000000e+00 |      --      |    Inf |  12.53%
 4139s| 62200 |   740 | 34916k| 530.2 |   496M |  62 |1327 |1731 |4005 | 301k|  1 |  27k|  22 | 0.000000e+00 |      --      |    Inf |  12.58%
 4142s| 62300 |   738 | 34945k| 529.9 |   496M |  62 |1327 |1729 |3074 | 301k|  2 |  27k|  22 | 0.000000e+00 |      --      |    Inf |  12.58%
 time | node  | left  |LP iter|LP it/n|mem/heur|mdpt |vars |cons |rows |cuts |sepa|confs|strbr|  dualbound   | primalbound  |  gap   | compl. 
 4146s| 62400 |   769 | 34981k| 529.6 |   496M |  62 |1327 |1731 |4032 | 302k|  0 |  27k|  22 | 0.000000e+00 |      --      |    Inf |  13.00%
 4150s| 62500 |   780 | 35012k| 529.3 |   497M |  62 |1327 |1740 |4709 | 302k|  2 |  27k|  22 | 0.000000e+00 |      --      |    Inf |  13.01%
 4153s| 62600 |   783 | 35037k| 528.9 |   497M |  62 |1327 |1740 |4740 | 302k|  2 |  27k|  22 | 0.000000e+00 |      --      |    Inf |  13.01%
 4156s| 62700 |   777 | 35068k| 528.5 |   497M |  62 |1327 |1736 |3650 | 302k|  1 |  27k|  22 | 0.000000e+00 |      --      |    Inf |  13.01%
 4159s| 62800 |   781 | 35096k| 528.2 |   497M |  62 |1327 |1735 |4733 | 303k|  1 |  27k|  22 | 0.000000e+00 |      --      |    Inf |  13.01%
 4161s| 62900 |   791 | 35112k| 527.6 |   497M |  62 |1327 |1734 |4698 | 303k|  1 |  27k|  22 | 0.000000e+00 |      --      |    Inf |  13.01%
 4165s| 63000 |   791 | 35140k| 527.2 |   497M |  62 |1327 |1731 |4709 | 303k|  1 |  27k|  22 | 0.000000e+00 |      --      |    Inf |  13.01%
 4168s| 63100 |   780 | 35172k| 526.9 |   497M |  62 |1327 |1732 |4713 | 303k|  0 |  27k|  22 | 0.000000e+00 |      --      |    Inf |  13.02%
 4171s| 63200 |   779 | 35197k| 526.5 |   497M |  62 |1327 |1735 |4710 | 303k|  2 |  27k|  22 | 0.000000e+00 |      --      |    Inf |  13.02%
 4174s| 63300 |   776 | 35222k| 526.1 |   497M |  62 |1327 |1730 |4729 | 303k|  0 |  27k|  22 | 0.000000e+00 |      --      |    Inf |  13.02%
 4177s| 63400 |   778 | 35249k| 525.7 |   497M |  62 |1327 |1727 |4691 | 303k|  0 |  27k|  22 | 0.000000e+00 |      --      |    Inf |  13.03%
 4181s| 63500 |   778 | 35280k| 525.4 |   498M |  62 |1327 |1735 |4744 | 304k|  0 |  27k|  22 | 0.000000e+00 |      --      |    Inf |  13.03%
 4186s| 63600 |   786 | 35309k| 525.0 |   498M |  62 |1327 |1734 |4746 | 304k|  0 |  27k|  22 | 0.000000e+00 |      --      |    Inf |  13.03%
 4191s| 63700 |   775 | 35351k| 524.9 |   499M |  62 |1327 |1735 |4471 | 304k|  1 |  27k|  22 | 0.000000e+00 |      --      |    Inf |  13.03%
 4196s| 63800 |   793 | 35389k| 524.7 |   499M |  62 |1327 |1727 |4416 | 304k|  2 |  27k|  22 | 0.000000e+00 |      --      |    Inf |  13.05%
 time | node  | left  |LP iter|LP it/n|mem/heur|mdpt |vars |cons |rows |cuts |sepa|confs|strbr|  dualbound   | primalbound  |  gap   | compl. 
 4203s| 63900 |   795 | 35440k| 524.7 |   499M |  62 |1327 |1728 |4786 | 305k|  0 |  28k|  22 | 0.000000e+00 |      --      |    Inf |  13.07%
 4209s| 64000 |   791 | 35483k| 524.5 |   499M |  62 |1327 |1728 |3658 | 305k|  0 |  28k|  22 | 0.000000e+00 |      --      |    Inf |  13.16%
 4214s| 64100 |   792 | 35525k| 524.4 |   500M |  62 |1327 |1737 |3754 | 306k|  0 |  28k|  22 | 0.000000e+00 |      --      |    Inf |  14.17%
 4219s| 64200 |   805 | 35571k| 524.3 |   500M |  62 |1327 |1737 |3173 | 306k|  0 |  28k|  22 | 0.000000e+00 |      --      |    Inf |  14.23%
 4225s| 64300 |   801 | 35624k| 524.3 |   500M |  62 |1327 |1736 |3325 | 307k|  2 |  28k|  22 | 0.000000e+00 |      --      |    Inf |  14.23%
 4230s| 64400 |   808 | 35671k| 524.2 |   500M |  62 |1327 |1735 |3348 | 307k|  0 |  28k|  22 | 0.000000e+00 |      --      |    Inf |  14.23%
 4235s| 64500 |   809 | 35720k| 524.1 |   500M |  62 |1327 |1733 |3363 | 307k|  0 |  28k|  22 | 0.000000e+00 |      --      |    Inf |  14.23%
 4240s| 64600 |   805 | 35773k| 524.2 |   500M |  62 |1327 |1731 |3375 | 307k|  0 |  28k|  22 | 0.000000e+00 |      --      |    Inf |  14.23%
 4246s| 64700 |   804 | 35828k| 524.2 |   500M |  62 |1327 |1731 |3404 | 308k|  0 |  28k|  22 | 0.000000e+00 |      --      |    Inf |  14.23%
 4250s| 64800 |   801 | 35871k| 524.1 |   500M |  62 |1327 |1730 |3228 | 308k|  0 |  28k|  22 | 0.000000e+00 |      --      |    Inf |  14.23%
 4256s| 64900 |   813 | 35924k| 524.1 |   500M |  62 |1327 |1729 |3174 | 308k|  0 |  28k|  22 | 0.000000e+00 |      --      |    Inf |  14.23%
 4261s| 65000 |   808 | 35978k| 524.1 |   500M |  62 |1327 |1729 |3154 | 309k|  1 |  28k|  22 | 0.000000e+00 |      --      |    Inf |  14.23%
 4267s| 65100 |   808 | 36032k| 524.1 |   500M |  62 |1327 |1728 |3217 | 309k|  0 |  28k|  22 | 0.000000e+00 |      --      |    Inf |  14.23%
 4273s| 65200 |   801 | 36083k| 524.1 |   500M |  62 |1327 |1728 |3123 | 309k|  2 |  28k|  22 | 0.000000e+00 |      --      |    Inf |  14.23%
 4281s| 65300 |   800 | 36163k| 524.5 |   500M |  62 |1327 |1728 |3226 | 310k|  0 |  28k|  22 | 0.000000e+00 |      --      |    Inf |  14.23%
 time | node  | left  |LP iter|LP it/n|mem/heur|mdpt |vars |cons |rows |cuts |sepa|confs|strbr|  dualbound   | primalbound  |  gap   | compl. 
 4292s| 65400 |   805 | 36271k| 525.3 |   500M |  62 |1327 |1727 |3433 | 311k|  0 |  28k|  22 | 0.000000e+00 |      --      |    Inf |  14.23%
 4302s| 65500 |   813 | 36363k| 525.9 |   500M |  62 |1327 |1726 |3414 | 312k|  0 |  28k|  22 | 0.000000e+00 |      --      |    Inf |  14.23%
 4311s| 65600 |   816 | 36443k| 526.3 |   500M |  62 |1327 |1726 |3450 | 312k|  0 |  28k|  22 | 0.000000e+00 |      --      |    Inf |  14.23%
 4318s| 65700 |   814 | 36514k| 526.5 |   500M |  62 |1327 |1725 |3473 | 313k|  2 |  28k|  22 | 0.000000e+00 |      --      |    Inf |  14.23%
 4326s| 65800 |   821 | 36587k| 526.8 |   500M |  62 |1327 |1724 |3487 | 313k|  0 |  28k|  22 | 0.000000e+00 |      --      |    Inf |  14.23%
 4332s| 65900 |   819 | 36638k| 526.8 |   500M |  62 |1327 |1724 |3469 | 313k|  0 |  29k|  22 | 0.000000e+00 |      --      |    Inf |  14.23%
 4337s| 66000 |   820 | 36683k| 526.7 |   500M |  62 |1327 |1724 |3466 | 314k|  0 |  29k|  22 | 0.000000e+00 |      --      |    Inf |  14.23%
 4341s| 66100 |   818 | 36718k| 526.4 |   500M |  62 |1327 |1724 |3513 | 314k|  0 |  29k|  22 | 0.000000e+00 |      --      |    Inf |  14.23%
 4346s| 66200 |   812 | 36764k| 526.3 |   500M |  62 |1327 |1723 |3748 | 314k|  2 |  29k|  22 | 0.000000e+00 |      --      |    Inf |  14.23%
 4355s| 66300 |   815 | 36840k| 526.7 |   500M |  62 |1327 |1723 |3250 | 314k|  2 |  29k|  22 | 0.000000e+00 |      --      |    Inf |  14.23%
 4364s| 66400 |   833 | 36931k| 527.2 |   500M |  62 |1327 |1723 |3457 | 315k|  2 |  29k|  22 | 0.000000e+00 |      --      |    Inf |  14.23%
 4372s| 66500 |   823 | 37005k| 527.5 |   500M |  62 |1327 |1723 |3520 | 316k|  0 |  29k|  22 | 0.000000e+00 |      --      |    Inf |  14.23%
 4380s| 66600 |   831 | 37073k| 527.7 |   500M |  62 |1327 |1723 |3516 | 316k|  0 |  29k|  22 | 0.000000e+00 |      --      |    Inf |  14.23%
 4389s| 66700 |   822 | 37154k| 528.1 |   500M |  62 |1327 |1723 |3589 | 316k|  0 |  29k|  22 | 0.000000e+00 |      --      |    Inf |  14.23%
 4397s| 66800 |   827 | 37228k| 528.4 |   500M |  62 |1327 |1723 |3486 | 317k|  1 |  29k|  22 | 0.000000e+00 |      --      |    Inf |  14.23%
 time | node  | left  |LP iter|LP it/n|mem/heur|mdpt |vars |cons |rows |cuts |sepa|confs|strbr|  dualbound   | primalbound  |  gap   | compl. 
 4406s| 66900 |   825 | 37315k| 528.9 |   500M |  62 |1327 |1723 |3577 | 317k|  2 |  29k|  22 | 0.000000e+00 |      --      |    Inf |  14.23%
 4413s| 67000 |   820 | 37367k| 528.9 |   500M |  62 |1327 |1723 |3471 | 317k|  1 |  29k|  22 | 0.000000e+00 |      --      |    Inf |  14.23%
 4416s| 67100 |   817 | 37400k| 528.6 |   500M |  62 |1327 |1723 |3550 | 317k|  2 |  29k|  22 | 0.000000e+00 |      --      |    Inf |  14.23%
 4421s| 67200 |   811 | 37436k| 528.4 |   500M |  62 |1327 |1723 |3492 | 317k|  2 |  29k|  22 | 0.000000e+00 |      --      |    Inf |  14.23%
 4425s| 67300 |   812 | 37474k| 528.2 |   500M |  62 |1327 |1722 |3457 | 318k|  2 |  30k|  22 | 0.000000e+00 |      --      |    Inf |  14.23%
 4429s| 67400 |   812 | 37509k| 527.9 |   500M |  62 |1327 |1722 |3385 | 318k|  0 |  30k|  22 | 0.000000e+00 |      --      |    Inf |  14.23%
 4433s| 67500 |   808 | 37549k| 527.7 |   500M |  62 |1327 |1722 |3228 | 318k|  2 |  30k|  22 | 0.000000e+00 |      --      |    Inf |  14.23%
 4438s| 67600 |   810 | 37593k| 527.6 |   500M |  62 |1327 |1722 |3236 | 318k|  2 |  30k|  22 | 0.000000e+00 |      --      |    Inf |  14.24%
 4442s| 67700 |   811 | 37634k| 527.5 |   500M |  62 |1327 |1722 |3286 | 319k|  1 |  30k|  22 | 0.000000e+00 |      --      |    Inf |  14.24%
 4446s| 67800 |   805 | 37669k| 527.2 |   500M |  62 |1327 |1722 |3349 | 319k|  0 |  30k|  22 | 0.000000e+00 |      --      |    Inf |  14.24%
 4451s| 67900 |   815 | 37713k| 527.1 |   500M |  62 |1327 |1722 |3235 | 319k|  0 |  30k|  22 | 0.000000e+00 |      --      |    Inf |  14.24%
 4455s| 68000 |   806 | 37751k| 526.9 |   500M |  62 |1327 |1722 |   0 | 320k|  0 |  30k|  22 | 0.000000e+00 |      --      |    Inf |  14.24%
 4461s| 68100 |   832 | 37802k| 526.9 |   500M |  62 |1327 |1722 |3454 | 320k|  0 |  30k|  22 | 0.000000e+00 |      --      |    Inf |  14.24%
 4468s| 68200 |   833 | 37857k| 526.9 |   500M |  62 |1327 |1722 |4715 | 321k|  2 |  30k|  22 | 0.000000e+00 |      --      |    Inf |  14.24%
 4472s| 68300 |   839 | 37892k| 526.7 |   501M |  62 |1327 |1726 |3768 | 321k|  0 |  30k|  22 | 0.000000e+00 |      --      |    Inf |  14.34%
 time | node  | left  |LP iter|LP it/n|mem/heur|mdpt |vars |cons |rows |cuts |sepa|confs|strbr|  dualbound   | primalbound  |  gap   | compl. 
 4476s| 68400 |   849 | 37920k| 526.3 |   501M |  62 |1327 |1733 |3808 | 321k|  1 |  30k|  22 | 0.000000e+00 |      --      |    Inf |  14.34%
 4482s| 68500 |   849 | 37959k| 526.1 |   501M |  62 |1327 |1733 |3853 | 322k|  0 |  30k|  22 | 0.000000e+00 |      --      |    Inf |  14.34%
 4489s| 68600 |   847 | 38015k| 526.2 |   501M |  62 |1327 |1727 |3841 | 322k|  0 |  30k|  22 | 0.000000e+00 |      --      |    Inf |  14.34%
 4494s| 68700 |   853 | 38042k| 525.8 |   502M |  62 |1327 |1725 |3805 | 323k|  1 |  30k|  22 | 0.000000e+00 |      --      |    Inf |  14.34%
 4498s| 68800 |   845 | 38070k| 525.5 |   502M |  62 |1327 |1725 |3836 | 323k|  0 |  30k|  22 | 0.000000e+00 |      --      |    Inf |  14.34%
 4502s| 68900 |   849 | 38096k| 525.1 |   502M |  62 |1327 |1727 |3831 | 323k|  0 |  30k|  22 | 0.000000e+00 |      --      |    Inf |  14.34%
 4506s| 69000 |   846 | 38125k| 524.8 |   502M |  62 |1327 |1725 |3803 | 323k|  0 |  30k|  22 | 0.000000e+00 |      --      |    Inf |  14.34%
 4510s| 69100 |   847 | 38158k| 524.5 |   502M |  62 |1327 |1725 |3816 | 324k|  0 |  30k|  22 | 0.000000e+00 |      --      |    Inf |  14.34%
 4515s| 69200 |   847 | 38188k| 524.2 |   502M |  62 |1327 |1725 |3801 | 324k|  0 |  30k|  22 | 0.000000e+00 |      --      |    Inf |  14.34%
 4520s| 69300 |   849 | 38218k| 523.9 |   502M |  62 |1327 |1725 |3786 | 324k|  0 |  30k|  22 | 0.000000e+00 |      --      |    Inf |  14.34%
 4526s| 69400 |   865 | 38268k| 523.9 |   502M |  62 |1327 |1726 |3147 | 325k|  2 |  30k|  22 | 0.000000e+00 |      --      |    Inf |  14.35%
 4531s| 69500 |   863 | 38315k| 523.8 |   502M |  62 |1327 |1737 |4467 | 326k|  0 |  31k|  22 | 0.000000e+00 |      --      |    Inf |  14.36%
 4537s| 69600 |   863 | 38363k| 523.7 |   502M |  62 |1327 |1731 |3815 | 326k|  0 |  31k|  22 | 0.000000e+00 |      --      |    Inf |  14.36%
 4541s| 69700 |   868 | 38393k| 523.4 |   503M |  62 |1327 |1736 |3128 | 327k|  2 |  31k|  22 | 0.000000e+00 |      --      |    Inf |  14.48%
 4546s| 69800 |   865 | 38432k| 523.2 |   503M |  62 |1327 |1744 |4733 | 328k|  1 |  31k|  22 | 0.000000e+00 |      --      |    Inf |  14.54%
 time | node  | left  |LP iter|LP it/n|mem/heur|mdpt |vars |cons |rows |cuts |sepa|confs|strbr|  dualbound   | primalbound  |  gap   | compl. 
 4551s| 69900 |   856 | 38472k| 523.1 |   503M |  62 |1327 |1742 |3899 | 328k|  0 |  31k|  22 | 0.000000e+00 |      --      |    Inf |  14.55%
 4555s| 70000 |   868 | 38512k| 522.9 |   504M |  62 |1327 |1743 |3846 | 329k|  0 |  31k|  22 | 0.000000e+00 |      --      |    Inf |  14.55%
 4560s| 70100 |   864 | 38561k| 522.9 |   505M |  62 |1327 |1748 |3973 | 329k|  1 |  31k|  22 | 0.000000e+00 |      --      |    Inf |  14.55%
 4566s| 70200 |   873 | 38610k| 522.8 |   505M |  62 |1327 |1742 |4025 | 329k|  0 |  31k|  22 | 0.000000e+00 |      --      |    Inf |  14.55%
 4573s| 70300 |   866 | 38665k| 522.9 |   506M |  62 |1327 |1738 |3393 | 330k|  2 |  31k|  22 | 0.000000e+00 |      --      |    Inf |  14.55%
 4580s| 70400 |   870 | 38732k| 523.1 |   506M |  62 |1327 |1739 |3653 | 331k|  0 |  31k|  22 | 0.000000e+00 |      --      |    Inf |  14.55%
 4585s| 70500 |   872 | 38780k| 523.0 |   506M |  62 |1327 |1739 |   0 | 332k|  0 |  31k|  22 | 0.000000e+00 |      --      |    Inf |  14.55%
 4591s| 70600 |   872 | 38838k| 523.1 |   506M |  62 |1327 |1739 |3631 | 333k|  2 |  31k|  22 | 0.000000e+00 |      --      |    Inf |  14.55%
 4597s| 70700 |   866 | 38888k| 523.0 |   506M |  62 |1327 |1739 |   0 | 333k|  0 |  31k|  22 | 0.000000e+00 |      --      |    Inf |  14.55%
 4605s| 70800 |   893 | 38968k| 523.4 |   506M |  62 |1327 |1740 |3648 | 335k|  0 |  31k|  22 | 0.000000e+00 |      --      |    Inf |  14.55%
 4614s| 70900 |   904 | 39046k| 523.8 |   506M |  62 |1327 |1741 |3826 | 335k|  2 |  31k|  22 | 0.000000e+00 |      --      |    Inf |  14.55%
 4620s| 71000 |   909 | 39106k| 523.9 |   506M |  62 |1327 |1735 |3744 | 336k|  2 |  31k|  22 | 0.000000e+00 |      --      |    Inf |  14.55%
 4628s| 71100 |   914 | 39174k| 524.1 |   506M |  62 |1327 |1735 |3671 | 337k|  2 |  31k|  22 | 0.000000e+00 |      --      |    Inf |  14.55%
 4636s| 71200 |   908 | 39239k| 524.2 |   506M |  62 |1327 |1735 |   0 | 338k|  0 |  31k|  22 | 0.000000e+00 |      --      |    Inf |  14.55%
 4644s| 71300 |   911 | 39312k| 524.5 |   506M |  62 |1327 |1735 |3860 | 339k|  0 |  31k|  22 | 0.000000e+00 |      --      |    Inf |  14.55%
 time | node  | left  |LP iter|LP it/n|mem/heur|mdpt |vars |cons |rows |cuts |sepa|confs|strbr|  dualbound   | primalbound  |  gap   | compl. 
 4650s| 71400 |   907 | 39366k| 524.5 |   506M |  62 |1327 |1735 |4213 | 339k|  2 |  31k|  22 | 0.000000e+00 |      --      |    Inf |  14.55%
 4657s| 71500 |   923 | 39426k| 524.6 |   506M |  62 |1327 |1733 |3942 | 340k|  0 |  31k|  22 | 0.000000e+00 |      --      |    Inf |  14.55%
 4667s| 71600 |   930 | 39506k| 525.0 |   509M |  62 |1327 |1733 |4141 | 341k|  0 |  31k|  22 | 0.000000e+00 |      --      |    Inf |  14.55%
 4676s| 71700 |   930 | 39569k| 525.1 |   510M |  62 |1327 |1732 |4067 | 341k|  2 |  31k|  22 | 0.000000e+00 |      --      |    Inf |  14.55%
 4685s| 71800 |   925 | 39641k| 525.4 |   510M |  62 |1327 |1731 |4100 | 342k|  0 |  31k|  22 | 0.000000e+00 |      --      |    Inf |  14.55%
 4693s| 71900 |   924 | 39699k| 525.5 |   510M |  62 |1327 |1729 |3442 | 342k|  0 |  31k|  22 | 0.000000e+00 |      --      |    Inf |  14.55%
 4698s| 72000 |   920 | 39737k| 525.3 |   511M |  62 |1327 |1730 |4635 | 342k|  2 |  31k|  22 | 0.000000e+00 |      --      |    Inf |  14.55%
 4705s| 72100 |   936 | 39783k| 525.2 |   515M |  62 |1327 |1730 |4668 | 342k|  1 |  31k|  22 | 0.000000e+00 |      --      |    Inf |  14.55%
 4712s| 72200 |   947 | 39822k| 525.0 |   516M |  62 |1327 |1730 |4685 | 343k|  1 |  31k|  22 | 0.000000e+00 |      --      |    Inf |  14.55%
 4719s| 72300 |   949 | 39860k| 524.8 |   518M |  62 |1327 |1730 |4689 | 343k|  1 |  31k|  22 | 0.000000e+00 |      --      |    Inf |  14.55%
 4724s| 72400 |   949 | 39896k| 524.6 |   519M |  62 |1327 |1729 |4681 | 343k|  2 |  31k|  22 | 0.000000e+00 |      --      |    Inf |  14.55%
 4729s| 72500 |   941 | 39936k| 524.4 |   519M |  62 |1327 |1728 |4665 | 343k|  2 |  31k|  22 | 0.000000e+00 |      --      |    Inf |  14.55%
 4736s| 72600 |   938 | 39979k| 524.3 |   519M |  62 |1327 |1727 |4688 | 343k|  1 |  31k|  22 | 0.000000e+00 |      --      |    Inf |  14.55%
 4741s| 72700 |   937 | 40014k| 524.1 |   519M |  62 |1327 |1726 |4686 | 343k|  2 |  31k|  22 | 0.000000e+00 |      --      |    Inf |  14.55%
 4745s| 72800 |   935 | 40045k| 523.8 |   519M |  62 |1327 |1726 |4695 | 343k|  0 |  31k|  22 | 0.000000e+00 |      --      |    Inf |  14.55%
 time | node  | left  |LP iter|LP it/n|mem/heur|mdpt |vars |cons |rows |cuts |sepa|confs|strbr|  dualbound   | primalbound  |  gap   | compl. 
 4750s| 72900 |   939 | 40081k| 523.6 |   520M |  62 |1327 |1726 |4754 | 343k|  2 |  31k|  22 | 0.000000e+00 |      --      |    Inf |  14.55%
 4759s| 73000 |   950 | 40137k| 523.6 |   526M |  62 |1327 |1725 |4764 | 343k|  1 |  31k|  22 | 0.000000e+00 |      --      |    Inf |  14.55%
 4773s| 73100 |   959 | 40222k| 524.1 |   530M |  62 |1327 |1727 |   0 | 344k|  0 |  32k|  22 | 0.000000e+00 |      --      |    Inf |  14.55%
 4781s| 73200 |   966 | 40296k| 524.4 |   530M |  62 |1327 |1726 |3661 | 345k|  2 |  32k|  22 | 0.000000e+00 |      --      |    Inf |  14.56%
 4787s| 73300 |   980 | 40338k| 524.2 |   531M |  62 |1327 |1725 |3692 | 345k|  2 |  32k|  22 | 0.000000e+00 |      --      |    Inf |  14.56%
 4791s| 73400 |   977 | 40371k| 524.0 |   532M |  62 |1327 |1726 |3794 | 346k|  1 |  32k|  22 | 0.000000e+00 |      --      |    Inf |  14.56%
 4795s| 73500 |   963 | 40406k| 523.7 |   533M |  62 |1327 |1726 |   0 | 346k|  0 |  32k|  22 | 0.000000e+00 |      --      |    Inf |  14.56%
 4799s| 73600 |   965 | 40432k| 523.4 |   534M |  62 |1327 |1726 |3574 | 346k|  0 |  32k|  22 | 0.000000e+00 |      --      |    Inf |  14.56%
 4802s| 73700 |   973 | 40455k| 523.0 |   534M |  62 |1327 |1725 |3513 | 347k|  0 |  32k|  22 | 0.000000e+00 |      --      |    Inf |  14.56%
 4806s| 73800 |   979 | 40485k| 522.7 |   535M |  62 |1327 |1724 |3495 | 347k|  2 |  32k|  22 | 0.000000e+00 |      --      |    Inf |  14.56%
 4810s| 73900 |   979 | 40517k| 522.5 |   535M |  62 |1327 |1724 |   0 | 348k|  0 |  32k|  22 | 0.000000e+00 |      --      |    Inf |  14.56%
 4814s| 74000 |   977 | 40556k| 522.3 |   536M |  62 |1327 |1724 |3522 | 348k|  2 |  32k|  22 | 0.000000e+00 |      --      |    Inf |  14.56%
 4820s| 74100 |   964 | 40598k| 522.2 |   536M |  62 |1327 |1724 |3634 | 348k|  2 |  32k|  22 | 0.000000e+00 |      --      |    Inf |  14.56%
 4828s| 74200 |   966 | 40663k| 522.3 |   536M |  62 |1327 |1724 |3640 | 349k|  2 |  32k|  22 | 0.000000e+00 |      --      |    Inf |  14.56%
 4834s| 74300 |   964 | 40718k| 522.4 |   536M |  62 |1327 |1724 |3721 | 350k|  2 |  32k|  22 | 0.000000e+00 |      --      |    Inf |  14.56%
 time | node  | left  |LP iter|LP it/n|mem/heur|mdpt |vars |cons |rows |cuts |sepa|confs|strbr|  dualbound   | primalbound  |  gap   | compl. 
 4840s| 74400 |   968 | 40765k| 522.3 |   536M |  62 |1327 |1724 |3796 | 350k|  3 |  32k|  22 | 0.000000e+00 |      --      |    Inf |  14.56%
 4845s| 74500 |   966 | 40805k| 522.1 |   536M |  62 |1327 |1724 |3742 | 350k|  2 |  32k|  22 | 0.000000e+00 |      --      |    Inf |  14.56%
 4850s| 74600 |   967 | 40854k| 522.1 |   537M |  62 |1327 |1724 |3211 | 351k|  2 |  32k|  22 | 0.000000e+00 |      --      |    Inf |  14.56%
 4857s| 74700 |   968 | 40917k| 522.2 |   537M |  62 |1327 |1724 |3250 | 351k|  0 |  32k|  22 | 0.000000e+00 |      --      |    Inf |  14.56%
 4864s| 74800 |   964 | 40975k| 522.3 |   537M |  62 |1327 |1724 |3213 | 351k|  1 |  32k|  22 | 0.000000e+00 |      --      |    Inf |  14.56%
 4870s| 74900 |   960 | 41038k| 522.4 |   537M |  62 |1327 |1724 |3227 | 352k|  0 |  32k|  22 | 0.000000e+00 |      --      |    Inf |  14.56%
 4876s| 75000 |   964 | 41096k| 522.5 |   537M |  62 |1327 |1724 |3364 | 353k|  0 |  32k|  22 | 0.000000e+00 |      --      |    Inf |  14.56%
 4885s| 75100 |   977 | 41180k| 522.9 |   537M |  62 |1327 |1725 |3990 | 354k|  2 |  32k|  22 | 0.000000e+00 |      --      |    Inf |  14.56%
 4894s| 75200 |   978 | 41250k| 523.1 |   537M |  62 |1327 |1725 |4003 | 354k|  0 |  33k|  22 | 0.000000e+00 |      --      |    Inf |  14.56%
 4904s| 75300 |   976 | 41323k| 523.4 |   537M |  62 |1327 |1725 |4005 | 354k|  2 |  33k|  22 | 0.000000e+00 |      --      |    Inf |  14.56%
 4913s| 75400 |   975 | 41392k| 523.6 |   537M |  62 |1327 |1726 |   0 | 354k|  0 |  33k|  22 | 0.000000e+00 |      --      |    Inf |  14.56%
 4920s| 75500 |   977 | 41450k| 523.7 |   537M |  62 |1327 |1725 |3655 | 355k|  2 |  33k|  22 | 0.000000e+00 |      --      |    Inf |  14.56%
 4929s| 75600 |   977 | 41526k| 524.0 |   537M |  62 |1327 |1725 |3694 | 355k|  2 |  33k|  22 | 0.000000e+00 |      --      |    Inf |  14.56%
 4938s| 75700 |   975 | 41596k| 524.2 |   537M |  62 |1327 |1725 |3689 | 356k|  0 |  33k|  22 | 0.000000e+00 |      --      |    Inf |  14.56%
 4948s| 75800 |   973 | 41672k| 524.5 |   537M |  62 |1327 |1725 |3812 | 356k|  2 |  33k|  22 | 0.000000e+00 |      --      |    Inf |  14.56%
 time | node  | left  |LP iter|LP it/n|mem/heur|mdpt |vars |cons |rows |cuts |sepa|confs|strbr|  dualbound   | primalbound  |  gap   | compl. 
 4955s| 75900 |   974 | 41739k| 524.7 |   537M |  62 |1327 |1725 |4023 | 356k|  0 |  33k|  22 | 0.000000e+00 |      --      |    Inf |  14.56%
 4963s| 76000 |   980 | 41805k| 524.9 |   538M |  62 |1327 |1725 |3950 | 357k|  2 |  33k|  22 | 0.000000e+00 |      --      |    Inf |  14.56%
 4971s| 76100 |   981 | 41875k| 525.1 |   538M |  62 |1327 |1725 |3975 | 357k|  0 |  33k|  22 | 0.000000e+00 |      --      |    Inf |  14.56%
 4981s| 76200 |   978 | 41957k| 525.5 |   538M |  62 |1327 |1725 |4002 | 358k|  1 |  33k|  22 | 0.000000e+00 |      --      |    Inf |  14.56%
 4992s| 76300 |   979 | 42046k| 525.9 |   538M |  62 |1327 |1726 |4016 | 358k|  2 |  33k|  22 | 0.000000e+00 |      --      |    Inf |  14.56%
 5002s| 76400 |   981 | 42121k| 526.2 |   538M |  62 |1327 |1726 |4033 | 358k|  0 |  33k|  22 | 0.000000e+00 |      --      |    Inf |  14.56%
 5009s| 76500 |   981 | 42178k| 526.2 |   538M |  62 |1327 |1726 |4067 | 358k|  0 |  33k|  22 | 0.000000e+00 |      --      |    Inf |  14.56%
 5019s| 76600 |   977 | 42259k| 526.6 |   538M |  62 |1327 |1726 |4035 | 358k|  2 |  33k|  22 | 0.000000e+00 |      --      |    Inf |  14.56%
 5029s| 76700 |   983 | 42345k| 527.0 |   538M |  62 |1327 |1725 |4079 | 359k|  1 |  33k|  22 | 0.000000e+00 |      --      |    Inf |  14.56%
 5040s| 76800 |   975 | 42429k| 527.4 |   538M |  62 |1327 |1725 |4143 | 359k|  0 |  33k|  22 | 0.000000e+00 |      --      |    Inf |  14.56%
 5049s| 76900 |   977 | 42510k| 527.7 |   538M |  62 |1327 |1725 |3971 | 359k|  2 |  33k|  22 | 0.000000e+00 |      --      |    Inf |  14.56%
 5059s| 77000 |   978 | 42595k| 528.1 |   538M |  62 |1327 |1724 |3861 | 359k|  0 |  33k|  22 | 0.000000e+00 |      --      |    Inf |  14.56%
 5070s| 77100 |   969 | 42687k| 528.6 |   538M |  62 |1327 |1724 |4156 | 360k|  0 |  33k|  22 | 0.000000e+00 |      --      |    Inf |  14.56%
 5078s| 77200 |   973 | 42757k| 528.9 |   538M |  62 |1327 |1724 |3650 | 360k|  0 |  33k|  22 | 0.000000e+00 |      --      |    Inf |  14.56%
 5085s| 77300 |   971 | 42826k| 529.0 |   538M |  62 |1327 |1724 |3489 | 361k|  2 |  33k|  22 | 0.000000e+00 |      --      |    Inf |  14.56%
 time | node  | left  |LP iter|LP it/n|mem/heur|mdpt |vars |cons |rows |cuts |sepa|confs|strbr|  dualbound   | primalbound  |  gap   | compl. 
 5093s| 77400 |   970 | 42899k| 529.3 |   538M |  62 |1327 |1724 |3698 | 361k|  0 |  33k|  22 | 0.000000e+00 |      --      |    Inf |  14.56%
 5101s| 77500 |   972 | 42968k| 529.5 |   538M |  62 |1327 |1724 |3721 | 362k|  2 |  33k|  22 | 0.000000e+00 |      --      |    Inf |  14.56%
 5109s| 77600 |   972 | 43033k| 529.6 |   539M |  62 |1327 |1724 |3646 | 362k|  2 |  33k|  22 | 0.000000e+00 |      --      |    Inf |  14.56%
 5118s| 77700 |   968 | 43107k| 529.9 |   539M |  62 |1327 |1724 |3641 | 363k|  0 |  33k|  22 | 0.000000e+00 |      --      |    Inf |  14.56%
 5126s| 77800 |   970 | 43180k| 530.2 |   539M |  62 |1327 |1724 |3724 | 363k|  2 |  33k|  22 | 0.000000e+00 |      --      |    Inf |  14.56%
 5135s| 77900 |   970 | 43258k| 530.5 |   540M |  62 |1327 |1724 |3723 | 363k|  2 |  33k|  22 | 0.000000e+00 |      --      |    Inf |  14.56%
 5144s| 78000 |   968 | 43331k| 530.7 |   540M |  62 |1327 |1724 |3694 | 364k|  2 |  33k|  22 | 0.000000e+00 |      --      |    Inf |  14.56%
 5153s| 78100 |   968 | 43405k| 531.0 |   540M |  62 |1327 |1724 |3697 | 364k|  0 |  33k|  22 | 0.000000e+00 |      --      |    Inf |  14.56%
 5162s| 78200 |   968 | 43476k| 531.2 |   540M |  62 |1327 |1724 |   0 | 364k|  0 |  33k|  22 | 0.000000e+00 |      --      |    Inf |  14.56%
 5173s| 78300 |   968 | 43562k| 531.6 |   540M |  62 |1327 |1724 |3721 | 365k|  2 |  33k|  22 | 0.000000e+00 |      --      |    Inf |  14.56%
 5179s| 78400 |   968 | 43615k| 531.6 |   540M |  62 |1327 |1724 |3386 | 365k|  0 |  33k|  22 | 0.000000e+00 |      --      |    Inf |  14.56%
 5184s| 78500 |   982 | 43658k| 531.4 |   540M |  62 |1327 |1724 |3430 | 366k|  1 |  33k|  22 | 0.000000e+00 |      --      |    Inf |  14.56%
 5189s| 78600 |   976 | 43703k| 531.3 |   540M |  62 |1327 |1724 |3595 | 366k|  1 |  33k|  22 | 0.000000e+00 |      --      |    Inf |  14.56%
 5197s| 78700 |   982 | 43778k| 531.6 |   540M |  62 |1327 |1724 |3580 | 367k|  2 |  33k|  22 | 0.000000e+00 |      --      |    Inf |  14.56%
 5206s| 78800 |   984 | 43851k| 531.9 |   540M |  62 |1327 |1724 |3669 | 367k|  1 |  33k|  22 | 0.000000e+00 |      --      |    Inf |  14.56%
 time | node  | left  |LP iter|LP it/n|mem/heur|mdpt |vars |cons |rows |cuts |sepa|confs|strbr|  dualbound   | primalbound  |  gap   | compl. 
 5214s| 78900 |   980 | 43924k| 532.1 |   541M |  62 |1327 |1724 |3436 | 368k|  0 |  33k|  22 | 0.000000e+00 |      --      |    Inf |  14.56%
 5223s| 79000 |   986 | 44005k| 532.4 |   541M |  62 |1327 |1724 |3652 | 368k|  2 |  33k|  22 | 0.000000e+00 |      --      |    Inf |  14.56%
 5232s| 79100 |   976 | 44080k| 532.7 |   541M |  62 |1327 |1724 |3582 | 369k|  2 |  33k|  22 | 0.000000e+00 |      --      |    Inf |  14.56%
 5240s| 79200 |   974 | 44144k| 532.8 |   541M |  62 |1327 |1724 |3581 | 369k|  0 |  34k|  22 | 0.000000e+00 |      --      |    Inf |  14.56%
 5251s| 79300 |   970 | 44227k| 533.2 |   541M |  62 |1327 |1724 |3662 | 370k|  0 |  34k|  22 | 0.000000e+00 |      --      |    Inf |  14.56%
 5262s| 79400 |   974 | 44322k| 533.7 |   541M |  62 |1327 |1724 |3512 | 371k|  1 |  34k|  22 | 0.000000e+00 |      --      |    Inf |  14.56%
 5270s| 79500 |   971 | 44392k| 533.9 |   541M |  62 |1327 |1724 |3580 | 371k|  0 |  34k|  22 | 0.000000e+00 |      --      |    Inf |  14.56%
 5278s| 79600 |   971 | 44463k| 534.1 |   541M |  62 |1327 |1724 |3499 | 372k|  2 |  34k|  22 | 0.000000e+00 |      --      |    Inf |  14.56%
 5288s| 79700 |   967 | 44544k| 534.4 |   541M |  62 |1327 |1724 |3382 | 373k|  0 |  34k|  22 | 0.000000e+00 |      --      |    Inf |  14.56%
 5297s| 79800 |   971 | 44620k| 534.7 |   541M |  62 |1327 |1724 |3416 | 374k|  2 |  34k|  22 | 0.000000e+00 |      --      |    Inf |  14.56%
 5305s| 79900 |   961 | 44690k| 534.9 |   541M |  62 |1327 |1724 |3774 | 374k|  0 |  34k|  22 | 0.000000e+00 |      --      |    Inf |  14.56%
 5315s| 80000 |   965 | 44775k| 535.3 |   541M |  62 |1327 |1724 |3586 | 376k|  2 |  34k|  22 | 0.000000e+00 |      --      |    Inf |  14.56%
 5325s| 80100 |   965 | 44862k| 535.7 |   541M |  62 |1327 |1724 |3552 | 376k|  2 |  34k|  22 | 0.000000e+00 |      --      |    Inf |  14.56%
 5335s| 80200 |   967 | 44945k| 536.0 |   541M |  62 |1327 |1724 |3571 | 377k|  2 |  34k|  22 | 0.000000e+00 |      --      |    Inf |  14.56%
 5344s| 80300 |   967 | 45020k| 536.3 |   541M |  62 |1327 |1724 |3635 | 377k|  0 |  34k|  22 | 0.000000e+00 |      --      |    Inf |  14.56%
 time | node  | left  |LP iter|LP it/n|mem/heur|mdpt |vars |cons |rows |cuts |sepa|confs|strbr|  dualbound   | primalbound  |  gap   | compl. 
 5352s| 80400 |   969 | 45091k| 536.5 |   541M |  62 |1327 |1724 |3660 | 378k|  1 |  34k|  22 | 0.000000e+00 |      --      |    Inf |  14.56%
 5360s| 80500 |   961 | 45158k| 536.6 |   541M |  62 |1327 |1724 |3661 | 378k|  2 |  34k|  22 | 0.000000e+00 |      --      |    Inf |  14.56%
 5368s| 80600 |   959 | 45229k| 536.9 |   542M |  62 |1327 |1724 |3708 | 379k|  0 |  34k|  22 | 0.000000e+00 |      --      |    Inf |  14.56%
 5376s| 80700 |   970 | 45302k| 537.1 |   542M |  62 |1327 |1724 |3694 | 379k|  0 |  34k|  22 | 0.000000e+00 |      --      |    Inf |  14.56%
 5385s| 80800 |   964 | 45378k| 537.3 |   542M |  62 |1327 |1724 |3790 | 379k|  0 |  34k|  22 | 0.000000e+00 |      --      |    Inf |  14.56%
 5392s| 80900 |   972 | 45449k| 537.5 |   542M |  62 |1327 |1724 |3884 | 379k|  1 |  34k|  22 | 0.000000e+00 |      --      |    Inf |  14.56%
 5400s| 81000 |   964 | 45516k| 537.7 |   542M |  62 |1327 |1724 |3800 | 379k|  0 |  34k|  22 | 0.000000e+00 |      --      |    Inf |  14.56%
 5410s| 81100 |   962 | 45600k| 538.1 |   542M |  62 |1327 |1724 |3767 | 380k|  2 |  34k|  22 | 0.000000e+00 |      --      |    Inf |  14.56%
 5419s| 81200 |   956 | 45680k| 538.4 |   542M |  62 |1327 |1724 |3634 | 380k|  0 |  34k|  22 | 0.000000e+00 |      --      |    Inf |  14.56%
 5432s| 81300 |   986 | 45801k| 539.2 |   542M |  62 |1327 |1725 |3606 | 382k|  2 |  34k|  22 | 0.000000e+00 |      --      |    Inf |  14.56%
 5441s| 81400 |   993 | 45870k| 539.3 |   542M |  62 |1327 |1725 |3782 | 383k|  2 |  34k|  22 | 0.000000e+00 |      --      |    Inf |  14.56%
 5449s| 81500 |   996 | 45942k| 539.5 |   543M |  62 |1327 |1725 |3657 | 384k|  0 |  34k|  22 | 0.000000e+00 |      --      |    Inf |  14.56%
 5457s| 81600 |   995 | 46011k| 539.7 |   543M |  62 |1327 |1725 |3708 | 384k|  2 |  34k|  22 | 0.000000e+00 |      --      |    Inf |  14.56%
 5465s| 81700 |   985 | 46082k| 539.9 |   543M |  62 |1327 |1725 |3737 | 385k|  0 |  34k|  22 | 0.000000e+00 |      --      |    Inf |  14.56%
 5474s| 81800 |   995 | 46157k| 540.2 |   543M |  62 |1327 |1726 |3767 | 385k|  2 |  34k|  22 | 0.000000e+00 |      --      |    Inf |  14.56%
 time | node  | left  |LP iter|LP it/n|mem/heur|mdpt |vars |cons |rows |cuts |sepa|confs|strbr|  dualbound   | primalbound  |  gap   | compl. 
 5481s| 81900 |   993 | 46217k| 540.2 |   543M |  62 |1327 |1726 |3837 | 386k|  2 |  34k|  22 | 0.000000e+00 |      --      |    Inf |  14.56%
 5488s| 82000 |   987 | 46273k| 540.3 |   543M |  62 |1327 |1726 |3635 | 386k|  2 |  34k|  22 | 0.000000e+00 |      --      |    Inf |  14.56%
 5495s| 82100 |   983 | 46337k| 540.4 |   543M |  62 |1327 |1728 |3748 | 386k|  2 |  34k|  22 | 0.000000e+00 |      --      |    Inf |  14.56%
 5501s| 82200 |   989 | 46391k| 540.4 |   543M |  62 |1327 |1727 |3519 | 387k|  2 |  34k|  22 | 0.000000e+00 |      --      |    Inf |  14.56%
 5511s| 82300 |   989 | 46478k| 540.8 |   543M |  62 |1327 |1727 |3607 | 387k|  0 |  34k|  22 | 0.000000e+00 |      --      |    Inf |  14.56%
 5519s| 82400 |   987 | 46550k| 541.0 |   543M |  62 |1327 |1726 |3609 | 388k|  0 |  34k|  22 | 0.000000e+00 |      --      |    Inf |  14.56%
 5528s| 82500 |   981 | 46627k| 541.2 |   543M |  62 |1327 |1725 |3741 | 389k|  0 |  34k|  22 | 0.000000e+00 |      --      |    Inf |  14.56%
 5538s| 82600 |   987 | 46717k| 541.6 |   543M |  62 |1327 |1725 |   0 | 390k|  0 |  34k|  22 | 0.000000e+00 |      --      |    Inf |  14.56%
 5546s| 82700 |   987 | 46794k| 541.9 |   543M |  62 |1327 |1726 |3601 | 390k|  0 |  34k|  22 | 0.000000e+00 |      --      |    Inf |  14.56%
 5556s| 82800 |   980 | 46879k| 542.3 |   543M |  62 |1327 |1726 |3478 | 390k|  0 |  34k|  22 | 0.000000e+00 |      --      |    Inf |  14.56%
 5565s| 82900 |   978 | 46965k| 542.6 |   543M |  62 |1327 |1727 |3177 | 391k|  2 |  34k|  22 | 0.000000e+00 |      --      |    Inf |  14.56%
 5577s| 83000 |   986 | 47065k| 543.2 |   543M |  62 |1327 |1727 |   0 | 392k|  0 |  34k|  22 | 0.000000e+00 |      --      |    Inf |  14.56%
 5586s| 83100 |   979 | 47145k| 543.5 |   543M |  62 |1327 |1727 |3214 | 392k|  3 |  34k|  22 | 0.000000e+00 |      --      |    Inf |  14.56%
 5597s| 83200 |   989 | 47250k| 544.0 |   543M |  62 |1327 |1728 |3406 | 393k|  0 |  34k|  22 | 0.000000e+00 |      --      |    Inf |  14.56%
 5607s| 83300 |   989 | 47334k| 544.4 |   543M |  62 |1327 |1728 |3571 | 394k|  2 |  34k|  22 | 0.000000e+00 |      --      |    Inf |  14.56%
 time | node  | left  |LP iter|LP it/n|mem/heur|mdpt |vars |cons |rows |cuts |sepa|confs|strbr|  dualbound   | primalbound  |  gap   | compl. 
 5615s| 83400 |   988 | 47414k| 544.7 |   543M |  62 |1327 |1727 |3489 | 394k|  2 |  34k|  22 | 0.000000e+00 |      --      |    Inf |  14.56%
 5624s| 83500 |   982 | 47490k| 544.9 |   543M |  62 |1327 |1727 |3474 | 395k|  0 |  34k|  22 | 0.000000e+00 |      --      |    Inf |  14.56%
 5631s| 83600 |   986 | 47562k| 545.1 |   543M |  62 |1327 |1727 |3175 | 395k|  2 |  35k|  22 | 0.000000e+00 |      --      |    Inf |  14.56%
 5640s| 83700 |   996 | 47646k| 545.5 |   543M |  62 |1327 |1727 |3465 | 396k|  0 |  35k|  22 | 0.000000e+00 |      --      |    Inf |  14.56%
 5649s| 83800 |  1010 | 47722k| 545.7 |   543M |  62 |1327 |1726 |3462 | 397k|  0 |  35k|  22 | 0.000000e+00 |      --      |    Inf |  14.56%
 5655s| 83900 |  1012 | 47782k| 545.8 |   543M |  62 |1327 |1726 |3481 | 398k|  2 |  35k|  22 | 0.000000e+00 |      --      |    Inf |  14.56%
 5664s| 84000 |  1016 | 47856k| 546.0 |   543M |  62 |1327 |1726 |3871 | 398k|  2 |  35k|  22 | 0.000000e+00 |      --      |    Inf |  14.56%
 5673s| 84100 |  1018 | 47941k| 546.3 |   543M |  62 |1327 |1726 |4341 | 399k|  2 |  35k|  22 | 0.000000e+00 |      --      |    Inf |  14.56%
 5687s| 84200 |  1035 | 48050k| 547.0 |   543M |  62 |1327 |1726 |3448 | 400k|  2 |  35k|  22 | 0.000000e+00 |      --      |    Inf |  14.58%
 5695s| 84300 |  1035 | 48117k| 547.1 |   543M |  62 |1327 |1726 |3840 | 400k|  0 |  35k|  22 | 0.000000e+00 |      --      |    Inf |  14.58%
 5701s| 84400 |  1047 | 48175k| 547.1 |   543M |  62 |1327 |1727 |4191 | 401k|  2 |  35k|  22 | 0.000000e+00 |      --      |    Inf |  14.58%
 5707s| 84500 |  1040 | 48231k| 547.1 |   543M |  62 |1327 |1727 |4170 | 402k|  2 |  35k|  22 | 0.000000e+00 |      --      |    Inf |  14.58%
 5717s| 84600 |  1049 | 48312k| 547.5 |   544M |  62 |1327 |1726 |4739 | 402k|  2 |  35k|  22 | 0.000000e+00 |      --      |    Inf |  14.58%
 5723s| 84700 |  1055 | 48370k| 547.5 |   544M |  62 |1327 |1726 |3206 | 403k|  2 |  35k|  22 | 0.000000e+00 |      --      |    Inf |  14.58%
 5735s| 84800 |  1070 | 48474k| 548.0 |   544M |  62 |1327 |1726 |3527 | 405k|  2 |  35k|  22 | 0.000000e+00 |      --      |    Inf |  14.59%
 time | node  | left  |LP iter|LP it/n|mem/heur|mdpt |vars |cons |rows |cuts |sepa|confs|strbr|  dualbound   | primalbound  |  gap   | compl. 
 5747s| 84900 |  1066 | 48578k| 548.6 |   545M |  62 |1327 |1726 |3651 | 406k|  2 |  35k|  22 | 0.000000e+00 |      --      |    Inf |  14.59%
 5756s| 85000 |  1065 | 48651k| 548.8 |   545M |  62 |1327 |1727 |3178 | 407k|  2 |  35k|  22 | 0.000000e+00 |      --      |    Inf |  14.63%
 5762s| 85100 |  1091 | 48714k| 548.9 |   545M |  62 |1327 |1729 |3457 | 408k|  2 |  35k|  22 | 0.000000e+00 |      --      |    Inf |  14.63%
 5767s| 85200 |  1089 | 48758k| 548.8 |   545M |  62 |1327 |1727 |3526 | 408k|  0 |  35k|  22 | 0.000000e+00 |      --      |    Inf |  14.63%
 5774s| 85300 |  1087 | 48815k| 548.8 |   545M |  62 |1327 |1727 |3696 | 409k|  0 |  35k|  22 | 0.000000e+00 |      --      |    Inf |  14.63%
 5781s| 85400 |  1087 | 48878k| 548.9 |   545M |  62 |1327 |1727 |3481 | 409k|  2 |  35k|  22 | 0.000000e+00 |      --      |    Inf |  14.63%
 5787s| 85500 |  1078 | 48917k| 548.7 |   546M |  62 |1327 |1726 |3729 | 409k|  0 |  35k|  22 | 0.000000e+00 |      --      |    Inf |  14.63%
 5791s| 85600 |  1076 | 48957k| 548.5 |   546M |  62 |1327 |1726 |3294 | 409k|  2 |  35k|  22 | 0.000000e+00 |      --      |    Inf |  14.63%
 5797s| 85700 |  1076 | 48996k| 548.4 |   547M |  62 |1327 |1726 |3424 | 410k|  0 |  35k|  22 | 0.000000e+00 |      --      |    Inf |  14.63%
 5802s| 85800 |  1080 | 49038k| 548.2 |   547M |  62 |1327 |1726 |3401 | 410k|  2 |  35k|  22 | 0.000000e+00 |      --      |    Inf |  14.63%
 5807s| 85900 |  1081 | 49081k| 548.1 |   548M |  62 |1327 |1728 |3221 | 411k|  0 |  35k|  22 | 0.000000e+00 |      --      |    Inf |  14.63%
 5810s| 86000 |  1077 | 49110k| 547.8 |   548M |  62 |1327 |1728 |   0 | 412k|  0 |  35k|  22 | 0.000000e+00 |      --      |    Inf |  14.63%
 5815s| 86100 |  1081 | 49157k| 547.7 |   548M |  62 |1327 |1728 |4027 | 412k|  0 |  35k|  22 | 0.000000e+00 |      --      |    Inf |  14.63%
 5822s| 86200 |  1077 | 49206k| 547.6 |   548M |  62 |1327 |1728 |3998 | 412k|  2 |  35k|  22 | 0.000000e+00 |      --      |    Inf |  14.63%
 5829s| 86300 |  1085 | 49260k| 547.6 |   548M |  62 |1327 |1729 |4139 | 413k|  2 |  36k|  22 | 0.000000e+00 |      --      |    Inf |  14.63%
 time | node  | left  |LP iter|LP it/n|mem/heur|mdpt |vars |cons |rows |cuts |sepa|confs|strbr|  dualbound   | primalbound  |  gap   | compl. 
 5837s| 86400 |  1082 | 49332k| 547.8 |   548M |  62 |1327 |1737 |3203 | 414k|  0 |  36k|  22 | 0.000000e+00 |      --      |    Inf |  14.63%
 5847s| 86500 |  1082 | 49413k| 548.1 |   548M |  62 |1327 |1737 |4540 | 414k|  2 |  36k|  22 | 0.000000e+00 |      --      |    Inf |  14.63%
 5856s| 86600 |  1089 | 49493k| 548.4 |   549M |  62 |1327 |1737 |4723 | 415k|  1 |  36k|  22 | 0.000000e+00 |      --      |    Inf |  14.63%
 5866s| 86700 |  1104 | 49581k| 548.8 |   549M |  62 |1327 |1737 |4121 | 417k|  2 |  36k|  22 | 0.000000e+00 |      --      |    Inf |  14.64%
 5873s| 86800 |  1105 | 49644k| 548.9 |   550M |  62 |1327 |1738 |3051 | 418k|  2 |  36k|  22 | 0.000000e+00 |      --      |    Inf |  14.64%
 5880s| 86900 |  1105 | 49717k| 549.1 |   550M |  62 |1327 |1738 |3628 | 419k|  2 |  36k|  22 | 0.000000e+00 |      --      |    Inf |  14.64%
 5891s| 87000 |  1122 | 49805k| 549.4 |   550M |  62 |1327 |1740 |4199 | 419k|  0 |  36k|  22 | 0.000000e+00 |      --      |    Inf |  14.64%
 5900s| 87100 |  1128 | 49867k| 549.5 |   551M |  62 |1327 |1741 |3860 | 420k|  2 |  36k|  22 | 0.000000e+00 |      --      |    Inf |  14.64%
 5908s| 87200 |  1124 | 49923k| 549.5 |   552M |  62 |1327 |1741 |4157 | 420k|  0 |  36k|  22 | 0.000000e+00 |      --      |    Inf |  14.64%
 5917s| 87300 |  1131 | 49983k| 549.6 |   552M |  62 |1327 |1741 |4115 | 420k|  0 |  36k|  22 | 0.000000e+00 |      --      |    Inf |  14.64%
 5929s| 87400 |  1151 | 50074k| 550.0 |   552M |  62 |1327 |1742 |4136 | 421k|  2 |  36k|  22 | 0.000000e+00 |      --      |    Inf |  14.64%
 5941s| 87500 |  1149 | 50159k| 550.3 |   552M |  62 |1327 |1740 |3648 | 421k|  2 |  36k|  22 | 0.000000e+00 |      --      |    Inf |  14.64%
 5949s| 87600 |  1159 | 50225k| 550.4 |   552M |  62 |1327 |1740 |3499 | 422k|  0 |  36k|  22 | 0.000000e+00 |      --      |    Inf |  14.64%
 5958s| 87700 |  1160 | 50295k| 550.6 |   552M |  62 |1327 |1740 |3532 | 422k|  0 |  36k|  22 | 0.000000e+00 |      --      |    Inf |  14.64%
 5968s| 87800 |  1162 | 50360k| 550.7 |   553M |  62 |1327 |1740 |3508 | 423k|  2 |  36k|  22 | 0.000000e+00 |      --      |    Inf |  14.64%
 time | node  | left  |LP iter|LP it/n|mem/heur|mdpt |vars |cons |rows |cuts |sepa|confs|strbr|  dualbound   | primalbound  |  gap   | compl. 
 5978s| 87900 |  1162 | 50421k| 550.8 |   553M |  62 |1327 |1740 |3533 | 423k|  2 |  36k|  22 | 0.000000e+00 |      --      |    Inf |  14.64%
 5987s| 88000 |  1160 | 50488k| 550.9 |   553M |  62 |1327 |1740 |3536 | 423k|  0 |  36k|  22 | 0.000000e+00 |      --      |    Inf |  14.64%
 5996s| 88100 |  1154 | 50559k| 551.1 |   553M |  62 |1327 |1740 |4026 | 424k|  2 |  36k|  22 | 0.000000e+00 |      --      |    Inf |  14.64%
 6004s| 88200 |  1155 | 50621k| 551.1 |   553M |  62 |1327 |1735 |3622 | 424k|  0 |  36k|  22 | 0.000000e+00 |      --      |    Inf |  14.64%
 6014s| 88300 |  1161 | 50710k| 551.5 |   553M |  62 |1327 |1734 |3461 | 426k|  1 |  36k|  22 | 0.000000e+00 |      --      |    Inf |  14.64%
 6026s| 88400 |  1175 | 50806k| 551.9 |   553M |  62 |1327 |1733 |3454 | 426k|  2 |  36k|  22 | 0.000000e+00 |      --      |    Inf |  14.64%
 6034s| 88500 |  1161 | 50868k| 552.0 |   553M |  62 |1327 |1733 |4154 | 426k|  0 |  37k|  22 | 0.000000e+00 |      --      |    Inf |  14.64%
 6044s| 88600 |  1163 | 50954k| 552.4 |   553M |  62 |1327 |1732 |3420 | 427k|  2 |  37k|  22 | 0.000000e+00 |      --      |    Inf |  14.64%
 6055s| 88700 |  1157 | 51038k| 552.7 |   553M |  62 |1327 |1728 |4278 | 427k|  0 |  37k|  22 | 0.000000e+00 |      --      |    Inf |  14.64%
 6064s| 88800 |  1154 | 51104k| 552.8 |   553M |  62 |1327 |1727 |3543 | 428k|  0 |  37k|  22 | 0.000000e+00 |      --      |    Inf |  14.64%
 6077s| 88900 |  1170 | 51212k| 553.4 |   553M |  62 |1327 |1727 |3739 | 429k|  2 |  37k|  22 | 0.000000e+00 |      --      |    Inf |  14.64%
 6090s| 89000 |  1182 | 51318k| 553.9 |   553M |  62 |1327 |1726 |3634 | 430k|  2 |  37k|  22 | 0.000000e+00 |      --      |    Inf |  14.64%
 6098s| 89100 |  1184 | 51395k| 554.1 |   553M |  62 |1327 |1726 |3584 | 430k|  2 |  37k|  22 | 0.000000e+00 |      --      |    Inf |  14.64%
 6109s| 89200 |  1179 | 51482k| 554.5 |   553M |  62 |1327 |1726 |3494 | 431k|  0 |  37k|  22 | 0.000000e+00 |      --      |    Inf |  14.64%
 6117s| 89300 |  1174 | 51561k| 554.7 |   553M |  62 |1327 |1726 |3480 | 432k|  0 |  37k|  22 | 0.000000e+00 |      --      |    Inf |  14.64%
 time | node  | left  |LP iter|LP it/n|mem/heur|mdpt |vars |cons |rows |cuts |sepa|confs|strbr|  dualbound   | primalbound  |  gap   | compl. 
 6126s| 89400 |  1166 | 51639k| 555.0 |   553M |  62 |1327 |1726 |3780 | 432k|  2 |  37k|  22 | 0.000000e+00 |      --      |    Inf |  14.64%
 6137s| 89500 |  1164 | 51743k| 555.5 |   553M |  62 |1327 |1726 |3526 | 433k|  2 |  37k|  22 | 0.000000e+00 |      --      |    Inf |  14.64%
pressed CTRL-C 1 times (5 times for forcing termination)

SCIP Status        : solving was interrupted [user interrupt]
Solving Time (sec) : 6144.00
Solving Nodes      : 89564 (total of 93204 nodes in 2 runs)
Primal Bound       : +1.00000000000000e+20 (0 solutions)
Dual Bound         : +0.00000000000000e+00
Gap                : infinite


no solution available

SCIP> 