
Gurobi 13.0.1 (win64, gurobi_cl) logging started Wed Apr 22 17:23:21 2026

Set parameter WLSAccessID
Set parameter WLSSecret
Set parameter LicenseID to value 2811917
Set parameter LogFile to value "N22_R8_K3_0_21_split_21_fix0B_5_exact_fixrestA_wo_lem_str4_v7.log"
Using license file C:\Users\artik\gurobi.lic
Academic license 2811917 - for non-commercial use only - registered to ar___@ukma.edu.ua

Gurobi Optimizer version 13.0.1 build v13.0.1rc0 (win64 - Windows 11+.0 (26200.2))
Copyright (c) 2026, Gurobi Optimization, LLC

Warning: Numeric variable name in LP file ('0') - often the result
         of a constant term in the left-hand side of a constraint.

Read LP format model from file N22_R8_K3_0_21_split_21_fix0B_5_exact_fixrestA_wo_lem_str4_v7.lp
Reading time = 0.01 seconds
obj: 6995 rows, 1949 columns, 26658 nonzeros

Using Gurobi shared library D:\gurobi\win64\bin\gurobi130.dll

CPU model: 12th Gen Intel(R) Core(TM) i7-12700H, instruction set [SSE2|AVX|AVX2]
Thread count: 14 physical cores, 20 logical processors, using up to 20 threads

Academic license 2811917 - for non-commercial use only - registered to ar___@ukma.edu.ua
Optimize a model with 6995 rows, 1949 columns and 26658 nonzeros (Min)
Model fingerprint: 0x32ae1a5e
Model has 1 linear objective coefficients
Variable types: 1 continuous, 1948 integer (1925 binary)
Coefficient statistics:
  Matrix range     [1e+00, 6e+01]
  Objective range  [1e+00, 1e+00]
  Bounds range     [1e+00, 2e+01]
  RHS range        [1e+00, 6e+01]

Presolve removed 3480 rows and 872 columns
Presolve time: 0.03s
Presolved: 3515 rows, 1077 columns, 13594 nonzeros
Variable types: 0 continuous, 1077 integer (1056 binary)

Root relaxation: objective 0.000000e+00, 1323 iterations, 0.06 seconds (0.11 work units)

    Nodes    |    Current Node    |     Objective Bounds      |     Work
 Expl Unexpl |  Obj  Depth IntInf | Incumbent    BestBd   Gap | It/Node Time

     0     0    0.00000    0  229          -    0.00000      -     -    0s
     0     0    0.00000    0  206          -    0.00000      -     -    0s
     0     0    0.00000    0  195          -    0.00000      -     -    0s
     0     0    0.00000    0  219          -    0.00000      -     -    0s
     0     0    0.00000    0  219          -    0.00000      -     -    0s
     0     0    0.00000    0  202          -    0.00000      -     -    0s
     0     0    0.00000    0  240          -    0.00000      -     -    0s
     0     0    0.00000    0  199          -    0.00000      -     -    1s
     0     0    0.00000    0  186          -    0.00000      -     -    1s
     0     0    0.00000    0  116          -    0.00000      -     -    1s
     0     0    0.00000    0   85          -    0.00000      -     -    1s
     0     0    0.00000    0  147          -    0.00000      -     -    1s
     0     0    0.00000    0  138          -    0.00000      -     -    1s
     0     0    0.00000    0  138          -    0.00000      -     -    1s
     0     0    0.00000    0  143          -    0.00000      -     -    1s
     0     0    0.00000    0  132          -    0.00000      -     -    1s
     0     0    0.00000    0  132          -    0.00000      -     -    1s
     0     0    0.00000    0  132          -    0.00000      -     -    1s
     0     0    0.00000    0  132          -    0.00000      -     -    1s
     0     2    0.00000    0  132          -    0.00000      -     -    2s
   925   907    0.00000   29  172          -    0.00000      -   218    6s
  2589  1606 infeasible   34               -    0.00000      -   241   11s
  3960  1898    0.00000   39  208          -    0.00000      -   257   15s
  3979  1910    0.00000   26   93          -    0.00000      -   256   20s
  4287  2147    0.00000   27  128          -    0.00000      -   263   26s
  4595  2615    0.00000   29  142          -    0.00000      -   261   31s
  5377  3056 infeasible   26               -    0.00000      -   262   35s
  9498  2598 infeasible   46               -    0.00000      -   261   41s
 13982  2986    0.00000   24  140          -    0.00000      -   258   45s
 17794  3955    0.00000   39  146          -    0.00000      -   260   50s
 21729  4746 infeasible   43               -    0.00000      -   264   55s
 23073  5100 infeasible   52               -    0.00000      -   267   61s
 23606  5611    0.00000   34  120          -    0.00000      -   269   65s
 26818  6379 infeasible   61               -    0.00000      -   273   71s
 28102  6915    0.00000   62   86          -    0.00000      -   271   76s
 30848  7706    0.00000   64  157          -    0.00000      -   273   81s
 34788  8660 infeasible   55               -    0.00000      -   273   87s
 38498  9710 infeasible   76               -    0.00000      -   274   91s
 42423 10465    0.00000   71  103          -    0.00000      -   274   97s
 45336 11127 infeasible   63               -    0.00000      -   275  102s
 47030 11592 infeasible   72               -    0.00000      -   276  125s
 49113 11686    0.00000   62  160          -    0.00000      -   277  132s
 49847 12022    0.00000   57  229          -    0.00000      -   277  138s
 51647 12398 infeasible   66               -    0.00000      -   278  142s
 53930 13021    0.00000   73  118          -    0.00000      -   279  145s
 58575 13500 infeasible   52               -    0.00000      -   281  151s
 59354 13504 infeasible   67               -    0.00000      -   282  156s
 59390 13579 infeasible   67               -    0.00000      -   282  160s
 60306 14005 infeasible   69               -    0.00000      -   282  168s
 61781 14398 infeasible   42               -    0.00000      -   282  173s
 64164 14746    0.00000   40  152          -    0.00000      -   283  178s
 65772 15331    0.00000   61  161          -    0.00000      -   284  182s
 68201 15779 infeasible   74               -    0.00000      -   285  187s
Exploring 50000 nodes in MinRel heuristic
MinRel: 0 nodes explored, relaxation 2.10e+01, total elapsed time 190s
MinRel: 268 nodes explored, relaxation 1.20e+01, total elapsed time 195s
MinRel: 794 nodes explored, relaxation 1.20e+01, total elapsed time 200s
MinRel: 811 nodes explored, relaxation 1.20e+01, total elapsed time 205s
MinRel: 1270 nodes explored, relaxation 1.00e+01, total elapsed time 210s
MinRel: 3672 nodes explored, relaxation 6.00e+00, total elapsed time 215s
MinRel: 3692 nodes explored, relaxation 6.00e+00, total elapsed time 220s
MinRel: 3828 nodes explored, relaxation 6.00e+00, total elapsed time 225s
MinRel: 4104 nodes explored, relaxation 6.00e+00, total elapsed time 230s
MinRel: 4274 nodes explored, relaxation 6.00e+00, total elapsed time 235s
MinRel: 5139 nodes explored, relaxation 6.00e+00, total elapsed time 240s
MinRel: 6593 nodes explored, relaxation 6.00e+00, total elapsed time 245s
MinRel: 7314 nodes explored, relaxation 6.00e+00, total elapsed time 250s
MinRel: 9325 nodes explored, relaxation 6.00e+00, total elapsed time 255s
MinRel: 10414 nodes explored, relaxation 6.00e+00, total elapsed time 260s
MinRel: 13006 nodes explored, relaxation 6.00e+00, total elapsed time 265s
MinRel: 14689 nodes explored, relaxation 6.00e+00, total elapsed time 270s
MinRel: 14799 nodes explored, relaxation 6.00e+00, total elapsed time 275s
MinRel: 15174 nodes explored, relaxation 6.00e+00, total elapsed time 280s
MinRel: 17254 nodes explored, relaxation 6.00e+00, total elapsed time 285s
MinRel: 17275 nodes explored, relaxation 6.00e+00, total elapsed time 290s
MinRel: 17451 nodes explored, relaxation 6.00e+00, total elapsed time 295s
MinRel: 18573 nodes explored, relaxation 6.00e+00, total elapsed time 300s
MinRel: 20429 nodes explored, relaxation 6.00e+00, total elapsed time 305s
MinRel: 21801 nodes explored, relaxation 6.00e+00, total elapsed time 310s
MinRel: 21801 nodes explored, relaxation 6.00e+00, total elapsed time 315s
MinRel: 23463 nodes explored, relaxation 6.00e+00, total elapsed time 320s
MinRel: 24285 nodes explored, relaxation 6.00e+00, total elapsed time 325s
MinRel: 24997 nodes explored, relaxation 6.00e+00, total elapsed time 330s
MinRel: 25674 nodes explored, relaxation 6.00e+00, total elapsed time 335s
MinRel: 26615 nodes explored, relaxation 6.00e+00, total elapsed time 340s
MinRel: 27566 nodes explored, relaxation 6.00e+00, total elapsed time 345s
MinRel: 27920 nodes explored, relaxation 6.00e+00, total elapsed time 350s
MinRel: 29144 nodes explored, relaxation 6.00e+00, total elapsed time 355s
MinRel: 29144 nodes explored, relaxation 6.00e+00, total elapsed time 360s
MinRel: 29440 nodes explored, relaxation 6.00e+00, total elapsed time 365s
MinRel: 29832 nodes explored, relaxation 6.00e+00, total elapsed time 370s
MinRel: 29832 nodes explored, relaxation 6.00e+00, total elapsed time 375s
MinRel: 30571 nodes explored, relaxation 6.00e+00, total elapsed time 380s
MinRel: 31678 nodes explored, relaxation 5.00e+00, total elapsed time 385s
MinRel: 31678 nodes explored, relaxation 5.00e+00, total elapsed time 390s
MinRel: 33016 nodes explored, relaxation 5.00e+00, total elapsed time 395s
MinRel: 34260 nodes explored, relaxation 5.00e+00, total elapsed time 400s
MinRel: 34260 nodes explored, relaxation 5.00e+00, total elapsed time 405s
MinRel: 35425 nodes explored, relaxation 5.00e+00, total elapsed time 410s
MinRel: 35425 nodes explored, relaxation 5.00e+00, total elapsed time 415s
MinRel: 35621 nodes explored, relaxation 5.00e+00, total elapsed time 420s
MinRel: 35716 nodes explored, relaxation 5.00e+00, total elapsed time 425s
MinRel: 37207 nodes explored, relaxation 5.00e+00, total elapsed time 430s
MinRel: 38674 nodes explored, relaxation 5.00e+00, total elapsed time 435s
MinRel: 41869 nodes explored, relaxation 5.00e+00, total elapsed time 440s
MinRel: 43592 nodes explored, relaxation 5.00e+00, total elapsed time 445s
MinRel: 43592 nodes explored, relaxation 5.00e+00, total elapsed time 450s
MinRel: 43592 nodes explored, relaxation 5.00e+00, total elapsed time 455s
MinRel: 43592 nodes explored, relaxation 5.00e+00, total elapsed time 460s
MinRel: 45958 nodes explored, relaxation 5.00e+00, total elapsed time 465s
MinRel: 47059 nodes explored, relaxation 5.00e+00, total elapsed time 470s
MinRel: 48393 nodes explored, relaxation 5.00e+00, total elapsed time 475s
MinRel: 48508 nodes explored, relaxation 5.00e+00, total elapsed time 480s
MinRel: 49166 nodes explored, relaxation 5.00e+00, total elapsed time 485s
MinRel: 49166 nodes explored, relaxation 5.00e+00, total elapsed time 490s
No solution found by MinRel heuristic
 71215 15781    0.00000   41  219          -    0.00000      -   287  565s
 71232 15793    0.00000   53  132          -    0.00000      -   287  570s
 71855 16105    0.00000   28  127          -    0.00000      -   287  576s
 71906 16253    0.00000   29  130          -    0.00000      -   287  580s
 72567 16795    0.00000   35  152          -    0.00000      -   286  590s
 74115 17023    0.00000   49  136          -    0.00000      -   286  596s
 76585 16641 infeasible   68               -    0.00000      -   287  600s
 80013 15708    0.00000   48  185          -    0.00000      -   288  605s
 81226 15535 infeasible   50               -    0.00000      -   287  610s
 83588 15198    0.00000   48  120          -    0.00000      -   288  615s
 88543 14161 infeasible   76               -    0.00000      -   289  620s
 92522 13400 infeasible   62               -    0.00000      -   290  625s
 96308 12476    0.00000   52  109          -    0.00000      -   290  630s
 99796 12208 infeasible   63               -    0.00000      -   291  635s
 103289 11281 infeasible   59               -    0.00000      -   292  642s
 103421 11255    0.00000   73  106          -    0.00000      -   292  645s
 103905 11231 infeasible   56               -    0.00000      -   292  650s
 105379 11003 infeasible   77               -    0.00000      -   292  658s
 106880 10731 infeasible   76               -    0.00000      -   292  661s
 108312 10693    0.00000   58  199          -    0.00000      -   292  665s
 114104  9311 infeasible   72               -    0.00000      -   293  672s
 116939  8669    0.00000   56  104          -    0.00000      -   293  675s
 122124  8577    0.00000   61  119          -    0.00000      -   293  681s
 124436  8927 infeasible   65               -    0.00000      -   293  685s
 129616  9348    0.00000   71  143          -    0.00000      -   294  691s
 132250  9844    0.00000   71   74          -    0.00000      -   295  697s
 134428 10029 infeasible   60               -    0.00000      -   295  700s
 138842 10571    0.00000   63   86          -    0.00000      -   296  705s
 143170 10979 infeasible   74               -    0.00000      -   297  711s
 143412 11193    0.00000   49  191          -    0.00000      -   297  715s
 146653 11841 infeasible   58               -    0.00000      -   297  720s
 151756 12569    0.00000   54  227          -    0.00000      -   298  727s
 155745 12980 infeasible   50               -    0.00000      -   299  732s
 158029 13139 infeasible   71               -    0.00000      -   299  735s
 162231 13466 infeasible   69               -    0.00000      -   300  740s
 165915 13761    0.00000   78  130          -    0.00000      -   300  746s
 166437 13875    0.00000   80  129          -    0.00000      -   300  752s
 167105 14249    0.00000   46  152          -    0.00000      -   301  755s
 171486 14731    0.00000   76   86          -    0.00000      -   302  762s
 173827 15045    0.00000   57   37          -    0.00000      -   302  765s
 178826 15492    0.00000   56  157          -    0.00000      -   302  770s
 181797 15719    0.00000   73  188          -    0.00000      -   303  776s
 185184 16076 infeasible   68               -    0.00000      -   303  782s
 187094 16203    0.00000   63  125          -    0.00000      -   303  785s
 191096 16571 infeasible   72               -    0.00000      -   303  792s
 193396 16794    0.00000   79  134          -    0.00000      -   303  795s
 197613 17717    0.00000   49  167          -    0.00000      -   303  801s
 199875 17765 infeasible   67               -    0.00000      -   304  805s
 202874 18594 infeasible   64               -    0.00000      -   304  812s
 205587 18936    0.00000   61  191          -    0.00000      -   304  815s
 209859 19427    0.00000   50  151          -    0.00000      -   305  821s
 214278 19982 infeasible   70               -    0.00000      -   306  828s
 216373 20213 infeasible   62               -    0.00000      -   306  831s
 218787 20747    0.00000   57  185          -    0.00000      -   306  838s
 220404 21109 infeasible   57               -    0.00000      -   306  841s
 222753 21280 infeasible   61               -    0.00000      -   307  845s
 226036 21735    0.00000   54  202          -    0.00000      -   307  853s
 227453 22057    0.00000   55  209          -    0.00000      -   308  859s
 229755 22303    0.00000   56  201          -    0.00000      -   308  863s
 232036 22411    0.00000   57  219          -    0.00000      -   309  868s
 232905 22756    0.00000   58  210          -    0.00000      -   309  873s
 235799 23211 infeasible   59               -    0.00000      -   309  878s
 239202 23552    0.00000   50  123          -    0.00000      -   309  883s
 242385 23784    0.00000   61  103          -    0.00000      -   309  887s
 245314 24014 infeasible   77               -    0.00000      -   309  890s
 249962 24427    0.00000   66   94          -    0.00000      -   309  897s
 251981 24455    0.00000   51  147          -    0.00000      -   309  900s
 253699 24911    0.00000   77  128          -    0.00000      -   309  907s
 256195 25258    0.00000   51  172          -    0.00000      -   310  911s
 260809 25895 infeasible   56               -    0.00000      -   310  917s
 263043 26135    0.00000   67  164          -    0.00000      -   310  920s
 267407 26605    0.00000   55  118          -    0.00000      -   311  925s
 270745 26855    0.00000   56  108          -    0.00000      -   311  933s
 270779 29154    0.00000   57  197          -    0.00000      -   311  973s
 290779 29430 infeasible   73               -    0.00000      -   313  978s
 294573 29483 infeasible   77               -    0.00000      -   312  983s
 295720 29569    0.00000   80  131          -    0.00000      -   311  989s
 296847 30026    0.00000   81  137          -    0.00000      -   311  998s
 303180 30253    0.00000   73   83          -    0.00000      -   310 1002s
 307484 30264    0.00000   64  207          -    0.00000      -   309 1005s
 312996 30283    0.00000   64   56          -    0.00000      -   308 1010s
 317278 30486 infeasible   73               -    0.00000      -   308 1015s
 322372 30829 infeasible   54               -    0.00000      -   308 1020s
 326089 31099    0.00000   66  136          -    0.00000      -   308 1025s
 329818 31466 infeasible   78               -    0.00000      -   308 1030s
 333907 31772 infeasible   58               -    0.00000      -   308 1035s
 337419 32142    0.00000   62  201          -    0.00000      -   309 1041s
 341741 32457 infeasible   65               -    0.00000      -   309 1046s
Exploring 500000 nodes in MinRel heuristic
MinRel: 0 nodes explored, relaxation 1.40e+01, total elapsed time 1050s
MinRel: 474 nodes explored, relaxation 1.20e+01, total elapsed time 1055s
MinRel: 794 nodes explored, relaxation 1.20e+01, total elapsed time 1060s
MinRel: 811 nodes explored, relaxation 1.20e+01, total elapsed time 1065s
MinRel: 1270 nodes explored, relaxation 1.00e+01, total elapsed time 1070s
MinRel: 1270 nodes explored, relaxation 1.00e+01, total elapsed time 1075s
MinRel: 1270 nodes explored, relaxation 1.00e+01, total elapsed time 1080s
MinRel: 3375 nodes explored, relaxation 6.00e+00, total elapsed time 1085s
MinRel: 3674 nodes explored, relaxation 6.00e+00, total elapsed time 1090s
MinRel: 3682 nodes explored, relaxation 6.00e+00, total elapsed time 1095s
MinRel: 3692 nodes explored, relaxation 6.00e+00, total elapsed time 1100s
MinRel: 3785 nodes explored, relaxation 6.00e+00, total elapsed time 1105s
MinRel: 3828 nodes explored, relaxation 6.00e+00, total elapsed time 1110s
MinRel: 4104 nodes explored, relaxation 6.00e+00, total elapsed time 1115s
MinRel: 4104 nodes explored, relaxation 6.00e+00, total elapsed time 1120s
MinRel: 4144 nodes explored, relaxation 6.00e+00, total elapsed time 1125s
MinRel: 4144 nodes explored, relaxation 6.00e+00, total elapsed time 1130s
MinRel: 4274 nodes explored, relaxation 6.00e+00, total elapsed time 1135s
MinRel: 4274 nodes explored, relaxation 6.00e+00, total elapsed time 1140s
MinRel: 5139 nodes explored, relaxation 6.00e+00, total elapsed time 1145s
MinRel: 5139 nodes explored, relaxation 6.00e+00, total elapsed time 1150s
MinRel: 5139 nodes explored, relaxation 6.00e+00, total elapsed time 1155s
MinRel: 6593 nodes explored, relaxation 6.00e+00, total elapsed time 1160s
MinRel: 6593 nodes explored, relaxation 6.00e+00, total elapsed time 1165s
MinRel: 7314 nodes explored, relaxation 6.00e+00, total elapsed time 1170s
MinRel: 7314 nodes explored, relaxation 6.00e+00, total elapsed time 1175s
MinRel: 9325 nodes explored, relaxation 6.00e+00, total elapsed time 1180s
MinRel: 9325 nodes explored, relaxation 6.00e+00, total elapsed time 1185s
MinRel: 10414 nodes explored, relaxation 6.00e+00, total elapsed time 1190s
MinRel: 10414 nodes explored, relaxation 6.00e+00, total elapsed time 1195s
MinRel: 11622 nodes explored, relaxation 6.00e+00, total elapsed time 1200s
MinRel: 13006 nodes explored, relaxation 6.00e+00, total elapsed time 1205s
MinRel: 13006 nodes explored, relaxation 6.00e+00, total elapsed time 1210s
MinRel: 14689 nodes explored, relaxation 6.00e+00, total elapsed time 1215s
MinRel: 14708 nodes explored, relaxation 6.00e+00, total elapsed time 1220s
MinRel: 14709 nodes explored, relaxation 6.00e+00, total elapsed time 1225s
MinRel: 15174 nodes explored, relaxation 6.00e+00, total elapsed time 1230s
MinRel: 16082 nodes explored, relaxation 6.00e+00, total elapsed time 1235s
MinRel: 17275 nodes explored, relaxation 6.00e+00, total elapsed time 1240s
MinRel: 17884 nodes explored, relaxation 6.00e+00, total elapsed time 1245s
MinRel: 19352 nodes explored, relaxation 6.00e+00, total elapsed time 1250s
MinRel: 20429 nodes explored, relaxation 6.00e+00, total elapsed time 1255s
MinRel: 23463 nodes explored, relaxation 6.00e+00, total elapsed time 1260s
MinRel: 25674 nodes explored, relaxation 6.00e+00, total elapsed time 1265s
MinRel: 27566 nodes explored, relaxation 6.00e+00, total elapsed time 1270s
MinRel: 29144 nodes explored, relaxation 6.00e+00, total elapsed time 1275s
MinRel: 29832 nodes explored, relaxation 6.00e+00, total elapsed time 1280s
MinRel: 30571 nodes explored, relaxation 6.00e+00, total elapsed time 1285s
MinRel: 33016 nodes explored, relaxation 5.00e+00, total elapsed time 1290s
MinRel: 34260 nodes explored, relaxation 5.00e+00, total elapsed time 1295s
MinRel: 35621 nodes explored, relaxation 5.00e+00, total elapsed time 1300s
MinRel: 35716 nodes explored, relaxation 5.00e+00, total elapsed time 1305s
MinRel: 37207 nodes explored, relaxation 5.00e+00, total elapsed time 1310s
MinRel: 38674 nodes explored, relaxation 5.00e+00, total elapsed time 1315s
MinRel: 40424 nodes explored, relaxation 5.00e+00, total elapsed time 1320s
MinRel: 41869 nodes explored, relaxation 5.00e+00, total elapsed time 1325s
MinRel: 43592 nodes explored, relaxation 5.00e+00, total elapsed time 1330s
MinRel: 43592 nodes explored, relaxation 5.00e+00, total elapsed time 1335s
MinRel: 43592 nodes explored, relaxation 5.00e+00, total elapsed time 1340s
MinRel: 45958 nodes explored, relaxation 5.00e+00, total elapsed time 1345s
MinRel: 45958 nodes explored, relaxation 5.00e+00, total elapsed time 1350s
MinRel: 47059 nodes explored, relaxation 5.00e+00, total elapsed time 1355s
MinRel: 48393 nodes explored, relaxation 5.00e+00, total elapsed time 1360s
MinRel: 48508 nodes explored, relaxation 5.00e+00, total elapsed time 1365s
MinRel: 49166 nodes explored, relaxation 5.00e+00, total elapsed time 1370s
MinRel: 49166 nodes explored, relaxation 5.00e+00, total elapsed time 1375s
MinRel: 50910 nodes explored, relaxation 5.00e+00, total elapsed time 1380s
MinRel: 50927 nodes explored, relaxation 5.00e+00, total elapsed time 1385s
MinRel: 51287 nodes explored, relaxation 5.00e+00, total elapsed time 1390s
MinRel: 51287 nodes explored, relaxation 5.00e+00, total elapsed time 1395s
MinRel: 52753 nodes explored, relaxation 5.00e+00, total elapsed time 1400s
MinRel: 52753 nodes explored, relaxation 5.00e+00, total elapsed time 1405s
MinRel: 55174 nodes explored, relaxation 5.00e+00, total elapsed time 1410s
MinRel: 57609 nodes explored, relaxation 5.00e+00, total elapsed time 1415s
MinRel: 57609 nodes explored, relaxation 5.00e+00, total elapsed time 1420s
MinRel: 59959 nodes explored, relaxation 5.00e+00, total elapsed time 1425s
MinRel: 60367 nodes explored, relaxation 5.00e+00, total elapsed time 1430s
MinRel: 60367 nodes explored, relaxation 5.00e+00, total elapsed time 1435s
MinRel: 60567 nodes explored, relaxation 5.00e+00, total elapsed time 1440s
MinRel: 60822 nodes explored, relaxation 5.00e+00, total elapsed time 1445s
MinRel: 61423 nodes explored, relaxation 5.00e+00, total elapsed time 1450s
MinRel: 61423 nodes explored, relaxation 5.00e+00, total elapsed time 1455s
MinRel: 61423 nodes explored, relaxation 5.00e+00, total elapsed time 1460s
MinRel: 61423 nodes explored, relaxation 5.00e+00, total elapsed time 1465s
MinRel: 63674 nodes explored, relaxation 5.00e+00, total elapsed time 1470s
MinRel: 63674 nodes explored, relaxation 5.00e+00, total elapsed time 1475s
MinRel: 63674 nodes explored, relaxation 5.00e+00, total elapsed time 1480s
MinRel: 65799 nodes explored, relaxation 5.00e+00, total elapsed time 1485s
MinRel: 65799 nodes explored, relaxation 5.00e+00, total elapsed time 1490s
MinRel: 65799 nodes explored, relaxation 5.00e+00, total elapsed time 1495s
MinRel: 65799 nodes explored, relaxation 5.00e+00, total elapsed time 1500s
MinRel: 67852 nodes explored, relaxation 5.00e+00, total elapsed time 1505s
MinRel: 67852 nodes explored, relaxation 5.00e+00, total elapsed time 1510s
MinRel: 67852 nodes explored, relaxation 5.00e+00, total elapsed time 1515s
MinRel: 69338 nodes explored, relaxation 5.00e+00, total elapsed time 1520s
MinRel: 69338 nodes explored, relaxation 5.00e+00, total elapsed time 1525s
MinRel: 69338 nodes explored, relaxation 5.00e+00, total elapsed time 1530s
MinRel: 69338 nodes explored, relaxation 5.00e+00, total elapsed time 1535s
MinRel: 71846 nodes explored, relaxation 5.00e+00, total elapsed time 1540s
MinRel: 71846 nodes explored, relaxation 5.00e+00, total elapsed time 1545s
MinRel: 71846 nodes explored, relaxation 5.00e+00, total elapsed time 1550s
MinRel: 73630 nodes explored, relaxation 5.00e+00, total elapsed time 1555s
MinRel: 73630 nodes explored, relaxation 5.00e+00, total elapsed time 1560s
MinRel: 73630 nodes explored, relaxation 5.00e+00, total elapsed time 1565s
MinRel: 75127 nodes explored, relaxation 5.00e+00, total elapsed time 1570s
MinRel: 75127 nodes explored, relaxation 5.00e+00, total elapsed time 1575s
MinRel: 77079 nodes explored, relaxation 5.00e+00, total elapsed time 1580s
MinRel: 77079 nodes explored, relaxation 5.00e+00, total elapsed time 1585s
MinRel: 77079 nodes explored, relaxation 5.00e+00, total elapsed time 1590s
MinRel: 78933 nodes explored, relaxation 5.00e+00, total elapsed time 1595s
MinRel: 78933 nodes explored, relaxation 5.00e+00, total elapsed time 1600s
MinRel: 78933 nodes explored, relaxation 5.00e+00, total elapsed time 1605s
MinRel: 80841 nodes explored, relaxation 5.00e+00, total elapsed time 1610s
MinRel: 80841 nodes explored, relaxation 5.00e+00, total elapsed time 1615s
MinRel: 80841 nodes explored, relaxation 5.00e+00, total elapsed time 1620s
MinRel: 82124 nodes explored, relaxation 5.00e+00, total elapsed time 1625s
MinRel: 82124 nodes explored, relaxation 5.00e+00, total elapsed time 1630s
MinRel: 82124 nodes explored, relaxation 5.00e+00, total elapsed time 1635s
MinRel: 82141 nodes explored, relaxation 5.00e+00, total elapsed time 1640s
MinRel: 82141 nodes explored, relaxation 5.00e+00, total elapsed time 1645s
MinRel: 82141 nodes explored, relaxation 5.00e+00, total elapsed time 1650s
MinRel: 82259 nodes explored, relaxation 5.00e+00, total elapsed time 1655s
MinRel: 82259 nodes explored, relaxation 5.00e+00, total elapsed time 1660s
MinRel: 82259 nodes explored, relaxation 5.00e+00, total elapsed time 1665s
MinRel: 82277 nodes explored, relaxation 5.00e+00, total elapsed time 1670s
MinRel: 82277 nodes explored, relaxation 5.00e+00, total elapsed time 1675s
MinRel: 82277 nodes explored, relaxation 5.00e+00, total elapsed time 1681s
MinRel: 82752 nodes explored, relaxation 5.00e+00, total elapsed time 1685s
MinRel: 82752 nodes explored, relaxation 5.00e+00, total elapsed time 1690s
MinRel: 82752 nodes explored, relaxation 5.00e+00, total elapsed time 1695s
MinRel: 84295 nodes explored, relaxation 5.00e+00, total elapsed time 1700s
MinRel: 84295 nodes explored, relaxation 5.00e+00, total elapsed time 1705s
MinRel: 84295 nodes explored, relaxation 5.00e+00, total elapsed time 1710s
MinRel: 86277 nodes explored, relaxation 5.00e+00, total elapsed time 1715s
MinRel: 86277 nodes explored, relaxation 5.00e+00, total elapsed time 1720s
MinRel: 86277 nodes explored, relaxation 5.00e+00, total elapsed time 1725s
MinRel: 88176 nodes explored, relaxation 5.00e+00, total elapsed time 1730s
MinRel: 88176 nodes explored, relaxation 5.00e+00, total elapsed time 1735s
MinRel: 88176 nodes explored, relaxation 5.00e+00, total elapsed time 1740s
MinRel: 88176 nodes explored, relaxation 5.00e+00, total elapsed time 1745s
MinRel: 90954 nodes explored, relaxation 5.00e+00, total elapsed time 1750s
MinRel: 90954 nodes explored, relaxation 5.00e+00, total elapsed time 1755s
MinRel: 92159 nodes explored, relaxation 5.00e+00, total elapsed time 1760s
MinRel: 92159 nodes explored, relaxation 5.00e+00, total elapsed time 1765s
MinRel: 92159 nodes explored, relaxation 5.00e+00, total elapsed time 1770s
MinRel: 93595 nodes explored, relaxation 5.00e+00, total elapsed time 1775s
MinRel: 93595 nodes explored, relaxation 5.00e+00, total elapsed time 1780s
MinRel: 93595 nodes explored, relaxation 5.00e+00, total elapsed time 1785s
MinRel: 95180 nodes explored, relaxation 5.00e+00, total elapsed time 1790s
MinRel: 95180 nodes explored, relaxation 5.00e+00, total elapsed time 1795s
MinRel: 95181 nodes explored, relaxation 5.00e+00, total elapsed time 1800s
MinRel: 96825 nodes explored, relaxation 5.00e+00, total elapsed time 1805s
MinRel: 96825 nodes explored, relaxation 5.00e+00, total elapsed time 1810s
MinRel: 98511 nodes explored, relaxation 5.00e+00, total elapsed time 1815s
MinRel: 98511 nodes explored, relaxation 5.00e+00, total elapsed time 1820s
MinRel: 98511 nodes explored, relaxation 5.00e+00, total elapsed time 1825s
MinRel: 98681 nodes explored, relaxation 5.00e+00, total elapsed time 1830s
MinRel: 98681 nodes explored, relaxation 5.00e+00, total elapsed time 1835s
MinRel: 98681 nodes explored, relaxation 5.00e+00, total elapsed time 1840s
MinRel: 100015 nodes explored, relaxation 5.00e+00, total elapsed time 1845s
MinRel: 100015 nodes explored, relaxation 5.00e+00, total elapsed time 1850s
MinRel: 100015 nodes explored, relaxation 5.00e+00, total elapsed time 1855s
MinRel: 102011 nodes explored, relaxation 5.00e+00, total elapsed time 1860s
MinRel: 102011 nodes explored, relaxation 5.00e+00, total elapsed time 1865s
MinRel: 102011 nodes explored, relaxation 5.00e+00, total elapsed time 1870s
MinRel: 104037 nodes explored, relaxation 5.00e+00, total elapsed time 1875s
MinRel: 104037 nodes explored, relaxation 5.00e+00, total elapsed time 1880s
MinRel: 104037 nodes explored, relaxation 5.00e+00, total elapsed time 1885s
MinRel: 105503 nodes explored, relaxation 5.00e+00, total elapsed time 1890s
MinRel: 105503 nodes explored, relaxation 5.00e+00, total elapsed time 1895s
MinRel: 105503 nodes explored, relaxation 5.00e+00, total elapsed time 1900s
MinRel: 107268 nodes explored, relaxation 5.00e+00, total elapsed time 1905s
MinRel: 107268 nodes explored, relaxation 5.00e+00, total elapsed time 1910s
MinRel: 107269 nodes explored, relaxation 5.00e+00, total elapsed time 1915s
MinRel: 109454 nodes explored, relaxation 5.00e+00, total elapsed time 1920s
MinRel: 109454 nodes explored, relaxation 5.00e+00, total elapsed time 1925s
MinRel: 109454 nodes explored, relaxation 5.00e+00, total elapsed time 1930s
MinRel: 111624 nodes explored, relaxation 5.00e+00, total elapsed time 1935s
MinRel: 111624 nodes explored, relaxation 5.00e+00, total elapsed time 1940s
MinRel: 111624 nodes explored, relaxation 5.00e+00, total elapsed time 1945s
MinRel: 113623 nodes explored, relaxation 5.00e+00, total elapsed time 1950s
MinRel: 113623 nodes explored, relaxation 5.00e+00, total elapsed time 1955s
MinRel: 115617 nodes explored, relaxation 5.00e+00, total elapsed time 1960s
MinRel: 115617 nodes explored, relaxation 5.00e+00, total elapsed time 1965s
MinRel: 115617 nodes explored, relaxation 5.00e+00, total elapsed time 1970s
MinRel: 116960 nodes explored, relaxation 5.00e+00, total elapsed time 1975s
MinRel: 116960 nodes explored, relaxation 5.00e+00, total elapsed time 1980s
MinRel: 116961 nodes explored, relaxation 5.00e+00, total elapsed time 1985s
MinRel: 118828 nodes explored, relaxation 4.00e+00, total elapsed time 1990s
MinRel: 118828 nodes explored, relaxation 4.00e+00, total elapsed time 1995s
MinRel: 118930 nodes explored, relaxation 4.00e+00, total elapsed time 2000s
MinRel: 118930 nodes explored, relaxation 4.00e+00, total elapsed time 2005s
MinRel: 118930 nodes explored, relaxation 4.00e+00, total elapsed time 2010s
MinRel: 119372 nodes explored, relaxation 4.00e+00, total elapsed time 2015s
MinRel: 119372 nodes explored, relaxation 4.00e+00, total elapsed time 2020s
MinRel: 119372 nodes explored, relaxation 4.00e+00, total elapsed time 2026s
MinRel: 120333 nodes explored, relaxation 4.00e+00, total elapsed time 2030s
MinRel: 120333 nodes explored, relaxation 4.00e+00, total elapsed time 2035s
MinRel: 120333 nodes explored, relaxation 4.00e+00, total elapsed time 2040s
MinRel: 121922 nodes explored, relaxation 4.00e+00, total elapsed time 2045s
MinRel: 121922 nodes explored, relaxation 4.00e+00, total elapsed time 2050s
MinRel: 121922 nodes explored, relaxation 4.00e+00, total elapsed time 2055s
MinRel: 123923 nodes explored, relaxation 4.00e+00, total elapsed time 2060s
MinRel: 123923 nodes explored, relaxation 4.00e+00, total elapsed time 2065s
MinRel: 123923 nodes explored, relaxation 4.00e+00, total elapsed time 2070s
MinRel: 125956 nodes explored, relaxation 4.00e+00, total elapsed time 2075s
MinRel: 125956 nodes explored, relaxation 4.00e+00, total elapsed time 2080s
MinRel: 125956 nodes explored, relaxation 4.00e+00, total elapsed time 2085s
MinRel: 127542 nodes explored, relaxation 4.00e+00, total elapsed time 2090s
MinRel: 127542 nodes explored, relaxation 4.00e+00, total elapsed time 2095s
MinRel: 127542 nodes explored, relaxation 4.00e+00, total elapsed time 2100s
MinRel: 128719 nodes explored, relaxation 4.00e+00, total elapsed time 2105s
MinRel: 128719 nodes explored, relaxation 4.00e+00, total elapsed time 2110s
MinRel: 128719 nodes explored, relaxation 4.00e+00, total elapsed time 2115s
MinRel: 129672 nodes explored, relaxation 4.00e+00, total elapsed time 2120s
MinRel: 130475 nodes explored, relaxation 4.00e+00, total elapsed time 2125s
MinRel: 130475 nodes explored, relaxation 4.00e+00, total elapsed time 2130s
MinRel: 132420 nodes explored, relaxation 4.00e+00, total elapsed time 2135s
MinRel: 132420 nodes explored, relaxation 4.00e+00, total elapsed time 2140s
MinRel: 134294 nodes explored, relaxation 4.00e+00, total elapsed time 2145s
MinRel: 134294 nodes explored, relaxation 4.00e+00, total elapsed time 2150s
MinRel: 136480 nodes explored, relaxation 4.00e+00, total elapsed time 2155s
MinRel: 136480 nodes explored, relaxation 4.00e+00, total elapsed time 2160s
MinRel: 136480 nodes explored, relaxation 4.00e+00, total elapsed time 2165s
MinRel: 138334 nodes explored, relaxation 4.00e+00, total elapsed time 2170s
MinRel: 138334 nodes explored, relaxation 4.00e+00, total elapsed time 2175s
MinRel: 140024 nodes explored, relaxation 4.00e+00, total elapsed time 2180s
MinRel: 141196 nodes explored, relaxation 4.00e+00, total elapsed time 2185s
MinRel: 141216 nodes explored, relaxation 4.00e+00, total elapsed time 2190s
MinRel: 141216 nodes explored, relaxation 4.00e+00, total elapsed time 2195s
MinRel: 141233 nodes explored, relaxation 4.00e+00, total elapsed time 2200s
MinRel: 141233 nodes explored, relaxation 4.00e+00, total elapsed time 2205s
MinRel: 141367 nodes explored, relaxation 4.00e+00, total elapsed time 2210s
MinRel: 141673 nodes explored, relaxation 4.00e+00, total elapsed time 2215s
MinRel: 141673 nodes explored, relaxation 4.00e+00, total elapsed time 2220s
MinRel: 141673 nodes explored, relaxation 4.00e+00, total elapsed time 2225s
MinRel: 142714 nodes explored, relaxation 4.00e+00, total elapsed time 2230s
MinRel: 142714 nodes explored, relaxation 4.00e+00, total elapsed time 2235s
MinRel: 142714 nodes explored, relaxation 4.00e+00, total elapsed time 2240s
MinRel: 144229 nodes explored, relaxation 4.00e+00, total elapsed time 2245s
MinRel: 144229 nodes explored, relaxation 4.00e+00, total elapsed time 2250s
MinRel: 144229 nodes explored, relaxation 4.00e+00, total elapsed time 2255s
MinRel: 145918 nodes explored, relaxation 4.00e+00, total elapsed time 2260s
MinRel: 145918 nodes explored, relaxation 4.00e+00, total elapsed time 2265s
MinRel: 145918 nodes explored, relaxation 4.00e+00, total elapsed time 2270s
MinRel: 145936 nodes explored, relaxation 4.00e+00, total elapsed time 2275s
MinRel: 145936 nodes explored, relaxation 4.00e+00, total elapsed time 2280s
MinRel: 145936 nodes explored, relaxation 4.00e+00, total elapsed time 2285s
MinRel: 145937 nodes explored, relaxation 4.00e+00, total elapsed time 2290s
MinRel: 146316 nodes explored, relaxation 4.00e+00, total elapsed time 2295s
MinRel: 146316 nodes explored, relaxation 4.00e+00, total elapsed time 2300s
MinRel: 146316 nodes explored, relaxation 4.00e+00, total elapsed time 2305s
MinRel: 148378 nodes explored, relaxation 4.00e+00, total elapsed time 2310s
MinRel: 148378 nodes explored, relaxation 4.00e+00, total elapsed time 2315s
MinRel: 148378 nodes explored, relaxation 4.00e+00, total elapsed time 2320s
MinRel: 148378 nodes explored, relaxation 4.00e+00, total elapsed time 2325s
MinRel: 149667 nodes explored, relaxation 4.00e+00, total elapsed time 2330s
MinRel: 149667 nodes explored, relaxation 4.00e+00, total elapsed time 2335s
MinRel: 149667 nodes explored, relaxation 4.00e+00, total elapsed time 2340s
MinRel: 150297 nodes explored, relaxation 4.00e+00, total elapsed time 2345s
MinRel: 150297 nodes explored, relaxation 4.00e+00, total elapsed time 2350s
MinRel: 150811 nodes explored, relaxation 4.00e+00, total elapsed time 2355s
MinRel: 150811 nodes explored, relaxation 4.00e+00, total elapsed time 2360s
MinRel: 151547 nodes explored, relaxation 4.00e+00, total elapsed time 2365s
MinRel: 152101 nodes explored, relaxation 4.00e+00, total elapsed time 2370s
MinRel: 152101 nodes explored, relaxation 4.00e+00, total elapsed time 2375s
MinRel: 154491 nodes explored, relaxation 4.00e+00, total elapsed time 2380s
MinRel: 156909 nodes explored, relaxation 4.00e+00, total elapsed time 2385s
MinRel: 156909 nodes explored, relaxation 4.00e+00, total elapsed time 2390s
MinRel: 158680 nodes explored, relaxation 4.00e+00, total elapsed time 2395s
MinRel: 160618 nodes explored, relaxation 4.00e+00, total elapsed time 2400s
MinRel: 162410 nodes explored, relaxation 4.00e+00, total elapsed time 2405s
MinRel: 163673 nodes explored, relaxation 4.00e+00, total elapsed time 2410s
MinRel: 163673 nodes explored, relaxation 4.00e+00, total elapsed time 2415s
MinRel: 165221 nodes explored, relaxation 4.00e+00, total elapsed time 2420s
MinRel: 167117 nodes explored, relaxation 4.00e+00, total elapsed time 2425s
MinRel: 168848 nodes explored, relaxation 4.00e+00, total elapsed time 2430s
MinRel: 170553 nodes explored, relaxation 4.00e+00, total elapsed time 2435s
MinRel: 170553 nodes explored, relaxation 4.00e+00, total elapsed time 2440s
MinRel: 172046 nodes explored, relaxation 4.00e+00, total elapsed time 2445s
MinRel: 172063 nodes explored, relaxation 4.00e+00, total elapsed time 2450s
MinRel: 172277 nodes explored, relaxation 4.00e+00, total elapsed time 2455s
MinRel: 172997 nodes explored, relaxation 4.00e+00, total elapsed time 2460s
MinRel: 174382 nodes explored, relaxation 4.00e+00, total elapsed time 2465s
MinRel: 174382 nodes explored, relaxation 4.00e+00, total elapsed time 2470s
MinRel: 176241 nodes explored, relaxation 4.00e+00, total elapsed time 2475s
MinRel: 176241 nodes explored, relaxation 4.00e+00, total elapsed time 2480s
MinRel: 179122 nodes explored, relaxation 4.00e+00, total elapsed time 2485s
MinRel: 180278 nodes explored, relaxation 4.00e+00, total elapsed time 2490s
MinRel: 181933 nodes explored, relaxation 4.00e+00, total elapsed time 2495s
MinRel: 181933 nodes explored, relaxation 4.00e+00, total elapsed time 2500s
MinRel: 183495 nodes explored, relaxation 4.00e+00, total elapsed time 2505s
MinRel: 184809 nodes explored, relaxation 4.00e+00, total elapsed time 2510s
MinRel: 186766 nodes explored, relaxation 4.00e+00, total elapsed time 2515s
MinRel: 188555 nodes explored, relaxation 4.00e+00, total elapsed time 2520s
MinRel: 188555 nodes explored, relaxation 4.00e+00, total elapsed time 2525s
MinRel: 190417 nodes explored, relaxation 4.00e+00, total elapsed time 2530s
MinRel: 192226 nodes explored, relaxation 4.00e+00, total elapsed time 2535s
MinRel: 193973 nodes explored, relaxation 4.00e+00, total elapsed time 2540s
MinRel: 196172 nodes explored, relaxation 4.00e+00, total elapsed time 2545s
MinRel: 196172 nodes explored, relaxation 4.00e+00, total elapsed time 2550s
MinRel: 198017 nodes explored, relaxation 4.00e+00, total elapsed time 2555s
MinRel: 198017 nodes explored, relaxation 4.00e+00, total elapsed time 2560s
MinRel: 200926 nodes explored, relaxation 4.00e+00, total elapsed time 2565s
MinRel: 202415 nodes explored, relaxation 4.00e+00, total elapsed time 2570s
MinRel: 203549 nodes explored, relaxation 4.00e+00, total elapsed time 2575s
MinRel: 205195 nodes explored, relaxation 4.00e+00, total elapsed time 2580s
MinRel: 207201 nodes explored, relaxation 4.00e+00, total elapsed time 2585s
MinRel: 208669 nodes explored, relaxation 4.00e+00, total elapsed time 2590s
MinRel: 210352 nodes explored, relaxation 4.00e+00, total elapsed time 2595s
MinRel: 212006 nodes explored, relaxation 4.00e+00, total elapsed time 2600s
MinRel: 213461 nodes explored, relaxation 4.00e+00, total elapsed time 2605s
MinRel: 213478 nodes explored, relaxation 4.00e+00, total elapsed time 2610s
MinRel: 213478 nodes explored, relaxation 4.00e+00, total elapsed time 2615s
MinRel: 213496 nodes explored, relaxation 4.00e+00, total elapsed time 2620s
MinRel: 213994 nodes explored, relaxation 4.00e+00, total elapsed time 2625s
MinRel: 215031 nodes explored, relaxation 4.00e+00, total elapsed time 2630s
MinRel: 216555 nodes explored, relaxation 4.00e+00, total elapsed time 2635s
MinRel: 216574 nodes explored, relaxation 4.00e+00, total elapsed time 2640s
MinRel: 216574 nodes explored, relaxation 4.00e+00, total elapsed time 2645s
MinRel: 216596 nodes explored, relaxation 4.00e+00, total elapsed time 2650s
MinRel: 216620 nodes explored, relaxation 4.00e+00, total elapsed time 2655s
MinRel: 217175 nodes explored, relaxation 4.00e+00, total elapsed time 2660s
MinRel: 217175 nodes explored, relaxation 4.00e+00, total elapsed time 2665s
MinRel: 218417 nodes explored, relaxation 4.00e+00, total elapsed time 2670s
MinRel: 220600 nodes explored, relaxation 4.00e+00, total elapsed time 2675s
MinRel: 220600 nodes explored, relaxation 4.00e+00, total elapsed time 2680s
MinRel: 223101 nodes explored, relaxation 4.00e+00, total elapsed time 2685s
MinRel: 223101 nodes explored, relaxation 4.00e+00, total elapsed time 2690s
MinRel: 224759 nodes explored, relaxation 4.00e+00, total elapsed time 2695s
MinRel: 226123 nodes explored, relaxation 4.00e+00, total elapsed time 2700s
MinRel: 226165 nodes explored, relaxation 4.00e+00, total elapsed time 2705s
MinRel: 227984 nodes explored, relaxation 4.00e+00, total elapsed time 2710s
MinRel: 229790 nodes explored, relaxation 4.00e+00, total elapsed time 2715s
MinRel: 231618 nodes explored, relaxation 4.00e+00, total elapsed time 2720s
MinRel: 233499 nodes explored, relaxation 4.00e+00, total elapsed time 2725s
MinRel: 235153 nodes explored, relaxation 4.00e+00, total elapsed time 2730s
MinRel: 236378 nodes explored, relaxation 4.00e+00, total elapsed time 2735s
MinRel: 236378 nodes explored, relaxation 4.00e+00, total elapsed time 2740s
MinRel: 237115 nodes explored, relaxation 4.00e+00, total elapsed time 2745s
MinRel: 238968 nodes explored, relaxation 4.00e+00, total elapsed time 2750s
MinRel: 238968 nodes explored, relaxation 4.00e+00, total elapsed time 2755s
MinRel: 238968 nodes explored, relaxation 4.00e+00, total elapsed time 2760s
MinRel: 240779 nodes explored, relaxation 4.00e+00, total elapsed time 2765s
MinRel: 240779 nodes explored, relaxation 4.00e+00, total elapsed time 2770s
MinRel: 241807 nodes explored, relaxation 4.00e+00, total elapsed time 2775s
MinRel: 242716 nodes explored, relaxation 4.00e+00, total elapsed time 2780s
MinRel: 242716 nodes explored, relaxation 4.00e+00, total elapsed time 2785s
MinRel: 242716 nodes explored, relaxation 4.00e+00, total elapsed time 2790s
MinRel: 245081 nodes explored, relaxation 4.00e+00, total elapsed time 2795s
MinRel: 245081 nodes explored, relaxation 4.00e+00, total elapsed time 2800s
MinRel: 245081 nodes explored, relaxation 4.00e+00, total elapsed time 2805s
MinRel: 246970 nodes explored, relaxation 4.00e+00, total elapsed time 2810s
MinRel: 246970 nodes explored, relaxation 4.00e+00, total elapsed time 2815s
MinRel: 246971 nodes explored, relaxation 4.00e+00, total elapsed time 2820s
MinRel: 246988 nodes explored, relaxation 4.00e+00, total elapsed time 2825s
MinRel: 246988 nodes explored, relaxation 4.00e+00, total elapsed time 2830s
MinRel: 247007 nodes explored, relaxation 4.00e+00, total elapsed time 2835s
MinRel: 247007 nodes explored, relaxation 4.00e+00, total elapsed time 2840s
MinRel: 247007 nodes explored, relaxation 4.00e+00, total elapsed time 2845s
MinRel: 247666 nodes explored, relaxation 4.00e+00, total elapsed time 2850s
MinRel: 247666 nodes explored, relaxation 4.00e+00, total elapsed time 2855s
MinRel: 247666 nodes explored, relaxation 4.00e+00, total elapsed time 2860s
MinRel: 249033 nodes explored, relaxation 4.00e+00, total elapsed time 2865s
MinRel: 249033 nodes explored, relaxation 4.00e+00, total elapsed time 2870s
MinRel: 249033 nodes explored, relaxation 4.00e+00, total elapsed time 2875s
MinRel: 251068 nodes explored, relaxation 4.00e+00, total elapsed time 2880s
MinRel: 251068 nodes explored, relaxation 4.00e+00, total elapsed time 2885s
MinRel: 251068 nodes explored, relaxation 4.00e+00, total elapsed time 2890s
MinRel: 253087 nodes explored, relaxation 4.00e+00, total elapsed time 2895s
MinRel: 253087 nodes explored, relaxation 4.00e+00, total elapsed time 2900s
MinRel: 253087 nodes explored, relaxation 4.00e+00, total elapsed time 2905s
MinRel: 254947 nodes explored, relaxation 4.00e+00, total elapsed time 2910s
MinRel: 254947 nodes explored, relaxation 4.00e+00, total elapsed time 2915s
MinRel: 256881 nodes explored, relaxation 4.00e+00, total elapsed time 2920s
MinRel: 258279 nodes explored, relaxation 4.00e+00, total elapsed time 2925s
MinRel: 260226 nodes explored, relaxation 4.00e+00, total elapsed time 2930s
MinRel: 260226 nodes explored, relaxation 4.00e+00, total elapsed time 2935s
MinRel: 261723 nodes explored, relaxation 4.00e+00, total elapsed time 2940s
MinRel: 263780 nodes explored, relaxation 4.00e+00, total elapsed time 2945s
MinRel: 266234 nodes explored, relaxation 4.00e+00, total elapsed time 2950s
MinRel: 267741 nodes explored, relaxation 4.00e+00, total elapsed time 2955s
MinRel: 267741 nodes explored, relaxation 4.00e+00, total elapsed time 2960s
MinRel: 269515 nodes explored, relaxation 4.00e+00, total elapsed time 2965s
MinRel: 270996 nodes explored, relaxation 4.00e+00, total elapsed time 2970s
MinRel: 270996 nodes explored, relaxation 4.00e+00, total elapsed time 2975s
MinRel: 272685 nodes explored, relaxation 4.00e+00, total elapsed time 2980s
MinRel: 272685 nodes explored, relaxation 4.00e+00, total elapsed time 2985s
MinRel: 272685 nodes explored, relaxation 4.00e+00, total elapsed time 2990s
MinRel: 273898 nodes explored, relaxation 4.00e+00, total elapsed time 2995s
MinRel: 273898 nodes explored, relaxation 4.00e+00, total elapsed time 3000s
MinRel: 273898 nodes explored, relaxation 4.00e+00, total elapsed time 3005s
MinRel: 275495 nodes explored, relaxation 4.00e+00, total elapsed time 3010s
MinRel: 275495 nodes explored, relaxation 4.00e+00, total elapsed time 3015s
MinRel: 275495 nodes explored, relaxation 4.00e+00, total elapsed time 3020s
MinRel: 277310 nodes explored, relaxation 4.00e+00, total elapsed time 3025s
MinRel: 277310 nodes explored, relaxation 4.00e+00, total elapsed time 3030s
MinRel: 277310 nodes explored, relaxation 4.00e+00, total elapsed time 3035s
MinRel: 279179 nodes explored, relaxation 4.00e+00, total elapsed time 3040s
MinRel: 279179 nodes explored, relaxation 4.00e+00, total elapsed time 3045s
MinRel: 279404 nodes explored, relaxation 4.00e+00, total elapsed time 3050s
MinRel: 279404 nodes explored, relaxation 4.00e+00, total elapsed time 3055s
MinRel: 279404 nodes explored, relaxation 4.00e+00, total elapsed time 3060s
MinRel: 279696 nodes explored, relaxation 4.00e+00, total elapsed time 3065s
MinRel: 279696 nodes explored, relaxation 4.00e+00, total elapsed time 3070s
MinRel: 279696 nodes explored, relaxation 4.00e+00, total elapsed time 3075s
MinRel: 279952 nodes explored, relaxation 4.00e+00, total elapsed time 3080s
MinRel: 279952 nodes explored, relaxation 4.00e+00, total elapsed time 3085s
MinRel: 279952 nodes explored, relaxation 4.00e+00, total elapsed time 3090s
MinRel: 280154 nodes explored, relaxation 4.00e+00, total elapsed time 3095s
MinRel: 280154 nodes explored, relaxation 4.00e+00, total elapsed time 3100s
MinRel: 280154 nodes explored, relaxation 4.00e+00, total elapsed time 3105s
MinRel: 280401 nodes explored, relaxation 4.00e+00, total elapsed time 3110s
MinRel: 280401 nodes explored, relaxation 4.00e+00, total elapsed time 3115s
MinRel: 280401 nodes explored, relaxation 4.00e+00, total elapsed time 3120s
MinRel: 280733 nodes explored, relaxation 4.00e+00, total elapsed time 3125s
MinRel: 280733 nodes explored, relaxation 4.00e+00, total elapsed time 3130s
MinRel: 280733 nodes explored, relaxation 4.00e+00, total elapsed time 3135s
MinRel: 280733 nodes explored, relaxation 4.00e+00, total elapsed time 3140s
MinRel: 281444 nodes explored, relaxation 4.00e+00, total elapsed time 3145s
MinRel: 281444 nodes explored, relaxation 4.00e+00, total elapsed time 3150s
MinRel: 281444 nodes explored, relaxation 4.00e+00, total elapsed time 3155s
MinRel: 281444 nodes explored, relaxation 4.00e+00, total elapsed time 3160s
MinRel: 282208 nodes explored, relaxation 4.00e+00, total elapsed time 3165s
MinRel: 282208 nodes explored, relaxation 4.00e+00, total elapsed time 3170s
MinRel: 282208 nodes explored, relaxation 4.00e+00, total elapsed time 3175s
MinRel: 282208 nodes explored, relaxation 4.00e+00, total elapsed time 3180s
MinRel: 282436 nodes explored, relaxation 4.00e+00, total elapsed time 3185s
MinRel: 282436 nodes explored, relaxation 4.00e+00, total elapsed time 3190s
MinRel: 282436 nodes explored, relaxation 4.00e+00, total elapsed time 3195s
MinRel: 282436 nodes explored, relaxation 4.00e+00, total elapsed time 3200s
MinRel: 283836 nodes explored, relaxation 4.00e+00, total elapsed time 3205s
MinRel: 283836 nodes explored, relaxation 4.00e+00, total elapsed time 3210s
MinRel: 283836 nodes explored, relaxation 4.00e+00, total elapsed time 3215s
MinRel: 283836 nodes explored, relaxation 4.00e+00, total elapsed time 3220s
MinRel: 283836 nodes explored, relaxation 4.00e+00, total elapsed time 3225s
MinRel: 283836 nodes explored, relaxation 4.00e+00, total elapsed time 3230s
MinRel: 286705 nodes explored, relaxation 4.00e+00, total elapsed time 3235s
MinRel: 286705 nodes explored, relaxation 4.00e+00, total elapsed time 3240s
MinRel: 286705 nodes explored, relaxation 4.00e+00, total elapsed time 3245s
MinRel: 286705 nodes explored, relaxation 4.00e+00, total elapsed time 3250s
MinRel: 289198 nodes explored, relaxation 4.00e+00, total elapsed time 3255s
MinRel: 290693 nodes explored, relaxation 4.00e+00, total elapsed time 3260s
MinRel: 292789 nodes explored, relaxation 4.00e+00, total elapsed time 3265s
MinRel: 294335 nodes explored, relaxation 4.00e+00, total elapsed time 3270s
MinRel: 294335 nodes explored, relaxation 4.00e+00, total elapsed time 3275s
MinRel: 296249 nodes explored, relaxation 4.00e+00, total elapsed time 3280s
MinRel: 298181 nodes explored, relaxation 4.00e+00, total elapsed time 3285s
MinRel: 299051 nodes explored, relaxation 4.00e+00, total elapsed time 3290s
MinRel: 299404 nodes explored, relaxation 4.00e+00, total elapsed time 3295s
MinRel: 300918 nodes explored, relaxation 4.00e+00, total elapsed time 3300s
MinRel: 302943 nodes explored, relaxation 4.00e+00, total elapsed time 3305s
MinRel: 302943 nodes explored, relaxation 4.00e+00, total elapsed time 3310s
MinRel: 304712 nodes explored, relaxation 4.00e+00, total elapsed time 3315s
MinRel: 304731 nodes explored, relaxation 4.00e+00, total elapsed time 3320s
MinRel: 304831 nodes explored, relaxation 4.00e+00, total elapsed time 3325s
MinRel: 304831 nodes explored, relaxation 4.00e+00, total elapsed time 3330s
MinRel: 305224 nodes explored, relaxation 4.00e+00, total elapsed time 3335s
MinRel: 305947 nodes explored, relaxation 4.00e+00, total elapsed time 3340s
MinRel: 306951 nodes explored, relaxation 4.00e+00, total elapsed time 3345s
MinRel: 306951 nodes explored, relaxation 4.00e+00, total elapsed time 3350s
MinRel: 308527 nodes explored, relaxation 4.00e+00, total elapsed time 3355s
MinRel: 308527 nodes explored, relaxation 4.00e+00, total elapsed time 3360s
MinRel: 310941 nodes explored, relaxation 4.00e+00, total elapsed time 3365s
MinRel: 312168 nodes explored, relaxation 4.00e+00, total elapsed time 3370s
MinRel: 312168 nodes explored, relaxation 4.00e+00, total elapsed time 3375s
MinRel: 313912 nodes explored, relaxation 4.00e+00, total elapsed time 3380s
MinRel: 313931 nodes explored, relaxation 4.00e+00, total elapsed time 3385s
MinRel: 313971 nodes explored, relaxation 4.00e+00, total elapsed time 3390s
MinRel: 313971 nodes explored, relaxation 4.00e+00, total elapsed time 3395s
MinRel: 314614 nodes explored, relaxation 4.00e+00, total elapsed time 3400s
MinRel: 316386 nodes explored, relaxation 4.00e+00, total elapsed time 3405s
MinRel: 316386 nodes explored, relaxation 4.00e+00, total elapsed time 3410s
MinRel: 318530 nodes explored, relaxation 4.00e+00, total elapsed time 3415s
MinRel: 318530 nodes explored, relaxation 4.00e+00, total elapsed time 3420s
MinRel: 320679 nodes explored, relaxation 4.00e+00, total elapsed time 3425s
MinRel: 322621 nodes explored, relaxation 4.00e+00, total elapsed time 3430s
MinRel: 322621 nodes explored, relaxation 4.00e+00, total elapsed time 3435s
MinRel: 324177 nodes explored, relaxation 4.00e+00, total elapsed time 3440s
MinRel: 326242 nodes explored, relaxation 4.00e+00, total elapsed time 3445s
MinRel: 326242 nodes explored, relaxation 4.00e+00, total elapsed time 3450s
MinRel: 328156 nodes explored, relaxation 4.00e+00, total elapsed time 3455s
MinRel: 329986 nodes explored, relaxation 4.00e+00, total elapsed time 3460s
MinRel: 329986 nodes explored, relaxation 4.00e+00, total elapsed time 3465s
MinRel: 329986 nodes explored, relaxation 4.00e+00, total elapsed time 3470s
MinRel: 332448 nodes explored, relaxation 4.00e+00, total elapsed time 3475s
MinRel: 334438 nodes explored, relaxation 4.00e+00, total elapsed time 3480s
MinRel: 334438 nodes explored, relaxation 4.00e+00, total elapsed time 3485s
MinRel: 335851 nodes explored, relaxation 4.00e+00, total elapsed time 3490s
MinRel: 335851 nodes explored, relaxation 4.00e+00, total elapsed time 3495s
MinRel: 335852 nodes explored, relaxation 4.00e+00, total elapsed time 3500s
MinRel: 337377 nodes explored, relaxation 4.00e+00, total elapsed time 3505s
MinRel: 337377 nodes explored, relaxation 4.00e+00, total elapsed time 3510s
MinRel: 337377 nodes explored, relaxation 4.00e+00, total elapsed time 3515s
MinRel: 339187 nodes explored, relaxation 4.00e+00, total elapsed time 3520s
MinRel: 339187 nodes explored, relaxation 4.00e+00, total elapsed time 3525s
MinRel: 339187 nodes explored, relaxation 4.00e+00, total elapsed time 3530s
MinRel: 340962 nodes explored, relaxation 4.00e+00, total elapsed time 3535s
MinRel: 340962 nodes explored, relaxation 4.00e+00, total elapsed time 3540s
MinRel: 342062 nodes explored, relaxation 4.00e+00, total elapsed time 3545s
MinRel: 342632 nodes explored, relaxation 4.00e+00, total elapsed time 3550s
MinRel: 342632 nodes explored, relaxation 4.00e+00, total elapsed time 3555s
MinRel: 344447 nodes explored, relaxation 4.00e+00, total elapsed time 3560s
MinRel: 346229 nodes explored, relaxation 4.00e+00, total elapsed time 3565s
MinRel: 346229 nodes explored, relaxation 4.00e+00, total elapsed time 3570s
MinRel: 347598 nodes explored, relaxation 4.00e+00, total elapsed time 3575s
MinRel: 349441 nodes explored, relaxation 4.00e+00, total elapsed time 3580s
MinRel: 351021 nodes explored, relaxation 4.00e+00, total elapsed time 3585s
MinRel: 351021 nodes explored, relaxation 4.00e+00, total elapsed time 3590s
MinRel: 353282 nodes explored, relaxation 4.00e+00, total elapsed time 3595s
MinRel: 353282 nodes explored, relaxation 4.00e+00, total elapsed time 3600s
MinRel: 355044 nodes explored, relaxation 4.00e+00, total elapsed time 3605s
MinRel: 356546 nodes explored, relaxation 4.00e+00, total elapsed time 3610s
MinRel: 358505 nodes explored, relaxation 4.00e+00, total elapsed time 3615s
MinRel: 358524 nodes explored, relaxation 4.00e+00, total elapsed time 3620s
MinRel: 358524 nodes explored, relaxation 4.00e+00, total elapsed time 3625s
MinRel: 358548 nodes explored, relaxation 4.00e+00, total elapsed time 3630s
MinRel: 359363 nodes explored, relaxation 4.00e+00, total elapsed time 3635s
MinRel: 359505 nodes explored, relaxation 4.00e+00, total elapsed time 3640s
MinRel: 361083 nodes explored, relaxation 4.00e+00, total elapsed time 3645s
MinRel: 363138 nodes explored, relaxation 4.00e+00, total elapsed time 3650s
MinRel: 363138 nodes explored, relaxation 4.00e+00, total elapsed time 3655s
MinRel: 364978 nodes explored, relaxation 4.00e+00, total elapsed time 3660s
MinRel: 366918 nodes explored, relaxation 4.00e+00, total elapsed time 3665s
MinRel: 366918 nodes explored, relaxation 4.00e+00, total elapsed time 3670s
MinRel: 368586 nodes explored, relaxation 4.00e+00, total elapsed time 3675s
MinRel: 370048 nodes explored, relaxation 4.00e+00, total elapsed time 3680s
MinRel: 371647 nodes explored, relaxation 4.00e+00, total elapsed time 3685s
MinRel: 371647 nodes explored, relaxation 4.00e+00, total elapsed time 3690s
MinRel: 373462 nodes explored, relaxation 4.00e+00, total elapsed time 3695s
MinRel: 374216 nodes explored, relaxation 4.00e+00, total elapsed time 3700s
MinRel: 375726 nodes explored, relaxation 4.00e+00, total elapsed time 3705s
MinRel: 377451 nodes explored, relaxation 4.00e+00, total elapsed time 3710s
MinRel: 379369 nodes explored, relaxation 4.00e+00, total elapsed time 3715s
MinRel: 379369 nodes explored, relaxation 4.00e+00, total elapsed time 3720s
MinRel: 381415 nodes explored, relaxation 4.00e+00, total elapsed time 3725s
MinRel: 382682 nodes explored, relaxation 4.00e+00, total elapsed time 3730s
MinRel: 382682 nodes explored, relaxation 4.00e+00, total elapsed time 3735s
MinRel: 382682 nodes explored, relaxation 4.00e+00, total elapsed time 3740s
MinRel: 384412 nodes explored, relaxation 4.00e+00, total elapsed time 3745s
MinRel: 384412 nodes explored, relaxation 4.00e+00, total elapsed time 3750s
MinRel: 384412 nodes explored, relaxation 4.00e+00, total elapsed time 3755s
MinRel: 386147 nodes explored, relaxation 4.00e+00, total elapsed time 3760s
MinRel: 386147 nodes explored, relaxation 4.00e+00, total elapsed time 3765s
MinRel: 386147 nodes explored, relaxation 4.00e+00, total elapsed time 3770s
MinRel: 388215 nodes explored, relaxation 4.00e+00, total elapsed time 3775s
MinRel: 388215 nodes explored, relaxation 4.00e+00, total elapsed time 3780s
MinRel: 389254 nodes explored, relaxation 4.00e+00, total elapsed time 3785s
MinRel: 390171 nodes explored, relaxation 4.00e+00, total elapsed time 3790s
MinRel: 390171 nodes explored, relaxation 4.00e+00, total elapsed time 3795s
MinRel: 391935 nodes explored, relaxation 4.00e+00, total elapsed time 3800s
MinRel: 391935 nodes explored, relaxation 4.00e+00, total elapsed time 3805s
MinRel: 391935 nodes explored, relaxation 4.00e+00, total elapsed time 3810s
MinRel: 393698 nodes explored, relaxation 4.00e+00, total elapsed time 3815s
MinRel: 393698 nodes explored, relaxation 4.00e+00, total elapsed time 3820s
MinRel: 393716 nodes explored, relaxation 4.00e+00, total elapsed time 3825s
MinRel: 393716 nodes explored, relaxation 4.00e+00, total elapsed time 3830s
MinRel: 393716 nodes explored, relaxation 4.00e+00, total elapsed time 3835s
MinRel: 393733 nodes explored, relaxation 4.00e+00, total elapsed time 3840s
MinRel: 393733 nodes explored, relaxation 4.00e+00, total elapsed time 3845s
MinRel: 394125 nodes explored, relaxation 4.00e+00, total elapsed time 3850s
MinRel: 394125 nodes explored, relaxation 4.00e+00, total elapsed time 3855s
MinRel: 394125 nodes explored, relaxation 4.00e+00, total elapsed time 3860s
MinRel: 395385 nodes explored, relaxation 4.00e+00, total elapsed time 3865s
MinRel: 395385 nodes explored, relaxation 4.00e+00, total elapsed time 3870s
MinRel: 395385 nodes explored, relaxation 4.00e+00, total elapsed time 3875s
MinRel: 397682 nodes explored, relaxation 4.00e+00, total elapsed time 3880s
MinRel: 397682 nodes explored, relaxation 4.00e+00, total elapsed time 3885s
MinRel: 397682 nodes explored, relaxation 4.00e+00, total elapsed time 3890s
MinRel: 399691 nodes explored, relaxation 4.00e+00, total elapsed time 3895s
MinRel: 399691 nodes explored, relaxation 4.00e+00, total elapsed time 3900s
MinRel: 399691 nodes explored, relaxation 4.00e+00, total elapsed time 3905s
MinRel: 401322 nodes explored, relaxation 4.00e+00, total elapsed time 3910s
MinRel: 401322 nodes explored, relaxation 4.00e+00, total elapsed time 3915s
MinRel: 401322 nodes explored, relaxation 4.00e+00, total elapsed time 3920s
MinRel: 403106 nodes explored, relaxation 4.00e+00, total elapsed time 3925s
MinRel: 403106 nodes explored, relaxation 4.00e+00, total elapsed time 3930s
MinRel: 404974 nodes explored, relaxation 4.00e+00, total elapsed time 3935s
MinRel: 404974 nodes explored, relaxation 4.00e+00, total elapsed time 3940s
MinRel: 405830 nodes explored, relaxation 4.00e+00, total elapsed time 3945s
MinRel: 405830 nodes explored, relaxation 4.00e+00, total elapsed time 3950s
MinRel: 405830 nodes explored, relaxation 4.00e+00, total elapsed time 3955s
MinRel: 407247 nodes explored, relaxation 4.00e+00, total elapsed time 3960s
MinRel: 407247 nodes explored, relaxation 4.00e+00, total elapsed time 3965s
MinRel: 407247 nodes explored, relaxation 4.00e+00, total elapsed time 3970s
MinRel: 408984 nodes explored, relaxation 4.00e+00, total elapsed time 3975s
MinRel: 408984 nodes explored, relaxation 4.00e+00, total elapsed time 3980s
MinRel: 409058 nodes explored, relaxation 4.00e+00, total elapsed time 3985s
MinRel: 409075 nodes explored, relaxation 4.00e+00, total elapsed time 3990s
MinRel: 409134 nodes explored, relaxation 4.00e+00, total elapsed time 3995s
MinRel: 409651 nodes explored, relaxation 4.00e+00, total elapsed time 4000s
MinRel: 410621 nodes explored, relaxation 4.00e+00, total elapsed time 4005s
MinRel: 410621 nodes explored, relaxation 4.00e+00, total elapsed time 4010s
MinRel: 412093 nodes explored, relaxation 4.00e+00, total elapsed time 4015s
MinRel: 414192 nodes explored, relaxation 4.00e+00, total elapsed time 4020s
MinRel: 414192 nodes explored, relaxation 4.00e+00, total elapsed time 4025s
MinRel: 416193 nodes explored, relaxation 4.00e+00, total elapsed time 4030s
MinRel: 417267 nodes explored, relaxation 4.00e+00, total elapsed time 4035s
MinRel: 417267 nodes explored, relaxation 4.00e+00, total elapsed time 4040s
MinRel: 419680 nodes explored, relaxation 4.00e+00, total elapsed time 4045s
MinRel: 419680 nodes explored, relaxation 4.00e+00, total elapsed time 4050s
MinRel: 421364 nodes explored, relaxation 4.00e+00, total elapsed time 4055s
MinRel: 423201 nodes explored, relaxation 4.00e+00, total elapsed time 4060s
MinRel: 424867 nodes explored, relaxation 4.00e+00, total elapsed time 4065s
MinRel: 424867 nodes explored, relaxation 4.00e+00, total elapsed time 4070s
MinRel: 426470 nodes explored, relaxation 4.00e+00, total elapsed time 4075s
MinRel: 428226 nodes explored, relaxation 4.00e+00, total elapsed time 4080s
MinRel: 428226 nodes explored, relaxation 4.00e+00, total elapsed time 4085s
MinRel: 429174 nodes explored, relaxation 4.00e+00, total elapsed time 4090s
MinRel: 430870 nodes explored, relaxation 4.00e+00, total elapsed time 4095s
MinRel: 430870 nodes explored, relaxation 4.00e+00, total elapsed time 4100s
MinRel: 432638 nodes explored, relaxation 4.00e+00, total elapsed time 4105s
MinRel: 434167 nodes explored, relaxation 4.00e+00, total elapsed time 4110s
MinRel: 434523 nodes explored, relaxation 4.00e+00, total elapsed time 4115s
MinRel: 436310 nodes explored, relaxation 4.00e+00, total elapsed time 4120s
MinRel: 437592 nodes explored, relaxation 4.00e+00, total elapsed time 4125s
MinRel: 437592 nodes explored, relaxation 4.00e+00, total elapsed time 4130s
MinRel: 439612 nodes explored, relaxation 4.00e+00, total elapsed time 4135s
MinRel: 439612 nodes explored, relaxation 4.00e+00, total elapsed time 4140s
MinRel: 441100 nodes explored, relaxation 4.00e+00, total elapsed time 4145s
MinRel: 441100 nodes explored, relaxation 4.00e+00, total elapsed time 4150s
MinRel: 441100 nodes explored, relaxation 4.00e+00, total elapsed time 4155s
MinRel: 443739 nodes explored, relaxation 4.00e+00, total elapsed time 4160s
MinRel: 443760 nodes explored, relaxation 4.00e+00, total elapsed time 4165s
MinRel: 443760 nodes explored, relaxation 4.00e+00, total elapsed time 4170s
MinRel: 444241 nodes explored, relaxation 4.00e+00, total elapsed time 4175s
MinRel: 444241 nodes explored, relaxation 4.00e+00, total elapsed time 4180s
MinRel: 446155 nodes explored, relaxation 4.00e+00, total elapsed time 4185s
MinRel: 446830 nodes explored, relaxation 4.00e+00, total elapsed time 4190s
MinRel: 448259 nodes explored, relaxation 4.00e+00, total elapsed time 4195s
MinRel: 450636 nodes explored, relaxation 4.00e+00, total elapsed time 4200s
MinRel: 450636 nodes explored, relaxation 4.00e+00, total elapsed time 4205s
MinRel: 452842 nodes explored, relaxation 4.00e+00, total elapsed time 4210s
MinRel: 452842 nodes explored, relaxation 4.00e+00, total elapsed time 4215s
MinRel: 453983 nodes explored, relaxation 4.00e+00, total elapsed time 4220s
MinRel: 453983 nodes explored, relaxation 4.00e+00, total elapsed time 4225s
MinRel: 456141 nodes explored, relaxation 4.00e+00, total elapsed time 4230s
MinRel: 458249 nodes explored, relaxation 4.00e+00, total elapsed time 4235s
MinRel: 458249 nodes explored, relaxation 4.00e+00, total elapsed time 4240s
MinRel: 460385 nodes explored, relaxation 4.00e+00, total elapsed time 4245s
MinRel: 462415 nodes explored, relaxation 4.00e+00, total elapsed time 4250s
MinRel: 462415 nodes explored, relaxation 4.00e+00, total elapsed time 4255s
MinRel: 464812 nodes explored, relaxation 4.00e+00, total elapsed time 4260s
MinRel: 464812 nodes explored, relaxation 4.00e+00, total elapsed time 4265s
MinRel: 465768 nodes explored, relaxation 4.00e+00, total elapsed time 4270s
MinRel: 465768 nodes explored, relaxation 4.00e+00, total elapsed time 4275s
MinRel: 467900 nodes explored, relaxation 4.00e+00, total elapsed time 4280s
MinRel: 469813 nodes explored, relaxation 4.00e+00, total elapsed time 4285s
MinRel: 469813 nodes explored, relaxation 4.00e+00, total elapsed time 4290s
MinRel: 471618 nodes explored, relaxation 4.00e+00, total elapsed time 4295s
MinRel: 473357 nodes explored, relaxation 4.00e+00, total elapsed time 4300s
MinRel: 475368 nodes explored, relaxation 4.00e+00, total elapsed time 4305s
MinRel: 475368 nodes explored, relaxation 4.00e+00, total elapsed time 4310s
MinRel: 477326 nodes explored, relaxation 4.00e+00, total elapsed time 4315s
MinRel: 478061 nodes explored, relaxation 4.00e+00, total elapsed time 4320s
MinRel: 478061 nodes explored, relaxation 4.00e+00, total elapsed time 4325s
MinRel: 480014 nodes explored, relaxation 4.00e+00, total elapsed time 4330s
MinRel: 481384 nodes explored, relaxation 4.00e+00, total elapsed time 4335s
MinRel: 483069 nodes explored, relaxation 4.00e+00, total elapsed time 4340s
MinRel: 483069 nodes explored, relaxation 4.00e+00, total elapsed time 4345s
MinRel: 484772 nodes explored, relaxation 4.00e+00, total elapsed time 4350s
MinRel: 484773 nodes explored, relaxation 4.00e+00, total elapsed time 4355s
MinRel: 487040 nodes explored, relaxation 4.00e+00, total elapsed time 4360s
MinRel: 488891 nodes explored, relaxation 4.00e+00, total elapsed time 4365s
MinRel: 488891 nodes explored, relaxation 4.00e+00, total elapsed time 4370s
MinRel: 489544 nodes explored, relaxation 4.00e+00, total elapsed time 4375s
MinRel: 491267 nodes explored, relaxation 4.00e+00, total elapsed time 4380s
MinRel: 491267 nodes explored, relaxation 4.00e+00, total elapsed time 4385s
MinRel: 493047 nodes explored, relaxation 4.00e+00, total elapsed time 4390s
MinRel: 493047 nodes explored, relaxation 4.00e+00, total elapsed time 4395s
MinRel: 494871 nodes explored, relaxation 4.00e+00, total elapsed time 4400s
MinRel: 496816 nodes explored, relaxation 4.00e+00, total elapsed time 4405s
MinRel: 496816 nodes explored, relaxation 4.00e+00, total elapsed time 4410s
MinRel: 496888 nodes explored, relaxation 4.00e+00, total elapsed time 4415s
MinRel: 498175 nodes explored, relaxation 4.00e+00, total elapsed time 4420s
MinRel: 498175 nodes explored, relaxation 4.00e+00, total elapsed time 4425s
MinRel: 499977 nodes explored, relaxation 4.00e+00, total elapsed time 4430s
No solution found by MinRel heuristic
 342662 32459    0.00000   36  219          -    0.00000      -   309 5673s
 342669 32464    0.00000   51  126          -    0.00000      -   309 5675s
 342732 32559    0.00000   37  122          -    0.00000      -   309 5680s
 343003 32758    0.00000   48  128          -    0.00000      -   309 5686s
 343219 32889    0.00000   50  184          -    0.00000      -   309 5693s
 343634 32928    0.00000   45  116          -    0.00000      -   309 5707s
 344068 33195    0.00000   49  164          -    0.00000      -   309 5726s
 345632 32924    0.00000   58  179          -    0.00000      -   309 5734s
 346679 32684 infeasible   59               -    0.00000      -   309 5741s
 347373 32527    0.00000   68  114          -    0.00000      -   309 5748s
 347994 32629    0.00000   46  114          -    0.00000      -   309 5764s
 349558 32524 infeasible   76               -    0.00000      -   309 5779s
 351897 31750 infeasible   63               -    0.00000      -   310 5782s
 351943 31760    0.00000   62  127          -    0.00000      -   310 5787s
 352214 31823    0.00000   63  128          -    0.00000      -   310 5791s
 353134 31530 infeasible   64               -    0.00000      -   310 5796s
 353292 31590 infeasible   64               -    0.00000      -   310 5801s
 354047 31349    0.00000   55  113          -    0.00000      -   310 5807s
 354252 31463    0.00000   56  188          -    0.00000      -   310 5822s
 355189 31481    0.00000   54  137          -    0.00000      -   310 5838s
 357180 31084    0.00000   57  129          -    0.00000      -   311 5847s
 359858 30390    0.00000   58  108          -    0.00000      -   311 5851s
 361305 30112 infeasible   53               -    0.00000      -   311 5855s
 365383 29211    0.00000   62  159          -    0.00000      -   311 5861s
 366347 29026    0.00000   63  190          -    0.00000      -   311 5866s
 367767 28738    0.00000   64  205          -    0.00000      -   312 5873s
 369208 28431    0.00000   65  204          -    0.00000      -   312 5881s
 370796 27958 infeasible   68               -    0.00000      -   312 5889s
 371249 27945 infeasible   66               -    0.00000      -   312 5897s
 372099 27723 infeasible   74               -    0.00000      -   312 5906s
 373168 27641    0.00000   55  160          -    0.00000      -   312 5921s
 376356 26680 infeasible   60               -    0.00000      -   312 5927s
 377462 26466 infeasible   59               -    0.00000      -   312 5935s
 378907 26116 infeasible   78               -    0.00000      -   313 5942s
 380388 25767    0.00000   63   54          -    0.00000      -   313 5950s
 381877 25347    0.00000   67  151          -    0.00000      -   313 5958s
 383502 25084 infeasible   61               -    0.00000      -   313 5964s
 385361 24597 infeasible   69               -    0.00000      -   313 5967s
 387082 24126 infeasible   56               -    0.00000      -   314 5970s
 390426 23424    0.00000   57  148          -    0.00000      -   314 5977s
 392676 22771    0.00000   55  194          -    0.00000      -   314 5980s
 395334 21943 infeasible   71               -    0.00000      -   315 5990s
 395473 21978 infeasible   72               -    0.00000      -   315 6001s
 396432 21807    0.00000   61  110          -    0.00000      -   315 6019s
 398717 21525    0.00000   42  107          -    0.00000      -   315 6030s
 401561 20934 infeasible   76               -    0.00000      -   316 6039s
 404602 20417 infeasible   57               -    0.00000      -   316 6044s
 407284 19633    0.00000   61  220          -    0.00000      -   316 6049s
 407954 19812 infeasible   62               -    0.00000      -   316 6060s
 409794 19803    0.00000   53  107          -    0.00000      -   316 6069s
 412356 18949    0.00000   77  157          -    0.00000      -   316 6070s
 419019 17531    0.00000   86   97          -    0.00000      -   315 6078s
 421664 17125 infeasible   87               -    0.00000      -   314 6085s
 434174 13156    0.00000   85  102          -    0.00000      -   311 6091s
 437784 12070 infeasible   83               -    0.00000      -   310 6095s
 439906 11601 infeasible   85               -    0.00000      -   310 6101s
 444338 11945    0.00000   76  138          -    0.00000      -   309 6105s
 444587 12329    0.00000   95   97          -    0.00000      -   309 6110s
 453854 12843 infeasible   88               -    0.00000      -   308 6117s
 458328 13092 infeasible   87               -    0.00000      -   307 6121s
 462440 13211    0.00000   78  136          -    0.00000      -   306 6126s
 465987 13356 infeasible   68               -    0.00000      -   306 6130s
 467969 13800 infeasible   82               -    0.00000      -   306 6135s
 472828 14043    0.00000   73   86          -    0.00000      -   306 6142s
 474517 14215 infeasible   81               -    0.00000      -   306 6145s
 479009 14572    0.00000   57  144          -    0.00000      -   305 6150s
 482351 14845    0.00000   80  124          -    0.00000      -   305 6157s
 484346 14990 infeasible   92               -    0.00000      -   305 6160s
 488596 15241 infeasible   61               -    0.00000      -   305 6166s
 489212 15262 infeasible   92               -    0.00000      -   305 6170s
 489710 15360 infeasible   94               -    0.00000      -   305 6177s
 490347 15484    0.00000   84   85          -    0.00000      -   305 6181s
 491715 15677    0.00000   87   86          -    0.00000      -   305 6185s
 494198 15768 infeasible   83               -    0.00000      -   305 6190s
 498348 16150    0.00000   87  150          -    0.00000      -   305 6198s
 500836 16301 infeasible   51               -    0.00000      -   305 6203s
 502397 16595    0.00000   68   90          -    0.00000      -   306 6212s
 504714 16923 infeasible   76               -    0.00000      -   306 6221s
 507629 16980    0.00000   73  102          -    0.00000      -   306 6230s
 508170 17038    0.00000   74  100          -    0.00000      -   306 6239s
 509025 17165 infeasible   75               -    0.00000      -   306 6249s
 510368 17331 infeasible   79               -    0.00000      -   305 6259s
 513352 17531    0.00000   73  164          -    0.00000      -   305 6268s
 516140 17845    0.00000   70  192          -    0.00000      -   305 6279s
 519558 18231    0.00000   61  178          -    0.00000      -   305 6286s
 522049 18520 infeasible   82               -    0.00000      -   305 6292s
 524769 18569 infeasible   91               -    0.00000      -   305 6298s
 527072 18781 infeasible   81               -    0.00000      -   305 6304s
 529002 18993 infeasible   78               -    0.00000      -   304 6309s
 531023 19123 infeasible   91               -    0.00000      -   304 6315s
 532866 19247    0.00000   57  122          -    0.00000      -   304 6320s
 534607 19359 infeasible   65               -    0.00000      -   304 6326s
 536419 19513    0.00000   68  189          -    0.00000      -   304 6331s
 538351 19745    0.00000   51  144          -    0.00000      -   304 6337s
 540218 19927 infeasible   80               -    0.00000      -   304 6347s
 542891 20099    0.00000   70  129          -    0.00000      -   304 6355s
 545568 20306    0.00000   76  154          -    0.00000      -   304 6362s
 547781 20434    0.00000   59  168          -    0.00000      -   304 6369s
 550013 20548 infeasible   73               -    0.00000      -   304 6376s
 551009 20689 infeasible   89               -    0.00000      -   304 6383s
 552480 20866    0.00000   41  131          -    0.00000      -   304 6390s
 554271 21118 infeasible   76               -    0.00000      -   304 6397s
 556133 21428 infeasible   93               -    0.00000      -   304 6404s
 558625 21726    0.00000   89   82          -    0.00000      -   304 6411s
 561019 21982 infeasible   88               -    0.00000      -   304 6418s
 563173 22097 infeasible   69               -    0.00000      -   304 6429s
 564066 22761    0.00000   55  104          -    0.00000      -   304 6451s
 569736 23105 infeasible   69               -    0.00000      -   304 6461s
 572593 23221    0.00000   78  104          -    0.00000      -   304 6470s
 575556 23459 infeasible   90               -    0.00000      -   304 6477s
 578223 23754    0.00000   70  144          -    0.00000      -   303 6484s
 579128 23754    0.00000   66  103          -    0.00000      -   303 6485s
 580365 23887 infeasible   74               -    0.00000      -   303 6491s
 582488 24003    0.00000   76  147          -    0.00000      -   303 6498s
 584518 24059 infeasible   74               -    0.00000      -   303 6505s
 585741 24180 infeasible   96               -    0.00000      -   304 6513s
 587251 24447    0.00000   76   20          -    0.00000      -   304 6522s
 590211 24558 infeasible   77               -    0.00000      -   304 6530s
 590922 24721    0.00000   69  153          -    0.00000      -   304 6538s
 592098 25018    0.00000   64  131          -    0.00000      -   304 6547s
 594341 25278    0.00000   72  133          -    0.00000      -   304 6556s
 596956 25496 infeasible   83               -    0.00000      -   304 6565s
 599655 25801    0.00000   63  185          -    0.00000      -   304 6573s
 602527 25812    0.00000   53  135          -    0.00000      -   304 6582s
 602556 25816    0.00000   54  121          -    0.00000      -   304 6590s
 602592 25823    0.00000   55  127          -    0.00000      -   304 6603s
 602625 25823    0.00000   56  141          -    0.00000      -   304 6611s
 602665 25821    0.00000   57  133          -    0.00000      -   304 6620s
 602707 25819 infeasible   58               -    0.00000      -   304 6628s
 602749 25843    0.00000   57  171          -    0.00000      -   304 6638s
 602933 25942 infeasible   58               -    0.00000      -   304 6647s
 604396 25948    0.00000   60  157          -    0.00000      -   303 6657s
 605006 26001 infeasible   61               -    0.00000      -   303 6667s
 605439 26050    0.00000   58  176          -    0.00000      -   303 6678s
 606651 26285    0.00000   80  145          -    0.00000      -   303 6689s
 609502 26502    0.00000   52  101          -    0.00000      -   303 6699s
 612374 26810 infeasible   61               -    0.00000      -   303 6710s
 615447 26980    0.00000   80  120          -    0.00000      -   304 6717s
 617718 27041    0.00000   74  147          -    0.00000      -   303 6724s
 619843 27173 infeasible   89               -    0.00000      -   303 6730s
 621669 27406 infeasible   60               -    0.00000      -   303 6738s
 623505 27496    0.00000   67   96          -    0.00000      -   304 6745s
 624901 27691 infeasible   88               -    0.00000      -   304 6752s
 627272 27974    0.00000   69  152          -    0.00000      -   303 6759s
 629335 28231    0.00000   60  215          -    0.00000      -   303 6766s
 631182 28394    0.00000   66  240          -    0.00000      -   303 6773s
 633566 28460    0.00000   73   79          -    0.00000      -   303 6780s
 635841 28787 infeasible   78               -    0.00000      -   303 6790s
 638785 28937    0.00000   81  205          -    0.00000      -   303 6798s
 640994 28931 infeasible   63               -    0.00000      -   303 6805s
 641802 28971 infeasible   88               -    0.00000      -   303 6814s
 643033 29028 infeasible   71               -    0.00000      -   303 6822s
 644734 29231 infeasible   69               -    0.00000      -   303 6826s
 649198 29719    0.00000   83  120          -    0.00000      -   303 6832s
 651332 29958 infeasible   73               -    0.00000      -   303 6835s
 655982 30281    0.00000   64  137          -    0.00000      -   303 6841s
 660446 30847 infeasible   76               -    0.00000      -   303 6847s
 663542 30963 infeasible   76               -    0.00000      -   303 6850s
 666117 31261    0.00000   66  122          -    0.00000      -   303 6856s
 671269 31519    0.00000   71  139          -    0.00000      -   303 6861s
 675460 31878    0.00000   86   87          -    0.00000      -   303 6866s
 678433 31956    0.00000   64  144          -    0.00000      -   303 6872s
 679574 32087    0.00000   71  171          -    0.00000      -   303 6875s
 683527 32363    0.00000   74  214          -    0.00000      -   303 6881s
 688068 32479 infeasible   75               -    0.00000      -   304 6886s
 692349 32637    0.00000   80  102          -    0.00000      -   304 6891s
 696151 33181 infeasible   85               -    0.00000      -   304 6896s
 700111 33609 infeasible   85               -    0.00000      -   304 6902s
 701191 33719    0.00000   74  144          -    0.00000      -   304 6906s
 704340 34151    0.00000   75  109          -    0.00000      -   304 6912s
 706687 34452    0.00000   82  109          -    0.00000      -   304 6916s
 711969 34699    0.00000   58  143          -    0.00000      -   304 6921s
 715994 34996    0.00000   75   48          -    0.00000      -   303 6927s
 720366 35150 infeasible   77               -    0.00000      -   303 6932s
 722393 35177    0.00000   78  179          -    0.00000      -   303 6935s
 724203 35384    0.00000   83   67          -    0.00000      -   303 6940s
 727932 35555 infeasible   73               -    0.00000      -   303 6946s
 730194 35721    0.00000   86   12          -    0.00000      -   303 6950s
 735060 36230    0.00000   58  154          -    0.00000      -   303 6955s
 738683 36531    0.00000   78  111          -    0.00000      -   303 6961s
 743576 36694    0.00000   62  163          -    0.00000      -   303 6967s
 744253 36723    0.00000   63  164          -    0.00000      -   303 6970s
 746765 37136    0.00000   63  172          -    0.00000      -   303 6976s
 751620 37599    0.00000   59  225          -    0.00000      -   303 6982s
 754812 37751 infeasible   74               -    0.00000      -   303 6987s
 760761 37798 infeasible   85               -    0.00000      -   302 6991s
 763996 38077 infeasible   67               -    0.00000      -   302 6995s
 766805 38238    0.00000   63  213          -    0.00000      -   302 7000s
 769164 38544    0.00000   59  239          -    0.00000      -   302 7005s
 772804 39223    0.00000   71  131          -    0.00000      -   302 7010s
 777005 39513 infeasible   78               -    0.00000      -   302 7016s
 777906 39820 infeasible   64               -    0.00000      -   302 7023s
 780440 39893 infeasible   79               -    0.00000      -   302 7026s
 784794 40009 infeasible   64               -    0.00000      -   302 7032s
 786656 40166 infeasible   77               -    0.00000      -   302 7035s
 790588 40778    0.00000   81   60          -    0.00000      -   302 7040s
 794884 41306 infeasible   82               -    0.00000      -   302 7047s
 797062 41529    0.00000   63  111          -    0.00000      -   302 7050s
 801933 41609 infeasible   67               -    0.00000      -   302 7056s
 803899 41827    0.00000   65  137          -    0.00000      -   302 7060s
 808951 42065    0.00000   80  165          -    0.00000      -   302 7066s
 811610 42298    0.00000   80  146          -    0.00000      -   302 7073s
 813688 42462    0.00000   81  142          -    0.00000      -   302 7076s
 817286 42837 infeasible   86               -    0.00000      -   302 7082s
 819847 43032    0.00000   72  156          -    0.00000      -   302 7085s
 823221 43151    0.00000   82  152          -    0.00000      -   302 7092s
 824348 43375    0.00000   60  157          -    0.00000      -   302 7095s
 829157 43853 infeasible   69               -    0.00000      -   302 7102s
 832021 43948    0.00000   65  101          -    0.00000      -   302 7105s
 836112 44620    0.00000   84  119          -    0.00000      -   302 7110s
 841136 45122    0.00000   65  175          -    0.00000      -   301 7116s
 844025 45372 infeasible   71               -    0.00000      -   301 7122s
 845464 45362 infeasible   70               -    0.00000      -   301 7125s
 845543 45374 infeasible   81               -    0.00000      -   301 7132s
 845582 45381 infeasible   82               -    0.00000      -   301 7137s
 845615 45384    0.00000   83   63          -    0.00000      -   301 7141s
 845652 45382 infeasible   84               -    0.00000      -   301 7146s
 845694 45391 infeasible   84               -    0.00000      -   301 7151s
 845913 45405    0.00000   72   50          -    0.00000      -   301 7155s
 846293 45446    0.00000   73   77          -    0.00000      -   301 7160s
 847543 45568    0.00000   75   72          -    0.00000      -   301 7168s
 847776 45651    0.00000   76   99          -    0.00000      -   301 7172s
 849645 45861 infeasible   77               -    0.00000      -   301 7177s
 852512 46005 infeasible   76               -    0.00000      -   300 7183s
 856132 46100 infeasible   68               -    0.00000      -   300 7186s
 860060 46283 infeasible   73               -    0.00000      -   300 7192s
 861361 46363 infeasible   74               -    0.00000      -   300 7195s
 864131 46475    0.00000   83  121          -    0.00000      -   300 7201s
 867683 46634    0.00000   69   94          -    0.00000      -   300 7207s
 869965 46764    0.00000   63  135          -    0.00000      -   300 7211s
 874402 47047 infeasible   69               -    0.00000      -   300 7217s
 876477 47065 infeasible   85               -    0.00000      -   300 7221s
 877833 47226 infeasible   69               -    0.00000      -   300 7227s
 881406 47318 infeasible   70               -    0.00000      -   300 7231s
 884682 47433 infeasible   69               -    0.00000      -   300 7237s
 887156 47702    0.00000   70   92          -    0.00000      -   299 7240s
 891088 48300 infeasible   73               -    0.00000      -   300 7246s
 893107 48352    0.00000   67  109          -    0.00000      -   300 7250s
 895660 48608 infeasible   83               -    0.00000      -   300 7256s
 897961 48719 infeasible   65               -    0.00000      -   300 7260s
 902577 49026    0.00000   62  111          -    0.00000      -   300 7272s
 903125 49124 infeasible   68               -    0.00000      -   300 7280s
 907280 49902    0.00000   60  237          -    0.00000      -   300 7287s
 910224 50380    0.00000   73  145          -    0.00000      -   300 7291s
 913454 50684    0.00000   76   63          -    0.00000      -   300 7295s
 918923 50912 infeasible   79               -    0.00000      -   299 7300s
 923167 51314    0.00000   75  122          -    0.00000      -   299 7308s
 924227 51811    0.00000   76  118          -    0.00000      -   299 7315s
 932337 52167 infeasible   80               -    0.00000      -   299 7322s
 934894 52474 infeasible   81               -    0.00000      -   299 7325s
 939230 53281    0.00000   78  101          -    0.00000      -   299 7331s
 942490 53750    0.00000   56  116          -    0.00000      -   298 7340s
 944729 54058 infeasible   64               -    0.00000      -   298 7346s
 947924 54285 infeasible   91               -    0.00000      -   298 7356s
 952416 54389 infeasible  100               -    0.00000      -   298 7361s
 954404 54413 infeasible   91               -    0.00000      -   297 7366s
 955244 54461 infeasible   80               -    0.00000      -   297 7370s
 956276 54491    0.00000   74  142          -    0.00000      -   297 7376s
 958051 54629    0.00000   77   36          -    0.00000      -   297 7381s
 960378 54753    0.00000   75   97          -    0.00000      -   297 7386s
 963248 54753 infeasible   94               -    0.00000      -   297 7391s
 965855 54736 infeasible   98               -    0.00000      -   296 7395s
 968160 54761 infeasible   93               -    0.00000      -   296 7400s
 971503 54965 infeasible   76               -    0.00000      -   296 7413s
 975145 55086    0.00000   73  151          -    0.00000      -   296 7418s
 976394 55174    0.00000   81  105          -    0.00000      -   296 7424s
 976988 55242    0.00000   82   82          -    0.00000      -   296 7431s
 978243 55362 infeasible   83               -    0.00000      -   295 7438s
 980887 55454    0.00000   61  131          -    0.00000      -   295 7445s
 983234 55456 infeasible   89               -    0.00000      -   295 7451s
 985835 55541 infeasible   91               -    0.00000      -   295 7457s
 988157 55704    0.00000   83  112          -    0.00000      -   295 7463s
 990501 55840    0.00000   73  104          -    0.00000      -   295 7468s
 992926 55982 infeasible   85               -    0.00000      -   295 7474s
 995154 56340 infeasible   75               -    0.00000      -   295 7480s
 1000470 56508 infeasible   83               -    0.00000      -   294 7489s
 1001630 56583 infeasible   59               -    0.00000      -   294 7494s
 1004253 56557 infeasible   85               -    0.00000      -   294 7499s
 1006367 56641    0.00000   81  170          -    0.00000      -   294 7504s
 1008015 56736    0.00000   70  158          -    0.00000      -   294 7509s
 1008918 56959    0.00000   79  129          -    0.00000      -   294 7515s
 1010609 57093    0.00000   77  134          -    0.00000      -   294 7520s
 1012593 57282    0.00000   70  149          -    0.00000      -   294 7525s
 1014417 57379    0.00000   65  126          -    0.00000      -   294 7531s
 1016683 57440 infeasible   79               -    0.00000      -   294 7537s
 1017718 57502    0.00000   67  115          -    0.00000      -   294 7542s
 1019628 57674    0.00000   65  168          -    0.00000      -   294 7550s
 1022480 57789    0.00000   66  128          -    0.00000      -   293 7556s
 1024611 57890    0.00000   68  181          -    0.00000      -   293 7561s
 1026478 57924 infeasible   73               -    0.00000      -   293 7567s
 1027294 57954 infeasible   79               -    0.00000      -   293 7574s
 1028298 58035    0.00000   90    8          -    0.00000      -   293 7581s
 1030075 58195    0.00000   70  130          -    0.00000      -   293 7587s
 1032221 58421 infeasible   79               -    0.00000      -   293 7594s
 1034537 58442 infeasible   65               -    0.00000      -   293 7601s
 1036075 58594    0.00000   70  192          -    0.00000      -   293 7608s
 1038132 58799    0.00000   50  135          -    0.00000      -   294 7614s
 1040294 58977    0.00000   54  209          -    0.00000      -   294 7621s
 1042601 59102 infeasible   69               -    0.00000      -   294 7629s
 1045218 59215    0.00000   74  100          -    0.00000      -   294 7636s
 1046101 59367 infeasible   56               -    0.00000      -   294 7643s
 1047565 59662    0.00000   62  164          -    0.00000      -   294 7651s
 1049738 59992    0.00000   69  163          -    0.00000      -   294 7659s
 1051974 60320    0.00000   72  180          -    0.00000      -   294 7667s
 1054231 60480 infeasible   79               -    0.00000      -   294 7675s
 1055533 60686    0.00000   68  123          -    0.00000      -   294 7683s
 1057645 60837    0.00000   75  112          -    0.00000      -   294 7691s
 1059879 60975 infeasible   72               -    0.00000      -   294 7698s
 1061906 61176    0.00000   72  126          -    0.00000      -   294 7706s
 1064003 61267 infeasible   63               -    0.00000      -   294 7714s
 1065100 61613    0.00000   74   88          -    0.00000      -   294 7723s
 1066842 62029 infeasible   81               -    0.00000      -   294 7731s
 1069644 62318    0.00000   77  101          -    0.00000      -   294 7737s
 1071954 62490    0.00000   73  178          -    0.00000      -   294 7742s
 1074270 62761    0.00000   68   87          -    0.00000      -   294 7747s
 1076268 63030 infeasible   78               -    0.00000      -   294 7752s
 1078301 63230    0.00000   58  120          -    0.00000      -   294 7758s
 1080470 63422    0.00000   84   72          -    0.00000      -   294 7763s
 1082719 63508    0.00000   74  126          -    0.00000      -   294 7768s
 1084647 63632 infeasible   62               -    0.00000      -   294 7773s
 1086495 63700    0.00000   76  131          -    0.00000      -   294 7779s
 1087956 63783 infeasible   68               -    0.00000      -   294 7784s
 1089587 63901    0.00000   68   77          -    0.00000      -   294 7790s
 1091523 63996 infeasible   78               -    0.00000      -   294 7799s
 1092358 64132 infeasible  104               -    0.00000      -   294 7818s
 1095682 64427    0.00000   84   55          -    0.00000      -   294 7830s
 1098944 64727 infeasible   75               -    0.00000      -   294 7841s
 1102638 64988 infeasible   67               -    0.00000      -   294 7849s
 1105516 65434 infeasible   62               -    0.00000      -   294 7857s
 1108297 65654    0.00000   67  152          -    0.00000      -   294 7864s
 1111708 65923    0.00000   85   86          -    0.00000      -   294 7871s
 1114359 66325    0.00000   84   90          -    0.00000      -   293 7879s
 1116945 66630    0.00000   66  116          -    0.00000      -   293 7885s
 1119409 66874    0.00000   77  179          -    0.00000      -   293 7891s
 1121486 67110 infeasible   75               -    0.00000      -   293 7897s
 1123720 67220 infeasible   86               -    0.00000      -   293 7902s
 1126490 67338    0.00000   87   89          -    0.00000      -   293 7908s
 1129269 67483 infeasible   96               -    0.00000      -   293 7913s
 1131179 67608    0.00000   67  125          -    0.00000      -   293 7918s
 1133440 67740    0.00000   82  121          -    0.00000      -   293 7923s
 1134360 67790    0.00000   83  120          -    0.00000      -   293 7928s
 1135346 67914    0.00000   84  116          -    0.00000      -   293 7935s
 1136434 67994 infeasible   85               -    0.00000      -   293 7940s
 1138179 68286    0.00000   85  118          -    0.00000      -   293 7948s
 1140821 68556 infeasible   86               -    0.00000      -   293 7954s
 1143186 68806    0.00000   70  147          -    0.00000      -   292 7959s
 1145094 69035 infeasible   69               -    0.00000      -   292 7965s
 1146979 69333 infeasible   82               -    0.00000      -   292 7970s
 1148862 69644    0.00000   77  119          -    0.00000      -   292 7976s
 1150613 70138 infeasible   71               -    0.00000      -   293 7982s
 1152986 70493    0.00000   87  101          -    0.00000      -   292 7988s
 1155251 70812    0.00000  100  108          -    0.00000      -   292 7993s
 1157630 70843    0.00000   76  120          -    0.00000      -   292 8000s
 1158158 70996    0.00000   77  112          -    0.00000      -   292 8007s
 1159405 71104    0.00000   78  124          -    0.00000      -   292 8013s
 1161777 71348    0.00000   79  114          -    0.00000      -   292 8021s
 1165482 71412 infeasible   86               -    0.00000      -   292 8026s
 1167385 71464 infeasible   83               -    0.00000      -   292 8030s
 1170823 71707    0.00000  100   92          -    0.00000      -   292 8039s
 1172578 71896 infeasible   77               -    0.00000      -   292 8044s
 1174419 72052 infeasible   77               -    0.00000      -   292 8048s
 1176254 72118 infeasible   75               -    0.00000      -   292 8053s
 1178023 72309 infeasible   63               -    0.00000      -   292 8058s
 1179805 72625    0.00000   67   88          -    0.00000      -   292 8063s
 1182187 72782 infeasible   90               -    0.00000      -   292 8068s
 1184642 72963    0.00000   83  126          -    0.00000      -   291 8076s
 1188466 72994 infeasible   85               -    0.00000      -   291 8081s
 1189260 73072    0.00000   80  148          -    0.00000      -   291 8086s
 1190705 73127 infeasible   85               -    0.00000      -   291 8091s
 1192542 73130 infeasible   89               -    0.00000      -   291 8097s
 1192579 73137    0.00000   83  138          -    0.00000      -   291 8105s
 1192664 73156    0.00000   84  106          -    0.00000      -   291 8115s
 1192785 73157    0.00000   85  116          -    0.00000      -   291 8126s
 1192878 73140    0.00000   86  136          -    0.00000      -   291 8140s
 1193027 73141    0.00000   87  137          -    0.00000      -   291 8147s
 1193066 73138 infeasible   88               -    0.00000      -   291 8151s
 1193155 73171 infeasible   83               -    0.00000      -   291 8155s
 1193691 73210    0.00000   85  137          -    0.00000      -   291 8161s
 1194005 73233    0.00000   86  122          -    0.00000      -   291 8166s
 1194088 73260 infeasible   87               -    0.00000      -   291 8170s
 1196111 73586    0.00000   95   89          -    0.00000      -   291 8179s
 1198471 73613    0.00000   63  122          -    0.00000      -   291 8184s
 1200834 73893    0.00000   66  133          -    0.00000      -   291 8189s
 1203550 73927 infeasible   87               -    0.00000      -   291 8197s
 1204731 74073 infeasible   72               -    0.00000      -   291 8203s
 1207466 74325 infeasible   80               -    0.00000      -   291 8208s
 1210153 74510    0.00000   93  135          -    0.00000      -   291 8212s
 1212394 74655 infeasible   76               -    0.00000      -   291 8216s
 1214520 74810    0.00000   77  110          -    0.00000      -   291 8220s
 1218458 75154    0.00000   61   87          -    0.00000      -   291 8227s
 1220441 75172    0.00000   84  123          -    0.00000      -   291 8230s
 1221882 75395 infeasible   86               -    0.00000      -   291 8237s
 1223582 75482    0.00000   70  150          -    0.00000      -   291 8242s
 1226261 75606 infeasible   86               -    0.00000      -   291 8246s
 1229300 75656 infeasible   82               -    0.00000      -   291 8250s
 1234485 75939    0.00000   71  114          -    0.00000      -   290 8258s
 1236658 76140    0.00000   90  108          -    0.00000      -   290 8262s
 1238799 76263 infeasible   91               -    0.00000      -   290 8265s
 1242557 76945    0.00000   66  133          -    0.00000      -   290 8275s
 1245174 77210 infeasible   78               -    0.00000      -   290 8281s
 1247433 77577 infeasible   65               -    0.00000      -   290 8287s
 1249514 77783 infeasible   87               -    0.00000      -   290 8293s
 1250871 78093 infeasible   67               -    0.00000      -   290 8299s
 1252824 78328 infeasible   79               -    0.00000      -   290 8306s
 1255590 78596 infeasible   74               -    0.00000      -   290 8315s
 1259636 78779    0.00000   73  126          -    0.00000      -   289 8320s
 1261701 78854 infeasible   71               -    0.00000      -   289 8325s
 1262600 79032    0.00000   70   76          -    0.00000      -   289 8330s
 1263684 79229    0.00000   76   40          -    0.00000      -   289 8336s
 1265182 79396    0.00000   70  216          -    0.00000      -   289 8341s
 1267155 79648 infeasible   84               -    0.00000      -   289 8347s
 1269469 79908 infeasible   66               -    0.00000      -   289 8352s
 1271555 80180    0.00000   63  151          -    0.00000      -   289 8358s
 1273623 80387 infeasible   71               -    0.00000      -   289 8364s
 1275990 80543    0.00000   84   76          -    0.00000      -   289 8369s
 1278234 80808    0.00000   61  221          -    0.00000      -   289 8375s
 1280469 81028 infeasible   86               -    0.00000      -   288 8383s
 1284041 81347    0.00000   79  102          -    0.00000      -   288 8389s
 1285614 81700 infeasible   68               -    0.00000      -   288 8392s
 1287941 81789 infeasible   60               -    0.00000      -   288 8397s
 1289716 82092 infeasible   67               -    0.00000      -   288 8402s
 1291636 82344    0.00000   73  132          -    0.00000      -   288 8405s
 1295473 82843    0.00000   58  257          -    0.00000      -   288 8413s
 1298209 83099    0.00000   58  222          -    0.00000      -   288 8419s
 1300778 83384    0.00000   79  127          -    0.00000      -   288 8425s
 1303062 83559    0.00000   86   97          -    0.00000      -   288 8432s
 1305700 83904 infeasible   77               -    0.00000      -   288 8440s
 1308792 84109 infeasible   84               -    0.00000      -   288 8446s
 1310583 84378 infeasible   63               -    0.00000      -   288 8452s
 1312389 84527 infeasible   74               -    0.00000      -   288 8458s
 1314564 84649    0.00000   71  106          -    0.00000      -   288 8464s
 1316834 84769    0.00000   72  141          -    0.00000      -   287 8468s
 1318954 84849    0.00000   63  118          -    0.00000      -   287 8471s
 1323345 84994 infeasible   80               -    0.00000      -   287 8477s
 1325143 85017    0.00000   80   99          -    0.00000      -   287 8480s
 1329796 85462    0.00000   78   93          -    0.00000      -   287 8487s
 1332648 85528    0.00000   75  106          -    0.00000      -   287 8490s
 1334045 85722 infeasible   82               -    0.00000      -   287 8496s
 1335764 86007 infeasible   85               -    0.00000      -   287 8500s
 1341012 86522    0.00000   69  137          -    0.00000      -   287 8506s
 1343315 86863    0.00000   76  178          -    0.00000      -   287 8510s
 1348729 87399    0.00000   61  205          -    0.00000      -   287 8516s
 1350705 87862    0.00000   84   92          -    0.00000      -   287 8520s
 1356879 88402    0.00000   82   96          -    0.00000      -   286 8526s
 1361018 88782    0.00000   67  149          -    0.00000      -   286 8532s
 1364902 88930    0.00000   82   75          -    0.00000      -   286 8537s
 1365546 89019    0.00000   83  113          -    0.00000      -   286 8540s
 1368439 89342    0.00000   82   67          -    0.00000      -   286 8545s
 1372698 89821    0.00000   57  226          -    0.00000      -   286 8551s
 1376480 90631 infeasible   61               -    0.00000      -   286 8558s
 1379767 90786 infeasible   60               -    0.00000      -   286 8560s
 1382603 91120    0.00000   80   90          -    0.00000      -   286 8566s
 1385114 91610    0.00000   87  122          -    0.00000      -   286 8572s
 1386931 91836 infeasible   59               -    0.00000      -   286 8575s
 1391298 92186 infeasible   66               -    0.00000      -   286 8582s
 1393596 92361    0.00000   78   72          -    0.00000      -   286 8585s
 1397159 92551 infeasible   81               -    0.00000      -   286 8592s
 1398773 92712    0.00000   74  119          -    0.00000      -   286 8595s
 1403388 93128 infeasible   81               -    0.00000      -   286 8602s
 1406085 93444 infeasible   93               -    0.00000      -   286 8605s
 1410451 93937 infeasible   78               -    0.00000      -   286 8611s
 1413304 94029 infeasible   87               -    0.00000      -   286 8617s
 1414676 94323 infeasible   88               -    0.00000      -   286 8620s
 1419173 94960 infeasible   83               -    0.00000      -   286 8626s
 1423371 95448    0.00000   70   75          -    0.00000      -   286 8633s
 1425825 95705 infeasible   83               -    0.00000      -   286 8636s
 1430069 95951    0.00000   66  149          -    0.00000      -   286 8640s
 1431530 96236    0.00000   70  127          -    0.00000      -   286 8646s
 1436398 96447    0.00000   75  122          -    0.00000      -   285 8650s
 1438184 96824    0.00000   87   57          -    0.00000      -   285 8655s
 1441316 97002    0.00000   75  105          -    0.00000      -   285 8662s
 1443103 97110    0.00000   72  112          -    0.00000      -   285 8665s
 1447064 97622    0.00000   68   97          -    0.00000      -   285 8671s
 1449233 97792 infeasible   75               -    0.00000      -   285 8675s
 1454468 97930 infeasible   76               -    0.00000      -   285 8680s
 1458422 98225 infeasible   74               -    0.00000      -   285 8685s
 1462116 98386 infeasible   90               -    0.00000      -   285 8690s
 1463061 98510    0.00000   64  188          -    0.00000      -   285 8696s
 1464763 98636 infeasible   81               -    0.00000      -   285 8701s
 1467029 98805    0.00000   68  212          -    0.00000      -   285 8705s
 1471437 99234    0.00000   71  114          -    0.00000      -   285 8711s
 1473903 99309    0.00000   86  171          -    0.00000      -   285 8715s
 1478672 99606    0.00000   77  126          -    0.00000      -   285 8721s
 1482966 99809    0.00000   64  143          -    0.00000      -   285 8726s
 1485997 100185 infeasible   66               -    0.00000      -   285 8732s
 1487849 100398    0.00000   59  131          -    0.00000      -   285 8735s
 1491911 100697    0.00000   66  212          -    0.00000      -   285 8741s
 1496518 100913 infeasible   66               -    0.00000      -   285 8747s
 1498993 101002    0.00000   83  151          -    0.00000      -   285 8751s
 1502877 101217 infeasible   67               -    0.00000      -   285 8757s
 1504467 101328 infeasible   78               -    0.00000      -   285 8760s
 1509155 101691    0.00000   67  106          -    0.00000      -   285 8768s
 1512094 101830    0.00000   75  191          -    0.00000      -   285 8771s
 1515579 102138 infeasible   67               -    0.00000      -   285 8777s
 1516356 102347 infeasible   68               -    0.00000      -   285 8780s
 1519818 102509 infeasible   58               -    0.00000      -   285 8786s
 1522439 102621    0.00000   78  107          -    0.00000      -   285 8790s
 1526849 103036    0.00000   66  151          -    0.00000      -   285 8796s
 1531083 103253    0.00000   65  178          -    0.00000      -   285 8803s
 1533467 103397    0.00000   79  135          -    0.00000      -   285 8805s
 1536137 103498    0.00000   79  137          -    0.00000      -   285 8811s
 1538811 103589    0.00000   64  129          -    0.00000      -   285 8817s
 1539500 103710    0.00000   62  170          -    0.00000      -   285 8820s
 1543610 104267    0.00000   72  148          -    0.00000      -   285 8827s
 1546501 104397    0.00000   90  118          -    0.00000      -   285 8831s
 1549249 104437 infeasible   85               -    0.00000      -   284 8835s
 1554155 104528    0.00000   63  165          -    0.00000      -   284 8840s
 1557185 104798 infeasible   76               -    0.00000      -   284 8845s
 1561180 105200 infeasible   79               -    0.00000      -   284 8852s
 1563599 105325    0.00000   92  106          -    0.00000      -   284 8855s
 1567801 105587    0.00000   69  108          -    0.00000      -   284 8860s
 1570556 105830 infeasible   75               -    0.00000      -   284 8866s
 1573601 106198    0.00000   90   94          -    0.00000      -   284 8870s
 1577210 106419    0.00000   83  148          -    0.00000      -   284 8876s
 1578159 106557    0.00000   63  237          -    0.00000      -   284 8882s
 1579666 106667 infeasible   63               -    0.00000      -   284 8886s
 1584245 106998 infeasible   75               -    0.00000      -   284 8892s
 1586620 107101    0.00000   67  108          -    0.00000      -   284 8895s
 1590943 107370    0.00000   74  143          -    0.00000      -   284 8902s
 1593113 107533    0.00000   79  132          -    0.00000      -   284 8905s
 1597852 108019 infeasible   76               -    0.00000      -   284 8912s
 1599987 108296 infeasible   76               -    0.00000      -   284 8915s
 1604833 108735 infeasible   77               -    0.00000      -   284 8921s
 1609889 108922    0.00000   81  111          -    0.00000      -   284 8927s
 1612444 109006 infeasible   93               -    0.00000      -   284 8930s
 1615395 109041    0.00000   82   88          -    0.00000      -   283 8935s
 1619037 109150    0.00000   69  126          -    0.00000      -   283 8942s
 1622770 109139    0.00000   93  118          -    0.00000      -   283 8945s
 1622852 109148 infeasible   95               -    0.00000      -   283 8953s
 1622892 109155    0.00000   81   84          -    0.00000      -   283 8956s
 1622925 109158    0.00000   82  107          -    0.00000      -   283 8960s
 1623001 109169 infeasible   82               -    0.00000      -   283 8967s
 1623031 109176    0.00000   84  128          -    0.00000      -   283 8971s
 1623064 109171 infeasible   85               -    0.00000      -   283 8976s
 1623109 109180 infeasible   83               -    0.00000      -   283 8982s
 1623140 109187    0.00000   84   92          -    0.00000      -   283 8987s
 1623173 109160    0.00000   85   92          -    0.00000      -   283 8991s
 1623316 109173 infeasible   86               -    0.00000      -   283 8998s
 1623527 109198    0.00000   87   88          -    0.00000      -   283 9001s
 1624020 109235    0.00000   88   85          -    0.00000      -   283 9005s
 1624948 109233    0.00000  103  108          -    0.00000      -   283 9010s
 1625251 109284    0.00000  104    9          -    0.00000      -   283 9016s
 1626934 109534 infeasible   87               -    0.00000      -   283 9024s
 1630672 109727    0.00000   65  135          -    0.00000      -   283 9030s
 1633823 109926    0.00000   70  184          -    0.00000      -   283 9037s
 1636522 110239    0.00000   75  174          -    0.00000      -   283 9042s
 1638945 110560    0.00000   62  150          -    0.00000      -   283 9046s
 1641516 110718    0.00000   73  129          -    0.00000      -   283 9051s
 1643978 110961    0.00000   71   94          -    0.00000      -   283 9056s
 1646783 111075    0.00000   77  126          -    0.00000      -   283 9061s
 1648818 111142    0.00000   72   86          -    0.00000      -   283 9065s
 1651992 111401    0.00000   99  126          -    0.00000      -   283 9072s
 1654168 111464    0.00000   61  160          -    0.00000      -   283 9076s
 1656421 111538    0.00000   58  244          -    0.00000      -   283 9080s
 1657646 111698    0.00000   60  213          -    0.00000      -   283 9087s
 1658778 111809 infeasible   61               -    0.00000      -   283 9091s
 1660833 112179 infeasible   86               -    0.00000      -   283 9096s
 1664246 112444 infeasible   85               -    0.00000      -   283 9101s
 1667424 112650 infeasible   90               -    0.00000      -   283 9107s
 1671407 112775 infeasible   83               -    0.00000      -   283 9110s
 1674976 113167    0.00000   59  213          -    0.00000      -   283 9116s
 1677611 113478    0.00000   73  216          -    0.00000      -   283 9121s
 1680670 113954 infeasible   84               -    0.00000      -   283 9127s
 1682200 114081 infeasible   69               -    0.00000      -   283 9130s
 1686348 114294    0.00000   71  111          -    0.00000      -   282 9138s
 1688371 114349 infeasible   79               -    0.00000      -   282 9141s
 1690110 114549 infeasible   78               -    0.00000      -   282 9148s
 1691911 114898 infeasible   78               -    0.00000      -   282 9153s
 1694675 115176 infeasible   95               -    0.00000      -   282 9156s
 1696683 115376    0.00000   84  148          -    0.00000      -   282 9160s
 1700402 115734    0.00000   77  147          -    0.00000      -   282 9167s
 1702565 115863    0.00000   92  149          -    0.00000      -   282 9171s
 1705133 115909    0.00000   75  198          -    0.00000      -   282 9175s
 1708422 116187    0.00000   85  104          -    0.00000      -   282 9184s
 1710403 116261    0.00000   90  122          -    0.00000      -   282 9190s
 1712623 116454    0.00000   91  119          -    0.00000      -   282 9196s
 1714761 116541    0.00000   73  105          -    0.00000      -   282 9204s
 1715927 116541    0.00000   71  139          -    0.00000      -   282 9205s
 1717771 116607 infeasible   72               -    0.00000      -   282 9211s
 1718293 116657 infeasible   83               -    0.00000      -   282 9217s
 1719298 116803    0.00000   78   97          -    0.00000      -   282 9221s
 1724026 117013 infeasible   77               -    0.00000      -   282 9227s
 1725685 117051    0.00000   75   92          -    0.00000      -   282 9234s
 1728371 117074    0.00000   86  125          -    0.00000      -   282 9241s
 1730692 117211 infeasible   84               -    0.00000      -   282 9247s
 1732847 117441    0.00000   63  122          -    0.00000      -   282 9254s
 1735046 117649    0.00000   68  146          -    0.00000      -   282 9260s
 1737220 117805    0.00000   64  151          -    0.00000      -   282 9266s
 1739431 117892    0.00000   61  149          -    0.00000      -   282 9275s
 1740346 118198    0.00000   62  146          -    0.00000      -   282 9291s
 1744761 118419 infeasible   78               -    0.00000      -   282 9300s
 1751709 118602 infeasible  101               -    0.00000      -   282 9307s
 1753597 118747 infeasible   75               -    0.00000      -   282 9310s
 1756715 119069    0.00000   60  138          -    0.00000      -   282 9316s
 1759195 119553 infeasible   67               -    0.00000      -   282 9322s
 1761351 119953    0.00000   90  101          -    0.00000      -   282 9326s
 1763778 120361    0.00000   72  123          -    0.00000      -   282 9330s
 1768364 120885    0.00000   82  107          -    0.00000      -   282 9336s
 1771928 121065 infeasible   61               -    0.00000      -   282 9343s
 1773134 121187    0.00000   62  185          -    0.00000      -   282 9346s
 1775152 121435 infeasible   77               -    0.00000      -   282 9350s
 1779600 121859 infeasible   85               -    0.00000      -   282 9358s
 1782111 121969    0.00000   68  150          -    0.00000      -   282 9362s
 1784773 121993    0.00000   64  161          -    0.00000      -   282 9365s
 1787757 122157 infeasible   76               -    0.00000      -   282 9372s
 1789517 122344 infeasible   80               -    0.00000      -   282 9377s
 1792246 122517    0.00000   65  218          -    0.00000      -   282 9381s
 1795239 122627 infeasible   65               -    0.00000      -   282 9388s
 1795713 122686 infeasible   70               -    0.00000      -   282 9391s
 1797019 122838    0.00000   88  105          -    0.00000      -   282 9395s
 1802209 123394    0.00000   70  173          -    0.00000      -   282 9403s
 1804625 123677    0.00000   73  162          -    0.00000      -   282 9406s
 1806762 123828 infeasible   93               -    0.00000      -   282 9410s
 1810852 124212 infeasible   85               -    0.00000      -   282 9418s
 1813359 124424    0.00000   84   58          -    0.00000      -   282 9421s
 1816798 124751 infeasible   81               -    0.00000      -   282 9427s
 1818878 124850    0.00000   73  115          -    0.00000      -   282 9431s
 1823120 125061    0.00000   85   61          -    0.00000      -   282 9438s
 1825157 125250 infeasible   80               -    0.00000      -   282 9441s
 1827214 125763 infeasible   73               -    0.00000      -   282 9449s
 1830738 126090    0.00000   75  118          -    0.00000      -   282 9455s
 1833496 126196    0.00000   96   67          -    0.00000      -   282 9462s
 1834906 126254    0.00000   81   99          -    0.00000      -   282 9470s
 1836122 126470 infeasible   82               -    0.00000      -   282 9483s
 1839645 126667    0.00000   72  126          -    0.00000      -   282 9492s
 1843388 126732    0.00000   78  129          -    0.00000      -   282 9500s
 1846467 126722 infeasible   93               -    0.00000      -   282 9506s
 1849243 126801    0.00000   78  102          -    0.00000      -   281 9512s
 1851508 126876 infeasible   83               -    0.00000      -   281 9518s
 1853930 126898    0.00000   84  111          -    0.00000      -   281 9524s
 1855221 126935    0.00000   84  124          -    0.00000      -   281 9529s
 1857412 127077    0.00000   58  130          -    0.00000      -   281 9535s
 1860060 127179 infeasible   94               -    0.00000      -   281 9544s
 1863652 127181    0.00000   67   88          -    0.00000      -   281 9549s
 1865482 127229    0.00000   87   97          -    0.00000      -   281 9554s
 1866876 127396 infeasible   85               -    0.00000      -   281 9559s
 1868349 127481    0.00000   88   94          -    0.00000      -   281 9564s
 1869872 127607    0.00000   90  145          -    0.00000      -   281 9570s
 1871587 127742    0.00000   67  175          -    0.00000      -   281 9575s
 1873372 127892    0.00000   60  183          -    0.00000      -   281 9581s
 1875074 128121    0.00000   65  202          -    0.00000      -   281 9587s
 1876975 128217    0.00000   79  161          -    0.00000      -   281 9594s
 1877501 128225    0.00000   80  186          -    0.00000      -   281 9601s
 1878373 128323    0.00000   81  167          -    0.00000      -   281 9608s
 1879736 128462 infeasible   82               -    0.00000      -   281 9615s
 1881873 128521    0.00000   68  125          -    0.00000      -   281 9622s
 1883531 128872    0.00000   75   89          -    0.00000      -   281 9630s
 1886109 129007 infeasible   71               -    0.00000      -   281 9636s
 1888740 129134    0.00000   71  144          -    0.00000      -   281 9641s
 1890833 129279    0.00000   64  179          -    0.00000      -   281 9647s
 1892840 129352    0.00000   69  186          -    0.00000      -   281 9652s
 1894915 129499    0.00000   71  148          -    0.00000      -   281 9657s
 1896870 129600    0.00000   73  133          -    0.00000      -   281 9662s
 1898849 129671 infeasible   68               -    0.00000      -   281 9667s
 1900571 129718    0.00000   65  221          -    0.00000      -   281 9672s
 1902396 129784 infeasible   71               -    0.00000      -   281 9677s
 1904368 129902 infeasible   77               -    0.00000      -   281 9680s
 1908538 130282 infeasible   86               -    0.00000      -   281 9686s
 1912290 130591 infeasible   85               -    0.00000      -   281 9690s
 1916574 130890    0.00000   89   94          -    0.00000      -   281 9695s
 1920271 130949 infeasible   83               -    0.00000      -   281 9700s
 1923334 131091 infeasible   81               -    0.00000      -   281 9705s
 1927644 131170    0.00000   80  120          -    0.00000      -   281 9710s
 1931841 131458    0.00000   71  178          -    0.00000      -   281 9716s
 1935986 131657 infeasible   89               -    0.00000      -   281 9721s
 1938212 131820 infeasible   75               -    0.00000      -   281 9727s
 1938703 132031    0.00000   74  111          -    0.00000      -   281 9730s
 1942552 132347 infeasible   77               -    0.00000      -   281 9736s
 1946827 132795 infeasible   69               -    0.00000      -   281 9746s
 1949368 133033    0.00000   72  125          -    0.00000      -   281 9753s
 1952250 133200 infeasible   77               -    0.00000      -   281 9760s
 1954802 133141    0.00000   51  171          -    0.00000      -   281 9768s
 1957333 133234    0.00000   73  129          -    0.00000      -   281 9774s
 1959362 133371 infeasible   64               -    0.00000      -   281 9780s
 1961361 133571    0.00000   82  144          -    0.00000      -   281 9786s
 1963464 133698 infeasible   69               -    0.00000      -   281 9792s
 1965517 133738    0.00000   85   89          -    0.00000      -   281 9798s
 1967657 133818    0.00000   80  102          -    0.00000      -   281 9804s
 1968710 133974 infeasible   94               -    0.00000      -   281 9810s
 1970389 134070    0.00000   74  116          -    0.00000      -   281 9817s
 1972500 134107 infeasible   70               -    0.00000      -   281 9823s
 1974613 134170    0.00000   84   86          -    0.00000      -   281 9830s
 1975582 134370 infeasible   88               -    0.00000      -   281 9837s
 1977070 134573    0.00000   85  130          -    0.00000      -   281 9844s
 1979078 134710 infeasible   73               -    0.00000      -   281 9852s
 1981417 134882    0.00000   61  201          -    0.00000      -   281 9858s
 1983400 134961    0.00000   70   75          -    0.00000      -   281 9861s
 1987550 135060    0.00000   70  120          -    0.00000      -   281 9866s
 1989769 135291    0.00000   72  100          -    0.00000      -   281 9872s
 1992589 135476    0.00000   75  112          -    0.00000      -   281 9875s
 1998145 135858 infeasible   71               -    0.00000      -   281 9880s
 2002446 136262 infeasible   70               -    0.00000      -   281 9886s
 2005053 136276    0.00000   70   98          -    0.00000      -   281 9893s
 2005444 136425    0.00000   71  121          -    0.00000      -   281 9902s
 2006890 136644    0.00000   57  197          -    0.00000      -   281 9911s
 2009600 137120 infeasible   72               -    0.00000      -   281 9919s
 2011961 137122    0.00000   73  122          -    0.00000      -   281 9928s
 2011999 137120    0.00000   74  175          -    0.00000      -   281 9944s
 2012041 137129 infeasible   75               -    0.00000      -   281 9960s
 2012072 137134    0.00000   71  134          -    0.00000      -   281 9971s
 2012107 137147    0.00000   72  127          -    0.00000      -   281 9983s
 2012134 137154    0.00000   73  133          -    0.00000      -   281 9996s
 2012167 137172    0.00000   74  156          -    0.00000      -   281 10010s
 2012319 137254 infeasible   75               -    0.00000      -   281 10023s
 2013212 137349    0.00000   75  124          -    0.00000      -   281 10034s
 2014618 137446    0.00000   76  128          -    0.00000      -   281 10046s
 2016187 137509    0.00000   77  123          -    0.00000      -   281 10058s
 2017263 137624    0.00000   78  117          -    0.00000      -   281 10067s
 2019226 137814 infeasible   69               -    0.00000      -   281 10073s
 2023214 138014 infeasible   60               -    0.00000      -   281 10078s
 2026864 138186    0.00000   80  107          -    0.00000      -   281 10082s
 2029486 138305 infeasible   75               -    0.00000      -   281 10085s
 2033635 138563 infeasible   78               -    0.00000      -   281 10091s
 2037166 138839 infeasible   82               -    0.00000      -   281 10097s
 2039164 139104 infeasible   77               -    0.00000      -   281 10100s
 2043283 139445    0.00000   76  141          -    0.00000      -   281 10107s
 2045607 139482    0.00000   73  139          -    0.00000      -   281 10110s
 2049757 139656    0.00000   76  137          -    0.00000      -   281 10117s
 2051268 139879    0.00000   76  116          -    0.00000      -   281 10122s
 2054333 139937 infeasible   71               -    0.00000      -   281 10126s
 2055135 140116 infeasible   78               -    0.00000      -   281 10130s
 2057899 140482    0.00000   65  152          -    0.00000      -   282 10135s
 2062550 141217 infeasible   63               -    0.00000      -   282 10144s
 2066073 141268 infeasible   86               -    0.00000      -   281 10148s
 2069025 141361 infeasible   76               -    0.00000      -   281 10151s
 2071400 141462 infeasible   83               -    0.00000      -   281 10155s
 2075940 141652    0.00000   99  114          -    0.00000      -   281 10160s
 2077336 141818    0.00000   71  108          -    0.00000      -   281 10167s
 2078352 142031    0.00000   88  177          -    0.00000      -   281 10171s
 2080837 142101 infeasible   94               -    0.00000      -   281 10175s
 2086116 142313 infeasible   75               -    0.00000      -   281 10182s
 2088204 142373    0.00000   77  100          -    0.00000      -   281 10186s
 2092566 142614    0.00000   71  152          -    0.00000      -   281 10193s
 2094826 142721    0.00000   76  218          -    0.00000      -   281 10196s
 2098462 142854 infeasible   60               -    0.00000      -   281 10203s
 2100705 142971    0.00000   79  164          -    0.00000      -   281 10207s
 2102126 143095    0.00000   80  153          -    0.00000      -   281 10211s
 2104288 143246    0.00000   86  139          -    0.00000      -   281 10215s
 2108154 143563 infeasible  103               -    0.00000      -   281 10225s
 2110485 143677 infeasible   98               -    0.00000      -   281 10232s
 2112653 143684    0.00000   68  146          -    0.00000      -   282 10241s
 2112898 143671    0.00000   69  139          -    0.00000      -   282 10249s
 2113519 143770    0.00000   70  181          -    0.00000      -   282 10258s
 2115144 143885    0.00000   68  220          -    0.00000      -   282 10266s
 2118015 144113    0.00000   61   98          -    0.00000      -   282 10274s
 2120538 144358    0.00000   98   42          -    0.00000      -   282 10282s
 2122761 144517 infeasible   84               -    0.00000      -   282 10290s
 2125063 144700    0.00000   63  140          -    0.00000      -   282 10296s
 2126661 144864 infeasible   84               -    0.00000      -   282 10303s
 2128547 145164    0.00000   88  141          -    0.00000      -   282 10311s
 2131147 145510    0.00000   82  153          -    0.00000      -   282 10319s
 2134061 145846    0.00000   76  121          -    0.00000      -   282 10326s
 2136850 145981 infeasible   88               -    0.00000      -   282 10332s
 2140004 146107    0.00000   82   64          -    0.00000      -   282 10338s
 2142851 146093 infeasible   91               -    0.00000      -   282 10344s
 2145334 146125    0.00000   58  135          -    0.00000      -   281 10349s
 2147560 146147    0.00000   86  103          -    0.00000      -   281 10354s
 2149677 146192    0.00000   70  129          -    0.00000      -   281 10362s
 2152982 146175 infeasible   99               -    0.00000      -   281 10367s
 2153233 146174    0.00000  100   81          -    0.00000      -   281 10373s
 2153789 146190    0.00000  101   69          -    0.00000      -   281 10381s
 2154634 146266 infeasible  102               -    0.00000      -   281 10388s
 2156368 146426    0.00000   90  101          -    0.00000      -   281 10396s
 2159235 146555 infeasible   98               -    0.00000      -   281 10403s
 2161895 146829 infeasible   67               -    0.00000      -   281 10410s
 2164007 146921    0.00000   66  145          -    0.00000      -   281 10416s
 2166091 147081 infeasible   70               -    0.00000      -   281 10423s
 2168017 147239    0.00000   68   73          -    0.00000      -   281 10429s
 2170020 147428 infeasible   75               -    0.00000      -   281 10436s
 2172041 147539 infeasible   72               -    0.00000      -   281 10442s
 2174209 147692    0.00000   63  133          -    0.00000      -   281 10450s
 2176510 147798 infeasible   68               -    0.00000      -   281 10456s
 2178560 148009    0.00000   71  143          -    0.00000      -   281 10463s
 2180245 148085 infeasible   60               -    0.00000      -   281 10470s
 2182108 148222    0.00000   62  131          -    0.00000      -   282 10476s
 2183919 148317    0.00000   64  143          -    0.00000      -   282 10483s
 2185946 148443    0.00000   61  166          -    0.00000      -   282 10491s
 2187997 148539 infeasible   65               -    0.00000      -   282 10499s
 2190062 148744    0.00000   57  163          -    0.00000      -   282 10506s
 2192037 148819    0.00000   53  142          -    0.00000      -   282 10514s
 2192944 148881    0.00000   54  148          -    0.00000      -   282 10522s
 2193968 149086    0.00000   55  129          -    0.00000      -   282 10530s
 2195604 149219 infeasible   66               -    0.00000      -   282 10538s
 2197961 149339 infeasible   84               -    0.00000      -   282 10545s
 2200123 149510    0.00000   66  141          -    0.00000      -   282 10552s
 2201940 149613    0.00000   82  175          -    0.00000      -   282 10560s
 2204027 149771 infeasible   87               -    0.00000      -   282 10567s
 2206190 149851 infeasible   63               -    0.00000      -   282 10574s
 2208869 149862    0.00000   74   94          -    0.00000      -   282 10582s
 2209660 149924 infeasible   75               -    0.00000      -   282 10589s
 2210622 149966 infeasible   76               -    0.00000      -   282 10597s
 2212393 150139    0.00000   63  126          -    0.00000      -   282 10600s
 2217519 150445    0.00000   78  105          -    0.00000      -   282 10606s
 2221251 150932    0.00000   76  123          -    0.00000      -   282 10612s
 2223454 151149 infeasible   90               -    0.00000      -   282 10615s
 2227546 151307 infeasible   74               -    0.00000      -   282 10620s
 2231424 151564 infeasible   79               -    0.00000      -   282 10625s
 2234773 151844 infeasible   70               -    0.00000      -   282 10632s
 2236452 151958 infeasible   71               -    0.00000      -   282 10639s
 2238646 152079 infeasible   72               -    0.00000      -   282 10647s
 2241139 152329 infeasible   75               -    0.00000      -   282 10654s
 2243319 152498 infeasible   95               -    0.00000      -   282 10660s
 2245499 152678 infeasible   78               -    0.00000      -   282 10668s
 2247477 152749 infeasible   77               -    0.00000      -   282 10674s
 2249995 152948 infeasible   75               -    0.00000      -   282 10678s
 2252290 153107    0.00000   68   99          -    0.00000      -   282 10682s
 2254592 153246 infeasible   69               -    0.00000      -   282 10685s
 2258071 153218 infeasible   75               -    0.00000      -   282 10690s
 2261277 153227 infeasible   77               -    0.00000      -   282 10696s
 2265743 153395    0.00000   65  110          -    0.00000      -   282 10701s
 2270066 153530 infeasible   86               -    0.00000      -   282 10710s
 2272144 153597 infeasible   70               -    0.00000      -   282 10717s
 2274559 153682    0.00000   74  118          -    0.00000      -   282 10723s
 2276540 153654    0.00000   71  152          -    0.00000      -   283 10730s
 2277544 153653 infeasible   72               -    0.00000      -   283 10738s
 2278834 153691    0.00000   81  116          -    0.00000      -   283 10746s
 2280436 153744 infeasible   82               -    0.00000      -   283 10754s
 2283134 153831    0.00000   67  153          -    0.00000      -   283 10762s
 2285306 153972 infeasible   65               -    0.00000      -   283 10770s
 2287739 154002 infeasible   68               -    0.00000      -   283 10777s
 2290087 154128    0.00000   95  120          -    0.00000      -   283 10784s
 2292347 154312    0.00000   77   91          -    0.00000      -   283 10791s
 2294688 154548    0.00000   84  103          -    0.00000      -   283 10798s
 2296878 154712    0.00000   77  138          -    0.00000      -   283 10801s
 2301177 154825 infeasible   65               -    0.00000      -   283 10807s
 2301456 154861 infeasible   90               -    0.00000      -   283 10811s
 2302499 155042    0.00000   74  120          -    0.00000      -   283 10817s
 2304980 155216    0.00000   71  133          -    0.00000      -   283 10824s
 2307708 155235    0.00000   73  206          -    0.00000      -   283 10832s
 2310045 155366 infeasible   61               -    0.00000      -   283 10840s
 2312267 155456    0.00000   71  120          -    0.00000      -   283 10848s
 2314496 155546 infeasible   69               -    0.00000      -   283 10855s
 2316767 155697    0.00000   78  187          -    0.00000      -   283 10863s
 2319012 155834    0.00000   91   91          -    0.00000      -   283 10871s
 2321117 156066 infeasible   76               -    0.00000      -   283 10879s
 2323412 156312    0.00000   71  117          -    0.00000      -   283 10885s
 2325641 156533 infeasible   76               -    0.00000      -   283 10892s
 2327917 156687    0.00000   73  146          -    0.00000      -   283 10897s
 2329875 156850 infeasible   90               -    0.00000      -   283 10903s
 2331901 157054 infeasible   66               -    0.00000      -   283 10909s
 2334006 157140 infeasible   74               -    0.00000      -   283 10913s
 2336376 157305    0.00000   74   92          -    0.00000      -   283 10918s
 2338688 157273 infeasible   79               -    0.00000      -   283 10924s
 2340992 157363    0.00000   67  118          -    0.00000      -   283 10929s
 2343012 157396    0.00000   71  150          -    0.00000      -   283 10935s
 2345423 157461    0.00000   78   86          -    0.00000      -   283 10942s
 2348203 157504    0.00000   88   60          -    0.00000      -   283 10948s
 2350007 157540    0.00000   64  164          -    0.00000      -   283 10954s
 2351207 157621 infeasible   65               -    0.00000      -   283 10960s
 2352871 157780 infeasible   65               -    0.00000      -   283 10966s
 2354858 157855    0.00000   71  193          -    0.00000      -   283 10974s
 2355315 157895 infeasible   72               -    0.00000      -   283 10982s
 2355888 157931 infeasible   74               -    0.00000      -   283 10990s
 2357291 158083 infeasible   75               -    0.00000      -   283 10998s
 2359803 158049 infeasible   82               -    0.00000      -   283 11006s
 2362457 158260    0.00000   86  117          -    0.00000      -   283 11013s
 2364484 158525 infeasible   93               -    0.00000      -   283 11017s
 2366380 158802 infeasible   84               -    0.00000      -   283 11020s
 2368242 159102    0.00000   62  129          -    0.00000      -   283 11026s
 2370400 159266 infeasible   73               -    0.00000      -   283 11033s
 2372310 159412 infeasible   80               -    0.00000      -   283 11040s
 2374402 159500    0.00000   62  167          -    0.00000      -   283 11047s
 2376430 159602    0.00000   66  119          -    0.00000      -   283 11054s
 2378364 159698 infeasible   67               -    0.00000      -   283 11061s
 2380569 159911    0.00000   59  172          -    0.00000      -   283 11067s
 2382573 160206    0.00000   80  147          -    0.00000      -   284 11074s
 2385039 160373 infeasible   88               -    0.00000      -   284 11081s
 2388075 160372    0.00000   56  195          -    0.00000      -   283 11088s
 2390155 160374 infeasible   57               -    0.00000      -   283 11096s
 2390193 160376    0.00000   84   75          -    0.00000      -   283 11109s
 2390231 160382    0.00000   85   96          -    0.00000      -   283 11120s
 2390265 160390    0.00000   86   74          -    0.00000      -   283 11129s
 2390297 160396    0.00000   87   11          -    0.00000      -   283 11137s
 2390351 160391 infeasible   85               -    0.00000      -   283 11152s
 2390418 160399 infeasible   89               -    0.00000      -   283 11161s
 2390450 160406 infeasible   88               -    0.00000      -   283 11168s
 2390672 160401 infeasible   90               -    0.00000      -   283 11177s
 2390717 160415    0.00000   76   39          -    0.00000      -   283 11193s
 2391053 160438 infeasible   77               -    0.00000      -   283 11203s
 2391486 161073    0.00000   80   52          -    0.00000      -   283 11239s
 2397125 161591    0.00000   66  114          -    0.00000      -   283 11254s
 2401540 161630 infeasible   77               -    0.00000      -   284 11265s
 2403155 161764    0.00000   85  107          -    0.00000      -   284 11277s
 2405936 162052 infeasible   81               -    0.00000      -   284 11287s
 2409035 162313    0.00000   59  182          -    0.00000      -   284 11296s
 2412180 162717 infeasible   69               -    0.00000      -   284 11304s
 2414471 163021 infeasible   78               -    0.00000      -   284 11312s
 2416806 163157 infeasible   88               -    0.00000      -   284 11320s
 2418648 163238    0.00000   64  118          -    0.00000      -   284 11327s
 2419239 163362 infeasible   73               -    0.00000      -   284 11334s
 2420397 163397    0.00000   84   99          -    0.00000      -   284 11338s
 2422360 163553 infeasible   70               -    0.00000      -   284 11341s
 2424664 163652 infeasible   64               -    0.00000      -   284 11345s
 2429928 163972 infeasible   80               -    0.00000      -   284 11353s
 2432635 163998    0.00000   75  116          -    0.00000      -   284 11357s
 2435254 164028 infeasible   73               -    0.00000      -   284 11360s
 2440150 164092    0.00000   86  130          -    0.00000      -   284 11367s
 2444202 164197    0.00000   63  159          -    0.00000      -   284 11372s
 2445980 164332 infeasible   80               -    0.00000      -   284 11375s
 2449926 164431 infeasible   70               -    0.00000      -   284 11381s
 2451669 164504    0.00000   64  161          -    0.00000      -   284 11387s
 2453631 164507    0.00000   79  115          -    0.00000      -   284 11394s
 2454401 164550 infeasible   80               -    0.00000      -   284 11402s
 2455425 164588 infeasible   79               -    0.00000      -   284 11410s
 2457037 164638 infeasible   85               -    0.00000      -   284 11418s
 2459236 164717    0.00000   81   98          -    0.00000      -   284 11426s
 2461247 164875 infeasible   96               -    0.00000      -   284 11434s
 2463445 165358 infeasible   85               -    0.00000      -   284 11438s
 2465514 165726    0.00000   62  163          -    0.00000      -   284 11442s
 2467902 166039 infeasible   79               -    0.00000      -   284 11446s
 2472280 166636    0.00000   64  143          -    0.00000      -   284 11453s
 2474260 166910    0.00000   89   90          -    0.00000      -   284 11456s
 2477109 166998 infeasible   67               -    0.00000      -   284 11460s
 2479054 167128 infeasible   78               -    0.00000      -   284 11466s
 2482139 167460 infeasible   77               -    0.00000      -   284 11473s
 2484355 167637    0.00000   69  167          -    0.00000      -   284 11476s
 2486708 168023    0.00000  104   88          -    0.00000      -   284 11480s
 2492327 168344 infeasible   84               -    0.00000      -   284 11487s
 2495182 168517    0.00000   83  126          -    0.00000      -   284 11490s
 2499972 168777    0.00000   67  212          -    0.00000      -   284 11496s
 2504070 168982    0.00000   87  103          -    0.00000      -   284 11502s
 2506203 169115 infeasible   74               -    0.00000      -   283 11505s
 2511774 169195 infeasible  103               -    0.00000      -   283 11512s
 2514667 169286 infeasible   84               -    0.00000      -   283 11517s
 2515762 169380 infeasible   96               -    0.00000      -   283 11520s
 2519656 169834 infeasible   96               -    0.00000      -   283 11527s
 2522241 169893 infeasible   88               -    0.00000      -   283 11531s
 2526557 170132    0.00000   73   94          -    0.00000      -   283 11537s
 2528789 170173 infeasible   77               -    0.00000      -   283 11540s
 2533618 170285    0.00000   95  119          -    0.00000      -   283 11548s
 2534038 170294    0.00000   96  104          -    0.00000      -   283 11552s
 2535073 170371    0.00000  101  121          -    0.00000      -   283 11557s
 2538550 170484 infeasible   77               -    0.00000      -   283 11561s
 2541489 170668    0.00000   73   91          -    0.00000      -   283 11565s
 2546432 170842    0.00000   85  155          -    0.00000      -   283 11572s
 2548838 170968    0.00000   77  149          -    0.00000      -   283 11575s
 2553529 171219    0.00000   81   67          -    0.00000      -   283 11582s
 2555757 171302    0.00000   74   88          -    0.00000      -   283 11586s
 2560604 171380 infeasible   80               -    0.00000      -   283 11592s
 2562568 171538 infeasible   80               -    0.00000      -   283 11595s
 2566298 171777    0.00000   81  126          -    0.00000      -   283 11601s
 2570326 172032 infeasible   77               -    0.00000      -   283 11607s
 2572139 172154    0.00000   62  129          -    0.00000      -   283 11610s
 2576038 172661    0.00000   77   78          -    0.00000      -   283 11617s
 2577996 172753    0.00000   95   96          -    0.00000      -   283 11621s
 2580740 172768    0.00000   94  105          -    0.00000      -   283 11625s
 2581739 172866    0.00000   95   68          -    0.00000      -   283 11632s
 2586653 172999    0.00000   73  174          -    0.00000      -   283 11636s
 2591652 173014 infeasible   84               -    0.00000      -   283 11643s
 2593685 173083 infeasible   82               -    0.00000      -   283 11646s
 2597889 173361    0.00000   67  151          -    0.00000      -   283 11653s
 2599868 173506    0.00000   73  146          -    0.00000      -   283 11656s
 2600953 173723 infeasible   92               -    0.00000      -   283 11660s
 2604887 174153    0.00000   93  110          -    0.00000      -   283 11667s
 2607293 174373    0.00000   68  155          -    0.00000      -   283 11671s
 2609869 174450 infeasible   74               -    0.00000      -   283 11678s
 2610973 174557    0.00000   75  200          -    0.00000      -   283 11682s
 2612903 174657    0.00000   72  113          -    0.00000      -   283 11685s
 2617603 174811 infeasible   69               -    0.00000      -   283 11693s
 2619817 174903 infeasible   91               -    0.00000      -   283 11696s
 2622099 175130 infeasible   87               -    0.00000      -   283 11700s
 2626994 175537    0.00000   75  198          -    0.00000      -   283 11707s
 2630212 175555 infeasible   77               -    0.00000      -   283 11712s
 2632089 175573    0.00000   77  153          -    0.00000      -   283 11716s
 2637901 175715    0.00000   81  101          -    0.00000      -   283 11723s
 2640103 175767 infeasible   93               -    0.00000      -   283 11726s
 2644744 175736    0.00000   86  100          -    0.00000      -   283 11732s
 2645689 175779 infeasible   74               -    0.00000      -   283 11737s
 2646853 175795    0.00000   89  149          -    0.00000      -   283 11740s
 2650601 176012    0.00000   80   28          -    0.00000      -   283 11746s
 2654329 176324 infeasible   81               -    0.00000      -   283 11752s
 2656910 176379    0.00000   64  188          -    0.00000      -   283 11755s
 2660875 176657 infeasible   82               -    0.00000      -   283 11761s
 2664396 176950 infeasible   89               -    0.00000      -   283 11767s
 2666324 177118    0.00000   67  187          -    0.00000      -   283 11770s
 2670113 177375    0.00000   81  130          -    0.00000      -   283 11776s
 2671961 177449 infeasible   86               -    0.00000      -   283 11780s
 2674447 177633    0.00000   75   85          -    0.00000      -   283 11787s
 2676255 177654 infeasible   64               -    0.00000      -   283 11790s
 2681121 177943    0.00000   69  225          -    0.00000      -   283 11797s
 2683048 178108    0.00000   77  134          -    0.00000      -   283 11800s
 2687393 178351    0.00000   65  134          -    0.00000      -   283 11806s
 2690033 178361    0.00000   70  160          -    0.00000      -   283 11810s
 2693948 178586 infeasible   67               -    0.00000      -   283 11815s
 2696599 178634 infeasible   71               -    0.00000      -   283 11821s
 2699517 178856    0.00000   74   58          -    0.00000      -   283 11827s
 2701443 179100 infeasible   74               -    0.00000      -   283 11831s
 2704866 179616 infeasible   74               -    0.00000      -   283 11838s
 2707270 179721    0.00000   64  141          -    0.00000      -   283 11843s
 2708041 179996    0.00000   65  178          -    0.00000      -   283 11847s
 2709734 180208 infeasible   66               -    0.00000      -   283 11852s
 2712742 180381    0.00000   67  221          -    0.00000      -   283 11856s
 2715380 180529    0.00000   69  129          -    0.00000      -   283 11860s
 2720790 180843    0.00000   70  198          -    0.00000      -   283 11868s
 2723569 181049 infeasible   71               -    0.00000      -   283 11871s
 2727861 181310    0.00000   63   87          -    0.00000      -   283 11878s
 2729840 181400 infeasible   65               -    0.00000      -   283 11881s
 2730338 181513    0.00000   70  157          -    0.00000      -   283 11886s
 2731989 181664 infeasible   85               -    0.00000      -   283 11890s
 2735134 181853 infeasible   67               -    0.00000      -   283 11895s
 2740304 182122 infeasible   85               -    0.00000      -   283 11902s
 2743031 182301    0.00000   69  166          -    0.00000      -   283 11906s
 2747973 182586 infeasible   76               -    0.00000      -   283 11913s
 2749535 182829    0.00000   79  195          -    0.00000      -   283 11916s
 2751698 182862 infeasible   71               -    0.00000      -   283 11920s
 2752203 183236    0.00000   72  186          -    0.00000      -   283 11932s
 2759647 183385    0.00000   86  113          -    0.00000      -   283 11937s
 2762491 183388 infeasible   80               -    0.00000      -   283 11941s
 2762528 183395 infeasible   81               -    0.00000      -   283 11947s
 2762561 183397    0.00000   82  162          -    0.00000      -   283 11952s
 2762599 183404 infeasible   83               -    0.00000      -   283 11958s
 2762632 183412    0.00000   83  121          -    0.00000      -   283 11962s
 2762664 183408 infeasible   84               -    0.00000      -   283 11968s
 2762964 183435    0.00000   85  129          -    0.00000      -   283 11973s
 2763591 183439    0.00000   86  180          -    0.00000      -   283 11980s
 2764072 183481    0.00000   87  165          -    0.00000      -   283 11985s
 2765392 183698 infeasible   89               -    0.00000      -   283 11991s
 2768413 184008    0.00000   70  142          -    0.00000      -   283 11998s
 2772809 184056    0.00000   87  103          -    0.00000      -   283 12004s
 2776064 184111 infeasible   82               -    0.00000      -   283 12009s
 2778423 184208 infeasible   63               -    0.00000      -   283 12013s
 2779421 184428 infeasible   67               -    0.00000      -   283 12019s
 2782454 184500    0.00000   96   90          -    0.00000      -   283 12024s
 2786037 184415 infeasible   91               -    0.00000      -   283 12028s
 2788584 184511 infeasible   69               -    0.00000      -   283 12031s
 2790342 184668 infeasible   74               -    0.00000      -   283 12035s
 2793825 184785    0.00000   84  180          -    0.00000      -   283 12042s
 2795618 184897 infeasible   79               -    0.00000      -   283 12045s
 2798862 185094    0.00000   98  130          -    0.00000      -   283 12056s
 2800976 185228 infeasible   90               -    0.00000      -   283 12064s
 2804318 185238    0.00000   74  214          -    0.00000      -   283 12069s
 2806630 185250    0.00000   84  141          -    0.00000      -   283 12075s
 2807132 185279 infeasible   86               -    0.00000      -   283 12084s
 2807728 185354 infeasible   87               -    0.00000      -   283 12090s
 2809285 185477    0.00000   70  116          -    0.00000      -   283 12097s
 2811759 185530    0.00000   84  158          -    0.00000      -   283 12103s
 2813777 185587 infeasible   62               -    0.00000      -   283 12109s
 2815722 185635    0.00000   79  113          -    0.00000      -   283 12115s
 2817572 185691 infeasible   74               -    0.00000      -   283 12121s
 2819622 185801    0.00000   74  125          -    0.00000      -   283 12127s
 2821359 186094    0.00000   63  169          -    0.00000      -   283 12133s
 2823289 186342 infeasible   86               -    0.00000      -   283 12139s
 2825337 186671    0.00000   67  182          -    0.00000      -   283 12147s
 2827760 186931 infeasible   75               -    0.00000      -   283 12154s
 2830279 187154    0.00000   75  143          -    0.00000      -   283 12161s
 2833193 187309 infeasible   74               -    0.00000      -   283 12167s
 2835662 187466    0.00000   67   93          -    0.00000      -   283 12173s
 2837637 187524 infeasible   90               -    0.00000      -   283 12178s
 2839445 187563    0.00000   75  178          -    0.00000      -   283 12183s
 2841213 187617    0.00000   70   86          -    0.00000      -   283 12189s
 2842865 187706 infeasible   77               -    0.00000      -   283 12195s
 2844833 187708 infeasible   84               -    0.00000      -   283 12201s
 2845269 187736 infeasible   81               -    0.00000      -   283 12207s
 2846055 187766 infeasible   75               -    0.00000      -   283 12213s
 2847407 187827 infeasible   73               -    0.00000      -   283 12219s
 2848062 187827    0.00000   77  110          -    0.00000      -   283 12220s
 2849138 187884    0.00000   72  141          -    0.00000      -   283 12227s
 2851854 188110    0.00000   71  118          -    0.00000      -   283 12234s
 2854639 188098    0.00000   66   74          -    0.00000      -   283 12241s
 2857554 188118    0.00000   78   88          -    0.00000      -   283 12246s
 2859826 188130    0.00000   80  123          -    0.00000      -   283 12251s
 2861788 188042 infeasible   88               -    0.00000      -   282 12256s
 2863426 188150    0.00000   65  168          -    0.00000      -   282 12261s
 2864813 188150    0.00000   73  180          -    0.00000      -   282 12265s
 2866114 188168 infeasible   73               -    0.00000      -   282 12270s
 2867543 188198 infeasible   73               -    0.00000      -   282 12275s
 2869101 188245 infeasible   74               -    0.00000      -   282 12281s
 2869822 188289    0.00000   77  154          -    0.00000      -   283 12287s
 2871217 188445    0.00000   60  126          -    0.00000      -   283 12293s
 2873030 188629 infeasible   86               -    0.00000      -   283 12297s
 2875592 188905    0.00000   90   93          -    0.00000      -   283 12301s
 2877579 189003    0.00000   97  108          -    0.00000      -   283 12307s
 2878474 189135 infeasible   75               -    0.00000      -   283 12315s
 2880022 189304    0.00000   74  131          -    0.00000      -   283 12322s
 2882294 189554    0.00000   66  230          -    0.00000      -   283 12329s
 2884442 189771 infeasible   71               -    0.00000      -   283 12337s
 2887006 189985 infeasible   81               -    0.00000      -   283 12344s
 2889255 190070 infeasible   90               -    0.00000      -   283 12350s
 2891204 190217 infeasible   88               -    0.00000      -   283 12357s
 2893568 190253    0.00000   74  155          -    0.00000      -   283 12364s
 2895202 190307    0.00000   75  190          -    0.00000      -   283 12371s
 2897185 190376    0.00000   71  144          -    0.00000      -   283 12379s
 2899446 190429    0.00000   93   51          -    0.00000      -   283 12386s
 2900067 190511 infeasible   78               -    0.00000      -   283 12395s
 2901287 190651    0.00000   77  120          -    0.00000      -   283 12406s
 2903799 190819    0.00000   67  163          -    0.00000      -   283 12415s
 2906451 191042    0.00000   80  181          -    0.00000      -   283 12424s
 2908862 191466    0.00000   71  121          -    0.00000      -   283 12433s
 2912319 191673 infeasible   88               -    0.00000      -   283 12441s
 2915581 191811    0.00000   90   99          -    0.00000      -   283 12448s
 2918364 191855    0.00000   84  109          -    0.00000      -   283 12455s
 2921162 191875    0.00000   72  164          -    0.00000      -   282 12463s
 2924480 191891 infeasible   91               -    0.00000      -   282 12469s
 2926523 191895 infeasible   89               -    0.00000      -   282 12475s
 2927058 191957 infeasible   90               -    0.00000      -   282 12482s
 2927969 191955    0.00000   61  155          -    0.00000      -   282 12485s
 2932104 192118    0.00000   82   34          -    0.00000      -   282 12491s
 2934405 192268    0.00000   84  110          -    0.00000      -   282 12495s
 2940421 192306 infeasible   99               -    0.00000      -   282 12501s
 2944938 192414 infeasible   83               -    0.00000      -   282 12508s
 2948465 192511 infeasible   72               -    0.00000      -   282 12510s
 2952801 192530 infeasible   70               -    0.00000      -   282 12515s
 2956307 192676 infeasible   89               -    0.00000      -   282 12520s
 2959397 192700    0.00000   98   22          -    0.00000      -   282 12525s
 2962549 192849    0.00000   55  131          -    0.00000      -   282 12530s
 2964038 193124 infeasible   61               -    0.00000      -   282 12535s
 2965605 193188    0.00000   77  115          -    0.00000      -   282 12541s
 2966751 193282 infeasible   79               -    0.00000      -   282 12546s
 2968705 193373 infeasible   83               -    0.00000      -   282 12555s
 2970123 193591 infeasible   70               -    0.00000      -   282 12566s
 2973825 193530 infeasible   78               -    0.00000      -   282 12573s
 2976418 193641 infeasible   84               -    0.00000      -   282 12579s
 2978412 193857 infeasible   64               -    0.00000      -   282 12586s
 2979809 193958    0.00000   71  220          -    0.00000      -   282 12592s
 2980843 194114 infeasible   72               -    0.00000      -   282 12595s
 2982654 194251 infeasible   71               -    0.00000      -   282 12600s
 2985838 194341    0.00000   81  115          -    0.00000      -   282 12607s
 2988353 194408    0.00000   82   96          -    0.00000      -   282 12613s
 2990618 194454    0.00000   81  127          -    0.00000      -   282 12620s
 2992735 194568 infeasible   84               -    0.00000      -   282 12629s
 2995175 194686 infeasible   75               -    0.00000      -   282 12635s
 2997217 194801    0.00000   55  103          -    0.00000      -   282 12642s
 2999285 194950    0.00000   60  215          -    0.00000      -   282 12648s
 3001216 195101    0.00000   85  152          -    0.00000      -   282 12654s
 3002154 195256    0.00000   77  109          -    0.00000      -   282 12662s
 3003984 195431 infeasible   72               -    0.00000      -   282 12668s
 3006004 195564    0.00000   98  135          -    0.00000      -   282 12675s
 3007864 195630    0.00000   85  171          -    0.00000      -   282 12683s
 3008612 195766    0.00000   86  165          -    0.00000      -   282 12690s
 3009640 195909 infeasible   87               -    0.00000      -   282 12698s
 3011836 196061 infeasible   74               -    0.00000      -   282 12706s
 3014305 196176 infeasible   67               -    0.00000      -   282 12713s
 3016778 196248    0.00000   77  121          -    0.00000      -   282 12719s
 3019010 196355    0.00000   64  144          -    0.00000      -   282 12722s
 3020976 196476 infeasible   66               -    0.00000      -   282 12725s
 3025245 196611    0.00000   68  161          -    0.00000      -   282 12731s
 3027254 196795    0.00000   80  123          -    0.00000      -   282 12735s
 3029245 196827 infeasible   80               -    0.00000      -   282 12742s
 3029989 196933 infeasible   76               -    0.00000      -   282 12750s
 3031239 196998    0.00000   73   99          -    0.00000      -   282 12758s
 3033101 197129    0.00000   85   98          -    0.00000      -   282 12766s
 3035289 197354    0.00000   74   75          -    0.00000      -   282 12773s
 3037502 197434 infeasible   90               -    0.00000      -   282 12781s
 3039678 197554 infeasible   87               -    0.00000      -   282 12788s
 3041940 197870 infeasible   60               -    0.00000      -   282 12795s
 3043802 198046 infeasible   74               -    0.00000      -   282 12802s
 3045795 198129    0.00000   68  154          -    0.00000      -   282 12810s
 3046622 198217    0.00000   68  186          -    0.00000      -   282 12818s
 3048520 198464 infeasible   67               -    0.00000      -   282 12825s
 3050917 198541    0.00000   77   92          -    0.00000      -   282 12833s
 3053085 198793 infeasible   73               -    0.00000      -   282 12840s
 3055129 198920 infeasible   83               -    0.00000      -   282 12847s
 3056887 198973 infeasible   79               -    0.00000      -   282 12856s
 3057374 199084    0.00000   68  175          -    0.00000      -   282 12864s
 3058627 199329 infeasible   90               -    0.00000      -   282 12873s
 3061084 199457 infeasible   78               -    0.00000      -   282 12881s
 3063989 199518    0.00000   78  101          -    0.00000      -   282 12888s
 3066405 199673    0.00000   82  129          -    0.00000      -   283 12891s
 3069809 199740 infeasible   72               -    0.00000      -   283 12896s
 3073846 199995 infeasible   86               -    0.00000      -   283 12902s
 3076031 200229 infeasible   76               -    0.00000      -   283 12906s
 3080864 200324 infeasible   89               -    0.00000      -   283 12912s
 3081696 200376    0.00000   89   74          -    0.00000      -   283 12915s
 3084781 200489 infeasible   89               -    0.00000      -   283 12922s
 3087574 200640    0.00000   70  133          -    0.00000      -   283 12926s
 3091894 200819    0.00000   78  168          -    0.00000      -   283 12932s
 3093836 200934 infeasible   81               -    0.00000      -   283 12935s
 3096026 200941    0.00000   69  122          -    0.00000      -   283 12944s
 3096057 200949    0.00000   70  150          -    0.00000      -   283 12950s
 3096089 200953 infeasible   71               -    0.00000      -   283 12957s
 3096125 200963 infeasible   70               -    0.00000      -   283 12961s
 3096155 200970 infeasible   89               -    0.00000      -   283 12969s
 3096188 200978 infeasible   90               -    0.00000      -   283 12974s
 3096220 200987    0.00000   91  114          -    0.00000      -   283 12979s
 3096251 201000    0.00000   92  126          -    0.00000      -   283 12985s
 3096435 201103    0.00000   75  136          -    0.00000      -   283 12993s
 3097065 201132 infeasible   90               -    0.00000      -   283 12998s
 3097594 201157 infeasible   91               -    0.00000      -   283 13003s
 3097745 201315 infeasible   85               -    0.00000      -   283 13008s
 3099256 201373    0.00000   86  124          -    0.00000      -   283 13013s
 3101727 201610    0.00000   85  118          -    0.00000      -   283 13019s
 3104227 201971 infeasible   84               -    0.00000      -   283 13024s
 3106722 202220 infeasible   72               -    0.00000      -   283 13029s
 3109307 202358 infeasible   78               -    0.00000      -   283 13034s
 3111821 202459 infeasible   82               -    0.00000      -   283 13039s
 3114181 202714    0.00000   65  159          -    0.00000      -   283 13043s
 3116102 202958 infeasible   66               -    0.00000      -   283 13047s
 3118211 203191 infeasible   92               -    0.00000      -   283 13051s
 3120307 203386 infeasible   68               -    0.00000      -   283 13055s
 3124100 203765 infeasible   80               -    0.00000      -   283 13063s
 3125930 203807    0.00000   80  107          -    0.00000      -   283 13067s
 3126711 203888    0.00000   81  117          -    0.00000      -   283 13071s
 3127806 204091 infeasible   82               -    0.00000      -   283 13075s
 3129353 204278    0.00000   61  144          -    0.00000      -   283 13080s
 3133777 204582 infeasible   81               -    0.00000      -   283 13089s
 3136435 204810    0.00000   89  107          -    0.00000      -   283 13093s
 3138711 204941    0.00000   66  179          -    0.00000      -   283 13098s
 3140917 204949 infeasible   69               -    0.00000      -   283 13101s
 3142824 204993 infeasible   70               -    0.00000      -   283 13105s
 3143065 205012 infeasible   69               -    0.00000      -   283 13110s
 3145533 205159 infeasible   81               -    0.00000      -   283 13118s
 3147924 205421    0.00000   78   53          -    0.00000      -   283 13123s
 3150094 205565 infeasible   82               -    0.00000      -   283 13127s
 3152409 205723    0.00000   74  104          -    0.00000      -   283 13131s
 3154503 205937    0.00000   75  156          -    0.00000      -   283 13135s
 3156591 206204 infeasible   74               -    0.00000      -   283 13140s
 3159824 206281    0.00000   63  135          -    0.00000      -   283 13145s
 3165350 206363 infeasible   63               -    0.00000      -   283 13152s
 3167496 206393 infeasible   78               -    0.00000      -   283 13155s
 3171435 206457    0.00000   69   77          -    0.00000      -   283 13161s
 3175255 206597    0.00000   76  106          -    0.00000      -   283 13167s
 3176804 206699 infeasible   74               -    0.00000      -   283 13170s
 3178575 206732 infeasible   80               -    0.00000      -   283 13176s
 3179175 206775    0.00000   71   88          -    0.00000      -   283 13180s
 3182134 206921 infeasible   66               -    0.00000      -   283 13188s
 3184600 206948    0.00000   87   79          -    0.00000      -   283 13193s
 3188296 206913 infeasible   78               -    0.00000      -   283 13196s
 3192398 206895 infeasible   82               -    0.00000      -   283 13202s
 3194290 206875    0.00000   69  116          -    0.00000      -   283 13205s
 3197357 207005    0.00000   59  143          -    0.00000      -   283 13210s
 3199932 207224    0.00000   64  144          -    0.00000      -   283 13216s
 3202696 207419    0.00000   63  187          -    0.00000      -   283 13222s
 3204422 207483 infeasible   70               -    0.00000      -   283 13225s
 3207677 207678 infeasible   68               -    0.00000      -   283 13233s
 3209800 207717 infeasible   76               -    0.00000      -   283 13237s
 3210489 207803    0.00000   83  129          -    0.00000      -   283 13242s
 3212354 207989    0.00000   75  113          -    0.00000      -   283 13250s
 3215143 207998    0.00000   71  152          -    0.00000      -   283 13259s
 3217884 208151 infeasible   69               -    0.00000      -   283 13268s
 3220171 208408    0.00000   69  163          -    0.00000      -   283 13276s
 3222450 208531 infeasible   76               -    0.00000      -   283 13284s
 3223623 208531    0.00000   71   91          -    0.00000      -   283 13285s
 3224715 208762    0.00000   73  158          -    0.00000      -   283 13292s
 3226693 208783    0.00000   71  190          -    0.00000      -   283 13301s
 3227141 208928 infeasible   72               -    0.00000      -   283 13309s
 3228791 209155    0.00000   66  184          -    0.00000      -   283 13318s
 3231238 209232    0.00000   67  127          -    0.00000      -   283 13326s
 3233564 209403    0.00000   80  116          -    0.00000      -   283 13333s
 3235562 209508    0.00000   80  111          -    0.00000      -   283 13340s
 3237516 209677 infeasible   68               -    0.00000      -   283 13347s
 3239653 209671 infeasible   79               -    0.00000      -   283 13354s
 3241952 209761    0.00000   97  156          -    0.00000      -   283 13360s
 3243916 210016    0.00000   79  100          -    0.00000      -   283 13367s
 3245775 210334 infeasible   57               -    0.00000      -   283 13375s
 3247513 210594 infeasible   75               -    0.00000      -   283 13382s
 3249710 210781    0.00000   84   95          -    0.00000      -   283 13390s
 3252028 211015    0.00000   76  137          -    0.00000      -   283 13397s
 3254392 211279 infeasible   73               -    0.00000      -   283 13406s
 3257412 211492    0.00000   75  134          -    0.00000      -   283 13412s
 3259150 211516 infeasible   85               -    0.00000      -   283 13418s
 3259320 211534    0.00000   66  146          -    0.00000      -   283 13425s
 3259470 211599    0.00000   67  202          -    0.00000      -   283 13432s
 3259791 211777    0.00000   68  177          -    0.00000      -   283 13439s
 3260857 212029 infeasible   71               -    0.00000      -   283 13447s
 3263221 212177 infeasible   70               -    0.00000      -   283 13454s
 3265753 212279 infeasible   72               -    0.00000      -   283 13462s
 3268603 212356 infeasible   77               -    0.00000      -   283 13469s
 3271006 212512 infeasible   84               -    0.00000      -   283 13476s
 3273222 212622    0.00000   71  115          -    0.00000      -   283 13483s
 3275523 212752 infeasible   80               -    0.00000      -   283 13490s
 3277448 212918    0.00000   84  161          -    0.00000      -   283 13498s
 3280057 212977 infeasible   80               -    0.00000      -   283 13504s
 3282080 213108    0.00000   72  109          -    0.00000      -   283 13510s
 3284026 213246 infeasible   74               -    0.00000      -   283 13517s
 3285790 213413    0.00000   61  170          -    0.00000      -   283 13523s
 3287693 213523    0.00000   77   90          -    0.00000      -   283 13530s
 3289588 213582    0.00000   77   11          -    0.00000      -   283 13536s
 3291477 213642 infeasible   87               -    0.00000      -   283 13543s
 3293339 213719    0.00000   91  143          -    0.00000      -   283 13549s
 3295164 213971    0.00000   72  142          -    0.00000      -   283 13556s
 3296692 214134    0.00000   64  206          -    0.00000      -   283 13562s
 3298320 214360    0.00000   76  147          -    0.00000      -   283 13569s
 3299928 214541 infeasible   64               -    0.00000      -   283 13577s
 3301818 214795    0.00000   63  152          -    0.00000      -   283 13584s
 3303666 215056 infeasible   70               -    0.00000      -   283 13593s
 3305269 215458    0.00000   60  140          -    0.00000      -   283 13603s
 3307760 215676    0.00000   58  181          -    0.00000      -   283 13612s
 3309914 215727 infeasible   97               -    0.00000      -   283 13621s
 3312226 215937    0.00000   78  139          -    0.00000      -   283 13630s
 3315647 215992 infeasible   89               -    0.00000      -   283 13638s
 3318850 216175    0.00000   73  147          -    0.00000      -   283 13645s
 3321921 216257 infeasible   83               -    0.00000      -   283 13652s
 3324505 216328 infeasible   77               -    0.00000      -   283 13658s
 3326843 216391    0.00000   93  112          -    0.00000      -   283 13664s
 3329180 216464 infeasible   78               -    0.00000      -   283 13672s
 3331973 216555 infeasible   89               -    0.00000      -   283 13678s
 3333753 216584    0.00000   64  133          -    0.00000      -   283 13685s
 3334662 216618 infeasible   65               -    0.00000      -   283 13692s
 3335916 216713 infeasible   82               -    0.00000      -   283 13699s
 3337526 216995 infeasible   73               -    0.00000      -   283 13707s
 3339866 217255    0.00000   99  114          -    0.00000      -   283 13715s
 3342314 217574    0.00000   73   78          -    0.00000      -   283 13723s
 3344808 217832 infeasible   76               -    0.00000      -   283 13730s
 3347274 218043 infeasible   91               -    0.00000      -   283 13738s
 3350204 218110    0.00000   76  146          -    0.00000      -   283 13745s
 3353250 218180    0.00000   78   67          -    0.00000      -   283 13754s
 3355385 218142    0.00000   83  148          -    0.00000      -   283 13762s
 3357912 218182 infeasible   74               -    0.00000      -   283 13769s
 3360290 218182    0.00000   64  159          -    0.00000      -   283 13770s
 3360403 218285 infeasible   82               -    0.00000      -   283 13776s
 3362795 218216 infeasible   74               -    0.00000      -   283 13782s
 3364818 218302    0.00000   87   81          -    0.00000      -   283 13788s
 3366597 218528    0.00000   74  178          -    0.00000      -   283 13795s
 3368461 218592 infeasible   69               -    0.00000      -   283 13802s
 3368767 218678    0.00000   82    7          -    0.00000      -   283 13809s
 3369381 218916 infeasible   82               -    0.00000      -   283 13817s
 3370448 219351    0.00000   86  103          -    0.00000      -   283 13825s
 3372781 219675 infeasible   92               -    0.00000      -   283 13833s
 3375143 220008    0.00000   66  146          -    0.00000      -   283 13840s
 3377517 220434    0.00000   63  148          -    0.00000      -   283 13848s
 3380381 220596    0.00000   89   71          -    0.00000      -   283 13855s
 3383451 220621 infeasible   78               -    0.00000      -   283 13860s
 3385458 220791    0.00000   66   70          -    0.00000      -   283 13865s
 3386924 220984 infeasible   72               -    0.00000      -   283 13870s
 3389590 221462 infeasible   73               -    0.00000      -   283 13876s
 3392738 221649    0.00000   72  103          -    0.00000      -   283 13881s
 3395963 221805 infeasible   74               -    0.00000      -   283 13886s
 3399432 222038 infeasible   74               -    0.00000      -   283 13892s
 3401338 222308    0.00000   70  116          -    0.00000      -   283 13895s
 3405268 222772 infeasible   78               -    0.00000      -   283 13902s
 3407420 223373    0.00000   62  130          -    0.00000      -   283 13906s
 3411524 223636 infeasible   73               -    0.00000      -   283 13912s
 3413104 223962 infeasible   69               -    0.00000      -   283 13916s
 3418167 224465    0.00000   69   65          -    0.00000      -   283 13923s
 3420503 224730    0.00000   76  101          -    0.00000      -   283 13926s
 3425771 225125 infeasible   72               -    0.00000      -   282 13934s
 3429316 225219 infeasible   85               -    0.00000      -   282 13936s
 3432642 225624 infeasible   74               -    0.00000      -   282 13941s
 3436054 225844 infeasible   80               -    0.00000      -   282 13947s
 3437381 225969    0.00000   70  139          -    0.00000      -   282 13952s
 3438614 226112    0.00000   69   94          -    0.00000      -   282 13955s
 3443068 226460 infeasible   78               -    0.00000      -   282 13961s
 3446962 226773 infeasible   70               -    0.00000      -   282 13967s
 3448868 227016    0.00000   69  154          -    0.00000      -   282 13971s
 3451331 227259    0.00000   71  124          -    0.00000      -   282 13975s
 3455481 227541 infeasible   76               -    0.00000      -   282 13982s
 3457499 227910 infeasible   85               -    0.00000      -   282 13986s
 3461141 228111    0.00000   90  158          -    0.00000      -   282 13993s
 3462857 228235 infeasible   65               -    0.00000      -   282 13997s
 3464958 228488 infeasible   66               -    0.00000      -   282 14000s
 3469368 228962    0.00000   74  107          -    0.00000      -   282 14008s
 3471547 228979 infeasible   76               -    0.00000      -   282 14012s
 3471720 228999 infeasible   75               -    0.00000      -   282 14016s
 3472225 229967    0.00000   76  129          -    0.00000      -   282 14029s
 3480941 230400 infeasible   93               -    0.00000      -   282 14034s
 3483050 230783    0.00000   59  139          -    0.00000      -   282 14038s
 3485397 231269 infeasible   69               -    0.00000      -   282 14043s
 3487924 231580 infeasible   65               -    0.00000      -   282 14047s
 3490666 231894 infeasible   89               -    0.00000      -   282 14051s
 3493006 232280    0.00000   80   89          -    0.00000      -   282 14056s
 3495405 232559 infeasible   80               -    0.00000      -   282 14061s
 3500515 232891 infeasible   82               -    0.00000      -   282 14067s
 3502428 233063    0.00000   69   98          -    0.00000      -   282 14071s
 3506397 233269    0.00000   70  176          -    0.00000      -   282 14077s
 3506426 233275    0.00000   71  171          -    0.00000      -   282 14080s
 3506460 233260 infeasible   72               -    0.00000      -   282 14086s
 3506515 233257    0.00000   59  138          -    0.00000      -   282 14091s
 3506558 233263    0.00000   60  176          -    0.00000      -   282 14098s
 3506592 233273    0.00000   61  137          -    0.00000      -   282 14103s
 3506622 233283    0.00000   62  154          -    0.00000      -   282 14107s
 3506652 233287    0.00000   63  163          -    0.00000      -   282 14110s
 3506688 233293    0.00000   64  204          -    0.00000      -   282 14116s
 3506722 233305    0.00000   65  213          -    0.00000      -   282 14121s
 3506750 233307    0.00000   66  206          -    0.00000      -   282 14125s
 3507009 233370    0.00000   68  222          -    0.00000      -   282 14131s
 3507529 233415 infeasible   69               -    0.00000      -   282 14135s
 3508801 233448 infeasible   68               -    0.00000      -   282 14140s
 3509176 233512 infeasible   69               -    0.00000      -   282 14145s
 3509732 233624    0.00000   90   86          -    0.00000      -   282 14151s
 3510936 233716 infeasible   91               -    0.00000      -   282 14157s
 3512795 233870 infeasible   92               -    0.00000      -   282 14163s
 3516165 234106    0.00000   78  129          -    0.00000      -   282 14168s
 3519129 234348    0.00000   68  126          -    0.00000      -   282 14174s
 3521992 234542    0.00000   79  110          -    0.00000      -   282 14178s
 3524043 234703 infeasible   74               -    0.00000      -   282 14182s
 3526233 234900    0.00000   67  126          -    0.00000      -   282 14186s
 3530157 235228    0.00000   83  109          -    0.00000      -   282 14193s
 3532150 235300 infeasible   78               -    0.00000      -   282 14197s
 3533829 235475 infeasible   79               -    0.00000      -   282 14201s
 3535884 235886 infeasible   74               -    0.00000      -   282 14206s
 3538700 236103    0.00000   82   91          -    0.00000      -   282 14211s
 3542099 236244    0.00000   72  104          -    0.00000      -   282 14217s
 3544062 236259    0.00000   73   96          -    0.00000      -   282 14223s
 3547433 236269    0.00000   74   92          -    0.00000      -   282 14229s
 3550098 236391 infeasible   78               -    0.00000      -   282 14233s
 3553183 236509    0.00000   74  106          -    0.00000      -   281 14238s
 3556151 236523    0.00000   76   94          -    0.00000      -   281 14242s
 3558887 236537 infeasible   92               -    0.00000      -   281 14245s
 3563697 236576 infeasible   87               -    0.00000      -   281 14252s
 3566351 236603    0.00000   52  245          -    0.00000      -   281 14258s
 3570663 236653    0.00000   90   79          -    0.00000      -   281 14261s
 3574372 236649    0.00000   83  118          -    0.00000      -   281 14267s
 3576374 236739    0.00000   78   93          -    0.00000      -   281 14270s
 3579700 237112 infeasible   74               -    0.00000      -   281 14276s
 3581587 237192    0.00000   70  118          -    0.00000      -   281 14282s
 3581981 237222 infeasible   71               -    0.00000      -   281 14285s
 3583122 237445    0.00000   78   78          -    0.00000      -   281 14292s
 3584604 237518    0.00000   65  167          -    0.00000      -   281 14297s
 3586405 237670    0.00000   79  108          -    0.00000      -   281 14302s
 3588596 237768 infeasible   79               -    0.00000      -   281 14306s
 3590588 237917    0.00000   71  124          -    0.00000      -   281 14311s
 3593012 238078    0.00000   73   98          -    0.00000      -   281 14316s
 3595049 238238    0.00000   76   84          -    0.00000      -   281 14320s
 3597113 238375    0.00000   78  147          -    0.00000      -   281 14325s
 3599043 238659 infeasible   71               -    0.00000      -   281 14330s
 3604136 238954 infeasible   68               -    0.00000      -   281 14339s
 3606761 239057 infeasible   80               -    0.00000      -   281 14343s
 3608963 239165    0.00000   79   22          -    0.00000      -   281 14347s
 3611209 239490 infeasible   78               -    0.00000      -   281 14350s
 3614954 240096 infeasible   62               -    0.00000      -   281 14359s
 3617295 240257    0.00000   90   94          -    0.00000      -   281 14364s
 3618290 240635 infeasible   78               -    0.00000      -   281 14369s
 3620862 240894 infeasible   88               -    0.00000      -   281 14374s
 3622939 241204    0.00000   69  169          -    0.00000      -   281 14378s
 3625326 241349 infeasible   79               -    0.00000      -   281 14384s
 3627627 241450    0.00000   75  118          -    0.00000      -   281 14392s
 3628302 241664 infeasible   76               -    0.00000      -   281 14400s
 3629825 241903    0.00000   67  150          -    0.00000      -   281 14408s
 3632090 242170 infeasible   71               -    0.00000      -   281 14417s
 3634525 242442    0.00000   70  121          -    0.00000      -   281 14427s
 3636729 242680 infeasible   69               -    0.00000      -   281 14435s
 3638974 242868    0.00000   74  126          -    0.00000      -   281 14444s
 3641492 243015    0.00000   77  130          -    0.00000      -   281 14452s
 3643716 243120 infeasible   77               -    0.00000      -   281 14459s
 3645716 243149 infeasible   68               -    0.00000      -   281 14466s
 3646240 243200 infeasible   65               -    0.00000      -   281 14474s
 3647453 243377    0.00000   75  119          -    0.00000      -   281 14482s
 3649242 243690 infeasible   76               -    0.00000      -   281 14491s
 3651869 243919    0.00000   63  110          -    0.00000      -   281 14499s
 3654358 244040 infeasible   70               -    0.00000      -   281 14507s
 3656614 244204    0.00000   73   90          -    0.00000      -   281 14515s
 3658898 244314    0.00000   64  109          -    0.00000      -   281 14523s
 3661283 244416    0.00000   81  163          -    0.00000      -   281 14530s
 3663147 244673 infeasible   73               -    0.00000      -   281 14539s
 3665416 244889    0.00000   77   94          -    0.00000      -   281 14547s
 3667550 245028    0.00000   71  114          -    0.00000      -   281 14555s
 3668577 245243    0.00000   87   96          -    0.00000      -   281 14565s
 3670876 245528    0.00000   75  108          -    0.00000      -   281 14574s
 3673380 245568 infeasible   83               -    0.00000      -   281 14583s
 3676016 245673    0.00000   78  124          -    0.00000      -   281 14591s
 3678387 245768    0.00000   77  107          -    0.00000      -   281 14598s
 3680617 245794 infeasible   87               -    0.00000      -   281 14606s
 3681045 245877 infeasible   88               -    0.00000      -   281 14614s
 3682053 246099 infeasible   89               -    0.00000      -   281 14622s
 3683750 246624    0.00000   63  166          -    0.00000      -   281 14631s
 3686568 247144    0.00000   71   97          -    0.00000      -   281 14642s
 3690282 247325 infeasible   85               -    0.00000      -   281 14649s
 3692588 247440 infeasible   86               -    0.00000      -   281 14655s
 3694644 247524 infeasible   83               -    0.00000      -   281 14661s
 3696717 247656 infeasible   75               -    0.00000      -   281 14667s
 3698773 247794 infeasible   75               -    0.00000      -   281 14673s
 3700635 247907    0.00000   64  148          -    0.00000      -   280 14679s
 3702613 248005 infeasible   93               -    0.00000      -   280 14684s
 3704554 248050 infeasible   87               -    0.00000      -   280 14691s
 3706586 248247    0.00000   85   50          -    0.00000      -   280 14696s
 3708367 248337 infeasible  101               -    0.00000      -   280 14702s
 3710191 248387    0.00000   82  118          -    0.00000      -   280 14712s
 3711406 248469 infeasible   83               -    0.00000      -   280 14727s
 3714746 248697    0.00000   58  108          -    0.00000      -   280 14737s
 3718050 248931 infeasible   71               -    0.00000      -   280 14746s
 3721114 249055 infeasible   80               -    0.00000      -   280 14754s
 3724057 249154    0.00000   77  108          -    0.00000      -   280 14762s
 3726540 249291    0.00000   75   84          -    0.00000      -   280 14770s
 3729045 249393    0.00000   89   77          -    0.00000      -   280 14777s
 3731387 249537 infeasible   74               -    0.00000      -   280 14784s
 3733720 249670    0.00000   64  125          -    0.00000      -   280 14794s
 3737312 249767    0.00000   70  162          -    0.00000      -   280 14801s
 3739364 249807    0.00000   66  126          -    0.00000      -   280 14807s
 3741354 249841    0.00000   80  116          -    0.00000      -   280 14812s
 3742239 249868 infeasible   67               -    0.00000      -   280 14817s
 3742854 249952 infeasible   80               -    0.00000      -   280 14824s
 3743712 249941 infeasible   79               -    0.00000      -   280 14830s
 3745162 250058 infeasible   83               -    0.00000      -   280 14837s
 3747417 250163    0.00000   70  120          -    0.00000      -   280 14845s
 3750120 250272 infeasible   76               -    0.00000      -   280 14851s
 3752236 250468 infeasible   85               -    0.00000      -   280 14858s
 3754344 250564    0.00000   81  131          -    0.00000      -   280 14865s
 3756537 250838 infeasible   85               -    0.00000      -   280 14874s
 3759664 250937    0.00000   79  114          -    0.00000      -   280 14880s
 3761533 251043    0.00000   91   85          -    0.00000      -   280 14886s
 3763300 251301    0.00000   80  114          -    0.00000      -   280 14893s
 3765258 251510 infeasible   75               -    0.00000      -   280 14900s
 3767236 251677    0.00000   93   99          -    0.00000      -   280 14906s
 3769309 251783    0.00000   79  112          -    0.00000      -   280 14913s
 3771442 251909    0.00000   85  137          -    0.00000      -   280 14920s
 3773663 252018    0.00000   86  125          -    0.00000      -   280 14926s
 3774687 252124 infeasible   75               -    0.00000      -   280 14932s
 3776023 252269    0.00000   77  118          -    0.00000      -   280 14939s
 3777949 252462 infeasible   82               -    0.00000      -   280 14944s
 3780201 252678    0.00000   79  134          -    0.00000      -   280 14949s
 3783647 252718 infeasible   69               -    0.00000      -   280 14952s
 3785848 252669    0.00000   91   99          -    0.00000      -   280 14955s
 3790081 252721 infeasible   91               -    0.00000      -   280 14960s
 3791882 252860    0.00000   87  134          -    0.00000      -   279 14966s
 3794707 253164 infeasible   94               -    0.00000      -   279 14972s
 3796577 253332    0.00000   62  137          -    0.00000      -   279 14976s
 3800186 253453    0.00000   68  112          -    0.00000      -   279 14980s
 3802705 253442 infeasible   75               -    0.00000      -   279 14986s
 3804992 253660 infeasible   91               -    0.00000      -   279 14991s
 3808257 253796    0.00000   85   85          -    0.00000      -   279 14995s
 3812764 253869    0.00000   77   45          -    0.00000      -   279 15001s
 3816492 253977 infeasible   90               -    0.00000      -   279 15007s
 3817733 253994 infeasible   91               -    0.00000      -   279 15010s
 3820890 254146    0.00000   75   45          -    0.00000      -   279 15016s
 3824454 254402 infeasible   77               -    0.00000      -   279 15022s
 3826259 254565 infeasible   68               -    0.00000      -   279 15026s
 3827992 254627    0.00000   58  177          -    0.00000      -   279 15030s
 3831318 254647    0.00000   59  123          -    0.00000      -   279 15036s
 3831570 254693    0.00000   60  119          -    0.00000      -   279 15040s
 3832255 254806    0.00000   61  121          -    0.00000      -   279 15045s
 3836356 255411    0.00000   64  176          -    0.00000      -   279 15054s
 3838753 255681    0.00000   67  118          -    0.00000      -   279 15059s
 3841423 255870 infeasible   73               -    0.00000      -   279 15063s
 3843609 256157    0.00000   62  148          -    0.00000      -   279 15068s
 3846329 256391    0.00000   79  137          -    0.00000      -   279 15072s
 3848982 256500 infeasible   94               -    0.00000      -   279 15076s
 3851532 256554    0.00000   67  135          -    0.00000      -   279 15082s
 3854367 256610 infeasible   76               -    0.00000      -   279 15086s
 3858163 256917 infeasible   73               -    0.00000      -   279 15093s
 3860113 256947 infeasible   77               -    0.00000      -   279 15097s
 3862184 256978 infeasible   79               -    0.00000      -   279 15102s
 3864144 257133    0.00000   63  142          -    0.00000      -   279 15106s
 3866263 257288 infeasible   60               -    0.00000      -   279 15110s
 3870545 257464 infeasible   92               -    0.00000      -   279 15118s
 3872631 257560    0.00000   85  133          -    0.00000      -   279 15121s
 3874689 257787    0.00000   82  137          -    0.00000      -   279 15126s
 3877200 257933 infeasible   66               -    0.00000      -   279 15133s
 3879178 258068 infeasible   91               -    0.00000      -   279 15140s
 3881021 258207    0.00000   85  140          -    0.00000      -   279 15147s
 3883214 258250    0.00000   75  115          -    0.00000      -   279 15154s
 3884049 258314    0.00000   76  107          -    0.00000      -   279 15162s
 3885319 258510    0.00000   69   71          -    0.00000      -   279 15170s
 3887504 258710    0.00000   73  106          -    0.00000      -   279 15179s
 3890245 258881 infeasible   76               -    0.00000      -   279 15186s
 3892429 259164 infeasible   71               -    0.00000      -   279 15194s
 3894282 259399 infeasible   79               -    0.00000      -   279 15201s
 3896283 259665 infeasible   69               -    0.00000      -   279 15208s
 3898550 259899    0.00000   74  124          -    0.00000      -   279 15217s
 3901473 259949    0.00000   72  138          -    0.00000      -   279 15224s
 3902205 260027 infeasible   74               -    0.00000      -   279 15231s
 3903169 260055 infeasible   80               -    0.00000      -   279 15239s
 3905134 260213 infeasible   84               -    0.00000      -   279 15247s
 3907627 260362 infeasible   80               -    0.00000      -   279 15251s
 3912374 260672 infeasible   81               -    0.00000      -   279 15258s
 3914776 260790    0.00000   77  129          -    0.00000      -   279 15262s
 3917182 260861    0.00000   78   95          -    0.00000      -   279 15266s
 3921063 261225    0.00000   64  133          -    0.00000      -   279 15272s
 3922819 261327    0.00000   70   92          -    0.00000      -   279 15276s
 3924170 261650 infeasible   67               -    0.00000      -   279 15282s
 3927663 261804 infeasible   73               -    0.00000      -   279 15287s
 3930869 261916 infeasible   72               -    0.00000      -   279 15290s
 3933696 261976 infeasible   74               -    0.00000      -   279 15297s
 3934355 262014    0.00000   64  130          -    0.00000      -   279 15300s
 3935363 262163 infeasible   72               -    0.00000      -   279 15305s
 3939719 262842    0.00000   74  166          -    0.00000      -   279 15314s
 3942769 263036    0.00000   83   34          -    0.00000      -   279 15318s
 3945375 263229 infeasible   74               -    0.00000      -   279 15323s
 3948029 263442 infeasible   79               -    0.00000      -   279 15328s
 3950929 263532    0.00000   76  133          -    0.00000      -   279 15332s
 3952899 263572    0.00000   67  133          -    0.00000      -   279 15336s
 3955024 263725 infeasible   77               -    0.00000      -   279 15340s
 3958940 263914    0.00000   69   91          -    0.00000      -   279 15347s
 3960944 264021 infeasible   91               -    0.00000      -   279 15350s
 3964727 264465 infeasible   82               -    0.00000      -   279 15358s
 3967007 264565    0.00000   82   27          -    0.00000      -   279 15363s
 3969744 264599    0.00000   83   93          -    0.00000      -   279 15369s
 3971786 264760    0.00000   73  127          -    0.00000      -   279 15377s
 3974358 264857    0.00000   79  102          -    0.00000      -   279 15384s
 3975761 265044    0.00000   74  120          -    0.00000      -   279 15391s
 3977829 265044    0.00000   65  131          -    0.00000      -   279 15399s
 3978105 265088    0.00000   66  122          -    0.00000      -   279 15407s
 3978697 265147    0.00000   67  126          -    0.00000      -   279 15415s
 3980604 265246    0.00000   77  120          -    0.00000      -   279 15424s
 3983146 265432    0.00000   79   70          -    0.00000      -   279 15432s
 3985555 265435    0.00000   69  150          -    0.00000      -   279 15440s
 3985592 265443    0.00000   70  119          -    0.00000      -   279 15458s
 3985624 265453 infeasible   71               -    0.00000      -   279 15473s
 3985654 265462    0.00000   72   97          -    0.00000      -   279 15485s
 3985684 265472 infeasible   73               -    0.00000      -   279 15499s
 3985714 265472    0.00000   74  168          -    0.00000      -   279 15513s
 3985754 265481    0.00000   75  172          -    0.00000      -   279 15523s
 3985794 265490 infeasible   76               -    0.00000      -   279 15538s
 3985923 265534 infeasible   75               -    0.00000      -   279 15552s
 3986431 265570    0.00000   76  122          -    0.00000      -   279 15562s
 3986635 265669    0.00000   77  121          -    0.00000      -   279 15572s
 3988210 265827 infeasible   84               -    0.00000      -   279 15583s
 3991145 266040    0.00000   71  164          -    0.00000      -   279 15594s
 3994257 266154    0.00000   77  101          -    0.00000      -   279 15605s
 3997206 266355    0.00000   86  122          -    0.00000      -   279 15615s
 3999845 266489    0.00000   77  131          -    0.00000      -   279 15623s
 4001534 266544 infeasible   83               -    0.00000      -   279 15631s
 4002351 266624    0.00000   65  108          -    0.00000      -   279 15639s
 4003453 266725 infeasible   80               -    0.00000      -   279 15649s
 4005580 266941 infeasible   72               -    0.00000      -   279 15659s
 4008662 267122 infeasible   78               -    0.00000      -   279 15669s
 4011589 267274 infeasible   85               -    0.00000      -   279 15677s
 4014049 267394 infeasible   78               -    0.00000      -   279 15686s
 4016456 267513 infeasible   89               -    0.00000      -   279 15693s
 4018903 267618 infeasible   83               -    0.00000      -   279 15702s
 4021247 267712 infeasible   91               -    0.00000      -   279 15711s
 4023978 267887    0.00000   46  234          -    0.00000      -   279 15718s
 4025930 268064 infeasible   72               -    0.00000      -   279 15726s
 4028178 268086 infeasible   75               -    0.00000      -   279 15733s
 4028976 268179 infeasible   76               -    0.00000      -   279 15740s
 4030139 268316    0.00000   64   99          -    0.00000      -   279 15748s
 4031768 268525    0.00000   71  163          -    0.00000      -   279 15756s
 4033694 268680    0.00000   75  134          -    0.00000      -   279 15764s
 4035843 268812 infeasible   62               -    0.00000      -   279 15771s
 4037851 268975 infeasible   72               -    0.00000      -   279 15780s
 4039902 269172    0.00000   74  117          -    0.00000      -   279 15787s
 4041873 269313    0.00000   83   90          -    0.00000      -   279 15795s
 4044037 269328 infeasible   76               -    0.00000      -   279 15804s
 4044216 269361    0.00000   77  178          -    0.00000      -   279 15812s
 4044764 269994 infeasible   78               -    0.00000      -   279 15840s
 4052930 270239    0.00000   68  103          -    0.00000      -   279 15851s
 4055950 270421    0.00000   81  125          -    0.00000      -   279 15860s
 4058587 270644 infeasible   82               -    0.00000      -   279 15867s
 4060706 270870    0.00000   88   98          -    0.00000      -   279 15875s
 4062605 271166    0.00000   65  134          -    0.00000      -   279 15882s
 4064501 271331 infeasible   93               -    0.00000      -   279 15889s
 4066431 271415 infeasible   71               -    0.00000      -   279 15897s
 4068467 271624    0.00000   81  100          -    0.00000      -   279 15906s
 4070713 271900 infeasible   67               -    0.00000      -   279 15915s
 4073110 272067    0.00000   91   37          -    0.00000      -   279 15923s
 4075494 272208 infeasible   95               -    0.00000      -   279 15931s
 4078034 272430 infeasible   85               -    0.00000      -   279 15938s
 4080004 272616    0.00000   71  148          -    0.00000      -   279 15945s
 4081916 272737    0.00000   85  100          -    0.00000      -   279 15952s
 4083848 272927    0.00000   77  139          -    0.00000      -   279 15959s
 4085466 272978    0.00000   76  126          -    0.00000      -   279 15967s
 4086033 273024 infeasible   74               -    0.00000      -   279 15975s
 4086661 273048 infeasible   82               -    0.00000      -   279 15982s
 4087503 273232 infeasible   69               -    0.00000      -   279 15991s
 4089675 273371    0.00000   65  151          -    0.00000      -   279 16000s
 4092211 273501    0.00000   70  113          -    0.00000      -   279 16010s
 4095431 273514 infeasible   81               -    0.00000      -   279 16016s
 4097278 273579 infeasible   81               -    0.00000      -   279 16022s
 4098987 273729    0.00000   74  120          -    0.00000      -   279 16028s
 4100704 273790 infeasible   66               -    0.00000      -   279 16034s
 4101338 273790 infeasible   74               -    0.00000      -   279 16035s
 4102466 273899    0.00000   82   92          -    0.00000      -   279 16041s
 4104106 274105    0.00000   65  137          -    0.00000      -   279 16047s
 4105751 274285 infeasible   80               -    0.00000      -   279 16054s
 4107532 274491 infeasible   71               -    0.00000      -   279 16062s
 4109643 274847 infeasible   77               -    0.00000      -   279 16070s
 4112107 275138    0.00000   81  174          -    0.00000      -   279 16077s
 4114512 275475    0.00000   72  136          -    0.00000      -   279 16085s
 4117231 275755    0.00000   77  158          -    0.00000      -   279 16090s
 4122833 276015 infeasible   75               -    0.00000      -   279 16096s
 4126915 276153 infeasible   86               -    0.00000      -   278 16102s
 4128065 276403 infeasible   85               -    0.00000      -   278 16105s
 4132207 276621 infeasible   79               -    0.00000      -   278 16111s
 4133886 276766    0.00000   96   12          -    0.00000      -   278 16117s
 4135449 276896    0.00000   73  115          -    0.00000      -   278 16121s
 4139638 277212    0.00000   92   57          -    0.00000      -   278 16128s
 4141487 277370 infeasible   86               -    0.00000      -   278 16132s
 4144259 277501    0.00000   67   87          -    0.00000      -   278 16136s
 4147872 277793 infeasible   67               -    0.00000      -   278 16140s
 4150811 278129    0.00000   78   85          -    0.00000      -   278 16146s
 4154912 278267    0.00000   71  177          -    0.00000      -   278 16152s
 4155183 278317 infeasible   70               -    0.00000      -   278 16155s
 4156686 278456 infeasible   90               -    0.00000      -   278 16162s
 4158377 278695    0.00000   84  155          -    0.00000      -   278 16166s
 4160696 279025    0.00000   82  120          -    0.00000      -   278 16170s
 4165841 279732    0.00000   84   93          -    0.00000      -   278 16179s
 4168883 279938 infeasible   76               -    0.00000      -   278 16183s
 4171142 280127    0.00000   70  150          -    0.00000      -   278 16186s
 4173278 280320 infeasible   92               -    0.00000      -   278 16192s
 4175386 280403    0.00000   80  142          -    0.00000      -   278 16199s
 4177761 280483 infeasible   84               -    0.00000      -   278 16206s
 4180010 280550    0.00000   88  156          -    0.00000      -   278 16212s
 4182083 280651 infeasible   95               -    0.00000      -   278 16219s
 4184277 280656 infeasible   85               -    0.00000      -   278 16226s
 4186081 280804    0.00000   87  141          -    0.00000      -   278 16233s
 4188010 280940    0.00000   76  159          -    0.00000      -   278 16239s
 4189999 281069 infeasible   82               -    0.00000      -   278 16249s
 4193184 281201    0.00000   73  150          -    0.00000      -   278 16256s
 4195253 281319 infeasible   88               -    0.00000      -   278 16262s
 4196520 281374    0.00000   83  151          -    0.00000      -   278 16269s
 4198606 281483    0.00000   82   98          -    0.00000      -   278 16276s
 4200760 281521    0.00000  100   97          -    0.00000      -   278 16282s
 4201236 281578 infeasible  101               -    0.00000      -   278 16289s
 4202226 281681 infeasible  101               -    0.00000      -   278 16297s
 4204190 281920    0.00000   75  107          -    0.00000      -   278 16304s
 4205596 281920    0.00000   75  100          -    0.00000      -   278 16305s
 4206524 281934 infeasible  102               -    0.00000      -   278 16312s
 4208884 282123 infeasible   85               -    0.00000      -   278 16320s
 4211222 282210    0.00000   86  112          -    0.00000      -   278 16327s
 4213540 282385    0.00000   93   32          -    0.00000      -   278 16337s
 4216660 282479    0.00000   75  123          -    0.00000      -   278 16343s
 4218668 282612    0.00000   64  141          -    0.00000      -   278 16350s
 4220763 282613 infeasible   78               -    0.00000      -   278 16356s
 4222552 282738 infeasible   75               -    0.00000      -   278 16363s
 4224392 282813    0.00000   91  117          -    0.00000      -   278 16370s
 4226731 282809    0.00000   82  155          -    0.00000      -   277 16376s
 4227139 282844    0.00000   83  116          -    0.00000      -   277 16380s
 4228944 282945    0.00000   97   21          -    0.00000      -   277 16387s
 4230800 283008 infeasible   89               -    0.00000      -   277 16393s
 4233233 283118 infeasible   86               -    0.00000      -   277 16401s
 4235521 283362    0.00000   60  102          -    0.00000      -   277 16409s
 4238185 283483    0.00000   90  106          -    0.00000      -   277 16418s
 4241697 283683 infeasible   87               -    0.00000      -   277 16425s
 4243725 283884    0.00000   98   86          -    0.00000      -   277 16432s
 4245902 284033    0.00000   91   79          -    0.00000      -   277 16438s
 4247843 284134    0.00000   77  149          -    0.00000      -   277 16444s
 4249941 284206    0.00000   85  151          -    0.00000      -   277 16450s
 4252095 284235 infeasible   92               -    0.00000      -   277 16456s
 4254127 284251    0.00000   91  151          -    0.00000      -   277 16462s
 4256088 284300    0.00000   84  109          -    0.00000      -   277 16468s
 4257994 284333 infeasible   83               -    0.00000      -   277 16473s
 4259891 284364    0.00000   91  141          -    0.00000      -   277 16479s
 4261696 284372 infeasible   79               -    0.00000      -   277 16487s
 4263430 284511    0.00000   78  159          -    0.00000      -   277 16498s
 4267080 284675 infeasible   77               -    0.00000      -   277 16506s
 4269360 284698 infeasible   84               -    0.00000      -   277 16513s
 4269901 284747    0.00000   89   95          -    0.00000      -   277 16520s
 4271198 284814    0.00000   90   95          -    0.00000      -   277 16528s
 4273295 284931    0.00000   93   92          -    0.00000      -   277 16536s
 4276008 285245    0.00000   91   84          -    0.00000      -   277 16545s
 4278748 285554    0.00000   90   90          -    0.00000      -   277 16554s
 4281778 285705 infeasible   87               -    0.00000      -   277 16561s
 4284540 285793 infeasible  105               -    0.00000      -   277 16567s
 4288693 285813    0.00000   89   29          -    0.00000      -   277 16570s
 4292790 285968    0.00000   84  116          -    0.00000      -   277 16576s
 4296915 285895    0.00000   79  110          -    0.00000      -   277 16581s
 4300490 285905    0.00000   64  120          -    0.00000      -   277 16586s
 4302540 285856 infeasible   89               -    0.00000      -   277 16591s
 4306031 286113    0.00000   76   83          -    0.00000      -   277 16597s
 4307926 286088    0.00000   98  135          -    0.00000      -   277 16602s
 4310823 286092 infeasible   79               -    0.00000      -   277 16605s
 4313369 286124    0.00000   75  118          -    0.00000      -   277 16612s
 4314455 286136    0.00000   80   89          -    0.00000      -   277 16616s
 4319086 286222    0.00000   75  143          -    0.00000      -   277 16623s
 4321400 286259    0.00000   81  109          -    0.00000      -   277 16627s
 4323644 286378 infeasible   87               -    0.00000      -   277 16630s
 4328218 286875 infeasible   83               -    0.00000      -   276 16638s
 4330640 286964    0.00000   94   26          -    0.00000      -   276 16641s
 4332971 286951    0.00000   91   84          -    0.00000      -   276 16646s
 4337191 286914    0.00000   85   95          -    0.00000      -   276 16652s
 4339249 286913 infeasible   87               -    0.00000      -   276 16656s
 4342623 287048 infeasible   94               -    0.00000      -   276 16660s
 4344655 287153 infeasible   82               -    0.00000      -   276 16667s
 4346068 287184 infeasible   86               -    0.00000      -   276 16671s
 4348108 287226    0.00000   77  118          -    0.00000      -   276 16675s
 4352539 287366    0.00000   82   93          -    0.00000      -   276 16683s
 4354627 287577 infeasible   95               -    0.00000      -   276 16687s
 4357075 287718    0.00000   76  124          -    0.00000      -   276 16693s
 4360487 287814 infeasible   87               -    0.00000      -   276 16696s
 4362601 287867 infeasible   86               -    0.00000      -   276 16700s
 4365251 287953 infeasible   93               -    0.00000      -   276 16706s
 4366736 288055 infeasible   85               -    0.00000      -   276 16710s
 4370977 288340 infeasible   82               -    0.00000      -   276 16717s
 4373413 288379 infeasible   81               -    0.00000      -   276 16720s
 4377385 288478    0.00000   90   96          -    0.00000      -   276 16727s
 4379344 288507 infeasible   89               -    0.00000      -   276 16730s
 4381700 288601    0.00000   92  110          -    0.00000      -   276 16738s
 4384051 288542 infeasible   80               -    0.00000      -   276 16742s
 4386424 288712 infeasible   83               -    0.00000      -   276 16746s
 4388564 288836 infeasible   80               -    0.00000      -   276 16750s
 4393974 288926 infeasible   91               -    0.00000      -   276 16758s
 4394944 289005    0.00000   71  141          -    0.00000      -   276 16761s
 4396823 289091    0.00000   59  132          -    0.00000      -   276 16765s
 4400799 289485    0.00000   88   77          -    0.00000      -   276 16772s
 4402572 289772    0.00000   62  106          -    0.00000      -   276 16776s
 4404347 289824    0.00000   54  178          -    0.00000      -   276 16780s
 4405844 290681    0.00000   56  162          -    0.00000      -   276 16793s
 4409680 291087    0.00000   58  155          -    0.00000      -   276 16798s
 4412258 291381    0.00000   79   85          -    0.00000      -   276 16805s
 4414455 291737    0.00000   72  105          -    0.00000      -   276 16813s
 4416811 292265    0.00000   71  164          -    0.00000      -   276 16825s
 4419725 292875    0.00000   81  142          -    0.00000      -   276 16836s
 4423635 293142    0.00000   89  133          -    0.00000      -   276 16845s
 4426928 293272 infeasible   91               -    0.00000      -   276 16854s
 4430103 293568    0.00000   88   65          -    0.00000      -   276 16865s
 4434213 293664    0.00000   94    9          -    0.00000      -   276 16872s
 4435967 293697 infeasible   86               -    0.00000      -   276 16877s
 4436829 293788    0.00000   62  116          -    0.00000      -   276 16883s
 4437818 293873    0.00000   61  121          -    0.00000      -   276 16889s
 4439037 293978    0.00000   80   92          -    0.00000      -   276 16895s
 4442421 294207    0.00000   71  105          -    0.00000      -   276 16902s
 4444898 294354    0.00000   76   37          -    0.00000      -   276 16905s
 4449595 294685 infeasible   84               -    0.00000      -   276 16913s
 4451961 294925    0.00000   77  128          -    0.00000      -   276 16916s
 4454372 295098    0.00000   68  128          -    0.00000      -   276 16922s
 4458085 295092 infeasible   72               -    0.00000      -   275 16925s
 4462152 295257 infeasible   83               -    0.00000      -   275 16931s
 4465887 295485 infeasible   66               -    0.00000      -   275 16937s
 4467790 295669 infeasible   69               -    0.00000      -   275 16941s
 4471630 296019 infeasible   58               -    0.00000      -   275 16947s
 4473727 296120 infeasible   71               -    0.00000      -   275 16950s
 4476672 296209 infeasible   69               -    0.00000      -   275 16955s
 4479532 296437 infeasible   86               -    0.00000      -   275 16964s
 4482187 296435    0.00000   90   86          -    0.00000      -   275 16967s
 4482229 296425 infeasible   91               -    0.00000      -   275 16973s
 4482278 296432    0.00000   57  179          -    0.00000      -   275 16978s
 4482311 296437    0.00000   58  172          -    0.00000      -   275 16985s
 4482346 296440    0.00000   59  146          -    0.00000      -   275 16992s
 4482383 296443    0.00000   60  178          -    0.00000      -   275 16997s
 4482420 296454    0.00000   61  149          -    0.00000      -   275 17003s
 4482449 296464    0.00000   62  147          -    0.00000      -   275 17008s
 4482479 296470    0.00000   63  126          -    0.00000      -   275 17015s
 4482595 296484    0.00000   64  144          -    0.00000      -   275 17023s
 4482787 296551    0.00000   65  112          -    0.00000      -   275 17027s
 4483428 296617    0.00000   66  127          -    0.00000      -   275 17034s
 4484866 296672    0.00000   74  135          -    0.00000      -   275 17043s
 4487500 296760    0.00000   79  166          -    0.00000      -   275 17062s
 4491136 297005 infeasible   94               -    0.00000      -   275 17076s
 4495497 297136    0.00000   83   85          -    0.00000      -   275 17088s
 4499328 297318    0.00000   77   48          -    0.00000      -   275 17093s
 4502258 297469 infeasible   68               -    0.00000      -   275 17098s
 4505159 297539 infeasible   80               -    0.00000      -   275 17102s
 4507579 297552    0.00000   78  121          -    0.00000      -   275 17106s
 4509892 297605 infeasible   77               -    0.00000      -   275 17110s
 4513614 297879 infeasible   71               -    0.00000      -   275 17117s
 4515357 297984    0.00000   71  154          -    0.00000      -   275 17120s
 4517860 298172 infeasible   76               -    0.00000      -   275 17127s
 4519547 298363    0.00000   82  114          -    0.00000      -   275 17131s
 4521664 298357 infeasible   78               -    0.00000      -   275 17135s
 4526275 298514 infeasible   69               -    0.00000      -   275 17144s
 4527042 298879    0.00000   72  137          -    0.00000      -   275 17155s
 4532231 298984 infeasible   74               -    0.00000      -   275 17161s
 4535591 299120    0.00000   77  113          -    0.00000      -   275 17167s
 4538774 299245    0.00000   65  207          -    0.00000      -   275 17172s
 4541583 299275 infeasible   78               -    0.00000      -   275 17177s
 4544427 299253 infeasible   85               -    0.00000      -   275 17182s
 4546904 299302 infeasible   83               -    0.00000      -   275 17190s
 4548793 299413    0.00000   67  174          -    0.00000      -   275 17197s
 4550536 299751    0.00000   82  128          -    0.00000      -   275 17208s
 4553970 299869    0.00000   88  104          -    0.00000      -   275 17215s
 4555839 299986 infeasible   82               -    0.00000      -   275 17222s
 4557582 300166 infeasible   86               -    0.00000      -   275 17229s
 4559713 300192    0.00000   85  102          -    0.00000      -   275 17237s
 4561916 300204 infeasible   88               -    0.00000      -   275 17242s
 4562092 300176 infeasible   87               -    0.00000      -   275 17246s
 4562556 300148    0.00000   88   82          -    0.00000      -   275 17250s
 4564439 300163 infeasible   94               -    0.00000      -   275 17257s
 4566595 300253 infeasible   89               -    0.00000      -   275 17260s
 4568914 300287    0.00000   93  118          -    0.00000      -   275 17265s
 4573960 300349    0.00000   94   79          -    0.00000      -   275 17272s
 4576310 300526    0.00000   84   88          -    0.00000      -   275 17278s
 4579664 300546 infeasible   78               -    0.00000      -   275 17281s
 4581696 300548 infeasible   78               -    0.00000      -   275 17285s
 4585418 300653    0.00000   66   73          -    0.00000      -   275 17291s
 4587128 300884 infeasible   75               -    0.00000      -   275 17295s
 4591477 301094 infeasible   88               -    0.00000      -   274 17305s
 4594048 301213    0.00000   82  120          -    0.00000      -   274 17312s
 4596056 301317    0.00000   77   91          -    0.00000      -   274 17320s
 4600473 301343    0.00000   87  104          -    0.00000      -   274 17330s
 4606297 301423 infeasible   84               -    0.00000      -   274 17336s
 4609570 301457 infeasible   81               -    0.00000      -   274 17342s
 4609838 301448 infeasible   83               -    0.00000      -   274 17345s
 4610529 301469 infeasible   84               -    0.00000      -   274 17351s
 4612638 301633    0.00000   80  103          -    0.00000      -   274 17357s
 4614543 301660    0.00000   81  109          -    0.00000      -   274 17361s
 4616892 301718    0.00000   92   91          -    0.00000      -   274 17365s
 4620866 302088    0.00000   69  120          -    0.00000      -   274 17373s
 4622836 302361    0.00000   74  105          -    0.00000      -   274 17377s
 4625091 302510    0.00000   63   89          -    0.00000      -   274 17382s
 4627930 302701 infeasible   69               -    0.00000      -   274 17386s
 4630292 302800 infeasible   67               -    0.00000      -   274 17390s
 4634096 303087    0.00000   65   70          -    0.00000      -   274 17398s
 4636014 303117 infeasible   65               -    0.00000      -   274 17401s
 4637647 303249    0.00000   68   93          -    0.00000      -   274 17407s
 4639355 303343    0.00000   67  126          -    0.00000      -   274 17414s
 4641154 303427 infeasible   73               -    0.00000      -   274 17420s
 4642816 303589 infeasible   86               -    0.00000      -   274 17428s
 4644900 303595 infeasible   72               -    0.00000      -   274 17435s
 4646982 303638    0.00000   72  129          -    0.00000      -   274 17442s
 4648708 303722    0.00000   78  107          -    0.00000      -   274 17451s
 4650339 303877    0.00000   79  103          -    0.00000      -   274 17462s
 4653424 304037 infeasible   74               -    0.00000      -   274 17471s
 4655882 304022 infeasible   83               -    0.00000      -   274 17479s
 4656346 304067 infeasible   86               -    0.00000      -   274 17487s
 4656793 304135 infeasible   87               -    0.00000      -   274 17495s
 4658521 304270 infeasible   84               -    0.00000      -   274 17504s
 4660944 304609    0.00000   69  126          -    0.00000      -   274 17514s
 4664241 304789    0.00000   97  114          -    0.00000      -   274 17523s
 4667399 304895 infeasible   92               -    0.00000      -   274 17532s
 4670476 305068 infeasible   87               -    0.00000      -   274 17540s
 4673029 305239    0.00000   77  111          -    0.00000      -   274 17551s
 4676394 305347    0.00000   87  109          -    0.00000      -   274 17557s
 4678400 305431    0.00000   70  113          -    0.00000      -   274 17563s
 4680278 305500    0.00000   75   59          -    0.00000      -   274 17570s
 4682135 305543 infeasible   99               -    0.00000      -   274 17576s
 4684057 305645 infeasible   74               -    0.00000      -   274 17584s
 4686141 305670 infeasible   89               -    0.00000      -   274 17591s
 4688176 305679    0.00000   79  100          -    0.00000      -   274 17597s
 4689931 305748    0.00000   73  117          -    0.00000      -   274 17603s
 4690520 305770    0.00000   74  112          -    0.00000      -   274 17609s
 4691709 305835 infeasible   81               -    0.00000      -   274 17615s
 4693284 305945    0.00000   84   83          -    0.00000      -   274 17622s
 4695168 306032 infeasible   89               -    0.00000      -   274 17629s
 4697173 306159    0.00000   89   82          -    0.00000      -   274 17638s
 4700251 306348    0.00000   84  116          -    0.00000      -   274 17644s
 4702164 306381    0.00000   81   85          -    0.00000      -   274 17651s
 4703970 306410 infeasible   74               -    0.00000      -   274 17657s
 4705649 306424    0.00000   76  120          -    0.00000      -   274 17663s
 4706538 306433 infeasible   77               -    0.00000      -   274 17670s
 4707791 306559 infeasible   82               -    0.00000      -   274 17677s
 4709640 306674    0.00000   73   83          -    0.00000      -   274 17685s
 4711980 306693 infeasible   81               -    0.00000      -   274 17692s
 4714179 306767 infeasible   71               -    0.00000      -   274 17696s
 4718301 307057 infeasible   76               -    0.00000      -   274 17702s
 4720010 307087 infeasible   94               -    0.00000      -   274 17707s
 4721070 307424 infeasible   68               -    0.00000      -   274 17714s
 4724993 307614    0.00000   83  187          -    0.00000      -   274 17720s
 4727992 307764    0.00000   81   88          -    0.00000      -   274 17730s
 4731054 307881    0.00000   70  125          -    0.00000      -   274 17740s
 4734015 307901 infeasible   92               -    0.00000      -   274 17748s
 4735129 307890    0.00000   79   92          -    0.00000      -   274 17756s
 4736824 307971 infeasible   80               -    0.00000      -   274 17766s
 4739537 308027 infeasible   78               -    0.00000      -   274 17776s
 4742679 308205    0.00000   62  119          -    0.00000      -   274 17784s
 4744510 308205 infeasible   79               -    0.00000      -   274 17785s
 4745406 308413    0.00000   79  126          -    0.00000      -   274 17794s
 4748126 308571 infeasible   82               -    0.00000      -   274 17801s
 4750094 308747    0.00000   67  117          -    0.00000      -   274 17808s
 4752211 308931    0.00000   87  108          -    0.00000      -   274 17815s
 4754225 309087    0.00000   75  174          -    0.00000      -   274 17822s
 4756200 309130 infeasible   76               -    0.00000      -   274 17829s
 4758180 309197    0.00000   86  122          -    0.00000      -   274 17836s
 4760017 309240 infeasible   76               -    0.00000      -   274 17843s
 4760975 309325    0.00000   70  137          -    0.00000      -   274 17850s
 4762677 309439 infeasible   86               -    0.00000      -   274 17858s
 4764805 309558 infeasible   66               -    0.00000      -   274 17866s
 4767084 309743    0.00000   87  176          -    0.00000      -   274 17873s
 4769385 309896 infeasible   91               -    0.00000      -   274 17883s
 4772273 309947    0.00000   88  119          -    0.00000      -   274 17889s
 4773722 309947    0.00000   83   99          -    0.00000      -   274 17890s
 4774224 310139    0.00000   75   89          -    0.00000      -   274 17895s
 4775608 310157    0.00000   73  147          -    0.00000      -   274 17903s
 4775930 310282    0.00000   74  161          -    0.00000      -   274 17910s
 4776857 310441    0.00000   80  115          -    0.00000      -   274 17917s
 4778690 310604    0.00000   60  180          -    0.00000      -   274 17926s
 4780743 310776 infeasible   84               -    0.00000      -   274 17933s
 4782692 310968    0.00000   78  181          -    0.00000      -   274 17941s
 4784799 311090 infeasible   83               -    0.00000      -   274 17950s
 4787375 311145 infeasible   69               -    0.00000      -   274 17959s
 4789883 311212 infeasible   73               -    0.00000      -   274 17967s
 4792047 311297 infeasible   90               -    0.00000      -   274 17975s
 4794451 311381 infeasible   66               -    0.00000      -   274 17984s
 4796163 311517 infeasible   68               -    0.00000      -   274 17994s
 4798993 311553 infeasible   74               -    0.00000      -   274 18002s
 4799735 311636 infeasible   73               -    0.00000      -   274 18012s
 4801078 311763 infeasible   74               -    0.00000      -   274 18021s
 4803866 311889 infeasible   75               -    0.00000      -   274 18031s
 4806684 311981 infeasible   80               -    0.00000      -   274 18040s
 4809256 312121 infeasible   70               -    0.00000      -   274 18049s
 4811779 312345 infeasible   77               -    0.00000      -   274 18057s
 4814203 312452    0.00000   82   92          -    0.00000      -   274 18066s
 4816783 312634    0.00000   91  112          -    0.00000      -   274 18075s
 4819732 312770    0.00000   90  128          -    0.00000      -   274 18086s
 4823388 312743 infeasible   75               -    0.00000      -   274 18092s
 4823950 312716    0.00000   74  122          -    0.00000      -   274 18098s
 4824917 312783    0.00000   75  126          -    0.00000      -   274 18105s
 4826319 312865    0.00000   87  117          -    0.00000      -   274 18113s
 4828695 312972    0.00000   95  108          -    0.00000      -   274 18121s
 4831050 313066 infeasible   76               -    0.00000      -   274 18129s
 4833310 313092 infeasible   74               -    0.00000      -   274 18136s
 4835340 313373    0.00000   79  120          -    0.00000      -   274 18144s
 4837320 313688    0.00000   77  150          -    0.00000      -   274 18152s
 4839611 313942    0.00000   81  108          -    0.00000      -   274 18162s
 4842447 313972 infeasible   79               -    0.00000      -   273 18171s
 4845365 313928    0.00000   89   18          -    0.00000      -   273 18182s
 4849226 313883 infeasible   78               -    0.00000      -   273 18188s
 4850159 313875 infeasible   87               -    0.00000      -   273 18195s
 4852072 313937    0.00000   76  151          -    0.00000      -   273 18203s
 4854475 313890 infeasible   83               -    0.00000      -   273 18209s
 4856449 313850    0.00000   83  116          -    0.00000      -   273 18215s
 4858098 313876 infeasible   84               -    0.00000      -   273 18221s
 4859874 313863 infeasible   90               -    0.00000      -   273 18227s
 4860373 313987 infeasible   75               -    0.00000      -   273 18233s
 4861400 314003 infeasible   76               -    0.00000      -   273 18240s
 4862760 314051    0.00000   77  186          -    0.00000      -   273 18246s
 4864335 314156    0.00000   83  148          -    0.00000      -   273 18253s
 4865964 314177 infeasible   85               -    0.00000      -   273 18260s
 4867796 314225    0.00000   63  127          -    0.00000      -   273 18267s
 4869780 314536    0.00000   87  112          -    0.00000      -   273 18276s
 4872135 314733    0.00000   70  212          -    0.00000      -   273 18284s
 4874548 314881    0.00000   79  110          -    0.00000      -   273 18292s
 4876896 314961 infeasible   82               -    0.00000      -   273 18299s
 4878912 315019    0.00000   85  137          -    0.00000      -   273 18306s
 4881086 315092    0.00000   68  149          -    0.00000      -   273 18313s
 4881601 315149    0.00000   69  121          -    0.00000      -   273 18320s
 4882299 315322 infeasible   70               -    0.00000      -   273 18327s
 4883495 315402 infeasible   67               -    0.00000      -   273 18335s
 4885357 315559    0.00000   74   93          -    0.00000      -   273 18342s
 4887300 315772 infeasible   81               -    0.00000      -   273 18350s
 4889071 316049    0.00000   81   96          -    0.00000      -   273 18358s
 4891182 316318    0.00000   80  146          -    0.00000      -   273 18366s
 4893397 316525 infeasible   78               -    0.00000      -   273 18375s
 4895851 316731 infeasible   73               -    0.00000      -   273 18383s
 4897935 316846 infeasible   85               -    0.00000      -   273 18390s
 4900068 317005 infeasible   71               -    0.00000      -   273 18398s
 4901949 317140    0.00000   69  133          -    0.00000      -   273 18405s
 4904023 317323    0.00000   73  124          -    0.00000      -   273 18412s
 4905953 317345    0.00000   56  144          -    0.00000      -   273 18420s
 4906383 317439    0.00000   79  141          -    0.00000      -   273 18427s
 4907643 317431 infeasible   79               -    0.00000      -   273 18435s
 4909610 317586    0.00000   83  102          -    0.00000      -   273 18442s
 4911623 317790    0.00000   86  154          -    0.00000      -   273 18450s
 4913662 317835 infeasible   83               -    0.00000      -   273 18457s
 4915652 318090 infeasible   66               -    0.00000      -   273 18466s
 4918346 318273    0.00000   75   52          -    0.00000      -   273 18476s
 4921502 318403    0.00000   66  125          -    0.00000      -   273 18483s
 4923764 318373    0.00000   82   78          -    0.00000      -   273 18490s
 4925891 318357    0.00000   67  201          -    0.00000      -   273 18496s
 4927323 318432 infeasible   68               -    0.00000      -   273 18502s
 4928917 318444 infeasible   72               -    0.00000      -   273 18508s
 4929431 318452    0.00000   63  135          -    0.00000      -   273 18515s
 4929951 318483    0.00000   67  166          -    0.00000      -   273 18522s
 4930866 318554    0.00000   69  127          -    0.00000      -   273 18528s
 4932543 318627    0.00000   74   94          -    0.00000      -   273 18535s
 4934435 318792    0.00000   82  126          -    0.00000      -   273 18543s
 4936410 318862 infeasible   65               -    0.00000      -   273 18550s
 4938306 319016 infeasible   89               -    0.00000      -   273 18557s
 4940204 319171    0.00000   86  126          -    0.00000      -   273 18564s
 4942329 319312    0.00000   77  112          -    0.00000      -   273 18573s
 4944569 319551    0.00000   75  182          -    0.00000      -   273 18581s
 4946667 319686 infeasible   70               -    0.00000      -   273 18589s
 4948536 319860    0.00000   64  125          -    0.00000      -   273 18596s
 4950274 320027 infeasible   83               -    0.00000      -   273 18603s
 4951913 320175    0.00000   58  216          -    0.00000      -   273 18611s
 4953765 320295    0.00000   60  162          -    0.00000      -   273 18619s
 4956003 320360    0.00000   57  264          -    0.00000      -   273 18629s
 4956732 320550    0.00000   93   99          -    0.00000      -   273 18638s
 4958170 320818    0.00000   66  194          -    0.00000      -   273 18646s
 4960192 320937    0.00000   69  165          -    0.00000      -   273 18655s
 4962581 321042 infeasible   82               -    0.00000      -   273 18663s
 4964860 321203 infeasible   70               -    0.00000      -   273 18672s
 4967129 321288 infeasible   85               -    0.00000      -   273 18680s
 4969563 321329    0.00000   74  135          -    0.00000      -   273 18688s
 4970618 321464    0.00000   76  145          -    0.00000      -   273 18696s
 4972599 321583    0.00000   69  196          -    0.00000      -   273 18705s
 4975121 321786 infeasible   67               -    0.00000      -   274 18713s
 4977346 321815 infeasible   88               -    0.00000      -   274 18722s
 4977685 321848    0.00000   77  162          -    0.00000      -   274 18731s
 4978086 321921 infeasible   78               -    0.00000      -   274 18735s
 4979710 322042    0.00000   87   52          -    0.00000      -   274 18740s
 4984757 322335    0.00000   85  112          -    0.00000      -   274 18749s
 4988091 322484    0.00000   92   81          -    0.00000      -   274 18753s
 4990919 322747 infeasible   69               -    0.00000      -   273 18758s
 4994372 322797 infeasible  106               -    0.00000      -   273 18761s
 4998576 322869 infeasible   96               -    0.00000      -   273 18767s
 5000661 322883    0.00000   84  107          -    0.00000      -   273 18770s
 5004285 322841 infeasible   93               -    0.00000      -   273 18776s
 5007513 323058    0.00000   63  121          -    0.00000      -   273 18781s
 5010261 323265 infeasible   75               -    0.00000      -   273 18786s
 5010335 323266    0.00000   66  100          -    0.00000      -   273 18794s
 5010374 323269    0.00000   67   93          -    0.00000      -   273 18798s
 5010411 323271    0.00000   68   78          -    0.00000      -   273 18804s
 5010449 323278 infeasible   69               -    0.00000      -   273 18807s
 5010482 323275 infeasible   67               -    0.00000      -   273 18814s
 5010525 323271    0.00000   79  108          -    0.00000      -   273 18819s
 5010569 323283 infeasible   80               -    0.00000      -   273 18826s
 5010635 323296    0.00000   81  132          -    0.00000      -   273 18834s
 5010664 323320    0.00000   82  188          -    0.00000      -   273 18838s
 5010790 323330 infeasible   83               -    0.00000      -   273 18841s
 5011320 323332 infeasible   83               -    0.00000      -   273 18848s
 5011778 323384 infeasible   73               -    0.00000      -   273 18852s
 5012370 323384 infeasible   83               -    0.00000      -   273 18856s
 5012630 323412    0.00000   91   81          -    0.00000      -   273 18862s
 5012890 323434    0.00000   92  104          -    0.00000      -   273 18867s
 5014168 323496 infeasible   73               -    0.00000      -   273 18872s
 5016163 323539    0.00000   61  145          -    0.00000      -   273 18877s
 5018354 323654    0.00000   75   94          -    0.00000      -   273 18882s
 5020637 323701 infeasible   84               -    0.00000      -   273 18887s
 5022716 323744 infeasible   76               -    0.00000      -   273 18891s
 5024989 323793 infeasible   71               -    0.00000      -   273 18896s
 5027339 323841 infeasible   75               -    0.00000      -   273 18901s
 5029665 323870 infeasible  106               -    0.00000      -   273 18906s
 5032287 323949    0.00000   78  143          -    0.00000      -   273 18911s
 5034919 324023    0.00000   83  171          -    0.00000      -   273 18915s
 5038964 324330    0.00000   87  151          -    0.00000      -   273 18925s
 5043427 324662    0.00000   69  114          -    0.00000      -   273 18933s
 5043854 324721    0.00000   66  163          -    0.00000      -   273 18938s
 5044619 324824 infeasible   70               -    0.00000      -   273 18943s
 5046427 324962 infeasible   75               -    0.00000      -   273 18949s
 5048937 325169    0.00000   79  143          -    0.00000      -   273 18954s
 5051254 325509    0.00000   71  145          -    0.00000      -   273 18960s
 5054647 325672    0.00000   84   53          -    0.00000      -   273 18966s
 5057645 325827    0.00000   68  150          -    0.00000      -   273 18970s
 5060124 325909    0.00000   71  121          -    0.00000      -   273 18975s
 5062311 325979 infeasible   83               -    0.00000      -   273 18980s
 5066875 326207 infeasible   86               -    0.00000      -   273 18988s
 5068776 326257 infeasible   82               -    0.00000      -   273 18992s
 5069612 326372 infeasible   68               -    0.00000      -   273 18997s
 5070981 326420 infeasible   65               -    0.00000      -   273 19001s
 5072903 326580 infeasible   66               -    0.00000      -   273 19006s
 5074900 326868    0.00000   84  162          -    0.00000      -   273 19015s
 5077488 326963    0.00000   76  175          -    0.00000      -   273 19027s
 5080906 327007    0.00000   70  124          -    0.00000      -   273 19036s
 5082937 326946 infeasible   71               -    0.00000      -   273 19045s
 5085115 327048 infeasible   66               -    0.00000      -   273 19053s
 5087076 327148    0.00000   63  118          -    0.00000      -   273 19064s
 5089832 327180 infeasible   62               -    0.00000      -   273 19071s
 5090445 327188    0.00000   63   80          -    0.00000      -   273 19079s
 5091621 327321    0.00000   64   87          -    0.00000      -   273 19089s
 5093280 327412 infeasible   72               -    0.00000      -   273 19099s
 5095529 327529    0.00000   80  126          -    0.00000      -   273 19109s
 5097939 327529    0.00000   48  108          -    0.00000      -   273 19110s
 5098041 327660 infeasible   76               -    0.00000      -   273 19119s
 5100521 327978    0.00000   67   60          -    0.00000      -   273 19129s
 5102829 328212    0.00000   69  104          -    0.00000      -   273 19138s
 5105220 328498    0.00000   81   85          -    0.00000      -   273 19147s
 5107569 328705    0.00000   84  114          -    0.00000      -   273 19156s
 5110075 328905    0.00000   82  134          -    0.00000      -   273 19166s
 5112711 329080 infeasible   89               -    0.00000      -   273 19174s
 5114832 329203 infeasible   79               -    0.00000      -   273 19181s
 5116795 329214 infeasible   83               -    0.00000      -   273 19189s
 5117130 329241 infeasible   92               -    0.00000      -   273 19197s
 5117977 329290    0.00000   79  134          -    0.00000      -   273 19204s
 5119062 329510 infeasible   80               -    0.00000      -   273 19213s
 5120834 329615    0.00000   80  197          -    0.00000      -   273 19222s
 5123223 329683    0.00000   59  166          -    0.00000      -   273 19232s
 5125643 329740    0.00000   64  110          -    0.00000      -   273 19240s
 5128007 329841    0.00000   63  130          -    0.00000      -   273 19248s
 5130108 329907    0.00000   69  115          -    0.00000      -   273 19256s
 5132201 330024    0.00000   73  154          -    0.00000      -   273 19265s
 5134192 330038    0.00000   93  129          -    0.00000      -   273 19274s
 5136314 330335    0.00000   92  112          -    0.00000      -   273 19279s
 5138502 330671 infeasible   75               -    0.00000      -   273 19284s
 5140914 330938 infeasible   81               -    0.00000      -   273 19289s
 5143762 331133    0.00000   70  105          -    0.00000      -   273 19293s
 5146164 331178    0.00000   65  174          -    0.00000      -   273 19297s
 5148642 331222    0.00000   79   79          -    0.00000      -   273 19301s
 5150763 331287 infeasible   77               -    0.00000      -   273 19306s
 5152606 331310 infeasible   73               -    0.00000      -   273 19313s
 5153023 331342    0.00000   62  121          -    0.00000      -   273 19319s
 5153703 331386    0.00000   63   75          -    0.00000      -   273 19326s
 5154981 331496    0.00000   64  136          -    0.00000      -   273 19334s
 5156813 331621    0.00000   67  151          -    0.00000      -   273 19343s
 5159334 331774    0.00000   72  114          -    0.00000      -   273 19353s
 5162077 331788    0.00000   78  105          -    0.00000      -   273 19359s
 5164428 331771    0.00000  101   46          -    0.00000      -   273 19362s
 5166241 331873 infeasible   82               -    0.00000      -   273 19366s
 5169998 331884    0.00000   71  155          -    0.00000      -   273 19373s
 5171954 332048 infeasible   87               -    0.00000      -   273 19376s
 5173809 332160    0.00000   77  105          -    0.00000      -   273 19380s
 5177060 332246    0.00000   71  170          -    0.00000      -   273 19387s
 5178762 332362    0.00000   66  124          -    0.00000      -   273 19391s
 5182603 332516 infeasible   74               -    0.00000      -   273 19400s
 5185046 332552    0.00000   91   69          -    0.00000      -   273 19407s
 5187247 332570 infeasible   76               -    0.00000      -   273 19414s
 5187643 332611    0.00000   67  104          -    0.00000      -   273 19422s
 5188375 332732    0.00000   69  104          -    0.00000      -   273 19431s
 5190065 332811 infeasible   80               -    0.00000      -   273 19441s
 5192456 332933 infeasible   73               -    0.00000      -   273 19450s
 5194643 333176 infeasible   72               -    0.00000      -   273 19459s
 5196661 333258 infeasible   67               -    0.00000      -   273 19468s
 5198992 333303    0.00000   78  141          -    0.00000      -   273 19478s
 5201257 333414 infeasible   93               -    0.00000      -   273 19487s
 5203688 333508 infeasible   63               -    0.00000      -   273 19497s
 5206291 333592 infeasible   60               -    0.00000      -   273 19507s
 5208615 333599    0.00000   77  185          -    0.00000      -   273 19515s
 5210640 333736    0.00000   67  146          -    0.00000      -   273 19523s
 5212393 333866 infeasible   78               -    0.00000      -   273 19532s
 5213063 334006 infeasible   77               -    0.00000      -   273 19541s
 5215188 334128    0.00000   83   76          -    0.00000      -   273 19550s
 5217461 334216 infeasible   70               -    0.00000      -   273 19560s
 5220163 334293    0.00000   65  137          -    0.00000      -   273 19568s
 5222369 334341    0.00000   78  172          -    0.00000      -   273 19576s
 5224530 334432 infeasible   72               -    0.00000      -   273 19584s
 5226769 334575    0.00000   79  131          -    0.00000      -   273 19593s
 5228936 334623    0.00000   63  121          -    0.00000      -   273 19601s
 5229800 334710    0.00000   64  162          -    0.00000      -   273 19610s
 5231349 334801    0.00000   65  154          -    0.00000      -   273 19621s
 5233573 334979 infeasible   93               -    0.00000      -   273 19632s
 5236587 334996 infeasible   75               -    0.00000      -   273 19641s
 5238984 335169 infeasible   72               -    0.00000      -   273 19650s
 5241330 335328 infeasible   71               -    0.00000      -   273 19659s
 5243719 335533 infeasible   90               -    0.00000      -   273 19668s
 5246519 335666 infeasible   84               -    0.00000      -   273 19677s
 5248946 335846 infeasible   83               -    0.00000      -   273 19686s
 5251393 336027    0.00000   73  203          -    0.00000      -   273 19695s
 5254046 336019    0.00000   88  117          -    0.00000      -   273 19706s
 5257554 336025    0.00000   75  111          -    0.00000      -   273 19712s
 5259359 336038 infeasible   76               -    0.00000      -   273 19718s
 5259612 336046    0.00000   87   71          -    0.00000      -   273 19724s
 5259960 336078 infeasible   88               -    0.00000      -   273 19731s
 5260614 336083 infeasible   88               -    0.00000      -   273 19738s
 5261988 336178    0.00000   60  178          -    0.00000      -   273 19746s
 5264298 336216    0.00000   78  118          -    0.00000      -   273 19754s
 5266366 336334    0.00000   84  133          -    0.00000      -   273 19762s
 5268460 336412 infeasible   85               -    0.00000      -   273 19770s
 5270985 336466    0.00000   91   95          -    0.00000      -   273 19778s
 5273147 336588 infeasible   75               -    0.00000      -   273 19786s
 5275383 336766    0.00000   94  116          -    0.00000      -   273 19794s
 5277162 336907 infeasible   65               -    0.00000      -   273 19803s
 5279873 336985 infeasible   96               -    0.00000      -   273 19810s
 5281947 336993    0.00000   69  134          -    0.00000      -   273 19816s
 5283718 337100 infeasible   57               -    0.00000      -   273 19824s
 5285482 337179 infeasible   83               -    0.00000      -   273 19831s
 5287273 337258    0.00000   72  151          -    0.00000      -   273 19839s
 5289162 337337 infeasible   80               -    0.00000      -   273 19846s
 5290991 337551 infeasible   80               -    0.00000      -   273 19853s
 5292803 337715 infeasible   81               -    0.00000      -   273 19860s
 5294559 337761    0.00000   58  150          -    0.00000      -   273 19868s
 5295661 337794 infeasible   86               -    0.00000      -   273 19873s
 5297282 337925 infeasible   80               -    0.00000      -   273 19877s
 5299465 338058 infeasible   75               -    0.00000      -   273 19881s
 5301429 338242    0.00000   83  129          -    0.00000      -   273 19886s
 5304510 338407 infeasible   72               -    0.00000      -   273 19894s
 5305655 338531    0.00000   87  117          -    0.00000      -   273 19899s
 5308071 338663 infeasible   76               -    0.00000      -   273 19904s
 5309466 338663    0.00000   81  127          -    0.00000      -   273 19905s
 5313553 338705 infeasible   83               -    0.00000      -   273 19913s
 5315559 338808    0.00000   87   83          -    0.00000      -   273 19917s
 5317752 338906 infeasible   97               -    0.00000      -   273 19922s
 5319842 339026 infeasible   62               -    0.00000      -   273 19926s
 5322073 339062    0.00000   87  121          -    0.00000      -   273 19930s
 5326007 339344 infeasible   85               -    0.00000      -   274 19939s
 5327015 339711    0.00000   79  107          -    0.00000      -   274 19947s
 5331128 339854    0.00000   64  102          -    0.00000      -   274 19955s
 5333451 339961    0.00000   74  127          -    0.00000      -   274 19963s
 5335523 340079 infeasible   76               -    0.00000      -   274 19969s
 5335957 340079    0.00000   71  149          -    0.00000      -   274 19970s
 5337629 340109    0.00000   84  132          -    0.00000      -   274 19976s
 5338361 340142 infeasible   78               -    0.00000      -   274 19985s
 5339435 340236 infeasible   68               -    0.00000      -   274 19995s
 5341977 340426 infeasible   87               -    0.00000      -   274 20005s
 5344763 340583    0.00000   79  151          -    0.00000      -   274 20014s
 5347399 340790    0.00000   83  150          -    0.00000      -   274 20023s
 5349572 340934    0.00000   82  110          -    0.00000      -   274 20032s
 5351890 341029 infeasible   72               -    0.00000      -   274 20040s
 5353923 341151    0.00000   70  150          -    0.00000      -   274 20048s
 5356110 341288    0.00000   74  107          -    0.00000      -   274 20056s
 5358278 341345 infeasible   72               -    0.00000      -   274 20064s
 5360390 341430 infeasible   83               -    0.00000      -   274 20071s
 5362397 341443 infeasible   68               -    0.00000      -   274 20079s
 5362626 341468    0.00000   74  144          -    0.00000      -   274 20087s
 5363105 341503 infeasible   75               -    0.00000      -   274 20094s
 5364559 341701    0.00000   64  158          -    0.00000      -   274 20103s
 5366699 341876    0.00000   81   92          -    0.00000      -   274 20111s
 5368956 342036    0.00000   84  100          -    0.00000      -   274 20117s
 5371421 342110    0.00000   64  144          -    0.00000      -   274 20121s
 5373709 342185    0.00000   79  107          -    0.00000      -   274 20125s
 5377978 342270    0.00000   78  148          -    0.00000      -   274 20134s
 5380391 342367    0.00000   71  162          -    0.00000      -   274 20138s
 5382398 342459    0.00000   84   99          -    0.00000      -   274 20142s
 5384790 342654 infeasible   78               -    0.00000      -   274 20146s
 5387283 342735 infeasible   81               -    0.00000      -   274 20151s
 5389697 342813 infeasible   91               -    0.00000      -   274 20155s
 5394232 343064 infeasible   74               -    0.00000      -   274 20163s
 5396449 343073    0.00000   70  140          -    0.00000      -   274 20166s
 5396602 343064    0.00000   71  150          -    0.00000      -   274 20170s
 5397070 343423 infeasible   72               -    0.00000      -   274 20186s
 5406902 343564 infeasible   85               -    0.00000      -   274 20192s
 5409454 343642 infeasible   64               -    0.00000      -   274 20197s
 5411931 343698    0.00000   76   96          -    0.00000      -   274 20202s
 5414145 343806 infeasible   78               -    0.00000      -   274 20209s
 5416086 343951 infeasible   76               -    0.00000      -   274 20216s
 5417971 344112 infeasible   79               -    0.00000      -   274 20224s
 5419968 344193 infeasible   86               -    0.00000      -   274 20233s
 5422170 344291    0.00000   79   47          -    0.00000      -   274 20241s
 5424311 344415 infeasible   82               -    0.00000      -   274 20248s
 5426245 344537    0.00000   80  142          -    0.00000      -   274 20256s
 5428306 344641    0.00000   84  131          -    0.00000      -   274 20264s
 5430289 344743    0.00000   82  142          -    0.00000      -   274 20273s
 5431793 344895    0.00000   81  163          -    0.00000      -   274 20281s
 5433746 344958    0.00000   78  109          -    0.00000      -   274 20290s
 5434307 345111    0.00000   62  188          -    0.00000      -   274 20299s
 5435660 345536    0.00000   64  196          -    0.00000      -   274 20308s
 5438014 345872 infeasible   85               -    0.00000      -   274 20317s
 5440341 346114 infeasible   82               -    0.00000      -   274 20326s
 5442629 346302    0.00000   67  109          -    0.00000      -   274 20334s
 5444711 346605    0.00000   68  134          -    0.00000      -   274 20343s
 5446795 346726    0.00000   82  225          -    0.00000      -   274 20352s
 5449456 346848 infeasible   61               -    0.00000      -   274 20360s
 5451439 346897    0.00000   66  100          -    0.00000      -   274 20367s
 5452362 346990    0.00000   70  111          -    0.00000      -   274 20374s
 5454120 347290 infeasible   81               -    0.00000      -   274 20382s
 5456032 347603    0.00000   68  157          -    0.00000      -   274 20390s
 5458075 347801    0.00000   74  217          -    0.00000      -   274 20398s
 5459824 347997    0.00000   67  138          -    0.00000      -   274 20406s
 5461730 348002    0.00000   74  189          -    0.00000      -   274 20416s
 5461765 348074 infeasible   75               -    0.00000      -   274 20428s
 5462361 348237 infeasible   73               -    0.00000      -   274 20438s
 5463584 348363 infeasible   84               -    0.00000      -   274 20449s
 5464582 348363 infeasible   71               -    0.00000      -   274 20450s
 5464964 348526    0.00000   64  120          -    0.00000      -   274 20457s
 5466562 348707 infeasible   88               -    0.00000      -   274 20463s
 5468157 348831    0.00000   77  159          -    0.00000      -   274 20476s
 5469659 349020 infeasible   77               -    0.00000      -   274 20489s
 5471085 349020    0.00000   74  132          -    0.00000      -   274 20490s
 5471712 349216    0.00000   78  162          -    0.00000      -   274 20506s
 5473338 349374    0.00000   72   94          -    0.00000      -   274 20525s
 5474619 349554    0.00000   79  145          -    0.00000      -   274 20542s
 5477965 349755    0.00000   77  151          -    0.00000      -   274 20554s
 5481399 349886    0.00000   80   71          -    0.00000      -   274 20564s
 5484173 350098 infeasible   71               -    0.00000      -   274 20574s
 5486367 350310    0.00000   67  106          -    0.00000      -   274 20583s
 5488821 350441    0.00000   80  121          -    0.00000      -   274 20593s
 5490543 350566 infeasible   85               -    0.00000      -   274 20602s
 5493375 350675 infeasible   71               -    0.00000      -   274 20611s
 5494496 350993    0.00000   66  142          -    0.00000      -   274 20624s
 5497415 351270    0.00000   68  164          -    0.00000      -   274 20635s
 5499861 351499    0.00000   71  108          -    0.00000      -   274 20645s
 5502590 351710 infeasible   71               -    0.00000      -   274 20654s
 5505185 351729    0.00000   73  121          -    0.00000      -   274 20663s
 5507477 351716 infeasible   85               -    0.00000      -   274 20672s
 5508221 351814    0.00000   66  200          -    0.00000      -   274 20681s
 5509548 351859 infeasible   83               -    0.00000      -   274 20690s
 5512015 351950    0.00000   74  197          -    0.00000      -   274 20699s
 5514479 352113    0.00000   59  118          -    0.00000      -   274 20707s
 5516994 352285    0.00000   72  181          -    0.00000      -   274 20716s
 5519224 352420    0.00000   70  168          -    0.00000      -   274 20723s
 5521242 352508 infeasible   80               -    0.00000      -   274 20731s
 5523443 352595 infeasible   86               -    0.00000      -   274 20738s
 5526036 352761    0.00000   80  151          -    0.00000      -   274 20745s
 5528133 352957    0.00000   70  109          -    0.00000      -   274 20753s
 5530651 353053 infeasible   83               -    0.00000      -   274 20760s
 5533474 353057    0.00000   81  212          -    0.00000      -   274 20767s
 5536122 353109 infeasible   88               -    0.00000      -   274 20774s
 5537989 353121    0.00000   71  120          -    0.00000      -   274 20780s
 5540020 353138 infeasible   70               -    0.00000      -   274 20786s
 5540217 353186    0.00000   72  120          -    0.00000      -   274 20795s
 5540728 353542    0.00000   83  123          -    0.00000      -   274 20823s
 5548607 353902    0.00000   84  149          -    0.00000      -   274 20830s
 5550735 354284    0.00000   70   75          -    0.00000      -   274 20835s
 5555155 354711    0.00000   71  218          -    0.00000      -   274 20847s
 5557557 354917    0.00000   73  151          -    0.00000      -   274 20855s
 5559925 355056    0.00000   67  136          -    0.00000      -   274 20863s
 5562110 355166    0.00000   79   46          -    0.00000      -   274 20871s
 5564208 355355    0.00000   83  121          -    0.00000      -   274 20879s
 5565909 355522    0.00000   76  134          -    0.00000      -   274 20888s
 5568166 355730 infeasible   84               -    0.00000      -   274 20897s
 5570222 355840 infeasible   72               -    0.00000      -   274 20904s
 5572004 355844    0.00000   75  216          -    0.00000      -   274 20915s
 5572040 355838    0.00000   76  216          -    0.00000      -   274 20929s
 5572086 355835 infeasible   77               -    0.00000      -   274 20945s
 5572129 355834    0.00000   76  188          -    0.00000      -   274 20958s
 5572170 355828    0.00000   77  180          -    0.00000      -   274 20965s
 5572216 355833    0.00000   78  199          -    0.00000      -   274 20979s
 5572263 355850    0.00000   79  241          -    0.00000      -   274 20990s
 5572402 355843 infeasible   80               -    0.00000      -   274 21005s
 5573109 355850 infeasible   81               -    0.00000      -   274 21012s
 5573698 355949    0.00000   78  122          -    0.00000      -   274 21018s
 5575525 355984 infeasible   89               -    0.00000      -   274 21024s
 5576825 356029    0.00000   54  152          -    0.00000      -   274 21031s
 5578575 356191 infeasible   70               -    0.00000      -   274 21038s
 5581510 356402    0.00000   72  177          -    0.00000      -   274 21045s
 5585256 356844    0.00000   76  143          -    0.00000      -   274 21051s
 5588597 356927 infeasible   81               -    0.00000      -   274 21056s
 5590056 357043 infeasible   81               -    0.00000      -   274 21067s
 5592762 357207 infeasible   80               -    0.00000      -   274 21078s
 5595431 357408    0.00000   76  171          -    0.00000      -   274 21088s
 5598080 357545    0.00000   90   92          -    0.00000      -   274 21097s
 5600510 357582    0.00000   68  129          -    0.00000      -   274 21106s
 5600873 357634    0.00000   69  128          -    0.00000      -   274 21115s
 5601399 357755    0.00000   70  126          -    0.00000      -   274 21124s
 5602856 357936 infeasible   73               -    0.00000      -   274 21133s
 5605354 358194    0.00000   83  106          -    0.00000      -   274 21139s
 5608044 358275    0.00000   82  165          -    0.00000      -   274 21144s
 5611108 358290 infeasible   76               -    0.00000      -   274 21148s
 5613423 358357    0.00000   77  148          -    0.00000      -   274 21153s
 5615942 358528 infeasible   89               -    0.00000      -   274 21157s
 5617979 358627    0.00000  102   36          -    0.00000      -   274 21161s
 5620227 358634 infeasible   82               -    0.00000      -   274 21165s
 5624062 358715    0.00000   63  156          -    0.00000      -   274 21172s
 5625753 358768 infeasible   72               -    0.00000      -   274 21176s
 5627792 358799    0.00000   67  161          -    0.00000      -   274 21180s
 5629865 358832    0.00000   98   80          -    0.00000      -   274 21186s
 5631909 358940    0.00000   95  103          -    0.00000      -   274 21193s
 5633773 359110    0.00000   70  139          -    0.00000      -   274 21201s
 5635586 359150 infeasible   77               -    0.00000      -   274 21208s
 5636506 359307    0.00000   78  105          -    0.00000      -   274 21219s
 5638980 359523 infeasible   79               -    0.00000      -   274 21225s
 5641789 359681    0.00000   81  137          -    0.00000      -   274 21230s
 5644742 359681    0.00000   78   99          -    0.00000      -   274 21235s
 5647108 359675 infeasible   82               -    0.00000      -   274 21243s
 5649263 359667    0.00000   76   97          -    0.00000      -   274 21250s
 5651500 359675    0.00000   73  130          -    0.00000      -   274 21258s
 5653774 359633    0.00000   70  164          -    0.00000      -   274 21265s
 5655818 359524    0.00000   80  101          -    0.00000      -   274 21271s
 5657490 359520    0.00000   81  114          -    0.00000      -   274 21277s
 5657818 359499 infeasible   82               -    0.00000      -   274 21282s
 5658163 359508 infeasible   79               -    0.00000      -   274 21285s
 5658859 359477 infeasible   77               -    0.00000      -   274 21291s
 5661057 359661 infeasible   72               -    0.00000      -   274 21298s
 5663003 359794 infeasible   73               -    0.00000      -   274 21302s
 5665417 359919    0.00000   78   17          -    0.00000      -   274 21306s
 5667693 360080 infeasible   73               -    0.00000      -   274 21310s
 5672608 360323    0.00000   83  161          -    0.00000      -   274 21318s
 5674659 360429    0.00000   81  130          -    0.00000      -   274 21322s
 5676727 360380 infeasible   80               -    0.00000      -   274 21325s
 5680610 360636    0.00000   60  127          -    0.00000      -   274 21333s
 5682814 360644 infeasible   72               -    0.00000      -   274 21337s
 5685488 360717 infeasible   82               -    0.00000      -   274 21341s
 5687601 360742 infeasible   80               -    0.00000      -   274 21348s
 5690306 360758    0.00000   87   28          -    0.00000      -   274 21355s
 5692188 360816    0.00000   97  114          -    0.00000      -   274 21362s
 5693970 360938 infeasible   69               -    0.00000      -   274 21369s
 5695742 360941    0.00000   79  153          -    0.00000      -   274 21376s
 5697783 361071    0.00000   75  132          -    0.00000      -   274 21383s
 5699542 361345 infeasible   70               -    0.00000      -   274 21391s
 5701279 361829 infeasible   69               -    0.00000      -   274 21399s
 5703527 362198 infeasible   73               -    0.00000      -   274 21408s
 5705799 362539    0.00000   85   25          -    0.00000      -   274 21416s
 5708432 362822    0.00000   75   47          -    0.00000      -   274 21425s
 5711044 362910    0.00000   91  130          -    0.00000      -   274 21434s
 5712091 363168    0.00000   92  115          -    0.00000      -   274 21451s
 5715728 363524 infeasible   91               -    0.00000      -   274 21464s
 5719699 363701    0.00000   68  138          -    0.00000      -   274 21474s
 5722680 364012    0.00000   91   39          -    0.00000      -   274 21484s
 5725621 364208 infeasible   91               -    0.00000      -   274 21493s
 5728361 364317    0.00000   77  108          -    0.00000      -   274 21499s
 5730940 364433 infeasible   86               -    0.00000      -   274 21503s
 5733536 364539    0.00000   68  129          -    0.00000      -   274 21510s
 5735909 364710    0.00000   81   59          -    0.00000      -   274 21521s
 5739633 364769    0.00000   87   77          -    0.00000      -   274 21528s
 5741585 364827 infeasible   78               -    0.00000      -   274 21534s
 5743576 364970 infeasible   87               -    0.00000      -   274 21541s
 5745485 365066 infeasible   88               -    0.00000      -   274 21547s
 5746947 365334    0.00000   71  157          -    0.00000      -   274 21554s
 5749041 365349    0.00000   87   43          -    0.00000      -   274 21561s
 5749306 365378 infeasible   88               -    0.00000      -   274 21566s
 5749775 365422    0.00000   89   92          -    0.00000      -   274 21572s
 5750437 365443    0.00000   90  101          -    0.00000      -   274 21580s
 5751671 365540 infeasible   91               -    0.00000      -   274 21587s
 5753767 365595    0.00000   95   95          -    0.00000      -   274 21595s
 5756270 365674 infeasible   76               -    0.00000      -   274 21603s
 5758350 365836    0.00000   88  113          -    0.00000      -   274 21610s
 5760556 365949 infeasible   92               -    0.00000      -   274 21620s
 5765849 366056    0.00000   92   98          -    0.00000      -   274 21628s
 5768206 366079 infeasible   71               -    0.00000      -   274 21631s
 5772103 366245    0.00000   76  143          -    0.00000      -   274 21637s
 5773940 366477 infeasible   82               -    0.00000      -   274 21641s
 5778158 366667    0.00000   76  177          -    0.00000      -   274 21647s
 5780041 366728 infeasible   85               -    0.00000      -   274 21650s
 5784109 366946 infeasible   92               -    0.00000      -   274 21658s
 5787332 366949 infeasible   73               -    0.00000      -   274 21661s
 5791358 367297    0.00000  101  121          -    0.00000      -   274 21667s
 5793312 367375 infeasible   71               -    0.00000      -   274 21671s
 5797784 367509 infeasible   99               -    0.00000      -   274 21679s
 5799777 367554 infeasible   84               -    0.00000      -   274 21685s
 5800516 367620 infeasible   85               -    0.00000      -   274 21691s
 5801682 367639 infeasible   87               -    0.00000      -   274 21698s
 5803509 367684    0.00000   83   93          -    0.00000      -   274 21705s
 5805695 367759    0.00000   85  132          -    0.00000      -   273 21712s
 5807961 367913 infeasible   89               -    0.00000      -   273 21722s
 5810934 368047    0.00000   97   79          -    0.00000      -   273 21729s
 5813440 368278    0.00000   98   85          -    0.00000      -   273 21736s
 5815645 368428    0.00000   90   37          -    0.00000      -   273 21743s
 5818112 368468 infeasible   87               -    0.00000      -   273 21749s
 5819803 368572    0.00000   85  103          -    0.00000      -   273 21755s
 5821952 368597    0.00000   75  118          -    0.00000      -   273 21763s
 5824524 368536    0.00000  104    6          -    0.00000      -   273 21770s
 5827437 368457    0.00000  109   41          -    0.00000      -   273 21776s
 5829635 368462 infeasible   90               -    0.00000      -   273 21781s
 5830082 368447    0.00000   91   82          -    0.00000      -   273 21786s
 5830807 368433 infeasible   92               -    0.00000      -   273 21792s
 5831519 368421 infeasible   93               -    0.00000      -   273 21797s
 5832682 368437    0.00000   94   69          -    0.00000      -   273 21806s
 5835140 368427    0.00000   78  126          -    0.00000      -   273 21814s
 5837518 368540 infeasible   88               -    0.00000      -   273 21821s
 5839592 368633 infeasible   89               -    0.00000      -   273 21828s
 5841602 368772 infeasible   90               -    0.00000      -   273 21835s
 5843816 368910 infeasible   77               -    0.00000      -   273 21844s
 5846370 368921    0.00000   82  135          -    0.00000      -   273 21852s
 5848689 368993    0.00000   75  143          -    0.00000      -   273 21860s
 5850880 368961    0.00000   81  125          -    0.00000      -   273 21867s
 5852956 369040 infeasible   89               -    0.00000      -   273 21874s
 5855028 369106 infeasible   86               -    0.00000      -   273 21881s
 5857216 369132 infeasible   70               -    0.00000      -   273 21891s
 5860271 369157 infeasible  106               -    0.00000      -   273 21895s
 5864208 369232    0.00000   85  111          -    0.00000      -   273 21901s
 5865496 369376 infeasible   87               -    0.00000      -   273 21908s
 5867284 369458    0.00000   86  106          -    0.00000      -   273 21912s
 5869900 369474 infeasible   81               -    0.00000      -   273 21916s
 5874606 369589 infeasible   69               -    0.00000      -   273 21923s
 5876756 369698    0.00000   69  155          -    0.00000      -   273 21926s
 5879007 369778 infeasible   99               -    0.00000      -   273 21930s
 5884122 369774 infeasible   73               -    0.00000      -   273 21938s
 5886141 369818    0.00000   86   78          -    0.00000      -   273 21941s
 5889938 369930    0.00000   89  135          -    0.00000      -   273 21948s
 5891910 369982 infeasible   80               -    0.00000      -   273 21951s
 5893136 370088 infeasible   95               -    0.00000      -   273 21955s
 5897556 370390    0.00000   83  145          -    0.00000      -   273 21962s
 5898371 370491    0.00000   84  134          -    0.00000      -   273 21966s
 5899456 370707    0.00000   80  167          -    0.00000      -   273 21970s
 5904568 370941    0.00000   81   55          -    0.00000      -   273 21980s
 5910357 371092    0.00000   85   83          -    0.00000      -   273 21986s
 5914465 371128    0.00000   73  170          -    0.00000      -   273 21992s
 5916321 371206 infeasible   75               -    0.00000      -   273 21995s
 5920276 371354 infeasible   76               -    0.00000      -   273 22002s
 5922437 371416    0.00000   77   98          -    0.00000      -   273 22005s
 5926491 371404 infeasible   80               -    0.00000      -   273 22012s
 5928401 371439    0.00000   85   90          -    0.00000      -   273 22017s
 5931555 371454 infeasible   80               -    0.00000      -   273 22020s
 5934945 371462    0.00000   79   93          -    0.00000      -   273 22027s
 5935144 371454 infeasible   80               -    0.00000      -   273 22030s
 5935460 371509    0.00000   81  110          -    0.00000      -   273 22035s
 5937626 371575    0.00000   79  118          -    0.00000      -   273 22043s
 5940280 371580 infeasible   78               -    0.00000      -   273 22047s
 5942639 371603    0.00000   99  115          -    0.00000      -   273 22051s
 5945000 371628 infeasible  104               -    0.00000      -   273 22055s
 5949659 371771    0.00000   75  126          -    0.00000      -   273 22063s
 5952129 371842    0.00000   79  141          -    0.00000      -   273 22068s
 5954900 371888 infeasible   82               -    0.00000      -   273 22072s
 5956693 371993    0.00000   75  143          -    0.00000      -   273 22076s
 5960161 372015 infeasible   81               -    0.00000      -   273 22080s
 5963005 372148 infeasible  105               -    0.00000      -   273 22087s
 5965004 372268 infeasible   71               -    0.00000      -   273 22091s
 5966989 372363    0.00000   70  104          -    0.00000      -   273 22095s
 5970866 372560    0.00000   73  142          -    0.00000      -   273 22102s
 5972803 372535    0.00000   76  181          -    0.00000      -   273 22106s
 5976890 372759    0.00000   62  121          -    0.00000      -   273 22115s
 5981908 372960    0.00000   80  108          -    0.00000      -   272 22122s
 5982547 373082 infeasible   81               -    0.00000      -   272 22126s
 5984402 373082 infeasible   82               -    0.00000      -   272 22130s
 5989054 373157 infeasible   91               -    0.00000      -   272 22137s
 5991127 373191 infeasible   80               -    0.00000      -   272 22141s
 5993174 373244 infeasible   77               -    0.00000      -   272 22145s
 5996426 373266    0.00000   68  186          -    0.00000      -   272 22153s
 5997976 373312    0.00000   69  184          -    0.00000      -   272 22157s
 5999951 373379 infeasible   87               -    0.00000      -   272 22161s
 6002042 373444 infeasible   73               -    0.00000      -   272 22166s
 6006221 373761    0.00000   76  162          -    0.00000      -   272 22174s
 6006835 373919 infeasible   77               -    0.00000      -   272 22178s
 6007992 374285    0.00000   78  136          -    0.00000      -   272 22184s
 6010454 374741    0.00000   71  141          -    0.00000      -   272 22190s
 6013769 375226    0.00000   77   99          -    0.00000      -   272 22195s
 6017803 375570 infeasible   89               -    0.00000      -   272 22200s
 6021310 375661 infeasible   87               -    0.00000      -   272 22205s
 6027265 375875    0.00000   78   85          -    0.00000      -   272 22214s
 6031663 376058    0.00000   97   73          -    0.00000      -   272 22218s
 6033725 376146 infeasible   86               -    0.00000      -   272 22221s
 6037603 376386    0.00000   84  110          -    0.00000      -   272 22227s
 6039637 376427    0.00000   92   52          -    0.00000      -   272 22230s
 6043725 376373    0.00000   78   86          -    0.00000      -   272 22236s
 6047736 376369 infeasible   70               -    0.00000      -   272 22241s
 6051130 376452 infeasible   82               -    0.00000      -   272 22249s
 6052500 376555 infeasible   83               -    0.00000      -   272 22256s
 6055010 376652    0.00000   83   55          -    0.00000      -   272 22262s
 6058458 376771    0.00000   70  111          -    0.00000      -   272 22267s
 6062161 376913    0.00000   74  119          -    0.00000      -   272 22272s
 6065463 376918    0.00000   80   92          -    0.00000      -   272 22275s
 6065617 376917    0.00000   82  134          -    0.00000      -   272 22283s
 6065803 376908    0.00000   83  132          -    0.00000      -   272 22290s
 6066192 376924 infeasible   83               -    0.00000      -   272 22300s
 6066428 376923 infeasible   84               -    0.00000      -   272 22305s
 6066858 377004 infeasible   86               -    0.00000      -   272 22314s
 6067080 377028 infeasible   86               -    0.00000      -   272 22321s
 6067358 377055 infeasible   79               -    0.00000      -   272 22326s
 6068026 377069 infeasible   83               -    0.00000      -   272 22332s
 6068358 377076 infeasible   85               -    0.00000      -   272 22337s
 6069291 377190    0.00000   93  105          -    0.00000      -   272 22345s
 6072622 377412    0.00000   75  121          -    0.00000      -   272 22352s
 6077621 377334    0.00000   80  127          -    0.00000      -   272 22359s
 6081924 377410 infeasible   87               -    0.00000      -   271 22362s
 6083890 377476 infeasible   88               -    0.00000      -   271 22366s
 6088147 377373 infeasible   83               -    0.00000      -   271 22373s
 6090025 377384 infeasible   93               -    0.00000      -   271 22375s
 6091530 377323 infeasible   81               -    0.00000      -   271 22382s
 6092612 377394    0.00000   77  126          -    0.00000      -   271 22385s
 6095753 377243    0.00000   78  141          -    0.00000      -   271 22392s
 6097732 377183    0.00000   83  134          -    0.00000      -   271 22396s
 6099761 377189    0.00000   83   65          -    0.00000      -   271 22400s
 6102066 377211 infeasible   86               -    0.00000      -   271 22406s
 6106039 377312    0.00000   81  109          -    0.00000      -   271 22410s
 6110360 377308    0.00000   73  162          -    0.00000      -   271 22417s
 6112296 377258 infeasible   84               -    0.00000      -   271 22420s
 6115721 377310    0.00000   81  109          -    0.00000      -   271 22427s
 6117673 377235 infeasible   77               -    0.00000      -   271 22430s
 6121320 377148 infeasible   97               -    0.00000      -   271 22437s
 6122724 377083    0.00000   73  110          -    0.00000      -   271 22440s
 6125929 377069    0.00000   83   55          -    0.00000      -   271 22450s
 6131341 377036    0.00000   80  118          -    0.00000      -   271 22457s
 6133456 376924    0.00000   69  114          -    0.00000      -   271 22461s
 6135418 376868 infeasible   83               -    0.00000      -   271 22465s
 6138050 376906    0.00000   71  151          -    0.00000      -   271 22471s
 6139409 376914    0.00000   73  156          -    0.00000      -   271 22478s
 6140516 376938 infeasible   74               -    0.00000      -   271 22482s
 6142066 376959    0.00000   62  138          -    0.00000      -   271 22486s
 6143965 376948 infeasible   89               -    0.00000      -   271 22491s
 6146670 376798    0.00000   81  132          -    0.00000      -   271 22496s
 6149237 376815    0.00000   70  120          -    0.00000      -   271 22500s
 6151488 376933    0.00000   79  125          -    0.00000      -   271 22505s
 6155885 377052 infeasible   68               -    0.00000      -   271 22513s
 6157811 377075 infeasible   85               -    0.00000      -   271 22517s
 6159484 377254 infeasible   83               -    0.00000      -   271 22522s
 6161393 377433    0.00000   83  123          -    0.00000      -   271 22526s
 6163459 377469 infeasible   78               -    0.00000      -   271 22531s
 6165379 377611 infeasible   82               -    0.00000      -   271 22536s
 6167243 377812    0.00000   88  104          -    0.00000      -   271 22540s
 6170641 378151 infeasible   70               -    0.00000      -   271 22549s
 6172206 378151    0.00000   72  172          -    0.00000      -   271 22550s
 6175326 378383 infeasible   74               -    0.00000      -   271 22559s
 6177417 378416 infeasible   61               -    0.00000      -   271 22564s
 6178103 378468    0.00000   64  116          -    0.00000      -   271 22569s
 6179275 378547    0.00000   65  107          -    0.00000      -   271 22576s
 6181634 378769    0.00000   61  153          -    0.00000      -   271 22582s
 6184512 378829 infeasible   63               -    0.00000      -   271 22588s
 6187087 378956 infeasible   75               -    0.00000      -   271 22593s
 6189749 379082 infeasible   78               -    0.00000      -   271 22599s
 6192228 379240    0.00000   79  162          -    0.00000      -   271 22604s
 6194602 379510    0.00000   69  170          -    0.00000      -   271 22609s
 6196833 379781    0.00000   81  163          -    0.00000      -   271 22615s
 6198867 380047    0.00000   65  151          -    0.00000      -   271 22625s
 6200776 380072    0.00000   74  130          -    0.00000      -   271 22636s
 6201150 380087    0.00000   75  116          -    0.00000      -   271 22647s
 6202079 380398    0.00000   80  183          -    0.00000      -   271 22661s
 6205261 380546    0.00000   78  116          -    0.00000      -   271 22673s
 6207824 380688    0.00000   87  162          -    0.00000      -   271 22684s
 6210359 380886 infeasible   85               -    0.00000      -   271 22695s
 6213051 381207    0.00000   64  210          -    0.00000      -   271 22706s
 6215612 381437 infeasible   74               -    0.00000      -   271 22714s
 6218129 381596 infeasible   95               -    0.00000      -   271 22718s
 6220302 381700    0.00000   85  113          -    0.00000      -   271 22724s
 6222439 381928    0.00000   64  166          -    0.00000      -   271 22731s
 6224843 382109 infeasible   77               -    0.00000      -   271 22739s
 6226593 382215    0.00000   61  157          -    0.00000      -   271 22749s
 6228519 382320 infeasible   65               -    0.00000      -   271 22758s
 6230601 382316 infeasible   66               -    0.00000      -   271 22767s
 6232264 382394    0.00000   82  145          -    0.00000      -   271 22776s
 6234584 382406    0.00000   79  111          -    0.00000      -   271 22785s
 6235556 382425    0.00000   80  112          -    0.00000      -   271 22795s
 6236555 382386    0.00000   81  108          -    0.00000      -   271 22804s
 6238493 382587 infeasible   71               -    0.00000      -   271 22814s
 6240956 382801    0.00000   68  113          -    0.00000      -   271 22823s
 6244275 382869    0.00000   86  112          -    0.00000      -   271 22828s
 6246821 383009    0.00000   72   77          -    0.00000      -   271 22833s
 6249477 383186    0.00000   82  110          -    0.00000      -   271 22837s
 6251530 383166 infeasible   99               -    0.00000      -   271 22841s
 6255459 383242    0.00000   75   22          -    0.00000      -   271 22848s
 6257210 383259 infeasible   72               -    0.00000      -   271 22851s
 6258022 383346    0.00000   92  111          -    0.00000      -   271 22855s
 6261028 383491    0.00000   70  190          -    0.00000      -   271 22863s
 6263209 383595    0.00000   75  143          -    0.00000      -   271 22867s
 6265295 383822    0.00000   82  106          -    0.00000      -   271 22871s
 6267217 383958 infeasible   81               -    0.00000      -   271 22875s
 6271079 384030    0.00000   88  102          -    0.00000      -   271 22884s
 6271372 385176 infeasible   89               -    0.00000      -   271 22920s
 6284890 385342 infeasible   83               -    0.00000      -   271 22926s
 6287344 385463    0.00000   74  150          -    0.00000      -   271 22931s
 6289704 385588    0.00000   78  116          -    0.00000      -   271 22935s
 6291743 385747 infeasible   81               -    0.00000      -   271 22940s
 6293898 385979    0.00000   78  134          -    0.00000      -   271 22945s
 6296115 386059    0.00000   89   94          -    0.00000      -   271 22953s
 6298074 386089 infeasible   81               -    0.00000      -   271 22962s
 6298430 386143    0.00000   71  158          -    0.00000      -   271 22972s
 6299362 386287    0.00000   67  204          -    0.00000      -   271 22982s
 6301546 386404    0.00000   83  114          -    0.00000      -   271 22992s
 6304132 386538 infeasible   77               -    0.00000      -   271 23002s
 6306701 386728 infeasible   63               -    0.00000      -   271 23012s
 6309458 386891 infeasible   85               -    0.00000      -   271 23022s
 6312349 386893 infeasible   84               -    0.00000      -   271 23031s
 6315027 386949 infeasible   75               -    0.00000      -   271 23040s
 6317229 387031    0.00000   79  124          -    0.00000      -   271 23048s
 6319499 387151    0.00000   85  156          -    0.00000      -   271 23056s
 6321612 387306    0.00000   85  170          -    0.00000      -   271 23064s
 6323507 387270 infeasible   81               -    0.00000      -   271 23072s
 6324164 387288 infeasible   79               -    0.00000      -   272 23080s
 6325332 387327 infeasible   94               -    0.00000      -   272 23089s
 6327449 387474 infeasible   74               -    0.00000      -   272 23098s
 6329658 387685 infeasible   83               -    0.00000      -   272 23104s
 6332106 387763 infeasible   89               -    0.00000      -   272 23108s
 6334551 387850 infeasible   69               -    0.00000      -   272 23113s
 6336612 387941    0.00000   81  109          -    0.00000      -   272 23120s
 6338765 388024    0.00000   79  168          -    0.00000      -   272 23129s
 6341076 388160 infeasible   69               -    0.00000      -   272 23140s
 6343100 388177 infeasible   84               -    0.00000      -   272 23150s
 6345518 388166    0.00000   71  134          -    0.00000      -   272 23155s
 6345759 388167    0.00000   72  147          -    0.00000      -   272 23160s
 6346826 388183    0.00000   79  129          -    0.00000      -   272 23169s
 6349083 388222 infeasible   85               -    0.00000      -   272 23174s
 6351675 388328    0.00000   57   93          -    0.00000      -   272 23179s
 6354195 388387    0.00000   91  118          -    0.00000      -   272 23184s
 6356951 388457    0.00000   72  138          -    0.00000      -   272 23189s
 6359467 388485 infeasible   85               -    0.00000      -   272 23198s
 6361638 388571    0.00000   65  169          -    0.00000      -   272 23207s
 6363703 388688 infeasible   63               -    0.00000      -   272 23216s
 6365725 388789    0.00000   69   74          -    0.00000      -   272 23225s
 6367748 388928 infeasible   60               -    0.00000      -   272 23233s
 6369613 389108    0.00000   64  166          -    0.00000      -   272 23242s
 6371341 389207 infeasible   66               -    0.00000      -   272 23250s
 6372998 389265 infeasible   55               -    0.00000      -   272 23260s
 6374809 389365 infeasible   71               -    0.00000      -   272 23269s
 6376911 389457 infeasible   83               -    0.00000      -   272 23279s
 6379069 389677 infeasible   65               -    0.00000      -   272 23288s
 6381143 389820 infeasible   63               -    0.00000      -   272 23298s
 6383402 389849 infeasible   78               -    0.00000      -   272 23309s
 6386052 390075    0.00000   89  101          -    0.00000      -   272 23319s
 6386494 390075    0.00000   67   64          -    0.00000      -   272 23320s
 6388320 390091    0.00000   94  121          -    0.00000      -   272 23330s
 6388642 390136    0.00000   95  145          -    0.00000      -   272 23339s
 6389223 390637    0.00000   86   95          -    0.00000      -   272 23367s
 6396645 390847    0.00000   80  110          -    0.00000      -   272 23381s
 6399846 390903 infeasible   92               -    0.00000      -   272 23391s
 6402609 390897 infeasible   91               -    0.00000      -   272 23400s
 6405171 390881 infeasible   94               -    0.00000      -   272 23409s
 6407683 390827    0.00000   95  130          -    0.00000      -   272 23417s
 6409849 390902 infeasible   63               -    0.00000      -   272 23424s
 6411613 391044 infeasible   84               -    0.00000      -   272 23434s
 6413837 391207    0.00000   67  205          -    0.00000      -   272 23442s
 6415581 391423    0.00000   65  229          -    0.00000      -   272 23447s
 6417517 391720    0.00000   72  118          -    0.00000      -   272 23451s
 6419949 392026    0.00000   85   36          -    0.00000      -   272 23456s
 6422304 392321    0.00000   83  132          -    0.00000      -   272 23460s
 6424559 392526    0.00000   83  100          -    0.00000      -   272 23465s
 6426840 392525    0.00000   85  126          -    0.00000      -   272 23474s
 6427035 392568    0.00000   86  169          -    0.00000      -   272 23482s
 6427813 392629 infeasible   87               -    0.00000      -   272 23491s
 6429531 392795    0.00000   87  119          -    0.00000      -   272 23501s
 6432347 392931 infeasible   85               -    0.00000      -   272 23510s
 6434843 393186 infeasible   85               -    0.00000      -   272 23520s
 6437709 393311    0.00000   84  129          -    0.00000      -   272 23527s
 6439672 393456    0.00000   99   78          -    0.00000      -   272 23534s
 6441602 393456 infeasible   89               -    0.00000      -   272 23535s
 6441954 393450    0.00000   68  118          -    0.00000      -   272 23541s
 6444110 393567 infeasible   76               -    0.00000      -   272 23548s
 6446117 393807 infeasible   85               -    0.00000      -   272 23556s
 6448139 394009 infeasible   81               -    0.00000      -   272 23562s
 6450009 394076 infeasible   91               -    0.00000      -   272 23569s
 6451886 394179 infeasible   81               -    0.00000      -   272 23577s
 6453999 394263    0.00000   67  110          -    0.00000      -   272 23584s
 6456180 394284 infeasible   79               -    0.00000      -   272 23591s
 6458224 394309    0.00000   84  121          -    0.00000      -   272 23601s
 6461013 394306    0.00000   85   80          -    0.00000      -   272 23608s
 6462113 394358    0.00000   95  121          -    0.00000      -   272 23616s
 6463901 394372 infeasible   92               -    0.00000      -   272 23623s
 6466036 394455    0.00000   84  121          -    0.00000      -   272 23632s
 6468194 394563 infeasible   92               -    0.00000      -   272 23639s
 6470242 394575    0.00000   72  153          -    0.00000      -   272 23648s
 6470760 394631    0.00000   87   85          -    0.00000      -   272 23655s
 6472246 394706    0.00000   83   65          -    0.00000      -   272 23664s
 6474549 394829    0.00000   84  118          -    0.00000      -   272 23673s
 6476654 395109 infeasible   80               -    0.00000      -   272 23682s
 6479351 395259 infeasible   74               -    0.00000      -   272 23691s
 6481666 395422    0.00000   92  115          -    0.00000      -   272 23702s
 6484925 395447    0.00000   82  108          -    0.00000      -   272 23708s
 6486662 395521    0.00000   65  196          -    0.00000      -   272 23716s
 6488669 395516 infeasible   91               -    0.00000      -   272 23722s
 6489760 395563 infeasible   79               -    0.00000      -   272 23729s
 6491155 395790    0.00000   84  129          -    0.00000      -   272 23737s
 6492948 395963 infeasible   77               -    0.00000      -   272 23744s
 6494833 396064 infeasible   88               -    0.00000      -   272 23752s
 6496754 396109    0.00000   83  108          -    0.00000      -   272 23759s
 6498658 396171 infeasible   80               -    0.00000      -   272 23767s
 6500806 396211 infeasible   83               -    0.00000      -   272 23775s
 6503028 396209 infeasible   99               -    0.00000      -   272 23783s
 6503202 396196    0.00000   75  109          -    0.00000      -   272 23790s
 6503479 396200 infeasible   76               -    0.00000      -   272 23798s
 6504148 396270 infeasible   77               -    0.00000      -   272 23806s
 6505602 396420    0.00000   87  138          -    0.00000      -   272 23814s
 6507670 396468    0.00000   81  135          -    0.00000      -   272 23822s
 6509765 396533    0.00000   95   88          -    0.00000      -   272 23830s
 6512046 396588    0.00000   65  139          -    0.00000      -   272 23838s
 6514119 396783 infeasible   79               -    0.00000      -   272 23847s
 6516434 396800    0.00000   61  109          -    0.00000      -   272 23856s
 6517822 396806 infeasible   75               -    0.00000      -   272 23864s
 6517856 396813    0.00000   76  121          -    0.00000      -   272 23879s
 6517889 396812 infeasible   77               -    0.00000      -   272 23892s
 6517930 396799 infeasible   78               -    0.00000      -   272 23905s
 6517983 396806 infeasible   79               -    0.00000      -   272 23912s
 6518016 396807 infeasible   80               -    0.00000      -   272 23918s
 6518055 396806    0.00000   81   57          -    0.00000      -   272 23924s
 6518096 396801 infeasible   82               -    0.00000      -   272 23928s
 6518277 396784    0.00000   82  102          -    0.00000      -   272 23933s
 6518790 396810    0.00000   67  116          -    0.00000      -   272 23939s
 6519315 396843    0.00000   68  114          -    0.00000      -   272 23946s
 6519960 396898 infeasible   73               -    0.00000      -   272 23952s
 6520862 397044 infeasible   74               -    0.00000      -   272 23960s
 6522869 397317 infeasible   78               -    0.00000      -   272 23973s
 6525844 397935 infeasible   76               -    0.00000      -   272 23986s
 6529779 398169 infeasible   62               -    0.00000      -   272 23997s
 6533592 398247    0.00000   83  108          -    0.00000      -   272 24004s
 6535659 398331    0.00000   82   44          -    0.00000      -   272 24011s
 6537706 398536    0.00000   73  121          -    0.00000      -   272 24017s
 6539497 398716 infeasible   94               -    0.00000      -   272 24024s
 6541245 398886    0.00000   77  103          -    0.00000      -   272 24031s
 6542830 399105    0.00000   78  127          -    0.00000      -   272 24037s
 6544398 399335    0.00000   70  187          -    0.00000      -   272 24043s
 6545818 399470    0.00000   82  103          -    0.00000      -   272 24049s
 6547001 399731 infeasible   86               -    0.00000      -   272 24052s
 6548783 399803    0.00000   89  144          -    0.00000      -   272 24057s
 6549750 399946 infeasible   90               -    0.00000      -   272 24064s
 6551377 399946    0.00000  110   46          -    0.00000      -   272 24065s
 6551670 400153 infeasible   89               -    0.00000      -   272 24073s
 6553855 400401 infeasible   96               -    0.00000      -   272 24084s
 6556972 400440 infeasible   92               -    0.00000      -   272 24092s
 6559284 400479 infeasible   94               -    0.00000      -   272 24100s
 6561582 400511 infeasible   94               -    0.00000      -   272 24107s
 6562423 400592 infeasible   82               -    0.00000      -   272 24114s
 6563556 400644 infeasible   98               -    0.00000      -   272 24122s
 6565082 400808 infeasible   64               -    0.00000      -   272 24129s
 6566800 400941    0.00000   62  221          -    0.00000      -   272 24137s
 6568669 401142 infeasible   85               -    0.00000      -   272 24145s
 6570772 401336    0.00000   89   89          -    0.00000      -   272 24153s
 6572815 401467 infeasible   89               -    0.00000      -   272 24161s
 6574901 401664    0.00000   93  103          -    0.00000      -   272 24169s
 6576067 401664    0.00000   75  158          -    0.00000      -   272 24170s
 6576998 401726    0.00000   84  144          -    0.00000      -   272 24179s
 6577629 402034    0.00000   85  130          -    0.00000      -   272 24207s
 6584812 402182    0.00000   76   97          -    0.00000      -   272 24220s
 6587980 402257    0.00000   60  129          -    0.00000      -   272 24230s
 6590383 402342    0.00000   59  136          -    0.00000      -   272 24238s
 6592629 402515 infeasible  103               -    0.00000      -   272 24247s
 6595129 402586    0.00000   86   90          -    0.00000      -   272 24256s
 6597397 402650 infeasible   93               -    0.00000      -   272 24265s
 6599590 402759    0.00000   82  102          -    0.00000      -   272 24273s
 6601670 402763    0.00000   91  118          -    0.00000      -   272 24283s
 6604457 402942 infeasible   91               -    0.00000      -   272 24293s
 6606816 403003 infeasible   77               -    0.00000      -   272 24301s
 6607988 403074    0.00000   82   95          -    0.00000      -   271 24309s
 6609769 403115    0.00000   75  135          -    0.00000      -   271 24317s
 6611798 403185    0.00000   81   82          -    0.00000      -   271 24325s
 6613660 403323    0.00000   82  135          -    0.00000      -   271 24333s
 6615538 403346    0.00000   85   90          -    0.00000      -   271 24341s
 6616118 403397    0.00000   86   82          -    0.00000      -   271 24349s
 6617045 403450    0.00000   87  130          -    0.00000      -   271 24358s
 6618256 403555    0.00000   88  142          -    0.00000      -   271 24367s
 6620623 403600 infeasible   83               -    0.00000      -   271 24377s
 6623557 403647    0.00000   66  113          -    0.00000      -   271 24386s
 6625880 403809 infeasible   86               -    0.00000      -   271 24396s
 6628265 403961    0.00000   92  119          -    0.00000      -   271 24406s
 6630585 404176    0.00000   70  173          -    0.00000      -   271 24415s
 6632647 404336    0.00000   81  114          -    0.00000      -   271 24423s
 6634661 404399 infeasible   62               -    0.00000      -   271 24431s
 6636683 404544    0.00000   76  104          -    0.00000      -   271 24440s
 6639065 404567    0.00000   82  104          -    0.00000      -   271 24448s
 6641399 404668    0.00000   78  203          -    0.00000      -   271 24456s
 6643526 404715    0.00000   58  168          -    0.00000      -   271 24465s
 6645791 404694    0.00000  100  132          -    0.00000      -   271 24472s
 6647513 404712    0.00000   86   98          -    0.00000      -   271 24480s
 6648277 404736    0.00000   87  101          -    0.00000      -   271 24487s
 6649499 404798    0.00000   88   75          -    0.00000      -   271 24495s
 6650647 404981    0.00000   73   97          -    0.00000      -   271 24504s
 6652716 405183    0.00000   57  199          -    0.00000      -   271 24514s
 6654944 405371 infeasible   80               -    0.00000      -   271 24524s
 6657109 405371    0.00000   64  136          -    0.00000      -   271 24525s
 6657508 405436    0.00000   82  129          -    0.00000      -   271 24533s
 6659792 405389 infeasible   75               -    0.00000      -   271 24543s
 6662100 405477 infeasible   90               -    0.00000      -   271 24553s
 6664246 405525    0.00000   75  119          -    0.00000      -   271 24562s
 6666513 405530 infeasible   72               -    0.00000      -   271 24570s
 6666926 405587    0.00000   73  160          -    0.00000      -   271 24578s
 6667981 405665 infeasible   74               -    0.00000      -   271 24587s
 6669559 405805 infeasible   72               -    0.00000      -   271 24596s
 6671618 405871    0.00000   86  124          -    0.00000      -   271 24604s
 6673577 406038 infeasible   63               -    0.00000      -   271 24614s
 6675730 406100 infeasible   88               -    0.00000      -   271 24624s
 6677958 406239 infeasible   76               -    0.00000      -   271 24633s
 6679971 406286    0.00000   66  196          -    0.00000      -   271 24642s
 6682178 406343    0.00000   85   75          -    0.00000      -   272 24650s
 6684065 406552 infeasible   82               -    0.00000      -   272 24658s
 6685928 406621 infeasible   59               -    0.00000      -   272 24667s
 6687281 406695 infeasible   87               -    0.00000      -   272 24675s
 6689261 406743 infeasible   57               -    0.00000      -   272 24684s
 6691197 406775    0.00000   61  113          -    0.00000      -   272 24693s
 6691784 406867    0.00000   62  123          -    0.00000      -   272 24702s
 6692810 406956 infeasible   80               -    0.00000      -   272 24712s
 6694570 407129    0.00000   66  124          -    0.00000      -   272 24722s
 6696891 407169    0.00000   73  119          -    0.00000      -   272 24731s
 6698891 407417    0.00000   72  127          -    0.00000      -   272 24739s
 6700541 407721    0.00000   66  128          -    0.00000      -   272 24748s
 6702481 407983    0.00000   67   78          -    0.00000      -   272 24758s
 6704677 408156    0.00000   61  102          -    0.00000      -   272 24768s
 6706950 408341    0.00000   73  112          -    0.00000      -   272 24778s
 6709108 408487    0.00000   74   96          -    0.00000      -   272 24788s
 6711048 408499 infeasible   87               -    0.00000      -   272 24798s
 6711570 408538    0.00000   80  122          -    0.00000      -   272 24808s
 6712165 408778    0.00000   81  126          -    0.00000      -   272 24818s
 6713546 409145    0.00000   65  176          -    0.00000      -   272 24830s
 6716084 409436    0.00000   61  155          -    0.00000      -   272 24842s
 6719653 409647    0.00000   84  141          -    0.00000      -   272 24854s
 6723097 409723 infeasible   84               -    0.00000      -   272 24867s
 6727145 409708 infeasible   91               -    0.00000      -   272 24873s
 6728804 409776    0.00000   67  203          -    0.00000      -   272 24880s
 6730589 409802 infeasible   78               -    0.00000      -   272 24887s
 6732571 409819    0.00000   72  119          -    0.00000      -   272 24894s
 6734508 409974    0.00000   65  119          -    0.00000      -   272 24901s
 6736135 410254    0.00000   77  146          -    0.00000      -   272 24907s
 6737576 410514    0.00000   63   99          -    0.00000      -   272 24913s
 6739007 410657    0.00000   76   61          -    0.00000      -   272 24919s
 6740543 410835    0.00000   74   94          -    0.00000      -   272 24925s
 6742190 411029    0.00000   76  136          -    0.00000      -   272 24932s
 6743970 411154    0.00000   92  128          -    0.00000      -   272 24939s
 6745735 411258 infeasible   72               -    0.00000      -   272 24945s
 6747391 411329    0.00000   66  126          -    0.00000      -   272 24954s
 6749733 411519    0.00000   51  118          -    0.00000      -   272 24962s
 6751904 411778 infeasible   71               -    0.00000      -   272 24971s
 6754305 411841    0.00000   75  191          -    0.00000      -   272 24978s
 6755636 411990 infeasible   90               -    0.00000      -   272 24986s
 6757636 411995 infeasible   65               -    0.00000      -   272 24994s
 6759972 412034    0.00000   72  142          -    0.00000      -   272 25002s
 6760611 412112    0.00000   73  113          -    0.00000      -   272 25008s
 6761443 412217    0.00000   74   94          -    0.00000      -   272 25017s
 6762784 412320    0.00000   75  137          -    0.00000      -   272 25026s
 6765186 412510 infeasible   82               -    0.00000      -   272 25035s
 6768117 412652    0.00000   96   23          -    0.00000      -   272 25040s
 6770908 412836 infeasible   85               -    0.00000      -   272 25045s
 6775679 413073    0.00000   63  161          -    0.00000      -   272 25052s
 6777464 413298    0.00000   98  108          -    0.00000      -   272 25056s
