SCIP version 10.0.1 [precision: 8 byte] [memory: block] [mode: optimized] [LP solver: SoPlex 8.0.1] [GitHash: 76a50c97d6]
Copyright (c) 2002-2026 Zuse Institute Berlin (ZIB)

External libraries: 
  SoPlex 8.0.1         Linear programming solver developed at Zuse Institute Berlin (soplex.zib.de) [GitHash: c69290aa]
  CppAD 20180000.0     Algorithmic Differentiation of C++ algorithms developed by B. Bell (github.com/coin-or/CppAD)
  ZLIB 1.3.1           General purpose compression library by J. Gailly and M. Adler (zlib.net)
  MPFR 4.2.2           GNU Multiple Precision Floating-Point Reliable Library (mpfr.org)
  Boost 1.89.0         Boost C++ Libraries (boost.org)
  TinyCThread 1.2      small portable implementation of the C11 threads API (tinycthread.github.io)
  GMP 6.3.0            GNU Multiple Precision Arithmetic Library developed by T. Granlund (gmplib.org)
  ZIMPL 3.7.0          Zuse Institute Mathematical Programming Language developed by T. Koch (zimpl.zib.de)
  AMPL/MP 4.0.4        AMPL .nl file reader library (github.com/ampl/mp)
  PaPILO 3.0.0         parallel presolve for integer and linear optimization (github.com/scipopt/papilo) (built with TBB) [GitHash: 4cbdc327]
  Nauty 2.8.8          Computing Graph Automorphism Groups by Brendan D. McKay (users.cecs.anu.edu.au/~bdm/nauty)
  sassy 2.0            Symmetry preprocessor by Markus Anders (github.com/markusa4/sassy)
  Ipopt 3.14.19        Interior Point Optimizer developed by A. Waechter et.al. (github.com/coin-or/Ipopt)

user parameter file <scip.set> not found - using default parameters


read problem <N21_R8_K3_2_22_split_22_fix2B_5_exact_wo_lem.lp>
============

original problem has 1652 variables (1628 bin, 22 int, 2 cont) and 5879 constraints
heuristics/padm/freq = -1
heuristics/ofins/freq = -1
heuristics/reoptsols/freq = -1
heuristics/trivialnegation/freq = -1
heuristics/trivial/freq = -1
heuristics/clique/freq = -1
heuristics/locks/freq = -1
heuristics/vbounds/freq = -1
heuristics/shiftandpropagate/freq = -1
heuristics/completesol/freq = -1
heuristics/simplerounding/freq = -1
heuristics/randrounding/freq = -1
heuristics/zirounding/freq = -1
heuristics/rounding/freq = -1
heuristics/shifting/freq = -1
heuristics/intshifting/freq = -1
heuristics/oneopt/freq = -1
heuristics/indicator/freq = -1
heuristics/adaptivediving/freq = -1
heuristics/indicatordiving/freq = -1
heuristics/farkasdiving/freq = -1
heuristics/feaspump/freq = -1
heuristics/conflictdiving/freq = -1
heuristics/pscostdiving/freq = -1
heuristics/fracdiving/freq = -1
heuristics/nlpdiving/freq = -1
heuristics/veclendiving/freq = -1
heuristics/distributiondiving/freq = -1
heuristics/objpscostdiving/freq = -1
heuristics/rootsoldiving/freq = -1
heuristics/linesearchdiving/freq = -1
heuristics/guideddiving/freq = -1
heuristics/rens/freq = -1
heuristics/alns/freq = -1
heuristics/rins/freq = -1
heuristics/gins/freq = -1
heuristics/crossover/freq = -1
heuristics/lpface/freq = -1
heuristics/undercover/freq = -1
heuristics/subnlp/freq = -1
heuristics/mpec/freq = -1
heuristics/multistart/freq = -1
heuristics/trysol/freq = -1
presolving/restartfac = 0.0125
presolving/restartminred = 0.06
constraints/setppc/cliquelifting = TRUE
presolving/boundshift/maxrounds = -1
presolving/qpkktref/maxrounds = -1
presolving/stuffing/maxrounds = -1
presolving/tworowbnd/maxrounds = -1
presolving/dualinfer/maxrounds = -1
presolving/dualagg/maxrounds = -1
presolving/implint/maxrounds = -1
presolving/redvub/maxrounds = -1
propagating/probing/maxuseless = 1500
propagating/probing/maxtotaluseless = 75
separating/closecuts/freq = 0
separating/rlt/freq = 20
separating/rlt/maxroundsroot = 15
separating/disjunctive/freq = 20
separating/disjunctive/maxroundsroot = 150
separating/gauge/freq = 0
separating/interminor/freq = 0
separating/convexproj/freq = 0
separating/gomory/maxroundsroot = 15
separating/gomory/maxsepacutsroot = 400
separating/aggregation/maxsepacutsroot = 1000
separating/clique/freq = 20
separating/zerohalf/maxroundsroot = 30
separating/zerohalf/maxsepacutsroot = 200
separating/lagromory/freq = 0
separating/mcf/freq = 20
separating/mcf/maxsepacutsroot = 400
separating/eccuts/freq = 0
separating/eccuts/maxroundsroot = 375
separating/eccuts/maxsepacutsroot = 100
separating/oddcycle/freq = 0
separating/oddcycle/maxroundsroot = 15
separating/oddcycle/maxsepacutsroot = 10000
constraints/benderslp/sepafreq = 0
constraints/integral/sepafreq = 0
constraints/SOS2/sepafreq = 10
constraints/varbound/sepafreq = 10
constraints/knapsack/sepafreq = 10
constraints/knapsack/maxsepacutsroot = 500
constraints/setppc/sepafreq = 10
constraints/or/sepafreq = 10
constraints/xor/sepafreq = 10
constraints/conjunction/sepafreq = 0
constraints/disjunction/sepafreq = 0
constraints/exactsol/sepafreq = 0
constraints/linear/sepafreq = 10
constraints/linear/maxsepacutsroot = 500
constraints/exactlinear/sepafreq = 10
constraints/exactlinear/maxsepacutsroot = 500
constraints/orbitope_full/sepafreq = 0
constraints/orbitope_pp/sepafreq = 0
constraints/logicor/sepafreq = 10
constraints/bounddisjunction/sepafreq = 0
constraints/pseudoboolean/sepafreq = 0
constraints/superindicator/sepafreq = 0
constraints/benders/sepafreq = 0
constraints/fixedvar/sepafreq = 0
constraints/countsols/sepafreq = 0
constraints/components/sepafreq = 0
cutselection/hybrid/minorthoroot = 0.1
separating/maxroundsrootsubrun = 5
separating/maxaddrounds = 5
separating/maxcutsroot = 5000
constraints/linear/separateall = TRUE
separating/aggregation/maxfailsroot = 200
separating/mcf/maxtestdelta = -1
separating/mcf/trynegscaling = TRUE
nodeselection/restartdfs/stdpriority = 100000
conflict/useinflp = b

presolving:
(round 1, fast)       310 del vars, 119 del conss, 0 add conss, 45 chg bounds, 88 chg sides, 176 chg coeffs, 0 upgd conss, 0 impls, 3109 clqs, 0 implints
(round 2, fast)       572 del vars, 1274 del conss, 0 add conss, 51 chg bounds, 88 chg sides, 238 chg coeffs, 0 upgd conss, 0 impls, 3147 clqs, 0 implints
   (0.0s) running MILP presolver
   (0.0s) MILP presolver (6 rounds): 38 aggregations, 0 fixings, 4 bound changes
(round 3, medium)     610 del vars, 1274 del conss, 0 add conss, 60 chg bounds, 88 chg sides, 267 chg coeffs, 0 upgd conss, 0 impls, 3071 clqs, 0 implints
(round 4, fast)       610 del vars, 1350 del conss, 0 add conss, 60 chg bounds, 88 chg sides, 322 chg coeffs, 0 upgd conss, 0 impls, 3071 clqs, 0 implints
(round 5, exhaustive) 610 del vars, 1351 del conss, 0 add conss, 60 chg bounds, 88 chg sides, 322 chg coeffs, 4308 upgd conss, 0 impls, 3071 clqs, 0 implints
(round 6, exhaustive) 610 del vars, 5459 del conss, 1037 add conss, 60 chg bounds, 88 chg sides, 322 chg coeffs, 4308 upgd conss, 0 impls, 3071 clqs, 0 implints
(round 7, exhaustive) 610 del vars, 5459 del conss, 1037 add conss, 60 chg bounds, 88 chg sides, 501 chg coeffs, 4308 upgd conss, 0 impls, 3071 clqs, 0 implints
   (0.0s) probing: 164/1304 (12.6%) - 0 fixings, 0 aggregations, 352 implications, 0 bound changes
   (0.0s) probing aborted: 75/75 successive totally useless probings
   (0.0s) symmetry computation started: requiring (bin +, int +, cont +), (fixed: bin -, int -, cont -)
   (0.0s) symmetry computation finished: 9 generators found (max: 1500, log10 of symmetry group size: 4.94) (symcode time: 0.00)
dynamic symmetry handling statistics:
   orbitopal reduction:       no components
   orbital reduction:          1 components of sizes 45
   lexicographic reduction:   45 permutations with support sizes 324, 340, 324, 324, 324, 324, 340, 340, 340, 600, 324, 584, 584, 584, 600, 600, 600, 600, 600, 600, 600, 340, 616, 616, 324, 584, 584, 600, 600, 600, 324, 584, 600, 600, 600, 324, 600, 600, 600, 600, 600, 600, 340, 616, 340
handled 1 out of 1 symmetry components
presolving (8 rounds: 8 fast, 5 medium, 4 exhaustive):
 610 deleted vars, 5459 deleted constraints, 1037 added constraints, 60 tightened bounds, 0 added holes, 88 changed sides, 501 changed coefficients
 352 implications, 3071 cliques, 0 implied integral variables (0 bin, 0 int, 0 cont)
presolved problem has 1323 variables (1304 bin, 19 int, 0 cont) and 1457 constraints
      7 constraints of type <varbound>
    185 constraints of type <knapsack>
   1037 constraints of type <and>
    220 constraints of type <linear>
      8 constraints of type <logicor>
transformed objective value is always integral (scale: 1)
Presolving Time: 0.00

 time | node  | left  |LP iter|LP it/n|mem/heur|mdpt |vars |cons |rows |cuts |sepa|confs|strbr|  dualbound   | primalbound  |  gap   | compl. 
  0.0s|     1 |     0 |  1953 |     - |    41M |   0 |1323 |1457 |2494 |   0 |  0 |   0 |   0 | 0.000000e+00 |      --      |    Inf | unknown
Computing relative interior point (time limit: 1e+20, iter limit: 19530) ...
  1.0s|     1 |     0 |  2054 |     - |    47M |   0 |1323 |1457 |2531 |  37 |  1 |   0 |   0 | 0.000000e+00 |      --      |    Inf | unknown
  1.0s|     1 |     0 |  2131 |     - |    47M |   0 |1323 |1457 |2564 |  70 |  2 |   0 |   0 | 0.000000e+00 |      --      |    Inf | unknown
  1.0s|     1 |     0 |  2968 |     - |    47M |   0 |1323 |1457 |2638 | 144 |  3 |   0 |   0 | 0.000000e+00 |      --      |    Inf | unknown
  1.0s|     1 |     0 |  3062 |     - |    48M |   0 |1323 |1457 |2666 | 172 |  4 |   0 |   0 | 0.000000e+00 |      --      |    Inf | unknown
  1.0s|     1 |     0 |  3147 |     - |    48M |   0 |1323 |1457 |2696 | 202 |  5 |   0 |   0 | 0.000000e+00 |      --      |    Inf | unknown
  1.0s|     1 |     0 |  3233 |     - |    48M |   0 |1323 |1457 |2723 | 229 |  6 |   0 |   0 | 0.000000e+00 |      --      |    Inf | unknown
  1.0s|     1 |     0 |  3275 |     - |    49M |   0 |1323 |1457 |2733 | 239 |  7 |   0 |   0 | 0.000000e+00 |      --      |    Inf | unknown
  1.0s|     1 |     0 |  3285 |     - |    49M |   0 |1323 |1457 |2737 | 243 |  8 |   0 |   0 | 0.000000e+00 |      --      |    Inf | unknown
  2.0s|     1 |     0 |  3308 |     - |    49M |   0 |1323 |1457 |2741 | 247 |  9 |   0 |   0 | 0.000000e+00 |      --      |    Inf | unknown
  2.0s|     1 |     0 |  3322 |     - |    49M |   0 |1323 |1457 |2745 | 251 | 10 |   0 |   0 | 0.000000e+00 |      --      |    Inf | unknown
  2.0s|     1 |     0 |  3340 |     - |    50M |   0 |1323 |1457 |2750 | 256 | 11 |   0 |   0 | 0.000000e+00 |      --      |    Inf | unknown
  2.0s|     1 |     2 |  3458 |     - |    50M |   0 |1323 |1457 |2750 | 256 | 11 |   0 |  32 | 0.000000e+00 |      --      |    Inf | unknown
  4.0s|   100 |    85 | 18307 | 151.2 |    53M |  33 |1323 |1464 |2678 | 795 |  1 |   7 |  32 | 0.000000e+00 |      --      |    Inf | unknown
  6.0s|   200 |   129 | 30713 | 137.6 |    56M |  51 |1323 |1509 |2733 | 993 |  1 |  52 |  32 | 0.000000e+00 |      --      |    Inf |   7.81%
 time | node  | left  |LP iter|LP it/n|mem/heur|mdpt |vars |cons |rows |cuts |sepa|confs|strbr|  dualbound   | primalbound  |  gap   | compl. 
  7.0s|   300 |   131 | 37476 | 114.2 |    58M |  59 |1323 |1631 |2726 |1070 |  1 | 174 |  32 | 0.000000e+00 |      --      |    Inf |   7.81%
  8.0s|   400 |   131 | 42289 |  97.6 |    59M |  64 |1323 |1724 |2723 |1120 |  0 | 277 |  32 | 0.000000e+00 |      --      |    Inf |   7.81%
  9.0s|   500 |   161 | 52533 |  98.6 |    63M |  64 |1323 |1791 |2755 |1322 |  1 | 345 |  32 | 0.000000e+00 |      --      |    Inf |   7.81%
 10.0s|   600 |   169 | 58832 |  92.6 |    63M |  64 |1323 |1938 |2770 |1374 |  0 | 492 |  32 | 0.000000e+00 |      --      |    Inf |   7.81%
 11.0s|   700 |   173 | 66165 |  89.9 |    64M |  64 |1323 |2075 |2674 |1463 |  1 | 632 |  32 | 0.000000e+00 |      --      |    Inf |   7.81%
 12.0s|   800 |   205 | 76967 |  92.1 |    65M |  64 |1323 |2156 |2660 |1715 |  2 | 714 |  32 | 0.000000e+00 |      --      |    Inf |   7.81%
 14.0s|   900 |   238 | 88677 |  94.9 |    65M |  64 |1323 |2230 |2779 |1957 |  2 | 791 |  32 | 0.000000e+00 |      --      |    Inf |   7.83%
 15.0s|  1000 |   274 | 99829 |  96.6 |    66M |  64 |1323 |2314 |2714 |2203 |  2 | 876 |  32 | 0.000000e+00 |      --      |    Inf |   7.83%
 17.0s|  1100 |   295 |110327 |  97.3 |    68M |  64 |1323 |2375 |2706 |2437 |  0 | 939 |  32 | 0.000000e+00 |      --      |    Inf |   7.83%
 19.0s|  1200 |   313 |123601 | 100.3 |    70M |  64 |1323 |2450 |2648 |2692 |  2 |1020 |  32 | 0.000000e+00 |      --      |    Inf |   7.83%
 21.0s|  1300 |   363 |135408 | 101.7 |    72M |  64 |1323 |2493 |2653 |2977 |  2 |1069 |  32 | 0.000000e+00 |      --      |    Inf |   7.84%
 23.0s|  1400 |   398 |148264 | 103.6 |    72M |  64 |1323 |2570 |2714 |3329 |  2 |1150 |  32 | 0.000000e+00 |      --      |    Inf |   7.84%
 25.0s|  1500 |   418 |159461 | 104.2 |    75M |  64 |1323 |2635 |2722 |3544 |  2 |1225 |  32 | 0.000000e+00 |      --      |    Inf |  10.96%
 26.0s|  1600 |   432 |168267 | 103.1 |    77M |  64 |1323 |2740 |2720 |3743 |  0 |1339 |  32 | 0.000000e+00 |      --      |    Inf |  10.96%
 28.0s|  1700 |   424 |175067 | 101.1 |    79M |  64 |1323 |2869 |2718 |3941 |  0 |1481 |  32 | 0.000000e+00 |      --      |    Inf |  10.96%
 time | node  | left  |LP iter|LP it/n|mem/heur|mdpt |vars |cons |rows |cuts |sepa|confs|strbr|  dualbound   | primalbound  |  gap   | compl. 
 29.0s|  1800 |   426 |185804 | 101.4 |    80M |  64 |1323 |2937 |2749 |4123 |  2 |1579 |  32 | 0.000000e+00 |      --      |    Inf |  10.96%
 31.0s|  1900 |   436 |198514 | 102.8 |    80M |  64 |1323 |2986 |2693 |4377 |  2 |1655 |  32 | 0.000000e+00 |      --      |    Inf |  10.97%
 32.0s|  2000 |   470 |212395 | 104.6 |    81M |  64 |1323 |3035 |2716 |4779 |  1 |1724 |  32 | 0.000000e+00 |      --      |    Inf |  10.97%
 34.0s|  2100 |   477 |220007 | 103.2 |    82M |  64 |1323 |3114 |2730 |4938 |  0 |1821 |  32 | 0.000000e+00 |      --      |    Inf |  10.97%
 35.0s|  2200 |   485 |231780 | 103.9 |    83M |  64 |1323 |3154 |2715 |5301 |  1 |1904 |  32 | 0.000000e+00 |      --      |    Inf |  11.04%
 36.0s|  2300 |   500 |238269 | 102.2 |    84M |  64 |1323 |3220 |2796 |5397 |  0 |1984 |  32 | 0.000000e+00 |      --      |    Inf |  11.04%
 37.0s|  2400 |   505 |244079 | 100.3 |    84M |  64 |1323 |3269 |2814 |5483 |  0 |2039 |  32 | 0.000000e+00 |      --      |    Inf |  11.04%
 38.0s|  2500 |   510 |249030 |  98.3 |    84M |  64 |1323 |3331 |2728 |5543 |  0 |2108 |  32 | 0.000000e+00 |      --      |    Inf |  11.04%
 39.0s|  2600 |   500 |256002 |  97.2 |    85M |  64 |1323 |3430 |2812 |5611 |  0 |2209 |  32 | 0.000000e+00 |      --      |    Inf |  11.04%
 40.0s|  2700 |   518 |266738 |  97.6 |    86M |  64 |1323 |3483 |2725 |5877 |  2 |2297 |  32 | 0.000000e+00 |      --      |    Inf |  11.05%
 41.0s|  2800 |   531 |277634 |  98.0 |    86M |  64 |1323 |3539 |2681 |6066 |  2 |2376 |  32 | 0.000000e+00 |      --      |    Inf |  11.05%
 43.0s|  2900 |   546 |288567 |  98.4 |    87M |  64 |1323 |3533 |2808 |6284 |  1 |2428 |  32 | 0.000000e+00 |      --      |    Inf |  15.54%
 45.0s|  3000 |   553 |298396 |  98.4 |    88M |  64 |1323 |3530 |2707 |6554 |  0 |2499 |  32 | 0.000000e+00 |      --      |    Inf |  18.87%
 47.0s|  3100 |   561 |310119 |  99.0 |    89M |  64 |1323 |3543 |   0 |6864 |  0 |2582 |  32 | 0.000000e+00 |      --      |    Inf |  19.66%
 48.0s|  3200 |   562 |318357 |  98.5 |    90M |  64 |1323 |3589 |2691 |7005 |  2 |2686 |  32 | 0.000000e+00 |      --      |    Inf |  19.68%
 time | node  | left  |LP iter|LP it/n|mem/heur|mdpt |vars |cons |rows |cuts |sepa|confs|strbr|  dualbound   | primalbound  |  gap   | compl. 
 50.0s|  3300 |   586 |329190 |  98.8 |    91M |  64 |1323 |3544 |2719 |7393 |  1 |2752 |  32 | 0.000000e+00 |      --      |    Inf |  23.21%
 52.0s|  3400 |   602 |340008 |  99.0 |    92M |  64 |1323 |3535 |2715 |7723 |  0 |2835 |  32 | 0.000000e+00 |      --      |    Inf |  23.24%
 54.0s|  3500 |   603 |351140 |  99.4 |    93M |  64 |1323 |3548 |   0 |8021 |  0 |2955 |  32 | 0.000000e+00 |      --      |    Inf |  23.24%
 55.0s|  3600 |   611 |359381 |  98.9 |    93M |  64 |1323 |3615 |2716 |8218 |  1 |3085 |  32 | 0.000000e+00 |      --      |    Inf |  23.24%
 56.0s|  3700 |   628 |369877 |  99.1 |    94M |  64 |1323 |3634 |2737 |8533 |  0 |3175 |  32 | 0.000000e+00 |      --      |    Inf |  23.26%
 57.0s|  3800 |   640 |379578 |  99.0 |    94M |  64 |1323 |3661 |2716 |8701 |  1 |3260 |  32 | 0.000000e+00 |      --      |    Inf |  23.26%
 58.0s|  3900 |   645 |387701 |  98.6 |    95M |  64 |1323 |3655 |2661 |8923 |  2 |3357 |  32 | 0.000000e+00 |      --      |    Inf |  23.28%
 60.0s|  4000 |   669 |397666 |  98.6 |    95M |  64 |1323 |3694 |2693 |9268 |  2 |3434 |  32 | 0.000000e+00 |      --      |    Inf |  23.28%
 62.0s|  4100 |   676 |408291 |  98.8 |    97M |  64 |1323 |3702 |2728 |9530 |  0 |3507 |  32 | 0.000000e+00 |      --      |    Inf |  23.33%
 63.0s|  4200 |   679 |419747 |  99.2 |    98M |  64 |1323 |3758 |2806 |9845 |  2 |3627 |  32 | 0.000000e+00 |      --      |    Inf |  23.33%
 64.0s|  4300 |   706 |428082 |  98.8 |    99M |  64 |1323 |3767 |2744 |  10k|  1 |3705 |  32 | 0.000000e+00 |      --      |    Inf |  23.33%
 66.0s|  4400 |   714 |436045 |  98.4 |   100M |  64 |1323 |3793 |2702 |  10k|  2 |3807 |  32 | 0.000000e+00 |      --      |    Inf |  26.45%
 67.0s|  4500 |   729 |447403 |  98.7 |   101M |  64 |1323 |3799 |2835 |  10k|  1 |3891 |  32 | 0.000000e+00 |      --      |    Inf |  26.46%
 69.0s|  4600 |   731 |460583 |  99.4 |   102M |  64 |1323 |3796 |2688 |  10k|  2 |3983 |  32 | 0.000000e+00 |      --      |    Inf |  26.46%
 70.0s|  4700 |   744 |470967 |  99.5 |   103M |  64 |1323 |3821 |2712 |  10k|  0 |4078 |  32 | 0.000000e+00 |      --      |    Inf |  26.46%
 time | node  | left  |LP iter|LP it/n|mem/heur|mdpt |vars |cons |rows |cuts |sepa|confs|strbr|  dualbound   | primalbound  |  gap   | compl. 
 71.0s|  4800 |   748 |480147 |  99.4 |   103M |  64 |1323 |3904 |2719 |  11k|  2 |4168 |  32 | 0.000000e+00 |      --      |    Inf |  26.46%
 72.0s|  4900 |   750 |488770 |  99.1 |   103M |  64 |1323 |3953 |2681 |  11k|  1 |4277 |  32 | 0.000000e+00 |      --      |    Inf |  26.46%
 73.0s|  5000 |   765 |498786 |  99.1 |   103M |  64 |1323 |3943 |2781 |  11k|  2 |4342 |  32 | 0.000000e+00 |      --      |    Inf |  26.66%
 75.0s|  5100 |   797 |511427 |  99.6 |   104M |  64 |1323 |3927 |2745 |  11k|  0 |4395 |  32 | 0.000000e+00 |      --      |    Inf |  26.66%
 77.0s|  5200 |   805 |525089 | 100.4 |   105M |  64 |1323 |3914 |2728 |  12k|  1 |4480 |  32 | 0.000000e+00 |      --      |    Inf |  26.66%
 78.0s|  5300 |   810 |533188 | 100.0 |   105M |  64 |1323 |3960 |2693 |  12k|  1 |4590 |  32 | 0.000000e+00 |      --      |    Inf |  26.68%
 80.0s|  5400 |   835 |548334 | 100.9 |   106M |  64 |1323 |3968 |2726 |  12k|  1 |4656 |  32 | 0.000000e+00 |      --      |    Inf |  26.69%
 82.0s|  5500 |   828 |562361 | 101.7 |   106M |  64 |1323 |4027 |2841 |  13k|  0 |4800 |  32 | 0.000000e+00 |      --      |    Inf |  26.69%
 83.0s|  5600 |   861 |572415 | 101.6 |   107M |  64 |1323 |3995 |2724 |  13k|  1 |4857 |  32 | 0.000000e+00 |      --      |    Inf |  26.69%
 85.0s|  5700 |   862 |583291 | 101.8 |   109M |  64 |1323 |4008 |2797 |  13k|  0 |4973 |  32 | 0.000000e+00 |      --      |    Inf |  26.69%
 86.0s|  5800 |   890 |594432 | 101.9 |   109M |  64 |1323 |3983 |2771 |  14k|  0 |5029 |  32 | 0.000000e+00 |      --      |    Inf |  26.69%
 87.0s|  5900 |   896 |602594 | 101.6 |   109M |  64 |1323 |4047 |2744 |  14k|  1 |5105 |  32 | 0.000000e+00 |      --      |    Inf |  26.69%
 88.0s|  6000 |   896 |611830 | 101.4 |   109M |  64 |1323 |4148 |2759 |  14k|  0 |5251 |  32 | 0.000000e+00 |      --      |    Inf |  26.69%
 90.0s|  6100 |   909 |620535 | 101.2 |   112M |  64 |1323 |4153 |   0 |  14k|  0 |5353 |  32 | 0.000000e+00 |      --      |    Inf |  26.69%
 91.0s|  6200 |   909 |630290 | 101.1 |   113M |  64 |1323 |4188 |2838 |  15k|  1 |5460 |  32 | 0.000000e+00 |      --      |    Inf |  26.69%
 time | node  | left  |LP iter|LP it/n|mem/heur|mdpt |vars |cons |rows |cuts |sepa|confs|strbr|  dualbound   | primalbound  |  gap   | compl. 
 92.0s|  6300 |   922 |639469 | 101.0 |   114M |  64 |1323 |4251 |2815 |  15k|  0 |5582 |  32 | 0.000000e+00 |      --      |    Inf |  26.70%
 94.0s|  6400 |   917 |649366 | 101.0 |   116M |  64 |1323 |4336 |2718 |  15k|  2 |5727 |  32 | 0.000000e+00 |      --      |    Inf |  26.70%
 95.0s|  6500 |   925 |660051 | 101.0 |   116M |  64 |1323 |4389 |2708 |  15k|  0 |5837 |  32 | 0.000000e+00 |      --      |    Inf |  26.70%
 97.0s|  6600 |   940 |673260 | 101.5 |   116M |  64 |1323 |4399 |2756 |  15k|  2 |5929 |  32 | 0.000000e+00 |      --      |    Inf |  26.70%
 98.0s|  6700 |   944 |692909 | 102.9 |   116M |  64 |1323 |4482 |2839 |  16k|  1 |6034 |  32 | 0.000000e+00 |      --      |    Inf |  26.70%
  100s|  6800 |   952 |702177 | 102.8 |   117M |  64 |1323 |4498 |   0 |  16k|  0 |6097 |  32 | 0.000000e+00 |      --      |    Inf |  26.70%
  101s|  6900 |   947 |710607 | 102.5 |   117M |  64 |1323 |4523 |2762 |  16k|  0 |6142 |  32 | 0.000000e+00 |      --      |    Inf |  26.70%
  102s|  7000 |   961 |719326 | 102.3 |   117M |  64 |1323 |4561 |2741 |  16k|  2 |6185 |  32 | 0.000000e+00 |      --      |    Inf |  26.70%
  104s|  7100 |   956 |732967 | 102.8 |   118M |  64 |1323 |4551 |2788 |  17k|  0 |6287 |  32 | 0.000000e+00 |      --      |    Inf |  26.70%
  105s|  7200 |   981 |744295 | 102.9 |   118M |  64 |1323 |4566 |   0 |  17k|  0 |6341 |  32 | 0.000000e+00 |      --      |    Inf |  26.70%
  106s|  7300 |   965 |755641 | 103.1 |   118M |  64 |1323 |4642 |2876 |  17k|  0 |6439 |  32 | 0.000000e+00 |      --      |    Inf |  26.70%
  108s|  7400 |   990 |768294 | 103.4 |   118M |  64 |1323 |4614 |   0 |  17k|  0 |6502 |  32 | 0.000000e+00 |      --      |    Inf |  26.70%
  109s|  7500 |   989 |780170 | 103.6 |   118M |  64 |1323 |4629 |2735 |  18k|  0 |6576 |  32 | 0.000000e+00 |      --      |    Inf |  26.71%
  111s|  7600 |   994 |794709 | 104.1 |   119M |  64 |1323 |4585 |2686 |  18k|  0 |6674 |  32 | 0.000000e+00 |      --      |    Inf |  26.71%
  112s|  7700 |  1029 |805540 | 104.2 |   119M |  64 |1323 |4511 |2671 |  18k|  2 |6745 |  32 | 0.000000e+00 |      --      |    Inf |  29.05%
 time | node  | left  |LP iter|LP it/n|mem/heur|mdpt |vars |cons |rows |cuts |sepa|confs|strbr|  dualbound   | primalbound  |  gap   | compl. 
  114s|  7800 |  1021 |815221 | 104.1 |   119M |  64 |1323 |4469 |2803 |  18k|  0 |6810 |  32 | 0.000000e+00 |      --      |    Inf |  31.01%
  115s|  7900 |  1019 |826031 | 104.2 |   119M |  64 |1323 |4493 |2680 |  19k|  0 |6914 |  32 | 0.000000e+00 |      --      |    Inf |  31.01%
  116s|  8000 |  1026 |836852 | 104.2 |   119M |  64 |1323 |4528 |2731 |  19k|  0 |7004 |  32 | 0.000000e+00 |      --      |    Inf |  31.02%
  117s|  8100 |  1020 |847918 | 104.3 |   119M |  64 |1323 |4462 |   0 |  19k|  0 |7106 |  32 | 0.000000e+00 |      --      |    Inf |  31.07%
  119s|  8200 |  1032 |858327 | 104.3 |   120M |  64 |1323 |4378 |2718 |  19k|  1 |7172 |  32 | 0.000000e+00 |      --      |    Inf |  31.07%
  120s|  8300 |  1036 |870001 | 104.4 |   122M |  64 |1323 |4320 |2755 |  20k|  1 |7257 |  32 | 0.000000e+00 |      --      |    Inf |  31.08%
  122s|  8400 |  1041 |883258 | 104.8 |   122M |  64 |1323 |4233 |2735 |  20k|  0 |7346 |  32 | 0.000000e+00 |      --      |    Inf |  31.58%
  123s|  8500 |  1039 |894546 | 104.9 |   122M |  64 |1323 |4236 |2705 |  20k|  2 |7447 |  32 | 0.000000e+00 |      --      |    Inf |  31.59%
  124s|  8600 |  1042 |905068 | 104.9 |   122M |  64 |1323 |4174 |2714 |  21k|  2 |7520 |  32 | 0.000000e+00 |      --      |    Inf |  31.59%
  126s|  8700 |  1044 |916998 | 105.0 |   123M |  64 |1323 |4190 |2780 |  21k|  1 |7643 |  32 | 0.000000e+00 |      --      |    Inf |  31.59%
  127s|  8800 |  1056 |927619 | 105.0 |   123M |  64 |1323 |4202 |2741 |  21k|  1 |7725 |  32 | 0.000000e+00 |      --      |    Inf |  31.78%
  128s|  8900 |  1048 |936750 | 104.9 |   123M |  64 |1323 |4171 |2700 |  21k|  0 |7813 |  32 | 0.000000e+00 |      --      |    Inf |  31.79%
  129s|  9000 |  1053 |945330 | 104.7 |   124M |  64 |1323 |4168 |2832 |  21k|  0 |7918 |  32 | 0.000000e+00 |      --      |    Inf |  31.79%
  130s|  9100 |  1064 |957727 | 104.9 |   124M |  64 |1323 |4145 |2748 |  22k|  1 |7984 |  32 | 0.000000e+00 |      --      |    Inf |  31.79%
  131s|  9200 |  1073 |968365 | 104.9 |   124M |  64 |1323 |4205 |2732 |  22k|  1 |8053 |  32 | 0.000000e+00 |      --      |    Inf |  31.79%
 time | node  | left  |LP iter|LP it/n|mem/heur|mdpt |vars |cons |rows |cuts |sepa|confs|strbr|  dualbound   | primalbound  |  gap   | compl. 
  133s|  9300 |  1085 |981434 | 105.2 |   125M |  64 |1323 |4206 |2829 |  22k|  0 |8157 |  32 | 0.000000e+00 |      --      |    Inf |  31.80%
  135s|  9400 |  1100 |993711 | 105.4 |   126M |  64 |1323 |4240 |2733 |  22k|  2 |8248 |  32 | 0.000000e+00 |      --      |    Inf |  31.80%
  137s|  9500 |  1102 |  1002k| 105.2 |   126M |  64 |1323 |4330 |2739 |  23k|  0 |8379 |  32 | 0.000000e+00 |      --      |    Inf |  31.80%
  138s|  9600 |  1107 |  1012k| 105.1 |   127M |  64 |1323 |4385 |2710 |  23k|  1 |8480 |  32 | 0.000000e+00 |      --      |    Inf |  31.80%
  140s|  9700 |  1121 |  1027k| 105.6 |   127M |  64 |1323 |4383 |2820 |  23k|  2 |8541 |  32 | 0.000000e+00 |      --      |    Inf |  31.80%
  140s|  9800 |  1127 |  1035k| 105.3 |   127M |  64 |1323 |4429 |2814 |  23k|  0 |8607 |  32 | 0.000000e+00 |      --      |    Inf |  31.81%
  142s|  9900 |  1123 |  1049k| 105.7 |   128M |  64 |1323 |4543 |2834 |  24k|  0 |8722 |  32 | 0.000000e+00 |      --      |    Inf |  31.81%
  144s| 10000 |  1118 |  1061k| 105.8 |   129M |  64 |1323 |4628 |2856 |  24k|  0 |8811 |  32 | 0.000000e+00 |      --      |    Inf |  31.81%
  146s| 10100 |  1130 |  1073k| 105.9 |   129M |  64 |1323 |4637 |2750 |  24k|  2 |8926 |  32 | 0.000000e+00 |      --      |    Inf |  31.81%
  147s| 10200 |  1131 |  1083k| 105.9 |   130M |  64 |1323 |4725 |2705 |  24k|  1 |9050 |  32 | 0.000000e+00 |      --      |    Inf |  31.81%
  148s| 10300 |  1139 |  1092k| 105.7 |   130M |  64 |1323 |4751 |2700 |  24k|  1 |9114 |  32 | 0.000000e+00 |      --      |    Inf |  31.81%
  149s| 10400 |  1138 |  1103k| 105.8 |   130M |  64 |1323 |4784 |2709 |  25k|  1 |9178 |  32 | 0.000000e+00 |      --      |    Inf |  31.81%
  150s| 10500 |  1144 |  1110k| 105.5 |   130M |  64 |1323 |4816 |2769 |  25k|  1 |9226 |  32 | 0.000000e+00 |      --      |    Inf |  31.81%
  151s| 10600 |  1143 |  1120k| 105.4 |   131M |  64 |1323 |4876 |2751 |  25k|  0 |9294 |  32 | 0.000000e+00 |      --      |    Inf |  31.81%
  152s| 10700 |  1151 |  1129k| 105.2 |   131M |  64 |1323 |4910 |   0 |  25k|  0 |9353 |  32 | 0.000000e+00 |      --      |    Inf |  31.81%
 time | node  | left  |LP iter|LP it/n|mem/heur|mdpt |vars |cons |rows |cuts |sepa|confs|strbr|  dualbound   | primalbound  |  gap   | compl. 
  154s| 10800 |  1132 |  1140k| 105.3 |   132M |  64 |1323 |4862 |2698 |  25k|  2 |9436 |  32 | 0.000000e+00 |      --      |    Inf |  31.81%
  154s| 10900 |  1127 |  1147k| 105.0 |   132M |  64 |1323 |4850 |2769 |  26k|  0 |9532 |  32 | 0.000000e+00 |      --      |    Inf |  31.81%
  156s| 11000 |  1123 |  1162k| 105.4 |   132M |  64 |1323 |4773 |2704 |  26k|  0 |9623 |  32 | 0.000000e+00 |      --      |    Inf |  31.82%
  158s| 11100 |  1137 |  1177k| 105.8 |   132M |  64 |1323 |4663 |2740 |  26k|  0 |9705 |  32 | 0.000000e+00 |      --      |    Inf |  31.82%
  159s| 11200 |  1141 |  1186k| 105.6 |   132M |  64 |1323 |4653 |2737 |  26k|  0 |9775 |  32 | 0.000000e+00 |      --      |    Inf |  31.82%
  161s| 11300 |  1141 |  1196k| 105.6 |   133M |  64 |1323 |4735 |2826 |  27k|  0 |9899 |  32 | 0.000000e+00 |      --      |    Inf |  31.82%
  163s| 11400 |  1146 |  1211k| 106.0 |   133M |  64 |1323 |4704 |2852 |  27k|  0 |  10k|  32 | 0.000000e+00 |      --      |    Inf |  31.83%
  164s| 11500 |  1155 |  1222k| 106.1 |   133M |  64 |1323 |4628 |2753 |  27k|  2 |  10k|  32 | 0.000000e+00 |      --      |    Inf |  31.83%
  166s| 11600 |  1155 |  1234k| 106.2 |   134M |  64 |1323 |4564 |2729 |  27k|  2 |  10k|  32 | 0.000000e+00 |      --      |    Inf |  31.84%
  167s| 11700 |  1161 |  1248k| 106.4 |   134M |  64 |1323 |4592 |2756 |  28k|  0 |  10k|  32 | 0.000000e+00 |      --      |    Inf |  31.84%
  169s| 11800 |  1170 |  1262k| 106.7 |   134M |  64 |1323 |4546 |2782 |  28k|  2 |  10k|  32 | 0.000000e+00 |      --      |    Inf |  31.84%
  170s| 11900 |  1181 |  1274k| 106.8 |   134M |  64 |1323 |4581 |2757 |  28k|  2 |  10k|  32 | 0.000000e+00 |      --      |    Inf |  31.84%
  171s| 12000 |  1176 |  1286k| 106.9 |   134M |  64 |1323 |4466 |2781 |  29k|  2 |  10k|  32 | 0.000000e+00 |      --      |    Inf |  31.85%
  173s| 12100 |  1188 |  1295k| 106.8 |   134M |  64 |1323 |4531 |2726 |  29k|  0 |  10k|  32 | 0.000000e+00 |      --      |    Inf |  31.85%
  174s| 12200 |  1185 |  1305k| 106.8 |   134M |  64 |1323 |4512 |2720 |  29k|  2 |  10k|  32 | 0.000000e+00 |      --      |    Inf |  31.85%
 time | node  | left  |LP iter|LP it/n|mem/heur|mdpt |vars |cons |rows |cuts |sepa|confs|strbr|  dualbound   | primalbound  |  gap   | compl. 
  175s| 12300 |  1195 |  1316k| 106.7 |   134M |  64 |1323 |4455 |2768 |  29k|  0 |  10k|  32 | 0.000000e+00 |      --      |    Inf |  31.85%
  176s| 12400 |  1192 |  1323k| 106.5 |   134M |  64 |1323 |4538 |2792 |  29k|  2 |  10k|  32 | 0.000000e+00 |      --      |    Inf |  31.85%
  177s| 12500 |  1204 |  1333k| 106.4 |   134M |  64 |1323 |4458 |2770 |  29k|  2 |  11k|  32 | 0.000000e+00 |      --      |    Inf |  31.85%
  179s| 12600 |  1205 |  1347k| 106.7 |   134M |  64 |1323 |4525 |2761 |  30k|  2 |  11k|  32 | 0.000000e+00 |      --      |    Inf |  31.85%
  180s| 12700 |  1203 |  1360k| 106.9 |   134M |  64 |1323 |4594 |2737 |  30k|  1 |  11k|  32 | 0.000000e+00 |      --      |    Inf |  31.85%
  182s| 12800 |  1206 |  1377k| 107.3 |   134M |  64 |1323 |4649 |2731 |  30k|  0 |  11k|  32 | 0.000000e+00 |      --      |    Inf |  31.85%
  183s| 12900 |  1224 |  1391k| 107.6 |   134M |  64 |1323 |4662 |2781 |  30k|  0 |  11k|  32 | 0.000000e+00 |      --      |    Inf |  31.85%
  184s| 13000 |  1218 |  1401k| 107.5 |   134M |  64 |1323 |4768 |2790 |  30k|  1 |  11k|  32 | 0.000000e+00 |      --      |    Inf |  31.85%
  186s| 13100 |  1216 |  1414k| 107.7 |   134M |  64 |1323 |4564 |2817 |  30k|  1 |  11k|  32 | 0.000000e+00 |      --      |    Inf |  32.24%
  187s| 13200 |  1238 |  1426k| 107.8 |   134M |  64 |1323 |4515 |2751 |  31k|  2 |  11k|  32 | 0.000000e+00 |      --      |    Inf |  32.27%
  188s| 13300 |  1227 |  1439k| 108.0 |   134M |  64 |1323 |4453 |   0 |  31k|  0 |  11k|  32 | 0.000000e+00 |      --      |    Inf |  32.27%
  190s| 13400 |  1221 |  1452k| 108.1 |   135M |  64 |1323 |4488 |2704 |  31k|  0 |  11k|  32 | 0.000000e+00 |      --      |    Inf |  32.28%
  191s| 13500 |  1207 |  1466k| 108.4 |   135M |  64 |1323 |4363 |2725 |  31k|  2 |  11k|  32 | 0.000000e+00 |      --      |    Inf |  32.28%
  193s| 13600 |  1213 |  1478k| 108.5 |   135M |  64 |1323 |4320 |2811 |  32k|  1 |  12k|  32 | 0.000000e+00 |      --      |    Inf |  32.28%
  194s| 13700 |  1206 |  1487k| 108.4 |   135M |  64 |1323 |4375 |2790 |  32k|  0 |  12k|  32 | 0.000000e+00 |      --      |    Inf |  32.29%
 time | node  | left  |LP iter|LP it/n|mem/heur|mdpt |vars |cons |rows |cuts |sepa|confs|strbr|  dualbound   | primalbound  |  gap   | compl. 
  195s| 13800 |  1208 |  1499k| 108.4 |   136M |  64 |1323 |4316 |2795 |  32k|  2 |  12k|  32 | 0.000000e+00 |      --      |    Inf |  32.29%
  197s| 13900 |  1215 |  1512k| 108.6 |   136M |  64 |1323 |4333 |2875 |  32k|  2 |  12k|  32 | 0.000000e+00 |      --      |    Inf |  32.29%
  198s| 14000 |  1209 |  1524k| 108.6 |   136M |  64 |1323 |4319 |   0 |  32k|  0 |  12k|  32 | 0.000000e+00 |      --      |    Inf |  32.29%
  199s| 14100 |  1210 |  1537k| 108.8 |   137M |  64 |1323 |4146 |2852 |  32k|  2 |  12k|  32 | 0.000000e+00 |      --      |    Inf |  32.29%
  201s| 14200 |  1203 |  1551k| 109.0 |   137M |  64 |1323 |4035 |2759 |  33k|  1 |  12k|  32 | 0.000000e+00 |      --      |    Inf |  32.31%
  202s| 14300 |  1202 |  1563k| 109.1 |   138M |  64 |1323 |4027 |2726 |  33k|  1 |  12k|  32 | 0.000000e+00 |      --      |    Inf |  32.31%
  204s| 14400 |  1202 |  1575k| 109.2 |   139M |  64 |1323 |4071 |2934 |  33k|  0 |  12k|  32 | 0.000000e+00 |      --      |    Inf |  32.31%
  205s| 14500 |  1210 |  1585k| 109.1 |   141M |  64 |1323 |4169 |2944 |  33k|  3 |  12k|  32 | 0.000000e+00 |      --      |    Inf |  32.31%
  207s| 14600 |  1212 |  1595k| 109.1 |   142M |  64 |1323 |4300 |2961 |  33k|  0 |  13k|  32 | 0.000000e+00 |      --      |    Inf |  32.31%
  208s| 14700 |  1213 |  1608k| 109.2 |   143M |  64 |1323 |4353 |2937 |  33k|  1 |  13k|  32 | 0.000000e+00 |      --      |    Inf |  32.31%
  210s| 14800 |  1206 |  1621k| 109.3 |   145M |  64 |1323 |4378 |2944 |  34k|  1 |  13k|  32 | 0.000000e+00 |      --      |    Inf |  32.31%
  212s| 14900 |  1199 |  1634k| 109.4 |   147M |  64 |1323 |4306 |2665 |  34k|  2 |  13k|  32 | 0.000000e+00 |      --      |    Inf |  32.32%
  213s| 15000 |  1211 |  1646k| 109.6 |   148M |  64 |1323 |4187 |2925 |  34k|  1 |  13k|  32 | 0.000000e+00 |      --      |    Inf |  32.32%
  214s| 15100 |  1215 |  1655k| 109.4 |   150M |  64 |1323 |4266 |   0 |  34k|  0 |  13k|  32 | 0.000000e+00 |      --      |    Inf |  32.32%
  216s| 15200 |  1208 |  1665k| 109.4 |   151M |  64 |1323 |4321 |3033 |  34k|  2 |  13k|  32 | 0.000000e+00 |      --      |    Inf |  32.32%
 time | node  | left  |LP iter|LP it/n|mem/heur|mdpt |vars |cons |rows |cuts |sepa|confs|strbr|  dualbound   | primalbound  |  gap   | compl. 
  217s| 15300 |  1208 |  1674k| 109.2 |   151M |  64 |1323 |4340 |2843 |  34k|  0 |  13k|  32 | 0.000000e+00 |      --      |    Inf |  32.32%
  218s| 15400 |  1204 |  1685k| 109.3 |   151M |  64 |1323 |4222 |2729 |  34k|  1 |  13k|  32 | 0.000000e+00 |      --      |    Inf |  32.32%
  220s| 15500 |  1228 |  1700k| 109.5 |   151M |  64 |1323 |4082 |2906 |  35k|  1 |  13k|  32 | 0.000000e+00 |      --      |    Inf |  32.33%
  222s| 15600 |  1221 |  1719k| 110.0 |   152M |  64 |1323 |4183 |2890 |  35k|  2 |  14k|  32 | 0.000000e+00 |      --      |    Inf |  32.33%
  224s| 15700 |  1216 |  1738k| 110.5 |   152M |  64 |1323 |4261 |2897 |  35k|  0 |  14k|  32 | 0.000000e+00 |      --      |    Inf |  32.33%
  226s| 15800 |  1223 |  1752k| 110.7 |   152M |  64 |1323 |4160 |   0 |  35k|  0 |  14k|  32 | 0.000000e+00 |      --      |    Inf |  32.34%
  227s| 15900 |  1232 |  1763k| 110.7 |   152M |  64 |1323 |4157 |2919 |  35k|  2 |  14k|  32 | 0.000000e+00 |      --      |    Inf |  32.34%
  228s| 16000 |  1231 |  1774k| 110.7 |   152M |  64 |1323 |4036 |2752 |  36k|  1 |  14k|  32 | 0.000000e+00 |      --      |    Inf |  32.34%
  229s| 16100 |  1233 |  1780k| 110.4 |   152M |  64 |1323 |4007 |2747 |  36k|  2 |  14k|  32 | 0.000000e+00 |      --      |    Inf |  32.34%
  231s| 16200 |  1237 |  1795k| 110.6 |   152M |  64 |1323 |3577 |2658 |  36k|  2 |  14k|  32 | 0.000000e+00 |      --      |    Inf |  32.40%
  233s| 16300 |  1252 |  1810k| 110.9 |   152M |  64 |1323 |3370 |2728 |  36k|  0 |  14k|  32 | 0.000000e+00 |      --      |    Inf |  32.40%
  234s| 16400 |  1247 |  1820k| 110.8 |   152M |  64 |1323 |3371 |2787 |  36k|  2 |  14k|  32 | 0.000000e+00 |      --      |    Inf |  32.40%
  235s| 16500 |  1245 |  1827k| 110.5 |   152M |  64 |1323 |3467 |2790 |  37k|  0 |  14k|  32 | 0.000000e+00 |      --      |    Inf |  32.40%
  237s| 16600 |  1235 |  1844k| 110.9 |   152M |  64 |1323 |3412 |2911 |  37k|  1 |  14k|  32 | 0.000000e+00 |      --      |    Inf |  32.40%
  238s| 16700 |  1232 |  1858k| 111.1 |   153M |  64 |1323 |3269 |2816 |  37k|  1 |  15k|  32 | 0.000000e+00 |      --      |    Inf |  32.40%
 time | node  | left  |LP iter|LP it/n|mem/heur|mdpt |vars |cons |rows |cuts |sepa|confs|strbr|  dualbound   | primalbound  |  gap   | compl. 
  239s| 16800 |  1249 |  1871k| 111.2 |   153M |  64 |1323 |3189 |2805 |  37k|  0 |  15k|  32 | 0.000000e+00 |      --      |    Inf |  32.40%
  241s| 16900 |  1243 |  1883k| 111.3 |   153M |  64 |1323 |3279 |2848 |  38k|  2 |  15k|  32 | 0.000000e+00 |      --      |    Inf |  32.40%
  243s| 17000 |  1239 |  1898k| 111.5 |   154M |  64 |1323 |3378 |2769 |  38k|  0 |  15k|  32 | 0.000000e+00 |      --      |    Inf |  32.40%
  244s| 17100 |  1234 |  1910k| 111.6 |   154M |  64 |1323 |3370 |2727 |  38k|  0 |  15k|  32 | 0.000000e+00 |      --      |    Inf |  32.40%
  245s| 17200 |  1240 |  1920k| 111.5 |   154M |  64 |1323 |3257 |   0 |  38k|  0 |  15k|  32 | 0.000000e+00 |      --      |    Inf |  32.40%
  247s| 17300 |  1232 |  1934k| 111.6 |   154M |  64 |1323 |3014 |   0 |  39k|  0 |  15k|  32 | 0.000000e+00 |      --      |    Inf |  32.41%
  248s| 17400 |  1239 |  1947k| 111.7 |   154M |  64 |1323 |2910 |2780 |  39k|  0 |  15k|  32 | 0.000000e+00 |      --      |    Inf |  32.41%
  250s| 17500 |  1248 |  1963k| 112.0 |   154M |  64 |1323 |2920 |2755 |  39k|  1 |  15k|  32 | 0.000000e+00 |      --      |    Inf |  32.41%
  252s| 17600 |  1250 |  1979k| 112.3 |   154M |  64 |1323 |2779 |2717 |  39k|  2 |  15k|  32 | 0.000000e+00 |      --      |    Inf |  32.41%
  254s| 17700 |  1242 |  1994k| 112.5 |   154M |  64 |1323 |2747 |2768 |  40k|  2 |  16k|  32 | 0.000000e+00 |      --      |    Inf |  32.41%
  255s| 17800 |  1258 |  2007k| 112.6 |   154M |  64 |1323 |2828 |2938 |  40k|  2 |  16k|  32 | 0.000000e+00 |      --      |    Inf |  32.41%
  256s| 17900 |  1239 |  2018k| 112.6 |   154M |  64 |1323 |2890 |2731 |  40k|  0 |  16k|  32 | 0.000000e+00 |      --      |    Inf |  32.41%
  258s| 18000 |  1227 |  2035k| 112.9 |   154M |  64 |1323 |2870 |2866 |  40k|  0 |  16k|  32 | 0.000000e+00 |      --      |    Inf |  32.42%
  260s| 18100 |  1226 |  2048k| 113.0 |   155M |  64 |1323 |2948 |2741 |  40k|  2 |  16k|  32 | 0.000000e+00 |      --      |    Inf |  32.42%
  262s| 18200 |  1232 |  2066k| 113.4 |   155M |  64 |1323 |2809 |2691 |  41k|  1 |  16k|  32 | 0.000000e+00 |      --      |    Inf |  32.45%
 time | node  | left  |LP iter|LP it/n|mem/heur|mdpt |vars |cons |rows |cuts |sepa|confs|strbr|  dualbound   | primalbound  |  gap   | compl. 
  263s| 18300 |  1242 |  2084k| 113.7 |   155M |  64 |1323 |2830 |2879 |  41k|  1 |  16k|  32 | 0.000000e+00 |      --      |    Inf |  32.45%
  265s| 18400 |  1236 |  2099k| 113.9 |   155M |  64 |1323 |2859 |2984 |  41k|  0 |  16k|  32 | 0.000000e+00 |      --      |    Inf |  32.45%
  266s| 18500 |  1234 |  2109k| 113.9 |   155M |  64 |1323 |2877 |2691 |  41k|  0 |  16k|  32 | 0.000000e+00 |      --      |    Inf |  32.45%
  268s| 18600 |  1242 |  2125k| 114.1 |   155M |  64 |1323 |2618 |2778 |  42k|  0 |  16k|  32 | 0.000000e+00 |      --      |    Inf |  32.46%
  270s| 18700 |  1242 |  2143k| 114.5 |   155M |  64 |1323 |2562 |2890 |  42k|  0 |  17k|  32 | 0.000000e+00 |      --      |    Inf |  32.46%
  271s| 18800 |  1249 |  2157k| 114.6 |   155M |  64 |1323 |2531 |2835 |  42k|  0 |  17k|  32 | 0.000000e+00 |      --      |    Inf |  32.52%
  273s| 18900 |  1259 |  2173k| 114.8 |   155M |  64 |1323 |2404 |2948 |  43k|  1 |  17k|  32 | 0.000000e+00 |      --      |    Inf |  32.52%
  275s| 19000 |  1235 |  2191k| 115.2 |   155M |  64 |1323 |2350 |2698 |  43k|  0 |  17k|  32 | 0.000000e+00 |      --      |    Inf |  32.54%
  277s| 19100 |  1237 |  2206k| 115.4 |   155M |  64 |1323 |2360 |2823 |  43k|  0 |  17k|  32 | 0.000000e+00 |      --      |    Inf |  32.76%
  278s| 19200 |  1246 |  2217k| 115.3 |   155M |  64 |1323 |2405 |2838 |  43k|  1 |  17k|  32 | 0.000000e+00 |      --      |    Inf |  32.76%
  279s| 19300 |  1257 |  2229k| 115.4 |   157M |  64 |1323 |2471 |3069 |  43k|  2 |  17k|  32 | 0.000000e+00 |      --      |    Inf |  32.76%
  281s| 19400 |  1257 |  2241k| 115.4 |   157M |  67 |1323 |2597 |3106 |  43k|  0 |  17k|  32 | 0.000000e+00 |      --      |    Inf |  32.76%
  282s| 19500 |  1268 |  2255k| 115.5 |   157M |  67 |1323 |2710 |3104 |  43k|  2 |  17k|  32 | 0.000000e+00 |      --      |    Inf |  32.76%
  284s| 19600 |  1264 |  2270k| 115.7 |   158M |  67 |1323 |2740 |3100 |  43k|  0 |  17k|  32 | 0.000000e+00 |      --      |    Inf |  32.76%
  286s| 19700 |  1249 |  2288k| 116.0 |   159M |  67 |1323 |2726 |3046 |  44k|  1 |  18k|  32 | 0.000000e+00 |      --      |    Inf |  32.76%
 time | node  | left  |LP iter|LP it/n|mem/heur|mdpt |vars |cons |rows |cuts |sepa|confs|strbr|  dualbound   | primalbound  |  gap   | compl. 
  287s| 19800 |  1253 |  2298k| 115.9 |   159M |  67 |1323 |2791 |3048 |  44k|  1 |  18k|  32 | 0.000000e+00 |      --      |    Inf |  32.76%
  289s| 19900 |  1262 |  2311k| 116.0 |   159M |  67 |1323 |2878 |3056 |  44k|  0 |  18k|  32 | 0.000000e+00 |      --      |    Inf |  32.76%
  290s| 20000 |  1248 |  2326k| 116.2 |   159M |  67 |1323 |2907 |2668 |  44k|  2 |  18k|  32 | 0.000000e+00 |      --      |    Inf |  32.76%
  292s| 20100 |  1289 |  2340k| 116.3 |   159M |  67 |1323 |2854 |2783 |  44k|  1 |  18k|  32 | 0.000000e+00 |      --      |    Inf |  32.76%
  294s| 20200 |  1284 |  2356k| 116.5 |   159M |  67 |1323 |2884 |2853 |  44k|  2 |  18k|  32 | 0.000000e+00 |      --      |    Inf |  32.76%
  296s| 20300 |  1295 |  2365k| 116.4 |   162M |  67 |1323 |2902 |2903 |  45k|  0 |  18k|  32 | 0.000000e+00 |      --      |    Inf |  32.76%
  298s| 20400 |  1301 |  2376k| 116.3 |   165M |  67 |1323 |2958 |3039 |  45k|  1 |  18k|  32 | 0.000000e+00 |      --      |    Inf |  32.76%
  299s| 20500 |  1301 |  2387k| 116.3 |   165M |  67 |1323 |2886 |2865 |  45k|  0 |  18k|  32 | 0.000000e+00 |      --      |    Inf |  32.76%
  301s| 20600 |  1299 |  2398k| 116.3 |   165M |  67 |1323 |2730 |2702 |  45k|  1 |  18k|  32 | 0.000000e+00 |      --      |    Inf |  32.77%
  302s| 20700 |  1311 |  2409k| 116.3 |   165M |  67 |1323 |2675 |2924 |  45k|  1 |  19k|  32 | 0.000000e+00 |      --      |    Inf |  36.00%
  303s| 20800 |  1320 |  2418k| 116.1 |   165M |  67 |1323 |2729 |2952 |  45k|  0 |  19k|  32 | 0.000000e+00 |      --      |    Inf |  36.00%
  304s| 20900 |  1318 |  2428k| 116.0 |   166M |  67 |1323 |2810 |2992 |  46k|  2 |  19k|  32 | 0.000000e+00 |      --      |    Inf |  36.01%
  305s| 21000 |  1314 |  2437k| 115.9 |   166M |  67 |1323 |2892 |2964 |  46k|  0 |  19k|  32 | 0.000000e+00 |      --      |    Inf |  36.01%
  306s| 21100 |  1317 |  2445k| 115.8 |   166M |  67 |1323 |2918 |3005 |  46k|  0 |  19k|  32 | 0.000000e+00 |      --      |    Inf |  36.01%
  307s| 21200 |  1310 |  2455k| 115.7 |   167M |  67 |1323 |2904 |2889 |  46k|  2 |  19k|  32 | 0.000000e+00 |      --      |    Inf |  36.05%
 time | node  | left  |LP iter|LP it/n|mem/heur|mdpt |vars |cons |rows |cuts |sepa|confs|strbr|  dualbound   | primalbound  |  gap   | compl. 
  308s| 21300 |  1325 |  2466k| 115.6 |   167M |  67 |1323 |2937 |2947 |  46k|  0 |  19k|  32 | 0.000000e+00 |      --      |    Inf |  36.09%
  309s| 21400 |  1328 |  2479k| 115.7 |   168M |  67 |1323 |3028 |3018 |  46k|  2 |  19k|  32 | 0.000000e+00 |      --      |    Inf |  36.09%
  310s| 21500 |  1331 |  2490k| 115.7 |   168M |  67 |1323 |3129 |3028 |  46k|  0 |  19k|  32 | 0.000000e+00 |      --      |    Inf |  36.09%
  311s| 21600 |  1331 |  2501k| 115.7 |   168M |  67 |1323 |3228 |2972 |  46k|  2 |  19k|  32 | 0.000000e+00 |      --      |    Inf |  36.09%
  313s| 21700 |  1331 |  2514k| 115.7 |   170M |  67 |1323 |3329 |2966 |  47k|  2 |  19k|  32 | 0.000000e+00 |      --      |    Inf |  36.09%
  314s| 21800 |  1326 |  2526k| 115.7 |   170M |  67 |1323 |3445 |2972 |  47k|  0 |  20k|  32 | 0.000000e+00 |      --      |    Inf |  36.09%
  315s| 21900 |  1318 |  2538k| 115.8 |   170M |  67 |1323 |3546 |3028 |  47k|  2 |  20k|  32 | 0.000000e+00 |      --      |    Inf |  36.09%
  316s| 22000 |  1329 |  2553k| 115.9 |   170M |  67 |1323 |3648 |2941 |  47k|  2 |  20k|  32 | 0.000000e+00 |      --      |    Inf |  36.09%
  318s| 22100 |  1328 |  2572k| 116.2 |   170M |  67 |1323 |3684 |3018 |  47k|  0 |  20k|  32 | 0.000000e+00 |      --      |    Inf |  36.09%
  319s| 22200 |  1334 |  2586k| 116.3 |   170M |  67 |1323 |3695 |3023 |  47k|  1 |  20k|  32 | 0.000000e+00 |      --      |    Inf |  36.09%
  321s| 22300 |  1330 |  2604k| 116.7 |   170M |  67 |1323 |3717 |3048 |  47k|  1 |  20k|  32 | 0.000000e+00 |      --      |    Inf |  36.09%
  322s| 22400 |  1326 |  2617k| 116.7 |   170M |  67 |1323 |3804 |3058 |  47k|  2 |  20k|  32 | 0.000000e+00 |      --      |    Inf |  36.09%
  324s| 22500 |  1322 |  2635k| 117.0 |   170M |  67 |1323 |3901 |2991 |  47k|  1 |  21k|  32 | 0.000000e+00 |      --      |    Inf |  36.09%
  326s| 22600 |  1320 |  2661k| 117.6 |   170M |  67 |1323 |4011 |3033 |  47k|  1 |  21k|  32 | 0.000000e+00 |      --      |    Inf |  36.09%
  329s| 22700 |  1320 |  2685k| 118.2 |   171M |  67 |1323 |4126 |3014 |  47k|  0 |  21k|  32 | 0.000000e+00 |      --      |    Inf |  36.09%
 time | node  | left  |LP iter|LP it/n|mem/heur|mdpt |vars |cons |rows |cuts |sepa|confs|strbr|  dualbound   | primalbound  |  gap   | compl. 
  330s| 22800 |  1342 |  2699k| 118.2 |   171M |  67 |1323 |4065 |3034 |  47k|  2 |  21k|  32 | 0.000000e+00 |      --      |    Inf |  36.09%
  331s| 22900 |  1364 |  2706k| 118.0 |   171M |  67 |1323 |4028 |3051 |  48k|  0 |  21k|  32 | 0.000000e+00 |      --      |    Inf |  36.09%
  332s| 23000 |  1370 |  2714k| 117.9 |   171M |  67 |1323 |4074 |   0 |  48k|  0 |  21k|  32 | 0.000000e+00 |      --      |    Inf |  36.09%
  333s| 23100 |  1373 |  2723k| 117.7 |   171M |  67 |1323 |4135 |3041 |  48k|  1 |  21k|  32 | 0.000000e+00 |      --      |    Inf |  36.09%
  334s| 23200 |  1369 |  2731k| 117.6 |   171M |  67 |1323 |4225 |3041 |  48k|  0 |  21k|  32 | 0.000000e+00 |      --      |    Inf |  36.09%
  334s| 23300 |  1365 |  2740k| 117.5 |   171M |  67 |1323 |4256 |3079 |  48k|  0 |  21k|  32 | 0.000000e+00 |      --      |    Inf |  36.09%
  336s| 23400 |  1362 |  2751k| 117.5 |   171M |  67 |1323 |4126 |3046 |  48k|  2 |  22k|  32 | 0.000000e+00 |      --      |    Inf |  36.09%
  337s| 23500 |  1363 |  2767k| 117.6 |   171M |  67 |1323 |4172 |3055 |  48k|  2 |  22k|  32 | 0.000000e+00 |      --      |    Inf |  36.09%
  338s| 23600 |  1375 |  2775k| 117.5 |   171M |  67 |1323 |4179 |3033 |  48k|  2 |  22k|  32 | 0.000000e+00 |      --      |    Inf |  36.09%
  339s| 23700 |  1385 |  2781k| 117.2 |   171M |  67 |1323 |4209 |3023 |  49k|  1 |  22k|  32 | 0.000000e+00 |      --      |    Inf |  36.09%
  340s| 23800 |  1401 |  2790k| 117.1 |   173M |  67 |1323 |4234 |   0 |  49k|  0 |  22k|  32 | 0.000000e+00 |      --      |    Inf |  36.09%
  341s| 23900 |  1405 |  2798k| 116.9 |   173M |  67 |1323 |4279 |3030 |  49k|  2 |  22k|  32 | 0.000000e+00 |      --      |    Inf |  36.09%
  342s| 24000 |  1387 |  2804k| 116.7 |   173M |  67 |1323 |4296 |3076 |  49k|  1 |  22k|  32 | 0.000000e+00 |      --      |    Inf |  36.09%
  343s| 24100 |  1385 |  2815k| 116.7 |   173M |  67 |1323 |4177 |2924 |  49k|  2 |  22k|  32 | 0.000000e+00 |      --      |    Inf |  36.09%
  346s| 24200 |  1413 |  2830k| 116.8 |   173M |  67 |1323 |4106 |2959 |  49k|  0 |  22k|  32 | 0.000000e+00 |      --      |    Inf |  36.09%
 time | node  | left  |LP iter|LP it/n|mem/heur|mdpt |vars |cons |rows |cuts |sepa|confs|strbr|  dualbound   | primalbound  |  gap   | compl. 
  349s| 24300 |  1401 |  2842k| 116.9 |   173M |  67 |1323 |3996 |3031 |  49k|  2 |  22k|  32 | 0.000000e+00 |      --      |    Inf |  36.09%
  353s| 24400 |  1395 |  2860k| 117.1 |   173M |  67 |1323 |3994 |   0 |  50k|  0 |  23k|  32 | 0.000000e+00 |      --      |    Inf |  36.09%
  356s| 24500 |  1400 |  2877k| 117.3 |   173M |  67 |1323 |4010 |2997 |  50k|  2 |  23k|  32 | 0.000000e+00 |      --      |    Inf |  36.09%
  360s| 24600 |  1398 |  2892k| 117.4 |   173M |  67 |1323 |3990 |3136 |  50k|  0 |  23k|  32 | 0.000000e+00 |      --      |    Inf |  36.09%
  362s| 24700 |  1376 |  2901k| 117.4 |   173M |  67 |1323 |3404 |3002 |  50k|  2 |  23k|  32 | 0.000000e+00 |      --      |    Inf |  36.10%
  364s| 24800 |  1372 |  2911k| 117.3 |   173M |  67 |1323 |3287 |3099 |  50k|  2 |  23k|  32 | 0.000000e+00 |      --      |    Inf |  36.10%
  366s| 24900 |  1359 |  2922k| 117.2 |   173M |  67 |1323 |3360 |3092 |  50k|  2 |  23k|  32 | 0.000000e+00 |      --      |    Inf |  36.10%
  368s| 25000 |  1359 |  2933k| 117.2 |   173M |  67 |1323 |3375 |3144 |  51k|  0 |  23k|  32 | 0.000000e+00 |      --      |    Inf |  36.10%
  371s| 25100 |  1354 |  2946k| 117.3 |   173M |  67 |1323 |3338 |3077 |  51k|  1 |  23k|  32 | 0.000000e+00 |      --      |    Inf |  36.10%
  373s| 25200 |  1362 |  2957k| 117.2 |   173M |  67 |1323 |3338 |3138 |  51k|  1 |  23k|  32 | 0.000000e+00 |      --      |    Inf |  36.11%
  376s| 25300 |  1362 |  2967k| 117.2 |   173M |  67 |1323 |3384 |3149 |  51k|  1 |  23k|  32 | 0.000000e+00 |      --      |    Inf |  36.11%
  378s| 25400 |  1341 |  2979k| 117.2 |   173M |  67 |1323 |3401 |3114 |  51k|  0 |  24k|  32 | 0.000000e+00 |      --      |    Inf |  36.12%
  380s| 25500 |  1364 |  2986k| 117.0 |   173M |  67 |1323 |3406 |   0 |  51k|  0 |  24k|  32 | 0.000000e+00 |      --      |    Inf |  36.13%
  382s| 25600 |  1347 |  2992k| 116.8 |   173M |  67 |1323 |3434 |3109 |  51k|  1 |  24k|  32 | 0.000000e+00 |      --      |    Inf |  36.13%
  384s| 25700 |  1343 |  3001k| 116.7 |   173M |  67 |1323 |3385 |2889 |  51k|  2 |  24k|  32 | 0.000000e+00 |      --      |    Inf |  36.14%
 time | node  | left  |LP iter|LP it/n|mem/heur|mdpt |vars |cons |rows |cuts |sepa|confs|strbr|  dualbound   | primalbound  |  gap   | compl. 
  387s| 25800 |  1375 |  3013k| 116.7 |   173M |  67 |1323 |3327 |2976 |  52k|  0 |  24k|  32 | 0.000000e+00 |      --      |    Inf |  36.15%
  390s| 25900 |  1392 |  3025k| 116.7 |   174M |  67 |1323 |3391 |2998 |  52k|  0 |  24k|  32 | 0.000000e+00 |      --      |    Inf |  36.15%
  394s| 26000 |  1394 |  3038k| 116.8 |   175M |  67 |1323 |3488 |3013 |  52k|  1 |  24k|  32 | 0.000000e+00 |      --      |    Inf |  36.15%
  398s| 26100 |  1396 |  3052k| 116.8 |   177M |  67 |1323 |3569 |3012 |  52k|  0 |  24k|  32 | 0.000000e+00 |      --      |    Inf |  36.15%
  401s| 26200 |  1390 |  3064k| 116.9 |   178M |  67 |1323 |3735 |3024 |  52k|  0 |  24k|  32 | 0.000000e+00 |      --      |    Inf |  36.15%
  404s| 26300 |  1385 |  3078k| 116.9 |   178M |  67 |1323 |3818 |3034 |  52k|  2 |  24k|  32 | 0.000000e+00 |      --      |    Inf |  36.15%
  408s| 26400 |  1381 |  3095k| 117.1 |   180M |  67 |1323 |3904 |3007 |  52k|  0 |  24k|  32 | 0.000000e+00 |      --      |    Inf |  36.15%
  412s| 26500 |  1384 |  3110k| 117.3 |   180M |  67 |1323 |4046 |3008 |  52k|  2 |  25k|  32 | 0.000000e+00 |      --      |    Inf |  36.15%
  414s| 26600 |  1385 |  3121k| 117.2 |   180M |  67 |1323 |4113 |3002 |  52k|  1 |  25k|  32 | 0.000000e+00 |      --      |    Inf |  36.15%
  417s| 26700 |  1405 |  3136k| 117.3 |   180M |  67 |1323 |4145 |3074 |  53k|  2 |  25k|  32 | 0.000000e+00 |      --      |    Inf |  36.15%
  420s| 26800 |  1401 |  3150k| 117.4 |   180M |  67 |1323 |4151 |3072 |  53k|  2 |  25k|  32 | 0.000000e+00 |      --      |    Inf |  36.15%
  423s| 26900 |  1389 |  3165k| 117.6 |   182M |  67 |1323 |4163 |3078 |  53k|  0 |  25k|  32 | 0.000000e+00 |      --      |    Inf |  36.15%
  427s| 27000 |  1389 |  3181k| 117.7 |   183M |  67 |1323 |4241 |3088 |  53k|  0 |  25k|  32 | 0.000000e+00 |      --      |    Inf |  36.15%
  432s| 27100 |  1397 |  3201k| 118.0 |   184M |  67 |1323 |4260 |3079 |  53k|  0 |  25k|  32 | 0.000000e+00 |      --      |    Inf |  36.15%
  436s| 27200 |  1403 |  3219k| 118.3 |   186M |  67 |1323 |4311 |3042 |  53k|  0 |  25k|  32 | 0.000000e+00 |      --      |    Inf |  36.15%
 time | node  | left  |LP iter|LP it/n|mem/heur|mdpt |vars |cons |rows |cuts |sepa|confs|strbr|  dualbound   | primalbound  |  gap   | compl. 
  440s| 27300 |  1403 |  3237k| 118.5 |   186M |  67 |1323 |4353 |3051 |  53k|  0 |  25k|  32 | 0.000000e+00 |      --      |    Inf |  36.15%
  446s| 27400 |  1393 |  3256k| 118.7 |   189M |  67 |1323 |4390 |3112 |  54k|  0 |  25k|  32 | 0.000000e+00 |      --      |    Inf |  36.15%
  451s| 27500 |  1397 |  3273k| 118.9 |   189M |  67 |1323 |4437 |3101 |  54k|  2 |  25k|  32 | 0.000000e+00 |      --      |    Inf |  36.15%
  456s| 27600 |  1399 |  3289k| 119.1 |   192M |  67 |1323 |4453 |3140 |  54k|  2 |  25k|  32 | 0.000000e+00 |      --      |    Inf |  36.15%
  460s| 27700 |  1401 |  3305k| 119.2 |   193M |  67 |1323 |4462 |3110 |  54k|  1 |  25k|  32 | 0.000000e+00 |      --      |    Inf |  36.15%
  466s| 27800 |  1405 |  3322k| 119.4 |   196M |  67 |1323 |4487 |3132 |  54k|  2 |  25k|  32 | 0.000000e+00 |      --      |    Inf |  36.15%
  471s| 27900 |  1396 |  3341k| 119.7 |   198M |  67 |1323 |4549 |3197 |  55k|  0 |  25k|  32 | 0.000000e+00 |      --      |    Inf |  36.15%
  477s| 28000 |  1396 |  3364k| 120.1 |   199M |  67 |1323 |4614 |3110 |  55k|  2 |  25k|  32 | 0.000000e+00 |      --      |    Inf |  36.15%
  482s| 28100 |  1405 |  3382k| 120.3 |   201M |  67 |1323 |4632 |3084 |  55k|  2 |  26k|  32 | 0.000000e+00 |      --      |    Inf |  36.15%
  486s| 28200 |  1399 |  3398k| 120.4 |   201M |  67 |1323 |4700 |3084 |  55k|  0 |  26k|  32 | 0.000000e+00 |      --      |    Inf |  36.15%
  490s| 28300 |  1408 |  3413k| 120.5 |   203M |  67 |1323 |4642 |3152 |  56k|  2 |  26k|  32 | 0.000000e+00 |      --      |    Inf |  36.15%
  494s| 28400 |  1393 |  3428k| 120.6 |   205M |  67 |1323 |4672 |3206 |  56k|  0 |  26k|  32 | 0.000000e+00 |      --      |    Inf |  36.15%
  496s| 28500 |  1398 |  3437k| 120.5 |   205M |  67 |1323 |4610 |3057 |  56k|  0 |  26k|  32 | 0.000000e+00 |      --      |    Inf |  36.15%
  498s| 28600 |  1408 |  3445k| 120.4 |   205M |  67 |1323 |4635 |3017 |  56k|  2 |  26k|  32 | 0.000000e+00 |      --      |    Inf |  36.15%
  501s| 28700 |  1412 |  3457k| 120.4 |   205M |  67 |1323 |4605 |3112 |  56k|  0 |  26k|  32 | 0.000000e+00 |      --      |    Inf |  36.15%
 time | node  | left  |LP iter|LP it/n|mem/heur|mdpt |vars |cons |rows |cuts |sepa|confs|strbr|  dualbound   | primalbound  |  gap   | compl. 
  506s| 28800 |  1424 |  3476k| 120.6 |   205M |  67 |1323 |4578 |3123 |  57k|  0 |  26k|  32 | 0.000000e+00 |      --      |    Inf |  36.15%
  511s| 28900 |  1424 |  3498k| 120.9 |   207M |  67 |1323 |4629 |3077 |  57k|  1 |  26k|  32 | 0.000000e+00 |      --      |    Inf |  36.15%
  515s| 29000 |  1436 |  3516k| 121.2 |   208M |  67 |1323 |4703 |3081 |  57k|  2 |  27k|  32 | 0.000000e+00 |      --      |    Inf |  36.15%
  521s| 29100 |  1439 |  3538k| 121.5 |   209M |  67 |1323 |4985 |3160 |  57k|  1 |  27k|  32 | 0.000000e+00 |      --      |    Inf |  36.15%
  525s| 29200 |  1435 |  3556k| 121.7 |   209M |  67 |1323 |5319 |3166 |  57k|  1 |  27k|  32 | 0.000000e+00 |      --      |    Inf |  36.15%
  530s| 29300 |  1430 |  3577k| 122.0 |   209M |  67 |1323 |5616 |3078 |  58k|  0 |  27k|  32 | 0.000000e+00 |      --      |    Inf |  36.15%
  534s| 29400 |  1434 |  3595k| 122.2 |   210M |  67 |1323 |5738 |3088 |  58k|  0 |  28k|  32 | 0.000000e+00 |      --      |    Inf |  36.15%
  538s| 29500 |  1424 |  3611k| 122.3 |   210M |  67 |1323 |5895 |3094 |  58k|  0 |  28k|  32 | 0.000000e+00 |      --      |    Inf |  36.15%
  543s| 29600 |  1457 |  3628k| 122.5 |   211M |  67 |1323 |5987 |3097 |  58k|  2 |  28k|  32 | 0.000000e+00 |      --      |    Inf |  36.15%
  548s| 29700 |  1443 |  3645k| 122.7 |   212M |  67 |1323 |6175 |3081 |  58k|  0 |  28k|  32 | 0.000000e+00 |      --      |    Inf |  36.15%
  552s| 29800 |  1437 |  3665k| 122.9 |   213M |  67 |1323 |6326 |3115 |  58k|  0 |  28k|  32 | 0.000000e+00 |      --      |    Inf |  36.15%
  555s| 29900 |  1434 |  3687k| 123.2 |   213M |  67 |1323 |6572 |3125 |  58k|  0 |  29k|  32 | 0.000000e+00 |      --      |    Inf |  36.15%
  558s| 30000 |  1424 |  3707k| 123.5 |   213M |  67 |1323 |6722 |3091 |  59k|  0 |  29k|  32 | 0.000000e+00 |      --      |    Inf |  36.15%
  560s| 30100 |  1428 |  3731k| 123.9 |   214M |  67 |1323 |6800 |3102 |  59k|  2 |  29k|  32 | 0.000000e+00 |      --      |    Inf |  36.15%
  564s| 30200 |  1419 |  3758k| 124.4 |   214M |  67 |1323 |6813 |3021 |  59k|  2 |  29k|  32 | 0.000000e+00 |      --      |    Inf |  36.15%
 time | node  | left  |LP iter|LP it/n|mem/heur|mdpt |vars |cons |rows |cuts |sepa|confs|strbr|  dualbound   | primalbound  |  gap   | compl. 
  566s| 30300 |  1427 |  3777k| 124.6 |   214M |  67 |1323 |6555 |3047 |  59k|  1 |  30k|  32 | 0.000000e+00 |      --      |    Inf |  36.15%
  568s| 30400 |  1429 |  3791k| 124.6 |   214M |  67 |1323 |6698 |3054 |  60k|  2 |  30k|  32 | 0.000000e+00 |      --      |    Inf |  36.15%
  569s| 30500 |  1417 |  3807k| 124.7 |   214M |  67 |1323 |6695 |3115 |  60k|  2 |  30k|  32 | 0.000000e+00 |      --      |    Inf |  36.15%
  571s| 30600 |  1421 |  3828k| 125.0 |   214M |  67 |1323 |6335 |3035 |  60k|  0 |  30k|  32 | 0.000000e+00 |      --      |    Inf |  36.15%
  573s| 30700 |  1419 |  3848k| 125.2 |   214M |  67 |1323 |6254 |3039 |  60k|  1 |  30k|  32 | 0.000000e+00 |      --      |    Inf |  36.15%
  574s| 30800 |  1426 |  3862k| 125.3 |   214M |  67 |1323 |5706 |3086 |  61k|  0 |  30k|  32 | 0.000000e+00 |      --      |    Inf |  36.15%
  577s| 30900 |  1421 |  3884k| 125.6 |   214M |  67 |1323 |5424 |3070 |  61k|  0 |  31k|  32 | 0.000000e+00 |      --      |    Inf |  36.15%
  578s| 31000 |  1419 |  3899k| 125.7 |   214M |  67 |1323 |5416 |3004 |  61k|  1 |  31k|  32 | 0.000000e+00 |      --      |    Inf |  36.15%
  580s| 31100 |  1428 |  3911k| 125.7 |   215M |  67 |1323 |5432 |3069 |  61k|  0 |  31k|  32 | 0.000000e+00 |      --      |    Inf |  36.15%
  581s| 31200 |  1428 |  3926k| 125.7 |   215M |  67 |1323 |5587 |3037 |  62k|  0 |  31k|  32 | 0.000000e+00 |      --      |    Inf |  36.15%
  583s| 31300 |  1434 |  3939k| 125.8 |   215M |  67 |1323 |5804 |3100 |  62k|  2 |  31k|  32 | 0.000000e+00 |      --      |    Inf |  36.15%
  585s| 31400 |  1438 |  3954k| 125.8 |   215M |  67 |1323 |6047 |3066 |  62k|  1 |  31k|  32 | 0.000000e+00 |      --      |    Inf |  36.15%
  587s| 31500 |  1428 |  3971k| 126.0 |   215M |  67 |1323 |6187 |3119 |  62k|  2 |  31k|  32 | 0.000000e+00 |      --      |    Inf |  36.15%
  588s| 31600 |  1428 |  3987k| 126.1 |   215M |  67 |1323 |6290 |3053 |  62k|  0 |  32k|  32 | 0.000000e+00 |      --      |    Inf |  36.15%
  591s| 31700 |  1419 |  4005k| 126.2 |   215M |  67 |1323 |6319 |3054 |  63k|  2 |  32k|  32 | 0.000000e+00 |      --      |    Inf |  36.15%
 time | node  | left  |LP iter|LP it/n|mem/heur|mdpt |vars |cons |rows |cuts |sepa|confs|strbr|  dualbound   | primalbound  |  gap   | compl. 
  592s| 31800 |  1425 |  4020k| 126.3 |   215M |  67 |1323 |6349 |3071 |  63k|  0 |  32k|  32 | 0.000000e+00 |      --      |    Inf |  36.15%
  594s| 31900 |  1417 |  4035k| 126.4 |   215M |  67 |1323 |6394 |3037 |  63k|  0 |  32k|  32 | 0.000000e+00 |      --      |    Inf |  36.15%
  596s| 32000 |  1423 |  4052k| 126.5 |   215M |  67 |1323 |6366 |3215 |  63k|  1 |  32k|  32 | 0.000000e+00 |      --      |    Inf |  36.15%
  597s| 32100 |  1412 |  4071k| 126.7 |   215M |  67 |1323 |6275 |3027 |  63k|  2 |  32k|  32 | 0.000000e+00 |      --      |    Inf |  36.15%
  599s| 32200 |  1426 |  4091k| 127.0 |   216M |  67 |1323 |6234 |3177 |  63k|  0 |  32k|  32 | 0.000000e+00 |      --      |    Inf |  36.15%
  602s| 32300 |  1417 |  4117k| 127.4 |   218M |  67 |1323 |6332 |3201 |  64k|  0 |  33k|  32 | 0.000000e+00 |      --      |    Inf |  36.15%
  604s| 32400 |  1425 |  4138k| 127.6 |   219M |  67 |1323 |6489 |3192 |  64k|  0 |  33k|  32 | 0.000000e+00 |      --      |    Inf |  36.15%
  607s| 32500 |  1429 |  4160k| 127.9 |   220M |  67 |1323 |6603 |3167 |  64k|  1 |  33k|  32 | 0.000000e+00 |      --      |    Inf |  36.15%
  609s| 32600 |  1425 |  4176k| 128.0 |   221M |  67 |1323 |6792 |3140 |  64k|  0 |  33k|  32 | 0.000000e+00 |      --      |    Inf |  36.15%
  611s| 32700 |  1423 |  4195k| 128.2 |   222M |  67 |1323 |6866 |3119 |  65k|  2 |  33k|  32 | 0.000000e+00 |      --      |    Inf |  36.15%
  613s| 32800 |  1423 |  4215k| 128.4 |   223M |  67 |1323 |6950 |3133 |  65k|  2 |  33k|  32 | 0.000000e+00 |      --      |    Inf |  36.15%
  615s| 32900 |  1425 |  4232k| 128.6 |   224M |  67 |1323 |6961 |3187 |  65k|  2 |  34k|  32 | 0.000000e+00 |      --      |    Inf |  36.15%
  618s| 33000 |  1430 |  4250k| 128.7 |   224M |  67 |1323 |6307 |2962 |  65k|  2 |  34k|  32 | 0.000000e+00 |      --      |    Inf |  36.15%
  619s| 33100 |  1455 |  4268k| 128.9 |   224M |  67 |1323 |5585 |2972 |  65k|  2 |  34k|  32 | 0.000000e+00 |      --      |    Inf |  36.15%
  622s| 33200 |  1469 |  4285k| 129.0 |   224M |  67 |1323 |5582 |2994 |  66k|  2 |  34k|  32 | 0.000000e+00 |      --      |    Inf |  36.15%
 time | node  | left  |LP iter|LP it/n|mem/heur|mdpt |vars |cons |rows |cuts |sepa|confs|strbr|  dualbound   | primalbound  |  gap   | compl. 
  624s| 33300 |  1481 |  4304k| 129.2 |   225M |  67 |1323 |5663 |3063 |  66k|  0 |  34k|  32 | 0.000000e+00 |      --      |    Inf |  36.15%
  625s| 33400 |  1471 |  4318k| 129.2 |   225M |  67 |1323 |5711 |   0 |  67k|  0 |  34k|  32 | 0.000000e+00 |      --      |    Inf |  36.15%
  627s| 33500 |  1476 |  4334k| 129.3 |   226M |  67 |1323 |5794 |   0 |  67k|  0 |  34k|  32 | 0.000000e+00 |      --      |    Inf |  36.15%
  628s| 33600 |  1481 |  4347k| 129.3 |   226M |  67 |1323 |5730 |3023 |  67k|  2 |  34k|  32 | 0.000000e+00 |      --      |    Inf |  36.15%
  630s| 33700 |  1497 |  4362k| 129.3 |   226M |  67 |1323 |5735 |3119 |  67k|  0 |  34k|  32 | 0.000000e+00 |      --      |    Inf |  36.15%
  632s| 33800 |  1501 |  4381k| 129.5 |   226M |  67 |1323 |5560 |   0 |  68k|  0 |  34k|  32 | 0.000000e+00 |      --      |    Inf |  36.15%
  634s| 33900 |  1526 |  4396k| 129.6 |   227M |  67 |1323 |5531 |3006 |  68k|  2 |  34k|  32 | 0.000000e+00 |      --      |    Inf |  36.15%
  636s| 34000 |  1536 |  4411k| 129.7 |   227M |  67 |1323 |4873 |2990 |  68k|  2 |  35k|  32 | 0.000000e+00 |      --      |    Inf |  36.15%
  637s| 34100 |  1559 |  4421k| 129.6 |   227M |  67 |1323 |4891 |3055 |  68k|  1 |  35k|  32 | 0.000000e+00 |      --      |    Inf |  36.15%
  639s| 34200 |  1550 |  4437k| 129.7 |   227M |  67 |1323 |4747 |3038 |  69k|  1 |  35k|  32 | 0.000000e+00 |      --      |    Inf |  36.15%
  640s| 34300 |  1539 |  4450k| 129.7 |   227M |  67 |1323 |4655 |3008 |  69k|  0 |  35k|  32 | 0.000000e+00 |      --      |    Inf |  36.15%
  641s| 34400 |  1528 |  4466k| 129.8 |   227M |  67 |1323 |4423 |3037 |  69k|  0 |  35k|  32 | 0.000000e+00 |      --      |    Inf |  36.15%
  643s| 34500 |  1529 |  4487k| 130.0 |   227M |  67 |1323 |4311 |2982 |  69k|  2 |  35k|  32 | 0.000000e+00 |      --      |    Inf |  36.15%
  645s| 34600 |  1529 |  4503k| 130.1 |   227M |  67 |1323 |4337 |3125 |  69k|  2 |  35k|  32 | 0.000000e+00 |      --      |    Inf |  36.15%
  647s| 34700 |  1533 |  4513k| 130.0 |   227M |  67 |1323 |4513 |3145 |  70k|  2 |  35k|  32 | 0.000000e+00 |      --      |    Inf |  36.15%
 time | node  | left  |LP iter|LP it/n|mem/heur|mdpt |vars |cons |rows |cuts |sepa|confs|strbr|  dualbound   | primalbound  |  gap   | compl. 
  648s| 34800 |  1528 |  4522k| 129.9 |   227M |  67 |1323 |4731 |3133 |  70k|  0 |  36k|  32 | 0.000000e+00 |      --      |    Inf |  36.15%
  650s| 34900 |  1536 |  4533k| 129.8 |   227M |  67 |1323 |4807 |3148 |  70k|  2 |  36k|  32 | 0.000000e+00 |      --      |    Inf |  36.15%
  651s| 35000 |  1529 |  4542k| 129.7 |   227M |  67 |1323 |4999 |3141 |  70k|  0 |  36k|  32 | 0.000000e+00 |      --      |    Inf |  36.15%
  652s| 35100 |  1527 |  4551k| 129.6 |   227M |  67 |1323 |5197 |3163 |  70k|  0 |  36k|  32 | 0.000000e+00 |      --      |    Inf |  36.15%
  654s| 35200 |  1527 |  4564k| 129.6 |   228M |  67 |1323 |5196 |3022 |  70k|  1 |  36k|  32 | 0.000000e+00 |      --      |    Inf |  36.15%
  656s| 35300 |  1520 |  4582k| 129.7 |   228M |  67 |1323 |4907 |3026 |  71k|  2 |  36k|  32 | 0.000000e+00 |      --      |    Inf |  36.15%
  658s| 35400 |  1516 |  4599k| 129.8 |   228M |  67 |1323 |4409 |3113 |  71k|  0 |  37k|  32 | 0.000000e+00 |      --      |    Inf |  36.15%
  659s| 35500 |  1503 |  4609k| 129.8 |   228M |  67 |1323 |4275 |3095 |  71k|  0 |  37k|  32 | 0.000000e+00 |      --      |    Inf |  36.15%
  661s| 35600 |  1509 |  4625k| 129.8 |   228M |  67 |1323 |4224 |3168 |  71k|  0 |  37k|  32 | 0.000000e+00 |      --      |    Inf |  36.15%
  662s| 35700 |  1517 |  4636k| 129.8 |   230M |  67 |1323 |4273 |3248 |  72k|  2 |  37k|  32 | 0.000000e+00 |      --      |    Inf |  36.15%
  664s| 35800 |  1514 |  4653k| 129.9 |   230M |  67 |1323 |4314 |3190 |  72k|  0 |  37k|  32 | 0.000000e+00 |      --      |    Inf |  36.15%
  666s| 35900 |  1513 |  4667k| 129.9 |   230M |  67 |1323 |4353 |3192 |  72k|  2 |  37k|  32 | 0.000000e+00 |      --      |    Inf |  36.15%
  667s| 36000 |  1514 |  4678k| 129.9 |   231M |  67 |1323 |4433 |3229 |  72k|  1 |  37k|  32 | 0.000000e+00 |      --      |    Inf |  36.15%
  668s| 36100 |  1516 |  4694k| 129.9 |   232M |  67 |1323 |4465 |3240 |  73k|  2 |  37k|  32 | 0.000000e+00 |      --      |    Inf |  36.15%
  670s| 36200 |  1510 |  4705k| 129.9 |   234M |  67 |1323 |4508 |3216 |  73k|  0 |  37k|  32 | 0.000000e+00 |      --      |    Inf |  36.15%
 time | node  | left  |LP iter|LP it/n|mem/heur|mdpt |vars |cons |rows |cuts |sepa|confs|strbr|  dualbound   | primalbound  |  gap   | compl. 
  672s| 36300 |  1502 |  4719k| 129.9 |   234M |  67 |1323 |4449 |3001 |  73k|  2 |  37k|  32 | 0.000000e+00 |      --      |    Inf |  36.15%
  674s| 36400 |  1500 |  4734k| 130.0 |   235M |  67 |1323 |4484 |3161 |  73k|  0 |  38k|  32 | 0.000000e+00 |      --      |    Inf |  36.15%
  675s| 36500 |  1506 |  4750k| 130.1 |   235M |  67 |1323 |4427 |3140 |  74k|  0 |  38k|  32 | 0.000000e+00 |      --      |    Inf |  36.15%
  677s| 36600 |  1497 |  4763k| 130.1 |   235M |  67 |1323 |4396 |3077 |  74k|  1 |  38k|  32 | 0.000000e+00 |      --      |    Inf |  36.15%
  679s| 36700 |  1500 |  4778k| 130.1 |   236M |  67 |1323 |4360 |3045 |  74k|  2 |  38k|  32 | 0.000000e+00 |      --      |    Inf |  36.15%
  680s| 36800 |  1500 |  4787k| 130.0 |   236M |  67 |1323 |4293 |3047 |  74k|  1 |  38k|  32 | 0.000000e+00 |      --      |    Inf |  36.15%
  681s| 36900 |  1496 |  4795k| 129.9 |   236M |  67 |1323 |4260 |2933 |  74k|  1 |  38k|  32 | 0.000000e+00 |      --      |    Inf |  36.15%
  682s| 37000 |  1482 |  4810k| 129.9 |   236M |  67 |1323 |4289 |3074 |  74k|  0 |  38k|  32 | 0.000000e+00 |      --      |    Inf |  36.15%
  683s| 37100 |  1489 |  4823k| 129.9 |   236M |  67 |1323 |4340 |3176 |  75k|  2 |  38k|  32 | 0.000000e+00 |      --      |    Inf |  36.15%
  685s| 37200 |  1482 |  4837k| 130.0 |   236M |  67 |1323 |4251 |3185 |  75k|  2 |  38k|  32 | 0.000000e+00 |      --      |    Inf |  36.16%
  687s| 37300 |  1466 |  4850k| 129.9 |   236M |  67 |1323 |4005 |2961 |  75k|  1 |  39k|  32 | 0.000000e+00 |      --      |    Inf |  36.17%
  688s| 37400 |  1449 |  4863k| 130.0 |   236M |  67 |1323 |3630 |2989 |  75k|  2 |  39k|  32 | 0.000000e+00 |      --      |    Inf |  36.18%
  689s| 37500 |  1464 |  4874k| 129.9 |   236M |  67 |1323 |3533 |3043 |  75k|  2 |  39k|  32 | 0.000000e+00 |      --      |    Inf |  36.18%
  690s| 37600 |  1469 |  4880k| 129.7 |   236M |  67 |1323 |3559 |3055 |  76k|  0 |  39k|  32 | 0.000000e+00 |      --      |    Inf |  36.18%
  691s| 37700 |  1478 |  4886k| 129.5 |   236M |  67 |1323 |3559 |3031 |  76k|  2 |  39k|  32 | 0.000000e+00 |      --      |    Inf |  36.18%
 time | node  | left  |LP iter|LP it/n|mem/heur|mdpt |vars |cons |rows |cuts |sepa|confs|strbr|  dualbound   | primalbound  |  gap   | compl. 
  692s| 37800 |  1462 |  4893k| 129.4 |   236M |  67 |1323 |3567 |3065 |  76k|  1 |  39k|  32 | 0.000000e+00 |      --      |    Inf |  36.18%
  693s| 37900 |  1466 |  4899k| 129.2 |   236M |  67 |1323 |3588 |3068 |  76k|  2 |  39k|  32 | 0.000000e+00 |      --      |    Inf |  36.18%
  694s| 38000 |  1462 |  4903k| 129.0 |   237M |  67 |1323 |3607 |3047 |  76k|  1 |  39k|  32 | 0.000000e+00 |      --      |    Inf |  36.18%
  695s| 38100 |  1465 |  4919k| 129.0 |   237M |  67 |1323 |3663 |3065 |  76k|  2 |  39k|  32 | 0.000000e+00 |      --      |    Inf |  36.18%
  698s| 38200 |  1455 |  4937k| 129.2 |   237M |  67 |1323 |3765 |3059 |  76k|  0 |  39k|  32 | 0.000000e+00 |      --      |    Inf |  36.18%
  700s| 38300 |  1462 |  4957k| 129.3 |   237M |  67 |1323 |3838 |2981 |  77k|  0 |  39k|  32 | 0.000000e+00 |      --      |    Inf |  36.18%
  703s| 38400 |  1467 |  4978k| 129.6 |   237M |  67 |1323 |3844 |3005 |  77k|  0 |  39k|  32 | 0.000000e+00 |      --      |    Inf |  36.18%
  705s| 38500 |  1445 |  4994k| 129.7 |   237M |  67 |1323 |3735 |2978 |  77k|  0 |  39k|  32 | 0.000000e+00 |      --      |    Inf |  36.18%
  706s| 38600 |  1442 |  5008k| 129.7 |   237M |  67 |1323 |3755 |2972 |  78k|  2 |  40k|  32 | 0.000000e+00 |      --      |    Inf |  36.18%
  708s| 38700 |  1451 |  5023k| 129.7 |   237M |  67 |1323 |3769 |3150 |  78k|  1 |  40k|  32 | 0.000000e+00 |      --      |    Inf |  36.18%
  710s| 38800 |  1441 |  5041k| 129.9 |   237M |  67 |1323 |3796 |3141 |  78k|  0 |  40k|  32 | 0.000000e+00 |      --      |    Inf |  36.18%
  711s| 38900 |  1459 |  5057k| 129.9 |   237M |  67 |1323 |3691 |3210 |  78k|  2 |  40k|  32 | 0.000000e+00 |      --      |    Inf |  36.18%
  713s| 39000 |  1457 |  5072k| 130.0 |   238M |  67 |1323 |3766 |3312 |  79k|  0 |  40k|  32 | 0.000000e+00 |      --      |    Inf |  36.18%
  715s| 39100 |  1450 |  5090k| 130.1 |   239M |  67 |1323 |3851 |3184 |  79k|  1 |  40k|  32 | 0.000000e+00 |      --      |    Inf |  36.18%
  716s| 39200 |  1450 |  5102k| 130.1 |   239M |  67 |1323 |3777 |3230 |  79k|  0 |  40k|  32 | 0.000000e+00 |      --      |    Inf |  36.18%
 time | node  | left  |LP iter|LP it/n|mem/heur|mdpt |vars |cons |rows |cuts |sepa|confs|strbr|  dualbound   | primalbound  |  gap   | compl. 
  718s| 39300 |  1444 |  5115k| 130.1 |   239M |  67 |1323 |3682 |3177 |  79k|  2 |  40k|  32 | 0.000000e+00 |      --      |    Inf |  36.18%
  719s| 39400 |  1432 |  5127k| 130.1 |   239M |  67 |1323 |3417 |3107 |  79k|  1 |  40k|  32 | 0.000000e+00 |      --      |    Inf |  36.28%
  721s| 39500 |  1413 |  5142k| 130.1 |   239M |  67 |1323 |3331 |   0 |  79k|  0 |  41k|  32 | 0.000000e+00 |      --      |    Inf |  37.85%
  722s| 39600 |  1409 |  5155k| 130.1 |   239M |  67 |1323 |3357 |3175 |  80k|  2 |  41k|  32 | 0.000000e+00 |      --      |    Inf |  37.85%
  724s| 39700 |  1416 |  5171k| 130.2 |   239M |  67 |1323 |3431 |3197 |  80k|  2 |  41k|  32 | 0.000000e+00 |      --      |    Inf |  37.85%
  725s| 39800 |  1414 |  5187k| 130.3 |   239M |  67 |1323 |3507 |2971 |  80k|  1 |  41k|  32 | 0.000000e+00 |      --      |    Inf |  37.86%
  727s| 39900 |  1401 |  5203k| 130.3 |   239M |  67 |1323 |3509 |   0 |  80k|  0 |  41k|  32 | 0.000000e+00 |      --      |    Inf |  37.87%
  728s| 40000 |  1410 |  5212k| 130.2 |   239M |  67 |1323 |3499 |2991 |  80k|  2 |  41k|  32 | 0.000000e+00 |      --      |    Inf |  37.87%
  730s| 40100 |  1404 |  5225k| 130.2 |   240M |  67 |1323 |3358 |3250 |  81k|  2 |  41k|  32 | 0.000000e+00 |      --      |    Inf |  38.02%
  731s| 40200 |  1404 |  5240k| 130.3 |   241M |  67 |1323 |3353 |3262 |  81k|  1 |  41k|  32 | 0.000000e+00 |      --      |    Inf |  38.08%
  733s| 40300 |  1402 |  5255k| 130.3 |   241M |  67 |1323 |3462 |   0 |  81k|  0 |  41k|  32 | 0.000000e+00 |      --      |    Inf |  38.08%
  734s| 40400 |  1408 |  5266k| 130.3 |   242M |  67 |1323 |3511 |3187 |  81k|  2 |  41k|  32 | 0.000000e+00 |      --      |    Inf |  38.16%
  735s| 40500 |  1413 |  5278k| 130.3 |   242M |  67 |1323 |3569 |3230 |  81k|  1 |  42k|  32 | 0.000000e+00 |      --      |    Inf |  38.17%
  736s| 40600 |  1412 |  5287k| 130.2 |   242M |  67 |1323 |3644 |3212 |  81k|  0 |  42k|  32 | 0.000000e+00 |      --      |    Inf |  38.17%
  738s| 40700 |  1417 |  5306k| 130.3 |   242M |  67 |1323 |3752 |3244 |  81k|  1 |  42k|  32 | 0.000000e+00 |      --      |    Inf |  38.17%
 time | node  | left  |LP iter|LP it/n|mem/heur|mdpt |vars |cons |rows |cuts |sepa|confs|strbr|  dualbound   | primalbound  |  gap   | compl. 
  740s| 40800 |  1408 |  5321k| 130.4 |   243M |  67 |1323 |3899 |3238 |  82k|  1 |  42k|  32 | 0.000000e+00 |      --      |    Inf |  38.17%
  742s| 40900 |  1404 |  5336k| 130.4 |   244M |  67 |1323 |3920 |3223 |  82k|  0 |  42k|  32 | 0.000000e+00 |      --      |    Inf |  38.17%
  744s| 41000 |  1408 |  5353k| 130.5 |   244M |  67 |1323 |3865 |3192 |  82k|  0 |  42k|  32 | 0.000000e+00 |      --      |    Inf |  38.18%
  745s| 41100 |  1407 |  5368k| 130.5 |   244M |  67 |1323 |3823 |3338 |  82k|  0 |  42k|  32 | 0.000000e+00 |      --      |    Inf |  38.19%
  747s| 41200 |  1402 |  5385k| 130.6 |   244M |  67 |1323 |3861 |3231 |  82k|  2 |  42k|  32 | 0.000000e+00 |      --      |    Inf |  38.21%
  749s| 41300 |  1399 |  5397k| 130.6 |   245M |  67 |1323 |3658 |3318 |  82k|  0 |  43k|  32 | 0.000000e+00 |      --      |    Inf |  38.21%
  751s| 41400 |  1418 |  5411k| 130.6 |   246M |  67 |1323 |3310 |2705 |  83k|  1 |  43k|  32 | 0.000000e+00 |      --      |    Inf |  38.21%
  752s| 41500 |  1417 |  5423k| 130.6 |   246M |  67 |1323 |3128 |2815 |  83k|  0 |  43k|  32 | 0.000000e+00 |      --      |    Inf |  38.21%
  753s| 41600 |  1419 |  5435k| 130.6 |   246M |  67 |1323 |3021 |2832 |  83k|  1 |  43k|  32 | 0.000000e+00 |      --      |    Inf |  38.21%
  754s| 41700 |  1436 |  5446k| 130.5 |   246M |  67 |1323 |3004 |2722 |  83k|  1 |  43k|  32 | 0.000000e+00 |      --      |    Inf |  38.21%
  756s| 41800 |  1436 |  5458k| 130.5 |   246M |  67 |1323 |3077 |2731 |  83k|  0 |  43k|  32 | 0.000000e+00 |      --      |    Inf |  38.21%
  758s| 41900 |  1444 |  5473k| 130.6 |   246M |  67 |1323 |3165 |2834 |  83k|  0 |  43k|  32 | 0.000000e+00 |      --      |    Inf |  38.21%
  759s| 42000 |  1451 |  5488k| 130.6 |   246M |  67 |1323 |3230 |   0 |  83k|  0 |  43k|  32 | 0.000000e+00 |      --      |    Inf |  38.21%
  761s| 42100 |  1456 |  5500k| 130.6 |   246M |  67 |1323 |3279 |2881 |  84k|  0 |  43k|  32 | 0.000000e+00 |      --      |    Inf |  38.21%
  762s| 42200 |  1467 |  5515k| 130.6 |   246M |  67 |1323 |3329 |2876 |  84k|  2 |  43k|  32 | 0.000000e+00 |      --      |    Inf |  38.21%
 time | node  | left  |LP iter|LP it/n|mem/heur|mdpt |vars |cons |rows |cuts |sepa|confs|strbr|  dualbound   | primalbound  |  gap   | compl. 
  764s| 42300 |  1447 |  5530k| 130.7 |   247M |  67 |1323 |3374 |2896 |  84k|  1 |  43k|  32 | 0.000000e+00 |      --      |    Inf |  38.21%
  765s| 42400 |  1467 |  5541k| 130.6 |   247M |  67 |1323 |3188 |2787 |  84k|  1 |  44k|  32 | 0.000000e+00 |      --      |    Inf |  38.21%
  767s| 42500 |  1464 |  5556k| 130.7 |   247M |  67 |1323 |2968 |2719 |  84k|  2 |  44k|  32 | 0.000000e+00 |      --      |    Inf |  38.21%
  767s| 42600 |  1458 |  5563k| 130.5 |   247M |  67 |1323 |3032 |3040 |  84k|  1 |  44k|  32 | 0.000000e+00 |      --      |    Inf |  38.21%
  769s| 42700 |  1465 |  5576k| 130.5 |   247M |  67 |1323 |2834 |3047 |  84k|  0 |  44k|  32 | 0.000000e+00 |      --      |    Inf |  38.29%
  770s| 42800 |  1467 |  5589k| 130.5 |   247M |  67 |1323 |2835 |2716 |  85k|  2 |  44k|  32 | 0.000000e+00 |      --      |    Inf |  38.29%
  772s| 42900 |  1461 |  5607k| 130.6 |   247M |  67 |1323 |2776 |2746 |  85k|  0 |  44k|  32 | 0.000000e+00 |      --      |    Inf |  38.29%
  774s| 43000 |  1468 |  5621k| 130.7 |   247M |  67 |1323 |2857 |2974 |  85k|  0 |  44k|  32 | 0.000000e+00 |      --      |    Inf |  38.29%
  775s| 43100 |  1455 |  5634k| 130.6 |   247M |  67 |1323 |2723 |2677 |  85k|  0 |  44k|  32 | 0.000000e+00 |      --      |    Inf |  38.29%
  777s| 43200 |  1459 |  5647k| 130.7 |   247M |  67 |1323 |2637 |2680 |  85k|  2 |  44k|  32 | 0.000000e+00 |      --      |    Inf |  38.32%
  778s| 43300 |  1479 |  5663k| 130.7 |   247M |  67 |1323 |2712 |3240 |  85k|  2 |  45k|  32 | 0.000000e+00 |      --      |    Inf |  38.33%
  780s| 43400 |  1481 |  5686k| 130.9 |   247M |  67 |1323 |2790 |3299 |  86k|  0 |  45k|  32 | 0.000000e+00 |      --      |    Inf |  38.33%
  782s| 43500 |  1479 |  5704k| 131.1 |   247M |  67 |1323 |2819 |3252 |  86k|  2 |  45k|  32 | 0.000000e+00 |      --      |    Inf |  38.34%
  784s| 43600 |  1476 |  5722k| 131.2 |   247M |  67 |1323 |2859 |2793 |  86k|  1 |  45k|  32 | 0.000000e+00 |      --      |    Inf |  38.35%
  785s| 43700 |  1471 |  5730k| 131.1 |   247M |  67 |1323 |2939 |2711 |  86k|  1 |  45k|  32 | 0.000000e+00 |      --      |    Inf |  38.35%
 time | node  | left  |LP iter|LP it/n|mem/heur|mdpt |vars |cons |rows |cuts |sepa|confs|strbr|  dualbound   | primalbound  |  gap   | compl. 
  786s| 43800 |  1474 |  5737k| 130.9 |   247M |  67 |1323 |3041 |2752 |  86k|  0 |  45k|  32 | 0.000000e+00 |      --      |    Inf |  38.35%
  787s| 43900 |  1471 |  5745k| 130.8 |   247M |  67 |1323 |3040 |2844 |  86k|  1 |  45k|  32 | 0.000000e+00 |      --      |    Inf |  38.35%
  788s| 44000 |  1469 |  5754k| 130.7 |   247M |  67 |1323 |2870 |2878 |  86k|  1 |  45k|  32 | 0.000000e+00 |      --      |    Inf |  38.36%
  790s| 44100 |  1480 |  5770k| 130.8 |   247M |  67 |1323 |2828 |2826 |  86k|  2 |  45k|  32 | 0.000000e+00 |      --      |    Inf |  38.36%
  792s| 44200 |  1481 |  5787k| 130.9 |   248M |  67 |1323 |2926 |2861 |  87k|  0 |  46k|  32 | 0.000000e+00 |      --      |    Inf |  38.36%
  794s| 44300 |  1487 |  5800k| 130.9 |   248M |  67 |1323 |3031 |   0 |  87k|  0 |  46k|  32 | 0.000000e+00 |      --      |    Inf |  38.36%
  796s| 44400 |  1487 |  5816k| 130.9 |   248M |  67 |1323 |3105 |2914 |  87k|  1 |  46k|  32 | 0.000000e+00 |      --      |    Inf |  38.36%
  798s| 44500 |  1482 |  5826k| 130.9 |   248M |  67 |1323 |3132 |2913 |  87k|  0 |  46k|  32 | 0.000000e+00 |      --      |    Inf |  38.36%
  799s| 44600 |  1493 |  5836k| 130.8 |   248M |  67 |1323 |3123 |3099 |  87k|  0 |  46k|  32 | 0.000000e+00 |      --      |    Inf |  38.36%
  801s| 44700 |  1487 |  5847k| 130.8 |   248M |  67 |1323 |3199 |2820 |  87k|  2 |  46k|  32 | 0.000000e+00 |      --      |    Inf |  38.37%
  802s| 44800 |  1490 |  5861k| 130.8 |   248M |  67 |1323 |3232 |3034 |  87k|  2 |  46k|  32 | 0.000000e+00 |      --      |    Inf |  38.46%
  804s| 44900 |  1496 |  5874k| 130.8 |   248M |  67 |1323 |3326 |3084 |  87k|  1 |  46k|  32 | 0.000000e+00 |      --      |    Inf |  38.46%
  805s| 45000 |  1497 |  5883k| 130.7 |   248M |  67 |1323 |3403 |3105 |  88k|  0 |  46k|  32 | 0.000000e+00 |      --      |    Inf |  38.46%
  807s| 45100 |  1499 |  5893k| 130.6 |   249M |  67 |1323 |3483 |3105 |  88k|  1 |  46k|  32 | 0.000000e+00 |      --      |    Inf |  38.46%
  808s| 45200 |  1491 |  5903k| 130.5 |   249M |  67 |1323 |3550 |3100 |  88k|  2 |  47k|  32 | 0.000000e+00 |      --      |    Inf |  38.46%
 time | node  | left  |LP iter|LP it/n|mem/heur|mdpt |vars |cons |rows |cuts |sepa|confs|strbr|  dualbound   | primalbound  |  gap   | compl. 
  809s| 45300 |  1486 |  5914k| 130.5 |   249M |  67 |1323 |3612 |3112 |  88k|  0 |  47k|  32 | 0.000000e+00 |      --      |    Inf |  38.46%
  811s| 45400 |  1501 |  5931k| 130.6 |   249M |  67 |1323 |3646 |3095 |  88k|  2 |  47k|  32 | 0.000000e+00 |      --      |    Inf |  38.46%
  814s| 45500 |  1497 |  5952k| 130.7 |   249M |  67 |1323 |3752 |3086 |  88k|  1 |  47k|  32 | 0.000000e+00 |      --      |    Inf |  38.46%
  817s| 45600 |  1485 |  5973k| 130.9 |   249M |  67 |1323 |3655 |2996 |  89k|  2 |  47k|  32 | 0.000000e+00 |      --      |    Inf |  38.48%
  818s| 45700 |  1486 |  5988k| 131.0 |   249M |  67 |1323 |3583 |2747 |  89k|  2 |  47k|  32 | 0.000000e+00 |      --      |    Inf |  38.48%
  820s| 45800 |  1492 |  5998k| 130.9 |   249M |  67 |1323 |3444 |2821 |  89k|  1 |  47k|  32 | 0.000000e+00 |      --      |    Inf |  38.48%
  822s| 45900 |  1505 |  6012k| 130.9 |   249M |  67 |1323 |3236 |3068 |  89k|  0 |  47k|  32 | 0.000000e+00 |      --      |    Inf |  38.48%
  824s| 46000 |  1535 |  6029k| 131.0 |   249M |  67 |1323 |3127 |2726 |  89k|  1 |  47k|  32 | 0.000000e+00 |      --      |    Inf |  38.48%
  825s| 46100 |  1555 |  6041k| 131.0 |   249M |  67 |1323 |3181 |2719 |  89k|  1 |  48k|  32 | 0.000000e+00 |      --      |    Inf |  38.48%
  827s| 46200 |  1563 |  6054k| 131.0 |   249M |  67 |1323 |3280 |2736 |  90k|  2 |  48k|  32 | 0.000000e+00 |      --      |    Inf |  38.48%
  828s| 46300 |  1578 |  6066k| 131.0 |   249M |  67 |1323 |3356 |2741 |  90k|  2 |  48k|  32 | 0.000000e+00 |      --      |    Inf |  38.48%
  830s| 46400 |  1550 |  6082k| 131.0 |   249M |  67 |1323 |3465 |2743 |  90k|  0 |  48k|  32 | 0.000000e+00 |      --      |    Inf |  38.48%
  832s| 46500 |  1538 |  6097k| 131.1 |   250M |  67 |1323 |3187 |2974 |  90k|  1 |  48k|  32 | 0.000000e+00 |      --      |    Inf |  38.53%
  834s| 46600 |  1557 |  6114k| 131.1 |   250M |  67 |1323 |2979 |2735 |  90k|  0 |  48k|  32 | 0.000000e+00 |      --      |    Inf |  38.53%
  836s| 46700 |  1546 |  6129k| 131.2 |   250M |  67 |1323 |2793 |2938 |  91k|  2 |  48k|  32 | 0.000000e+00 |      --      |    Inf |  38.54%
 time | node  | left  |LP iter|LP it/n|mem/heur|mdpt |vars |cons |rows |cuts |sepa|confs|strbr|  dualbound   | primalbound  |  gap   | compl. 
  837s| 46800 |  1544 |  6143k| 131.2 |   250M |  67 |1323 |2739 |2952 |  91k|  0 |  48k|  32 | 0.000000e+00 |      --      |    Inf |  38.55%
  838s| 46900 |  1554 |  6152k| 131.1 |   250M |  67 |1323 |2789 |3101 |  91k|  2 |  48k|  32 | 0.000000e+00 |      --      |    Inf |  38.55%
  839s| 47000 |  1548 |  6161k| 131.0 |   250M |  67 |1323 |2852 |3106 |  91k|  0 |  48k|  32 | 0.000000e+00 |      --      |    Inf |  38.55%
  840s| 47100 |  1547 |  6170k| 130.9 |   250M |  67 |1323 |2833 |3127 |  91k|  2 |  48k|  32 | 0.000000e+00 |      --      |    Inf |  38.55%
  842s| 47200 |  1563 |  6183k| 130.9 |   250M |  67 |1323 |2723 |2761 |  91k|  1 |  49k|  32 | 0.000000e+00 |      --      |    Inf |  38.55%
  844s| 47300 |  1576 |  6195k| 130.9 |   250M |  67 |1323 |2670 |3099 |  91k|  1 |  49k|  32 | 0.000000e+00 |      --      |    Inf |  38.55%
  845s| 47400 |  1572 |  6205k| 130.8 |   250M |  67 |1323 |2770 |3047 |  92k|  2 |  49k|  32 | 0.000000e+00 |      --      |    Inf |  38.55%
  846s| 47500 |  1560 |  6216k| 130.8 |   250M |  67 |1323 |2684 |2956 |  92k|  2 |  49k|  32 | 0.000000e+00 |      --      |    Inf |  38.59%
  848s| 47600 |  1566 |  6230k| 130.8 |   250M |  67 |1323 |2770 |2966 |  92k|  0 |  49k|  32 | 0.000000e+00 |      --      |    Inf |  38.59%
  849s| 47700 |  1575 |  6241k| 130.8 |   251M |  67 |1323 |2871 |3036 |  92k|  2 |  49k|  32 | 0.000000e+00 |      --      |    Inf |  38.59%
  850s| 47800 |  1566 |  6249k| 130.7 |   251M |  67 |1323 |2910 |2972 |  92k|  0 |  49k|  32 | 0.000000e+00 |      --      |    Inf |  38.59%
  852s| 47900 |  1572 |  6261k| 130.7 |   251M |  67 |1323 |2801 |2713 |  92k|  2 |  49k|  32 | 0.000000e+00 |      --      |    Inf |  38.59%
  853s| 48000 |  1585 |  6272k| 130.6 |   251M |  67 |1323 |2871 |2742 |  92k|  1 |  49k|  32 | 0.000000e+00 |      --      |    Inf |  38.59%
  854s| 48100 |  1578 |  6285k| 130.6 |   251M |  67 |1323 |2978 |2739 |  93k|  2 |  49k|  32 | 0.000000e+00 |      --      |    Inf |  38.59%
  856s| 48200 |  1587 |  6299k| 130.6 |   251M |  67 |1323 |3069 |   0 |  93k|  0 |  50k|  32 | 0.000000e+00 |      --      |    Inf |  38.59%
 time | node  | left  |LP iter|LP it/n|mem/heur|mdpt |vars |cons |rows |cuts |sepa|confs|strbr|  dualbound   | primalbound  |  gap   | compl. 
  857s| 48300 |  1572 |  6310k| 130.6 |   251M |  67 |1323 |3125 |2742 |  93k|  0 |  50k|  32 | 0.000000e+00 |      --      |    Inf |  38.59%
  859s| 48400 |  1577 |  6322k| 130.6 |   251M |  67 |1323 |3152 |2729 |  93k|  1 |  50k|  32 | 0.000000e+00 |      --      |    Inf |  38.59%
  860s| 48500 |  1573 |  6334k| 130.5 |   251M |  67 |1323 |3127 |2809 |  93k|  2 |  50k|  32 | 0.000000e+00 |      --      |    Inf |  38.59%
  862s| 48600 |  1564 |  6349k| 130.6 |   251M |  67 |1323 |3089 |2774 |  94k|  2 |  50k|  32 | 0.000000e+00 |      --      |    Inf |  38.59%
  864s| 48700 |  1600 |  6366k| 130.7 |   251M |  67 |1323 |3132 |2794 |  94k|  0 |  50k|  32 | 0.000000e+00 |      --      |    Inf |  38.59%
  865s| 48800 |  1609 |  6379k| 130.7 |   251M |  67 |1323 |3222 |2810 |  94k|  0 |  50k|  32 | 0.000000e+00 |      --      |    Inf |  38.59%
  867s| 48900 |  1616 |  6395k| 130.7 |   251M |  67 |1323 |3298 |2778 |  94k|  0 |  50k|  32 | 0.000000e+00 |      --      |    Inf |  38.59%
  869s| 49000 |  1604 |  6415k| 130.9 |   251M |  67 |1323 |3051 |2940 |  94k|  0 |  50k|  32 | 0.000000e+00 |      --      |    Inf |  38.59%
  871s| 49100 |  1600 |  6430k| 130.9 |   252M |  67 |1323 |2967 |2920 |  95k|  1 |  50k|  32 | 0.000000e+00 |      --      |    Inf |  38.59%
  873s| 49200 |  1597 |  6444k| 130.9 |   252M |  67 |1323 |2689 |2718 |  95k|  2 |  51k|  32 | 0.000000e+00 |      --      |    Inf |  38.94%
  875s| 49300 |  1591 |  6460k| 131.0 |   252M |  67 |1323 |2515 |3123 |  95k|  0 |  51k|  32 | 0.000000e+00 |      --      |    Inf |  38.94%
  877s| 49400 |  1598 |  6477k| 131.1 |   253M |  67 |1323 |2482 |3023 |  95k|  0 |  51k|  32 | 0.000000e+00 |      --      |    Inf |  38.94%
  879s| 49500 |  1600 |  6491k| 131.1 |   253M |  67 |1323 |2574 |3048 |  95k|  0 |  51k|  32 | 0.000000e+00 |      --      |    Inf |  38.94%
  881s| 49600 |  1601 |  6507k| 131.1 |   253M |  67 |1323 |2675 |3030 |  96k|  0 |  51k|  32 | 0.000000e+00 |      --      |    Inf |  38.94%
  882s| 49700 |  1604 |  6518k| 131.1 |   253M |  67 |1323 |2741 |3012 |  96k|  1 |  51k|  32 | 0.000000e+00 |      --      |    Inf |  38.94%
 time | node  | left  |LP iter|LP it/n|mem/heur|mdpt |vars |cons |rows |cuts |sepa|confs|strbr|  dualbound   | primalbound  |  gap   | compl. 
  885s| 49800 |  1596 |  6533k| 131.1 |   253M |  67 |1323 |2779 |3031 |  96k|  2 |  51k|  32 | 0.000000e+00 |      --      |    Inf |  38.94%
  887s| 49900 |  1594 |  6552k| 131.3 |   253M |  67 |1323 |2748 |3115 |  96k|  1 |  51k|  32 | 0.000000e+00 |      --      |    Inf |  38.94%
  890s| 50000 |  1600 |  6576k| 131.5 |   253M |  67 |1323 |2836 |3133 |  97k|  0 |  51k|  32 | 0.000000e+00 |      --      |    Inf |  38.94%
  894s| 50100 |  1599 |  6601k| 131.7 |   253M |  67 |1323 |2930 |3193 |  97k|  1 |  51k|  32 | 0.000000e+00 |      --      |    Inf |  38.94%
  896s| 50200 |  1587 |  6616k| 131.7 |   253M |  67 |1323 |2926 |2867 |  97k|  2 |  51k|  32 | 0.000000e+00 |      --      |    Inf |  38.97%
  897s| 50300 |  1596 |  6626k| 131.7 |   253M |  67 |1323 |2902 |3067 |  97k|  2 |  52k|  32 | 0.000000e+00 |      --      |    Inf |  38.97%
  898s| 50400 |  1586 |  6642k| 131.7 |   253M |  67 |1323 |2987 |2780 |  97k|  0 |  52k|  32 | 0.000000e+00 |      --      |    Inf |  38.97%
  899s| 50500 |  1586 |  6651k| 131.6 |   253M |  67 |1323 |3058 |2846 |  97k|  0 |  52k|  32 | 0.000000e+00 |      --      |    Inf |  38.97%
  901s| 50600 |  1576 |  6665k| 131.7 |   253M |  67 |1323 |2906 |2868 |  97k|  1 |  52k|  32 | 0.000000e+00 |      --      |    Inf |  38.97%
  902s| 50700 |  1589 |  6678k| 131.7 |   253M |  67 |1323 |2862 |2786 |  98k|  0 |  52k|  32 | 0.000000e+00 |      --      |    Inf |  38.97%
  904s| 50800 |  1585 |  6691k| 131.7 |   253M |  67 |1323 |2949 |2789 |  98k|  0 |  52k|  32 | 0.000000e+00 |      --      |    Inf |  38.97%
  905s| 50900 |  1605 |  6702k| 131.6 |   253M |  67 |1323 |2948 |2796 |  98k|  0 |  52k|  32 | 0.000000e+00 |      --      |    Inf |  38.97%
  907s| 51000 |  1598 |  6717k| 131.7 |   253M |  67 |1323 |3054 |2799 |  98k|  1 |  52k|  32 | 0.000000e+00 |      --      |    Inf |  38.97%
  908s| 51100 |  1611 |  6730k| 131.7 |   253M |  67 |1323 |3047 |3192 |  98k|  0 |  52k|  32 | 0.000000e+00 |      --      |    Inf |  38.97%
  910s| 51200 |  1610 |  6748k| 131.8 |   253M |  67 |1323 |3099 |3188 |  98k|  2 |  53k|  32 | 0.000000e+00 |      --      |    Inf |  38.97%
 time | node  | left  |LP iter|LP it/n|mem/heur|mdpt |vars |cons |rows |cuts |sepa|confs|strbr|  dualbound   | primalbound  |  gap   | compl. 
  913s| 51300 |  1600 |  6768k| 131.9 |   253M |  67 |1323 |3208 |3158 |  99k|  0 |  53k|  32 | 0.000000e+00 |      --      |    Inf |  38.97%
  915s| 51400 |  1612 |  6784k| 131.9 |   254M |  67 |1323 |3236 |3271 |  99k|  2 |  53k|  32 | 0.000000e+00 |      --      |    Inf |  38.97%
  917s| 51500 |  1604 |  6796k| 131.9 |   257M |  67 |1323 |3411 |3269 |  99k|  1 |  53k|  32 | 0.000000e+00 |      --      |    Inf |  38.97%
  919s| 51600 |  1605 |  6810k| 131.9 |   259M |  67 |1323 |3496 |3283 |  99k|  1 |  53k|  32 | 0.000000e+00 |      --      |    Inf |  38.97%
  920s| 51700 |  1605 |  6823k| 131.9 |   259M |  67 |1323 |3567 |3278 |  99k|  1 |  53k|  32 | 0.000000e+00 |      --      |    Inf |  38.97%
  922s| 51800 |  1605 |  6837k| 131.9 |   260M |  67 |1323 |3594 |3242 | 100k|  0 |  53k|  32 | 0.000000e+00 |      --      |    Inf |  38.97%
  923s| 51900 |  1605 |  6849k| 131.9 |   260M |  67 |1323 |3654 |3249 | 100k|  3 |  53k|  32 | 0.000000e+00 |      --      |    Inf |  38.97%
  925s| 52000 |  1601 |  6867k| 132.0 |   260M |  67 |1323 |3719 |3249 | 100k|  0 |  53k|  32 | 0.000000e+00 |      --      |    Inf |  38.97%
  927s| 52100 |  1600 |  6884k| 132.1 |   260M |  67 |1323 |3806 |3256 | 100k|  0 |  54k|  32 | 0.000000e+00 |      --      |    Inf |  38.97%
  928s| 52200 |  1598 |  6899k| 132.1 |   260M |  67 |1323 |3695 |3209 | 100k|  0 |  54k|  32 | 0.000000e+00 |      --      |    Inf |  38.97%
  930s| 52300 |  1605 |  6913k| 132.1 |   260M |  67 |1323 |3428 |2745 | 101k|  0 |  54k|  32 | 0.000000e+00 |      --      |    Inf |  39.04%
  931s| 52400 |  1608 |  6928k| 132.2 |   260M |  67 |1323 |3263 |3115 | 101k|  0 |  54k|  32 | 0.000000e+00 |      --      |    Inf |  39.04%
  933s| 52500 |  1616 |  6942k| 132.2 |   260M |  67 |1323 |3190 |2819 | 101k|  2 |  54k|  32 | 0.000000e+00 |      --      |    Inf |  39.05%
  935s| 52600 |  1613 |  6958k| 132.2 |   260M |  67 |1323 |3291 |2883 | 101k|  1 |  54k|  32 | 0.000000e+00 |      --      |    Inf |  39.05%
  937s| 52700 |  1599 |  6976k| 132.3 |   261M |  67 |1323 |3095 |2913 | 101k|  2 |  54k|  32 | 0.000000e+00 |      --      |    Inf |  39.05%
 time | node  | left  |LP iter|LP it/n|mem/heur|mdpt |vars |cons |rows |cuts |sepa|confs|strbr|  dualbound   | primalbound  |  gap   | compl. 
  938s| 52800 |  1600 |  6988k| 132.3 |   261M |  67 |1323 |2791 |2671 | 101k|  2 |  54k|  32 | 0.000000e+00 |      --      |    Inf |  42.27%
  940s| 52900 |  1593 |  7002k| 132.3 |   262M |  67 |1323 |2555 |2764 | 101k|  0 |  54k|  32 | 0.000000e+00 |      --      |    Inf |  43.52%
  941s| 53000 |  1607 |  7010k| 132.2 |   262M |  67 |1323 |2556 |2715 | 101k|  1 |  54k|  32 | 0.000000e+00 |      --      |    Inf |  43.54%
  942s| 53100 |  1592 |  7018k| 132.1 |   262M |  67 |1323 |2648 |2867 | 102k|  2 |  55k|  32 | 0.000000e+00 |      --      |    Inf |  43.54%
  943s| 53200 |  1589 |  7031k| 132.1 |   262M |  67 |1323 |2578 |   0 | 102k|  0 |  55k|  32 | 0.000000e+00 |      --      |    Inf |  43.59%
  944s| 53300 |  1595 |  7041k| 132.1 |   262M |  67 |1323 |2498 |2718 | 102k|  0 |  55k|  32 | 0.000000e+00 |      --      |    Inf |  43.59%
  946s| 53400 |  1585 |  7051k| 132.0 |   262M |  67 |1323 |2511 |2891 | 102k|  1 |  55k|  32 | 0.000000e+00 |      --      |    Inf |  43.59%
  947s| 53500 |  1581 |  7058k| 131.9 |   262M |  67 |1323 |2571 |2928 | 102k|  0 |  55k|  32 | 0.000000e+00 |      --      |    Inf |  43.59%
  948s| 53600 |  1584 |  7070k| 131.9 |   262M |  67 |1323 |2537 |2929 | 102k|  1 |  55k|  32 | 0.000000e+00 |      --      |    Inf |  43.61%
  949s| 53700 |  1577 |  7082k| 131.8 |   262M |  67 |1323 |2513 |3028 | 102k|  0 |  55k|  32 | 0.000000e+00 |      --      |    Inf |  43.64%
  951s| 53800 |  1575 |  7099k| 131.9 |   262M |  67 |1323 |2486 |   0 | 102k|  0 |  55k|  32 | 0.000000e+00 |      --      |    Inf |  43.64%
  953s| 53900 |  1601 |  7112k| 131.9 |   263M |  67 |1323 |2415 |2781 | 103k|  3 |  55k|  32 | 0.000000e+00 |      --      |    Inf |  43.85%
  954s| 54000 |  1603 |  7123k| 131.9 |   263M |  67 |1323 |2500 |2775 | 103k|  2 |  55k|  32 | 0.000000e+00 |      --      |    Inf |  43.85%
  955s| 54100 |  1595 |  7133k| 131.8 |   263M |  67 |1323 |2580 |2757 | 103k|  2 |  56k|  32 | 0.000000e+00 |      --      |    Inf |  43.85%
  956s| 54200 |  1594 |  7141k| 131.7 |   263M |  67 |1323 |2591 |2765 | 103k|  2 |  56k|  32 | 0.000000e+00 |      --      |    Inf |  43.85%
 time | node  | left  |LP iter|LP it/n|mem/heur|mdpt |vars |cons |rows |cuts |sepa|confs|strbr|  dualbound   | primalbound  |  gap   | compl. 
  957s| 54300 |  1610 |  7151k| 131.6 |   263M |  67 |1323 |2600 |2746 | 104k|  1 |  56k|  32 | 0.000000e+00 |      --      |    Inf |  43.85%
  958s| 54400 |  1632 |  7158k| 131.5 |   263M |  67 |1323 |2657 |2828 | 104k|  1 |  56k|  32 | 0.000000e+00 |      --      |    Inf |  43.85%
  959s| 54500 |  1644 |  7166k| 131.4 |   263M |  67 |1323 |2724 |2802 | 104k|  0 |  56k|  32 | 0.000000e+00 |      --      |    Inf |  43.85%
  960s| 54600 |  1634 |  7178k| 131.4 |   263M |  67 |1323 |2838 |2819 | 104k|  1 |  56k|  32 | 0.000000e+00 |      --      |    Inf |  43.85%
  961s| 54700 |  1650 |  7190k| 131.4 |   263M |  67 |1323 |2893 |2768 | 104k|  0 |  56k|  32 | 0.000000e+00 |      --      |    Inf |  43.85%
  963s| 54800 |  1664 |  7202k| 131.4 |   264M |  67 |1323 |3008 |2859 | 104k|  0 |  56k|  32 | 0.000000e+00 |      --      |    Inf |  43.85%
  965s| 54900 |  1671 |  7214k| 131.4 |   264M |  67 |1323 |3100 |2866 | 104k|  2 |  56k|  32 | 0.000000e+00 |      --      |    Inf |  43.85%
  966s| 55000 |  1666 |  7229k| 131.4 |   264M |  67 |1323 |3197 |2904 | 105k|  0 |  56k|  32 | 0.000000e+00 |      --      |    Inf |  43.85%
  968s| 55100 |  1662 |  7246k| 131.5 |   264M |  67 |1323 |3236 |2934 | 105k|  0 |  56k|  32 | 0.000000e+00 |      --      |    Inf |  43.85%
  970s| 55200 |  1649 |  7264k| 131.5 |   264M |  67 |1323 |3312 |2852 | 105k|  0 |  57k|  32 | 0.000000e+00 |      --      |    Inf |  43.85%
  971s| 55300 |  1670 |  7273k| 131.5 |   265M |  67 |1323 |3293 |2832 | 105k|  0 |  57k|  32 | 0.000000e+00 |      --      |    Inf |  43.85%
  973s| 55400 |  1665 |  7285k| 131.5 |   265M |  67 |1323 |3396 |2851 | 105k|  1 |  57k|  32 | 0.000000e+00 |      --      |    Inf |  43.85%
  974s| 55500 |  1654 |  7297k| 131.4 |   265M |  67 |1323 |3474 |2849 | 105k|  0 |  57k|  32 | 0.000000e+00 |      --      |    Inf |  43.85%
  976s| 55600 |  1669 |  7309k| 131.4 |   265M |  67 |1323 |3405 |2776 | 106k|  2 |  57k|  32 | 0.000000e+00 |      --      |    Inf |  43.85%
  977s| 55700 |  1675 |  7322k| 131.4 |   265M |  67 |1323 |3463 |2901 | 106k|  1 |  57k|  32 | 0.000000e+00 |      --      |    Inf |  43.85%
 time | node  | left  |LP iter|LP it/n|mem/heur|mdpt |vars |cons |rows |cuts |sepa|confs|strbr|  dualbound   | primalbound  |  gap   | compl. 
  979s| 55800 |  1675 |  7334k| 131.4 |   265M |  67 |1323 |3548 |2832 | 106k|  0 |  57k|  32 | 0.000000e+00 |      --      |    Inf |  43.85%
  980s| 55900 |  1676 |  7346k| 131.4 |   265M |  67 |1323 |3552 |2807 | 106k|  2 |  57k|  32 | 0.000000e+00 |      --      |    Inf |  43.85%
  982s| 56000 |  1682 |  7358k| 131.3 |   266M |  67 |1323 |3613 |2871 | 107k|  0 |  57k|  32 | 0.000000e+00 |      --      |    Inf |  43.85%
  984s| 56100 |  1687 |  7371k| 131.4 |   267M |  67 |1323 |3692 |2922 | 107k|  0 |  58k|  32 | 0.000000e+00 |      --      |    Inf |  43.85%
  986s| 56200 |  1689 |  7387k| 131.4 |   267M |  67 |1323 |3738 |2916 | 107k|  0 |  58k|  32 | 0.000000e+00 |      --      |    Inf |  43.85%
  987s| 56300 |  1682 |  7397k| 131.3 |   267M |  67 |1323 |3819 |2918 | 107k|  2 |  58k|  32 | 0.000000e+00 |      --      |    Inf |  43.85%
  989s| 56400 |  1682 |  7410k| 131.3 |   267M |  67 |1323 |3930 |2912 | 107k|  0 |  58k|  32 | 0.000000e+00 |      --      |    Inf |  43.85%
  991s| 56500 |  1673 |  7426k| 131.4 |   267M |  67 |1323 |4015 |2896 | 107k|  0 |  58k|  32 | 0.000000e+00 |      --      |    Inf |  43.85%
  992s| 56600 |  1682 |  7441k| 131.4 |   269M |  67 |1323 |4038 |2953 | 108k|  2 |  58k|  32 | 0.000000e+00 |      --      |    Inf |  43.85%
  994s| 56700 |  1670 |  7458k| 131.5 |   269M |  67 |1323 |4032 |2860 | 108k|  1 |  58k|  32 | 0.000000e+00 |      --      |    Inf |  43.85%
  996s| 56800 |  1645 |  7473k| 131.5 |   269M |  67 |1323 |3654 |2848 | 108k|  1 |  58k|  32 | 0.000000e+00 |      --      |    Inf |  43.85%
  997s| 56900 |  1655 |  7486k| 131.5 |   269M |  67 |1323 |3641 |2847 | 109k|  1 |  58k|  32 | 0.000000e+00 |      --      |    Inf |  43.85%
  999s| 57000 |  1660 |  7502k| 131.6 |   269M |  67 |1323 |3634 |2809 | 109k|  2 |  58k|  32 | 0.000000e+00 |      --      |    Inf |  43.85%
 1001s| 57100 |  1689 |  7513k| 131.5 |   269M |  67 |1323 |3704 |2895 | 109k|  2 |  59k|  32 | 0.000000e+00 |      --      |    Inf |  43.85%
 1002s| 57200 |  1661 |  7531k| 131.6 |   269M |  67 |1323 |3805 |2937 | 109k|  0 |  59k|  32 | 0.000000e+00 |      --      |    Inf |  43.85%
 time | node  | left  |LP iter|LP it/n|mem/heur|mdpt |vars |cons |rows |cuts |sepa|confs|strbr|  dualbound   | primalbound  |  gap   | compl. 
 1004s| 57300 |  1663 |  7549k| 131.7 |   270M |  67 |1323 |3904 |3083 | 110k|  0 |  59k|  32 | 0.000000e+00 |      --      |    Inf |  43.85%
 1006s| 57400 |  1652 |  7567k| 131.8 |   270M |  67 |1323 |3998 |2820 | 110k|  0 |  59k|  32 | 0.000000e+00 |      --      |    Inf |  43.85%
 1008s| 57500 |  1639 |  7584k| 131.8 |   270M |  67 |1323 |3792 |2828 | 110k|  1 |  59k|  32 | 0.000000e+00 |      --      |    Inf |  43.85%
 1009s| 57600 |  1647 |  7598k| 131.9 |   270M |  67 |1323 |3798 |2804 | 110k|  2 |  59k|  32 | 0.000000e+00 |      --      |    Inf |  43.85%
 1011s| 57700 |  1638 |  7612k| 131.9 |   270M |  67 |1323 |3354 |2766 | 111k|  0 |  59k|  32 | 0.000000e+00 |      --      |    Inf |  43.85%
 1012s| 57800 |  1642 |  7625k| 131.9 |   270M |  67 |1323 |3358 |2825 | 111k|  2 |  59k|  32 | 0.000000e+00 |      --      |    Inf |  43.85%
 1014s| 57900 |  1634 |  7641k| 131.9 |   270M |  67 |1323 |3337 |2934 | 111k|  1 |  60k|  32 | 0.000000e+00 |      --      |    Inf |  43.86%
 1015s| 58000 |  1631 |  7654k| 131.9 |   270M |  67 |1323 |3386 |2891 | 111k|  1 |  60k|  32 | 0.000000e+00 |      --      |    Inf |  43.86%
 1016s| 58100 |  1623 |  7668k| 131.9 |   270M |  67 |1323 |3348 |2840 | 111k|  2 |  60k|  32 | 0.000000e+00 |      --      |    Inf |  43.86%
 1018s| 58200 |  1619 |  7685k| 132.0 |   270M |  67 |1323 |3430 |2897 | 112k|  0 |  60k|  32 | 0.000000e+00 |      --      |    Inf |  43.86%
 1020s| 58300 |  1621 |  7701k| 132.0 |   270M |  67 |1323 |3529 |2823 | 112k|  2 |  60k|  32 | 0.000000e+00 |      --      |    Inf |  43.86%
 1021s| 58400 |  1623 |  7715k| 132.1 |   270M |  67 |1323 |3429 |2925 | 112k|  0 |  60k|  32 | 0.000000e+00 |      --      |    Inf |  43.86%
 1023s| 58500 |  1624 |  7730k| 132.1 |   270M |  67 |1323 |3607 |2878 | 113k|  2 |  60k|  32 | 0.000000e+00 |      --      |    Inf |  43.86%
 1025s| 58600 |  1618 |  7747k| 132.2 |   270M |  67 |1323 |3762 |2879 | 113k|  0 |  61k|  32 | 0.000000e+00 |      --      |    Inf |  43.86%
 1026s| 58700 |  1624 |  7764k| 132.2 |   270M |  67 |1323 |3855 |2985 | 113k|  0 |  61k|  32 | 0.000000e+00 |      --      |    Inf |  43.86%
 time | node  | left  |LP iter|LP it/n|mem/heur|mdpt |vars |cons |rows |cuts |sepa|confs|strbr|  dualbound   | primalbound  |  gap   | compl. 
 1028s| 58800 |  1614 |  7781k| 132.3 |   270M |  67 |1323 |3823 |2847 | 114k|  1 |  61k|  32 | 0.000000e+00 |      --      |    Inf |  43.86%
 1030s| 58900 |  1606 |  7797k| 132.3 |   270M |  67 |1323 |3638 |2790 | 114k|  0 |  61k|  32 | 0.000000e+00 |      --      |    Inf |  43.86%
 1031s| 59000 |  1605 |  7814k| 132.4 |   270M |  67 |1323 |3553 |2835 | 114k|  2 |  61k|  32 | 0.000000e+00 |      --      |    Inf |  43.86%
 1033s| 59100 |  1598 |  7831k| 132.5 |   270M |  67 |1323 |3336 |2874 | 115k|  2 |  61k|  32 | 0.000000e+00 |      --      |    Inf |  43.86%
 1034s| 59200 |  1587 |  7844k| 132.4 |   270M |  67 |1323 |3222 |2773 | 115k|  2 |  61k|  32 | 0.000000e+00 |      --      |    Inf |  43.86%
 1035s| 59300 |  1603 |  7856k| 132.4 |   270M |  67 |1323 |3189 |2822 | 115k|  1 |  61k|  32 | 0.000000e+00 |      --      |    Inf |  43.89%
 1037s| 59400 |  1601 |  7871k| 132.5 |   270M |  67 |1323 |3232 |2749 | 115k|  2 |  61k|  32 | 0.000000e+00 |      --      |    Inf |  43.89%
 1038s| 59500 |  1624 |  7884k| 132.5 |   270M |  67 |1323 |3273 |2797 | 116k|  2 |  62k|  32 | 0.000000e+00 |      --      |    Inf |  43.89%
 1039s| 59600 |  1620 |  7896k| 132.4 |   270M |  67 |1323 |3398 |2934 | 116k|  1 |  62k|  32 | 0.000000e+00 |      --      |    Inf |  43.89%
 1040s| 59700 |  1624 |  7911k| 132.5 |   270M |  67 |1323 |3544 |2820 | 116k|  2 |  62k|  32 | 0.000000e+00 |      --      |    Inf |  43.89%
 1042s| 59800 |  1619 |  7926k| 132.5 |   270M |  67 |1323 |3676 |2857 | 117k|  2 |  62k|  32 | 0.000000e+00 |      --      |    Inf |  43.89%
 1043s| 59900 |  1617 |  7940k| 132.5 |   270M |  67 |1323 |3789 |2890 | 117k|  0 |  62k|  32 | 0.000000e+00 |      --      |    Inf |  43.89%
 1044s| 60000 |  1614 |  7952k| 132.5 |   270M |  67 |1323 |3888 |2857 | 117k|  0 |  62k|  32 | 0.000000e+00 |      --      |    Inf |  43.89%
 1046s| 60100 |  1615 |  7966k| 132.5 |   270M |  67 |1323 |3874 |2807 | 117k|  0 |  62k|  32 | 0.000000e+00 |      --      |    Inf |  43.89%
 1047s| 60200 |  1618 |  7978k| 132.5 |   270M |  67 |1323 |3910 |2830 | 118k|  2 |  62k|  32 | 0.000000e+00 |      --      |    Inf |  43.89%
 time | node  | left  |LP iter|LP it/n|mem/heur|mdpt |vars |cons |rows |cuts |sepa|confs|strbr|  dualbound   | primalbound  |  gap   | compl. 
 1048s| 60300 |  1615 |  7993k| 132.5 |   270M |  67 |1323 |3986 |2880 | 118k|  2 |  63k|  32 | 0.000000e+00 |      --      |    Inf |  43.89%
 1049s| 60400 |  1617 |  8004k| 132.5 |   270M |  67 |1323 |4038 |2857 | 118k|  0 |  63k|  32 | 0.000000e+00 |      --      |    Inf |  43.89%
 1050s| 60500 |  1614 |  8015k| 132.4 |   270M |  67 |1323 |4107 |2868 | 118k|  0 |  63k|  32 | 0.000000e+00 |      --      |    Inf |  43.89%
 1052s| 60600 |  1620 |  8029k| 132.5 |   270M |  67 |1323 |4160 |2844 | 118k|  0 |  63k|  32 | 0.000000e+00 |      --      |    Inf |  43.89%
 1053s| 60700 |  1607 |  8047k| 132.5 |   271M |  67 |1323 |4289 |2786 | 119k|  0 |  63k|  32 | 0.000000e+00 |      --      |    Inf |  43.89%
 1055s| 60800 |  1601 |  8063k| 132.6 |   271M |  67 |1323 |4094 |2785 | 119k|  1 |  63k|  32 | 0.000000e+00 |      --      |    Inf |  43.90%
 1056s| 60900 |  1596 |  8074k| 132.5 |   271M |  67 |1323 |3785 |2743 | 119k|  2 |  63k|  32 | 0.000000e+00 |      --      |    Inf |  43.90%
 1058s| 61000 |  1590 |  8089k| 132.6 |   271M |  67 |1323 |3474 |3380 | 119k|  2 |  63k|  32 | 0.000000e+00 |      --      |    Inf |  43.97%
 1059s| 61100 |  1590 |  8100k| 132.5 |   271M |  67 |1323 |3325 |3039 | 119k|  2 |  63k|  32 | 0.000000e+00 |      --      |    Inf |  43.97%
 1060s| 61200 |  1586 |  8114k| 132.5 |   271M |  67 |1323 |3158 |2701 | 119k|  2 |  63k|  32 | 0.000000e+00 |      --      |    Inf |  43.97%
 1061s| 61300 |  1585 |  8124k| 132.5 |   271M |  67 |1323 |3212 |2808 | 120k|  0 |  64k|  32 | 0.000000e+00 |      --      |    Inf |  43.97%
 1062s| 61400 |  1587 |  8135k| 132.4 |   271M |  67 |1323 |3212 |2876 | 120k|  2 |  64k|  32 | 0.000000e+00 |      --      |    Inf |  44.16%
 1064s| 61500 |  1589 |  8148k| 132.4 |   271M |  67 |1323 |3210 |2862 | 120k|  0 |  64k|  32 | 0.000000e+00 |      --      |    Inf |  44.16%
 1065s| 61600 |  1597 |  8156k| 132.4 |   271M |  67 |1323 |3257 |2876 | 120k|  1 |  64k|  32 | 0.000000e+00 |      --      |    Inf |  44.16%
 1067s| 61700 |  1592 |  8167k| 132.3 |   271M |  67 |1323 |3179 |2798 | 120k|  0 |  64k|  32 | 0.000000e+00 |      --      |    Inf |  44.16%
 time | node  | left  |LP iter|LP it/n|mem/heur|mdpt |vars |cons |rows |cuts |sepa|confs|strbr|  dualbound   | primalbound  |  gap   | compl. 
 1068s| 61800 |  1583 |  8178k| 132.3 |   271M |  67 |1323 |3193 |2814 | 120k|  0 |  64k|  32 | 0.000000e+00 |      --      |    Inf |  44.16%
 1069s| 61900 |  1574 |  8192k| 132.3 |   271M |  67 |1323 |3070 |3079 | 120k|  0 |  64k|  32 | 0.000000e+00 |      --      |    Inf |  44.17%
 1070s| 62000 |  1573 |  8206k| 132.3 |   271M |  67 |1323 |2955 |2996 | 120k|  0 |  64k|  32 | 0.000000e+00 |      --      |    Inf |  44.17%
 1072s| 62100 |  1577 |  8223k| 132.4 |   271M |  67 |1323 |2781 |2710 | 121k|  1 |  64k|  32 | 0.000000e+00 |      --      |    Inf |  44.39%
 1074s| 62200 |  1575 |  8239k| 132.4 |   271M |  67 |1323 |2823 |2760 | 121k|  0 |  65k|  32 | 0.000000e+00 |      --      |    Inf |  44.39%
 1075s| 62300 |  1564 |  8254k| 132.4 |   271M |  67 |1323 |2749 |3218 | 121k|  0 |  65k|  32 | 0.000000e+00 |      --      |    Inf |  44.39%
 1077s| 62400 |  1542 |  8272k| 132.5 |   271M |  67 |1323 |2680 |2947 | 121k|  2 |  65k|  32 | 0.000000e+00 |      --      |    Inf |  44.40%
 1079s| 62500 |  1553 |  8284k| 132.5 |   271M |  67 |1323 |2619 |2815 | 121k|  2 |  65k|  32 | 0.000000e+00 |      --      |    Inf |  47.54%
 1080s| 62600 |  1557 |  8292k| 132.4 |   271M |  67 |1323 |2653 |2851 | 122k|  0 |  65k|  32 | 0.000000e+00 |      --      |    Inf |  47.55%
 1080s| 62700 |  1559 |  8297k| 132.3 |   271M |  67 |1323 |2713 |2904 | 122k|  1 |  65k|  32 | 0.000000e+00 |      --      |    Inf |  47.55%
 1081s| 62800 |  1559 |  8301k| 132.1 |   271M |  67 |1323 |2761 |2886 | 122k|  2 |  65k|  32 | 0.000000e+00 |      --      |    Inf |  47.55%
 1081s| 62900 |  1573 |  8306k| 132.0 |   271M |  67 |1323 |2792 |2901 | 122k|  0 |  65k|  32 | 0.000000e+00 |      --      |    Inf |  47.55%
 1082s| 63000 |  1580 |  8310k| 131.9 |   272M |  67 |1323 |2829 |2893 | 122k|  2 |  65k|  32 | 0.000000e+00 |      --      |    Inf |  47.55%
 1082s| 63100 |  1580 |  8315k| 131.7 |   272M |  67 |1323 |2843 |2925 | 122k|  0 |  65k|  32 | 0.000000e+00 |      --      |    Inf |  47.55%
 1083s| 63200 |  1588 |  8320k| 131.6 |   272M |  67 |1323 |2854 |2895 | 122k|  0 |  65k|  32 | 0.000000e+00 |      --      |    Inf |  47.55%
 time | node  | left  |LP iter|LP it/n|mem/heur|mdpt |vars |cons |rows |cuts |sepa|confs|strbr|  dualbound   | primalbound  |  gap   | compl. 
 1084s| 63300 |  1578 |  8325k| 131.5 |   272M |  67 |1323 |2859 |2888 | 122k|  2 |  65k|  32 | 0.000000e+00 |      --      |    Inf |  47.55%
 1084s| 63400 |  1578 |  8329k| 131.3 |   272M |  67 |1323 |2847 |2905 | 123k|  2 |  65k|  32 | 0.000000e+00 |      --      |    Inf |  47.55%
 1085s| 63500 |  1572 |  8334k| 131.2 |   272M |  67 |1323 |2835 |2961 | 123k|  1 |  65k|  32 | 0.000000e+00 |      --      |    Inf |  47.55%
 1085s| 63600 |  1582 |  8339k| 131.1 |   272M |  67 |1323 |2885 |2958 | 123k|  0 |  65k|  32 | 0.000000e+00 |      --      |    Inf |  47.55%
 1086s| 63700 |  1578 |  8343k| 130.9 |   272M |  67 |1323 |2916 |2950 | 123k|  2 |  65k|  32 | 0.000000e+00 |      --      |    Inf |  47.55%
 1086s| 63800 |  1583 |  8348k| 130.8 |   272M |  67 |1323 |2940 |2957 | 123k|  1 |  65k|  32 | 0.000000e+00 |      --      |    Inf |  47.55%
 1087s| 63900 |  1581 |  8353k| 130.7 |   272M |  67 |1323 |2943 |2949 | 123k|  0 |  65k|  32 | 0.000000e+00 |      --      |    Inf |  47.55%
 1088s| 64000 |  1577 |  8357k| 130.5 |   272M |  67 |1323 |2934 |2945 | 123k|  0 |  65k|  32 | 0.000000e+00 |      --      |    Inf |  47.55%
 1088s| 64100 |  1571 |  8361k| 130.4 |   272M |  67 |1323 |2940 |2931 | 123k|  0 |  65k|  32 | 0.000000e+00 |      --      |    Inf |  47.55%
 1089s| 64200 |  1568 |  8365k| 130.3 |   272M |  67 |1323 |2951 |2933 | 123k|  0 |  65k|  32 | 0.000000e+00 |      --      |    Inf |  47.55%
 1089s| 64300 |  1568 |  8369k| 130.1 |   272M |  67 |1323 |2906 |3013 | 123k|  2 |  65k|  32 | 0.000000e+00 |      --      |    Inf |  47.55%
 1090s| 64400 |  1574 |  8373k| 130.0 |   272M |  67 |1323 |2913 |2953 | 123k|  0 |  65k|  32 | 0.000000e+00 |      --      |    Inf |  47.55%
 1090s| 64500 |  1570 |  8378k| 129.9 |   272M |  67 |1323 |2906 |3048 | 124k|  2 |  65k|  32 | 0.000000e+00 |      --      |    Inf |  47.55%
 1091s| 64600 |  1572 |  8384k| 129.7 |   272M |  67 |1323 |2914 |2964 | 124k|  2 |  65k|  32 | 0.000000e+00 |      --      |    Inf |  47.55%
 1091s| 64700 |  1568 |  8389k| 129.6 |   272M |  67 |1323 |2905 |3035 | 124k|  0 |  65k|  32 | 0.000000e+00 |      --      |    Inf |  47.55%
 time | node  | left  |LP iter|LP it/n|mem/heur|mdpt |vars |cons |rows |cuts |sepa|confs|strbr|  dualbound   | primalbound  |  gap   | compl. 
 1092s| 64800 |  1571 |  8394k| 129.5 |   272M |  67 |1323 |2885 |3007 | 124k|  2 |  65k|  32 | 0.000000e+00 |      --      |    Inf |  47.55%
 1093s| 64900 |  1578 |  8401k| 129.4 |   272M |  67 |1323 |2831 |3027 | 124k|  1 |  66k|  32 | 0.000000e+00 |      --      |    Inf |  47.55%
 1093s| 65000 |  1569 |  8406k| 129.3 |   272M |  67 |1323 |2809 |2886 | 124k|  2 |  66k|  32 | 0.000000e+00 |      --      |    Inf |  47.55%
 1094s| 65100 |  1573 |  8411k| 129.2 |   272M |  67 |1323 |2836 |3005 | 124k|  1 |  66k|  32 | 0.000000e+00 |      --      |    Inf |  47.55%
 1094s| 65200 |  1574 |  8416k| 129.0 |   273M |  67 |1323 |2852 |3019 | 124k|  0 |  66k|  32 | 0.000000e+00 |      --      |    Inf |  47.55%
 1095s| 65300 |  1574 |  8420k| 128.9 |   273M |  67 |1323 |2865 |3057 | 124k|  2 |  66k|  32 | 0.000000e+00 |      --      |    Inf |  47.55%
 1096s| 65400 |  1566 |  8426k| 128.8 |   273M |  67 |1323 |2895 |3029 | 124k|  0 |  66k|  32 | 0.000000e+00 |      --      |    Inf |  47.55%
 1096s| 65500 |  1567 |  8430k| 128.7 |   273M |  67 |1323 |2928 |3022 | 124k|  1 |  66k|  32 | 0.000000e+00 |      --      |    Inf |  47.55%
 1097s| 65600 |  1564 |  8435k| 128.5 |   273M |  67 |1323 |2923 |2984 | 125k|  0 |  66k|  32 | 0.000000e+00 |      --      |    Inf |  47.55%
 1097s| 65700 |  1565 |  8439k| 128.4 |   273M |  67 |1323 |2870 |3002 | 125k|  0 |  66k|  32 | 0.000000e+00 |      --      |    Inf |  47.55%
 1098s| 65800 |  1578 |  8445k| 128.3 |   273M |  67 |1323 |2851 |3006 | 125k|  1 |  66k|  32 | 0.000000e+00 |      --      |    Inf |  47.55%
 1099s| 65900 |  1588 |  8452k| 128.2 |   273M |  67 |1323 |2853 |3012 | 125k|  2 |  66k|  32 | 0.000000e+00 |      --      |    Inf |  47.55%
 1100s| 66000 |  1600 |  8458k| 128.1 |   273M |  67 |1323 |2864 |3016 | 125k|  2 |  66k|  32 | 0.000000e+00 |      --      |    Inf |  47.55%
 1101s| 66100 |  1582 |  8464k| 128.0 |   273M |  67 |1323 |2886 |3064 | 125k|  0 |  66k|  32 | 0.000000e+00 |      --      |    Inf |  47.55%
 1101s| 66200 |  1578 |  8469k| 127.9 |   273M |  67 |1323 |2883 |3070 | 125k|  1 |  66k|  32 | 0.000000e+00 |      --      |    Inf |  47.55%
 time | node  | left  |LP iter|LP it/n|mem/heur|mdpt |vars |cons |rows |cuts |sepa|confs|strbr|  dualbound   | primalbound  |  gap   | compl. 
 1102s| 66300 |  1570 |  8474k| 127.8 |   273M |  67 |1323 |2918 |3007 | 125k|  0 |  66k|  32 | 0.000000e+00 |      --      |    Inf |  47.55%
 1102s| 66400 |  1571 |  8481k| 127.7 |   273M |  67 |1323 |2923 |3073 | 125k|  0 |  66k|  32 | 0.000000e+00 |      --      |    Inf |  47.55%
 1103s| 66500 |  1571 |  8486k| 127.6 |   273M |  67 |1323 |2922 |3084 | 125k|  1 |  66k|  32 | 0.000000e+00 |      --      |    Inf |  47.55%
 1104s| 66600 |  1575 |  8493k| 127.5 |   273M |  67 |1323 |2923 |3029 | 125k|  2 |  66k|  32 | 0.000000e+00 |      --      |    Inf |  47.55%
 1105s| 66700 |  1573 |  8499k| 127.4 |   273M |  67 |1323 |2949 |3040 | 125k|  1 |  66k|  32 | 0.000000e+00 |      --      |    Inf |  47.55%
 1105s| 66800 |  1568 |  8506k| 127.3 |   273M |  67 |1323 |2972 |3073 | 126k|  0 |  66k|  32 | 0.000000e+00 |      --      |    Inf |  47.55%
 1106s| 66900 |  1564 |  8514k| 127.2 |   273M |  67 |1323 |2956 |2991 | 126k|  1 |  66k|  32 | 0.000000e+00 |      --      |    Inf |  47.55%
 1106s| 67000 |  1568 |  8518k| 127.1 |   273M |  67 |1323 |2984 |2993 | 126k|  1 |  66k|  32 | 0.000000e+00 |      --      |    Inf |  47.55%
 1107s| 67100 |  1566 |  8522k| 127.0 |   273M |  67 |1323 |3003 |2994 | 126k|  1 |  66k|  32 | 0.000000e+00 |      --      |    Inf |  47.55%
 1107s| 67200 |  1568 |  8527k| 126.8 |   273M |  67 |1323 |2983 |2995 | 126k|  0 |  66k|  32 | 0.000000e+00 |      --      |    Inf |  47.55%
 1108s| 67300 |  1564 |  8532k| 126.7 |   273M |  67 |1323 |2990 |3002 | 126k|  1 |  66k|  32 | 0.000000e+00 |      --      |    Inf |  47.55%
 1109s| 67400 |  1558 |  8537k| 126.6 |   273M |  67 |1323 |2950 |3015 | 126k|  1 |  66k|  32 | 0.000000e+00 |      --      |    Inf |  47.55%
 1109s| 67500 |  1560 |  8546k| 126.6 |   273M |  67 |1323 |2909 |3075 | 126k|  1 |  66k|  32 | 0.000000e+00 |      --      |    Inf |  47.55%
 1110s| 67600 |  1561 |  8552k| 126.5 |   273M |  67 |1323 |2856 |3056 | 126k|  2 |  66k|  32 | 0.000000e+00 |      --      |    Inf |  47.55%
 1111s| 67700 |  1560 |  8560k| 126.4 |   273M |  67 |1323 |2909 |3077 | 126k|  0 |  66k|  32 | 0.000000e+00 |      --      |    Inf |  47.55%
 time | node  | left  |LP iter|LP it/n|mem/heur|mdpt |vars |cons |rows |cuts |sepa|confs|strbr|  dualbound   | primalbound  |  gap   | compl. 
 1112s| 67800 |  1565 |  8567k| 126.3 |   273M |  67 |1323 |2958 |3102 | 126k|  1 |  67k|  32 | 0.000000e+00 |      --      |    Inf |  47.55%
 1113s| 67900 |  1569 |  8575k| 126.3 |   273M |  67 |1323 |2993 |3110 | 126k|  1 |  67k|  32 | 0.000000e+00 |      --      |    Inf |  47.55%
 1114s| 68000 |  1568 |  8583k| 126.2 |   273M |  67 |1323 |3073 |3080 | 127k|  0 |  67k|  32 | 0.000000e+00 |      --      |    Inf |  47.55%
 1114s| 68100 |  1564 |  8590k| 126.1 |   273M |  67 |1323 |3148 |3077 | 127k|  2 |  67k|  32 | 0.000000e+00 |      --      |    Inf |  47.55%
 1115s| 68200 |  1565 |  8598k| 126.0 |   273M |  67 |1323 |3178 |3074 | 127k|  1 |  67k|  32 | 0.000000e+00 |      --      |    Inf |  47.55%
 1116s| 68300 |  1562 |  8605k| 126.0 |   273M |  67 |1323 |3190 |3064 | 127k|  2 |  67k|  32 | 0.000000e+00 |      --      |    Inf |  47.55%
 1117s| 68400 |  1561 |  8614k| 125.9 |   273M |  67 |1323 |3195 |3114 | 127k|  2 |  67k|  32 | 0.000000e+00 |      --      |    Inf |  47.55%
 1117s| 68500 |  1565 |  8620k| 125.8 |   273M |  67 |1323 |3176 |3116 | 127k|  2 |  67k|  32 | 0.000000e+00 |      --      |    Inf |  47.55%
 1118s| 68600 |  1562 |  8625k| 125.7 |   273M |  67 |1323 |3167 |3124 | 127k|  0 |  67k|  32 | 0.000000e+00 |      --      |    Inf |  47.55%
 1118s| 68700 |  1561 |  8629k| 125.6 |   273M |  67 |1323 |3180 |3130 | 127k|  0 |  67k|  32 | 0.000000e+00 |      --      |    Inf |  47.55%
 1119s| 68800 |  1557 |  8635k| 125.5 |   273M |  67 |1323 |3216 |3123 | 127k|  1 |  67k|  32 | 0.000000e+00 |      --      |    Inf |  47.55%
 1120s| 68900 |  1560 |  8640k| 125.4 |   273M |  67 |1323 |3237 |3117 | 127k|  0 |  67k|  32 | 0.000000e+00 |      --      |    Inf |  47.55%
 1120s| 69000 |  1556 |  8646k| 125.3 |   273M |  67 |1323 |3296 |3125 | 127k|  0 |  67k|  32 | 0.000000e+00 |      --      |    Inf |  47.55%
 1121s| 69100 |  1561 |  8651k| 125.2 |   273M |  67 |1323 |3219 |3136 | 127k|  1 |  67k|  32 | 0.000000e+00 |      --      |    Inf |  47.55%
 1122s| 69200 |  1575 |  8659k| 125.1 |   273M |  67 |1323 |3167 |2830 | 128k|  2 |  68k|  32 | 0.000000e+00 |      --      |    Inf |  47.55%
 time | node  | left  |LP iter|LP it/n|mem/heur|mdpt |vars |cons |rows |cuts |sepa|confs|strbr|  dualbound   | primalbound  |  gap   | compl. 
 1123s| 69300 |  1580 |  8670k| 125.1 |   273M |  67 |1323 |3117 |2808 | 128k|  2 |  68k|  32 | 0.000000e+00 |      --      |    Inf |  47.55%
 1124s| 69400 |  1566 |  8682k| 125.1 |   273M |  67 |1323 |3034 |2828 | 128k|  1 |  68k|  32 | 0.000000e+00 |      --      |    Inf |  47.55%
 1125s| 69500 |  1566 |  8696k| 125.1 |   273M |  67 |1323 |3099 |2835 | 128k|  2 |  68k|  32 | 0.000000e+00 |      --      |    Inf |  47.55%
 1127s| 69600 |  1572 |  8711k| 125.1 |   273M |  67 |1323 |3307 |2843 | 128k|  2 |  68k|  32 | 0.000000e+00 |      --      |    Inf |  47.55%
 1128s| 69700 |  1568 |  8722k| 125.1 |   273M |  67 |1323 |3506 |2846 | 128k|  0 |  68k|  32 | 0.000000e+00 |      --      |    Inf |  47.55%
 1129s| 69800 |  1570 |  8732k| 125.1 |   273M |  67 |1323 |3621 |2866 | 128k|  0 |  68k|  32 | 0.000000e+00 |      --      |    Inf |  47.55%
 1130s| 69900 |  1564 |  8744k| 125.1 |   273M |  67 |1323 |3617 |2839 | 128k|  2 |  69k|  32 | 0.000000e+00 |      --      |    Inf |  47.55%
 1132s| 70000 |  1591 |  8756k| 125.1 |   273M |  67 |1323 |3472 |2884 | 129k|  2 |  69k|  32 | 0.000000e+00 |      --      |    Inf |  47.55%
 1133s| 70100 |  1598 |  8765k| 125.0 |   273M |  67 |1323 |3419 |2840 | 129k|  2 |  69k|  32 | 0.000000e+00 |      --      |    Inf |  47.55%
 1134s| 70200 |  1583 |  8775k| 125.0 |   273M |  67 |1323 |3419 |2828 | 129k|  0 |  69k|  32 | 0.000000e+00 |      --      |    Inf |  47.55%
 1136s| 70300 |  1594 |  8787k| 125.0 |   273M |  67 |1323 |3339 |2930 | 129k|  2 |  69k|  32 | 0.000000e+00 |      --      |    Inf |  47.55%
 1137s| 70400 |  1597 |  8794k| 124.9 |   274M |  67 |1323 |3370 |2854 | 129k|  0 |  69k|  32 | 0.000000e+00 |      --      |    Inf |  47.55%
 1138s| 70500 |  1597 |  8802k| 124.8 |   274M |  67 |1323 |3286 |2899 | 130k|  1 |  69k|  32 | 0.000000e+00 |      --      |    Inf |  47.55%
 1139s| 70600 |  1601 |  8813k| 124.8 |   274M |  67 |1323 |3216 |   0 | 130k|  0 |  69k|  32 | 0.000000e+00 |      --      |    Inf |  47.56%
 1140s| 70700 |  1602 |  8821k| 124.7 |   274M |  67 |1323 |3082 |2956 | 130k|  1 |  69k|  32 | 0.000000e+00 |      --      |    Inf |  47.56%
 time | node  | left  |LP iter|LP it/n|mem/heur|mdpt |vars |cons |rows |cuts |sepa|confs|strbr|  dualbound   | primalbound  |  gap   | compl. 
 1141s| 70800 |  1586 |  8831k| 124.7 |   274M |  67 |1323 |3061 |2868 | 130k|  2 |  69k|  32 | 0.000000e+00 |      --      |    Inf |  47.56%
 1142s| 70900 |  1560 |  8840k| 124.6 |   274M |  67 |1323 |3032 |2922 | 130k|  0 |  69k|  32 | 0.000000e+00 |      --      |    Inf |  47.56%
 1143s| 71000 |  1568 |  8848k| 124.6 |   274M |  67 |1323 |3053 |   0 | 131k|  0 |  69k|  32 | 0.000000e+00 |      --      |    Inf |  47.56%
 1144s| 71100 |  1571 |  8858k| 124.5 |   274M |  67 |1323 |3068 |2841 | 131k|  2 |  69k|  32 | 0.000000e+00 |      --      |    Inf |  47.56%
 1145s| 71200 |  1575 |  8867k| 124.5 |   274M |  67 |1323 |3117 |2836 | 131k|  2 |  69k|  32 | 0.000000e+00 |      --      |    Inf |  47.56%
 1146s| 71300 |  1565 |  8876k| 124.4 |   274M |  67 |1323 |3140 |2826 | 132k|  2 |  69k|  32 | 0.000000e+00 |      --      |    Inf |  47.56%
 1147s| 71400 |  1572 |  8883k| 124.4 |   274M |  67 |1323 |3155 |2837 | 132k|  2 |  69k|  32 | 0.000000e+00 |      --      |    Inf |  47.56%
 1148s| 71500 |  1573 |  8891k| 124.3 |   274M |  67 |1323 |3175 |2827 | 132k|  2 |  69k|  32 | 0.000000e+00 |      --      |    Inf |  47.57%
 1148s| 71600 |  1594 |  8896k| 124.2 |   274M |  67 |1323 |3175 |2830 | 132k|  2 |  69k|  32 | 0.000000e+00 |      --      |    Inf |  47.57%
 1149s| 71700 |  1582 |  8901k| 124.1 |   274M |  67 |1323 |3188 |2798 | 132k|  2 |  69k|  32 | 0.000000e+00 |      --      |    Inf |  47.57%
 1150s| 71800 |  1592 |  8909k| 124.0 |   274M |  67 |1323 |3220 |2858 | 133k|  2 |  69k|  32 | 0.000000e+00 |      --      |    Inf |  47.57%
 1151s| 71900 |  1574 |  8915k| 124.0 |   274M |  67 |1323 |3224 |2818 | 133k|  0 |  69k|  32 | 0.000000e+00 |      --      |    Inf |  47.57%
 1152s| 72000 |  1569 |  8924k| 123.9 |   274M |  67 |1323 |3238 |2884 | 133k|  1 |  69k|  32 | 0.000000e+00 |      --      |    Inf |  47.57%
 1153s| 72100 |  1557 |  8932k| 123.8 |   274M |  67 |1323 |3070 |2785 | 134k|  2 |  70k|  32 | 0.000000e+00 |      --      |    Inf |  47.77%
 1154s| 72200 |  1561 |  8944k| 123.8 |   274M |  67 |1323 |2821 |3174 | 134k|  0 |  70k|  32 | 0.000000e+00 |      --      |    Inf |  48.16%
 time | node  | left  |LP iter|LP it/n|mem/heur|mdpt |vars |cons |rows |cuts |sepa|confs|strbr|  dualbound   | primalbound  |  gap   | compl. 
 1156s| 72300 |  1558 |  8961k| 123.9 |   274M |  67 |1323 |2889 |3105 | 134k|  0 |  70k|  32 | 0.000000e+00 |      --      |    Inf |  48.36%
 1157s| 72400 |  1568 |  8972k| 123.9 |   274M |  67 |1323 |2976 |3188 | 134k|  2 |  70k|  32 | 0.000000e+00 |      --      |    Inf |  48.37%
 1159s| 72500 |  1559 |  8986k| 123.9 |   274M |  67 |1323 |3038 |2686 | 135k|  1 |  70k|  32 | 0.000000e+00 |      --      |    Inf |  48.37%
 1160s| 72600 |  1564 |  9000k| 123.9 |   274M |  67 |1323 |2934 |2998 | 135k|  0 |  70k|  32 | 0.000000e+00 |      --      |    Inf |  48.37%
 1162s| 72700 |  1560 |  9015k| 124.0 |   274M |  67 |1323 |2862 |2743 | 135k|  2 |  70k|  32 | 0.000000e+00 |      --      |    Inf |  48.37%
 1163s| 72800 |  1561 |  9028k| 124.0 |   274M |  67 |1323 |2913 |2742 | 135k|  2 |  70k|  32 | 0.000000e+00 |      --      |    Inf |  48.37%
 1164s| 72900 |  1577 |  9043k| 124.0 |   274M |  67 |1323 |2980 |2753 | 135k|  2 |  70k|  32 | 0.000000e+00 |      --      |    Inf |  48.37%
 1166s| 73000 |  1563 |  9057k| 124.0 |   274M |  67 |1323 |3067 |2896 | 135k|  1 |  71k|  32 | 0.000000e+00 |      --      |    Inf |  48.37%
 1167s| 73100 |  1565 |  9074k| 124.1 |   274M |  67 |1323 |3030 |2720 | 135k|  2 |  71k|  32 | 0.000000e+00 |      --      |    Inf |  48.37%
 1169s| 73200 |  1573 |  9089k| 124.1 |   274M |  67 |1323 |2955 |2927 | 136k|  2 |  71k|  32 | 0.000000e+00 |      --      |    Inf |  48.38%
 1170s| 73300 |  1575 |  9103k| 124.1 |   274M |  67 |1323 |3030 |2856 | 136k|  0 |  71k|  32 | 0.000000e+00 |      --      |    Inf |  48.38%
 1171s| 73400 |  1575 |  9114k| 124.1 |   274M |  67 |1323 |3042 |2780 | 136k|  1 |  71k|  32 | 0.000000e+00 |      --      |    Inf |  48.42%
 1173s| 73500 |  1573 |  9132k| 124.2 |   274M |  67 |1323 |2981 |3292 | 136k|  2 |  71k|  32 | 0.000000e+00 |      --      |    Inf |  48.42%
 1174s| 73600 |  1580 |  9146k| 124.2 |   274M |  67 |1323 |2956 |2823 | 136k|  1 |  71k|  32 | 0.000000e+00 |      --      |    Inf |  48.43%
 1176s| 73700 |  1552 |  9162k| 124.3 |   274M |  67 |1323 |2883 |3130 | 136k|  2 |  71k|  32 | 0.000000e+00 |      --      |    Inf |  48.44%
 time | node  | left  |LP iter|LP it/n|mem/heur|mdpt |vars |cons |rows |cuts |sepa|confs|strbr|  dualbound   | primalbound  |  gap   | compl. 
 1177s| 73800 |  1567 |  9174k| 124.3 |   274M |  67 |1323 |2888 |3304 | 136k|  2 |  71k|  32 | 0.000000e+00 |      --      |    Inf |  48.63%
 1178s| 73900 |  1559 |  9187k| 124.3 |   274M |  67 |1323 |2972 |3293 | 136k|  1 |  71k|  32 | 0.000000e+00 |      --      |    Inf |  48.65%
 1180s| 74000 |  1586 |  9201k| 124.3 |   274M |  67 |1323 |3041 |3308 | 136k|  1 |  71k|  32 | 0.000000e+00 |      --      |    Inf |  48.65%
 1181s| 74100 |  1586 |  9217k| 124.3 |   274M |  67 |1323 |3163 |3310 | 136k|  2 |  72k|  32 | 0.000000e+00 |      --      |    Inf |  48.65%
 1182s| 74200 |  1586 |  9231k| 124.4 |   274M |  67 |1323 |3303 |3313 | 136k|  0 |  72k|  32 | 0.000000e+00 |      --      |    Inf |  48.65%
 1184s| 74300 |  1579 |  9247k| 124.4 |   274M |  67 |1323 |3389 |3303 | 136k|  0 |  72k|  32 | 0.000000e+00 |      --      |    Inf |  48.65%
 1185s| 74400 |  1553 |  9264k| 124.5 |   274M |  67 |1323 |3235 |2884 | 137k|  0 |  72k|  32 | 0.000000e+00 |      --      |    Inf |  48.68%
 1186s| 74500 |  1559 |  9277k| 124.5 |   274M |  67 |1323 |3298 |2958 | 137k|  2 |  72k|  32 | 0.000000e+00 |      --      |    Inf |  48.68%
 1188s| 74600 |  1560 |  9292k| 124.5 |   274M |  67 |1323 |3354 |2873 | 137k|  0 |  72k|  32 | 0.000000e+00 |      --      |    Inf |  48.69%
 1189s| 74700 |  1546 |  9304k| 124.5 |   274M |  67 |1323 |3187 |2795 | 137k|  0 |  72k|  32 | 0.000000e+00 |      --      |    Inf |  48.80%
 1190s| 74800 |  1562 |  9312k| 124.5 |   275M |  67 |1323 |3241 |2831 | 137k|  2 |  72k|  32 | 0.000000e+00 |      --      |    Inf |  48.80%
 1191s| 74900 |  1565 |  9317k| 124.4 |   275M |  67 |1323 |3281 |2834 | 137k|  0 |  73k|  32 | 0.000000e+00 |      --      |    Inf |  48.80%
 1191s| 75000 |  1575 |  9322k| 124.3 |   275M |  67 |1323 |3271 |2844 | 138k|  2 |  73k|  32 | 0.000000e+00 |      --      |    Inf |  48.80%
 1192s| 75100 |  1573 |  9327k| 124.2 |   275M |  67 |1323 |3295 |2865 | 138k|  1 |  73k|  32 | 0.000000e+00 |      --      |    Inf |  48.80%
 1192s| 75200 |  1571 |  9332k| 124.1 |   275M |  67 |1323 |3363 |2865 | 138k|  2 |  73k|  32 | 0.000000e+00 |      --      |    Inf |  48.80%
 time | node  | left  |LP iter|LP it/n|mem/heur|mdpt |vars |cons |rows |cuts |sepa|confs|strbr|  dualbound   | primalbound  |  gap   | compl. 
 1193s| 75300 |  1570 |  9335k| 123.9 |   275M |  67 |1323 |3396 |2860 | 138k|  2 |  73k|  32 | 0.000000e+00 |      --      |    Inf |  48.80%
 1193s| 75400 |  1571 |  9339k| 123.8 |   275M |  67 |1323 |3487 |2876 | 138k|  0 |  73k|  32 | 0.000000e+00 |      --      |    Inf |  48.80%
 1194s| 75500 |  1567 |  9342k| 123.7 |   276M |  67 |1323 |3485 |2885 | 138k|  0 |  73k|  32 | 0.000000e+00 |      --      |    Inf |  48.80%
 1195s| 75600 |  1583 |  9346k| 123.6 |   276M |  67 |1323 |3449 |2872 | 138k|  1 |  73k|  32 | 0.000000e+00 |      --      |    Inf |  48.80%
 1195s| 75700 |  1582 |  9350k| 123.5 |   276M |  67 |1323 |3481 |2881 | 138k|  1 |  73k|  32 | 0.000000e+00 |      --      |    Inf |  48.80%
 1196s| 75800 |  1573 |  9355k| 123.4 |   276M |  67 |1323 |3417 |2897 | 138k|  2 |  73k|  32 | 0.000000e+00 |      --      |    Inf |  48.80%
 1197s| 75900 |  1555 |  9364k| 123.3 |   276M |  67 |1323 |3266 |2807 | 138k|  2 |  73k|  32 | 0.000000e+00 |      --      |    Inf |  48.81%
 1198s| 76000 |  1556 |  9377k| 123.3 |   276M |  67 |1323 |3377 |2811 | 139k|  2 |  73k|  32 | 0.000000e+00 |      --      |    Inf |  48.81%
 1199s| 76100 |  1565 |  9388k| 123.3 |   276M |  67 |1323 |3520 |2843 | 139k|  1 |  74k|  32 | 0.000000e+00 |      --      |    Inf |  48.81%
 1200s| 76200 |  1563 |  9398k| 123.3 |   276M |  67 |1323 |3632 |2836 | 139k|  1 |  74k|  32 | 0.000000e+00 |      --      |    Inf |  48.81%
 1201s| 76300 |  1575 |  9409k| 123.3 |   276M |  67 |1323 |3768 |2836 | 139k|  0 |  74k|  32 | 0.000000e+00 |      --      |    Inf |  48.81%
 1202s| 76400 |  1567 |  9421k| 123.3 |   276M |  67 |1323 |3855 |2837 | 139k|  1 |  74k|  32 | 0.000000e+00 |      --      |    Inf |  48.81%
 1203s| 76500 |  1552 |  9435k| 123.3 |   276M |  67 |1323 |3862 |2820 | 139k|  0 |  74k|  32 | 0.000000e+00 |      --      |    Inf |  48.81%
 1204s| 76600 |  1559 |  9447k| 123.3 |   276M |  67 |1323 |3638 |2869 | 139k|  0 |  74k|  32 | 0.000000e+00 |      --      |    Inf |  48.82%
 1205s| 76700 |  1557 |  9459k| 123.3 |   276M |  67 |1323 |3713 |2862 | 139k|  0 |  74k|  32 | 0.000000e+00 |      --      |    Inf |  48.82%
 time | node  | left  |LP iter|LP it/n|mem/heur|mdpt |vars |cons |rows |cuts |sepa|confs|strbr|  dualbound   | primalbound  |  gap   | compl. 
 1206s| 76800 |  1560 |  9470k| 123.3 |   276M |  67 |1323 |3821 |2880 | 140k|  0 |  75k|  32 | 0.000000e+00 |      --      |    Inf |  48.82%
 1208s| 76900 |  1573 |  9483k| 123.3 |   276M |  67 |1323 |3874 |2885 | 140k|  2 |  75k|  32 | 0.000000e+00 |      --      |    Inf |  48.82%
 1209s| 77000 |  1576 |  9495k| 123.3 |   276M |  67 |1323 |3977 |2872 | 140k|  2 |  75k|  32 | 0.000000e+00 |      --      |    Inf |  48.82%
 1209s| 77100 |  1575 |  9501k| 123.2 |   276M |  67 |1323 |4081 |2910 | 140k|  2 |  75k|  32 | 0.000000e+00 |      --      |    Inf |  48.82%
 1211s| 77200 |  1573 |  9512k| 123.2 |   276M |  67 |1323 |4181 |2891 | 140k|  0 |  75k|  32 | 0.000000e+00 |      --      |    Inf |  48.82%
 1212s| 77300 |  1573 |  9530k| 123.2 |   276M |  67 |1323 |4255 |2853 | 140k|  2 |  75k|  32 | 0.000000e+00 |      --      |    Inf |  48.82%
 1214s| 77400 |  1582 |  9549k| 123.3 |   276M |  67 |1323 |4370 |2931 | 141k|  0 |  75k|  32 | 0.000000e+00 |      --      |    Inf |  48.82%
 1215s| 77500 |  1592 |  9567k| 123.4 |   276M |  67 |1323 |4462 |2887 | 141k|  2 |  75k|  32 | 0.000000e+00 |      --      |    Inf |  48.82%
 1217s| 77600 |  1586 |  9585k| 123.5 |   276M |  67 |1323 |4474 |2863 | 141k|  2 |  76k|  32 | 0.000000e+00 |      --      |    Inf |  48.82%
 1218s| 77700 |  1590 |  9596k| 123.5 |   276M |  67 |1323 |4585 |2935 | 141k|  0 |  76k|  32 | 0.000000e+00 |      --      |    Inf |  48.82%
 1219s| 77800 |  1590 |  9608k| 123.5 |   276M |  67 |1323 |4694 |2946 | 141k|  2 |  76k|  32 | 0.000000e+00 |      --      |    Inf |  48.82%
 1221s| 77900 |  1580 |  9621k| 123.5 |   276M |  67 |1323 |4743 |2852 | 141k|  2 |  76k|  32 | 0.000000e+00 |      --      |    Inf |  48.82%
 1222s| 78000 |  1583 |  9633k| 123.5 |   277M |  67 |1323 |4652 |3161 | 142k|  2 |  76k|  32 | 0.000000e+00 |      --      |    Inf |  48.82%
 1225s| 78100 |  1579 |  9649k| 123.5 |   277M |  67 |1323 |4743 |   0 | 142k|  0 |  76k|  32 | 0.000000e+00 |      --      |    Inf |  48.82%
 1227s| 78200 |  1573 |  9668k| 123.6 |   277M |  67 |1323 |4795 |3024 | 142k|  2 |  76k|  32 | 0.000000e+00 |      --      |    Inf |  48.82%
 time | node  | left  |LP iter|LP it/n|mem/heur|mdpt |vars |cons |rows |cuts |sepa|confs|strbr|  dualbound   | primalbound  |  gap   | compl. 
 1229s| 78300 |  1586 |  9687k| 123.7 |   277M |  67 |1323 |4859 |3176 | 142k|  1 |  76k|  32 | 0.000000e+00 |      --      |    Inf |  48.82%
 1231s| 78400 |  1588 |  9707k| 123.8 |   277M |  67 |1323 |4953 |3168 | 143k|  1 |  76k|  32 | 0.000000e+00 |      --      |    Inf |  48.82%
 1234s| 78500 |  1591 |  9729k| 123.9 |   277M |  67 |1323 |5059 |3112 | 143k|  2 |  77k|  32 | 0.000000e+00 |      --      |    Inf |  48.82%
 1236s| 78600 |  1591 |  9754k| 124.1 |   277M |  67 |1323 |5161 |3145 | 143k|  2 |  77k|  32 | 0.000000e+00 |      --      |    Inf |  48.82%
 1238s| 78700 |  1583 |  9770k| 124.1 |   277M |  67 |1323 |5100 |3092 | 144k|  2 |  77k|  32 | 0.000000e+00 |      --      |    Inf |  48.82%
 1240s| 78800 |  1588 |  9784k| 124.1 |   277M |  67 |1323 |5176 |3121 | 144k|  1 |  77k|  32 | 0.000000e+00 |      --      |    Inf |  48.82%
 1242s| 78900 |  1584 |  9802k| 124.2 |   277M |  67 |1323 |5254 |3139 | 144k|  1 |  77k|  32 | 0.000000e+00 |      --      |    Inf |  48.82%
 1244s| 79000 |  1586 |  9821k| 124.3 |   277M |  67 |1323 |5207 |2895 | 144k|  0 |  77k|  32 | 0.000000e+00 |      --      |    Inf |  48.82%
 1246s| 79100 |  1582 |  9839k| 124.4 |   277M |  67 |1323 |5182 |3292 | 144k|  0 |  77k|  32 | 0.000000e+00 |      --      |    Inf |  48.82%
 1248s| 79200 |  1584 |  9856k| 124.4 |   278M |  67 |1323 |4969 |2983 | 145k|  0 |  77k|  32 | 0.000000e+00 |      --      |    Inf |  48.82%
 1250s| 79300 |  1570 |  9872k| 124.5 |   278M |  67 |1323 |4814 |3082 | 145k|  0 |  78k|  32 | 0.000000e+00 |      --      |    Inf |  48.82%
 1252s| 79400 |  1576 |  9888k| 124.5 |   278M |  67 |1323 |4641 |   0 | 145k|  0 |  78k|  32 | 0.000000e+00 |      --      |    Inf |  48.82%
 1254s| 79500 |  1571 |  9908k| 124.6 |   278M |  67 |1323 |4640 |2916 | 146k|  0 |  78k|  32 | 0.000000e+00 |      --      |    Inf |  48.82%
 1255s| 79600 |  1567 |  9920k| 124.6 |   278M |  67 |1323 |4477 |2916 | 146k|  2 |  78k|  32 | 0.000000e+00 |      --      |    Inf |  48.82%
 1257s| 79700 |  1575 |  9934k| 124.6 |   278M |  67 |1323 |4382 |2857 | 146k|  2 |  78k|  32 | 0.000000e+00 |      --      |    Inf |  48.82%
 time | node  | left  |LP iter|LP it/n|mem/heur|mdpt |vars |cons |rows |cuts |sepa|confs|strbr|  dualbound   | primalbound  |  gap   | compl. 
 1258s| 79800 |  1578 |  9951k| 124.7 |   278M |  67 |1323 |4463 |2843 | 147k|  2 |  78k|  32 | 0.000000e+00 |      --      |    Inf |  48.82%
 1260s| 79900 |  1584 |  9968k| 124.7 |   278M |  67 |1323 |4555 |2935 | 147k|  0 |  78k|  32 | 0.000000e+00 |      --      |    Inf |  48.82%
 1262s| 80000 |  1578 |  9982k| 124.7 |   278M |  67 |1323 |4650 |2926 | 147k|  2 |  78k|  32 | 0.000000e+00 |      --      |    Inf |  48.82%
 1263s| 80100 |  1578 |  9995k| 124.7 |   278M |  67 |1323 |4657 |2864 | 147k|  0 |  78k|  32 | 0.000000e+00 |      --      |    Inf |  48.82%
 1264s| 80200 |  1589 | 10008k| 124.8 |   278M |  67 |1323 |4698 |2968 | 147k|  0 |  79k|  32 | 0.000000e+00 |      --      |    Inf |  48.82%
 1265s| 80300 |  1587 | 10019k| 124.7 |   278M |  67 |1323 |4788 |2960 | 148k|  0 |  79k|  32 | 0.000000e+00 |      --      |    Inf |  48.82%
 1266s| 80400 |  1597 | 10030k| 124.7 |   279M |  67 |1323 |4881 |3007 | 148k|  0 |  79k|  32 | 0.000000e+00 |      --      |    Inf |  48.82%
 1267s| 80500 |  1598 | 10041k| 124.7 |   279M |  67 |1323 |4999 |2998 | 148k|  1 |  79k|  32 | 0.000000e+00 |      --      |    Inf |  48.82%
 1268s| 80600 |  1593 | 10052k| 124.7 |   279M |  67 |1323 |5144 |3028 | 148k|  0 |  79k|  32 | 0.000000e+00 |      --      |    Inf |  48.82%
 1270s| 80700 |  1594 | 10061k| 124.6 |   279M |  67 |1323 |5059 |2966 | 148k|  2 |  79k|  32 | 0.000000e+00 |      --      |    Inf |  48.82%
 1271s| 80800 |  1595 | 10069k| 124.6 |   279M |  67 |1323 |5201 |2973 | 148k|  1 |  79k|  32 | 0.000000e+00 |      --      |    Inf |  48.82%
 1272s| 80900 |  1592 | 10078k| 124.5 |   279M |  67 |1323 |5204 |2976 | 148k|  1 |  79k|  32 | 0.000000e+00 |      --      |    Inf |  48.82%
 1273s| 81000 |  1586 | 10087k| 124.5 |   279M |  67 |1323 |5151 |2987 | 148k|  0 |  79k|  32 | 0.000000e+00 |      --      |    Inf |  48.82%
 1274s| 81100 |  1584 | 10098k| 124.5 |   279M |  67 |1323 |5185 |3006 | 148k|  2 |  80k|  32 | 0.000000e+00 |      --      |    Inf |  48.82%
 1276s| 81200 |  1590 | 10106k| 124.4 |   279M |  67 |1323 |5077 |2954 | 148k|  0 |  80k|  32 | 0.000000e+00 |      --      |    Inf |  48.82%
 time | node  | left  |LP iter|LP it/n|mem/heur|mdpt |vars |cons |rows |cuts |sepa|confs|strbr|  dualbound   | primalbound  |  gap   | compl. 
 1277s| 81300 |  1583 | 10120k| 124.4 |   279M |  67 |1323 |4907 |3027 | 149k|  1 |  80k|  32 | 0.000000e+00 |      --      |    Inf |  48.82%
 1279s| 81400 |  1582 | 10131k| 124.4 |   279M |  67 |1323 |4782 |2849 | 149k|  1 |  80k|  32 | 0.000000e+00 |      --      |    Inf |  48.82%
 1280s| 81500 |  1583 | 10144k| 124.4 |   279M |  67 |1323 |4805 |2903 | 149k|  0 |  80k|  32 | 0.000000e+00 |      --      |    Inf |  48.82%
 1281s| 81600 |  1576 | 10156k| 124.4 |   279M |  67 |1323 |4741 |2935 | 149k|  0 |  80k|  32 | 0.000000e+00 |      --      |    Inf |  48.82%
 1283s| 81700 |  1576 | 10170k| 124.4 |   279M |  67 |1323 |4642 |2844 | 149k|  1 |  80k|  32 | 0.000000e+00 |      --      |    Inf |  48.82%
 1284s| 81800 |  1580 | 10181k| 124.4 |   280M |  67 |1323 |4675 |2897 | 150k|  0 |  80k|  32 | 0.000000e+00 |      --      |    Inf |  48.82%
 1285s| 81900 |  1574 | 10195k| 124.4 |   280M |  67 |1323 |4492 |2833 | 150k|  1 |  80k|  32 | 0.000000e+00 |      --      |    Inf |  48.82%
 1287s| 82000 |  1571 | 10205k| 124.4 |   280M |  67 |1323 |4316 |2825 | 150k|  2 |  81k|  32 | 0.000000e+00 |      --      |    Inf |  48.82%
 1288s| 82100 |  1587 | 10217k| 124.4 |   280M |  67 |1323 |4114 |2829 | 150k|  2 |  81k|  32 | 0.000000e+00 |      --      |    Inf |  48.83%
 1289s| 82200 |  1573 | 10228k| 124.4 |   280M |  67 |1323 |4037 |   0 | 150k|  0 |  81k|  32 | 0.000000e+00 |      --      |    Inf |  48.84%
 1290s| 82300 |  1598 | 10239k| 124.4 |   280M |  67 |1323 |4022 |2884 | 151k|  0 |  81k|  32 | 0.000000e+00 |      --      |    Inf |  48.84%
 1291s| 82400 |  1591 | 10249k| 124.3 |   280M |  67 |1323 |4086 |2932 | 151k|  0 |  81k|  32 | 0.000000e+00 |      --      |    Inf |  48.85%
 1292s| 82500 |  1595 | 10258k| 124.3 |   280M |  67 |1323 |4118 |2867 | 151k|  2 |  81k|  32 | 0.000000e+00 |      --      |    Inf |  48.85%
 1293s| 82600 |  1593 | 10266k| 124.3 |   280M |  67 |1323 |4188 |2969 | 151k|  0 |  81k|  32 | 0.000000e+00 |      --      |    Inf |  48.85%
 1294s| 82700 |  1602 | 10273k| 124.2 |   280M |  67 |1323 |4217 |2904 | 152k|  1 |  81k|  32 | 0.000000e+00 |      --      |    Inf |  48.85%
 time | node  | left  |LP iter|LP it/n|mem/heur|mdpt |vars |cons |rows |cuts |sepa|confs|strbr|  dualbound   | primalbound  |  gap   | compl. 
 1294s| 82800 |  1597 | 10278k| 124.1 |   280M |  67 |1323 |4236 |2936 | 152k|  2 |  81k|  32 | 0.000000e+00 |      --      |    Inf |  48.85%
 1295s| 82900 |  1604 | 10287k| 124.1 |   280M |  67 |1323 |4308 |2912 | 152k|  0 |  81k|  32 | 0.000000e+00 |      --      |    Inf |  48.85%
 1296s| 83000 |  1599 | 10293k| 124.0 |   280M |  67 |1323 |4403 |2938 | 152k|  1 |  81k|  32 | 0.000000e+00 |      --      |    Inf |  48.85%
 1297s| 83100 |  1597 | 10303k| 123.9 |   280M |  67 |1323 |4327 |   0 | 152k|  0 |  82k|  32 | 0.000000e+00 |      --      |    Inf |  48.86%
 1298s| 83200 |  1599 | 10314k| 123.9 |   280M |  67 |1323 |4419 |2907 | 152k|  1 |  82k|  32 | 0.000000e+00 |      --      |    Inf |  48.86%
 1299s| 83300 |  1595 | 10323k| 123.9 |   280M |  67 |1323 |4399 |2906 | 153k|  2 |  82k|  32 | 0.000000e+00 |      --      |    Inf |  48.86%
 1300s| 83400 |  1592 | 10332k| 123.9 |   280M |  67 |1323 |4381 |2856 | 153k|  2 |  82k|  32 | 0.000000e+00 |      --      |    Inf |  48.86%
 1301s| 83500 |  1594 | 10338k| 123.8 |   280M |  67 |1323 |4420 |2897 | 153k|  2 |  82k|  32 | 0.000000e+00 |      --      |    Inf |  48.86%
 1302s| 83600 |  1596 | 10345k| 123.7 |   280M |  67 |1323 |4521 |2884 | 153k|  2 |  82k|  32 | 0.000000e+00 |      --      |    Inf |  48.86%
 1302s| 83700 |  1595 | 10351k| 123.6 |   280M |  67 |1323 |4518 |2905 | 153k|  0 |  82k|  32 | 0.000000e+00 |      --      |    Inf |  48.86%
 1303s| 83800 |  1593 | 10357k| 123.6 |   280M |  67 |1323 |4519 |2889 | 153k|  2 |  82k|  32 | 0.000000e+00 |      --      |    Inf |  48.86%
 1304s| 83900 |  1589 | 10363k| 123.5 |   280M |  67 |1323 |4450 |2807 | 153k|  0 |  82k|  32 | 0.000000e+00 |      --      |    Inf |  48.86%
 1305s| 84000 |  1587 | 10372k| 123.4 |   280M |  67 |1323 |4276 |2866 | 154k|  2 |  82k|  32 | 0.000000e+00 |      --      |    Inf |  48.86%
 1306s| 84100 |  1571 | 10383k| 123.4 |   280M |  67 |1323 |4124 |2843 | 154k|  0 |  82k|  32 | 0.000000e+00 |      --      |    Inf |  48.86%
 1307s| 84200 |  1570 | 10395k| 123.4 |   280M |  67 |1323 |4008 |2817 | 154k|  1 |  82k|  32 | 0.000000e+00 |      --      |    Inf |  48.89%
 time | node  | left  |LP iter|LP it/n|mem/heur|mdpt |vars |cons |rows |cuts |sepa|confs|strbr|  dualbound   | primalbound  |  gap   | compl. 
 1309s| 84300 |  1583 | 10405k| 123.4 |   280M |  67 |1323 |3916 |2862 | 154k|  0 |  83k|  32 | 0.000000e+00 |      --      |    Inf |  48.89%
 1310s| 84400 |  1580 | 10417k| 123.4 |   280M |  67 |1323 |3946 |2857 | 155k|  0 |  83k|  32 | 0.000000e+00 |      --      |    Inf |  48.89%
 1311s| 84500 |  1579 | 10427k| 123.4 |   280M |  67 |1323 |3861 |2865 | 155k|  0 |  83k|  32 | 0.000000e+00 |      --      |    Inf |  48.91%
 1313s| 84600 |  1595 | 10440k| 123.4 |   280M |  67 |1323 |3917 |2978 | 155k|  0 |  83k|  32 | 0.000000e+00 |      --      |    Inf |  48.91%
 1314s| 84700 |  1596 | 10450k| 123.3 |   281M |  67 |1323 |3940 |2951 | 155k|  2 |  83k|  32 | 0.000000e+00 |      --      |    Inf |  48.91%
 1315s| 84800 |  1594 | 10455k| 123.3 |   281M |  67 |1323 |3952 |2971 | 156k|  0 |  83k|  32 | 0.000000e+00 |      --      |    Inf |  48.91%
 1316s| 84900 |  1595 | 10462k| 123.2 |   281M |  67 |1323 |3967 |2929 | 156k|  3 |  83k|  32 | 0.000000e+00 |      --      |    Inf |  48.91%
 1317s| 85000 |  1601 | 10468k| 123.1 |   281M |  67 |1323 |3994 |2980 | 156k|  2 |  83k|  32 | 0.000000e+00 |      --      |    Inf |  48.91%
 1318s| 85100 |  1601 | 10473k| 123.0 |   281M |  67 |1323 |4010 |2987 | 156k|  0 |  83k|  32 | 0.000000e+00 |      --      |    Inf |  48.91%
 1318s| 85200 |  1597 | 10478k| 123.0 |   281M |  67 |1323 |4033 |2961 | 156k|  0 |  83k|  32 | 0.000000e+00 |      --      |    Inf |  48.91%
 1319s| 85300 |  1589 | 10483k| 122.9 |   281M |  67 |1323 |4051 |2931 | 156k|  0 |  83k|  32 | 0.000000e+00 |      --      |    Inf |  48.91%
 1321s| 85400 |  1602 | 10495k| 122.9 |   281M |  67 |1323 |4056 |2993 | 156k|  0 |  83k|  32 | 0.000000e+00 |      --      |    Inf |  48.91%
 1322s| 85500 |  1606 | 10506k| 122.9 |   281M |  67 |1323 |4151 |2986 | 157k|  0 |  83k|  32 | 0.000000e+00 |      --      |    Inf |  48.91%
 1324s| 85600 |  1603 | 10524k| 122.9 |   281M |  67 |1323 |4252 |2939 | 157k|  2 |  83k|  32 | 0.000000e+00 |      --      |    Inf |  48.91%
 1326s| 85700 |  1592 | 10540k| 123.0 |   281M |  67 |1323 |4298 |2992 | 157k|  2 |  84k|  32 | 0.000000e+00 |      --      |    Inf |  48.91%
 time | node  | left  |LP iter|LP it/n|mem/heur|mdpt |vars |cons |rows |cuts |sepa|confs|strbr|  dualbound   | primalbound  |  gap   | compl. 
 1328s| 85800 |  1591 | 10553k| 123.0 |   281M |  67 |1323 |4243 |2889 | 157k|  2 |  84k|  32 | 0.000000e+00 |      --      |    Inf |  48.91%
 1329s| 85900 |  1576 | 10567k| 123.0 |   281M |  67 |1323 |4086 |2815 | 158k|  1 |  84k|  32 | 0.000000e+00 |      --      |    Inf |  48.92%
 1331s| 86000 |  1576 | 10580k| 123.0 |   281M |  67 |1323 |4034 |2877 | 158k|  0 |  84k|  32 | 0.000000e+00 |      --      |    Inf |  48.93%
 1332s| 86100 |  1577 | 10590k| 123.0 |   281M |  67 |1323 |4058 |2892 | 158k|  2 |  84k|  32 | 0.000000e+00 |      --      |    Inf |  48.94%
 1333s| 86200 |  1583 | 10597k| 122.9 |   281M |  67 |1323 |4091 |2834 | 159k|  0 |  84k|  32 | 0.000000e+00 |      --      |    Inf |  48.94%
 1334s| 86300 |  1567 | 10609k| 122.9 |   282M |  67 |1323 |4081 |2832 | 159k|  0 |  84k|  32 | 0.000000e+00 |      --      |    Inf |  48.94%
 1335s| 86400 |  1555 | 10623k| 122.9 |   282M |  67 |1323 |3705 |3095 | 159k|  2 |  84k|  32 | 0.000000e+00 |      --      |    Inf |  48.95%
 1336s| 86500 |  1565 | 10632k| 122.9 |   282M |  67 |1323 |3574 |3112 | 159k|  0 |  84k|  32 | 0.000000e+00 |      --      |    Inf |  48.95%
 1338s| 86600 |  1558 | 10647k| 122.9 |   282M |  67 |1323 |3291 |3046 | 159k|  0 |  84k|  32 | 0.000000e+00 |      --      |    Inf |  48.96%
 1339s| 86700 |  1574 | 10656k| 122.9 |   282M |  67 |1323 |3218 |2910 | 159k|  0 |  84k|  32 | 0.000000e+00 |      --      |    Inf |  48.96%
 1340s| 86800 |  1568 | 10666k| 122.9 |   282M |  67 |1323 |3282 |2739 | 159k|  2 |  85k|  32 | 0.000000e+00 |      --      |    Inf |  48.96%
 1341s| 86900 |  1575 | 10677k| 122.8 |   282M |  67 |1323 |3349 |2726 | 160k|  0 |  85k|  32 | 0.000000e+00 |      --      |    Inf |  48.96%
 1342s| 87000 |  1566 | 10686k| 122.8 |   282M |  67 |1323 |3489 |2715 | 160k|  0 |  85k|  32 | 0.000000e+00 |      --      |    Inf |  48.96%
 1343s| 87100 |  1579 | 10694k| 122.8 |   282M |  67 |1323 |3506 |2741 | 160k|  0 |  85k|  32 | 0.000000e+00 |      --      |    Inf |  48.96%
 1345s| 87200 |  1588 | 10707k| 122.8 |   282M |  67 |1323 |3486 |3090 | 160k|  2 |  85k|  32 | 0.000000e+00 |      --      |    Inf |  48.96%
 time | node  | left  |LP iter|LP it/n|mem/heur|mdpt |vars |cons |rows |cuts |sepa|confs|strbr|  dualbound   | primalbound  |  gap   | compl. 
 1346s| 87300 |  1589 | 10722k| 122.8 |   282M |  67 |1323 |3556 |3090 | 160k|  0 |  85k|  32 | 0.000000e+00 |      --      |    Inf |  48.96%
 1348s| 87400 |  1590 | 10733k| 122.8 |   282M |  67 |1323 |3621 |2752 | 160k|  1 |  85k|  32 | 0.000000e+00 |      --      |    Inf |  48.96%
 1349s| 87500 |  1592 | 10747k| 122.8 |   282M |  67 |1323 |3334 |3026 | 160k|  0 |  85k|  32 | 0.000000e+00 |      --      |    Inf |  48.97%
 1351s| 87600 |  1594 | 10761k| 122.8 |   282M |  67 |1323 |3330 |3071 | 160k|  0 |  85k|  32 | 0.000000e+00 |      --      |    Inf |  48.98%
 1352s| 87700 |  1591 | 10775k| 122.8 |   282M |  67 |1323 |3091 |3253 | 161k|  0 |  85k|  32 | 0.000000e+00 |      --      |    Inf |  49.05%
 1354s| 87800 |  1592 | 10788k| 122.8 |   282M |  67 |1323 |3030 |3061 | 161k|  0 |  86k|  32 | 0.000000e+00 |      --      |    Inf |  49.37%
 1355s| 87900 |  1592 | 10803k| 122.9 |   282M |  67 |1323 |2995 |3285 | 161k|  0 |  86k|  32 | 0.000000e+00 |      --      |    Inf |  49.37%
 1357s| 88000 |  1592 | 10815k| 122.9 |   282M |  67 |1323 |3163 |3243 | 161k|  0 |  86k|  32 | 0.000000e+00 |      --      |    Inf |  49.37%
 1359s| 88100 |  1599 | 10830k| 122.9 |   282M |  67 |1323 |3097 |2862 | 161k|  2 |  86k|  32 | 0.000000e+00 |      --      |    Inf |  49.42%
 1360s| 88200 |  1593 | 10844k| 122.9 |   282M |  67 |1323 |3060 |2765 | 161k|  1 |  86k|  32 | 0.000000e+00 |      --      |    Inf |  49.42%
 1362s| 88300 |  1585 | 10859k| 122.9 |   282M |  67 |1323 |3095 |2772 | 161k|  1 |  86k|  32 | 0.000000e+00 |      --      |    Inf |  49.42%
 1363s| 88400 |  1585 | 10869k| 122.9 |   282M |  67 |1323 |3128 |2701 | 161k|  0 |  86k|  32 | 0.000000e+00 |      --      |    Inf |  49.42%
 1364s| 88500 |  1584 | 10881k| 122.9 |   282M |  67 |1323 |3026 |2735 | 162k|  0 |  86k|  32 | 0.000000e+00 |      --      |    Inf |  49.43%
 1366s| 88600 |  1579 | 10896k| 122.9 |   283M |  67 |1323 |2960 |2822 | 162k|  0 |  86k|  32 | 0.000000e+00 |      --      |    Inf |  49.44%
 1368s| 88700 |  1567 | 10911k| 123.0 |   283M |  67 |1323 |2889 |3042 | 162k|  0 |  87k|  32 | 0.000000e+00 |      --      |    Inf |  49.46%
 time | node  | left  |LP iter|LP it/n|mem/heur|mdpt |vars |cons |rows |cuts |sepa|confs|strbr|  dualbound   | primalbound  |  gap   | compl. 
 1369s| 88800 |  1573 | 10921k| 123.0 |   283M |  67 |1323 |2865 |2715 | 162k|  1 |  87k|  32 | 0.000000e+00 |      --      |    Inf |  49.47%
 1370s| 88900 |  1563 | 10936k| 123.0 |   283M |  67 |1323 |2905 |3088 | 162k|  0 |  87k|  32 | 0.000000e+00 |      --      |    Inf |  49.47%
 1372s| 89000 |  1574 | 10946k| 123.0 |   283M |  67 |1323 |2883 |2713 | 162k|  0 |  87k|  32 | 0.000000e+00 |      --      |    Inf |  49.49%
 1373s| 89100 |  1564 | 10957k| 122.9 |   283M |  67 |1323 |2917 |2797 | 162k|  0 |  87k|  32 | 0.000000e+00 |      --      |    Inf |  49.49%
 1374s| 89200 |  1557 | 10973k| 123.0 |   283M |  67 |1323 |2938 |2935 | 163k|  2 |  87k|  32 | 0.000000e+00 |      --      |    Inf |  49.49%
 1375s| 89300 |  1570 | 10983k| 123.0 |   283M |  67 |1323 |2925 |2717 | 163k|  0 |  87k|  32 | 0.000000e+00 |      --      |    Inf |  49.50%
 1376s| 89400 |  1564 | 10992k| 122.9 |   283M |  67 |1323 |3006 |2707 | 163k|  0 |  87k|  32 | 0.000000e+00 |      --      |    Inf |  49.50%
 1377s| 89500 |  1556 | 11002k| 122.9 |   283M |  67 |1323 |3045 |3144 | 163k|  0 |  87k|  32 | 0.000000e+00 |      --      |    Inf |  49.50%
 1378s| 89600 |  1574 | 11008k| 122.8 |   283M |  67 |1323 |3006 |2889 | 163k|  2 |  87k|  32 | 0.000000e+00 |      --      |    Inf |  55.78%
 1379s| 89700 |  1566 | 11012k| 122.7 |   283M |  67 |1323 |3033 |2898 | 163k|  1 |  88k|  32 | 0.000000e+00 |      --      |    Inf |  55.78%
 1379s| 89800 |  1570 | 11015k| 122.6 |   283M |  67 |1323 |3063 |2901 | 163k|  1 |  88k|  32 | 0.000000e+00 |      --      |    Inf |  55.78%
 1379s| 89900 |  1563 | 11018k| 122.5 |   283M |  67 |1323 |3107 |2905 | 163k|  2 |  88k|  32 | 0.000000e+00 |      --      |    Inf |  55.78%
 1380s| 90000 |  1562 | 11022k| 122.4 |   283M |  67 |1323 |3135 |2865 | 164k|  2 |  88k|  32 | 0.000000e+00 |      --      |    Inf |  55.78%
 1381s| 90100 |  1558 | 11033k| 122.4 |   283M |  67 |1323 |3071 |2953 | 164k|  0 |  88k|  32 | 0.000000e+00 |      --      |    Inf |  55.79%
 1383s| 90200 |  1560 | 11047k| 122.4 |   283M |  67 |1323 |2946 |3099 | 164k|  0 |  88k|  32 | 0.000000e+00 |      --      |    Inf |  55.99%
 time | node  | left  |LP iter|LP it/n|mem/heur|mdpt |vars |cons |rows |cuts |sepa|confs|strbr|  dualbound   | primalbound  |  gap   | compl. 
 1384s| 90300 |  1584 | 11062k| 122.5 |   283M |  67 |1323 |2978 |3130 | 164k|  0 |  88k|  32 | 0.000000e+00 |      --      |    Inf |  55.99%
 1386s| 90400 |  1582 | 11076k| 122.5 |   283M |  67 |1323 |3050 |   0 | 164k|  0 |  88k|  32 | 0.000000e+00 |      --      |    Inf |  55.99%
 1387s| 90500 |  1585 | 11087k| 122.5 |   283M |  67 |1323 |3088 |3246 | 164k|  0 |  88k|  32 | 0.000000e+00 |      --      |    Inf |  55.99%
 1389s| 90600 |  1565 | 11104k| 122.5 |   284M |  67 |1323 |3116 |3119 | 165k|  2 |  88k|  32 | 0.000000e+00 |      --      |    Inf |  55.99%
 1391s| 90700 |  1573 | 11119k| 122.6 |   284M |  67 |1323 |3058 |3659 | 165k|  2 |  88k|  32 | 0.000000e+00 |      --      |    Inf |  55.99%
 1392s| 90800 |  1583 | 11133k| 122.6 |   284M |  67 |1323 |3170 |3730 | 165k|  0 |  88k|  32 | 0.000000e+00 |      --      |    Inf |  55.99%
 1394s| 90900 |  1583 | 11145k| 122.6 |   284M |  67 |1323 |3196 |3726 | 165k|  1 |  89k|  32 | 0.000000e+00 |      --      |    Inf |  55.99%
 1395s| 91000 |  1579 | 11159k| 122.6 |   284M |  67 |1323 |3269 |   0 | 165k|  0 |  89k|  32 | 0.000000e+00 |      --      |    Inf |  55.99%
 1396s| 91100 |  1574 | 11172k| 122.6 |   284M |  67 |1323 |3300 |3672 | 165k|  2 |  89k|  32 | 0.000000e+00 |      --      |    Inf |  55.99%
 1399s| 91200 |  1577 | 11195k| 122.7 |   284M |  67 |1323 |3368 |3680 | 165k|  0 |  89k|  32 | 0.000000e+00 |      --      |    Inf |  55.99%
 1400s| 91300 |  1570 | 11211k| 122.8 |   284M |  67 |1323 |3402 |3136 | 165k|  0 |  89k|  32 | 0.000000e+00 |      --      |    Inf |  55.99%
 1402s| 91400 |  1565 | 11225k| 122.8 |   284M |  67 |1323 |3388 |3011 | 165k|  0 |  89k|  32 | 0.000000e+00 |      --      |    Inf |  55.99%
 1403s| 91500 |  1571 | 11239k| 122.8 |   284M |  67 |1323 |3330 |2735 | 165k|  0 |  89k|  32 | 0.000000e+00 |      --      |    Inf |  56.00%
 1405s| 91600 |  1560 | 11255k| 122.8 |   285M |  67 |1323 |3139 |3320 | 165k|  0 |  89k|  32 | 0.000000e+00 |      --      |    Inf |  56.01%
 1407s| 91700 |  1561 | 11266k| 122.8 |   285M |  67 |1323 |3199 |2897 | 166k|  2 |  89k|  32 | 0.000000e+00 |      --      |    Inf |  56.01%
 time | node  | left  |LP iter|LP it/n|mem/heur|mdpt |vars |cons |rows |cuts |sepa|confs|strbr|  dualbound   | primalbound  |  gap   | compl. 
 1408s| 91800 |  1566 | 11278k| 122.8 |   285M |  67 |1323 |3206 |2780 | 166k|  0 |  90k|  32 | 0.000000e+00 |      --      |    Inf |  56.01%
 1410s| 91900 |  1572 | 11290k| 122.8 |   285M |  67 |1323 |3229 |2746 | 166k|  1 |  90k|  32 | 0.000000e+00 |      --      |    Inf |  56.01%
 1411s| 92000 |  1574 | 11302k| 122.8 |   285M |  67 |1323 |3222 |2991 | 166k|  1 |  90k|  32 | 0.000000e+00 |      --      |    Inf |  56.01%
 1413s| 92100 |  1574 | 11316k| 122.8 |   285M |  67 |1323 |3179 |2723 | 166k|  2 |  90k|  32 | 0.000000e+00 |      --      |    Inf |  56.03%
 1414s| 92200 |  1565 | 11329k| 122.8 |   285M |  67 |1323 |3150 |2779 | 166k|  2 |  90k|  32 | 0.000000e+00 |      --      |    Inf |  56.04%
 1415s| 92300 |  1560 | 11339k| 122.8 |   285M |  67 |1323 |3145 |2687 | 166k|  2 |  90k|  32 | 0.000000e+00 |      --      |    Inf |  56.05%
 1416s| 92400 |  1566 | 11350k| 122.8 |   285M |  67 |1323 |3215 |2726 | 166k|  0 |  90k|  32 | 0.000000e+00 |      --      |    Inf |  56.05%
 1417s| 92500 |  1571 | 11361k| 122.8 |   286M |  67 |1323 |3207 |2740 | 167k|  2 |  90k|  32 | 0.000000e+00 |      --      |    Inf |  56.18%
 1419s| 92600 |  1566 | 11372k| 122.8 |   286M |  67 |1323 |3149 |2703 | 167k|  0 |  90k|  32 | 0.000000e+00 |      --      |    Inf |  56.73%
 1420s| 92700 |  1572 | 11383k| 122.8 |   286M |  67 |1323 |3152 |2729 | 167k|  0 |  90k|  32 | 0.000000e+00 |      --      |    Inf |  56.73%
 1421s| 92800 |  1596 | 11394k| 122.8 |   286M |  67 |1323 |3183 |2754 | 167k|  0 |  90k|  32 | 0.000000e+00 |      --      |    Inf |  56.73%
 1422s| 92900 |  1588 | 11403k| 122.7 |   286M |  67 |1323 |3247 |2857 | 167k|  1 |  91k|  32 | 0.000000e+00 |      --      |    Inf |  56.73%
 1424s| 93000 |  1585 | 11416k| 122.7 |   286M |  67 |1323 |3263 |2746 | 167k|  2 |  91k|  32 | 0.000000e+00 |      --      |    Inf |  56.73%
 1425s| 93100 |  1576 | 11428k| 122.7 |   286M |  67 |1323 |3070 |3014 | 168k|  1 |  91k|  32 | 0.000000e+00 |      --      |    Inf |  56.75%
 1426s| 93200 |  1572 | 11442k| 122.7 |   286M |  67 |1323 |3069 |2870 | 168k|  0 |  91k|  32 | 0.000000e+00 |      --      |    Inf |  56.75%
 time | node  | left  |LP iter|LP it/n|mem/heur|mdpt |vars |cons |rows |cuts |sepa|confs|strbr|  dualbound   | primalbound  |  gap   | compl. 
 1428s| 93300 |  1572 | 11458k| 122.8 |   286M |  67 |1323 |2971 |   0 | 168k|  0 |  91k|  32 | 0.000000e+00 |      --      |    Inf |  56.77%
 1429s| 93400 |  1584 | 11468k| 122.8 |   286M |  67 |1323 |2994 |2874 | 168k|  2 |  91k|  32 | 0.000000e+00 |      --      |    Inf |  56.78%
 1430s| 93500 |  1596 | 11475k| 122.7 |   286M |  67 |1323 |3039 |2893 | 168k|  0 |  91k|  32 | 0.000000e+00 |      --      |    Inf |  56.78%
 1431s| 93600 |  1593 | 11483k| 122.7 |   286M |  67 |1323 |3120 |   0 | 169k|  0 |  91k|  32 | 0.000000e+00 |      --      |    Inf |  56.78%
 1432s| 93700 |  1605 | 11491k| 122.6 |   286M |  67 |1323 |3150 |2947 | 169k|  0 |  91k|  32 | 0.000000e+00 |      --      |    Inf |  56.78%
 1432s| 93800 |  1602 | 11498k| 122.6 |   286M |  67 |1323 |3175 |2939 | 169k|  0 |  91k|  32 | 0.000000e+00 |      --      |    Inf |  56.78%
 1433s| 93900 |  1595 | 11503k| 122.5 |   286M |  67 |1323 |3288 |2891 | 169k|  0 |  91k|  32 | 0.000000e+00 |      --      |    Inf |  56.78%
 1433s| 94000 |  1598 | 11507k| 122.4 |   286M |  67 |1323 |3301 |2927 | 169k|  0 |  91k|  32 | 0.000000e+00 |      --      |    Inf |  56.78%
 1434s| 94100 |  1596 | 11511k| 122.3 |   286M |  67 |1323 |3306 |2893 | 169k|  0 |  91k|  32 | 0.000000e+00 |      --      |    Inf |  56.78%
 1434s| 94200 |  1603 | 11516k| 122.2 |   286M |  67 |1323 |3297 |2910 | 169k|  0 |  92k|  32 | 0.000000e+00 |      --      |    Inf |  56.78%
 1435s| 94300 |  1600 | 11520k| 122.1 |   286M |  67 |1323 |3304 |2922 | 169k|  2 |  92k|  32 | 0.000000e+00 |      --      |    Inf |  56.78%
 1435s| 94400 |  1605 | 11523k| 122.0 |   286M |  67 |1323 |3343 |2939 | 169k|  1 |  92k|  32 | 0.000000e+00 |      --      |    Inf |  56.78%
 1436s| 94500 |  1605 | 11527k| 122.0 |   286M |  67 |1323 |3392 |2930 | 169k|  2 |  92k|  32 | 0.000000e+00 |      --      |    Inf |  56.78%
 1436s| 94600 |  1597 | 11531k| 121.9 |   286M |  67 |1323 |3369 |2936 | 170k|  2 |  92k|  32 | 0.000000e+00 |      --      |    Inf |  56.78%
 1437s| 94700 |  1596 | 11535k| 121.8 |   286M |  67 |1323 |3391 |   0 | 170k|  0 |  92k|  32 | 0.000000e+00 |      --      |    Inf |  56.78%
 time | node  | left  |LP iter|LP it/n|mem/heur|mdpt |vars |cons |rows |cuts |sepa|confs|strbr|  dualbound   | primalbound  |  gap   | compl. 
 1438s| 94800 |  1606 | 11539k| 121.7 |   286M |  67 |1323 |3397 |2916 | 170k|  2 |  92k|  32 | 0.000000e+00 |      --      |    Inf |  56.78%
 1438s| 94900 |  1601 | 11543k| 121.6 |   286M |  67 |1323 |3428 |2936 | 170k|  0 |  92k|  32 | 0.000000e+00 |      --      |    Inf |  56.78%
 1439s| 95000 |  1603 | 11547k| 121.5 |   287M |  67 |1323 |3416 |2932 | 170k|  1 |  92k|  32 | 0.000000e+00 |      --      |    Inf |  56.78%
 1439s| 95100 |  1594 | 11552k| 121.4 |   287M |  67 |1323 |3425 |2973 | 170k|  1 |  92k|  32 | 0.000000e+00 |      --      |    Inf |  56.78%
 1440s| 95200 |  1606 | 11560k| 121.4 |   287M |  67 |1323 |3333 |2874 | 170k|  0 |  92k|  32 | 0.000000e+00 |      --      |    Inf |  56.78%
 1441s| 95300 |  1594 | 11572k| 121.4 |   287M |  67 |1323 |3394 |2889 | 170k|  2 |  92k|  32 | 0.000000e+00 |      --      |    Inf |  56.78%
 1442s| 95400 |  1608 | 11582k| 121.4 |   287M |  67 |1323 |3417 |2909 | 170k|  0 |  92k|  32 | 0.000000e+00 |      --      |    Inf |  56.79%
 1443s| 95500 |  1623 | 11595k| 121.4 |   287M |  67 |1323 |3477 |2880 | 170k|  2 |  92k|  32 | 0.000000e+00 |      --      |    Inf |  56.79%
 1445s| 95600 |  1629 | 11609k| 121.4 |   287M |  67 |1323 |3593 |2897 | 171k|  0 |  92k|  32 | 0.000000e+00 |      --      |    Inf |  56.79%
 1447s| 95700 |  1628 | 11623k| 121.4 |   287M |  67 |1323 |3730 |2937 | 171k|  2 |  93k|  32 | 0.000000e+00 |      --      |    Inf |  56.79%
 1448s| 95800 |  1618 | 11637k| 121.4 |   287M |  67 |1323 |3826 |2919 | 171k|  1 |  93k|  32 | 0.000000e+00 |      --      |    Inf |  56.79%
 1449s| 95900 |  1613 | 11651k| 121.5 |   287M |  67 |1323 |3924 |2980 | 171k|  2 |  93k|  32 | 0.000000e+00 |      --      |    Inf |  56.79%
 1451s| 96000 |  1608 | 11664k| 121.5 |   287M |  67 |1323 |3975 |3019 | 171k|  2 |  93k|  32 | 0.000000e+00 |      --      |    Inf |  56.79%
 1453s| 96100 |  1605 | 11682k| 121.5 |   287M |  67 |1323 |4006 |2940 | 171k|  0 |  93k|  32 | 0.000000e+00 |      --      |    Inf |  56.81%
 1455s| 96200 |  1611 | 11696k| 121.6 |   287M |  67 |1323 |4110 |3013 | 171k|  1 |  93k|  32 | 0.000000e+00 |      --      |    Inf |  56.81%
 time | node  | left  |LP iter|LP it/n|mem/heur|mdpt |vars |cons |rows |cuts |sepa|confs|strbr|  dualbound   | primalbound  |  gap   | compl. 
 1457s| 96300 |  1605 | 11715k| 121.6 |   287M |  67 |1323 |4204 |   0 | 172k|  0 |  93k|  32 | 0.000000e+00 |      --      |    Inf |  56.81%
 1458s| 96400 |  1604 | 11726k| 121.6 |   287M |  67 |1323 |4274 |2939 | 172k|  1 |  93k|  32 | 0.000000e+00 |      --      |    Inf |  56.83%
 1460s| 96500 |  1600 | 11743k| 121.7 |   287M |  67 |1323 |4360 |2841 | 172k|  1 |  94k|  32 | 0.000000e+00 |      --      |    Inf |  56.83%
 1461s| 96600 |  1627 | 11760k| 121.7 |   287M |  67 |1323 |4424 |2944 | 172k|  2 |  94k|  32 | 0.000000e+00 |      --      |    Inf |  56.83%
 1463s| 96700 |  1626 | 11778k| 121.8 |   287M |  67 |1323 |4473 |2911 | 173k|  0 |  94k|  32 | 0.000000e+00 |      --      |    Inf |  56.83%
 1465s| 96800 |  1630 | 11796k| 121.8 |   287M |  67 |1323 |4549 |2913 | 173k|  0 |  94k|  32 | 0.000000e+00 |      --      |    Inf |  56.83%
 1466s| 96900 |  1638 | 11811k| 121.9 |   287M |  67 |1323 |4641 |3002 | 173k|  0 |  94k|  32 | 0.000000e+00 |      --      |    Inf |  56.83%
 1468s| 97000 |  1632 | 11827k| 121.9 |   287M |  67 |1323 |4758 |2939 | 173k|  2 |  94k|  32 | 0.000000e+00 |      --      |    Inf |  56.83%
 1469s| 97100 |  1609 | 11844k| 121.9 |   287M |  67 |1323 |4804 |   0 | 173k|  0 |  94k|  32 | 0.000000e+00 |      --      |    Inf |  56.83%
 1471s| 97200 |  1602 | 11864k| 122.0 |   287M |  67 |1323 |4663 |2749 | 174k|  2 |  94k|  32 | 0.000000e+00 |      --      |    Inf |  56.84%
 1472s| 97300 |  1586 | 11878k| 122.1 |   287M |  67 |1323 |4283 |3204 | 174k|  1 |  94k|  32 | 0.000000e+00 |      --      |    Inf |  56.87%
 1474s| 97400 |  1589 | 11889k| 122.0 |   287M |  67 |1323 |4232 |2931 | 174k|  0 |  95k|  32 | 0.000000e+00 |      --      |    Inf |  56.88%
 1475s| 97500 |  1586 | 11901k| 122.0 |   287M |  67 |1323 |4164 |2802 | 174k|  0 |  95k|  32 | 0.000000e+00 |      --      |    Inf |  56.88%
 1476s| 97600 |  1591 | 11911k| 122.0 |   287M |  67 |1323 |4160 |2716 | 174k|  1 |  95k|  32 | 0.000000e+00 |      --      |    Inf |  56.88%
 1477s| 97700 |  1582 | 11924k| 122.0 |   287M |  67 |1323 |4018 |2679 | 174k|  0 |  95k|  32 | 0.000000e+00 |      --      |    Inf |  56.88%
 time | node  | left  |LP iter|LP it/n|mem/heur|mdpt |vars |cons |rows |cuts |sepa|confs|strbr|  dualbound   | primalbound  |  gap   | compl. 
 1479s| 97800 |  1585 | 11936k| 122.0 |   287M |  67 |1323 |3846 |3377 | 174k|  1 |  95k|  32 | 0.000000e+00 |      --      |    Inf |  56.89%
 1480s| 97900 |  1590 | 11952k| 122.1 |   287M |  67 |1323 |3811 |2875 | 174k|  0 |  95k|  32 | 0.000000e+00 |      --      |    Inf |  56.89%
 1482s| 98000 |  1576 | 11967k| 122.1 |   287M |  67 |1323 |3733 |2906 | 174k|  0 |  95k|  32 | 0.000000e+00 |      --      |    Inf |  56.89%
 1484s| 98100 |  1576 | 11983k| 122.1 |   287M |  67 |1323 |3558 |2829 | 174k|  0 |  95k|  32 | 0.000000e+00 |      --      |    Inf |  56.90%
 1485s| 98200 |  1574 | 11998k| 122.2 |   287M |  67 |1323 |3518 |3154 | 175k|  0 |  95k|  32 | 0.000000e+00 |      --      |    Inf |  56.90%
 1487s| 98300 |  1571 | 12011k| 122.2 |   287M |  67 |1323 |3508 |2715 | 175k|  0 |  95k|  32 | 0.000000e+00 |      --      |    Inf |  56.90%
 1488s| 98400 |  1591 | 12024k| 122.2 |   287M |  67 |1323 |3480 |3178 | 175k|  1 |  96k|  32 | 0.000000e+00 |      --      |    Inf |  56.90%
 1489s| 98500 |  1587 | 12035k| 122.2 |   287M |  67 |1323 |3512 |3237 | 175k|  1 |  96k|  32 | 0.000000e+00 |      --      |    Inf |  56.90%
 1491s| 98600 |  1577 | 12050k| 122.2 |   287M |  67 |1323 |3542 |2808 | 175k|  0 |  96k|  32 | 0.000000e+00 |      --      |    Inf |  56.90%
 1492s| 98700 |  1576 | 12064k| 122.2 |   287M |  67 |1323 |3385 |3085 | 175k|  2 |  96k|  32 | 0.000000e+00 |      --      |    Inf |  56.91%
 1494s| 98800 |  1586 | 12078k| 122.2 |   287M |  67 |1323 |3460 |3299 | 175k|  0 |  96k|  32 | 0.000000e+00 |      --      |    Inf |  56.91%
 1495s| 98900 |  1594 | 12092k| 122.2 |   287M |  67 |1323 |3421 |2933 | 175k|  2 |  96k|  32 | 0.000000e+00 |      --      |    Inf |  56.91%
 1496s| 99000 |  1595 | 12103k| 122.2 |   287M |  67 |1323 |3455 |2919 | 175k|  1 |  96k|  32 | 0.000000e+00 |      --      |    Inf |  56.91%
 1498s| 99100 |  1588 | 12114k| 122.2 |   287M |  67 |1323 |3491 |2892 | 175k|  1 |  96k|  32 | 0.000000e+00 |      --      |    Inf |  56.91%
 1499s| 99200 |  1576 | 12125k| 122.2 |   287M |  67 |1323 |3481 |3239 | 176k|  0 |  96k|  32 | 0.000000e+00 |      --      |    Inf |  56.91%
 time | node  | left  |LP iter|LP it/n|mem/heur|mdpt |vars |cons |rows |cuts |sepa|confs|strbr|  dualbound   | primalbound  |  gap   | compl. 
 1500s| 99300 |  1573 | 12140k| 122.2 |   287M |  67 |1323 |3342 |2780 | 176k|  2 |  96k|  32 | 0.000000e+00 |      --      |    Inf |  56.92%
 1502s| 99400 |  1584 | 12151k| 122.2 |   287M |  67 |1323 |3403 |2726 | 176k|  2 |  96k|  32 | 0.000000e+00 |      --      |    Inf |  56.92%
 1503s| 99500 |  1580 | 12164k| 122.2 |   287M |  67 |1323 |3457 |2795 | 176k|  0 |  96k|  32 | 0.000000e+00 |      --      |    Inf |  56.92%
 1504s| 99600 |  1584 | 12180k| 122.3 |   287M |  67 |1323 |3426 |2698 | 176k|  2 |  96k|  32 | 0.000000e+00 |      --      |    Inf |  56.92%
 1506s| 99700 |  1585 | 12193k| 122.3 |   287M |  67 |1323 |3399 |   0 | 176k|  0 |  97k|  32 | 0.000000e+00 |      --      |    Inf |  56.92%
 1507s| 99800 |  1586 | 12207k| 122.3 |   287M |  67 |1323 |3168 |2845 | 176k|  0 |  97k|  32 | 0.000000e+00 |      --      |    Inf |  56.95%
 1509s| 99900 |  1583 | 12222k| 122.3 |   287M |  67 |1323 |3188 |   0 | 176k|  0 |  97k|  32 | 0.000000e+00 |      --      |    Inf |  56.95%
 1510s|100000 |  1578 | 12232k| 122.3 |   287M |  67 |1323 |3117 |2777 | 176k|  0 |  97k|  32 | 0.000000e+00 |      --      |    Inf |  56.96%
 1512s|100100 |  1578 | 12244k| 122.3 |   288M |  67 |1323 |3138 |3312 | 177k|  1 |  97k|  32 | 0.000000e+00 |      --      |    Inf |  56.96%
 1513s|100200 |  1577 | 12262k| 122.3 |   288M |  67 |1323 |3199 |3361 | 177k|  2 |  97k|  32 | 0.000000e+00 |      --      |    Inf |  56.96%
 1514s|100300 |  1580 | 12274k| 122.3 |   288M |  67 |1323 |3281 |3330 | 177k|  0 |  97k|  32 | 0.000000e+00 |      --      |    Inf |  56.96%
 1516s|100400 |  1580 | 12291k| 122.4 |   288M |  67 |1323 |3310 |3337 | 177k|  0 |  97k|  32 | 0.000000e+00 |      --      |    Inf |  56.97%
 1517s|100500 |  1582 | 12304k| 122.4 |   288M |  67 |1323 |3209 |3346 | 177k|  2 |  97k|  32 | 0.000000e+00 |      --      |    Inf |  56.97%
 1519s|100600 |  1592 | 12316k| 122.4 |   288M |  67 |1323 |3108 |2759 | 177k|  0 |  97k|  32 | 0.000000e+00 |      --      |    Inf |  57.91%
 1519s|100700 |  1602 | 12323k| 122.3 |   288M |  67 |1323 |3086 |2794 | 177k|  2 |  97k|  32 | 0.000000e+00 |      --      |    Inf |  57.91%
 time | node  | left  |LP iter|LP it/n|mem/heur|mdpt |vars |cons |rows |cuts |sepa|confs|strbr|  dualbound   | primalbound  |  gap   | compl. 
 1520s|100800 |  1604 | 12328k| 122.3 |   288M |  67 |1323 |3085 |2851 | 178k|  2 |  97k|  32 | 0.000000e+00 |      --      |    Inf |  57.91%
 1520s|100900 |  1597 | 12333k| 122.2 |   288M |  67 |1323 |3135 |2919 | 178k|  0 |  98k|  32 | 0.000000e+00 |      --      |    Inf |  57.91%
 1521s|101000 |  1594 | 12339k| 122.1 |   288M |  67 |1323 |3175 |2760 | 178k|  0 |  98k|  32 | 0.000000e+00 |      --      |    Inf |  57.91%
 1522s|101100 |  1603 | 12344k| 122.1 |   288M |  67 |1323 |3210 |2757 | 178k|  2 |  98k|  32 | 0.000000e+00 |      --      |    Inf |  57.91%
 1522s|101200 |  1599 | 12349k| 122.0 |   288M |  67 |1323 |3242 |2751 | 178k|  2 |  98k|  32 | 0.000000e+00 |      --      |    Inf |  57.91%
 1523s|101300 |  1605 | 12353k| 121.9 |   288M |  67 |1323 |3248 |2768 | 178k|  1 |  98k|  32 | 0.000000e+00 |      --      |    Inf |  57.91%
 1523s|101400 |  1598 | 12360k| 121.9 |   289M |  67 |1323 |3190 |2771 | 178k|  2 |  98k|  32 | 0.000000e+00 |      --      |    Inf |  57.91%
 1524s|101500 |  1596 | 12365k| 121.8 |   289M |  67 |1323 |3142 |2764 | 178k|  2 |  98k|  32 | 0.000000e+00 |      --      |    Inf |  57.91%
 1524s|101600 |  1594 | 12370k| 121.7 |   289M |  67 |1323 |3160 |2747 | 178k|  2 |  98k|  32 | 0.000000e+00 |      --      |    Inf |  57.91%
 1525s|101700 |  1598 | 12377k| 121.7 |   289M |  67 |1323 |3158 |2766 | 179k|  0 |  98k|  32 | 0.000000e+00 |      --      |    Inf |  57.91%
 1526s|101800 |  1595 | 12386k| 121.6 |   289M |  67 |1323 |3149 |2852 | 179k|  0 |  98k|  32 | 0.000000e+00 |      --      |    Inf |  57.91%
 1528s|101900 |  1598 | 12402k| 121.7 |   289M |  67 |1323 |3131 |2828 | 179k|  2 |  98k|  32 | 0.000000e+00 |      --      |    Inf |  57.92%
 1529s|102000 |  1595 | 12418k| 121.7 |   289M |  67 |1323 |3177 |2735 | 180k|  2 |  98k|  32 | 0.000000e+00 |      --      |    Inf |  57.92%
 1531s|102100 |  1600 | 12434k| 121.8 |   289M |  67 |1323 |3285 |2803 | 180k|  0 |  98k|  32 | 0.000000e+00 |      --      |    Inf |  57.92%
 1533s|102200 |  1610 | 12451k| 121.8 |   289M |  67 |1323 |3360 |2827 | 180k|  0 |  98k|  32 | 0.000000e+00 |      --      |    Inf |  57.92%
 time | node  | left  |LP iter|LP it/n|mem/heur|mdpt |vars |cons |rows |cuts |sepa|confs|strbr|  dualbound   | primalbound  |  gap   | compl. 
 1534s|102300 |  1600 | 12466k| 121.8 |   289M |  67 |1323 |3432 |2744 | 181k|  0 |  99k|  32 | 0.000000e+00 |      --      |    Inf |  57.92%
 1535s|102400 |  1596 | 12479k| 121.8 |   289M |  67 |1323 |3479 |2804 | 181k|  2 |  99k|  32 | 0.000000e+00 |      --      |    Inf |  57.93%
 1537s|102500 |  1606 | 12492k| 121.8 |   289M |  67 |1323 |3488 |   0 | 181k|  0 |  99k|  32 | 0.000000e+00 |      --      |    Inf |  57.93%
 1538s|102600 |  1604 | 12507k| 121.9 |   289M |  67 |1323 |3542 |2784 | 181k|  0 |  99k|  32 | 0.000000e+00 |      --      |    Inf |  57.93%
 1539s|102700 |  1602 | 12520k| 121.9 |   289M |  67 |1323 |3564 |2783 | 182k|  0 |  99k|  32 | 0.000000e+00 |      --      |    Inf |  57.93%
 1540s|102800 |  1597 | 12531k| 121.9 |   289M |  67 |1323 |3555 |2752 | 182k|  0 |  99k|  32 | 0.000000e+00 |      --      |    Inf |  57.94%
 1542s|102900 |  1601 | 12543k| 121.9 |   289M |  67 |1323 |3530 |2709 | 182k|  2 |  99k|  32 | 0.000000e+00 |      --      |    Inf |  57.96%
 1543s|103000 |  1608 | 12557k| 121.9 |   289M |  67 |1323 |3617 |2781 | 182k|  0 |  99k|  32 | 0.000000e+00 |      --      |    Inf |  57.96%
 1544s|103100 |  1613 | 12570k| 121.9 |   289M |  67 |1323 |3726 |2815 | 183k|  0 |  99k|  32 | 0.000000e+00 |      --      |    Inf |  57.96%
 1545s|103200 |  1613 | 12581k| 121.9 |   289M |  67 |1323 |3857 |2850 | 183k|  1 |  99k|  32 | 0.000000e+00 |      --      |    Inf |  57.96%
 1547s|103300 |  1615 | 12594k| 121.9 |   289M |  67 |1323 |3998 |2797 | 183k|  2 | 100k|  32 | 0.000000e+00 |      --      |    Inf |  57.96%
 1548s|103400 |  1618 | 12607k| 121.9 |   289M |  67 |1323 |4110 |2804 | 183k|  2 | 100k|  32 | 0.000000e+00 |      --      |    Inf |  57.96%
 1549s|103500 |  1614 | 12619k| 121.9 |   289M |  67 |1323 |4223 |2813 | 183k|  1 | 100k|  32 | 0.000000e+00 |      --      |    Inf |  57.96%
 1550s|103600 |  1608 | 12633k| 121.9 |   289M |  67 |1323 |4269 |2822 | 184k|  2 | 100k|  32 | 0.000000e+00 |      --      |    Inf |  57.96%
 1551s|103700 |  1602 | 12644k| 121.9 |   289M |  67 |1323 |4328 |2785 | 184k|  0 | 100k|  32 | 0.000000e+00 |      --      |    Inf |  57.96%
 time | node  | left  |LP iter|LP it/n|mem/heur|mdpt |vars |cons |rows |cuts |sepa|confs|strbr|  dualbound   | primalbound  |  gap   | compl. 
 1553s|103800 |  1609 | 12660k| 121.9 |   289M |  67 |1323 |4316 |2774 | 184k|  2 | 100k|  32 | 0.000000e+00 |      --      |    Inf |  57.96%
 1554s|103900 |  1615 | 12673k| 121.9 |   289M |  67 |1323 |4401 |2811 | 184k|  2 | 100k|  32 | 0.000000e+00 |      --      |    Inf |  57.96%
 1555s|104000 |  1605 | 12686k| 122.0 |   289M |  67 |1323 |4254 |2761 | 184k|  2 | 101k|  32 | 0.000000e+00 |      --      |    Inf |  57.96%
 1556s|104100 |  1606 | 12697k| 121.9 |   289M |  67 |1323 |4231 |2735 | 185k|  2 | 101k|  32 | 0.000000e+00 |      --      |    Inf |  57.96%
 1558s|104200 |  1612 | 12714k| 122.0 |   289M |  67 |1323 |4274 |2819 | 185k|  1 | 101k|  32 | 0.000000e+00 |      --      |    Inf |  57.96%
 1559s|104300 |  1610 | 12727k| 122.0 |   289M |  67 |1323 |4377 |2795 | 185k|  2 | 101k|  32 | 0.000000e+00 |      --      |    Inf |  57.96%
 1561s|104400 |  1622 | 12746k| 122.1 |   289M |  67 |1323 |4426 |2818 | 185k|  2 | 101k|  32 | 0.000000e+00 |      --      |    Inf |  57.96%
 1562s|104500 |  1613 | 12760k| 122.1 |   289M |  67 |1323 |4466 |2977 | 185k|  0 | 101k|  32 | 0.000000e+00 |      --      |    Inf |  57.96%
 1564s|104600 |  1618 | 12774k| 122.1 |   289M |  67 |1323 |4362 |2894 | 186k|  0 | 101k|  32 | 0.000000e+00 |      --      |    Inf |  57.96%
 1565s|104700 |  1616 | 12787k| 122.1 |   289M |  67 |1323 |4449 |2848 | 186k|  0 | 101k|  32 | 0.000000e+00 |      --      |    Inf |  57.96%
 1567s|104800 |  1617 | 12802k| 122.1 |   289M |  67 |1323 |4527 |2898 | 186k|  2 | 101k|  32 | 0.000000e+00 |      --      |    Inf |  57.96%
 1568s|104900 |  1599 | 12814k| 122.1 |   289M |  67 |1323 |4490 |   0 | 186k|  0 | 102k|  32 | 0.000000e+00 |      --      |    Inf |  57.97%
 1570s|105000 |  1594 | 12827k| 122.1 |   289M |  67 |1323 |4140 |2852 | 186k|  2 | 102k|  32 | 0.000000e+00 |      --      |    Inf |  57.97%
 1572s|105100 |  1595 | 12845k| 122.2 |   289M |  67 |1323 |4010 |2901 | 187k|  0 | 102k|  32 | 0.000000e+00 |      --      |    Inf |  57.97%
 1574s|105200 |  1601 | 12865k| 122.3 |   289M |  67 |1323 |4004 |2822 | 187k|  2 | 102k|  32 | 0.000000e+00 |      --      |    Inf |  57.98%
 time | node  | left  |LP iter|LP it/n|mem/heur|mdpt |vars |cons |rows |cuts |sepa|confs|strbr|  dualbound   | primalbound  |  gap   | compl. 
 1575s|105300 |  1600 | 12885k| 122.3 |   289M |  67 |1323 |4054 |2817 | 187k|  2 | 102k|  32 | 0.000000e+00 |      --      |    Inf |  57.98%
 1577s|105400 |  1604 | 12903k| 122.4 |   289M |  67 |1323 |4091 |2802 | 188k|  0 | 102k|  32 | 0.000000e+00 |      --      |    Inf |  57.98%
 1579s|105500 |  1615 | 12919k| 122.4 |   289M |  67 |1323 |4143 |2863 | 188k|  1 | 102k|  32 | 0.000000e+00 |      --      |    Inf |  57.98%
 1580s|105600 |  1597 | 12933k| 122.4 |   289M |  67 |1323 |4220 |   0 | 188k|  0 | 102k|  32 | 0.000000e+00 |      --      |    Inf |  57.98%
 1581s|105700 |  1610 | 12944k| 122.4 |   289M |  67 |1323 |4195 |2851 | 189k|  0 | 102k|  32 | 0.000000e+00 |      --      |    Inf |  57.98%
 1582s|105800 |  1599 | 12954k| 122.4 |   289M |  67 |1323 |4167 |2934 | 189k|  0 | 102k|  32 | 0.000000e+00 |      --      |    Inf |  57.98%
 1584s|105900 |  1606 | 12965k| 122.4 |   289M |  67 |1323 |4174 |2848 | 189k|  0 | 102k|  32 | 0.000000e+00 |      --      |    Inf |  57.98%
 1585s|106000 |  1602 | 12978k| 122.4 |   289M |  67 |1323 |4239 |2917 | 189k|  2 | 103k|  32 | 0.000000e+00 |      --      |    Inf |  57.98%
 1586s|106100 |  1611 | 12990k| 122.4 |   289M |  67 |1323 |4328 |2984 | 190k|  1 | 103k|  32 | 0.000000e+00 |      --      |    Inf |  57.98%
 1587s|106200 |  1600 | 13004k| 122.4 |   289M |  67 |1323 |4425 |2953 | 190k|  2 | 103k|  32 | 0.000000e+00 |      --      |    Inf |  57.98%
 1588s|106300 |  1604 | 13013k| 122.4 |   290M |  67 |1323 |4445 |2819 | 190k|  0 | 103k|  32 | 0.000000e+00 |      --      |    Inf |  57.98%
 1589s|106400 |  1598 | 13022k| 122.4 |   290M |  67 |1323 |4482 |2908 | 190k|  2 | 103k|  32 | 0.000000e+00 |      --      |    Inf |  57.99%
 1591s|106500 |  1612 | 13041k| 122.4 |   290M |  67 |1323 |4431 |2949 | 190k|  1 | 103k|  32 | 0.000000e+00 |      --      |    Inf |  57.99%
 1593s|106600 |  1612 | 13059k| 122.5 |   290M |  67 |1323 |4525 |2950 | 191k|  2 | 103k|  32 | 0.000000e+00 |      --      |    Inf |  57.99%
 1595s|106700 |  1612 | 13077k| 122.5 |   290M |  67 |1323 |4639 |2974 | 191k|  0 | 103k|  32 | 0.000000e+00 |      --      |    Inf |  57.99%
 time | node  | left  |LP iter|LP it/n|mem/heur|mdpt |vars |cons |rows |cuts |sepa|confs|strbr|  dualbound   | primalbound  |  gap   | compl. 
 1597s|106800 |  1607 | 13098k| 122.6 |   290M |  67 |1323 |4743 |2980 | 191k|  0 | 103k|  32 | 0.000000e+00 |      --      |    Inf |  57.99%
 1599s|106900 |  1620 | 13115k| 122.7 |   290M |  67 |1323 |4847 |2968 | 191k|  1 | 104k|  32 | 0.000000e+00 |      --      |    Inf |  57.99%
 1600s|107000 |  1618 | 13131k| 122.7 |   290M |  67 |1323 |4940 |3042 | 191k|  2 | 104k|  32 | 0.000000e+00 |      --      |    Inf |  57.99%
 1602s|107100 |  1605 | 13148k| 122.7 |   290M |  67 |1323 |5068 |3050 | 191k|  0 | 104k|  32 | 0.000000e+00 |      --      |    Inf |  57.99%
 1603s|107200 |  1604 | 13164k| 122.8 |   290M |  67 |1323 |5178 |3026 | 191k|  1 | 104k|  32 | 0.000000e+00 |      --      |    Inf |  57.99%
 1604s|107300 |  1612 | 13180k| 122.8 |   290M |  67 |1323 |5184 |2974 | 191k|  2 | 104k|  32 | 0.000000e+00 |      --      |    Inf |  57.99%
 1606s|107400 |  1612 | 13197k| 122.8 |   290M |  67 |1323 |5305 |2990 | 191k|  0 | 104k|  32 | 0.000000e+00 |      --      |    Inf |  57.99%
 1607s|107500 |  1614 | 13209k| 122.9 |   290M |  67 |1323 |5435 |2999 | 192k|  1 | 104k|  32 | 0.000000e+00 |      --      |    Inf |  57.99%
 1609s|107600 |  1610 | 13221k| 122.8 |   290M |  67 |1323 |5560 |3004 | 192k|  0 | 105k|  32 | 0.000000e+00 |      --      |    Inf |  57.99%
 1610s|107700 |  1603 | 13232k| 122.8 |   290M |  67 |1323 |5564 |2939 | 192k|  2 | 105k|  32 | 0.000000e+00 |      --      |    Inf |  57.99%
 1611s|107800 |  1607 | 13246k| 122.9 |   290M |  67 |1323 |5250 |2977 | 192k|  0 | 105k|  32 | 0.000000e+00 |      --      |    Inf |  57.99%
 1613s|107900 |  1606 | 13259k| 122.9 |   290M |  67 |1323 |5003 |2826 | 192k|  0 | 105k|  32 | 0.000000e+00 |      --      |    Inf |  57.99%
 1614s|108000 |  1598 | 13272k| 122.9 |   290M |  67 |1323 |5021 |3035 | 192k|  1 | 105k|  32 | 0.000000e+00 |      --      |    Inf |  58.00%
 1615s|108100 |  1592 | 13287k| 122.9 |   290M |  67 |1323 |5105 |3059 | 192k|  0 | 105k|  32 | 0.000000e+00 |      --      |    Inf |  58.00%
 1617s|108200 |  1612 | 13306k| 123.0 |   290M |  67 |1323 |4877 |2960 | 193k|  2 | 105k|  32 | 0.000000e+00 |      --      |    Inf |  58.00%
 time | node  | left  |LP iter|LP it/n|mem/heur|mdpt |vars |cons |rows |cuts |sepa|confs|strbr|  dualbound   | primalbound  |  gap   | compl. 
 1620s|108300 |  1610 | 13328k| 123.0 |   290M |  67 |1323 |4969 |3102 | 193k|  2 | 105k|  32 | 0.000000e+00 |      --      |    Inf |  58.00%
 1622s|108400 |  1608 | 13350k| 123.1 |   290M |  67 |1323 |5076 |3030 | 194k|  0 | 106k|  32 | 0.000000e+00 |      --      |    Inf |  58.00%
 1624s|108500 |  1605 | 13371k| 123.2 |   290M |  67 |1323 |5160 |2989 | 194k|  2 | 106k|  32 | 0.000000e+00 |      --      |    Inf |  58.00%
 1627s|108600 |  1589 | 13393k| 123.3 |   290M |  67 |1323 |5156 |3142 | 194k|  0 | 106k|  32 | 0.000000e+00 |      --      |    Inf |  58.00%
 1629s|108700 |  1597 | 13414k| 123.4 |   290M |  67 |1323 |5215 |2891 | 195k|  0 | 106k|  32 | 0.000000e+00 |      --      |    Inf |  58.01%
 1630s|108800 |  1603 | 13431k| 123.4 |   290M |  67 |1323 |5268 |2991 | 195k|  0 | 106k|  32 | 0.000000e+00 |      --      |    Inf |  58.02%
 1632s|108900 |  1596 | 13446k| 123.4 |   290M |  67 |1323 |4659 |2969 | 196k|  2 | 106k|  32 | 0.000000e+00 |      --      |    Inf |  58.04%
 1634s|109000 |  1590 | 13466k| 123.5 |   290M |  67 |1323 |4458 |2761 | 196k|  2 | 106k|  32 | 0.000000e+00 |      --      |    Inf |  58.04%
 1636s|109100 |  1589 | 13483k| 123.6 |   290M |  67 |1323 |4256 |2753 | 196k|  2 | 106k|  32 | 0.000000e+00 |      --      |    Inf |  58.06%
 1637s|109200 |  1601 | 13495k| 123.6 |   290M |  67 |1323 |4288 |2776 | 197k|  0 | 106k|  32 | 0.000000e+00 |      --      |    Inf |  58.06%
 1638s|109300 |  1611 | 13506k| 123.5 |   290M |  67 |1323 |4166 |2866 | 197k|  0 | 106k|  32 | 0.000000e+00 |      --      |    Inf |  58.08%
 1639s|109400 |  1619 | 13514k| 123.5 |   290M |  67 |1323 |4223 |2829 | 197k|  2 | 107k|  32 | 0.000000e+00 |      --      |    Inf |  58.08%
 1640s|109500 |  1596 | 13526k| 123.5 |   290M |  67 |1323 |4062 |2836 | 198k|  2 | 107k|  32 | 0.000000e+00 |      --      |    Inf |  58.10%
 1642s|109600 |  1593 | 13542k| 123.5 |   290M |  67 |1323 |4018 |2722 | 198k|  0 | 107k|  32 | 0.000000e+00 |      --      |    Inf |  58.13%
 1643s|109700 |  1616 | 13557k| 123.6 |   290M |  67 |1323 |4070 |2856 | 198k|  2 | 107k|  32 | 0.000000e+00 |      --      |    Inf |  58.14%
 time | node  | left  |LP iter|LP it/n|mem/heur|mdpt |vars |cons |rows |cuts |sepa|confs|strbr|  dualbound   | primalbound  |  gap   | compl. 
 1645s|109800 |  1613 | 13573k| 123.6 |   290M |  67 |1323 |4272 |2875 | 198k|  0 | 107k|  32 | 0.000000e+00 |      --      |    Inf |  58.14%
 1647s|109900 |  1612 | 13588k| 123.6 |   291M |  67 |1323 |4459 |2889 | 199k|  1 | 107k|  32 | 0.000000e+00 |      --      |    Inf |  58.14%
 1648s|110000 |  1621 | 13602k| 123.6 |   291M |  67 |1323 |4537 |2763 | 199k|  0 | 107k|  32 | 0.000000e+00 |      --      |    Inf |  58.14%
 1650s|110100 |  1625 | 13620k| 123.7 |   291M |  67 |1323 |4640 |2814 | 199k|  0 | 107k|  32 | 0.000000e+00 |      --      |    Inf |  58.14%
 1651s|110200 |  1627 | 13637k| 123.7 |   291M |  67 |1323 |4740 |2929 | 199k|  0 | 108k|  32 | 0.000000e+00 |      --      |    Inf |  58.14%
 1653s|110300 |  1623 | 13654k| 123.8 |   291M |  67 |1323 |4855 |2849 | 200k|  2 | 108k|  32 | 0.000000e+00 |      --      |    Inf |  58.14%
 1655s|110400 |  1625 | 13676k| 123.8 |   291M |  67 |1323 |4964 |2864 | 200k|  0 | 108k|  32 | 0.000000e+00 |      --      |    Inf |  58.14%
 1657s|110500 |  1625 | 13696k| 123.9 |   291M |  67 |1323 |5031 |2856 | 200k|  0 | 108k|  32 | 0.000000e+00 |      --      |    Inf |  58.14%
 1659s|110600 |  1619 | 13718k| 124.0 |   291M |  67 |1323 |5244 |2885 | 201k|  0 | 108k|  32 | 0.000000e+00 |      --      |    Inf |  58.14%
 1661s|110700 |  1613 | 13737k| 124.1 |   291M |  67 |1323 |5128 |2907 | 201k|  0 | 108k|  32 | 0.000000e+00 |      --      |    Inf |  58.15%
 1663s|110800 |  1634 | 13753k| 124.1 |   291M |  67 |1323 |5107 |3019 | 201k|  0 | 108k|  32 | 0.000000e+00 |      --      |    Inf |  58.16%
 1665s|110900 |  1628 | 13775k| 124.2 |   291M |  67 |1323 |5199 |3067 | 201k|  2 | 109k|  32 | 0.000000e+00 |      --      |    Inf |  58.16%
 1667s|111000 |  1624 | 13797k| 124.3 |   291M |  67 |1323 |5309 |3058 | 202k|  2 | 109k|  32 | 0.000000e+00 |      --      |    Inf |  58.16%
 1669s|111100 |  1626 | 13816k| 124.3 |   291M |  67 |1323 |5377 |2995 | 202k|  0 | 109k|  32 | 0.000000e+00 |      --      |    Inf |  58.16%
 1670s|111200 |  1630 | 13832k| 124.4 |   291M |  67 |1323 |5494 |2989 | 202k|  2 | 109k|  32 | 0.000000e+00 |      --      |    Inf |  58.16%
 time | node  | left  |LP iter|LP it/n|mem/heur|mdpt |vars |cons |rows |cuts |sepa|confs|strbr|  dualbound   | primalbound  |  gap   | compl. 
 1672s|111300 |  1623 | 13848k| 124.4 |   292M |  67 |1323 |5536 |2952 | 202k|  2 | 109k|  32 | 0.000000e+00 |      --      |    Inf |  58.16%
 1673s|111400 |  1633 | 13863k| 124.4 |   292M |  67 |1323 |5232 |2978 | 202k|  2 | 109k|  32 | 0.000000e+00 |      --      |    Inf |  58.16%
 1675s|111500 |  1637 | 13877k| 124.4 |   292M |  67 |1323 |5291 |   0 | 203k|  0 | 109k|  32 | 0.000000e+00 |      --      |    Inf |  58.16%
 1676s|111600 |  1627 | 13890k| 124.4 |   292M |  67 |1323 |5380 |3001 | 203k|  0 | 109k|  32 | 0.000000e+00 |      --      |    Inf |  58.16%
 1678s|111700 |  1643 | 13908k| 124.5 |   292M |  67 |1323 |5402 |2984 | 203k|  2 | 110k|  32 | 0.000000e+00 |      --      |    Inf |  58.16%
 1680s|111800 |  1631 | 13926k| 124.5 |   292M |  67 |1323 |5528 |3019 | 203k|  0 | 110k|  32 | 0.000000e+00 |      --      |    Inf |  58.16%
 1682s|111900 |  1631 | 13945k| 124.6 |   292M |  67 |1323 |5417 |2732 | 203k|  1 | 110k|  32 | 0.000000e+00 |      --      |    Inf |  58.17%
 1683s|112000 |  1635 | 13960k| 124.6 |   292M |  67 |1323 |5273 |3026 | 203k|  0 | 110k|  32 | 0.000000e+00 |      --      |    Inf |  58.17%
 1685s|112100 |  1631 | 13979k| 124.7 |   292M |  67 |1323 |5456 |3026 | 204k|  0 | 110k|  32 | 0.000000e+00 |      --      |    Inf |  58.17%
 1687s|112200 |  1625 | 13996k| 124.7 |   292M |  67 |1323 |5610 |2928 | 204k|  2 | 110k|  32 | 0.000000e+00 |      --      |    Inf |  58.17%
 1689s|112300 |  1629 | 14007k| 124.7 |   292M |  67 |1323 |5664 |2983 | 204k|  2 | 110k|  32 | 0.000000e+00 |      --      |    Inf |  58.17%
 1690s|112400 |  1635 | 14021k| 124.7 |   292M |  67 |1323 |5742 |3008 | 204k|  1 | 111k|  32 | 0.000000e+00 |      --      |    Inf |  58.17%
 1693s|112500 |  1633 | 14038k| 124.8 |   292M |  67 |1323 |5923 |3051 | 205k|  0 | 111k|  32 | 0.000000e+00 |      --      |    Inf |  58.17%
 1695s|112600 |  1627 | 14058k| 124.8 |   292M |  67 |1323 |6161 |3088 | 205k|  0 | 111k|  32 | 0.000000e+00 |      --      |    Inf |  58.17%
 1697s|112700 |  1627 | 14074k| 124.9 |   292M |  67 |1323 |6415 |3043 | 205k|  2 | 111k|  32 | 0.000000e+00 |      --      |    Inf |  58.17%
 time | node  | left  |LP iter|LP it/n|mem/heur|mdpt |vars |cons |rows |cuts |sepa|confs|strbr|  dualbound   | primalbound  |  gap   | compl. 
 1698s|112800 |  1614 | 14090k| 124.9 |   292M |  67 |1323 |5979 |2961 | 205k|  2 | 111k|  32 | 0.000000e+00 |      --      |    Inf |  58.18%
 1700s|112900 |  1622 | 14106k| 124.9 |   292M |  67 |1323 |5789 |3060 | 205k|  1 | 112k|  32 | 0.000000e+00 |      --      |    Inf |  58.18%
 1702s|113000 |  1616 | 14123k| 125.0 |   292M |  67 |1323 |5859 |3062 | 205k|  2 | 112k|  32 | 0.000000e+00 |      --      |    Inf |  58.18%
 1703s|113100 |  1615 | 14140k| 125.0 |   292M |  67 |1323 |5959 |3021 | 205k|  2 | 112k|  32 | 0.000000e+00 |      --      |    Inf |  58.18%
 1705s|113200 |  1608 | 14158k| 125.0 |   292M |  67 |1323 |5471 |2979 | 206k|  2 | 112k|  32 | 0.000000e+00 |      --      |    Inf |  58.20%
 1707s|113300 |  1621 | 14174k| 125.1 |   292M |  67 |1323 |5212 |2882 | 206k|  2 | 112k|  32 | 0.000000e+00 |      --      |    Inf |  58.22%
 1709s|113400 |  1625 | 14194k| 125.1 |   292M |  67 |1323 |5307 |3159 | 206k|  0 | 112k|  32 | 0.000000e+00 |      --      |    Inf |  58.22%
 1712s|113500 |  1630 | 14213k| 125.2 |   292M |  67 |1323 |5504 |2931 | 207k|  0 | 112k|  32 | 0.000000e+00 |      --      |    Inf |  58.22%
 1713s|113600 |  1624 | 14230k| 125.2 |   292M |  67 |1323 |5648 |3183 | 207k|  2 | 113k|  32 | 0.000000e+00 |      --      |    Inf |  58.22%
 1716s|113700 |  1615 | 14251k| 125.3 |   293M |  67 |1323 |5630 |3205 | 207k|  2 | 113k|  32 | 0.000000e+00 |      --      |    Inf |  58.22%
 1717s|113800 |  1614 | 14270k| 125.4 |   293M |  67 |1323 |5554 |   0 | 207k|  0 | 113k|  32 | 0.000000e+00 |      --      |    Inf |  58.22%
 1719s|113900 |  1614 | 14282k| 125.4 |   293M |  67 |1323 |5587 |2836 | 207k|  2 | 113k|  32 | 0.000000e+00 |      --      |    Inf |  58.22%
 1720s|114000 |  1615 | 14293k| 125.4 |   293M |  67 |1323 |5779 |2865 | 208k|  2 | 113k|  32 | 0.000000e+00 |      --      |    Inf |  58.22%
 1722s|114100 |  1610 | 14306k| 125.4 |   293M |  67 |1323 |5940 |2839 | 208k|  0 | 114k|  32 | 0.000000e+00 |      --      |    Inf |  58.22%
 1723s|114200 |  1613 | 14320k| 125.4 |   293M |  67 |1323 |6119 |2863 | 208k|  2 | 114k|  32 | 0.000000e+00 |      --      |    Inf |  58.22%
 time | node  | left  |LP iter|LP it/n|mem/heur|mdpt |vars |cons |rows |cuts |sepa|confs|strbr|  dualbound   | primalbound  |  gap   | compl. 
 1724s|114300 |  1613 | 14329k| 125.3 |   293M |  67 |1323 |6218 |2910 | 208k|  0 | 114k|  32 | 0.000000e+00 |      --      |    Inf |  58.22%
 1725s|114400 |  1613 | 14339k| 125.3 |   293M |  67 |1323 |5872 |2776 | 209k|  0 | 114k|  32 | 0.000000e+00 |      --      |    Inf |  58.22%
 1726s|114500 |  1615 | 14354k| 125.3 |   293M |  67 |1323 |5606 |2758 | 209k|  1 | 114k|  32 | 0.000000e+00 |      --      |    Inf |  58.22%
 1728s|114600 |  1607 | 14370k| 125.4 |   293M |  67 |1323 |5572 |2919 | 209k|  0 | 115k|  32 | 0.000000e+00 |      --      |    Inf |  58.22%
 1730s|114700 |  1616 | 14389k| 125.4 |   293M |  67 |1323 |5554 |2978 | 209k|  1 | 115k|  32 | 0.000000e+00 |      --      |    Inf |  58.22%
 1732s|114800 |  1618 | 14406k| 125.5 |   293M |  67 |1323 |5668 |2968 | 209k|  2 | 115k|  32 | 0.000000e+00 |      --      |    Inf |  58.22%
 1733s|114900 |  1616 | 14425k| 125.5 |   293M |  67 |1323 |5800 |2976 | 210k|  2 | 115k|  32 | 0.000000e+00 |      --      |    Inf |  58.22%
 1735s|115000 |  1623 | 14442k| 125.6 |   293M |  67 |1323 |5996 |3016 | 210k|  2 | 115k|  32 | 0.000000e+00 |      --      |    Inf |  58.22%
 1737s|115100 |  1621 | 14459k| 125.6 |   293M |  67 |1323 |6162 |3090 | 210k|  0 | 115k|  32 | 0.000000e+00 |      --      |    Inf |  58.22%
 1738s|115200 |  1618 | 14474k| 125.6 |   293M |  67 |1323 |6346 |3139 | 210k|  1 | 116k|  32 | 0.000000e+00 |      --      |    Inf |  58.22%
 1740s|115300 |  1614 | 14492k| 125.7 |   293M |  67 |1323 |6538 |3003 | 210k|  0 | 116k|  32 | 0.000000e+00 |      --      |    Inf |  58.22%
 1742s|115400 |  1604 | 14512k| 125.7 |   293M |  67 |1323 |6620 |   0 | 210k|  0 | 116k|  32 | 0.000000e+00 |      --      |    Inf |  58.22%
 1743s|115500 |  1608 | 14525k| 125.7 |   293M |  67 |1323 |5877 |2759 | 211k|  1 | 116k|  32 | 0.000000e+00 |      --      |    Inf |  58.23%
 1745s|115600 |  1618 | 14543k| 125.8 |   293M |  67 |1323 |5755 |2838 | 211k|  0 | 116k|  32 | 0.000000e+00 |      --      |    Inf |  58.23%
 1747s|115700 |  1622 | 14558k| 125.8 |   293M |  67 |1323 |5800 |2839 | 211k|  1 | 116k|  32 | 0.000000e+00 |      --      |    Inf |  58.23%
 time | node  | left  |LP iter|LP it/n|mem/heur|mdpt |vars |cons |rows |cuts |sepa|confs|strbr|  dualbound   | primalbound  |  gap   | compl. 
 1749s|115800 |  1617 | 14576k| 125.8 |   293M |  67 |1323 |5852 |2797 | 211k|  0 | 116k|  32 | 0.000000e+00 |      --      |    Inf |  58.23%
 1750s|115900 |  1629 | 14591k| 125.9 |   293M |  67 |1323 |5899 |2858 | 212k|  2 | 117k|  32 | 0.000000e+00 |      --      |    Inf |  58.23%
 1751s|116000 |  1629 | 14604k| 125.9 |   293M |  67 |1323 |6047 |2868 | 212k|  0 | 117k|  32 | 0.000000e+00 |      --      |    Inf |  58.23%
 1753s|116100 |  1628 | 14614k| 125.9 |   293M |  67 |1323 |6193 |2936 | 212k|  0 | 117k|  32 | 0.000000e+00 |      --      |    Inf |  58.23%
 1754s|116200 |  1619 | 14628k| 125.9 |   294M |  67 |1323 |6333 |2873 | 212k|  2 | 117k|  32 | 0.000000e+00 |      --      |    Inf |  58.23%
 1755s|116300 |  1619 | 14645k| 125.9 |   294M |  67 |1323 |6460 |2899 | 212k|  2 | 117k|  32 | 0.000000e+00 |      --      |    Inf |  58.23%
 1757s|116400 |  1621 | 14660k| 125.9 |   294M |  67 |1323 |6623 |2960 | 212k|  2 | 117k|  32 | 0.000000e+00 |      --      |    Inf |  58.23%
 1759s|116500 |  1627 | 14674k| 125.9 |   294M |  67 |1323 |6762 |3004 | 212k|  0 | 118k|  32 | 0.000000e+00 |      --      |    Inf |  58.23%
 1760s|116600 |  1625 | 14685k| 125.9 |   294M |  67 |1323 |6885 |2872 | 212k|  0 | 118k|  32 | 0.000000e+00 |      --      |    Inf |  58.23%
 1761s|116700 |  1620 | 14701k| 125.9 |   294M |  67 |1323 |7057 |2999 | 213k|  0 | 118k|  32 | 0.000000e+00 |      --      |    Inf |  58.23%
 1763s|116800 |  1617 | 14713k| 125.9 |   294M |  67 |1323 |7178 |2900 | 213k|  2 | 118k|  32 | 0.000000e+00 |      --      |    Inf |  58.23%
 1764s|116900 |  1604 | 14723k| 125.9 |   294M |  67 |1323 |6854 |2994 | 213k|  0 | 118k|  32 | 0.000000e+00 |      --      |    Inf |  58.23%
 1765s|117000 |  1609 | 14737k| 125.9 |   294M |  67 |1323 |5836 |2755 | 213k|  0 | 118k|  32 | 0.000000e+00 |      --      |    Inf |  58.28%
 1766s|117100 |  1611 | 14748k| 125.9 |   294M |  67 |1323 |5424 |2721 | 213k|  2 | 118k|  32 | 0.000000e+00 |      --      |    Inf |  58.29%
 1768s|117200 |  1617 | 14763k| 125.9 |   294M |  67 |1323 |5469 |2797 | 214k|  2 | 118k|  32 | 0.000000e+00 |      --      |    Inf |  58.29%
 time | node  | left  |LP iter|LP it/n|mem/heur|mdpt |vars |cons |rows |cuts |sepa|confs|strbr|  dualbound   | primalbound  |  gap   | compl. 
 1770s|117300 |  1618 | 14782k| 126.0 |   294M |  67 |1323 |5526 |2944 | 214k|  0 | 119k|  32 | 0.000000e+00 |      --      |    Inf |  58.29%
 1771s|117400 |  1608 | 14795k| 126.0 |   294M |  67 |1323 |5602 |2774 | 214k|  0 | 119k|  32 | 0.000000e+00 |      --      |    Inf |  58.30%
 1772s|117500 |  1602 | 14805k| 126.0 |   294M |  67 |1323 |5583 |2762 | 214k|  0 | 119k|  32 | 0.000000e+00 |      --      |    Inf |  58.32%
 1773s|117600 |  1603 | 14817k| 126.0 |   294M |  67 |1323 |5323 |   0 | 214k|  0 | 119k|  32 | 0.000000e+00 |      --      |    Inf |  58.37%
 1776s|117700 |  1632 | 14834k| 126.0 |   294M |  67 |1323 |5054 |2879 | 215k|  1 | 119k|  32 | 0.000000e+00 |      --      |    Inf |  58.37%
 1778s|117800 |  1630 | 14854k| 126.1 |   294M |  67 |1323 |5092 |2839 | 215k|  0 | 119k|  32 | 0.000000e+00 |      --      |    Inf |  58.37%
 1780s|117900 |  1653 | 14872k| 126.1 |   294M |  67 |1323 |5139 |2847 | 215k|  1 | 119k|  32 | 0.000000e+00 |      --      |    Inf |  58.37%
 1782s|118000 |  1667 | 14889k| 126.2 |   294M |  67 |1323 |5225 |2867 | 215k|  0 | 119k|  32 | 0.000000e+00 |      --      |    Inf |  58.37%
 1784s|118100 |  1656 | 14909k| 126.2 |   294M |  67 |1323 |5308 |2848 | 216k|  0 | 119k|  32 | 0.000000e+00 |      --      |    Inf |  58.37%
 1786s|118200 |  1665 | 14926k| 126.3 |   294M |  67 |1323 |5098 |2856 | 216k|  1 | 119k|  32 | 0.000000e+00 |      --      |    Inf |  58.37%
 1787s|118300 |  1666 | 14940k| 126.3 |   294M |  67 |1323 |5158 |2872 | 216k|  2 | 120k|  32 | 0.000000e+00 |      --      |    Inf |  58.37%
 1789s|118400 |  1675 | 14955k| 126.3 |   294M |  67 |1323 |4925 |2787 | 216k|  2 | 120k|  32 | 0.000000e+00 |      --      |    Inf |  58.37%
 1790s|118500 |  1696 | 14970k| 126.3 |   294M |  67 |1323 |4889 |2881 | 216k|  0 | 120k|  32 | 0.000000e+00 |      --      |    Inf |  58.37%
 1792s|118600 |  1687 | 14988k| 126.4 |   294M |  67 |1323 |4961 |2897 | 217k|  0 | 120k|  32 | 0.000000e+00 |      --      |    Inf |  58.37%
 1794s|118700 |  1687 | 15006k| 126.4 |   294M |  67 |1323 |5014 |2860 | 217k|  2 | 120k|  32 | 0.000000e+00 |      --      |    Inf |  58.37%
 time | node  | left  |LP iter|LP it/n|mem/heur|mdpt |vars |cons |rows |cuts |sepa|confs|strbr|  dualbound   | primalbound  |  gap   | compl. 
 1796s|118800 |  1707 | 15022k| 126.4 |   294M |  67 |1323 |5096 |2915 | 217k|  1 | 120k|  32 | 0.000000e+00 |      --      |    Inf |  58.37%
 1798s|118900 |  1706 | 15039k| 126.5 |   295M |  67 |1323 |5178 |2943 | 218k|  0 | 120k|  32 | 0.000000e+00 |      --      |    Inf |  58.37%
 1799s|119000 |  1706 | 15056k| 126.5 |   295M |  67 |1323 |5202 |2918 | 218k|  0 | 120k|  32 | 0.000000e+00 |      --      |    Inf |  58.37%
 1801s|119100 |  1692 | 15068k| 126.5 |   295M |  67 |1323 |5228 |2921 | 218k|  2 | 120k|  32 | 0.000000e+00 |      --      |    Inf |  58.37%
 1802s|119200 |  1697 | 15083k| 126.5 |   295M |  67 |1323 |5286 |2865 | 218k|  0 | 121k|  32 | 0.000000e+00 |      --      |    Inf |  58.37%
 1804s|119300 |  1694 | 15097k| 126.5 |   295M |  67 |1323 |5379 |2895 | 218k|  2 | 121k|  32 | 0.000000e+00 |      --      |    Inf |  58.37%
 1805s|119400 |  1691 | 15112k| 126.5 |   295M |  67 |1323 |5423 |2799 | 219k|  1 | 121k|  32 | 0.000000e+00 |      --      |    Inf |  58.37%
 1807s|119500 |  1697 | 15124k| 126.5 |   295M |  67 |1323 |5491 |2895 | 219k|  2 | 121k|  32 | 0.000000e+00 |      --      |    Inf |  58.37%
 1809s|119600 |  1692 | 15136k| 126.5 |   295M |  67 |1323 |5559 |2943 | 219k|  0 | 121k|  32 | 0.000000e+00 |      --      |    Inf |  58.37%
 1810s|119700 |  1692 | 15150k| 126.5 |   295M |  67 |1323 |5635 |2821 | 220k|  2 | 121k|  32 | 0.000000e+00 |      --      |    Inf |  58.37%
 1811s|119800 |  1694 | 15161k| 126.5 |   295M |  67 |1323 |5632 |2801 | 220k|  1 | 121k|  32 | 0.000000e+00 |      --      |    Inf |  58.37%
 1813s|119900 |  1688 | 15179k| 126.6 |   295M |  67 |1323 |5492 |2900 | 220k|  1 | 121k|  32 | 0.000000e+00 |      --      |    Inf |  58.37%
 1815s|120000 |  1682 | 15192k| 126.6 |   295M |  67 |1323 |5393 |2816 | 220k|  0 | 122k|  32 | 0.000000e+00 |      --      |    Inf |  58.37%
 1816s|120100 |  1699 | 15205k| 126.6 |   295M |  67 |1323 |5403 |2900 | 221k|  0 | 122k|  32 | 0.000000e+00 |      --      |    Inf |  58.37%
 1817s|120200 |  1695 | 15220k| 126.6 |   295M |  67 |1323 |5446 |2914 | 221k|  0 | 122k|  32 | 0.000000e+00 |      --      |    Inf |  58.38%
 time | node  | left  |LP iter|LP it/n|mem/heur|mdpt |vars |cons |rows |cuts |sepa|confs|strbr|  dualbound   | primalbound  |  gap   | compl. 
 1818s|120300 |  1697 | 15228k| 126.6 |   295M |  67 |1323 |5480 |2913 | 221k|  0 | 122k|  32 | 0.000000e+00 |      --      |    Inf |  58.38%
 1820s|120400 |  1716 | 15243k| 126.6 |   295M |  67 |1323 |5545 |3027 | 221k|  0 | 122k|  32 | 0.000000e+00 |      --      |    Inf |  58.38%
 1822s|120500 |  1696 | 15259k| 126.6 |   295M |  67 |1323 |5571 |2907 | 222k|  2 | 122k|  32 | 0.000000e+00 |      --      |    Inf |  58.38%
 1823s|120600 |  1692 | 15268k| 126.6 |   295M |  67 |1323 |5537 |2863 | 222k|  0 | 122k|  32 | 0.000000e+00 |      --      |    Inf |  58.38%
 1824s|120700 |  1686 | 15275k| 126.5 |   295M |  67 |1323 |5536 |2904 | 222k|  0 | 122k|  32 | 0.000000e+00 |      --      |    Inf |  58.38%
 1825s|120800 |  1693 | 15287k| 126.5 |   295M |  67 |1323 |5592 |2905 | 222k|  0 | 122k|  32 | 0.000000e+00 |      --      |    Inf |  58.38%
 1827s|120900 |  1699 | 15301k| 126.5 |   295M |  67 |1323 |5486 |   0 | 222k|  0 | 122k|  32 | 0.000000e+00 |      --      |    Inf |  58.38%
 1828s|121000 |  1698 | 15315k| 126.6 |   295M |  67 |1323 |5558 |2819 | 223k|  2 | 123k|  32 | 0.000000e+00 |      --      |    Inf |  58.38%
 1830s|121100 |  1719 | 15327k| 126.5 |   295M |  67 |1323 |5656 |2927 | 223k|  0 | 123k|  32 | 0.000000e+00 |      --      |    Inf |  58.38%
 1831s|121200 |  1714 | 15338k| 126.5 |   295M |  67 |1323 |5805 |2957 | 223k|  2 | 123k|  32 | 0.000000e+00 |      --      |    Inf |  58.38%
 1832s|121300 |  1708 | 15347k| 126.5 |   295M |  67 |1323 |5811 |2900 | 223k|  0 | 123k|  32 | 0.000000e+00 |      --      |    Inf |  58.38%
 1834s|121400 |  1706 | 15355k| 126.5 |   295M |  67 |1323 |5858 |2873 | 224k|  2 | 123k|  32 | 0.000000e+00 |      --      |    Inf |  58.38%
 1835s|121500 |  1701 | 15367k| 126.5 |   295M |  67 |1323 |5821 |   0 | 224k|  0 | 123k|  32 | 0.000000e+00 |      --      |    Inf |  58.38%
 1836s|121600 |  1711 | 15379k| 126.5 |   295M |  67 |1323 |5907 |2910 | 224k|  0 | 123k|  32 | 0.000000e+00 |      --      |    Inf |  58.38%
 1838s|121700 |  1717 | 15394k| 126.5 |   296M |  67 |1323 |6004 |   0 | 225k|  0 | 123k|  32 | 0.000000e+00 |      --      |    Inf |  58.38%
 time | node  | left  |LP iter|LP it/n|mem/heur|mdpt |vars |cons |rows |cuts |sepa|confs|strbr|  dualbound   | primalbound  |  gap   | compl. 
 1839s|121800 |  1716 | 15408k| 126.5 |   296M |  67 |1323 |6022 |2912 | 225k|  0 | 124k|  32 | 0.000000e+00 |      --      |    Inf |  58.38%
 1840s|121900 |  1712 | 15415k| 126.4 |   296M |  67 |1323 |6025 |2984 | 225k|  1 | 124k|  32 | 0.000000e+00 |      --      |    Inf |  58.38%
 1841s|122000 |  1703 | 15425k| 126.4 |   296M |  67 |1323 |5980 |2905 | 225k|  2 | 124k|  32 | 0.000000e+00 |      --      |    Inf |  58.38%
 1842s|122100 |  1719 | 15437k| 126.4 |   296M |  67 |1323 |6015 |2862 | 226k|  2 | 124k|  32 | 0.000000e+00 |      --      |    Inf |  58.38%
 1843s|122200 |  1722 | 15448k| 126.4 |   296M |  67 |1323 |6055 |3038 | 226k|  0 | 124k|  32 | 0.000000e+00 |      --      |    Inf |  58.38%
 1845s|122300 |  1711 | 15462k| 126.4 |   296M |  67 |1323 |6162 |   0 | 226k|  0 | 124k|  32 | 0.000000e+00 |      --      |    Inf |  58.38%
 1846s|122400 |  1715 | 15472k| 126.4 |   296M |  67 |1323 |6070 |2841 | 227k|  1 | 124k|  32 | 0.000000e+00 |      --      |    Inf |  58.38%
 1847s|122500 |  1708 | 15484k| 126.4 |   296M |  67 |1323 |5905 |2858 | 227k|  1 | 124k|  32 | 0.000000e+00 |      --      |    Inf |  58.38%
 1849s|122600 |  1705 | 15498k| 126.4 |   296M |  67 |1323 |5817 |2868 | 227k|  2 | 125k|  32 | 0.000000e+00 |      --      |    Inf |  58.38%
 1850s|122700 |  1694 | 15510k| 126.4 |   296M |  67 |1323 |5692 |2875 | 227k|  0 | 125k|  32 | 0.000000e+00 |      --      |    Inf |  58.39%
 1851s|122800 |  1686 | 15522k| 126.4 |   296M |  67 |1323 |5475 |   0 | 228k|  0 | 125k|  32 | 0.000000e+00 |      --      |    Inf |  58.39%
 1853s|122900 |  1678 | 15536k| 126.4 |   296M |  67 |1323 |5401 |2800 | 228k|  2 | 125k|  32 | 0.000000e+00 |      --      |    Inf |  58.39%
 1854s|123000 |  1688 | 15545k| 126.4 |   296M |  67 |1323 |5396 |2877 | 228k|  2 | 125k|  32 | 0.000000e+00 |      --      |    Inf |  58.40%
 1855s|123100 |  1686 | 15555k| 126.3 |   296M |  67 |1323 |5431 |2873 | 229k|  2 | 125k|  32 | 0.000000e+00 |      --      |    Inf |  58.40%
 1856s|123200 |  1700 | 15566k| 126.3 |   296M |  67 |1323 |5293 |2831 | 229k|  2 | 125k|  32 | 0.000000e+00 |      --      |    Inf |  58.41%
 time | node  | left  |LP iter|LP it/n|mem/heur|mdpt |vars |cons |rows |cuts |sepa|confs|strbr|  dualbound   | primalbound  |  gap   | compl. 
 1857s|123300 |  1718 | 15575k| 126.3 |   296M |  67 |1323 |5374 |2859 | 229k|  2 | 125k|  32 | 0.000000e+00 |      --      |    Inf |  58.41%
 1858s|123400 |  1716 | 15585k| 126.3 |   296M |  67 |1323 |5447 |2942 | 229k|  0 | 125k|  32 | 0.000000e+00 |      --      |    Inf |  58.41%
 1859s|123500 |  1725 | 15594k| 126.2 |   296M |  67 |1323 |5489 |   0 | 230k|  0 | 125k|  32 | 0.000000e+00 |      --      |    Inf |  58.41%
 1860s|123600 |  1719 | 15602k| 126.2 |   296M |  67 |1323 |5574 |2878 | 230k|  0 | 126k|  32 | 0.000000e+00 |      --      |    Inf |  58.41%
 1861s|123700 |  1724 | 15611k| 126.2 |   296M |  67 |1323 |5537 |2906 | 230k|  2 | 126k|  32 | 0.000000e+00 |      --      |    Inf |  58.41%
 1862s|123800 |  1718 | 15620k| 126.2 |   296M |  67 |1323 |5387 |2831 | 231k|  0 | 126k|  32 | 0.000000e+00 |      --      |    Inf |  58.41%
 1863s|123900 |  1722 | 15628k| 126.1 |   296M |  67 |1323 |5440 |3040 | 231k|  0 | 126k|  32 | 0.000000e+00 |      --      |    Inf |  58.41%
 1864s|124000 |  1720 | 15636k| 126.1 |   296M |  67 |1323 |5525 |3049 | 231k|  0 | 126k|  32 | 0.000000e+00 |      --      |    Inf |  58.41%
 1865s|124100 |  1724 | 15642k| 126.0 |   296M |  67 |1323 |5552 |3054 | 231k|  0 | 126k|  32 | 0.000000e+00 |      --      |    Inf |  58.41%
 1866s|124200 |  1728 | 15649k| 126.0 |   296M |  67 |1323 |5603 |3048 | 231k|  2 | 126k|  32 | 0.000000e+00 |      --      |    Inf |  58.41%
 1867s|124300 |  1719 | 15660k| 126.0 |   296M |  67 |1323 |5651 |   0 | 231k|  0 | 126k|  32 | 0.000000e+00 |      --      |    Inf |  58.41%
 1868s|124400 |  1713 | 15674k| 126.0 |   296M |  67 |1323 |5611 |3059 | 231k|  2 | 126k|  32 | 0.000000e+00 |      --      |    Inf |  58.41%
 1869s|124500 |  1710 | 15684k| 126.0 |   296M |  67 |1323 |5736 |3053 | 231k|  0 | 127k|  32 | 0.000000e+00 |      --      |    Inf |  58.41%
 1870s|124600 |  1711 | 15697k| 126.0 |   296M |  67 |1323 |5627 |3094 | 232k|  0 | 127k|  32 | 0.000000e+00 |      --      |    Inf |  58.41%
 1872s|124700 |  1705 | 15709k| 126.0 |   296M |  67 |1323 |5703 |3080 | 232k|  2 | 127k|  32 | 0.000000e+00 |      --      |    Inf |  58.41%
 time | node  | left  |LP iter|LP it/n|mem/heur|mdpt |vars |cons |rows |cuts |sepa|confs|strbr|  dualbound   | primalbound  |  gap   | compl. 
 1873s|124800 |  1696 | 15721k| 125.9 |   296M |  67 |1323 |5710 |3061 | 232k|  0 | 127k|  32 | 0.000000e+00 |      --      |    Inf |  58.41%
 1874s|124900 |  1715 | 15726k| 125.9 |   296M |  67 |1323 |5662 |3058 | 232k|  2 | 127k|  32 | 0.000000e+00 |      --      |    Inf |  58.41%
 1874s|125000 |  1710 | 15730k| 125.8 |   296M |  67 |1323 |5736 |3038 | 232k|  0 | 127k|  32 | 0.000000e+00 |      --      |    Inf |  58.41%
 1875s|125100 |  1699 | 15739k| 125.8 |   296M |  67 |1323 |5745 |3065 | 232k|  0 | 127k|  32 | 0.000000e+00 |      --      |    Inf |  58.41%
 1876s|125200 |  1701 | 15746k| 125.7 |   296M |  67 |1323 |5733 |3047 | 232k|  1 | 127k|  32 | 0.000000e+00 |      --      |    Inf |  58.41%
 1877s|125300 |  1694 | 15759k| 125.8 |   296M |  67 |1323 |5607 |3031 | 233k|  0 | 127k|  32 | 0.000000e+00 |      --      |    Inf |  58.41%
 1878s|125400 |  1695 | 15768k| 125.7 |   296M |  67 |1323 |5489 |3053 | 233k|  1 | 127k|  32 | 0.000000e+00 |      --      |    Inf |  58.41%
 1879s|125500 |  1697 | 15779k| 125.7 |   296M |  67 |1323 |5513 |3149 | 233k|  0 | 127k|  32 | 0.000000e+00 |      --      |    Inf |  58.41%
 1880s|125600 |  1697 | 15785k| 125.7 |   296M |  67 |1323 |5496 |3153 | 233k|  0 | 127k|  32 | 0.000000e+00 |      --      |    Inf |  58.41%
 1881s|125700 |  1703 | 15791k| 125.6 |   296M |  67 |1323 |5493 |3170 | 233k|  2 | 127k|  32 | 0.000000e+00 |      --      |    Inf |  58.41%
 1881s|125800 |  1693 | 15797k| 125.5 |   296M |  67 |1323 |5550 |3167 | 233k|  2 | 128k|  32 | 0.000000e+00 |      --      |    Inf |  58.41%
 1882s|125900 |  1693 | 15801k| 125.5 |   297M |  67 |1323 |5617 |3161 | 233k|  0 | 128k|  32 | 0.000000e+00 |      --      |    Inf |  58.41%
 1883s|126000 |  1702 | 15808k| 125.4 |   297M |  67 |1323 |5638 |3148 | 233k|  0 | 128k|  32 | 0.000000e+00 |      --      |    Inf |  58.41%
 1883s|126100 |  1716 | 15812k| 125.4 |   297M |  67 |1323 |5656 |3155 | 233k|  1 | 128k|  32 | 0.000000e+00 |      --      |    Inf |  58.41%
 1884s|126200 |  1709 | 15818k| 125.3 |   297M |  67 |1323 |5684 |3159 | 233k|  1 | 128k|  32 | 0.000000e+00 |      --      |    Inf |  58.41%
 time | node  | left  |LP iter|LP it/n|mem/heur|mdpt |vars |cons |rows |cuts |sepa|confs|strbr|  dualbound   | primalbound  |  gap   | compl. 
 1884s|126300 |  1714 | 15822k| 125.3 |   297M |  67 |1323 |5704 |3174 | 233k|  1 | 128k|  32 | 0.000000e+00 |      --      |    Inf |  58.41%
 1885s|126400 |  1710 | 15827k| 125.2 |   297M |  67 |1323 |5707 |   0 | 233k|  0 | 128k|  32 | 0.000000e+00 |      --      |    Inf |  58.41%
 1886s|126500 |  1697 | 15836k| 125.2 |   297M |  67 |1323 |5756 |3155 | 233k|  0 | 128k|  32 | 0.000000e+00 |      --      |    Inf |  58.41%
 1887s|126600 |  1698 | 15847k| 125.2 |   297M |  67 |1323 |5641 |3206 | 233k|  0 | 128k|  32 | 0.000000e+00 |      --      |    Inf |  58.41%
 1888s|126700 |  1696 | 15859k| 125.1 |   297M |  67 |1323 |5722 |3208 | 234k|  2 | 128k|  32 | 0.000000e+00 |      --      |    Inf |  58.41%
 1889s|126800 |  1698 | 15870k| 125.1 |   298M |  67 |1323 |5906 |3256 | 234k|  1 | 128k|  32 | 0.000000e+00 |      --      |    Inf |  58.41%
 1890s|126900 |  1702 | 15879k| 125.1 |   298M |  67 |1323 |6035 |3220 | 234k|  0 | 129k|  32 | 0.000000e+00 |      --      |    Inf |  58.41%
 1891s|127000 |  1690 | 15889k| 125.1 |   298M |  67 |1323 |6038 |2868 | 234k|  2 | 129k|  32 | 0.000000e+00 |      --      |    Inf |  58.41%
 1892s|127100 |  1690 | 15900k| 125.1 |   298M |  67 |1323 |5818 |2811 | 234k|  0 | 129k|  32 | 0.000000e+00 |      --      |    Inf |  58.41%
 1893s|127200 |  1684 | 15913k| 125.1 |   298M |  67 |1323 |5530 |2777 | 234k|  1 | 129k|  32 | 0.000000e+00 |      --      |    Inf |  58.42%
 1895s|127300 |  1686 | 15927k| 125.1 |   298M |  67 |1323 |5495 |2790 | 235k|  1 | 129k|  32 | 0.000000e+00 |      --      |    Inf |  58.42%
 1896s|127400 |  1691 | 15938k| 125.1 |   298M |  67 |1323 |5605 |2942 | 235k|  2 | 129k|  32 | 0.000000e+00 |      --      |    Inf |  58.42%
 1897s|127500 |  1690 | 15947k| 125.0 |   298M |  67 |1323 |5658 |   0 | 235k|  0 | 129k|  32 | 0.000000e+00 |      --      |    Inf |  58.42%
 1898s|127600 |  1694 | 15957k| 125.0 |   298M |  67 |1323 |5659 |2953 | 235k|  2 | 129k|  32 | 0.000000e+00 |      --      |    Inf |  58.42%
 1899s|127700 |  1690 | 15969k| 125.0 |   298M |  67 |1323 |5704 |2908 | 236k|  2 | 129k|  32 | 0.000000e+00 |      --      |    Inf |  58.42%
 time | node  | left  |LP iter|LP it/n|mem/heur|mdpt |vars |cons |rows |cuts |sepa|confs|strbr|  dualbound   | primalbound  |  gap   | compl. 
 1900s|127800 |  1685 | 15980k| 125.0 |   298M |  67 |1323 |5794 |2898 | 236k|  0 | 130k|  32 | 0.000000e+00 |      --      |    Inf |  58.42%
 1902s|127900 |  1688 | 15997k| 125.1 |   298M |  67 |1323 |5419 |3172 | 236k|  1 | 130k|  32 | 0.000000e+00 |      --      |    Inf |  58.45%
 1905s|128000 |  1693 | 16021k| 125.1 |   298M |  67 |1323 |5484 |3183 | 236k|  1 | 130k|  32 | 0.000000e+00 |      --      |    Inf |  58.45%
 1908s|128100 |  1700 | 16051k| 125.3 |   298M |  67 |1323 |5325 |3190 | 236k|  0 | 130k|  32 | 0.000000e+00 |      --      |    Inf |  58.45%
 1910s|128200 |  1684 | 16077k| 125.4 |   298M |  67 |1323 |5387 |3196 | 236k|  0 | 130k|  32 | 0.000000e+00 |      --      |    Inf |  58.46%
 1913s|128300 |  1698 | 16102k| 125.5 |   298M |  67 |1323 |5496 |3174 | 237k|  0 | 130k|  32 | 0.000000e+00 |      --      |    Inf |  58.46%
 1915s|128400 |  1703 | 16124k| 125.6 |   298M |  67 |1323 |5664 |3182 | 237k|  2 | 130k|  32 | 0.000000e+00 |      --      |    Inf |  58.46%
 1917s|128500 |  1692 | 16144k| 125.6 |   298M |  67 |1323 |5810 |3292 | 237k|  1 | 131k|  32 | 0.000000e+00 |      --      |    Inf |  58.46%
 1919s|128600 |  1703 | 16168k| 125.7 |   298M |  67 |1323 |5873 |3189 | 237k|  1 | 131k|  32 | 0.000000e+00 |      --      |    Inf |  58.46%
 1922s|128700 |  1693 | 16191k| 125.8 |   299M |  67 |1323 |6002 |3329 | 237k|  2 | 131k|  32 | 0.000000e+00 |      --      |    Inf |  58.46%
 1924s|128800 |  1689 | 16211k| 125.8 |   299M |  67 |1323 |5872 |3210 | 237k|  2 | 131k|  32 | 0.000000e+00 |      --      |    Inf |  58.46%
 1927s|128900 |  1692 | 16242k| 126.0 |   300M |  67 |1323 |6008 |3240 | 237k|  1 | 131k|  32 | 0.000000e+00 |      --      |    Inf |  58.46%
 1930s|129000 |  1695 | 16269k| 126.1 |   300M |  67 |1323 |6158 |3229 | 237k|  0 | 131k|  32 | 0.000000e+00 |      --      |    Inf |  58.46%
 1933s|129100 |  1688 | 16297k| 126.2 |   301M |  67 |1323 |6333 |3239 | 237k|  0 | 131k|  32 | 0.000000e+00 |      --      |    Inf |  58.46%
 1935s|129200 |  1690 | 16319k| 126.3 |   301M |  67 |1323 |6447 |3261 | 237k|  0 | 132k|  32 | 0.000000e+00 |      --      |    Inf |  58.46%
 time | node  | left  |LP iter|LP it/n|mem/heur|mdpt |vars |cons |rows |cuts |sepa|confs|strbr|  dualbound   | primalbound  |  gap   | compl. 
 1937s|129300 |  1678 | 16340k| 126.3 |   301M |  67 |1323 |6291 |3227 | 237k|  0 | 132k|  32 | 0.000000e+00 |      --      |    Inf |  58.47%
 1940s|129400 |  1686 | 16360k| 126.4 |   301M |  67 |1323 |6277 |3274 | 238k|  1 | 132k|  32 | 0.000000e+00 |      --      |    Inf |  58.47%
 1942s|129500 |  1682 | 16387k| 126.5 |   301M |  67 |1323 |6419 |3285 | 238k|  1 | 132k|  32 | 0.000000e+00 |      --      |    Inf |  58.47%
 1945s|129600 |  1677 | 16416k| 126.6 |   301M |  67 |1323 |6559 |3235 | 238k|  2 | 132k|  32 | 0.000000e+00 |      --      |    Inf |  58.47%
 1947s|129700 |  1697 | 16434k| 126.7 |   301M |  67 |1323 |6186 |3242 | 238k|  1 | 132k|  32 | 0.000000e+00 |      --      |    Inf |  58.48%
 1949s|129800 |  1698 | 16451k| 126.7 |   301M |  67 |1323 |5987 |3287 | 238k|  1 | 133k|  32 | 0.000000e+00 |      --      |    Inf |  58.48%
 1950s|129900 |  1706 | 16465k| 126.7 |   301M |  67 |1323 |5848 |2867 | 238k|  0 | 133k|  32 | 0.000000e+00 |      --      |    Inf |  58.48%
 1952s|130000 |  1707 | 16479k| 126.7 |   301M |  67 |1323 |5942 |2883 | 238k|  1 | 133k|  32 | 0.000000e+00 |      --      |    Inf |  58.48%
 1955s|130100 |  1683 | 16495k| 126.8 |   301M |  67 |1323 |5938 |2842 | 238k|  0 | 133k|  32 | 0.000000e+00 |      --      |    Inf |  58.48%
 1957s|130200 |  1682 | 16507k| 126.8 |   301M |  67 |1323 |5173 |3058 | 239k|  0 | 133k|  32 | 0.000000e+00 |      --      |    Inf |  58.49%
 1960s|130300 |  1682 | 16522k| 126.8 |   301M |  67 |1323 |4725 |3093 | 239k|  1 | 133k|  32 | 0.000000e+00 |      --      |    Inf |  58.49%
 1963s|130400 |  1689 | 16534k| 126.8 |   301M |  67 |1323 |4429 |2881 | 239k|  0 | 133k|  32 | 0.000000e+00 |      --      |    Inf |  58.51%
 1965s|130500 |  1688 | 16545k| 126.8 |   301M |  67 |1323 |4536 |2912 | 239k|  0 | 133k|  32 | 0.000000e+00 |      --      |    Inf |  58.51%
 1967s|130600 |  1684 | 16555k| 126.7 |   301M |  67 |1323 |4660 |   0 | 239k|  0 | 133k|  32 | 0.000000e+00 |      --      |    Inf |  58.51%
 1969s|130700 |  1683 | 16569k| 126.8 |   301M |  67 |1323 |4742 |2963 | 240k|  0 | 134k|  32 | 0.000000e+00 |      --      |    Inf |  58.51%
 time | node  | left  |LP iter|LP it/n|mem/heur|mdpt |vars |cons |rows |cuts |sepa|confs|strbr|  dualbound   | primalbound  |  gap   | compl. 
 1972s|130800 |  1679 | 16581k| 126.7 |   301M |  67 |1323 |4662 |2825 | 240k|  0 | 134k|  32 | 0.000000e+00 |      --      |    Inf |  58.51%
 1975s|130900 |  1689 | 16595k| 126.8 |   301M |  67 |1323 |4096 |3104 | 240k|  1 | 134k|  32 | 0.000000e+00 |      --      |    Inf |  58.51%
 1977s|131000 |  1694 | 16606k| 126.7 |   301M |  67 |1323 |4074 |2744 | 240k|  1 | 134k|  32 | 0.000000e+00 |      --      |    Inf |  58.51%
 1980s|131100 |  1684 | 16618k| 126.7 |   301M |  67 |1323 |3799 |3300 | 240k|  1 | 134k|  32 | 0.000000e+00 |      --      |    Inf |  58.54%
 1983s|131200 |  1692 | 16630k| 126.7 |   301M |  67 |1323 |3548 |2916 | 240k|  1 | 134k|  32 | 0.000000e+00 |      --      |    Inf |  58.56%
 1985s|131300 |  1686 | 16643k| 126.7 |   301M |  67 |1323 |3609 |2920 | 240k|  2 | 134k|  32 | 0.000000e+00 |      --      |    Inf |  58.56%
 1988s|131400 |  1692 | 16653k| 126.7 |   301M |  67 |1323 |3666 |2985 | 241k|  2 | 134k|  32 | 0.000000e+00 |      --      |    Inf |  58.56%
 1991s|131500 |  1685 | 16667k| 126.7 |   301M |  67 |1323 |3620 |2736 | 241k|  1 | 134k|  32 | 0.000000e+00 |      --      |    Inf |  58.56%
 1995s|131600 |  1675 | 16684k| 126.8 |   301M |  67 |1323 |3503 |2773 | 241k|  0 | 134k|  32 | 0.000000e+00 |      --      |    Inf |  58.61%
 1997s|131700 |  1678 | 16696k| 126.8 |   301M |  67 |1323 |3397 |2891 | 241k|  2 | 135k|  32 | 0.000000e+00 |      --      |    Inf |  58.65%
 1999s|131800 |  1666 | 16712k| 126.8 |   301M |  67 |1323 |3228 |2927 | 241k|  0 | 135k|  32 | 0.000000e+00 |      --      |    Inf |  58.68%
 2000s|131900 |  1665 | 16725k| 126.8 |   301M |  67 |1323 |3115 |2917 | 241k|  0 | 135k|  32 | 0.000000e+00 |      --      |    Inf |  58.70%
 2002s|132000 |  1652 | 16740k| 126.8 |   301M |  67 |1323 |3100 |2705 | 241k|  0 | 135k|  32 | 0.000000e+00 |      --      |    Inf |  58.70%
 2003s|132100 |  1657 | 16752k| 126.8 |   301M |  67 |1323 |3097 |3095 | 241k|  2 | 135k|  32 | 0.000000e+00 |      --      |    Inf |  58.72%
 2005s|132200 |  1658 | 16768k| 126.8 |   301M |  67 |1323 |3024 |3012 | 242k|  0 | 135k|  32 | 0.000000e+00 |      --      |    Inf |  58.73%
 time | node  | left  |LP iter|LP it/n|mem/heur|mdpt |vars |cons |rows |cuts |sepa|confs|strbr|  dualbound   | primalbound  |  gap   | compl. 
 2007s|132300 |  1670 | 16778k| 126.8 |   301M |  67 |1323 |3039 |2944 | 242k|  1 | 135k|  32 | 0.000000e+00 |      --      |    Inf |  58.73%
 2008s|132400 |  1658 | 16793k| 126.8 |   301M |  67 |1323 |3034 |2663 | 242k|  2 | 135k|  32 | 0.000000e+00 |      --      |    Inf |  58.74%
 2010s|132500 |  1670 | 16805k| 126.8 |   301M |  67 |1323 |3130 |3666 | 242k|  0 | 135k|  32 | 0.000000e+00 |      --      |    Inf |  58.74%
 2011s|132600 |  1667 | 16816k| 126.8 |   301M |  67 |1323 |3153 |2903 | 242k|  0 | 136k|  32 | 0.000000e+00 |      --      |    Inf |  58.74%
 2013s|132700 |  1664 | 16828k| 126.8 |   302M |  67 |1323 |3072 |3254 | 242k|  2 | 136k|  32 | 0.000000e+00 |      --      |    Inf |  58.83%
 2014s|132800 |  1661 | 16839k| 126.8 |   302M |  67 |1323 |3131 |2824 | 242k|  2 | 136k|  32 | 0.000000e+00 |      --      |    Inf |  58.83%
 2016s|132900 |  1670 | 16855k| 126.8 |   302M |  67 |1323 |3069 |   0 | 242k|  0 | 136k|  32 | 0.000000e+00 |      --      |    Inf |  58.83%
 2017s|133000 |  1684 | 16867k| 126.8 |   302M |  67 |1323 |3017 |2803 | 243k|  0 | 136k|  32 | 0.000000e+00 |      --      |    Inf |  58.84%
 2019s|133100 |  1686 | 16880k| 126.8 |   302M |  67 |1323 |3066 |3026 | 243k|  2 | 136k|  32 | 0.000000e+00 |      --      |    Inf |  58.84%
 2020s|133200 |  1680 | 16893k| 126.8 |   302M |  67 |1323 |3131 |2891 | 243k|  2 | 136k|  32 | 0.000000e+00 |      --      |    Inf |  58.84%
 2021s|133300 |  1680 | 16904k| 126.8 |   302M |  67 |1323 |3155 |2856 | 243k|  0 | 136k|  32 | 0.000000e+00 |      --      |    Inf |  58.84%
 2023s|133400 |  1676 | 16916k| 126.8 |   302M |  67 |1323 |3061 |3147 | 243k|  1 | 136k|  32 | 0.000000e+00 |      --      |    Inf |  58.84%
 2025s|133500 |  1675 | 16931k| 126.8 |   303M |  67 |1323 |2969 |2956 | 243k|  1 | 136k|  32 | 0.000000e+00 |      --      |    Inf |  59.43%
 2026s|133600 |  1665 | 16947k| 126.8 |   303M |  67 |1323 |2975 |3009 | 243k|  0 | 137k|  32 | 0.000000e+00 |      --      |    Inf |  59.43%
 2028s|133700 |  1680 | 16959k| 126.8 |   303M |  67 |1323 |2877 |2967 | 244k|  2 | 137k|  32 | 0.000000e+00 |      --      |    Inf |  59.43%
 time | node  | left  |LP iter|LP it/n|mem/heur|mdpt |vars |cons |rows |cuts |sepa|confs|strbr|  dualbound   | primalbound  |  gap   | compl. 
 2030s|133800 |  1675 | 16976k| 126.9 |   303M |  67 |1323 |2756 |2767 | 244k|  0 | 137k|  32 | 0.000000e+00 |      --      |    Inf |  59.44%
 2032s|133900 |  1677 | 16989k| 126.9 |   303M |  67 |1323 |2765 |3225 | 244k|  0 | 137k|  32 | 0.000000e+00 |      --      |    Inf |  59.44%
 2034s|134000 |  1683 | 17004k| 126.9 |   303M |  67 |1323 |2728 |2980 | 244k|  1 | 137k|  32 | 0.000000e+00 |      --      |    Inf |  59.59%
 2036s|134100 |  1695 | 17020k| 126.9 |   303M |  67 |1323 |2802 |3052 | 244k|  2 | 137k|  32 | 0.000000e+00 |      --      |    Inf |  59.59%
 2038s|134200 |  1693 | 17026k| 126.9 |   303M |  67 |1323 |2817 |3065 | 244k|  0 | 137k|  32 | 0.000000e+00 |      --      |    Inf |  59.59%
 2039s|134300 |  1700 | 17031k| 126.8 |   303M |  67 |1323 |2897 |3090 | 245k|  1 | 137k|  32 | 0.000000e+00 |      --      |    Inf |  59.59%
 2041s|134400 |  1689 | 17048k| 126.8 |   303M |  67 |1323 |2963 |2781 | 245k|  0 | 137k|  32 | 0.000000e+00 |      --      |    Inf |  59.59%
 2043s|134500 |  1693 | 17062k| 126.8 |   303M |  67 |1323 |2918 |2995 | 245k|  2 | 137k|  32 | 0.000000e+00 |      --      |    Inf |  59.60%
 2045s|134600 |  1686 | 17077k| 126.8 |   303M |  67 |1323 |2873 |2659 | 245k|  2 | 137k|  32 | 0.000000e+00 |      --      |    Inf |  59.62%
 2047s|134700 |  1697 | 17092k| 126.9 |   303M |  67 |1323 |2847 |3098 | 245k|  1 | 137k|  32 | 0.000000e+00 |      --      |    Inf |  59.68%
 2049s|134800 |  1697 | 17107k| 126.9 |   303M |  67 |1323 |2874 |2804 | 245k|  1 | 138k|  32 | 0.000000e+00 |      --      |    Inf |  59.71%
 2050s|134900 |  1691 | 17118k| 126.9 |   303M |  67 |1323 |2941 |2809 | 246k|  2 | 138k|  32 | 0.000000e+00 |      --      |    Inf |  59.71%
 2052s|135000 |  1698 | 17132k| 126.9 |   303M |  67 |1323 |2885 |2793 | 246k|  2 | 138k|  32 | 0.000000e+00 |      --      |    Inf |  59.74%
 2053s|135100 |  1710 | 17145k| 126.9 |   303M |  67 |1323 |2891 |2800 | 246k|  1 | 138k|  32 | 0.000000e+00 |      --      |    Inf |  59.75%
 2055s|135200 |  1714 | 17155k| 126.9 |   304M |  67 |1323 |2952 |2833 | 246k|  0 | 138k|  32 | 0.000000e+00 |      --      |    Inf |  59.75%
 time | node  | left  |LP iter|LP it/n|mem/heur|mdpt |vars |cons |rows |cuts |sepa|confs|strbr|  dualbound   | primalbound  |  gap   | compl. 
 2056s|135300 |  1712 | 17167k| 126.9 |   304M |  67 |1323 |2985 |   0 | 246k|  0 | 138k|  32 | 0.000000e+00 |      --      |    Inf |  59.75%
 2057s|135400 |  1706 | 17180k| 126.9 |   304M |  67 |1323 |3037 |2817 | 246k|  3 | 138k|  32 | 0.000000e+00 |      --      |    Inf |  59.75%
 2059s|135500 |  1704 | 17196k| 126.9 |   304M |  67 |1323 |3019 |2816 | 247k|  1 | 138k|  32 | 0.000000e+00 |      --      |    Inf |  59.79%
 2060s|135600 |  1704 | 17202k| 126.8 |   304M |  67 |1323 |3063 |3023 | 247k|  0 | 138k|  32 | 0.000000e+00 |      --      |    Inf |  59.79%
 2060s|135700 |  1714 | 17207k| 126.8 |   304M |  67 |1323 |3110 |3038 | 247k|  1 | 138k|  32 | 0.000000e+00 |      --      |    Inf |  59.79%
 2061s|135800 |  1714 | 17211k| 126.7 |   304M |  67 |1323 |3219 |   0 | 247k|  0 | 138k|  32 | 0.000000e+00 |      --      |    Inf |  59.79%
 2062s|135900 |  1711 | 17215k| 126.7 |   304M |  67 |1323 |3295 |3034 | 247k|  1 | 139k|  32 | 0.000000e+00 |      --      |    Inf |  59.79%
 2062s|136000 |  1713 | 17220k| 126.6 |   304M |  67 |1323 |3308 |3039 | 247k|  1 | 139k|  32 | 0.000000e+00 |      --      |    Inf |  59.79%
 2063s|136100 |  1715 | 17227k| 126.6 |   304M |  67 |1323 |3351 |3040 | 247k|  0 | 139k|  32 | 0.000000e+00 |      --      |    Inf |  59.79%
 2064s|136200 |  1706 | 17234k| 126.5 |   304M |  67 |1323 |3247 |2769 | 247k|  0 | 139k|  32 | 0.000000e+00 |      --      |    Inf |  59.80%
 2065s|136300 |  1703 | 17243k| 126.5 |   304M |  67 |1323 |3102 |3355 | 247k|  1 | 139k|  32 | 0.000000e+00 |      --      |    Inf |  59.84%
 2066s|136400 |  1710 | 17254k| 126.5 |   304M |  67 |1323 |3138 |2675 | 247k|  1 | 139k|  32 | 0.000000e+00 |      --      |    Inf |  59.84%
 2068s|136500 |  1715 | 17269k| 126.5 |   304M |  67 |1323 |3123 |2809 | 248k|  0 | 139k|  32 | 0.000000e+00 |      --      |    Inf |  59.86%
 2069s|136600 |  1723 | 17279k| 126.5 |   304M |  67 |1323 |3172 |2865 | 248k|  2 | 139k|  32 | 0.000000e+00 |      --      |    Inf |  59.86%
 2071s|136700 |  1709 | 17296k| 126.5 |   304M |  67 |1323 |3205 |3158 | 248k|  0 | 139k|  32 | 0.000000e+00 |      --      |    Inf |  59.87%
 time | node  | left  |LP iter|LP it/n|mem/heur|mdpt |vars |cons |rows |cuts |sepa|confs|strbr|  dualbound   | primalbound  |  gap   | compl. 
 2073s|136800 |  1711 | 17315k| 126.6 |   304M |  67 |1323 |3232 |3225 | 248k|  0 | 139k|  32 | 0.000000e+00 |      --      |    Inf |  59.87%
 2075s|136900 |  1709 | 17332k| 126.6 |   304M |  67 |1323 |3212 |2949 | 248k|  0 | 140k|  32 | 0.000000e+00 |      --      |    Inf |  59.88%
 2076s|137000 |  1706 | 17343k| 126.6 |   304M |  67 |1323 |3194 |2723 | 248k|  0 | 140k|  32 | 0.000000e+00 |      --      |    Inf |  59.90%
 2078s|137100 |  1709 | 17358k| 126.6 |   304M |  67 |1323 |3229 |3316 | 248k|  0 | 140k|  32 | 0.000000e+00 |      --      |    Inf |  59.90%
 2079s|137200 |  1718 | 17371k| 126.6 |   304M |  67 |1323 |3246 |2715 | 249k|  0 | 140k|  32 | 0.000000e+00 |      --      |    Inf |  59.91%
 2081s|137300 |  1710 | 17389k| 126.6 |   304M |  67 |1323 |3235 |2936 | 249k|  1 | 140k|  32 | 0.000000e+00 |      --      |    Inf |  59.91%
 2083s|137400 |  1711 | 17404k| 126.6 |   304M |  67 |1323 |3183 |2684 | 249k|  2 | 140k|  32 | 0.000000e+00 |      --      |    Inf |  60.00%
 2085s|137500 |  1708 | 17422k| 126.7 |   304M |  67 |1323 |3140 |3119 | 249k|  1 | 140k|  32 | 0.000000e+00 |      --      |    Inf |  60.03%
 2087s|137600 |  1706 | 17437k| 126.7 |   304M |  67 |1323 |2981 |3317 | 249k|  1 | 140k|  32 | 0.000000e+00 |      --      |    Inf |  60.05%
 2088s|137700 |  1716 | 17448k| 126.7 |   304M |  67 |1323 |3063 |2915 | 250k|  2 | 140k|  32 | 0.000000e+00 |      --      |    Inf |  60.05%
 2089s|137800 |  1709 | 17458k| 126.7 |   304M |  67 |1323 |3168 |2888 | 250k|  2 | 140k|  32 | 0.000000e+00 |      --      |    Inf |  60.05%
 2090s|137900 |  1707 | 17471k| 126.7 |   304M |  67 |1323 |3166 |2726 | 250k|  1 | 141k|  32 | 0.000000e+00 |      --      |    Inf |  60.05%
 2092s|138000 |  1719 | 17487k| 126.7 |   304M |  67 |1323 |3212 |2763 | 250k|  1 | 141k|  32 | 0.000000e+00 |      --      |    Inf |  60.05%
 2093s|138100 |  1714 | 17497k| 126.7 |   304M |  67 |1323 |3183 |2992 | 250k|  2 | 141k|  32 | 0.000000e+00 |      --      |    Inf |  61.61%
 2095s|138200 |  1722 | 17515k| 126.7 |   304M |  67 |1323 |3125 |3018 | 250k|  2 | 141k|  32 | 0.000000e+00 |      --      |    Inf |  61.61%
 time | node  | left  |LP iter|LP it/n|mem/heur|mdpt |vars |cons |rows |cuts |sepa|confs|strbr|  dualbound   | primalbound  |  gap   | compl. 
 2097s|138300 |  1738 | 17537k| 126.8 |   304M |  67 |1323 |3191 |3077 | 251k|  0 | 141k|  32 | 0.000000e+00 |      --      |    Inf |  61.61%
 2100s|138400 |  1733 | 17559k| 126.9 |   304M |  67 |1323 |3331 |3177 | 251k|  0 | 141k|  32 | 0.000000e+00 |      --      |    Inf |  61.61%
 2102s|138500 |  1735 | 17576k| 126.9 |   304M |  67 |1323 |3459 |3223 | 251k|  0 | 141k|  32 | 0.000000e+00 |      --      |    Inf |  61.61%
 2104s|138600 |  1745 | 17600k| 127.0 |   304M |  67 |1323 |3570 |3072 | 251k|  1 | 141k|  32 | 0.000000e+00 |      --      |    Inf |  61.61%
 2106s|138700 |  1726 | 17616k| 127.0 |   304M |  67 |1323 |3386 |3132 | 251k|  0 | 142k|  32 | 0.000000e+00 |      --      |    Inf |  61.61%
 2107s|138800 |  1740 | 17629k| 127.0 |   304M |  67 |1323 |3396 |2785 | 251k|  2 | 142k|  32 | 0.000000e+00 |      --      |    Inf |  61.61%
 2109s|138900 |  1734 | 17643k| 127.0 |   304M |  67 |1323 |3466 |2731 | 252k|  2 | 142k|  32 | 0.000000e+00 |      --      |    Inf |  61.62%
 2110s|139000 |  1734 | 17657k| 127.0 |   304M |  67 |1323 |3539 |2784 | 252k|  0 | 142k|  32 | 0.000000e+00 |      --      |    Inf |  61.62%
 2112s|139100 |  1731 | 17676k| 127.1 |   304M |  67 |1323 |3663 |3047 | 252k|  0 | 142k|  32 | 0.000000e+00 |      --      |    Inf |  61.64%
 2113s|139200 |  1730 | 17691k| 127.1 |   304M |  67 |1323 |3679 |3035 | 252k|  0 | 142k|  32 | 0.000000e+00 |      --      |    Inf |  61.64%
 2115s|139300 |  1730 | 17703k| 127.1 |   304M |  67 |1323 |3748 |3159 | 252k|  0 | 142k|  32 | 0.000000e+00 |      --      |    Inf |  61.65%
 2117s|139400 |  1746 | 17721k| 127.1 |   304M |  67 |1323 |3542 |2821 | 252k|  2 | 142k|  32 | 0.000000e+00 |      --      |    Inf |  61.67%
 2119s|139500 |  1737 | 17737k| 127.1 |   304M |  67 |1323 |3408 |2734 | 253k|  0 | 143k|  32 | 0.000000e+00 |      --      |    Inf |  61.67%
 2121s|139600 |  1732 | 17752k| 127.1 |   304M |  67 |1323 |3295 |2736 | 253k|  2 | 143k|  32 | 0.000000e+00 |      --      |    Inf |  61.70%
 2122s|139700 |  1748 | 17762k| 127.1 |   304M |  67 |1323 |3304 |3261 | 253k|  0 | 143k|  32 | 0.000000e+00 |      --      |    Inf |  61.72%
 time | node  | left  |LP iter|LP it/n|mem/heur|mdpt |vars |cons |rows |cuts |sepa|confs|strbr|  dualbound   | primalbound  |  gap   | compl. 
 2123s|139800 |  1748 | 17770k| 127.1 |   304M |  67 |1323 |3384 |3307 | 253k|  0 | 143k|  32 | 0.000000e+00 |      --      |    Inf |  61.72%
 2124s|139900 |  1755 | 17777k| 127.0 |   304M |  67 |1323 |3392 |3250 | 253k|  0 | 143k|  32 | 0.000000e+00 |      --      |    Inf |  61.72%
 2124s|140000 |  1751 | 17783k| 127.0 |   305M |  67 |1323 |3437 |3266 | 253k|  1 | 143k|  32 | 0.000000e+00 |      --      |    Inf |  61.72%
 2125s|140100 |  1744 | 17791k| 127.0 |   305M |  67 |1323 |3514 |3222 | 254k|  2 | 143k|  32 | 0.000000e+00 |      --      |    Inf |  61.72%
 2127s|140200 |  1748 | 17807k| 127.0 |   305M |  67 |1323 |3406 |3196 | 254k|  0 | 143k|  32 | 0.000000e+00 |      --      |    Inf |  61.73%
 2128s|140300 |  1754 | 17818k| 127.0 |   305M |  67 |1323 |3478 |3248 | 254k|  1 | 143k|  32 | 0.000000e+00 |      --      |    Inf |  61.73%
 2130s|140400 |  1748 | 17832k| 127.0 |   305M |  67 |1323 |3574 |3218 | 254k|  0 | 143k|  32 | 0.000000e+00 |      --      |    Inf |  61.73%
 2132s|140500 |  1753 | 17853k| 127.0 |   305M |  67 |1323 |3601 |3232 | 254k|  2 | 143k|  32 | 0.000000e+00 |      --      |    Inf |  61.73%
 2134s|140600 |  1774 | 17866k| 127.1 |   305M |  67 |1323 |3659 |3263 | 255k|  0 | 144k|  32 | 0.000000e+00 |      --      |    Inf |  61.73%
 2135s|140700 |  1756 | 17884k| 127.1 |   306M |  67 |1323 |3766 |3275 | 255k|  0 | 144k|  32 | 0.000000e+00 |      --      |    Inf |  61.73%
 2138s|140800 |  1772 | 17907k| 127.2 |   307M |  67 |1323 |3844 |3332 | 255k|  2 | 144k|  32 | 0.000000e+00 |      --      |    Inf |  61.73%
 2139s|140900 |  1766 | 17925k| 127.2 |   307M |  67 |1323 |3899 |3300 | 255k|  1 | 144k|  32 | 0.000000e+00 |      --      |    Inf |  61.73%
 2141s|141000 |  1767 | 17942k| 127.2 |   307M |  67 |1323 |3998 |3298 | 255k|  2 | 144k|  32 | 0.000000e+00 |      --      |    Inf |  61.73%
 2142s|141100 |  1760 | 17954k| 127.2 |   307M |  67 |1323 |4019 |   0 | 255k|  0 | 144k|  32 | 0.000000e+00 |      --      |    Inf |  61.73%
 2144s|141200 |  1762 | 17970k| 127.2 |   307M |  67 |1323 |4015 |3180 | 256k|  2 | 144k|  32 | 0.000000e+00 |      --      |    Inf |  61.73%
 time | node  | left  |LP iter|LP it/n|mem/heur|mdpt |vars |cons |rows |cuts |sepa|confs|strbr|  dualbound   | primalbound  |  gap   | compl. 
 2145s|141300 |  1753 | 17983k| 127.2 |   307M |  67 |1323 |3906 |2713 | 256k|  2 | 144k|  32 | 0.000000e+00 |      --      |    Inf |  61.73%
 2147s|141400 |  1756 | 17998k| 127.3 |   307M |  67 |1323 |3918 |3074 | 256k|  0 | 144k|  32 | 0.000000e+00 |      --      |    Inf |  61.73%
 2149s|141500 |  1764 | 18011k| 127.3 |   307M |  67 |1323 |4021 |3025 | 256k|  1 | 145k|  32 | 0.000000e+00 |      --      |    Inf |  61.73%
 2151s|141600 |  1760 | 18028k| 127.3 |   307M |  67 |1323 |4139 |3091 | 256k|  0 | 145k|  32 | 0.000000e+00 |      --      |    Inf |  61.73%
 2153s|141700 |  1756 | 18046k| 127.3 |   307M |  67 |1323 |4269 |3021 | 256k|  2 | 145k|  32 | 0.000000e+00 |      --      |    Inf |  61.73%
 2156s|141800 |  1757 | 18064k| 127.4 |   307M |  67 |1323 |4389 |3066 | 257k|  2 | 145k|  32 | 0.000000e+00 |      --      |    Inf |  61.73%
 2158s|141900 |  1754 | 18083k| 127.4 |   307M |  67 |1323 |4248 |3141 | 257k|  2 | 145k|  32 | 0.000000e+00 |      --      |    Inf |  61.74%
 2159s|142000 |  1749 | 18099k| 127.4 |   307M |  67 |1323 |4223 |3213 | 257k|  0 | 145k|  32 | 0.000000e+00 |      --      |    Inf |  61.75%
 2161s|142100 |  1730 | 18113k| 127.4 |   307M |  67 |1323 |3873 |3191 | 257k|  0 | 145k|  32 | 0.000000e+00 |      --      |    Inf |  61.79%
 2162s|142200 |  1738 | 18124k| 127.4 |   307M |  67 |1323 |3473 |3609 | 257k|  0 | 145k|  32 | 0.000000e+00 |      --      |    Inf |  61.82%
 2164s|142300 |  1738 | 18143k| 127.5 |   307M |  67 |1323 |3474 |3201 | 257k|  2 | 145k|  32 | 0.000000e+00 |      --      |    Inf |  61.83%
 2166s|142400 |  1729 | 18160k| 127.5 |   308M |  67 |1323 |3346 |3473 | 257k|  0 | 145k|  32 | 0.000000e+00 |      --      |    Inf |  61.85%
 2168s|142500 |  1719 | 18176k| 127.5 |   308M |  67 |1323 |3116 |2953 | 258k|  1 | 146k|  32 | 0.000000e+00 |      --      |    Inf |  62.25%
 2170s|142600 |  1717 | 18193k| 127.6 |   308M |  67 |1323 |3110 |3317 | 258k|  2 | 146k|  32 | 0.000000e+00 |      --      |    Inf |  62.25%
 2172s|142700 |  1715 | 18212k| 127.6 |   308M |  67 |1323 |3107 |3676 | 258k|  0 | 146k|  32 | 0.000000e+00 |      --      |    Inf |  62.26%
 time | node  | left  |LP iter|LP it/n|mem/heur|mdpt |vars |cons |rows |cuts |sepa|confs|strbr|  dualbound   | primalbound  |  gap   | compl. 
 2174s|142800 |  1715 | 18228k| 127.6 |   308M |  67 |1323 |3126 |3154 | 258k|  0 | 146k|  32 | 0.000000e+00 |      --      |    Inf |  62.26%
 2175s|142900 |  1705 | 18242k| 127.6 |   308M |  67 |1323 |3166 |3364 | 258k|  2 | 146k|  32 | 0.000000e+00 |      --      |    Inf |  62.26%
 2177s|143000 |  1720 | 18253k| 127.6 |   308M |  67 |1323 |3208 |2746 | 258k|  1 | 146k|  32 | 0.000000e+00 |      --      |    Inf |  62.28%
 2178s|143100 |  1716 | 18265k| 127.6 |   308M |  67 |1323 |3296 |2726 | 258k|  0 | 146k|  32 | 0.000000e+00 |      --      |    Inf |  62.28%
 2180s|143200 |  1707 | 18281k| 127.6 |   308M |  67 |1323 |3309 |2919 | 258k|  0 | 146k|  32 | 0.000000e+00 |      --      |    Inf |  62.28%
 2182s|143300 |  1707 | 18298k| 127.7 |   309M |  67 |1323 |3250 |3198 | 259k|  0 | 146k|  32 | 0.000000e+00 |      --      |    Inf |  62.30%
 2183s|143400 |  1717 | 18309k| 127.7 |   309M |  67 |1323 |3226 |3201 | 259k|  2 | 147k|  32 | 0.000000e+00 |      --      |    Inf |  62.30%
 2183s|143500 |  1719 | 18317k| 127.6 |   309M |  67 |1323 |3316 |3258 | 259k|  2 | 147k|  32 | 0.000000e+00 |      --      |    Inf |  62.30%
 2184s|143600 |  1717 | 18325k| 127.6 |   309M |  67 |1323 |3391 |3213 | 259k|  2 | 147k|  32 | 0.000000e+00 |      --      |    Inf |  62.30%
 2185s|143700 |  1713 | 18332k| 127.6 |   309M |  67 |1323 |3449 |3296 | 259k|  2 | 147k|  32 | 0.000000e+00 |      --      |    Inf |  62.30%
 2186s|143800 |  1715 | 18338k| 127.5 |   309M |  67 |1323 |3429 |3230 | 259k|  2 | 147k|  32 | 0.000000e+00 |      --      |    Inf |  62.30%
 2186s|143900 |  1707 | 18347k| 127.5 |   310M |  67 |1323 |3475 |3227 | 259k|  1 | 147k|  32 | 0.000000e+00 |      --      |    Inf |  62.30%
 2188s|144000 |  1742 | 18361k| 127.5 |   310M |  67 |1323 |3409 |3262 | 260k|  0 | 147k|  32 | 0.000000e+00 |      --      |    Inf |  62.30%
 2190s|144100 |  1762 | 18377k| 127.5 |   310M |  67 |1323 |3402 |3239 | 260k|  1 | 147k|  32 | 0.000000e+00 |      --      |    Inf |  62.30%
 2191s|144200 |  1767 | 18396k| 127.6 |   310M |  67 |1323 |3540 |3250 | 260k|  1 | 147k|  32 | 0.000000e+00 |      --      |    Inf |  62.30%
 time | node  | left  |LP iter|LP it/n|mem/heur|mdpt |vars |cons |rows |cuts |sepa|confs|strbr|  dualbound   | primalbound  |  gap   | compl. 
 2193s|144300 |  1767 | 18416k| 127.6 |   310M |  67 |1323 |3690 |3250 | 260k|  0 | 147k|  32 | 0.000000e+00 |      --      |    Inf |  62.30%
 2195s|144400 |  1777 | 18432k| 127.6 |   311M |  67 |1323 |3778 |3331 | 260k|  2 | 147k|  32 | 0.000000e+00 |      --      |    Inf |  62.30%
 2197s|144500 |  1778 | 18452k| 127.7 |   311M |  67 |1323 |3865 |3352 | 260k|  0 | 148k|  32 | 0.000000e+00 |      --      |    Inf |  62.30%
 2201s|144600 |  1779 | 18479k| 127.8 |   315M |  67 |1323 |3947 |3377 | 260k|  1 | 148k|  32 | 0.000000e+00 |      --      |    Inf |  62.30%
 2204s|144700 |  1766 | 18504k| 127.9 |   318M |  67 |1323 |3902 |3351 | 260k|  1 | 148k|  32 | 0.000000e+00 |      --      |    Inf |  62.30%
 2206s|144800 |  1764 | 18529k| 127.9 |   319M |  67 |1323 |4064 |3356 | 260k|  0 | 148k|  32 | 0.000000e+00 |      --      |    Inf |  62.30%
 2209s|144900 |  1763 | 18550k| 128.0 |   319M |  67 |1323 |4113 |3235 | 260k|  1 | 148k|  32 | 0.000000e+00 |      --      |    Inf |  62.30%
 2211s|145000 |  1763 | 18569k| 128.0 |   320M |  67 |1323 |4108 |3244 | 261k|  0 | 148k|  32 | 0.000000e+00 |      --      |    Inf |  62.30%
 2213s|145100 |  1763 | 18585k| 128.1 |   320M |  67 |1323 |4138 |3233 | 261k|  1 | 148k|  32 | 0.000000e+00 |      --      |    Inf |  62.30%
 2215s|145200 |  1758 | 18599k| 128.1 |   321M |  67 |1323 |4211 |3258 | 261k|  1 | 148k|  32 | 0.000000e+00 |      --      |    Inf |  62.30%
 2217s|145300 |  1759 | 18614k| 128.1 |   321M |  67 |1323 |4294 |3242 | 261k|  0 | 149k|  32 | 0.000000e+00 |      --      |    Inf |  62.30%
 2221s|145400 |  1754 | 18641k| 128.2 |   321M |  67 |1323 |4256 |3223 | 261k|  0 | 149k|  32 | 0.000000e+00 |      --      |    Inf |  62.30%
 2224s|145500 |  1758 | 18660k| 128.2 |   321M |  67 |1323 |4101 |3281 | 262k|  0 | 149k|  32 | 0.000000e+00 |      --      |    Inf |  62.30%
 2226s|145600 |  1760 | 18678k| 128.3 |   323M |  67 |1323 |4034 |3309 | 262k|  0 | 149k|  32 | 0.000000e+00 |      --      |    Inf |  62.30%
 2229s|145700 |  1760 | 18700k| 128.3 |   323M |  67 |1323 |3971 |3357 | 262k|  2 | 149k|  32 | 0.000000e+00 |      --      |    Inf |  62.30%
 time | node  | left  |LP iter|LP it/n|mem/heur|mdpt |vars |cons |rows |cuts |sepa|confs|strbr|  dualbound   | primalbound  |  gap   | compl. 
 2232s|145800 |  1760 | 18718k| 128.4 |   324M |  67 |1323 |4048 |3231 | 262k|  0 | 149k|  32 | 0.000000e+00 |      --      |    Inf |  62.30%
 2235s|145900 |  1760 | 18743k| 128.4 |   327M |  67 |1323 |4130 |3232 | 262k|  0 | 149k|  32 | 0.000000e+00 |      --      |    Inf |  62.30%
 2237s|146000 |  1757 | 18762k| 128.5 |   327M |  67 |1323 |4059 |3263 | 263k|  0 | 149k|  32 | 0.000000e+00 |      --      |    Inf |  62.30%
 2241s|146100 |  1752 | 18783k| 128.5 |   328M |  67 |1323 |4162 |3316 | 263k|  0 | 150k|  32 | 0.000000e+00 |      --      |    Inf |  62.30%
 2243s|146200 |  1742 | 18803k| 128.6 |   328M |  67 |1323 |3448 |3186 | 263k|  1 | 150k|  32 | 0.000000e+00 |      --      |    Inf |  62.30%
 2244s|146300 |  1732 | 18821k| 128.6 |   328M |  67 |1323 |3549 |3222 | 263k|  0 | 150k|  32 | 0.000000e+00 |      --      |    Inf |  62.30%
 2246s|146400 |  1737 | 18833k| 128.6 |   328M |  67 |1323 |3588 |3204 | 264k|  2 | 150k|  32 | 0.000000e+00 |      --      |    Inf |  62.30%
 2247s|146500 |  1749 | 18848k| 128.6 |   328M |  67 |1323 |3653 |3259 | 264k|  0 | 150k|  32 | 0.000000e+00 |      --      |    Inf |  62.30%
 2248s|146600 |  1752 | 18859k| 128.6 |   328M |  67 |1323 |3693 |3247 | 264k|  2 | 150k|  32 | 0.000000e+00 |      --      |    Inf |  62.30%
 2251s|146700 |  1758 | 18877k| 128.7 |   328M |  67 |1323 |3746 |3248 | 264k|  0 | 150k|  32 | 0.000000e+00 |      --      |    Inf |  62.30%
 2253s|146800 |  1754 | 18891k| 128.7 |   328M |  67 |1323 |3864 |3281 | 264k|  1 | 151k|  32 | 0.000000e+00 |      --      |    Inf |  62.30%
 2254s|146900 |  1757 | 18907k| 128.7 |   328M |  67 |1323 |3903 |3251 | 264k|  0 | 151k|  32 | 0.000000e+00 |      --      |    Inf |  62.30%
 2257s|147000 |  1757 | 18922k| 128.7 |   328M |  67 |1323 |4004 |3336 | 265k|  0 | 151k|  32 | 0.000000e+00 |      --      |    Inf |  62.30%
 2258s|147100 |  1762 | 18937k| 128.7 |   328M |  67 |1323 |4000 |3234 | 265k|  2 | 151k|  32 | 0.000000e+00 |      --      |    Inf |  62.30%
 2260s|147200 |  1763 | 18950k| 128.7 |   328M |  67 |1323 |4084 |3280 | 265k|  2 | 151k|  32 | 0.000000e+00 |      --      |    Inf |  62.30%
 time | node  | left  |LP iter|LP it/n|mem/heur|mdpt |vars |cons |rows |cuts |sepa|confs|strbr|  dualbound   | primalbound  |  gap   | compl. 
 2262s|147300 |  1771 | 18968k| 128.8 |   329M |  67 |1323 |4088 |3231 | 265k|  2 | 151k|  32 | 0.000000e+00 |      --      |    Inf |  62.30%
 2264s|147400 |  1774 | 18983k| 128.8 |   329M |  67 |1323 |4088 |3313 | 265k|  0 | 151k|  32 | 0.000000e+00 |      --      |    Inf |  62.30%
 2265s|147500 |  1778 | 18989k| 128.7 |   329M |  67 |1323 |4084 |3311 | 266k|  2 | 151k|  32 | 0.000000e+00 |      --      |    Inf |  62.30%
 2267s|147600 |  1782 | 19005k| 128.7 |   330M |  67 |1323 |3881 |3183 | 266k|  2 | 151k|  32 | 0.000000e+00 |      --      |    Inf |  62.30%
 2268s|147700 |  1786 | 19019k| 128.7 |   330M |  67 |1323 |3858 |3260 | 266k|  2 | 152k|  32 | 0.000000e+00 |      --      |    Inf |  62.30%
 2270s|147800 |  1763 | 19035k| 128.8 |   330M |  67 |1323 |3665 |3305 | 266k|  1 | 152k|  32 | 0.000000e+00 |      --      |    Inf |  62.30%
 2272s|147900 |  1742 | 19056k| 128.8 |   330M |  67 |1323 |3621 |3518 | 266k|  0 | 152k|  32 | 0.000000e+00 |      --      |    Inf |  62.32%
 2273s|148000 |  1739 | 19067k| 128.8 |   330M |  67 |1323 |3419 |3253 | 266k|  1 | 152k|  32 | 0.000000e+00 |      --      |    Inf |  62.33%
 2275s|148100 |  1768 | 19080k| 128.8 |   330M |  67 |1323 |3225 |2810 | 267k|  2 | 152k|  32 | 0.000000e+00 |      --      |    Inf |  62.33%
 2276s|148200 |  1778 | 19091k| 128.8 |   330M |  67 |1323 |3296 |2900 | 267k|  0 | 152k|  32 | 0.000000e+00 |      --      |    Inf |  62.33%
 2277s|148300 |  1772 | 19102k| 128.8 |   330M |  67 |1323 |3357 |2883 | 267k|  2 | 152k|  32 | 0.000000e+00 |      --      |    Inf |  62.33%
 2278s|148400 |  1778 | 19111k| 128.8 |   330M |  67 |1323 |3367 |2910 | 267k|  2 | 152k|  32 | 0.000000e+00 |      --      |    Inf |  62.33%
 2279s|148500 |  1779 | 19121k| 128.7 |   330M |  67 |1323 |3413 |2944 | 268k|  0 | 152k|  32 | 0.000000e+00 |      --      |    Inf |  62.33%
 2280s|148600 |  1777 | 19127k| 128.7 |   330M |  67 |1323 |3506 |2875 | 268k|  0 | 152k|  32 | 0.000000e+00 |      --      |    Inf |  62.33%
 2280s|148700 |  1772 | 19134k| 128.7 |   330M |  67 |1323 |3544 |2936 | 268k|  0 | 153k|  32 | 0.000000e+00 |      --      |    Inf |  62.33%
 time | node  | left  |LP iter|LP it/n|mem/heur|mdpt |vars |cons |rows |cuts |sepa|confs|strbr|  dualbound   | primalbound  |  gap   | compl. 
 2282s|148800 |  1774 | 19147k| 128.7 |   330M |  67 |1323 |3528 |2904 | 268k|  2 | 153k|  32 | 0.000000e+00 |      --      |    Inf |  62.33%
 2282s|148900 |  1776 | 19155k| 128.6 |   330M |  67 |1323 |3524 |2848 | 268k|  2 | 153k|  32 | 0.000000e+00 |      --      |    Inf |  62.34%
 2283s|149000 |  1804 | 19161k| 128.6 |   330M |  67 |1323 |3516 |2858 | 269k|  2 | 153k|  32 | 0.000000e+00 |      --      |    Inf |  62.34%
 2284s|149100 |  1790 | 19167k| 128.5 |   331M |  67 |1323 |3515 |2876 | 269k|  0 | 153k|  32 | 0.000000e+00 |      --      |    Inf |  62.34%
 2284s|149200 |  1793 | 19173k| 128.5 |   331M |  67 |1323 |3535 |2848 | 269k|  1 | 153k|  32 | 0.000000e+00 |      --      |    Inf |  62.34%
 2285s|149300 |  1797 | 19178k| 128.4 |   331M |  67 |1323 |3531 |   0 | 269k|  0 | 153k|  32 | 0.000000e+00 |      --      |    Inf |  62.34%
 2285s|149400 |  1801 | 19182k| 128.4 |   331M |  67 |1323 |3543 |2881 | 269k|  1 | 153k|  32 | 0.000000e+00 |      --      |    Inf |  62.34%
 2286s|149500 |  1792 | 19187k| 128.3 |   331M |  67 |1323 |3567 |2941 | 269k|  1 | 153k|  32 | 0.000000e+00 |      --      |    Inf |  62.34%
 2287s|149600 |  1773 | 19194k| 128.3 |   331M |  67 |1323 |3538 |2864 | 269k|  2 | 153k|  32 | 0.000000e+00 |      --      |    Inf |  62.34%
 2288s|149700 |  1761 | 19205k| 128.3 |   331M |  67 |1323 |3338 |2992 | 270k|  0 | 153k|  32 | 0.000000e+00 |      --      |    Inf |  62.38%
 2289s|149800 |  1780 | 19222k| 128.3 |   331M |  67 |1323 |3109 |2791 | 270k|  0 | 153k|  32 | 0.000000e+00 |      --      |    Inf |  62.38%
 2291s|149900 |  1781 | 19235k| 128.3 |   331M |  67 |1323 |3158 |3880 | 270k|  2 | 153k|  32 | 0.000000e+00 |      --      |    Inf |  62.38%
 2293s|150000 |  1773 | 19254k| 128.3 |   331M |  67 |1323 |3128 |3919 | 270k|  1 | 153k|  32 | 0.000000e+00 |      --      |    Inf |  62.40%
 2294s|150100 |  1765 | 19271k| 128.4 |   331M |  67 |1323 |3130 |3712 | 270k|  1 | 153k|  32 | 0.000000e+00 |      --      |    Inf |  62.40%
 2296s|150200 |  1770 | 19290k| 128.4 |   331M |  67 |1323 |3039 |3466 | 270k|  0 | 154k|  32 | 0.000000e+00 |      --      |    Inf |  62.41%
 time | node  | left  |LP iter|LP it/n|mem/heur|mdpt |vars |cons |rows |cuts |sepa|confs|strbr|  dualbound   | primalbound  |  gap   | compl. 
 2298s|150300 |  1780 | 19309k| 128.5 |   332M |  67 |1323 |3131 |3514 | 270k|  1 | 154k|  32 | 0.000000e+00 |      --      |    Inf |  62.41%
 2300s|150400 |  1778 | 19331k| 128.5 |   334M |  67 |1323 |3249 |3514 | 270k|  0 | 154k|  32 | 0.000000e+00 |      --      |    Inf |  62.41%
 2302s|150500 |  1776 | 19350k| 128.6 |   336M |  67 |1323 |3356 |3520 | 270k|  0 | 154k|  32 | 0.000000e+00 |      --      |    Inf |  62.41%
 2305s|150600 |  1772 | 19371k| 128.6 |   338M |  67 |1323 |3472 |3521 | 270k|  0 | 154k|  32 | 0.000000e+00 |      --      |    Inf |  62.41%
 2306s|150700 |  1778 | 19387k| 128.6 |   339M |  67 |1323 |3547 |3530 | 271k|  0 | 154k|  32 | 0.000000e+00 |      --      |    Inf |  62.41%
 2308s|150800 |  1774 | 19403k| 128.7 |   341M |  67 |1323 |3617 |3531 | 271k|  1 | 154k|  32 | 0.000000e+00 |      --      |    Inf |  62.41%
 2311s|150900 |  1776 | 19423k| 128.7 |   343M |  67 |1323 |3648 |   0 | 271k|  0 | 154k|  32 | 0.000000e+00 |      --      |    Inf |  62.41%
 2312s|151000 |  1769 | 19435k| 128.7 |   344M |  67 |1323 |3673 |3502 | 271k|  0 | 154k|  32 | 0.000000e+00 |      --      |    Inf |  62.41%
 2313s|151100 |  1772 | 19448k| 128.7 |   344M |  67 |1323 |3434 |3183 | 271k|  1 | 154k|  32 | 0.000000e+00 |      --      |    Inf |  62.41%
 2315s|151200 |  1772 | 19462k| 128.7 |   344M |  67 |1323 |3497 |3723 | 271k|  0 | 155k|  32 | 0.000000e+00 |      --      |    Inf |  62.41%
 2316s|151300 |  1779 | 19477k| 128.7 |   344M |  67 |1323 |3165 |2896 | 271k|  2 | 155k|  32 | 0.000000e+00 |      --      |    Inf |  62.41%
 2318s|151400 |  1764 | 19493k| 128.7 |   344M |  67 |1323 |3029 |2783 | 271k|  2 | 155k|  32 | 0.000000e+00 |      --      |    Inf |  62.44%
 2319s|151500 |  1765 | 19509k| 128.8 |   344M |  67 |1323 |3136 |2794 | 271k|  0 | 155k|  32 | 0.000000e+00 |      --      |    Inf |  62.44%
 2321s|151600 |  1774 | 19524k| 128.8 |   344M |  67 |1323 |3211 |2830 | 272k|  1 | 155k|  32 | 0.000000e+00 |      --      |    Inf |  62.44%
 2323s|151700 |  1779 | 19540k| 128.8 |   344M |  67 |1323 |3310 |2843 | 272k|  2 | 155k|  32 | 0.000000e+00 |      --      |    Inf |  62.44%
 time | node  | left  |LP iter|LP it/n|mem/heur|mdpt |vars |cons |rows |cuts |sepa|confs|strbr|  dualbound   | primalbound  |  gap   | compl. 
 2324s|151800 |  1785 | 19551k| 128.8 |   344M |  67 |1323 |3382 |2823 | 272k|  0 | 155k|  32 | 0.000000e+00 |      --      |    Inf |  62.44%
 2325s|151900 |  1791 | 19566k| 128.8 |   344M |  67 |1323 |3461 |2855 | 272k|  2 | 155k|  32 | 0.000000e+00 |      --      |    Inf |  62.44%
 2327s|152000 |  1791 | 19580k| 128.8 |   344M |  67 |1323 |3550 |2845 | 272k|  2 | 155k|  32 | 0.000000e+00 |      --      |    Inf |  62.44%
 2329s|152100 |  1785 | 19596k| 128.8 |   344M |  67 |1323 |3583 |2808 | 272k|  1 | 156k|  32 | 0.000000e+00 |      --      |    Inf |  62.44%
 2332s|152200 |  1780 | 19613k| 128.8 |   344M |  67 |1323 |3465 |3029 | 272k|  2 | 156k|  32 | 0.000000e+00 |      --      |    Inf |  62.45%
 2333s|152300 |  1787 | 19625k| 128.8 |   344M |  67 |1323 |3436 |2857 | 272k|  0 | 156k|  32 | 0.000000e+00 |      --      |    Inf |  62.46%
 2334s|152400 |  1804 | 19635k| 128.8 |   344M |  67 |1323 |3487 |2880 | 272k|  2 | 156k|  32 | 0.000000e+00 |      --      |    Inf |  62.46%
 2335s|152500 |  1795 | 19648k| 128.8 |   344M |  67 |1323 |3619 |2877 | 273k|  0 | 156k|  32 | 0.000000e+00 |      --      |    Inf |  62.46%
 2337s|152600 |  1806 | 19660k| 128.8 |   344M |  67 |1323 |3688 |   0 | 273k|  0 | 156k|  32 | 0.000000e+00 |      --      |    Inf |  62.46%
 2338s|152700 |  1803 | 19673k| 128.8 |   344M |  67 |1323 |3775 |2869 | 273k|  2 | 156k|  32 | 0.000000e+00 |      --      |    Inf |  62.46%
 2339s|152800 |  1794 | 19686k| 128.8 |   344M |  67 |1323 |3780 |2848 | 273k|  2 | 156k|  32 | 0.000000e+00 |      --      |    Inf |  62.46%
 2341s|152900 |  1802 | 19699k| 128.8 |   344M |  67 |1323 |3836 |2881 | 273k|  0 | 156k|  32 | 0.000000e+00 |      --      |    Inf |  62.46%
 2342s|153000 |  1820 | 19712k| 128.8 |   344M |  67 |1323 |3916 |2863 | 273k|  2 | 157k|  32 | 0.000000e+00 |      --      |    Inf |  62.46%
 2343s|153100 |  1819 | 19721k| 128.8 |   344M |  67 |1323 |4009 |2891 | 274k|  1 | 157k|  32 | 0.000000e+00 |      --      |    Inf |  62.46%
 2344s|153200 |  1816 | 19731k| 128.8 |   344M |  67 |1323 |4128 |2897 | 274k|  2 | 157k|  32 | 0.000000e+00 |      --      |    Inf |  62.46%
 time | node  | left  |LP iter|LP it/n|mem/heur|mdpt |vars |cons |rows |cuts |sepa|confs|strbr|  dualbound   | primalbound  |  gap   | compl. 
 2345s|153300 |  1801 | 19745k| 128.8 |   344M |  67 |1323 |4158 |2887 | 274k|  0 | 157k|  32 | 0.000000e+00 |      --      |    Inf |  62.46%
 2346s|153400 |  1801 | 19759k| 128.8 |   344M |  67 |1323 |4084 |2903 | 274k|  0 | 157k|  32 | 0.000000e+00 |      --      |    Inf |  62.46%
 2348s|153500 |  1790 | 19774k| 128.8 |   344M |  67 |1323 |3951 |4006 | 274k|  2 | 157k|  32 | 0.000000e+00 |      --      |    Inf |  62.46%
 2349s|153600 |  1820 | 19791k| 128.8 |   344M |  67 |1323 |3959 |3454 | 274k|  0 | 157k|  32 | 0.000000e+00 |      --      |    Inf |  62.46%
 2351s|153700 |  1807 | 19810k| 128.9 |   344M |  67 |1323 |3750 |2642 | 274k|  2 | 157k|  32 | 0.000000e+00 |      --      |    Inf |  62.46%
 2353s|153800 |  1815 | 19827k| 128.9 |   344M |  67 |1323 |3569 |2871 | 274k|  2 | 158k|  32 | 0.000000e+00 |      --      |    Inf |  62.46%
 2355s|153900 |  1811 | 19849k| 129.0 |   344M |  67 |1323 |3257 |2770 | 275k|  1 | 158k|  32 | 0.000000e+00 |      --      |    Inf |  62.48%
 2357s|154000 |  1801 | 19865k| 129.0 |   344M |  67 |1323 |3258 |2895 | 275k|  0 | 158k|  32 | 0.000000e+00 |      --      |    Inf |  62.48%
 2358s|154100 |  1806 | 19881k| 129.0 |   344M |  67 |1323 |3153 |2752 | 275k|  1 | 158k|  32 | 0.000000e+00 |      --      |    Inf |  62.48%
 2360s|154200 |  1806 | 19893k| 129.0 |   344M |  67 |1323 |3071 |3248 | 275k|  0 | 158k|  32 | 0.000000e+00 |      --      |    Inf |  62.48%
 2361s|154300 |  1806 | 19908k| 129.0 |   344M |  67 |1323 |2784 |2703 | 275k|  2 | 158k|  32 | 0.000000e+00 |      --      |    Inf |  62.48%
 2363s|154400 |  1812 | 19920k| 129.0 |   344M |  67 |1323 |2711 |2816 | 275k|  1 | 158k|  32 | 0.000000e+00 |      --      |    Inf |  62.49%
 2363s|154500 |  1813 | 19929k| 129.0 |   344M |  67 |1323 |2686 |3102 | 275k|  1 | 158k|  32 | 0.000000e+00 |      --      |    Inf |  62.49%
 2364s|154600 |  1823 | 19935k| 128.9 |   344M |  67 |1323 |2730 |3182 | 275k|  1 | 158k|  32 | 0.000000e+00 |      --      |    Inf |  62.49%
 2365s|154700 |  1843 | 19941k| 128.9 |   344M |  67 |1323 |2754 |3183 | 276k|  0 | 158k|  32 | 0.000000e+00 |      --      |    Inf |  62.49%
 time | node  | left  |LP iter|LP it/n|mem/heur|mdpt |vars |cons |rows |cuts |sepa|confs|strbr|  dualbound   | primalbound  |  gap   | compl. 
 2367s|154800 |  1855 | 19947k| 128.8 |   344M |  67 |1323 |2763 |3203 | 276k|  2 | 158k|  32 | 0.000000e+00 |      --      |    Inf |  62.49%
 2367s|154900 |  1844 | 19951k| 128.8 |   344M |  67 |1323 |2762 |   0 | 276k|  0 | 158k|  32 | 0.000000e+00 |      --      |    Inf |  62.49%
 2369s|155000 |  1825 | 19957k| 128.7 |   344M |  67 |1323 |2761 |3270 | 276k|  0 | 158k|  32 | 0.000000e+00 |      --      |    Inf |  62.49%
 2370s|155100 |  1815 | 19968k| 128.7 |   344M |  67 |1323 |2760 |3150 | 276k|  1 | 159k|  32 | 0.000000e+00 |      --      |    Inf |  62.49%
 2371s|155200 |  1813 | 19981k| 128.7 |   344M |  67 |1323 |2801 |3242 | 276k|  0 | 159k|  32 | 0.000000e+00 |      --      |    Inf |  62.49%
 2373s|155300 |  1816 | 19996k| 128.7 |   344M |  67 |1323 |2805 |2700 | 276k|  2 | 159k|  32 | 0.000000e+00 |      --      |    Inf |  62.49%
 2374s|155400 |  1811 | 20014k| 128.8 |   344M |  67 |1323 |2745 |2937 | 276k|  0 | 159k|  32 | 0.000000e+00 |      --      |    Inf |  62.50%
 2376s|155500 |  1807 | 20026k| 128.8 |   344M |  67 |1323 |2752 |   0 | 277k|  0 | 159k|  32 | 0.000000e+00 |      --      |    Inf |  62.51%
 2377s|155600 |  1826 | 20038k| 128.8 |   344M |  67 |1323 |2815 |3004 | 277k|  2 | 159k|  32 | 0.000000e+00 |      --      |    Inf |  62.51%
 2379s|155700 |  1830 | 20052k| 128.8 |   344M |  67 |1323 |2915 |3025 | 277k|  0 | 159k|  32 | 0.000000e+00 |      --      |    Inf |  62.51%
 2381s|155800 |  1832 | 20075k| 128.8 |   344M |  67 |1323 |2939 |3046 | 277k|  1 | 159k|  32 | 0.000000e+00 |      --      |    Inf |  62.51%
 2383s|155900 |  1817 | 20095k| 128.9 |   344M |  67 |1323 |2890 |2924 | 277k|  1 | 159k|  32 | 0.000000e+00 |      --      |    Inf |  62.51%
 2384s|156000 |  1838 | 20109k| 128.9 |   344M |  67 |1323 |2926 |2990 | 277k|  2 | 160k|  32 | 0.000000e+00 |      --      |    Inf |  62.51%
 2386s|156100 |  1842 | 20124k| 128.9 |   345M |  67 |1323 |2982 |3466 | 278k|  0 | 160k|  32 | 0.000000e+00 |      --      |    Inf |  62.51%
 2388s|156200 |  1851 | 20137k| 128.9 |   347M |  67 |1323 |3030 |3517 | 278k|  1 | 160k|  32 | 0.000000e+00 |      --      |    Inf |  62.51%
 time | node  | left  |LP iter|LP it/n|mem/heur|mdpt |vars |cons |rows |cuts |sepa|confs|strbr|  dualbound   | primalbound  |  gap   | compl. 
 2390s|156300 |  1824 | 20153k| 128.9 |   348M |  67 |1323 |3070 |2928 | 278k|  1 | 160k|  32 | 0.000000e+00 |      --      |    Inf |  62.51%
 2391s|156400 |  1829 | 20168k| 128.9 |   348M |  67 |1323 |3048 |2952 | 278k|  1 | 160k|  32 | 0.000000e+00 |      --      |    Inf |  62.51%
 2392s|156500 |  1854 | 20179k| 128.9 |   348M |  67 |1323 |3063 |3019 | 278k|  0 | 160k|  32 | 0.000000e+00 |      --      |    Inf |  62.51%
 2394s|156600 |  1834 | 20193k| 128.9 |   348M |  67 |1323 |3228 |3004 | 278k|  0 | 160k|  32 | 0.000000e+00 |      --      |    Inf |  62.51%
 2395s|156700 |  1833 | 20210k| 129.0 |   348M |  67 |1323 |3315 |3026 | 278k|  0 | 160k|  32 | 0.000000e+00 |      --      |    Inf |  62.51%
 2397s|156800 |  1822 | 20226k| 129.0 |   348M |  67 |1323 |3262 |2933 | 279k|  0 | 160k|  32 | 0.000000e+00 |      --      |    Inf |  62.51%
 2399s|156900 |  1839 | 20241k| 129.0 |   348M |  67 |1323 |3277 |3029 | 279k|  0 | 160k|  32 | 0.000000e+00 |      --      |    Inf |  62.51%
 2401s|157000 |  1847 | 20259k| 129.0 |   349M |  67 |1323 |3318 |3521 | 279k|  2 | 161k|  32 | 0.000000e+00 |      --      |    Inf |  62.51%
 2403s|157100 |  1830 | 20274k| 129.0 |   350M |  67 |1323 |3386 |3472 | 280k|  0 | 161k|  32 | 0.000000e+00 |      --      |    Inf |  62.51%
 2404s|157200 |  1829 | 20282k| 129.0 |   351M |  67 |1323 |3399 |2970 | 280k|  2 | 161k|  32 | 0.000000e+00 |      --      |    Inf |  62.51%
 2406s|157300 |  1832 | 20297k| 129.0 |   351M |  67 |1323 |3462 |   0 | 280k|  0 | 161k|  32 | 0.000000e+00 |      --      |    Inf |  62.51%
 2407s|157400 |  1817 | 20312k| 129.0 |   351M |  67 |1323 |3448 |   0 | 280k|  0 | 161k|  32 | 0.000000e+00 |      --      |    Inf |  62.51%
 2409s|157500 |  1827 | 20325k| 129.0 |   351M |  67 |1323 |3383 |2868 | 280k|  2 | 161k|  32 | 0.000000e+00 |      --      |    Inf |  62.51%
 2410s|157600 |  1837 | 20338k| 129.0 |   351M |  67 |1323 |3458 |2871 | 281k|  2 | 161k|  32 | 0.000000e+00 |      --      |    Inf |  62.51%
 2411s|157700 |  1839 | 20351k| 129.0 |   351M |  67 |1323 |3523 |2878 | 281k|  0 | 161k|  32 | 0.000000e+00 |      --      |    Inf |  62.51%
 time | node  | left  |LP iter|LP it/n|mem/heur|mdpt |vars |cons |rows |cuts |sepa|confs|strbr|  dualbound   | primalbound  |  gap   | compl. 
 2412s|157800 |  1844 | 20365k| 129.0 |   351M |  67 |1323 |3526 |2952 | 281k|  1 | 161k|  32 | 0.000000e+00 |      --      |    Inf |  62.51%
 2414s|157900 |  1837 | 20381k| 129.1 |   351M |  67 |1323 |3610 |2935 | 281k|  0 | 161k|  32 | 0.000000e+00 |      --      |    Inf |  62.51%
 2415s|158000 |  1828 | 20394k| 129.1 |   351M |  67 |1323 |3616 |2710 | 281k|  0 | 162k|  32 | 0.000000e+00 |      --      |    Inf |  62.51%
 2416s|158100 |  1833 | 20409k| 129.1 |   351M |  67 |1323 |3637 |3003 | 281k|  0 | 162k|  32 | 0.000000e+00 |      --      |    Inf |  62.51%
 2418s|158200 |  1839 | 20424k| 129.1 |   351M |  67 |1323 |3649 |2913 | 281k|  2 | 162k|  32 | 0.000000e+00 |      --      |    Inf |  62.53%
 2418s|158300 |  1843 | 20430k| 129.0 |   351M |  67 |1323 |3606 |2704 | 281k|  2 | 162k|  32 | 0.000000e+00 |      --      |    Inf |  62.54%
 2419s|158400 |  1840 | 20439k| 129.0 |   351M |  67 |1323 |3591 |2893 | 282k|  1 | 162k|  32 | 0.000000e+00 |      --      |    Inf |  62.54%
 2421s|158500 |  1837 | 20452k| 129.0 |   351M |  67 |1323 |3609 |2789 | 282k|  1 | 162k|  32 | 0.000000e+00 |      --      |    Inf |  62.54%
 2422s|158600 |  1835 | 20468k| 129.0 |   351M |  67 |1323 |3678 |3210 | 282k|  1 | 162k|  32 | 0.000000e+00 |      --      |    Inf |  62.54%
 2424s|158700 |  1839 | 20483k| 129.0 |   351M |  67 |1323 |3614 |3280 | 282k|  2 | 162k|  32 | 0.000000e+00 |      --      |    Inf |  62.57%
 2425s|158800 |  1847 | 20496k| 129.0 |   351M |  67 |1323 |3493 |2915 | 282k|  0 | 162k|  32 | 0.000000e+00 |      --      |    Inf |  68.04%
 2427s|158900 |  1857 | 20509k| 129.0 |   351M |  67 |1323 |3425 |2799 | 282k|  0 | 162k|  32 | 0.000000e+00 |      --      |    Inf |  68.04%
 2428s|159000 |  1847 | 20520k| 129.0 |   351M |  67 |1323 |3384 |2891 | 282k|  0 | 162k|  32 | 0.000000e+00 |      --      |    Inf |  68.05%
 2429s|159100 |  1851 | 20535k| 129.1 |   351M |  67 |1323 |3282 |   0 | 283k|  0 | 163k|  32 | 0.000000e+00 |      --      |    Inf |  68.06%
 2430s|159200 |  1853 | 20545k| 129.0 |   351M |  67 |1323 |3255 |3047 | 283k|  2 | 163k|  32 | 0.000000e+00 |      --      |    Inf |  68.06%
 time | node  | left  |LP iter|LP it/n|mem/heur|mdpt |vars |cons |rows |cuts |sepa|confs|strbr|  dualbound   | primalbound  |  gap   | compl. 
 2432s|159300 |  1845 | 20557k| 129.0 |   351M |  67 |1323 |3242 |   0 | 283k|  0 | 163k|  32 | 0.000000e+00 |      --      |    Inf |  68.06%
 2433s|159400 |  1859 | 20569k| 129.0 |   351M |  67 |1323 |3182 |2795 | 283k|  1 | 163k|  32 | 0.000000e+00 |      --      |    Inf |  68.11%
 2435s|159500 |  1856 | 20590k| 129.1 |   351M |  67 |1323 |3254 |2694 | 283k|  2 | 163k|  32 | 0.000000e+00 |      --      |    Inf |  68.12%
 2436s|159600 |  1857 | 20604k| 129.1 |   351M |  67 |1323 |3345 |2922 | 283k|  1 | 163k|  32 | 0.000000e+00 |      --      |    Inf |  68.12%
 2438s|159700 |  1875 | 20621k| 129.1 |   351M |  67 |1323 |3312 |2923 | 283k|  2 | 163k|  32 | 0.000000e+00 |      --      |    Inf |  68.12%
 2439s|159800 |  1868 | 20632k| 129.1 |   351M |  67 |1323 |3411 |3031 | 283k|  1 | 163k|  32 | 0.000000e+00 |      --      |    Inf |  68.12%
 2440s|159900 |  1877 | 20651k| 129.1 |   351M |  67 |1323 |3302 |3030 | 284k|  0 | 163k|  32 | 0.000000e+00 |      --      |    Inf |  68.91%
 2443s|160000 |  1860 | 20673k| 129.2 |   351M |  67 |1323 |3129 |2824 | 284k|  2 | 163k|  32 | 0.000000e+00 |      --      |    Inf |  68.91%
 2445s|160100 |  1853 | 20691k| 129.2 |   351M |  67 |1323 |3065 |2839 | 284k|  0 | 163k|  32 | 0.000000e+00 |      --      |    Inf |  68.92%
 2447s|160200 |  1854 | 20714k| 129.3 |   351M |  67 |1323 |2932 |2739 | 284k|  2 | 164k|  32 | 0.000000e+00 |      --      |    Inf |  68.92%
 2449s|160300 |  1844 | 20731k| 129.3 |   352M |  67 |1323 |2964 |2825 | 284k|  0 | 164k|  32 | 0.000000e+00 |      --      |    Inf |  69.01%
 2450s|160400 |  1849 | 20743k| 129.3 |   352M |  67 |1323 |2977 |2803 | 284k|  1 | 164k|  32 | 0.000000e+00 |      --      |    Inf |  69.02%
 2453s|160500 |  1836 | 20767k| 129.4 |   352M |  67 |1323 |2816 |   0 | 284k|  0 | 164k|  32 | 0.000000e+00 |      --      |    Inf |  69.08%
 2455s|160600 |  1840 | 20785k| 129.4 |   352M |  67 |1323 |2852 |3356 | 285k|  1 | 164k|  32 | 0.000000e+00 |      --      |    Inf |  69.09%
 2457s|160700 |  1827 | 20806k| 129.5 |   352M |  67 |1323 |2870 |2864 | 285k|  0 | 164k|  32 | 0.000000e+00 |      --      |    Inf |  69.09%
 time | node  | left  |LP iter|LP it/n|mem/heur|mdpt |vars |cons |rows |cuts |sepa|confs|strbr|  dualbound   | primalbound  |  gap   | compl. 
 2458s|160800 |  1831 | 20822k| 129.5 |   352M |  67 |1323 |2917 |2763 | 285k|  0 | 164k|  32 | 0.000000e+00 |      --      |    Inf |  69.09%
 2460s|160900 |  1824 | 20843k| 129.5 |   352M |  67 |1323 |2928 |3657 | 285k|  2 | 164k|  32 | 0.000000e+00 |      --      |    Inf |  69.09%
 2462s|161000 |  1818 | 20865k| 129.6 |   352M |  67 |1323 |3004 |2703 | 285k|  0 | 164k|  32 | 0.000000e+00 |      --      |    Inf |  69.10%
 2464s|161100 |  1810 | 20885k| 129.6 |   352M |  67 |1323 |2987 |2921 | 285k|  2 | 164k|  32 | 0.000000e+00 |      --      |    Inf |  69.15%
 2466s|161200 |  1804 | 20900k| 129.6 |   352M |  67 |1323 |2994 |3338 | 285k|  0 | 165k|  32 | 0.000000e+00 |      --      |    Inf |  69.15%
 2468s|161300 |  1801 | 20921k| 129.7 |   352M |  67 |1323 |2918 |2995 | 285k|  0 | 165k|  32 | 0.000000e+00 |      --      |    Inf |  69.18%
 2469s|161400 |  1812 | 20937k| 129.7 |   352M |  67 |1323 |2906 |3914 | 285k|  1 | 165k|  32 | 0.000000e+00 |      --      |    Inf |  69.18%
 2470s|161500 |  1809 | 20943k| 129.7 |   352M |  67 |1323 |3009 |3908 | 285k|  1 | 165k|  32 | 0.000000e+00 |      --      |    Inf |  69.18%
 2472s|161600 |  1810 | 20960k| 129.7 |   352M |  67 |1323 |3162 |3995 | 285k|  0 | 165k|  32 | 0.000000e+00 |      --      |    Inf |  69.18%
 2473s|161700 |  1806 | 20970k| 129.7 |   352M |  67 |1323 |3296 |3921 | 286k|  0 | 165k|  32 | 0.000000e+00 |      --      |    Inf |  69.18%
 2475s|161800 |  1799 | 20991k| 129.7 |   352M |  67 |1323 |3169 |2783 | 286k|  1 | 165k|  32 | 0.000000e+00 |      --      |    Inf |  69.18%
 2477s|161900 |  1805 | 21008k| 129.7 |   352M |  67 |1323 |3130 |3444 | 286k|  1 | 165k|  32 | 0.000000e+00 |      --      |    Inf |  69.18%
 2479s|162000 |  1815 | 21031k| 129.8 |   352M |  67 |1323 |3198 |3480 | 286k|  0 | 165k|  32 | 0.000000e+00 |      --      |    Inf |  69.18%
 2482s|162100 |  1817 | 21053k| 129.9 |   352M |  67 |1323 |3279 |3504 | 286k|  1 | 166k|  32 | 0.000000e+00 |      --      |    Inf |  69.18%
 2484s|162200 |  1820 | 21077k| 129.9 |   352M |  67 |1323 |3389 |3512 | 286k|  2 | 166k|  32 | 0.000000e+00 |      --      |    Inf |  69.18%
 time | node  | left  |LP iter|LP it/n|mem/heur|mdpt |vars |cons |rows |cuts |sepa|confs|strbr|  dualbound   | primalbound  |  gap   | compl. 
 2487s|162300 |  1821 | 21102k| 130.0 |   353M |  67 |1323 |3492 |3529 | 286k|  2 | 166k|  32 | 0.000000e+00 |      --      |    Inf |  69.18%
 2489s|162400 |  1813 | 21125k| 130.1 |   353M |  67 |1323 |3549 |3574 | 286k|  2 | 166k|  32 | 0.000000e+00 |      --      |    Inf |  69.18%
 2491s|162500 |  1806 | 21144k| 130.1 |   354M |  67 |1323 |3637 |3542 | 287k|  0 | 166k|  32 | 0.000000e+00 |      --      |    Inf |  69.18%
 2493s|162600 |  1812 | 21161k| 130.1 |   354M |  67 |1323 |3608 |3025 | 287k|  2 | 166k|  32 | 0.000000e+00 |      --      |    Inf |  69.18%
 2495s|162700 |  1811 | 21180k| 130.2 |   354M |  67 |1323 |3514 |3283 | 287k|  1 | 166k|  32 | 0.000000e+00 |      --      |    Inf |  69.18%
 2497s|162800 |  1812 | 21203k| 130.2 |   354M |  67 |1323 |3450 |2710 | 287k|  2 | 166k|  32 | 0.000000e+00 |      --      |    Inf |  69.19%
 2499s|162900 |  1810 | 21222k| 130.3 |   354M |  67 |1323 |3548 |3240 | 287k|  1 | 166k|  32 | 0.000000e+00 |      --      |    Inf |  69.19%
 2501s|163000 |  1808 | 21246k| 130.3 |   354M |  67 |1323 |3531 |2800 | 287k|  0 | 167k|  32 | 0.000000e+00 |      --      |    Inf |  69.19%
 2503s|163100 |  1809 | 21269k| 130.4 |   354M |  67 |1323 |3584 |2720 | 288k|  0 | 167k|  32 | 0.000000e+00 |      --      |    Inf |  69.19%
 2505s|163200 |  1817 | 21287k| 130.4 |   354M |  67 |1323 |3644 |2803 | 288k|  1 | 167k|  32 | 0.000000e+00 |      --      |    Inf |  69.19%
 2507s|163300 |  1819 | 21300k| 130.4 |   354M |  67 |1323 |3751 |2804 | 288k|  0 | 167k|  32 | 0.000000e+00 |      --      |    Inf |  69.19%
 2508s|163400 |  1812 | 21313k| 130.4 |   354M |  67 |1323 |3788 |2766 | 288k|  0 | 167k|  32 | 0.000000e+00 |      --      |    Inf |  69.19%
 2509s|163500 |  1825 | 21324k| 130.4 |   354M |  67 |1323 |3843 |2840 | 289k|  2 | 167k|  32 | 0.000000e+00 |      --      |    Inf |  69.19%
 2511s|163600 |  1823 | 21337k| 130.4 |   354M |  67 |1323 |3896 |   0 | 289k|  0 | 167k|  32 | 0.000000e+00 |      --      |    Inf |  69.19%
 2513s|163700 |  1803 | 21353k| 130.4 |   354M |  67 |1323 |3786 |3078 | 289k|  0 | 167k|  32 | 0.000000e+00 |      --      |    Inf |  69.20%
 time | node  | left  |LP iter|LP it/n|mem/heur|mdpt |vars |cons |rows |cuts |sepa|confs|strbr|  dualbound   | primalbound  |  gap   | compl. 
 2514s|163800 |  1807 | 21365k| 130.4 |   354M |  67 |1323 |3758 |2711 | 289k|  1 | 167k|  32 | 0.000000e+00 |      --      |    Inf |  69.20%
 2516s|163900 |  1806 | 21381k| 130.4 |   354M |  67 |1323 |3812 |2821 | 289k|  1 | 168k|  32 | 0.000000e+00 |      --      |    Inf |  69.20%
 2518s|164000 |  1803 | 21401k| 130.5 |   354M |  67 |1323 |3822 |3020 | 289k|  2 | 168k|  32 | 0.000000e+00 |      --      |    Inf |  69.20%
 2520s|164100 |  1798 | 21417k| 130.5 |   354M |  67 |1323 |3936 |2984 | 289k|  0 | 168k|  32 | 0.000000e+00 |      --      |    Inf |  69.20%
 2522s|164200 |  1794 | 21436k| 130.5 |   354M |  67 |1323 |3963 |2996 | 290k|  0 | 168k|  32 | 0.000000e+00 |      --      |    Inf |  69.20%
 2523s|164300 |  1812 | 21451k| 130.5 |   354M |  67 |1323 |3925 |2907 | 290k|  0 | 168k|  32 | 0.000000e+00 |      --      |    Inf |  69.20%
 2526s|164400 |  1801 | 21476k| 130.6 |   354M |  67 |1323 |3790 |2900 | 290k|  2 | 168k|  32 | 0.000000e+00 |      --      |    Inf |  69.23%
 2528s|164500 |  1802 | 21499k| 130.7 |   354M |  67 |1323 |3575 |3059 | 290k|  2 | 168k|  32 | 0.000000e+00 |      --      |    Inf |  69.23%
 2530s|164600 |  1787 | 21521k| 130.7 |   354M |  67 |1323 |3538 |2855 | 290k|  0 | 168k|  32 | 0.000000e+00 |      --      |    Inf |  69.23%
 2531s|164700 |  1796 | 21533k| 130.7 |   354M |  67 |1323 |3561 |2987 | 290k|  1 | 168k|  32 | 0.000000e+00 |      --      |    Inf |  69.23%
 2532s|164800 |  1796 | 21542k| 130.7 |   354M |  67 |1323 |3611 |2998 | 290k|  2 | 168k|  32 | 0.000000e+00 |      --      |    Inf |  69.23%
 2533s|164900 |  1803 | 21550k| 130.7 |   354M |  67 |1323 |3656 |3028 | 290k|  2 | 168k|  32 | 0.000000e+00 |      --      |    Inf |  69.23%
 2534s|165000 |  1799 | 21558k| 130.6 |   354M |  67 |1323 |3689 |3010 | 290k|  0 | 168k|  32 | 0.000000e+00 |      --      |    Inf |  69.23%
 2535s|165100 |  1801 | 21567k| 130.6 |   354M |  67 |1323 |3673 |2997 | 291k|  2 | 169k|  32 | 0.000000e+00 |      --      |    Inf |  69.23%
 2536s|165200 |  1802 | 21579k| 130.6 |   354M |  67 |1323 |3658 |3013 | 291k|  1 | 169k|  32 | 0.000000e+00 |      --      |    Inf |  69.23%
 time | node  | left  |LP iter|LP it/n|mem/heur|mdpt |vars |cons |rows |cuts |sepa|confs|strbr|  dualbound   | primalbound  |  gap   | compl. 
 2537s|165300 |  1802 | 21590k| 130.6 |   354M |  67 |1323 |3758 |2989 | 291k|  2 | 169k|  32 | 0.000000e+00 |      --      |    Inf |  69.23%
 2538s|165400 |  1798 | 21597k| 130.6 |   354M |  67 |1323 |3767 |3015 | 291k|  2 | 169k|  32 | 0.000000e+00 |      --      |    Inf |  69.23%
 2538s|165500 |  1802 | 21606k| 130.5 |   354M |  67 |1323 |3739 |2999 | 291k|  2 | 169k|  32 | 0.000000e+00 |      --      |    Inf |  69.23%
 2540s|165600 |  1808 | 21621k| 130.5 |   354M |  67 |1323 |3788 |3017 | 291k|  2 | 169k|  32 | 0.000000e+00 |      --      |    Inf |  69.23%
 2541s|165700 |  1806 | 21636k| 130.6 |   354M |  67 |1323 |3900 |2977 | 292k|  2 | 169k|  32 | 0.000000e+00 |      --      |    Inf |  69.23%
 2543s|165800 |  1791 | 21652k| 130.6 |   354M |  67 |1323 |3970 |2986 | 292k|  2 | 169k|  32 | 0.000000e+00 |      --      |    Inf |  69.23%
 2545s|165900 |  1797 | 21670k| 130.6 |   354M |  67 |1323 |3885 |2966 | 292k|  1 | 169k|  32 | 0.000000e+00 |      --      |    Inf |  69.23%
 2546s|166000 |  1795 | 21681k| 130.6 |   354M |  67 |1323 |3964 |2964 | 292k|  0 | 169k|  32 | 0.000000e+00 |      --      |    Inf |  69.23%
 2547s|166100 |  1794 | 21693k| 130.6 |   354M |  67 |1323 |4043 |2998 | 292k|  0 | 169k|  32 | 0.000000e+00 |      --      |    Inf |  69.23%
 2548s|166200 |  1801 | 21708k| 130.6 |   354M |  67 |1323 |4029 |3057 | 293k|  2 | 169k|  32 | 0.000000e+00 |      --      |    Inf |  69.23%
 2550s|166300 |  1805 | 21720k| 130.6 |   354M |  67 |1323 |4084 |3143 | 293k|  2 | 170k|  32 | 0.000000e+00 |      --      |    Inf |  69.23%
 2551s|166400 |  1811 | 21730k| 130.6 |   354M |  67 |1323 |4123 |3169 | 293k|  1 | 170k|  32 | 0.000000e+00 |      --      |    Inf |  69.23%
 2552s|166500 |  1807 | 21741k| 130.6 |   354M |  67 |1323 |4189 |3189 | 293k|  2 | 170k|  32 | 0.000000e+00 |      --      |    Inf |  69.23%
 2554s|166600 |  1799 | 21754k| 130.6 |   354M |  67 |1323 |4183 |3039 | 293k|  2 | 170k|  32 | 0.000000e+00 |      --      |    Inf |  69.23%
 2555s|166700 |  1809 | 21770k| 130.6 |   354M |  67 |1323 |4229 |3040 | 293k|  0 | 170k|  32 | 0.000000e+00 |      --      |    Inf |  69.23%
 time | node  | left  |LP iter|LP it/n|mem/heur|mdpt |vars |cons |rows |cuts |sepa|confs|strbr|  dualbound   | primalbound  |  gap   | compl. 
 2558s|166800 |  1812 | 21790k| 130.6 |   354M |  67 |1323 |4388 |3202 | 294k|  2 | 170k|  32 | 0.000000e+00 |      --      |    Inf |  69.23%
 2560s|166900 |  1810 | 21811k| 130.7 |   355M |  67 |1323 |4585 |3217 | 294k|  0 | 170k|  32 | 0.000000e+00 |      --      |    Inf |  69.23%
 2563s|167000 |  1810 | 21835k| 130.7 |   355M |  67 |1323 |4705 |3305 | 294k|  0 | 170k|  32 | 0.000000e+00 |      --      |    Inf |  69.23%
 2565s|167100 |  1804 | 21858k| 130.8 |   355M |  67 |1323 |4774 |3227 | 295k|  0 | 171k|  32 | 0.000000e+00 |      --      |    Inf |  69.23%
 2568s|167200 |  1809 | 21875k| 130.8 |   355M |  67 |1323 |4872 |3292 | 295k|  0 | 171k|  32 | 0.000000e+00 |      --      |    Inf |  69.23%
 2570s|167300 |  1802 | 21895k| 130.9 |   355M |  67 |1323 |4793 |2995 | 295k|  2 | 171k|  32 | 0.000000e+00 |      --      |    Inf |  69.23%
 2572s|167400 |  1811 | 21914k| 130.9 |   356M |  67 |1323 |4760 |3376 | 296k|  2 | 171k|  32 | 0.000000e+00 |      --      |    Inf |  69.23%
 2575s|167500 |  1815 | 21936k| 130.9 |   358M |  67 |1323 |4858 |3419 | 296k|  2 | 171k|  32 | 0.000000e+00 |      --      |    Inf |  69.23%
 2578s|167600 |  1804 | 21961k| 131.0 |   359M |  67 |1323 |4708 |3367 | 296k|  1 | 171k|  32 | 0.000000e+00 |      --      |    Inf |  69.23%
 2581s|167700 |  1796 | 21987k| 131.1 |   360M |  67 |1323 |4753 |3386 | 296k|  0 | 171k|  32 | 0.000000e+00 |      --      |    Inf |  69.23%
 2583s|167800 |  1799 | 22004k| 131.1 |   360M |  67 |1323 |4602 |3074 | 297k|  2 | 171k|  32 | 0.000000e+00 |      --      |    Inf |  69.23%
 2585s|167900 |  1798 | 22022k| 131.1 |   360M |  67 |1323 |4623 |3206 | 297k|  0 | 172k|  32 | 0.000000e+00 |      --      |    Inf |  69.23%
 2588s|168000 |  1801 | 22046k| 131.2 |   361M |  67 |1323 |4623 |3309 | 297k|  0 | 172k|  32 | 0.000000e+00 |      --      |    Inf |  69.23%
 2590s|168100 |  1793 | 22066k| 131.3 |   361M |  67 |1323 |4664 |2962 | 298k|  0 | 172k|  32 | 0.000000e+00 |      --      |    Inf |  69.23%
 2592s|168200 |  1802 | 22086k| 131.3 |   361M |  67 |1323 |4278 |2702 | 298k|  2 | 172k|  32 | 0.000000e+00 |      --      |    Inf |  69.23%
 time | node  | left  |LP iter|LP it/n|mem/heur|mdpt |vars |cons |rows |cuts |sepa|confs|strbr|  dualbound   | primalbound  |  gap   | compl. 
 2595s|168300 |  1798 | 22105k| 131.3 |   361M |  67 |1323 |3958 |   0 | 298k|  0 | 172k|  32 | 0.000000e+00 |      --      |    Inf |  69.24%
 2596s|168400 |  1796 | 22122k| 131.4 |   361M |  67 |1323 |3720 |2813 | 298k|  2 | 172k|  32 | 0.000000e+00 |      --      |    Inf |  69.24%
 2598s|168500 |  1798 | 22143k| 131.4 |   361M |  67 |1323 |3747 |2762 | 298k|  0 | 172k|  32 | 0.000000e+00 |      --      |    Inf |  69.25%
 2600s|168600 |  1809 | 22161k| 131.4 |   361M |  67 |1323 |3729 |2925 | 298k|  1 | 172k|  32 | 0.000000e+00 |      --      |    Inf |  69.25%
 2602s|168700 |  1815 | 22182k| 131.5 |   361M |  67 |1323 |3788 |2938 | 299k|  2 | 172k|  32 | 0.000000e+00 |      --      |    Inf |  69.26%
 2604s|168800 |  1814 | 22199k| 131.5 |   361M |  67 |1323 |3868 |2979 | 299k|  2 | 172k|  32 | 0.000000e+00 |      --      |    Inf |  69.26%
 2607s|168900 |  1814 | 22219k| 131.5 |   361M |  67 |1323 |3981 |2949 | 299k|  2 | 173k|  32 | 0.000000e+00 |      --      |    Inf |  69.26%
 2608s|169000 |  1824 | 22229k| 131.5 |   361M |  67 |1323 |4030 |3005 | 299k|  2 | 173k|  32 | 0.000000e+00 |      --      |    Inf |  69.26%
 2609s|169100 |  1840 | 22238k| 131.5 |   361M |  67 |1323 |4070 |3021 | 299k|  1 | 173k|  32 | 0.000000e+00 |      --      |    Inf |  69.26%
 2610s|169200 |  1830 | 22248k| 131.5 |   361M |  67 |1323 |4108 |3006 | 299k|  0 | 173k|  32 | 0.000000e+00 |      --      |    Inf |  69.26%
 2611s|169300 |  1829 | 22259k| 131.5 |   361M |  67 |1323 |4141 |3094 | 299k|  0 | 173k|  32 | 0.000000e+00 |      --      |    Inf |  69.26%
 2613s|169400 |  1839 | 22268k| 131.4 |   361M |  67 |1323 |4154 |3073 | 300k|  0 | 173k|  32 | 0.000000e+00 |      --      |    Inf |  69.26%
 2614s|169500 |  1837 | 22277k| 131.4 |   361M |  67 |1323 |4164 |3058 | 300k|  1 | 173k|  32 | 0.000000e+00 |      --      |    Inf |  69.26%
 2615s|169600 |  1824 | 22289k| 131.4 |   361M |  67 |1323 |4185 |3120 | 300k|  0 | 173k|  32 | 0.000000e+00 |      --      |    Inf |  69.26%
 2617s|169700 |  1822 | 22301k| 131.4 |   361M |  67 |1323 |4184 |3149 | 300k|  0 | 173k|  32 | 0.000000e+00 |      --      |    Inf |  69.26%
 time | node  | left  |LP iter|LP it/n|mem/heur|mdpt |vars |cons |rows |cuts |sepa|confs|strbr|  dualbound   | primalbound  |  gap   | compl. 
 2618s|169800 |  1824 | 22315k| 131.4 |   362M |  67 |1323 |4222 |3151 | 300k|  2 | 173k|  32 | 0.000000e+00 |      --      |    Inf |  69.26%
 2621s|169900 |  1817 | 22336k| 131.5 |   362M |  67 |1323 |4295 |2980 | 301k|  2 | 173k|  32 | 0.000000e+00 |      --      |    Inf |  69.26%
 2623s|170000 |  1806 | 22358k| 131.5 |   362M |  67 |1323 |4233 |2993 | 301k|  0 | 173k|  32 | 0.000000e+00 |      --      |    Inf |  69.27%
 2627s|170100 |  1818 | 22376k| 131.5 |   362M |  67 |1323 |4084 |3488 | 301k|  2 | 173k|  32 | 0.000000e+00 |      --      |    Inf |  69.27%
 2631s|170200 |  1812 | 22398k| 131.6 |   362M |  67 |1323 |4203 |3532 | 301k|  2 | 173k|  32 | 0.000000e+00 |      --      |    Inf |  69.27%
 2636s|170300 |  1817 | 22419k| 131.6 |   362M |  67 |1323 |4328 |3538 | 301k|  2 | 174k|  32 | 0.000000e+00 |      --      |    Inf |  69.27%
 2640s|170400 |  1815 | 22441k| 131.7 |   362M |  67 |1323 |4442 |3493 | 301k|  0 | 174k|  32 | 0.000000e+00 |      --      |    Inf |  69.27%
 2644s|170500 |  1821 | 22456k| 131.7 |   362M |  67 |1323 |4494 |3545 | 301k|  1 | 174k|  32 | 0.000000e+00 |      --      |    Inf |  69.27%
 2648s|170600 |  1811 | 22478k| 131.7 |   362M |  67 |1323 |4592 |3488 | 301k|  0 | 174k|  32 | 0.000000e+00 |      --      |    Inf |  69.27%
 2652s|170700 |  1829 | 22497k| 131.8 |   362M |  67 |1323 |4560 |3487 | 301k|  1 | 174k|  32 | 0.000000e+00 |      --      |    Inf |  69.27%
 2656s|170800 |  1823 | 22516k| 131.8 |   362M |  67 |1323 |4645 |3489 | 301k|  0 | 174k|  32 | 0.000000e+00 |      --      |    Inf |  69.27%
 2660s|170900 |  1822 | 22537k| 131.9 |   362M |  67 |1323 |4696 |3502 | 301k|  0 | 174k|  32 | 0.000000e+00 |      --      |    Inf |  69.27%
 2663s|171000 |  1819 | 22554k| 131.9 |   362M |  67 |1323 |4624 |3454 | 301k|  1 | 174k|  32 | 0.000000e+00 |      --      |    Inf |  69.27%
 2666s|171100 |  1819 | 22564k| 131.9 |   362M |  67 |1323 |4673 |3448 | 302k|  2 | 174k|  32 | 0.000000e+00 |      --      |    Inf |  69.27%
 2668s|171200 |  1821 | 22573k| 131.8 |   362M |  67 |1323 |4714 |   0 | 302k|  0 | 175k|  32 | 0.000000e+00 |      --      |    Inf |  69.27%
 time | node  | left  |LP iter|LP it/n|mem/heur|mdpt |vars |cons |rows |cuts |sepa|confs|strbr|  dualbound   | primalbound  |  gap   | compl. 
 2670s|171300 |  1824 | 22580k| 131.8 |   363M |  67 |1323 |4769 |3446 | 302k|  2 | 175k|  32 | 0.000000e+00 |      --      |    Inf |  69.27%
 2673s|171400 |  1828 | 22591k| 131.8 |   363M |  67 |1323 |4891 |3461 | 302k|  0 | 175k|  32 | 0.000000e+00 |      --      |    Inf |  69.27%
 2677s|171500 |  1825 | 22604k| 131.8 |   364M |  67 |1323 |5035 |3457 | 302k|  1 | 175k|  32 | 0.000000e+00 |      --      |    Inf |  69.27%
 2681s|171600 |  1832 | 22619k| 131.8 |   364M |  67 |1323 |5141 |3469 | 302k|  1 | 175k|  32 | 0.000000e+00 |      --      |    Inf |  69.27%
 2685s|171700 |  1822 | 22635k| 131.8 |   365M |  67 |1323 |5264 |3443 | 302k|  1 | 175k|  32 | 0.000000e+00 |      --      |    Inf |  69.27%
 2688s|171800 |  1839 | 22646k| 131.8 |   365M |  67 |1323 |5306 |3457 | 302k|  0 | 175k|  32 | 0.000000e+00 |      --      |    Inf |  69.27%
 2691s|171900 |  1832 | 22658k| 131.8 |   366M |  67 |1323 |5405 |3453 | 302k|  1 | 175k|  32 | 0.000000e+00 |      --      |    Inf |  69.27%
 2694s|172000 |  1838 | 22668k| 131.8 |   366M |  67 |1323 |5469 |   0 | 302k|  0 | 176k|  32 | 0.000000e+00 |      --      |    Inf |  69.27%
 2698s|172100 |  1835 | 22683k| 131.8 |   366M |  67 |1323 |5593 |3494 | 302k|  1 | 176k|  32 | 0.000000e+00 |      --      |    Inf |  69.27%
 2701s|172200 |  1837 | 22696k| 131.8 |   366M |  67 |1323 |5625 |3489 | 302k|  0 | 176k|  32 | 0.000000e+00 |      --      |    Inf |  69.27%
 2705s|172300 |  1835 | 22708k| 131.8 |   368M |  67 |1323 |5726 |3469 | 302k|  1 | 176k|  32 | 0.000000e+00 |      --      |    Inf |  69.27%
 2709s|172400 |  1837 | 22722k| 131.8 |   368M |  67 |1323 |5809 |3482 | 302k|  0 | 176k|  32 | 0.000000e+00 |      --      |    Inf |  69.27%
 2714s|172500 |  1828 | 22737k| 131.8 |   368M |  67 |1323 |5894 |3499 | 303k|  1 | 176k|  32 | 0.000000e+00 |      --      |    Inf |  69.27%
 2719s|172600 |  1830 | 22751k| 131.8 |   368M |  67 |1323 |5852 |3448 | 303k|  0 | 176k|  32 | 0.000000e+00 |      --      |    Inf |  69.27%
 2725s|172700 |  1826 | 22770k| 131.8 |   368M |  67 |1323 |5789 |3458 | 303k|  2 | 177k|  32 | 0.000000e+00 |      --      |    Inf |  69.27%
 time | node  | left  |LP iter|LP it/n|mem/heur|mdpt |vars |cons |rows |cuts |sepa|confs|strbr|  dualbound   | primalbound  |  gap   | compl. 
 2729s|172800 |  1827 | 22786k| 131.8 |   368M |  67 |1323 |5891 |3490 | 303k|  0 | 177k|  32 | 0.000000e+00 |      --      |    Inf |  69.27%
 2734s|172900 |  1826 | 22801k| 131.9 |   368M |  67 |1323 |5871 |3455 | 303k|  1 | 177k|  32 | 0.000000e+00 |      --      |    Inf |  69.27%
 2738s|173000 |  1830 | 22816k| 131.9 |   368M |  67 |1323 |5870 |3454 | 303k|  1 | 177k|  32 | 0.000000e+00 |      --      |    Inf |  69.28%
 2742s|173100 |  1833 | 22833k| 131.9 |   368M |  67 |1323 |5883 |3465 | 303k|  2 | 177k|  32 | 0.000000e+00 |      --      |    Inf |  69.28%
 2745s|173200 |  1835 | 22847k| 131.9 |   368M |  67 |1323 |5962 |3489 | 303k|  3 | 177k|  32 | 0.000000e+00 |      --      |    Inf |  69.28%
 2750s|173300 |  1838 | 22866k| 131.9 |   368M |  67 |1323 |5797 |3454 | 304k|  0 | 177k|  32 | 0.000000e+00 |      --      |    Inf |  69.28%
 2753s|173400 |  1836 | 22878k| 131.9 |   368M |  67 |1323 |5778 |3477 | 304k|  2 | 178k|  32 | 0.000000e+00 |      --      |    Inf |  69.28%
 2756s|173500 |  1831 | 22891k| 131.9 |   368M |  67 |1323 |5897 |3500 | 304k|  0 | 178k|  32 | 0.000000e+00 |      --      |    Inf |  69.28%
 2759s|173600 |  1839 | 22902k| 131.9 |   368M |  67 |1323 |5953 |3477 | 304k|  1 | 178k|  32 | 0.000000e+00 |      --      |    Inf |  69.28%
 2762s|173700 |  1841 | 22914k| 131.9 |   368M |  67 |1323 |6044 |3499 | 304k|  0 | 178k|  32 | 0.000000e+00 |      --      |    Inf |  69.28%
 2766s|173800 |  1836 | 22926k| 131.9 |   368M |  67 |1323 |6117 |3510 | 304k|  2 | 178k|  32 | 0.000000e+00 |      --      |    Inf |  69.28%
 2769s|173900 |  1838 | 22938k| 131.9 |   368M |  67 |1323 |6121 |3509 | 304k|  1 | 178k|  32 | 0.000000e+00 |      --      |    Inf |  69.28%
 2771s|174000 |  1842 | 22946k| 131.9 |   368M |  67 |1323 |6094 |3454 | 304k|  1 | 178k|  32 | 0.000000e+00 |      --      |    Inf |  69.28%
 2774s|174100 |  1851 | 22956k| 131.8 |   368M |  67 |1323 |6149 |3483 | 304k|  0 | 178k|  32 | 0.000000e+00 |      --      |    Inf |  69.28%
 2778s|174200 |  1847 | 22972k| 131.9 |   368M |  67 |1323 |6220 |3480 | 305k|  2 | 178k|  32 | 0.000000e+00 |      --      |    Inf |  69.28%
 time | node  | left  |LP iter|LP it/n|mem/heur|mdpt |vars |cons |rows |cuts |sepa|confs|strbr|  dualbound   | primalbound  |  gap   | compl. 
 2783s|174300 |  1846 | 22995k| 131.9 |   368M |  67 |1323 |6264 |3511 | 305k|  2 | 179k|  32 | 0.000000e+00 |      --      |    Inf |  69.28%
 2788s|174400 |  1845 | 23016k| 132.0 |   368M |  67 |1323 |6367 |3598 | 305k|  2 | 179k|  32 | 0.000000e+00 |      --      |    Inf |  69.28%
 2792s|174500 |  1845 | 23032k| 132.0 |   368M |  67 |1323 |6392 |3556 | 305k|  2 | 179k|  32 | 0.000000e+00 |      --      |    Inf |  69.28%
 2795s|174600 |  1850 | 23046k| 132.0 |   368M |  67 |1323 |6440 |3506 | 306k|  2 | 179k|  32 | 0.000000e+00 |      --      |    Inf |  69.28%
 2798s|174700 |  1847 | 23057k| 132.0 |   368M |  67 |1323 |6207 |3461 | 306k|  2 | 179k|  32 | 0.000000e+00 |      --      |    Inf |  69.28%
 2801s|174800 |  1843 | 23069k| 132.0 |   368M |  67 |1323 |6154 |3462 | 306k|  3 | 179k|  32 | 0.000000e+00 |      --      |    Inf |  69.28%
 2805s|174900 |  1851 | 23083k| 132.0 |   368M |  67 |1323 |5940 |3452 | 306k|  1 | 179k|  32 | 0.000000e+00 |      --      |    Inf |  69.28%
 2807s|175000 |  1858 | 23092k| 131.9 |   368M |  67 |1323 |5955 |3468 | 306k|  2 | 179k|  32 | 0.000000e+00 |      --      |    Inf |  69.28%
 2811s|175100 |  1853 | 23105k| 131.9 |   368M |  67 |1323 |5924 |3464 | 306k|  0 | 179k|  32 | 0.000000e+00 |      --      |    Inf |  69.28%
 2814s|175200 |  1856 | 23119k| 131.9 |   368M |  67 |1323 |5951 |3493 | 306k|  2 | 179k|  32 | 0.000000e+00 |      --      |    Inf |  69.28%
 2817s|175300 |  1852 | 23130k| 131.9 |   368M |  67 |1323 |5981 |3492 | 306k|  1 | 180k|  32 | 0.000000e+00 |      --      |    Inf |  69.28%
 2820s|175400 |  1860 | 23139k| 131.9 |   370M |  67 |1323 |6009 |3451 | 307k|  2 | 180k|  32 | 0.000000e+00 |      --      |    Inf |  69.28%
 2824s|175500 |  1860 | 23157k| 131.9 |   370M |  67 |1323 |6022 |3531 | 307k|  0 | 180k|  32 | 0.000000e+00 |      --      |    Inf |  69.28%
 2827s|175600 |  1853 | 23168k| 131.9 |   370M |  67 |1323 |6014 |3450 | 307k|  0 | 180k|  32 | 0.000000e+00 |      --      |    Inf |  69.28%
 2829s|175700 |  1862 | 23179k| 131.9 |   370M |  67 |1323 |6040 |3472 | 307k|  0 | 180k|  32 | 0.000000e+00 |      --      |    Inf |  69.28%
 time | node  | left  |LP iter|LP it/n|mem/heur|mdpt |vars |cons |rows |cuts |sepa|confs|strbr|  dualbound   | primalbound  |  gap   | compl. 
 2832s|175800 |  1866 | 23191k| 131.9 |   370M |  67 |1323 |6147 |3494 | 307k|  0 | 180k|  32 | 0.000000e+00 |      --      |    Inf |  69.28%
 2835s|175900 |  1860 | 23203k| 131.9 |   370M |  67 |1323 |6154 |3485 | 307k|  2 | 180k|  32 | 0.000000e+00 |      --      |    Inf |  69.28%
 2838s|176000 |  1878 | 23212k| 131.9 |   370M |  67 |1323 |5922 |3448 | 307k|  0 | 180k|  32 | 0.000000e+00 |      --      |    Inf |  69.28%
 2841s|176100 |  1866 | 23225k| 131.9 |   370M |  67 |1323 |5983 |3441 | 307k|  1 | 180k|  32 | 0.000000e+00 |      --      |    Inf |  69.28%
 2846s|176200 |  1868 | 23246k| 131.9 |   370M |  67 |1323 |5995 |3499 | 308k|  2 | 180k|  32 | 0.000000e+00 |      --      |    Inf |  69.28%
 2852s|176300 |  1865 | 23273k| 132.0 |   370M |  67 |1323 |5953 |3472 | 308k|  2 | 181k|  32 | 0.000000e+00 |      --      |    Inf |  69.28%
 2858s|176400 |  1866 | 23299k| 132.1 |   370M |  67 |1323 |5974 |3579 | 308k|  1 | 181k|  32 | 0.000000e+00 |      --      |    Inf |  69.28%
 2862s|176500 |  1855 | 23319k| 132.1 |   370M |  67 |1323 |5840 |3722 | 308k|  0 | 181k|  32 | 0.000000e+00 |      --      |    Inf |  69.28%
 2869s|176600 |  1862 | 23350k| 132.2 |   370M |  67 |1323 |5591 |3580 | 309k|  1 | 181k|  32 | 0.000000e+00 |      --      |    Inf |  69.28%
 2877s|176700 |  1867 | 23385k| 132.3 |   370M |  67 |1323 |5693 |3554 | 309k|  0 | 181k|  32 | 0.000000e+00 |      --      |    Inf |  69.28%
 2884s|176800 |  1854 | 23416k| 132.4 |   370M |  67 |1323 |5622 |3588 | 309k|  2 | 181k|  32 | 0.000000e+00 |      --      |    Inf |  69.28%
 2894s|176900 |  1861 | 23456k| 132.6 |   373M |  67 |1323 |5594 |3526 | 310k|  3 | 181k|  32 | 0.000000e+00 |      --      |    Inf |  69.28%
 2900s|177000 |  1869 | 23481k| 132.6 |   373M |  67 |1323 |5606 |3583 | 310k|  1 | 181k|  32 | 0.000000e+00 |      --      |    Inf |  69.28%
 2905s|177100 |  1870 | 23506k| 132.7 |   373M |  67 |1323 |5658 |3583 | 310k|  0 | 182k|  32 | 0.000000e+00 |      --      |    Inf |  69.28%
 2911s|177200 |  1860 | 23532k| 132.8 |   373M |  67 |1323 |5399 |3472 | 310k|  2 | 182k|  32 | 0.000000e+00 |      --      |    Inf |  69.28%
 time | node  | left  |LP iter|LP it/n|mem/heur|mdpt |vars |cons |rows |cuts |sepa|confs|strbr|  dualbound   | primalbound  |  gap   | compl. 
 2914s|177300 |  1867 | 23545k| 132.8 |   375M |  67 |1323 |5445 |3597 | 311k|  0 | 182k|  32 | 0.000000e+00 |      --      |    Inf |  69.28%
 2919s|177400 |  1865 | 23565k| 132.8 |   375M |  67 |1323 |5330 |3508 | 311k|  2 | 182k|  32 | 0.000000e+00 |      --      |    Inf |  69.28%
 2924s|177500 |  1868 | 23589k| 132.9 |   375M |  67 |1323 |5262 |3578 | 311k|  2 | 182k|  32 | 0.000000e+00 |      --      |    Inf |  69.28%
 2928s|177600 |  1863 | 23608k| 132.9 |   375M |  67 |1323 |5289 |3603 | 312k|  2 | 182k|  32 | 0.000000e+00 |      --      |    Inf |  69.28%
 2933s|177700 |  1864 | 23632k| 133.0 |   375M |  67 |1323 |5160 |3511 | 312k|  2 | 182k|  32 | 0.000000e+00 |      --      |    Inf |  69.28%
 2937s|177800 |  1862 | 23647k| 133.0 |   376M |  67 |1323 |5169 |3558 | 312k|  2 | 182k|  32 | 0.000000e+00 |      --      |    Inf |  69.28%
 2940s|177900 |  1877 | 23658k| 133.0 |   376M |  67 |1323 |5156 |3541 | 312k|  0 | 182k|  32 | 0.000000e+00 |      --      |    Inf |  69.28%
 2943s|178000 |  1864 | 23671k| 133.0 |   377M |  67 |1323 |5159 |3625 | 312k|  2 | 182k|  32 | 0.000000e+00 |      --      |    Inf |  69.28%
 2948s|178100 |  1863 | 23689k| 133.0 |   378M |  67 |1323 |5205 |3716 | 312k|  2 | 182k|  32 | 0.000000e+00 |      --      |    Inf |  69.28%
 2954s|178200 |  1867 | 23717k| 133.1 |   378M |  67 |1323 |5195 |3578 | 313k|  2 | 182k|  32 | 0.000000e+00 |      --      |    Inf |  69.28%
 2960s|178300 |  1861 | 23741k| 133.1 |   378M |  67 |1323 |5152 |3464 | 313k|  2 | 182k|  32 | 0.000000e+00 |      --      |    Inf |  69.28%
 2966s|178400 |  1863 | 23763k| 133.2 |   378M |  67 |1323 |4848 |3608 | 313k|  1 | 182k|  32 | 0.000000e+00 |      --      |    Inf |  69.29%
 2968s|178500 |  1859 | 23774k| 133.2 |   378M |  67 |1323 |4827 |3589 | 313k|  0 | 182k|  32 | 0.000000e+00 |      --      |    Inf |  69.29%
 2972s|178600 |  1861 | 23789k| 133.2 |   379M |  67 |1323 |4843 |3678 | 313k|  0 | 183k|  32 | 0.000000e+00 |      --      |    Inf |  69.29%
 2976s|178700 |  1863 | 23809k| 133.2 |   379M |  67 |1323 |4910 |3627 | 314k|  2 | 183k|  32 | 0.000000e+00 |      --      |    Inf |  69.29%
 time | node  | left  |LP iter|LP it/n|mem/heur|mdpt |vars |cons |rows |cuts |sepa|confs|strbr|  dualbound   | primalbound  |  gap   | compl. 
 2981s|178800 |  1863 | 23830k| 133.3 |   379M |  67 |1323 |4956 |3702 | 314k|  2 | 183k|  32 | 0.000000e+00 |      --      |    Inf |  69.29%
 2987s|178900 |  1858 | 23854k| 133.3 |   379M |  67 |1323 |4981 |3701 | 314k|  2 | 183k|  32 | 0.000000e+00 |      --      |    Inf |  69.29%
 2992s|179000 |  1848 | 23875k| 133.4 |   379M |  67 |1323 |4925 |3529 | 314k|  2 | 183k|  32 | 0.000000e+00 |      --      |    Inf |  69.29%
 2996s|179100 |  1855 | 23887k| 133.4 |   379M |  67 |1323 |4972 |3493 | 314k|  1 | 183k|  32 | 0.000000e+00 |      --      |    Inf |  69.29%
 2999s|179200 |  1854 | 23901k| 133.4 |   379M |  67 |1323 |5128 |3451 | 314k|  2 | 183k|  32 | 0.000000e+00 |      --      |    Inf |  69.29%
 3003s|179300 |  1854 | 23917k| 133.4 |   379M |  67 |1323 |5228 |3481 | 314k|  0 | 183k|  32 | 0.000000e+00 |      --      |    Inf |  69.29%
 3006s|179400 |  1854 | 23929k| 133.4 |   379M |  67 |1323 |5355 |3484 | 315k|  2 | 184k|  32 | 0.000000e+00 |      --      |    Inf |  69.29%
 3010s|179500 |  1848 | 23945k| 133.4 |   379M |  67 |1323 |5440 |3500 | 315k|  2 | 184k|  32 | 0.000000e+00 |      --      |    Inf |  69.29%
 3013s|179600 |  1848 | 23958k| 133.4 |   379M |  67 |1323 |5257 |3465 | 315k|  0 | 184k|  32 | 0.000000e+00 |      --      |    Inf |  69.29%
 3017s|179700 |  1840 | 23973k| 133.4 |   379M |  67 |1323 |5303 |3459 | 315k|  1 | 184k|  32 | 0.000000e+00 |      --      |    Inf |  69.29%
 3019s|179800 |  1854 | 23984k| 133.4 |   379M |  67 |1323 |5326 |3455 | 315k|  0 | 184k|  32 | 0.000000e+00 |      --      |    Inf |  69.29%
 3023s|179900 |  1857 | 23996k| 133.4 |   379M |  67 |1323 |5356 |3547 | 315k|  0 | 184k|  32 | 0.000000e+00 |      --      |    Inf |  69.29%
 3027s|180000 |  1846 | 24013k| 133.4 |   379M |  67 |1323 |5439 |3552 | 315k|  2 | 184k|  32 | 0.000000e+00 |      --      |    Inf |  69.29%
 3031s|180100 |  1841 | 24030k| 133.4 |   379M |  67 |1323 |5334 |3522 | 315k|  1 | 184k|  32 | 0.000000e+00 |      --      |    Inf |  69.29%
 3035s|180200 |  1845 | 24046k| 133.4 |   379M |  67 |1323 |5388 |3583 | 315k|  2 | 185k|  32 | 0.000000e+00 |      --      |    Inf |  69.29%
 time | node  | left  |LP iter|LP it/n|mem/heur|mdpt |vars |cons |rows |cuts |sepa|confs|strbr|  dualbound   | primalbound  |  gap   | compl. 
 3038s|180300 |  1837 | 24058k| 133.4 |   379M |  67 |1323 |5124 |2755 | 315k|  0 | 185k|  32 | 0.000000e+00 |      --      |    Inf |  69.29%
 3042s|180400 |  1856 | 24071k| 133.4 |   379M |  67 |1323 |5050 |2994 | 315k|  2 | 185k|  32 | 0.000000e+00 |      --      |    Inf |  69.29%
 3049s|180500 |  1847 | 24092k| 133.5 |   379M |  67 |1323 |4883 |3418 | 316k|  0 | 185k|  32 | 0.000000e+00 |      --      |    Inf |  69.29%
 3053s|180600 |  1840 | 24109k| 133.5 |   379M |  67 |1323 |4469 |3770 | 316k|  1 | 185k|  32 | 0.000000e+00 |      --      |    Inf |  69.29%
 3056s|180700 |  1854 | 24122k| 133.5 |   379M |  67 |1323 |4281 |2778 | 316k|  1 | 185k|  32 | 0.000000e+00 |      --      |    Inf |  69.29%
 3058s|180800 |  1845 | 24131k| 133.5 |   379M |  67 |1323 |4249 |2918 | 316k|  0 | 185k|  32 | 0.000000e+00 |      --      |    Inf |  69.30%
 3059s|180900 |  1851 | 24136k| 133.4 |   379M |  67 |1323 |4315 |2939 | 316k|  1 | 185k|  32 | 0.000000e+00 |      --      |    Inf |  69.30%
 3061s|181000 |  1840 | 24143k| 133.4 |   379M |  67 |1323 |4300 |2937 | 316k|  0 | 185k|  32 | 0.000000e+00 |      --      |    Inf |  69.30%
 3064s|181100 |  1838 | 24155k| 133.4 |   379M |  67 |1323 |4066 |2924 | 316k|  0 | 185k|  32 | 0.000000e+00 |      --      |    Inf |  69.30%
 3068s|181200 |  1833 | 24169k| 133.4 |   379M |  67 |1323 |4107 |3333 | 316k|  2 | 186k|  32 | 0.000000e+00 |      --      |    Inf |  69.30%
 3072s|181300 |  1815 | 24185k| 133.4 |   379M |  67 |1323 |3988 |3596 | 316k|  0 | 186k|  32 | 0.000000e+00 |      --      |    Inf |  69.31%
 3074s|181400 |  1830 | 24193k| 133.4 |   379M |  67 |1323 |3945 |2969 | 316k|  0 | 186k|  32 | 0.000000e+00 |      --      |    Inf |  69.31%
 3077s|181500 |  1827 | 24202k| 133.3 |   379M |  67 |1323 |3990 |2954 | 317k|  0 | 186k|  32 | 0.000000e+00 |      --      |    Inf |  69.31%
 3079s|181600 |  1843 | 24208k| 133.3 |   380M |  67 |1323 |4015 |2978 | 317k|  0 | 186k|  32 | 0.000000e+00 |      --      |    Inf |  69.31%
 3082s|181700 |  1834 | 24215k| 133.3 |   380M |  67 |1323 |4040 |3032 | 317k|  2 | 186k|  32 | 0.000000e+00 |      --      |    Inf |  69.31%
 time | node  | left  |LP iter|LP it/n|mem/heur|mdpt |vars |cons |rows |cuts |sepa|confs|strbr|  dualbound   | primalbound  |  gap   | compl. 
 3085s|181800 |  1836 | 24222k| 133.2 |   380M |  67 |1323 |4052 |3036 | 317k|  1 | 186k|  32 | 0.000000e+00 |      --      |    Inf |  69.31%
 3087s|181900 |  1832 | 24227k| 133.2 |   380M |  67 |1323 |4068 |2988 | 317k|  2 | 186k|  32 | 0.000000e+00 |      --      |    Inf |  69.31%
 3090s|182000 |  1823 | 24240k| 133.2 |   380M |  67 |1323 |4052 |3020 | 318k|  2 | 186k|  32 | 0.000000e+00 |      --      |    Inf |  69.31%
 3092s|182100 |  1828 | 24246k| 133.1 |   380M |  67 |1323 |4075 |3044 | 318k|  2 | 186k|  32 | 0.000000e+00 |      --      |    Inf |  69.31%
 3095s|182200 |  1840 | 24253k| 133.1 |   380M |  67 |1323 |4095 |2997 | 318k|  1 | 186k|  32 | 0.000000e+00 |      --      |    Inf |  69.31%
 3098s|182300 |  1834 | 24261k| 133.1 |   380M |  67 |1323 |4109 |3012 | 318k|  2 | 186k|  32 | 0.000000e+00 |      --      |    Inf |  69.31%
 3100s|182400 |  1834 | 24269k| 133.0 |   380M |  67 |1323 |4100 |3006 | 318k|  1 | 186k|  32 | 0.000000e+00 |      --      |    Inf |  69.31%
 3103s|182500 |  1829 | 24278k| 133.0 |   380M |  67 |1323 |4109 |3049 | 319k|  2 | 186k|  32 | 0.000000e+00 |      --      |    Inf |  69.31%
 3107s|182600 |  1834 | 24287k| 133.0 |   380M |  67 |1323 |4123 |3116 | 319k|  2 | 186k|  32 | 0.000000e+00 |      --      |    Inf |  69.31%
 3110s|182700 |  1832 | 24297k| 133.0 |   380M |  67 |1323 |4134 |3007 | 319k|  1 | 186k|  32 | 0.000000e+00 |      --      |    Inf |  69.31%
 3112s|182800 |  1838 | 24302k| 132.9 |   380M |  67 |1323 |4165 |3044 | 319k|  2 | 186k|  32 | 0.000000e+00 |      --      |    Inf |  69.31%
 3114s|182900 |  1830 | 24309k| 132.9 |   380M |  67 |1323 |4164 |2996 | 319k|  2 | 186k|  32 | 0.000000e+00 |      --      |    Inf |  69.31%
 3116s|183000 |  1834 | 24314k| 132.9 |   380M |  67 |1323 |4176 |3014 | 319k|  0 | 186k|  32 | 0.000000e+00 |      --      |    Inf |  69.31%
 3119s|183100 |  1835 | 24320k| 132.8 |   380M |  67 |1323 |4190 |3029 | 320k|  0 | 186k|  32 | 0.000000e+00 |      --      |    Inf |  69.31%
 3122s|183200 |  1841 | 24328k| 132.8 |   380M |  67 |1323 |4179 |3036 | 320k|  1 | 186k|  32 | 0.000000e+00 |      --      |    Inf |  69.31%
 time | node  | left  |LP iter|LP it/n|mem/heur|mdpt |vars |cons |rows |cuts |sepa|confs|strbr|  dualbound   | primalbound  |  gap   | compl. 
 3124s|183300 |  1843 | 24333k| 132.7 |   380M |  67 |1323 |4196 |3003 | 320k|  0 | 186k|  32 | 0.000000e+00 |      --      |    Inf |  69.31%
 3126s|183400 |  1839 | 24341k| 132.7 |   380M |  67 |1323 |4209 |2992 | 320k|  1 | 186k|  32 | 0.000000e+00 |      --      |    Inf |  69.31%
 3128s|183500 |  1833 | 24346k| 132.7 |   380M |  67 |1323 |4215 |3067 | 320k|  1 | 186k|  32 | 0.000000e+00 |      --      |    Inf |  69.31%
 3130s|183600 |  1846 | 24351k| 132.6 |   380M |  67 |1323 |4223 |3017 | 320k|  1 | 186k|  32 | 0.000000e+00 |      --      |    Inf |  69.31%
 3132s|183700 |  1837 | 24355k| 132.6 |   380M |  67 |1323 |4240 |   0 | 320k|  0 | 186k|  32 | 0.000000e+00 |      --      |    Inf |  69.31%
 3134s|183800 |  1835 | 24361k| 132.5 |   380M |  67 |1323 |4227 |2996 | 320k|  2 | 186k|  32 | 0.000000e+00 |      --      |    Inf |  69.31%
 3136s|183900 |  1841 | 24368k| 132.5 |   380M |  67 |1323 |4257 |3006 | 321k|  0 | 186k|  32 | 0.000000e+00 |      --      |    Inf |  69.31%
 3139s|184000 |  1847 | 24375k| 132.5 |   380M |  67 |1323 |4266 |3030 | 321k|  2 | 186k|  32 | 0.000000e+00 |      --      |    Inf |  69.31%
 3142s|184100 |  1847 | 24381k| 132.4 |   380M |  67 |1323 |4278 |3021 | 321k|  2 | 186k|  32 | 0.000000e+00 |      --      |    Inf |  69.31%
 3146s|184200 |  1842 | 24387k| 132.4 |   380M |  67 |1323 |4301 |3031 | 321k|  0 | 186k|  32 | 0.000000e+00 |      --      |    Inf |  69.31%
 3149s|184300 |  1837 | 24394k| 132.3 |   380M |  67 |1323 |4314 |   0 | 321k|  0 | 187k|  32 | 0.000000e+00 |      --      |    Inf |  69.31%
 3152s|184400 |  1826 | 24400k| 132.3 |   380M |  67 |1323 |4326 |3060 | 321k|  0 | 187k|  32 | 0.000000e+00 |      --      |    Inf |  69.31%
 3153s|184500 |  1836 | 24405k| 132.3 |   381M |  67 |1323 |4323 |2999 | 321k|  2 | 187k|  32 | 0.000000e+00 |      --      |    Inf |  69.31%
 3155s|184600 |  1830 | 24410k| 132.2 |   381M |  67 |1323 |4312 |3042 | 321k|  2 | 187k|  32 | 0.000000e+00 |      --      |    Inf |  69.31%
 3158s|184700 |  1830 | 24415k| 132.2 |   381M |  67 |1323 |4317 |3017 | 322k|  1 | 187k|  32 | 0.000000e+00 |      --      |    Inf |  69.31%
 time | node  | left  |LP iter|LP it/n|mem/heur|mdpt |vars |cons |rows |cuts |sepa|confs|strbr|  dualbound   | primalbound  |  gap   | compl. 
 3160s|184800 |  1826 | 24424k| 132.2 |   381M |  67 |1323 |4324 |3013 | 322k|  2 | 187k|  32 | 0.000000e+00 |      --      |    Inf |  69.31%
 3163s|184900 |  1831 | 24431k| 132.1 |   381M |  67 |1323 |4350 |3046 | 322k|  0 | 187k|  32 | 0.000000e+00 |      --      |    Inf |  69.31%
 3166s|185000 |  1815 | 24442k| 132.1 |   381M |  67 |1323 |4197 |2759 | 322k|  1 | 187k|  32 | 0.000000e+00 |      --      |    Inf |  69.31%
 3169s|185100 |  1820 | 24453k| 132.1 |   381M |  67 |1323 |4009 |   0 | 322k|  0 | 187k|  32 | 0.000000e+00 |      --      |    Inf |  69.31%
 3172s|185200 |  1832 | 24466k| 132.1 |   381M |  67 |1323 |3780 |3225 | 322k|  0 | 187k|  32 | 0.000000e+00 |      --      |    Inf |  69.46%
 3178s|185300 |  1834 | 24490k| 132.1 |   381M |  67 |1323 |3850 |3242 | 323k|  1 | 187k|  32 | 0.000000e+00 |      --      |    Inf |  69.46%
 3185s|185400 |  1833 | 24514k| 132.2 |   381M |  67 |1323 |3929 |   0 | 323k|  0 | 187k|  32 | 0.000000e+00 |      --      |    Inf |  69.46%
 3191s|185500 |  1831 | 24540k| 132.3 |   381M |  67 |1323 |4005 |3277 | 323k|  2 | 187k|  32 | 0.000000e+00 |      --      |    Inf |  69.46%
 3196s|185600 |  1829 | 24564k| 132.3 |   381M |  67 |1323 |4105 |3256 | 323k|  1 | 187k|  32 | 0.000000e+00 |      --      |    Inf |  69.46%
 3203s|185700 |  1830 | 24592k| 132.4 |   381M |  67 |1323 |4201 |3251 | 324k|  2 | 187k|  32 | 0.000000e+00 |      --      |    Inf |  69.46%
 3210s|185800 |  1824 | 24626k| 132.5 |   381M |  67 |1323 |4283 |3251 | 324k|  0 | 188k|  32 | 0.000000e+00 |      --      |    Inf |  69.46%
 3217s|185900 |  1821 | 24654k| 132.6 |   381M |  67 |1323 |4324 |3296 | 324k|  2 | 188k|  32 | 0.000000e+00 |      --      |    Inf |  69.46%
 3220s|186000 |  1839 | 24666k| 132.6 |   381M |  67 |1323 |4272 |3211 | 324k|  2 | 188k|  32 | 0.000000e+00 |      --      |    Inf |  69.46%
 3225s|186100 |  1833 | 24687k| 132.6 |   381M |  67 |1323 |4387 |3241 | 324k|  0 | 188k|  32 | 0.000000e+00 |      --      |    Inf |  69.46%
 3230s|186200 |  1826 | 24705k| 132.7 |   381M |  67 |1323 |4469 |3268 | 325k|  0 | 188k|  32 | 0.000000e+00 |      --      |    Inf |  69.46%
 time | node  | left  |LP iter|LP it/n|mem/heur|mdpt |vars |cons |rows |cuts |sepa|confs|strbr|  dualbound   | primalbound  |  gap   | compl. 
 3234s|186300 |  1831 | 24722k| 132.7 |   381M |  67 |1323 |4577 |3273 | 325k|  2 | 188k|  32 | 0.000000e+00 |      --      |    Inf |  69.46%
 3239s|186400 |  1834 | 24744k| 132.7 |   381M |  67 |1323 |4693 |3279 | 325k|  1 | 188k|  32 | 0.000000e+00 |      --      |    Inf |  69.46%
 3246s|186500 |  1836 | 24774k| 132.8 |   382M |  67 |1323 |4790 |3462 | 325k|  0 | 188k|  32 | 0.000000e+00 |      --      |    Inf |  69.46%
 3253s|186600 |  1838 | 24802k| 132.9 |   382M |  67 |1323 |4911 |3457 | 325k|  2 | 189k|  32 | 0.000000e+00 |      --      |    Inf |  69.46%
 3262s|186700 |  1834 | 24836k| 133.0 |   383M |  67 |1323 |5044 |3448 | 325k|  2 | 189k|  32 | 0.000000e+00 |      --      |    Inf |  69.46%
 3269s|186800 |  1827 | 24865k| 133.1 |   383M |  67 |1323 |5098 |3376 | 326k|  2 | 189k|  32 | 0.000000e+00 |      --      |    Inf |  69.46%
 3275s|186900 |  1833 | 24892k| 133.2 |   383M |  67 |1323 |5156 |3500 | 326k|  2 | 189k|  32 | 0.000000e+00 |      --      |    Inf |  69.46%
 3284s|187000 |  1843 | 24927k| 133.3 |   384M |  67 |1323 |5246 |3583 | 326k|  1 | 189k|  32 | 0.000000e+00 |      --      |    Inf |  69.46%
 3294s|187100 |  1851 | 24969k| 133.4 |   384M |  67 |1323 |5439 |3573 | 326k|  0 | 189k|  32 | 0.000000e+00 |      --      |    Inf |  69.46%
 3299s|187200 |  1839 | 24987k| 133.5 |   385M |  67 |1323 |5484 |3571 | 326k|  1 | 190k|  32 | 0.000000e+00 |      --      |    Inf |  69.46%
 3305s|187300 |  1845 | 25007k| 133.5 |   387M |  67 |1323 |5613 |3564 | 326k|  0 | 190k|  32 | 0.000000e+00 |      --      |    Inf |  69.46%
 3311s|187400 |  1837 | 25028k| 133.5 |   387M |  67 |1323 |5701 |3538 | 326k|  1 | 190k|  32 | 0.000000e+00 |      --      |    Inf |  69.46%
 3317s|187500 |  1833 | 25046k| 133.6 |   388M |  67 |1323 |5839 |   0 | 326k|  0 | 190k|  32 | 0.000000e+00 |      --      |    Inf |  69.46%
 3321s|187600 |  1847 | 25064k| 133.6 |   388M |  67 |1323 |5233 |3303 | 326k|  0 | 190k|  32 | 0.000000e+00 |      --      |    Inf |  69.46%
 3330s|187700 |  1843 | 25092k| 133.7 |   389M |  67 |1323 |5278 |3306 | 327k|  0 | 191k|  32 | 0.000000e+00 |      --      |    Inf |  69.46%
 time | node  | left  |LP iter|LP it/n|mem/heur|mdpt |vars |cons |rows |cuts |sepa|confs|strbr|  dualbound   | primalbound  |  gap   | compl. 
 3337s|187800 |  1841 | 25116k| 133.7 |   389M |  67 |1323 |5397 |3318 | 327k|  2 | 191k|  32 | 0.000000e+00 |      --      |    Inf |  69.46%
 3341s|187900 |  1843 | 25136k| 133.8 |   389M |  67 |1323 |5527 |3295 | 327k|  0 | 191k|  32 | 0.000000e+00 |      --      |    Inf |  69.46%
 3346s|188000 |  1845 | 25158k| 133.8 |   389M |  67 |1323 |5653 |3267 | 327k|  0 | 191k|  32 | 0.000000e+00 |      --      |    Inf |  69.46%
 3352s|188100 |  1848 | 25183k| 133.9 |   389M |  67 |1323 |5641 |3377 | 327k|  0 | 191k|  32 | 0.000000e+00 |      --      |    Inf |  69.46%
 3358s|188200 |  1847 | 25206k| 133.9 |   390M |  67 |1323 |5770 |3397 | 327k|  2 | 191k|  32 | 0.000000e+00 |      --      |    Inf |  69.46%
 3364s|188300 |  1844 | 25233k| 134.0 |   390M |  67 |1323 |5725 |3285 | 327k|  2 | 192k|  32 | 0.000000e+00 |      --      |    Inf |  69.46%
 3370s|188400 |  1829 | 25259k| 134.1 |   390M |  67 |1323 |5592 |3287 | 328k|  2 | 192k|  32 | 0.000000e+00 |      --      |    Inf |  69.46%
 3377s|188500 |  1824 | 25288k| 134.1 |   390M |  67 |1323 |5555 |3316 | 328k|  0 | 192k|  32 | 0.000000e+00 |      --      |    Inf |  69.46%
 3382s|188600 |  1818 | 25313k| 134.2 |   390M |  67 |1323 |5234 |3433 | 328k|  0 | 192k|  32 | 0.000000e+00 |      --      |    Inf |  69.46%
 3385s|188700 |  1822 | 25326k| 134.2 |   391M |  67 |1323 |5247 |3350 | 328k|  1 | 192k|  32 | 0.000000e+00 |      --      |    Inf |  69.46%
 3390s|188800 |  1821 | 25340k| 134.2 |   393M |  67 |1323 |5497 |3360 | 328k|  1 | 193k|  32 | 0.000000e+00 |      --      |    Inf |  69.46%
 3395s|188900 |  1823 | 25355k| 134.2 |   394M |  67 |1323 |5610 |3358 | 328k|  1 | 193k|  32 | 0.000000e+00 |      --      |    Inf |  69.46%
 3399s|189000 |  1829 | 25369k| 134.2 |   394M |  67 |1323 |5765 |3375 | 328k|  0 | 193k|  32 | 0.000000e+00 |      --      |    Inf |  69.46%
 3403s|189100 |  1829 | 25385k| 134.2 |   395M |  67 |1323 |5943 |3371 | 328k|  2 | 193k|  32 | 0.000000e+00 |      --      |    Inf |  69.46%
 3407s|189200 |  1819 | 25401k| 134.2 |   396M |  67 |1323 |6010 |3346 | 329k|  3 | 193k|  32 | 0.000000e+00 |      --      |    Inf |  69.46%
 time | node  | left  |LP iter|LP it/n|mem/heur|mdpt |vars |cons |rows |cuts |sepa|confs|strbr|  dualbound   | primalbound  |  gap   | compl. 
 3411s|189300 |  1823 | 25417k| 134.3 |   396M |  67 |1323 |5686 |3344 | 329k|  2 | 194k|  32 | 0.000000e+00 |      --      |    Inf |  69.46%
 3416s|189400 |  1818 | 25437k| 134.3 |   396M |  67 |1323 |5850 |3329 | 329k|  0 | 194k|  32 | 0.000000e+00 |      --      |    Inf |  69.46%
 3420s|189500 |  1820 | 25454k| 134.3 |   396M |  67 |1323 |5603 |2767 | 329k|  0 | 194k|  32 | 0.000000e+00 |      --      |    Inf |  69.46%
 3423s|189600 |  1835 | 25464k| 134.3 |   396M |  67 |1323 |5429 |3378 | 329k|  1 | 194k|  32 | 0.000000e+00 |      --      |    Inf |  69.46%
 3427s|189700 |  1824 | 25481k| 134.3 |   396M |  67 |1323 |4944 |2832 | 329k|  2 | 194k|  32 | 0.000000e+00 |      --      |    Inf |  69.46%
 3433s|189800 |  1823 | 25508k| 134.4 |   396M |  67 |1323 |4764 |2957 | 329k|  2 | 194k|  32 | 0.000000e+00 |      --      |    Inf |  69.46%
 3439s|189900 |  1817 | 25535k| 134.4 |   396M |  67 |1323 |4423 |2698 | 329k|  0 | 194k|  32 | 0.000000e+00 |      --      |    Inf |  69.47%
 3446s|190000 |  1817 | 25566k| 134.5 |   396M |  67 |1323 |4433 |2718 | 330k|  0 | 194k|  32 | 0.000000e+00 |      --      |    Inf |  69.47%
 3453s|190100 |  1806 | 25599k| 134.6 |   396M |  67 |1323 |4249 |2927 | 330k|  0 | 194k|  32 | 0.000000e+00 |      --      |    Inf |  69.47%
 3461s|190200 |  1806 | 25637k| 134.8 |   396M |  67 |1323 |4009 |2989 | 330k|  0 | 195k|  32 | 0.000000e+00 |      --      |    Inf |  69.47%
 3468s|190300 |  1810 | 25669k| 134.9 |   396M |  67 |1323 |4092 |3009 | 331k|  2 | 195k|  32 | 0.000000e+00 |      --      |    Inf |  69.48%
 3475s|190400 |  1806 | 25698k| 135.0 |   396M |  67 |1323 |4201 |3002 | 331k|  2 | 195k|  32 | 0.000000e+00 |      --      |    Inf |  69.48%
 3482s|190500 |  1807 | 25730k| 135.1 |   396M |  67 |1323 |4365 |3015 | 332k|  2 | 195k|  32 | 0.000000e+00 |      --      |    Inf |  69.48%
 3488s|190600 |  1802 | 25757k| 135.1 |   396M |  67 |1323 |4399 |2907 | 332k|  2 | 195k|  32 | 0.000000e+00 |      --      |    Inf |  69.48%
 3493s|190700 |  1790 | 25784k| 135.2 |   396M |  67 |1323 |4123 |2817 | 332k|  0 | 195k|  32 | 0.000000e+00 |      --      |    Inf |  69.52%
 time | node  | left  |LP iter|LP it/n|mem/heur|mdpt |vars |cons |rows |cuts |sepa|confs|strbr|  dualbound   | primalbound  |  gap   | compl. 
 3504s|190800 |  1788 | 25823k| 135.3 |   397M |  67 |1323 |3777 |2697 | 333k|  0 | 195k|  32 | 0.000000e+00 |      --      |    Inf |  69.57%
 3509s|190900 |  1784 | 25844k| 135.4 |   397M |  67 |1323 |3607 |3652 | 333k|  1 | 195k|  32 | 0.000000e+00 |      --      |    Inf |  69.67%
 3513s|191000 |  1781 | 25863k| 135.4 |   397M |  67 |1323 |3626 |3645 | 333k|  1 | 196k|  32 | 0.000000e+00 |      --      |    Inf |  69.67%
 3517s|191100 |  1769 | 25878k| 135.4 |   397M |  67 |1323 |3595 |3097 | 333k|  2 | 196k|  32 | 0.000000e+00 |      --      |    Inf |  69.71%
 3524s|191200 |  1761 | 25907k| 135.5 |   397M |  67 |1323 |3445 |2813 | 333k|  2 | 196k|  32 | 0.000000e+00 |      --      |    Inf |  69.76%
 3530s|191300 |  1761 | 25936k| 135.6 |   397M |  67 |1323 |3456 |2961 | 333k|  0 | 196k|  32 | 0.000000e+00 |      --      |    Inf |  69.76%
 3537s|191400 |  1776 | 25968k| 135.7 |   397M |  67 |1323 |3487 |3308 | 334k|  2 | 196k|  32 | 0.000000e+00 |      --      |    Inf |  69.76%
 3541s|191500 |  1772 | 25992k| 135.7 |   397M |  67 |1323 |3514 |2815 | 334k|  0 | 196k|  32 | 0.000000e+00 |      --      |    Inf |  69.76%
 3549s|191600 |  1770 | 26026k| 135.8 |   397M |  67 |1323 |3604 |3055 | 334k|  3 | 196k|  32 | 0.000000e+00 |      --      |    Inf |  69.77%
 3555s|191700 |  1776 | 26056k| 135.9 |   397M |  67 |1323 |3623 |2703 | 335k|  1 | 196k|  32 | 0.000000e+00 |      --      |    Inf |  69.77%
 3560s|191800 |  1780 | 26078k| 135.9 |   397M |  67 |1323 |3683 |3215 | 335k|  0 | 196k|  32 | 0.000000e+00 |      --      |    Inf |  69.77%
 3568s|191900 |  1787 | 26115k| 136.1 |   397M |  67 |1323 |3805 |3364 | 335k|  1 | 196k|  32 | 0.000000e+00 |      --      |    Inf |  69.77%
 3578s|192000 |  1789 | 26157k| 136.2 |   397M |  67 |1323 |3915 |3380 | 335k|  0 | 197k|  32 | 0.000000e+00 |      --      |    Inf |  69.77%
 3585s|192100 |  1792 | 26191k| 136.3 |   397M |  67 |1323 |4002 |3363 | 335k|  2 | 197k|  32 | 0.000000e+00 |      --      |    Inf |  69.77%
 3593s|192200 |  1799 | 26227k| 136.4 |   398M |  67 |1323 |4092 |3402 | 336k|  1 | 197k|  32 | 0.000000e+00 |      --      |    Inf |  69.77%
 time | node  | left  |LP iter|LP it/n|mem/heur|mdpt |vars |cons |rows |cuts |sepa|confs|strbr|  dualbound   | primalbound  |  gap   | compl. 
 3604s|192300 |  1796 | 26275k| 136.6 |   398M |  67 |1323 |4147 |3451 | 336k|  1 | 197k|  32 | 0.000000e+00 |      --      |    Inf |  69.77%
 3615s|192400 |  1794 | 26319k| 136.8 |   400M |  67 |1323 |4265 |3386 | 336k|  2 | 197k|  32 | 0.000000e+00 |      --      |    Inf |  69.77%
 3623s|192500 |  1790 | 26350k| 136.9 |   400M |  67 |1323 |4452 |3347 | 336k|  2 | 197k|  32 | 0.000000e+00 |      --      |    Inf |  69.77%
 3629s|192600 |  1795 | 26370k| 136.9 |   400M |  67 |1323 |4617 |3536 | 336k|  2 | 198k|  32 | 0.000000e+00 |      --      |    Inf |  69.77%
 3634s|192700 |  1787 | 26391k| 136.9 |   400M |  67 |1323 |4801 |3530 | 336k|  0 | 198k|  32 | 0.000000e+00 |      --      |    Inf |  69.77%
 3638s|192800 |  1768 | 26406k| 136.9 |   400M |  67 |1323 |4755 |2929 | 336k|  0 | 198k|  32 | 0.000000e+00 |      --      |    Inf |  69.78%
 3642s|192900 |  1774 | 26422k| 137.0 |   400M |  67 |1323 |4724 |   0 | 336k|  0 | 198k|  32 | 0.000000e+00 |      --      |    Inf |  69.78%
 3647s|193000 |  1777 | 26438k| 137.0 |   400M |  67 |1323 |4613 |3438 | 337k|  0 | 198k|  32 | 0.000000e+00 |      --      |    Inf |  69.78%
 3651s|193100 |  1774 | 26460k| 137.0 |   400M |  67 |1323 |4721 |3445 | 337k|  0 | 198k|  32 | 0.000000e+00 |      --      |    Inf |  69.78%
 3655s|193200 |  1775 | 26475k| 137.0 |   400M |  67 |1323 |4798 |3440 | 337k|  1 | 198k|  32 | 0.000000e+00 |      --      |    Inf |  69.78%
 3660s|193300 |  1778 | 26498k| 137.1 |   400M |  67 |1323 |4873 |3461 | 337k|  2 | 198k|  32 | 0.000000e+00 |      --      |    Inf |  69.79%
 3665s|193400 |  1780 | 26517k| 137.1 |   400M |  67 |1323 |4791 |3442 | 337k|  0 | 199k|  32 | 0.000000e+00 |      --      |    Inf |  69.79%
 3669s|193500 |  1775 | 26530k| 137.1 |   400M |  67 |1323 |4863 |3466 | 337k|  0 | 199k|  32 | 0.000000e+00 |      --      |    Inf |  69.79%
 3672s|193600 |  1767 | 26545k| 137.1 |   400M |  67 |1323 |4601 |2961 | 337k|  2 | 199k|  32 | 0.000000e+00 |      --      |    Inf |  69.80%
 3676s|193700 |  1774 | 26555k| 137.1 |   400M |  67 |1323 |4454 |2808 | 337k|  1 | 199k|  32 | 0.000000e+00 |      --      |    Inf |  69.86%
 time | node  | left  |LP iter|LP it/n|mem/heur|mdpt |vars |cons |rows |cuts |sepa|confs|strbr|  dualbound   | primalbound  |  gap   | compl. 
 3678s|193800 |  1789 | 26564k| 137.1 |   400M |  67 |1323 |4452 |2702 | 337k|  1 | 199k|  32 | 0.000000e+00 |      --      |    Inf |  69.86%
 3680s|193900 |  1775 | 26574k| 137.0 |   400M |  67 |1323 |4536 |2829 | 337k|  2 | 199k|  32 | 0.000000e+00 |      --      |    Inf |  69.87%
 3683s|194000 |  1783 | 26583k| 137.0 |   400M |  67 |1323 |4541 |2693 | 337k|  2 | 199k|  32 | 0.000000e+00 |      --      |    Inf |  69.90%
 3685s|194100 |  1770 | 26594k| 137.0 |   400M |  67 |1323 |4625 |2686 | 338k|  1 | 199k|  32 | 0.000000e+00 |      --      |    Inf |  69.90%
 3688s|194200 |  1768 | 26603k| 137.0 |   400M |  67 |1323 |4534 |2717 | 338k|  2 | 199k|  32 | 0.000000e+00 |      --      |    Inf |  69.90%
 3691s|194300 |  1757 | 26615k| 137.0 |   400M |  67 |1323 |4459 |3953 | 338k|  0 | 200k|  32 | 0.000000e+00 |      --      |    Inf |  70.06%
 3694s|194400 |  1742 | 26629k| 137.0 |   400M |  67 |1323 |4183 |3065 | 338k|  2 | 200k|  32 | 0.000000e+00 |      --      |    Inf |  70.12%
 3699s|194500 |  1748 | 26643k| 137.0 |   400M |  67 |1323 |4034 |   0 | 338k|  0 | 200k|  32 | 0.000000e+00 |      --      |    Inf |  70.44%
 3701s|194600 |  1763 | 26651k| 136.9 |   400M |  67 |1323 |4033 |2724 | 338k|  0 | 200k|  32 | 0.000000e+00 |      --      |    Inf |  70.44%
 3703s|194700 |  1763 | 26656k| 136.9 |   400M |  67 |1323 |4055 |2730 | 338k|  0 | 200k|  32 | 0.000000e+00 |      --      |    Inf |  70.44%
 3705s|194800 |  1761 | 26661k| 136.9 |   400M |  67 |1323 |4085 |2728 | 338k|  1 | 200k|  32 | 0.000000e+00 |      --      |    Inf |  70.44%
 3706s|194900 |  1759 | 26666k| 136.8 |   400M |  67 |1323 |4113 |2768 | 339k|  0 | 200k|  32 | 0.000000e+00 |      --      |    Inf |  70.44%
 3707s|195000 |  1757 | 26670k| 136.8 |   400M |  67 |1323 |4132 |2754 | 339k|  0 | 200k|  32 | 0.000000e+00 |      --      |    Inf |  70.44%
 3708s|195100 |  1757 | 26674k| 136.7 |   400M |  67 |1323 |4136 |2767 | 339k|  0 | 200k|  32 | 0.000000e+00 |      --      |    Inf |  70.44%
 3710s|195200 |  1759 | 26679k| 136.7 |   400M |  67 |1323 |4165 |2729 | 339k|  3 | 200k|  32 | 0.000000e+00 |      --      |    Inf |  70.44%
 time | node  | left  |LP iter|LP it/n|mem/heur|mdpt |vars |cons |rows |cuts |sepa|confs|strbr|  dualbound   | primalbound  |  gap   | compl. 
 3711s|195300 |  1755 | 26685k| 136.6 |   400M |  67 |1323 |4178 |2701 | 339k|  0 | 200k|  32 | 0.000000e+00 |      --      |    Inf |  70.44%
 3713s|195400 |  1755 | 26691k| 136.6 |   400M |  67 |1323 |4188 |2705 | 339k|  1 | 200k|  32 | 0.000000e+00 |      --      |    Inf |  70.44%
 3715s|195500 |  1753 | 26698k| 136.5 |   400M |  67 |1323 |4230 |2809 | 339k|  2 | 200k|  32 | 0.000000e+00 |      --      |    Inf |  70.44%
 3719s|195600 |  1750 | 26714k| 136.6 |   400M |  67 |1323 |4205 |2678 | 339k|  0 | 200k|  32 | 0.000000e+00 |      --      |    Inf |  70.64%
 3721s|195700 |  1747 | 26724k| 136.5 |   400M |  67 |1323 |4232 |2952 | 339k|  0 | 201k|  32 | 0.000000e+00 |      --      |    Inf |  70.64%
 3725s|195800 |  1755 | 26739k| 136.6 |   400M |  67 |1323 |4287 |3226 | 340k|  2 | 201k|  32 | 0.000000e+00 |      --      |    Inf |  70.64%
 3729s|195900 |  1742 | 26758k| 136.6 |   400M |  67 |1323 |4251 |2889 | 340k|  2 | 201k|  32 | 0.000000e+00 |      --      |    Inf |  70.65%
 3735s|196000 |  1748 | 26784k| 136.6 |   400M |  67 |1323 |3953 |3277 | 340k|  1 | 201k|  32 | 0.000000e+00 |      --      |    Inf |  70.67%
 3742s|196100 |  1753 | 26812k| 136.7 |   400M |  67 |1323 |3870 |4012 | 340k|  2 | 201k|  32 | 0.000000e+00 |      --      |    Inf |  70.67%
 3749s|196200 |  1766 | 26843k| 136.8 |   400M |  67 |1323 |3882 |4091 | 340k|  0 | 201k|  32 | 0.000000e+00 |      --      |    Inf |  70.68%
 3759s|196300 |  1758 | 26878k| 136.9 |   400M |  67 |1323 |3843 |4024 | 341k|  2 | 201k|  32 | 0.000000e+00 |      --      |    Inf |  70.68%
 3765s|196400 |  1774 | 26902k| 137.0 |   400M |  67 |1323 |3954 |4069 | 341k|  2 | 201k|  32 | 0.000000e+00 |      --      |    Inf |  70.68%
 3768s|196500 |  1763 | 26916k| 137.0 |   400M |  67 |1323 |4173 |4058 | 341k|  1 | 202k|  32 | 0.000000e+00 |      --      |    Inf |  70.68%
 3774s|196600 |  1756 | 26940k| 137.0 |   401M |  67 |1323 |4220 |4068 | 341k|  0 | 202k|  32 | 0.000000e+00 |      --      |    Inf |  70.68%
 3779s|196700 |  1762 | 26961k| 137.1 |   401M |  67 |1323 |4383 |4091 | 341k|  1 | 202k|  32 | 0.000000e+00 |      --      |    Inf |  70.68%
 time | node  | left  |LP iter|LP it/n|mem/heur|mdpt |vars |cons |rows |cuts |sepa|confs|strbr|  dualbound   | primalbound  |  gap   | compl. 
 3786s|196800 |  1795 | 26982k| 137.1 |   405M |  67 |1323 |4358 |4175 | 342k|  1 | 202k|  32 | 0.000000e+00 |      --      |    Inf |  70.68%
 3789s|196900 |  1773 | 26998k| 137.1 |   405M |  67 |1323 |4300 |4138 | 342k|  0 | 202k|  32 | 0.000000e+00 |      --      |    Inf |  70.68%
 3794s|197000 |  1764 | 27016k| 137.1 |   405M |  67 |1323 |4304 |4149 | 342k|  2 | 202k|  32 | 0.000000e+00 |      --      |    Inf |  70.68%
 3803s|197100 |  1757 | 27050k| 137.2 |   405M |  67 |1323 |4354 |4206 | 342k|  1 | 202k|  32 | 0.000000e+00 |      --      |    Inf |  70.68%
 3813s|197200 |  1754 | 27089k| 137.4 |   405M |  67 |1323 |4496 |4037 | 342k|  0 | 202k|  32 | 0.000000e+00 |      --      |    Inf |  70.68%
 3824s|197300 |  1766 | 27124k| 137.5 |   406M |  67 |1323 |4429 |4023 | 342k|  1 | 202k|  32 | 0.000000e+00 |      --      |    Inf |  70.68%
 3832s|197400 |  1761 | 27154k| 137.5 |   407M |  67 |1323 |4347 |3118 | 343k|  2 | 203k|  32 | 0.000000e+00 |      --      |    Inf |  70.68%
 3841s|197500 |  1761 | 27195k| 137.7 |   407M |  67 |1323 |4155 |2989 | 343k|  2 | 203k|  32 | 0.000000e+00 |      --      |    Inf |  70.68%
 3846s|197600 |  1770 | 27221k| 137.7 |   407M |  67 |1323 |4074 |3041 | 343k|  0 | 203k|  32 | 0.000000e+00 |      --      |    Inf |  70.68%
 3852s|197700 |  1764 | 27250k| 137.8 |   407M |  67 |1323 |3802 |2935 | 343k|  0 | 203k|  32 | 0.000000e+00 |      --      |    Inf |  70.73%
 3856s|197800 |  1780 | 27271k| 137.9 |   407M |  67 |1323 |3764 |2923 | 344k|  0 | 203k|  32 | 0.000000e+00 |      --      |    Inf |  70.73%
 3859s|197900 |  1782 | 27278k| 137.8 |   407M |  67 |1323 |3779 |3101 | 344k|  2 | 203k|  32 | 0.000000e+00 |      --      |    Inf |  70.73%
 3861s|198000 |  1790 | 27287k| 137.8 |   407M |  67 |1323 |3843 |3127 | 344k|  2 | 203k|  32 | 0.000000e+00 |      --      |    Inf |  70.73%
 3863s|198100 |  1788 | 27293k| 137.8 |   407M |  67 |1323 |3880 |2934 | 344k|  0 | 203k|  32 | 0.000000e+00 |      --      |    Inf |  70.73%
 3866s|198200 |  1785 | 27299k| 137.7 |   407M |  67 |1323 |3919 |   0 | 344k|  0 | 203k|  32 | 0.000000e+00 |      --      |    Inf |  70.73%
 time | node  | left  |LP iter|LP it/n|mem/heur|mdpt |vars |cons |rows |cuts |sepa|confs|strbr|  dualbound   | primalbound  |  gap   | compl. 
 3867s|198300 |  1787 | 27305k| 137.7 |   407M |  67 |1323 |3937 |2940 | 344k|  2 | 203k|  32 | 0.000000e+00 |      --      |    Inf |  70.73%
 3869s|198400 |  1786 | 27312k| 137.6 |   407M |  67 |1323 |3973 |2945 | 345k|  2 | 203k|  32 | 0.000000e+00 |      --      |    Inf |  70.73%
 3872s|198500 |  1781 | 27323k| 137.6 |   407M |  67 |1323 |3979 |2933 | 345k|  1 | 203k|  32 | 0.000000e+00 |      --      |    Inf |  70.73%
 3874s|198600 |  1796 | 27331k| 137.6 |   407M |  67 |1323 |3920 |2908 | 345k|  0 | 203k|  32 | 0.000000e+00 |      --      |    Inf |  70.73%
 3876s|198700 |  1806 | 27336k| 137.6 |   407M |  67 |1323 |3955 |2967 | 345k|  0 | 203k|  32 | 0.000000e+00 |      --      |    Inf |  70.73%
 3878s|198800 |  1804 | 27343k| 137.5 |   407M |  67 |1323 |3975 |2973 | 345k|  2 | 203k|  32 | 0.000000e+00 |      --      |    Inf |  70.73%
 3881s|198900 |  1801 | 27350k| 137.5 |   407M |  67 |1323 |3989 |2976 | 345k|  0 | 203k|  32 | 0.000000e+00 |      --      |    Inf |  70.73%
 3884s|199000 |  1804 | 27358k| 137.5 |   407M |  67 |1323 |3982 |2980 | 345k|  2 | 204k|  32 | 0.000000e+00 |      --      |    Inf |  70.73%
 3887s|199100 |  1804 | 27366k| 137.4 |   407M |  67 |1323 |3991 |2994 | 346k|  2 | 204k|  32 | 0.000000e+00 |      --      |    Inf |  70.73%
 3889s|199200 |  1799 | 27373k| 137.4 |   407M |  67 |1323 |4019 |2986 | 346k|  2 | 204k|  32 | 0.000000e+00 |      --      |    Inf |  70.73%
 3891s|199300 |  1796 | 27380k| 137.4 |   407M |  67 |1323 |4027 |2952 | 346k|  2 | 204k|  32 | 0.000000e+00 |      --      |    Inf |  70.73%
 3894s|199400 |  1801 | 27392k| 137.4 |   407M |  67 |1323 |4068 |3037 | 346k|  1 | 204k|  32 | 0.000000e+00 |      --      |    Inf |  70.73%
 3898s|199500 |  1798 | 27404k| 137.3 |   407M |  67 |1323 |4140 |2986 | 346k|  2 | 204k|  32 | 0.000000e+00 |      --      |    Inf |  70.73%
 3901s|199600 |  1796 | 27418k| 137.4 |   408M |  67 |1323 |4200 |2902 | 346k|  1 | 204k|  32 | 0.000000e+00 |      --      |    Inf |  70.73%
 3905s|199700 |  1800 | 27433k| 137.4 |   408M |  67 |1323 |4232 |2966 | 346k|  2 | 204k|  32 | 0.000000e+00 |      --      |    Inf |  70.73%
 time | node  | left  |LP iter|LP it/n|mem/heur|mdpt |vars |cons |rows |cuts |sepa|confs|strbr|  dualbound   | primalbound  |  gap   | compl. 
 3909s|199800 |  1784 | 27443k| 137.3 |   408M |  67 |1323 |3854 |3177 | 347k|  1 | 204k|  32 | 0.000000e+00 |      --      |    Inf |  70.73%
 3912s|199900 |  1784 | 27455k| 137.3 |   408M |  67 |1323 |3681 |3431 | 347k|  0 | 204k|  32 | 0.000000e+00 |      --      |    Inf |  70.74%
 3915s|200000 |  1789 | 27465k| 137.3 |   408M |  67 |1323 |3670 |3504 | 347k|  0 | 204k|  32 | 0.000000e+00 |      --      |    Inf |  70.74%
 3919s|200100 |  1775 | 27481k| 137.3 |   408M |  67 |1323 |3586 |2930 | 347k|  2 | 205k|  32 | 0.000000e+00 |      --      |    Inf |  70.75%
 3921s|200200 |  1784 | 27490k| 137.3 |   408M |  67 |1323 |3614 |3172 | 347k|  0 | 205k|  32 | 0.000000e+00 |      --      |    Inf |  70.75%
 3924s|200300 |  1774 | 27503k| 137.3 |   408M |  67 |1323 |3621 |2861 | 347k|  2 | 205k|  32 | 0.000000e+00 |      --      |    Inf |  70.75%
 3927s|200400 |  1775 | 27514k| 137.3 |   408M |  67 |1323 |3692 |2884 | 347k|  1 | 205k|  32 | 0.000000e+00 |      --      |    Inf |  70.75%
 3930s|200500 |  1772 | 27527k| 137.3 |   408M |  67 |1323 |3781 |2920 | 347k|  2 | 205k|  32 | 0.000000e+00 |      --      |    Inf |  70.75%
 3932s|200600 |  1774 | 27533k| 137.2 |   408M |  67 |1323 |3929 |2921 | 347k|  1 | 205k|  32 | 0.000000e+00 |      --      |    Inf |  70.75%
 3934s|200700 |  1767 | 27541k| 137.2 |   408M |  67 |1323 |3994 |2705 | 347k|  1 | 205k|  32 | 0.000000e+00 |      --      |    Inf |  70.76%
 3938s|200800 |  1766 | 27554k| 137.2 |   408M |  67 |1323 |3783 |2771 | 347k|  2 | 205k|  32 | 0.000000e+00 |      --      |    Inf |  71.18%
 3941s|200900 |  1771 | 27568k| 137.2 |   408M |  67 |1323 |3747 |2846 | 347k|  0 | 206k|  32 | 0.000000e+00 |      --      |    Inf |  71.18%
 3945s|201000 |  1773 | 27585k| 137.2 |   408M |  67 |1323 |3797 |3273 | 348k|  0 | 206k|  32 | 0.000000e+00 |      --      |    Inf |  71.18%
 3949s|201100 |  1761 | 27604k| 137.3 |   408M |  67 |1323 |3738 |2946 | 348k|  0 | 206k|  32 | 0.000000e+00 |      --      |    Inf |  71.23%
 3953s|201200 |  1763 | 27623k| 137.3 |   408M |  67 |1323 |3669 |3513 | 348k|  1 | 206k|  32 | 0.000000e+00 |      --      |    Inf |  71.24%
 time | node  | left  |LP iter|LP it/n|mem/heur|mdpt |vars |cons |rows |cuts |sepa|confs|strbr|  dualbound   | primalbound  |  gap   | compl. 
 3957s|201300 |  1756 | 27637k| 137.3 |   408M |  67 |1323 |3676 |2932 | 348k|  0 | 206k|  32 | 0.000000e+00 |      --      |    Inf |  71.24%
 3962s|201400 |  1754 | 27661k| 137.3 |   408M |  67 |1323 |3675 |3125 | 348k|  1 | 206k|  32 | 0.000000e+00 |      --      |    Inf |  71.24%
 3968s|201500 |  1751 | 27685k| 137.4 |   408M |  67 |1323 |3431 |2766 | 348k|  2 | 206k|  32 | 0.000000e+00 |      --      |    Inf |  71.25%
 3970s|201600 |  1744 | 27695k| 137.4 |   408M |  67 |1323 |3510 |3035 | 348k|  0 | 206k|  32 | 0.000000e+00 |      --      |    Inf |  71.25%
 3973s|201700 |  1747 | 27711k| 137.4 |   408M |  67 |1323 |3556 |2961 | 348k|  0 | 206k|  32 | 0.000000e+00 |      --      |    Inf |  71.26%
 3977s|201800 |  1746 | 27728k| 137.4 |   408M |  67 |1323 |3571 |2710 | 348k|  0 | 207k|  32 | 0.000000e+00 |      --      |    Inf |  71.27%
 3983s|201900 |  1744 | 27752k| 137.4 |   408M |  67 |1323 |3603 |3488 | 349k|  2 | 207k|  32 | 0.000000e+00 |      --      |    Inf |  71.27%
 3987s|202000 |  1745 | 27770k| 137.5 |   408M |  67 |1323 |3673 |3667 | 349k|  0 | 207k|  32 | 0.000000e+00 |      --      |    Inf |  71.27%
 3992s|202100 |  1742 | 27791k| 137.5 |   408M |  67 |1323 |3713 |3491 | 349k|  0 | 207k|  32 | 0.000000e+00 |      --      |    Inf |  71.27%
 3997s|202200 |  1738 | 27813k| 137.5 |   408M |  67 |1323 |3715 |2824 | 349k|  2 | 207k|  32 | 0.000000e+00 |      --      |    Inf |  71.27%
 4001s|202300 |  1752 | 27835k| 137.6 |   408M |  67 |1323 |3766 |2753 | 349k|  2 | 207k|  32 | 0.000000e+00 |      --      |    Inf |  71.27%
 4006s|202400 |  1750 | 27857k| 137.6 |   408M |  67 |1323 |3781 |2717 | 349k|  2 | 207k|  32 | 0.000000e+00 |      --      |    Inf |  71.27%
 4010s|202500 |  1763 | 27872k| 137.6 |   408M |  67 |1323 |3819 |2734 | 349k|  2 | 207k|  32 | 0.000000e+00 |      --      |    Inf |  71.27%
 4013s|202600 |  1754 | 27887k| 137.6 |   408M |  67 |1323 |3881 |2805 | 350k|  0 | 207k|  32 | 0.000000e+00 |      --      |    Inf |  71.27%
 4017s|202700 |  1765 | 27902k| 137.6 |   408M |  67 |1323 |3956 |2715 | 350k|  0 | 207k|  32 | 0.000000e+00 |      --      |    Inf |  71.27%
 time | node  | left  |LP iter|LP it/n|mem/heur|mdpt |vars |cons |rows |cuts |sepa|confs|strbr|  dualbound   | primalbound  |  gap   | compl. 
 4021s|202800 |  1771 | 27922k| 137.7 |   408M |  67 |1323 |4046 |   0 | 350k|  0 | 208k|  32 | 0.000000e+00 |      --      |    Inf |  71.27%
 4025s|202900 |  1774 | 27937k| 137.7 |   408M |  67 |1323 |4108 |2737 | 350k|  0 | 208k|  32 | 0.000000e+00 |      --      |    Inf |  71.27%
 4030s|203000 |  1771 | 27954k| 137.7 |   408M |  67 |1323 |4186 |2834 | 350k|  0 | 208k|  32 | 0.000000e+00 |      --      |    Inf |  71.27%
 4034s|203100 |  1774 | 27967k| 137.7 |   408M |  67 |1323 |4246 |   0 | 350k|  0 | 208k|  32 | 0.000000e+00 |      --      |    Inf |  71.27%
 4038s|203200 |  1777 | 27982k| 137.7 |   408M |  67 |1323 |4307 |2755 | 351k|  2 | 208k|  32 | 0.000000e+00 |      --      |    Inf |  71.27%
 4042s|203300 |  1771 | 27999k| 137.7 |   408M |  67 |1323 |4373 |2761 | 351k|  0 | 208k|  32 | 0.000000e+00 |      --      |    Inf |  71.27%
 4046s|203400 |  1774 | 28017k| 137.7 |   408M |  67 |1323 |4397 |2757 | 351k|  2 | 208k|  32 | 0.000000e+00 |      --      |    Inf |  71.27%
 4050s|203500 |  1771 | 28033k| 137.7 |   408M |  67 |1323 |4396 |2743 | 351k|  2 | 208k|  32 | 0.000000e+00 |      --      |    Inf |  71.27%
 4054s|203600 |  1771 | 28050k| 137.8 |   408M |  67 |1323 |4400 |2743 | 351k|  2 | 208k|  32 | 0.000000e+00 |      --      |    Inf |  71.27%
 4057s|203700 |  1757 | 28065k| 137.8 |   408M |  67 |1323 |4317 |2783 | 351k|  2 | 208k|  32 | 0.000000e+00 |      --      |    Inf |  71.27%
 4060s|203800 |  1753 | 28077k| 137.8 |   408M |  67 |1323 |4313 |   0 | 351k|  0 | 208k|  32 | 0.000000e+00 |      --      |    Inf |  71.27%
 4063s|203900 |  1757 | 28093k| 137.8 |   408M |  67 |1323 |4266 |2812 | 352k|  1 | 208k|  32 | 0.000000e+00 |      --      |    Inf |  71.27%
 4067s|204000 |  1762 | 28109k| 137.8 |   408M |  67 |1323 |4322 |2821 | 352k|  2 | 208k|  32 | 0.000000e+00 |      --      |    Inf |  71.27%
 4071s|204100 |  1763 | 28125k| 137.8 |   408M |  67 |1323 |4398 |2837 | 352k|  0 | 209k|  32 | 0.000000e+00 |      --      |    Inf |  71.27%
 4075s|204200 |  1777 | 28139k| 137.8 |   408M |  67 |1323 |4459 |2845 | 352k|  0 | 209k|  32 | 0.000000e+00 |      --      |    Inf |  71.27%
 time | node  | left  |LP iter|LP it/n|mem/heur|mdpt |vars |cons |rows |cuts |sepa|confs|strbr|  dualbound   | primalbound  |  gap   | compl. 
 4079s|204300 |  1757 | 28157k| 137.8 |   408M |  67 |1323 |4490 |3123 | 352k|  2 | 209k|  32 | 0.000000e+00 |      --      |    Inf |  71.27%
 4084s|204400 |  1754 | 28175k| 137.8 |   408M |  67 |1323 |4350 |2730 | 352k|  0 | 209k|  32 | 0.000000e+00 |      --      |    Inf |  72.06%
 4087s|204500 |  1749 | 28192k| 137.8 |   408M |  67 |1323 |4353 |   0 | 352k|  0 | 209k|  32 | 0.000000e+00 |      --      |    Inf |  72.06%
 4092s|204600 |  1746 | 28213k| 137.9 |   408M |  67 |1323 |4279 |3103 | 352k|  0 | 209k|  32 | 0.000000e+00 |      --      |    Inf |  72.06%
 4096s|204700 |  1747 | 28234k| 137.9 |   408M |  67 |1323 |4124 |3586 | 352k|  2 | 209k|  32 | 0.000000e+00 |      --      |    Inf |  72.06%
 4101s|204800 |  1752 | 28255k| 138.0 |   408M |  67 |1323 |3912 |2869 | 353k|  1 | 209k|  32 | 0.000000e+00 |      --      |    Inf |  72.10%
 4104s|204900 |  1743 | 28272k| 138.0 |   408M |  67 |1323 |3955 |2840 | 353k|  1 | 209k|  32 | 0.000000e+00 |      --      |    Inf |  72.10%
 4109s|205000 |  1748 | 28290k| 138.0 |   408M |  67 |1323 |4022 |3473 | 353k|  2 | 209k|  32 | 0.000000e+00 |      --      |    Inf |  72.10%
 4113s|205100 |  1736 | 28308k| 138.0 |   408M |  67 |1323 |4004 |2739 | 353k|  2 | 210k|  32 | 0.000000e+00 |      --      |    Inf |  72.12%
 4118s|205200 |  1735 | 28329k| 138.0 |   408M |  67 |1323 |3935 |2726 | 353k|  2 | 210k|  32 | 0.000000e+00 |      --      |    Inf |  72.15%
 4122s|205300 |  1731 | 28347k| 138.1 |   408M |  67 |1323 |3840 |3009 | 353k|  0 | 210k|  32 | 0.000000e+00 |      --      |    Inf |  72.17%
 4127s|205400 |  1718 | 28373k| 138.1 |   408M |  67 |1323 |3753 |2716 | 353k|  2 | 210k|  32 | 0.000000e+00 |      --      |    Inf |  72.18%
 4131s|205500 |  1703 | 28394k| 138.2 |   408M |  67 |1323 |3743 |3198 | 353k|  0 | 210k|  32 | 0.000000e+00 |      --      |    Inf |  72.18%
 4136s|205600 |  1710 | 28414k| 138.2 |   408M |  67 |1323 |3642 |2962 | 354k|  2 | 210k|  32 | 0.000000e+00 |      --      |    Inf |  72.18%
 4139s|205700 |  1719 | 28431k| 138.2 |   408M |  67 |1323 |3653 |2841 | 354k|  0 | 210k|  32 | 0.000000e+00 |      --      |    Inf |  72.18%
 time | node  | left  |LP iter|LP it/n|mem/heur|mdpt |vars |cons |rows |cuts |sepa|confs|strbr|  dualbound   | primalbound  |  gap   | compl. 
 4144s|205800 |  1702 | 28450k| 138.2 |   408M |  67 |1323 |3609 |3776 | 354k|  0 | 210k|  32 | 0.000000e+00 |      --      |    Inf |  72.19%
 4149s|205900 |  1702 | 28472k| 138.3 |   408M |  67 |1323 |3457 |2981 | 354k|  0 | 210k|  32 | 0.000000e+00 |      --      |    Inf |  72.98%
 4153s|206000 |  1701 | 28493k| 138.3 |   408M |  67 |1323 |3438 |3657 | 354k|  0 | 211k|  32 | 0.000000e+00 |      --      |    Inf |  72.98%
 4157s|206100 |  1685 | 28509k| 138.3 |   408M |  67 |1323 |3433 |3069 | 354k|  2 | 211k|  32 | 0.000000e+00 |      --      |    Inf |  73.00%
 4160s|206200 |  1696 | 28524k| 138.3 |   408M |  67 |1323 |3408 |3269 | 354k|  1 | 211k|  32 | 0.000000e+00 |      --      |    Inf |  73.03%
 4164s|206300 |  1696 | 28537k| 138.3 |   408M |  67 |1323 |3466 |3318 | 354k|  0 | 211k|  32 | 0.000000e+00 |      --      |    Inf |  73.03%
 4170s|206400 |  1682 | 28560k| 138.4 |   408M |  67 |1323 |3449 |3793 | 355k|  0 | 211k|  32 | 0.000000e+00 |      --      |    Inf |  73.03%
 4176s|206500 |  1673 | 28582k| 138.4 |   408M |  67 |1323 |3386 |2681 | 355k|  2 | 211k|  32 | 0.000000e+00 |      --      |    Inf |  73.04%
 4180s|206600 |  1677 | 28599k| 138.4 |   408M |  67 |1323 |3395 |3100 | 355k|  0 | 211k|  32 | 0.000000e+00 |      --      |    Inf |  73.04%
 4183s|206700 |  1674 | 28616k| 138.4 |   408M |  67 |1323 |3442 |2826 | 355k|  2 | 211k|  32 | 0.000000e+00 |      --      |    Inf |  73.04%
 4187s|206800 |  1670 | 28632k| 138.4 |   408M |  67 |1323 |3515 |2912 | 355k|  0 | 211k|  32 | 0.000000e+00 |      --      |    Inf |  73.05%
 4191s|206900 |  1667 | 28651k| 138.5 |   408M |  67 |1323 |3614 |2989 | 356k|  2 | 211k|  32 | 0.000000e+00 |      --      |    Inf |  73.06%
 4195s|207000 |  1679 | 28669k| 138.5 |   408M |  67 |1323 |3636 |2995 | 356k|  2 | 211k|  32 | 0.000000e+00 |      --      |    Inf |  73.06%
 4199s|207100 |  1666 | 28687k| 138.5 |   408M |  67 |1323 |3651 |2737 | 356k|  2 | 212k|  32 | 0.000000e+00 |      --      |    Inf |  73.07%
 4203s|207200 |  1662 | 28705k| 138.5 |   408M |  67 |1323 |3641 |2945 | 356k|  0 | 212k|  32 | 0.000000e+00 |      --      |    Inf |  73.09%
 time | node  | left  |LP iter|LP it/n|mem/heur|mdpt |vars |cons |rows |cuts |sepa|confs|strbr|  dualbound   | primalbound  |  gap   | compl. 
 4206s|207300 |  1673 | 28719k| 138.5 |   408M |  67 |1323 |3640 |3514 | 356k|  0 | 212k|  32 | 0.000000e+00 |      --      |    Inf |  73.10%
 4208s|207400 |  1676 | 28727k| 138.5 |   408M |  67 |1323 |3693 |3498 | 356k|  1 | 212k|  32 | 0.000000e+00 |      --      |    Inf |  73.10%
 4211s|207500 |  1673 | 28735k| 138.5 |   408M |  67 |1323 |3734 |3509 | 356k|  0 | 212k|  32 | 0.000000e+00 |      --      |    Inf |  73.10%
 4212s|207600 |  1677 | 28741k| 138.4 |   408M |  67 |1323 |3762 |3500 | 356k|  0 | 212k|  32 | 0.000000e+00 |      --      |    Inf |  73.10%
 4214s|207700 |  1680 | 28747k| 138.4 |   408M |  67 |1323 |3814 |3504 | 356k|  2 | 212k|  32 | 0.000000e+00 |      --      |    Inf |  73.10%
 4215s|207800 |  1685 | 28753k| 138.4 |   408M |  67 |1323 |3876 |3501 | 356k|  0 | 212k|  32 | 0.000000e+00 |      --      |    Inf |  73.10%
 4217s|207900 |  1676 | 28758k| 138.3 |   409M |  67 |1323 |3954 |3500 | 356k|  0 | 212k|  32 | 0.000000e+00 |      --      |    Inf |  73.10%
 4219s|208000 |  1675 | 28764k| 138.3 |   409M |  67 |1323 |3911 |3498 | 356k|  2 | 212k|  32 | 0.000000e+00 |      --      |    Inf |  73.10%
 4221s|208100 |  1677 | 28771k| 138.2 |   409M |  67 |1323 |3894 |3498 | 357k|  2 | 212k|  32 | 0.000000e+00 |      --      |    Inf |  73.10%
 4223s|208200 |  1673 | 28780k| 138.2 |   409M |  67 |1323 |3855 |3504 | 357k|  0 | 212k|  32 | 0.000000e+00 |      --      |    Inf |  73.10%
 4225s|208300 |  1675 | 28788k| 138.2 |   409M |  67 |1323 |3898 |3507 | 357k|  2 | 212k|  32 | 0.000000e+00 |      --      |    Inf |  73.10%
 4228s|208400 |  1674 | 28801k| 138.2 |   409M |  67 |1323 |3867 |3502 | 357k|  1 | 213k|  32 | 0.000000e+00 |      --      |    Inf |  73.10%
 4232s|208500 |  1680 | 28817k| 138.2 |   409M |  67 |1323 |3883 |3547 | 357k|  0 | 213k|  32 | 0.000000e+00 |      --      |    Inf |  73.10%
 4234s|208600 |  1684 | 28827k| 138.2 |   410M |  67 |1323 |3904 |3508 | 357k|  2 | 213k|  32 | 0.000000e+00 |      --      |    Inf |  73.10%
 4236s|208700 |  1687 | 28834k| 138.1 |   410M |  67 |1323 |3927 |3540 | 357k|  0 | 213k|  32 | 0.000000e+00 |      --      |    Inf |  73.10%
 time | node  | left  |LP iter|LP it/n|mem/heur|mdpt |vars |cons |rows |cuts |sepa|confs|strbr|  dualbound   | primalbound  |  gap   | compl. 
 4239s|208800 |  1682 | 28843k| 138.1 |   410M |  67 |1323 |3940 |3545 | 357k|  0 | 213k|  32 | 0.000000e+00 |      --      |    Inf |  73.10%
 4241s|208900 |  1677 | 28850k| 138.1 |   410M |  67 |1323 |3936 |3565 | 357k|  1 | 213k|  32 | 0.000000e+00 |      --      |    Inf |  73.10%
 4243s|209000 |  1673 | 28856k| 138.1 |   411M |  67 |1323 |3926 |3516 | 357k|  1 | 213k|  32 | 0.000000e+00 |      --      |    Inf |  73.10%
 4247s|209100 |  1690 | 28871k| 138.1 |   411M |  67 |1323 |3915 |3528 | 357k|  2 | 213k|  32 | 0.000000e+00 |      --      |    Inf |  73.10%
 4249s|209200 |  1708 | 28877k| 138.0 |   411M |  67 |1323 |3921 |3537 | 358k|  2 | 213k|  32 | 0.000000e+00 |      --      |    Inf |  73.10%
 4251s|209300 |  1690 | 28882k| 138.0 |   411M |  67 |1323 |3927 |3590 | 358k|  1 | 213k|  32 | 0.000000e+00 |      --      |    Inf |  73.10%
 4252s|209400 |  1696 | 28889k| 138.0 |   411M |  67 |1323 |3948 |3547 | 358k|  1 | 213k|  32 | 0.000000e+00 |      --      |    Inf |  73.10%
 4254s|209500 |  1691 | 28895k| 137.9 |   411M |  67 |1323 |3928 |3531 | 358k|  1 | 213k|  32 | 0.000000e+00 |      --      |    Inf |  73.10%
 4256s|209600 |  1691 | 28901k| 137.9 |   411M |  67 |1323 |3931 |3524 | 358k|  1 | 213k|  32 | 0.000000e+00 |      --      |    Inf |  73.10%
 4259s|209700 |  1681 | 28915k| 137.9 |   411M |  67 |1323 |3978 |3577 | 358k|  0 | 213k|  32 | 0.000000e+00 |      --      |    Inf |  73.10%
 4261s|209800 |  1675 | 28938k| 137.9 |   411M |  67 |1323 |4089 |3538 | 358k|  0 | 213k|  32 | 0.000000e+00 |      --      |    Inf |  73.10%
 4262s|209900 |  1676 | 28955k| 137.9 |   411M |  67 |1323 |4093 |3521 | 358k|  0 | 213k|  32 | 0.000000e+00 |      --      |    Inf |  73.10%
 4264s|210000 |  1685 | 28974k| 138.0 |   411M |  67 |1323 |4097 |3509 | 358k|  2 | 213k|  32 | 0.000000e+00 |      --      |    Inf |  73.10%
 4267s|210100 |  1682 | 28995k| 138.0 |   411M |  67 |1323 |4161 |3542 | 358k|  0 | 213k|  32 | 0.000000e+00 |      --      |    Inf |  73.10%
 4268s|210200 |  1688 | 29014k| 138.0 |   412M |  67 |1323 |4146 |3532 | 358k|  1 | 214k|  32 | 0.000000e+00 |      --      |    Inf |  73.10%
 time | node  | left  |LP iter|LP it/n|mem/heur|mdpt |vars |cons |rows |cuts |sepa|confs|strbr|  dualbound   | primalbound  |  gap   | compl. 
 4270s|210300 |  1686 | 29033k| 138.0 |   412M |  67 |1323 |4106 |3485 | 359k|  2 | 214k|  32 | 0.000000e+00 |      --      |    Inf |  73.10%
 4272s|210400 |  1685 | 29052k| 138.1 |   413M |  67 |1323 |4177 |3588 | 359k|  1 | 214k|  32 | 0.000000e+00 |      --      |    Inf |  73.10%
 4274s|210500 |  1676 | 29072k| 138.1 |   413M |  67 |1323 |4127 |   0 | 359k|  0 | 214k|  32 | 0.000000e+00 |      --      |    Inf |  73.11%
 4276s|210600 |  1678 | 29092k| 138.1 |   413M |  67 |1323 |4180 |3528 | 359k|  1 | 214k|  32 | 0.000000e+00 |      --      |    Inf |  73.11%
 4277s|210700 |  1671 | 29104k| 138.1 |   413M |  67 |1323 |4212 |3528 | 359k|  0 | 214k|  32 | 0.000000e+00 |      --      |    Inf |  73.11%
 4279s|210800 |  1692 | 29122k| 138.1 |   413M |  67 |1323 |4158 |3550 | 359k|  0 | 214k|  32 | 0.000000e+00 |      --      |    Inf |  73.11%
 4281s|210900 |  1708 | 29143k| 138.2 |   413M |  67 |1323 |4124 |3495 | 359k|  1 | 214k|  32 | 0.000000e+00 |      --      |    Inf |  73.11%
 4284s|211000 |  1707 | 29164k| 138.2 |   413M |  67 |1323 |4198 |3557 | 359k|  2 | 214k|  32 | 0.000000e+00 |      --      |    Inf |  73.11%
 4286s|211100 |  1702 | 29185k| 138.2 |   413M |  67 |1323 |4257 |3531 | 359k|  2 | 214k|  32 | 0.000000e+00 |      --      |    Inf |  73.11%
 4288s|211200 |  1708 | 29207k| 138.3 |   413M |  67 |1323 |4292 |3581 | 360k|  0 | 215k|  32 | 0.000000e+00 |      --      |    Inf |  73.11%
 4290s|211300 |  1703 | 29232k| 138.3 |   413M |  67 |1323 |4295 |3582 | 360k|  2 | 215k|  32 | 0.000000e+00 |      --      |    Inf |  73.11%
 4292s|211400 |  1709 | 29254k| 138.4 |   414M |  67 |1323 |4396 |3559 | 360k|  0 | 215k|  32 | 0.000000e+00 |      --      |    Inf |  73.12%
 4294s|211500 |  1708 | 29275k| 138.4 |   414M |  67 |1323 |4581 |3572 | 360k|  0 | 215k|  32 | 0.000000e+00 |      --      |    Inf |  73.12%
 4297s|211600 |  1712 | 29297k| 138.4 |   415M |  67 |1323 |4656 |3595 | 360k|  1 | 215k|  32 | 0.000000e+00 |      --      |    Inf |  73.12%
 4299s|211700 |  1701 | 29319k| 138.5 |   415M |  67 |1323 |4742 |3627 | 360k|  0 | 215k|  32 | 0.000000e+00 |      --      |    Inf |  73.12%
 time | node  | left  |LP iter|LP it/n|mem/heur|mdpt |vars |cons |rows |cuts |sepa|confs|strbr|  dualbound   | primalbound  |  gap   | compl. 
 4300s|211800 |  1714 | 29339k| 138.5 |   416M |  67 |1323 |4869 |3666 | 360k|  1 | 215k|  32 | 0.000000e+00 |      --      |    Inf |  73.12%
 4303s|211900 |  1704 | 29361k| 138.5 |   416M |  67 |1323 |4996 |3638 | 360k|  2 | 216k|  32 | 0.000000e+00 |      --      |    Inf |  73.12%
 4305s|212000 |  1708 | 29385k| 138.6 |   416M |  67 |1323 |4926 |3552 | 361k|  2 | 216k|  32 | 0.000000e+00 |      --      |    Inf |  73.12%
 4307s|212100 |  1702 | 29411k| 138.7 |   416M |  67 |1323 |4639 |   0 | 361k|  0 | 216k|  32 | 0.000000e+00 |      --      |    Inf |  73.12%
 4309s|212200 |  1714 | 29424k| 138.6 |   416M |  67 |1323 |4591 |   0 | 361k|  0 | 216k|  32 | 0.000000e+00 |      --      |    Inf |  73.12%
 4311s|212300 |  1714 | 29442k| 138.7 |   416M |  67 |1323 |4650 |3530 | 361k|  1 | 216k|  32 | 0.000000e+00 |      --      |    Inf |  73.12%
 4312s|212400 |  1706 | 29457k| 138.7 |   416M |  67 |1323 |4768 |   0 | 361k|  0 | 216k|  32 | 0.000000e+00 |      --      |    Inf |  73.12%
 4313s|212500 |  1701 | 29471k| 138.7 |   416M |  67 |1323 |4824 |3639 | 361k|  0 | 216k|  32 | 0.000000e+00 |      --      |    Inf |  73.12%
 4315s|212600 |  1702 | 29486k| 138.7 |   416M |  67 |1323 |4876 |   0 | 361k|  0 | 216k|  32 | 0.000000e+00 |      --      |    Inf |  73.12%
 4317s|212700 |  1701 | 29509k| 138.7 |   416M |  67 |1323 |4959 |3515 | 361k|  0 | 217k|  32 | 0.000000e+00 |      --      |    Inf |  73.12%
 4318s|212800 |  1700 | 29522k| 138.7 |   416M |  67 |1323 |4879 |3487 | 361k|  1 | 217k|  32 | 0.000000e+00 |      --      |    Inf |  73.12%
 4320s|212900 |  1706 | 29542k| 138.7 |   416M |  67 |1323 |4900 |3504 | 362k|  0 | 217k|  32 | 0.000000e+00 |      --      |    Inf |  73.12%
 4322s|213000 |  1701 | 29560k| 138.8 |   416M |  67 |1323 |4916 |3506 | 362k|  2 | 217k|  32 | 0.000000e+00 |      --      |    Inf |  73.12%
 4324s|213100 |  1705 | 29577k| 138.8 |   416M |  67 |1323 |4915 |3501 | 362k|  1 | 217k|  32 | 0.000000e+00 |      --      |    Inf |  73.12%
 4325s|213200 |  1695 | 29593k| 138.8 |   416M |  67 |1323 |4784 |3511 | 362k|  2 | 217k|  32 | 0.000000e+00 |      --      |    Inf |  73.12%
 time | node  | left  |LP iter|LP it/n|mem/heur|mdpt |vars |cons |rows |cuts |sepa|confs|strbr|  dualbound   | primalbound  |  gap   | compl. 
 4327s|213300 |  1692 | 29612k| 138.8 |   416M |  67 |1323 |4781 |3553 | 362k|  0 | 217k|  32 | 0.000000e+00 |      --      |    Inf |  73.12%
 4328s|213400 |  1690 | 29625k| 138.8 |   416M |  67 |1323 |4458 |3476 | 362k|  1 | 217k|  32 | 0.000000e+00 |      --      |    Inf |  73.13%
 4330s|213500 |  1685 | 29646k| 138.8 |   417M |  67 |1323 |4271 |3491 | 363k|  2 | 217k|  32 | 0.000000e+00 |      --      |    Inf |  73.16%
 4332s|213600 |  1708 | 29665k| 138.9 |   419M |  67 |1323 |4310 |3633 | 363k|  3 | 217k|  32 | 0.000000e+00 |      --      |    Inf |  73.16%
 4335s|213700 |  1704 | 29694k| 138.9 |   419M |  67 |1323 |4393 |3635 | 363k|  2 | 217k|  32 | 0.000000e+00 |      --      |    Inf |  73.16%
 4337s|213800 |  1704 | 29711k| 139.0 |   420M |  67 |1323 |4298 |3601 | 363k|  0 | 218k|  32 | 0.000000e+00 |      --      |    Inf |  73.16%
 4339s|213900 |  1701 | 29730k| 139.0 |   420M |  67 |1323 |4332 |3497 | 363k|  0 | 218k|  32 | 0.000000e+00 |      --      |    Inf |  73.16%
 4341s|214000 |  1694 | 29748k| 139.0 |   420M |  67 |1323 |4311 |3572 | 364k|  0 | 218k|  32 | 0.000000e+00 |      --      |    Inf |  73.16%
 4343s|214100 |  1690 | 29769k| 139.0 |   420M |  67 |1323 |4333 |   0 | 364k|  0 | 218k|  32 | 0.000000e+00 |      --      |    Inf |  73.16%
 4344s|214200 |  1692 | 29790k| 139.1 |   420M |  67 |1323 |4375 |3503 | 364k|  1 | 218k|  32 | 0.000000e+00 |      --      |    Inf |  73.16%
 4347s|214300 |  1687 | 29813k| 139.1 |   420M |  67 |1323 |4489 |3521 | 364k|  2 | 218k|  32 | 0.000000e+00 |      --      |    Inf |  73.16%
 4349s|214400 |  1694 | 29841k| 139.2 |   420M |  67 |1323 |4593 |3570 | 364k|  2 | 218k|  32 | 0.000000e+00 |      --      |    Inf |  73.16%
 4351s|214500 |  1696 | 29865k| 139.2 |   420M |  67 |1323 |4530 |3590 | 364k|  1 | 218k|  32 | 0.000000e+00 |      --      |    Inf |  73.16%
 4354s|214600 |  1700 | 29891k| 139.3 |   420M |  67 |1323 |4642 |3595 | 365k|  0 | 218k|  32 | 0.000000e+00 |      --      |    Inf |  73.16%
 4356s|214700 |  1695 | 29913k| 139.3 |   421M |  67 |1323 |4808 |3625 | 365k|  2 | 219k|  32 | 0.000000e+00 |      --      |    Inf |  73.16%
 time | node  | left  |LP iter|LP it/n|mem/heur|mdpt |vars |cons |rows |cuts |sepa|confs|strbr|  dualbound   | primalbound  |  gap   | compl. 
 4358s|214800 |  1697 | 29932k| 139.3 |   422M |  67 |1323 |4886 |3639 | 365k|  1 | 219k|  32 | 0.000000e+00 |      --      |    Inf |  73.16%
 4360s|214900 |  1692 | 29952k| 139.4 |   423M |  67 |1323 |4813 |3592 | 365k|  1 | 219k|  32 | 0.000000e+00 |      --      |    Inf |  73.16%
 4363s|215000 |  1699 | 29975k| 139.4 |   425M |  67 |1323 |4663 |3535 | 365k|  2 | 219k|  32 | 0.000000e+00 |      --      |    Inf |  73.16%
 4364s|215100 |  1700 | 29987k| 139.4 |   425M |  67 |1323 |4718 |   0 | 365k|  0 | 219k|  32 | 0.000000e+00 |      --      |    Inf |  73.16%
 4365s|215200 |  1706 | 29999k| 139.4 |   425M |  67 |1323 |4747 |3590 | 365k|  0 | 219k|  32 | 0.000000e+00 |      --      |    Inf |  73.16%
 4367s|215300 |  1694 | 30016k| 139.4 |   425M |  67 |1323 |4729 |3509 | 365k|  0 | 219k|  32 | 0.000000e+00 |      --      |    Inf |  73.16%
 4369s|215400 |  1706 | 30034k| 139.4 |   425M |  67 |1323 |4653 |3519 | 365k|  2 | 219k|  32 | 0.000000e+00 |      --      |    Inf |  73.16%
 4371s|215500 |  1705 | 30057k| 139.5 |   425M |  67 |1323 |4702 |3529 | 366k|  2 | 220k|  32 | 0.000000e+00 |      --      |    Inf |  73.16%
 4373s|215600 |  1695 | 30080k| 139.5 |   425M |  67 |1323 |4791 |3509 | 366k|  2 | 220k|  32 | 0.000000e+00 |      --      |    Inf |  73.16%
 4375s|215700 |  1697 | 30098k| 139.5 |   425M |  67 |1323 |4795 |3558 | 366k|  0 | 220k|  32 | 0.000000e+00 |      --      |    Inf |  73.16%
 4377s|215800 |  1708 | 30117k| 139.5 |   425M |  67 |1323 |4869 |3475 | 366k|  2 | 220k|  32 | 0.000000e+00 |      --      |    Inf |  73.16%
 4379s|215900 |  1717 | 30138k| 139.6 |   425M |  67 |1323 |4949 |3482 | 366k|  1 | 220k|  32 | 0.000000e+00 |      --      |    Inf |  73.16%
 4381s|216000 |  1704 | 30157k| 139.6 |   425M |  67 |1323 |5007 |3490 | 366k|  0 | 220k|  32 | 0.000000e+00 |      --      |    Inf |  73.16%
 4383s|216100 |  1693 | 30174k| 139.6 |   425M |  67 |1323 |5024 |   0 | 366k|  0 | 220k|  32 | 0.000000e+00 |      --      |    Inf |  73.16%
 4384s|216200 |  1702 | 30193k| 139.6 |   425M |  67 |1323 |5025 |3594 | 366k|  1 | 220k|  32 | 0.000000e+00 |      --      |    Inf |  73.16%
 time | node  | left  |LP iter|LP it/n|mem/heur|mdpt |vars |cons |rows |cuts |sepa|confs|strbr|  dualbound   | primalbound  |  gap   | compl. 
 4386s|216300 |  1697 | 30209k| 139.7 |   425M |  67 |1323 |5063 |3557 | 366k|  1 | 220k|  32 | 0.000000e+00 |      --      |    Inf |  73.16%
 4388s|216400 |  1704 | 30225k| 139.7 |   425M |  67 |1323 |5028 |3502 | 366k|  2 | 221k|  32 | 0.000000e+00 |      --      |    Inf |  73.16%
 4389s|216500 |  1702 | 30241k| 139.7 |   425M |  67 |1323 |4943 |3499 | 367k|  2 | 221k|  32 | 0.000000e+00 |      --      |    Inf |  73.17%
 4391s|216600 |  1701 | 30261k| 139.7 |   425M |  67 |1323 |4879 |3502 | 367k|  1 | 221k|  32 | 0.000000e+00 |      --      |    Inf |  73.17%
 4393s|216700 |  1697 | 30277k| 139.7 |   425M |  67 |1323 |4840 |3508 | 367k|  0 | 221k|  32 | 0.000000e+00 |      --      |    Inf |  73.17%
 4395s|216800 |  1704 | 30301k| 139.8 |   425M |  67 |1323 |4905 |   0 | 367k|  0 | 221k|  32 | 0.000000e+00 |      --      |    Inf |  73.17%
 4396s|216900 |  1708 | 30316k| 139.8 |   425M |  67 |1323 |4988 |3578 | 367k|  0 | 221k|  32 | 0.000000e+00 |      --      |    Inf |  73.17%
 4398s|217000 |  1718 | 30325k| 139.7 |   426M |  67 |1323 |5028 |3585 | 367k|  2 | 221k|  32 | 0.000000e+00 |      --      |    Inf |  73.17%
 4399s|217100 |  1715 | 30334k| 139.7 |   426M |  67 |1323 |5067 |3576 | 367k|  1 | 221k|  32 | 0.000000e+00 |      --      |    Inf |  73.17%
 4401s|217200 |  1707 | 30349k| 139.7 |   426M |  67 |1323 |5109 |3551 | 367k|  2 | 221k|  32 | 0.000000e+00 |      --      |    Inf |  73.17%
 4402s|217300 |  1712 | 30363k| 139.7 |   426M |  67 |1323 |5158 |3576 | 367k|  0 | 221k|  32 | 0.000000e+00 |      --      |    Inf |  73.17%
 4404s|217400 |  1722 | 30370k| 139.7 |   428M |  67 |1323 |5180 |3622 | 368k|  0 | 221k|  32 | 0.000000e+00 |      --      |    Inf |  73.17%
 4405s|217500 |  1713 | 30376k| 139.6 |   428M |  67 |1323 |5213 |3619 | 368k|  2 | 221k|  32 | 0.000000e+00 |      --      |    Inf |  73.17%
 4406s|217600 |  1716 | 30385k| 139.6 |   429M |  67 |1323 |5235 |3631 | 368k|  1 | 221k|  32 | 0.000000e+00 |      --      |    Inf |  73.17%
 4407s|217700 |  1712 | 30394k| 139.6 |   430M |  67 |1323 |5243 |3645 | 368k|  0 | 221k|  32 | 0.000000e+00 |      --      |    Inf |  73.17%
 time | node  | left  |LP iter|LP it/n|mem/heur|mdpt |vars |cons |rows |cuts |sepa|confs|strbr|  dualbound   | primalbound  |  gap   | compl. 
 4408s|217800 |  1712 | 30403k| 139.6 |   430M |  67 |1323 |5225 |3564 | 368k|  1 | 221k|  32 | 0.000000e+00 |      --      |    Inf |  73.17%
 4410s|217900 |  1705 | 30418k| 139.6 |   430M |  67 |1323 |5201 |3511 | 368k|  0 | 222k|  32 | 0.000000e+00 |      --      |    Inf |  73.17%
 4411s|218000 |  1707 | 30430k| 139.6 |   430M |  67 |1323 |5255 |3547 | 368k|  0 | 222k|  32 | 0.000000e+00 |      --      |    Inf |  73.17%
 4412s|218100 |  1710 | 30439k| 139.6 |   430M |  67 |1323 |5279 |3555 | 368k|  0 | 222k|  32 | 0.000000e+00 |      --      |    Inf |  73.17%
 4413s|218200 |  1720 | 30445k| 139.5 |   431M |  67 |1323 |5285 |3585 | 368k|  0 | 222k|  32 | 0.000000e+00 |      --      |    Inf |  73.17%
 4414s|218300 |  1708 | 30453k| 139.5 |   432M |  67 |1323 |5304 |3535 | 368k|  2 | 222k|  32 | 0.000000e+00 |      --      |    Inf |  73.17%
 4415s|218400 |  1711 | 30461k| 139.5 |   432M |  67 |1323 |5334 |3549 | 368k|  0 | 222k|  32 | 0.000000e+00 |      --      |    Inf |  73.17%
 4416s|218500 |  1712 | 30467k| 139.4 |   432M |  67 |1323 |5356 |3551 | 369k|  0 | 222k|  32 | 0.000000e+00 |      --      |    Inf |  73.17%
 4417s|218600 |  1710 | 30475k| 139.4 |   433M |  67 |1323 |5388 |3572 | 369k|  0 | 222k|  32 | 0.000000e+00 |      --      |    Inf |  73.17%
 4419s|218700 |  1716 | 30483k| 139.4 |   433M |  67 |1323 |5413 |3590 | 369k|  1 | 222k|  32 | 0.000000e+00 |      --      |    Inf |  73.17%
 4420s|218800 |  1710 | 30492k| 139.3 |   434M |  67 |1323 |5452 |3565 | 369k|  0 | 222k|  32 | 0.000000e+00 |      --      |    Inf |  73.17%
 4421s|218900 |  1708 | 30500k| 139.3 |   434M |  67 |1323 |5486 |3535 | 369k|  0 | 222k|  32 | 0.000000e+00 |      --      |    Inf |  73.17%
 4422s|219000 |  1708 | 30507k| 139.3 |   434M |  67 |1323 |5404 |3548 | 369k|  1 | 222k|  32 | 0.000000e+00 |      --      |    Inf |  73.17%
 4423s|219100 |  1704 | 30514k| 139.3 |   434M |  67 |1323 |5367 |3520 | 369k|  1 | 222k|  32 | 0.000000e+00 |      --      |    Inf |  73.17%
 4424s|219200 |  1710 | 30528k| 139.3 |   434M |  67 |1323 |5327 |3604 | 369k|  0 | 222k|  32 | 0.000000e+00 |      --      |    Inf |  73.17%
 time | node  | left  |LP iter|LP it/n|mem/heur|mdpt |vars |cons |rows |cuts |sepa|confs|strbr|  dualbound   | primalbound  |  gap   | compl. 
 4426s|219300 |  1710 | 30546k| 139.3 |   434M |  67 |1323 |5493 |3561 | 369k|  0 | 222k|  32 | 0.000000e+00 |      --      |    Inf |  73.17%
 4428s|219400 |  1706 | 30564k| 139.3 |   434M |  67 |1323 |5649 |3559 | 370k|  0 | 223k|  32 | 0.000000e+00 |      --      |    Inf |  73.17%
 4430s|219500 |  1691 | 30580k| 139.3 |   434M |  67 |1323 |5047 |3603 | 370k|  0 | 223k|  32 | 0.000000e+00 |      --      |    Inf |  73.19%
 4432s|219600 |  1707 | 30593k| 139.3 |   434M |  67 |1323 |5050 |3567 | 370k|  0 | 223k|  32 | 0.000000e+00 |      --      |    Inf |  73.19%
 4434s|219700 |  1703 | 30603k| 139.3 |   435M |  67 |1323 |5030 |3556 | 370k|  2 | 223k|  32 | 0.000000e+00 |      --      |    Inf |  73.19%
 4435s|219800 |  1703 | 30613k| 139.3 |   435M |  67 |1323 |5026 |3547 | 370k|  2 | 223k|  32 | 0.000000e+00 |      --      |    Inf |  73.19%
 4437s|219900 |  1693 | 30626k| 139.3 |   435M |  67 |1323 |5057 |3526 | 370k|  2 | 223k|  32 | 0.000000e+00 |      --      |    Inf |  73.19%
 4440s|220000 |  1700 | 30649k| 139.3 |   436M |  67 |1323 |4894 |3686 | 371k|  2 | 223k|  32 | 0.000000e+00 |      --      |    Inf |  73.21%
 4442s|220100 |  1703 | 30670k| 139.3 |   440M |  67 |1323 |4936 |3719 | 371k|  0 | 223k|  32 | 0.000000e+00 |      --      |    Inf |  73.21%
 4444s|220200 |  1702 | 30684k| 139.3 |   440M |  67 |1323 |4706 |2678 | 371k|  0 | 223k|  32 | 0.000000e+00 |      --      |    Inf |  73.21%
 4447s|220300 |  1698 | 30710k| 139.4 |   440M |  67 |1323 |4186 |3616 | 371k|  1 | 223k|  32 | 0.000000e+00 |      --      |    Inf |  73.36%
 4451s|220400 |  1699 | 30737k| 139.4 |   440M |  67 |1323 |3955 |3370 | 371k|  1 | 223k|  32 | 0.000000e+00 |      --      |    Inf |  73.46%
 4457s|220500 |  1695 | 30764k| 139.5 |   440M |  67 |1323 |3852 |2974 | 371k|  0 | 224k|  32 | 0.000000e+00 |      --      |    Inf |  73.46%
 4461s|220600 |  1693 | 30786k| 139.5 |   440M |  67 |1323 |3786 |2921 | 371k|  0 | 224k|  32 | 0.000000e+00 |      --      |    Inf |  73.48%
 4466s|220700 |  1692 | 30812k| 139.6 |   440M |  67 |1323 |3793 |3091 | 371k|  0 | 224k|  32 | 0.000000e+00 |      --      |    Inf |  73.53%
 time | node  | left  |LP iter|LP it/n|mem/heur|mdpt |vars |cons |rows |cuts |sepa|confs|strbr|  dualbound   | primalbound  |  gap   | compl. 
 4470s|220800 |  1691 | 30829k| 139.6 |   440M |  67 |1323 |3793 |3470 | 372k|  0 | 224k|  32 | 0.000000e+00 |      --      |    Inf |  73.54%
 4472s|220900 |  1685 | 30840k| 139.6 |   440M |  67 |1323 |3862 |3479 | 372k|  2 | 224k|  32 | 0.000000e+00 |      --      |    Inf |  73.54%
 4476s|221000 |  1688 | 30857k| 139.6 |   441M |  67 |1323 |3807 |3519 | 372k|  0 | 224k|  32 | 0.000000e+00 |      --      |    Inf |  73.55%
 4478s|221100 |  1692 | 30867k| 139.6 |   441M |  67 |1323 |3891 |3548 | 372k|  2 | 224k|  32 | 0.000000e+00 |      --      |    Inf |  73.55%
 4480s|221200 |  1690 | 30876k| 139.6 |   441M |  67 |1323 |3962 |3550 | 372k|  0 | 224k|  32 | 0.000000e+00 |      --      |    Inf |  73.55%
 4482s|221300 |  1689 | 30886k| 139.6 |   441M |  67 |1323 |4047 |3550 | 372k|  2 | 224k|  32 | 0.000000e+00 |      --      |    Inf |  73.55%
 4484s|221400 |  1683 | 30897k| 139.5 |   441M |  67 |1323 |4055 |3352 | 372k|  1 | 224k|  32 | 0.000000e+00 |      --      |    Inf |  73.55%
 4488s|221500 |  1702 | 30914k| 139.6 |   441M |  67 |1323 |3868 |3856 | 372k|  0 | 225k|  32 | 0.000000e+00 |      --      |    Inf |  73.55%
 4493s|221600 |  1698 | 30935k| 139.6 |   441M |  67 |1323 |3790 |3642 | 372k|  1 | 225k|  32 | 0.000000e+00 |      --      |    Inf |  73.56%
 4498s|221700 |  1700 | 30960k| 139.6 |   441M |  67 |1323 |3741 |3691 | 372k|  0 | 225k|  32 | 0.000000e+00 |      --      |    Inf |  73.56%
 4501s|221800 |  1692 | 30977k| 139.7 |   441M |  67 |1323 |3726 |2798 | 373k|  2 | 225k|  32 | 0.000000e+00 |      --      |    Inf |  73.56%
 4505s|221900 |  1690 | 30996k| 139.7 |   441M |  67 |1323 |3747 |2990 | 373k|  1 | 225k|  32 | 0.000000e+00 |      --      |    Inf |  73.56%
 4509s|222000 |  1696 | 31013k| 139.7 |   441M |  67 |1323 |3781 |3571 | 373k|  0 | 225k|  32 | 0.000000e+00 |      --      |    Inf |  73.56%
 4512s|222100 |  1680 | 31030k| 139.7 |   441M |  67 |1323 |3726 |3034 | 373k|  0 | 225k|  32 | 0.000000e+00 |      --      |    Inf |  73.56%
 4517s|222200 |  1674 | 31056k| 139.8 |   441M |  67 |1323 |3683 |2960 | 373k|  0 | 225k|  32 | 0.000000e+00 |      --      |    Inf |  73.57%
 time | node  | left  |LP iter|LP it/n|mem/heur|mdpt |vars |cons |rows |cuts |sepa|confs|strbr|  dualbound   | primalbound  |  gap   | compl. 
 4521s|222300 |  1668 | 31074k| 139.8 |   441M |  67 |1323 |3657 |2752 | 373k|  2 | 225k|  32 | 0.000000e+00 |      --      |    Inf |  73.57%
 4525s|222400 |  1654 | 31095k| 139.8 |   441M |  67 |1323 |3587 |2695 | 373k|  2 | 225k|  32 | 0.000000e+00 |      --      |    Inf |  73.58%
 4528s|222500 |  1652 | 31107k| 139.8 |   441M |  67 |1323 |3573 |3218 | 373k|  1 | 226k|  32 | 0.000000e+00 |      --      |    Inf |  73.58%
 4533s|222600 |  1640 | 31130k| 139.8 |   441M |  67 |1323 |3404 |3409 | 374k|  2 | 226k|  32 | 0.000000e+00 |      --      |    Inf |  73.64%
 4537s|222700 |  1654 | 31147k| 139.8 |   441M |  67 |1323 |3408 |3678 | 374k|  0 | 226k|  32 | 0.000000e+00 |      --      |    Inf |  73.64%
 4542s|222800 |  1629 | 31171k| 139.9 |   441M |  67 |1323 |3429 |2674 | 374k|  0 | 226k|  32 | 0.000000e+00 |      --      |    Inf |  73.65%
 4545s|222900 |  1626 | 31186k| 139.9 |   441M |  67 |1323 |3511 |3185 | 374k|  0 | 226k|  32 | 0.000000e+00 |      --      |    Inf |  73.65%
 4548s|223000 |  1629 | 31204k| 139.9 |   441M |  67 |1323 |3478 |2738 | 374k|  0 | 226k|  32 | 0.000000e+00 |      --      |    Inf |  73.66%
 4552s|223100 |  1626 | 31224k| 139.9 |   441M |  67 |1323 |3441 |3407 | 374k|  0 | 226k|  32 | 0.000000e+00 |      --      |    Inf |  73.66%
 4557s|223200 |  1625 | 31244k| 140.0 |   441M |  67 |1323 |3468 |2737 | 374k|  0 | 226k|  32 | 0.000000e+00 |      --      |    Inf |  73.67%
 4562s|223300 |  1614 | 31267k| 140.0 |   441M |  67 |1323 |3371 |2720 | 374k|  2 | 226k|  32 | 0.000000e+00 |      --      |    Inf |  79.92%
 4568s|223400 |  1613 | 31290k| 140.1 |   441M |  67 |1323 |3273 |3449 | 374k|  2 | 226k|  32 | 0.000000e+00 |      --      |    Inf |  81.62%
 4570s|223500 |  1618 | 31301k| 140.0 |   441M |  67 |1323 |3340 |3493 | 375k|  0 | 227k|  32 | 0.000000e+00 |      --      |    Inf |  81.62%
 4572s|223600 |  1624 | 31312k| 140.0 |   441M |  67 |1323 |3408 |3467 | 375k|  0 | 227k|  32 | 0.000000e+00 |      --      |    Inf |  81.62%
 4575s|223700 |  1629 | 31322k| 140.0 |   441M |  67 |1323 |3525 |3466 | 375k|  1 | 227k|  32 | 0.000000e+00 |      --      |    Inf |  81.62%
 time | node  | left  |LP iter|LP it/n|mem/heur|mdpt |vars |cons |rows |cuts |sepa|confs|strbr|  dualbound   | primalbound  |  gap   | compl. 
 4578s|223800 |  1611 | 31336k| 140.0 |   441M |  67 |1323 |3551 |2864 | 375k|  1 | 227k|  32 | 0.000000e+00 |      --      |    Inf |  81.62%
 4581s|223900 |  1606 | 31347k| 140.0 |   441M |  67 |1323 |3635 |3543 | 375k|  0 | 227k|  32 | 0.000000e+00 |      --      |    Inf |  81.63%
 4583s|224000 |  1622 | 31357k| 140.0 |   441M |  67 |1323 |3619 |3470 | 375k|  2 | 227k|  32 | 0.000000e+00 |      --      |    Inf |  81.63%
 4584s|224100 |  1616 | 31361k| 139.9 |   441M |  67 |1323 |3650 |3465 | 375k|  0 | 227k|  32 | 0.000000e+00 |      --      |    Inf |  81.63%
 4586s|224200 |  1624 | 31369k| 139.9 |   441M |  67 |1323 |3657 |3459 | 375k|  0 | 227k|  32 | 0.000000e+00 |      --      |    Inf |  81.63%
 4587s|224300 |  1616 | 31375k| 139.9 |   441M |  67 |1323 |3653 |3451 | 375k|  0 | 227k|  32 | 0.000000e+00 |      --      |    Inf |  81.63%
 4590s|224400 |  1625 | 31386k| 139.9 |   441M |  67 |1323 |3692 |3502 | 375k|  0 | 227k|  32 | 0.000000e+00 |      --      |    Inf |  81.63%
 4592s|224500 |  1618 | 31399k| 139.9 |   442M |  67 |1323 |3731 |3553 | 375k|  0 | 227k|  32 | 0.000000e+00 |      --      |    Inf |  81.63%
 4595s|224600 |  1621 | 31412k| 139.8 |   442M |  67 |1323 |3707 |3462 | 375k|  0 | 227k|  32 | 0.000000e+00 |      --      |    Inf |  81.63%
 4599s|224700 |  1614 | 31431k| 139.9 |   442M |  67 |1323 |3730 |2825 | 376k|  2 | 228k|  32 | 0.000000e+00 |      --      |    Inf |  81.63%
 4603s|224800 |  1608 | 31452k| 139.9 |   442M |  67 |1323 |3758 |2885 | 376k|  0 | 228k|  32 | 0.000000e+00 |      --      |    Inf |  81.63%
 4607s|224900 |  1606 | 31470k| 139.9 |   442M |  67 |1323 |3789 |3518 | 376k|  1 | 228k|  32 | 0.000000e+00 |      --      |    Inf |  81.63%
 4611s|225000 |  1602 | 31488k| 139.9 |   442M |  67 |1323 |3823 |3329 | 376k|  2 | 228k|  32 | 0.000000e+00 |      --      |    Inf |  81.63%
 4615s|225100 |  1610 | 31507k| 140.0 |   442M |  67 |1323 |3783 |3636 | 376k|  0 | 228k|  32 | 0.000000e+00 |      --      |    Inf |  81.64%
 4618s|225200 |  1611 | 31516k| 139.9 |   442M |  67 |1323 |3801 |3635 | 376k|  1 | 228k|  32 | 0.000000e+00 |      --      |    Inf |  81.64%
 time | node  | left  |LP iter|LP it/n|mem/heur|mdpt |vars |cons |rows |cuts |sepa|confs|strbr|  dualbound   | primalbound  |  gap   | compl. 
 4620s|225300 |  1615 | 31523k| 139.9 |   442M |  67 |1323 |3804 |3630 | 376k|  1 | 228k|  32 | 0.000000e+00 |      --      |    Inf |  81.64%
 4624s|225400 |  1603 | 31536k| 139.9 |   443M |  67 |1323 |3813 |3619 | 376k|  2 | 228k|  32 | 0.000000e+00 |      --      |    Inf |  81.64%
 4627s|225500 |  1605 | 31552k| 139.9 |   443M |  67 |1323 |3856 |3612 | 376k|  0 | 228k|  32 | 0.000000e+00 |      --      |    Inf |  81.64%
 4632s|225600 |  1597 | 31571k| 139.9 |   443M |  67 |1323 |3950 |3611 | 377k|  0 | 228k|  32 | 0.000000e+00 |      --      |    Inf |  81.64%
 4636s|225700 |  1592 | 31591k| 140.0 |   443M |  67 |1323 |3864 |2697 | 377k|  0 | 228k|  32 | 0.000000e+00 |      --      |    Inf |  81.64%
 4643s|225800 |  1585 | 31621k| 140.0 |   443M |  67 |1323 |3806 |3381 | 377k|  2 | 228k|  32 | 0.000000e+00 |      --      |    Inf |  81.64%
 4647s|225900 |  1609 | 31637k| 140.0 |   443M |  67 |1323 |3743 |3490 | 377k|  2 | 228k|  32 | 0.000000e+00 |      --      |    Inf |  81.64%
 4649s|226000 |  1598 | 31646k| 140.0 |   443M |  67 |1323 |3761 |   0 | 377k|  0 | 228k|  32 | 0.000000e+00 |      --      |    Inf |  81.64%
 4653s|226100 |  1581 | 31664k| 140.0 |   443M |  67 |1323 |3676 |2696 | 377k|  2 | 229k|  32 | 0.000000e+00 |      --      |    Inf |  81.66%
 4657s|226200 |  1577 | 31682k| 140.1 |   443M |  67 |1323 |3521 |2719 | 377k|  1 | 229k|  32 | 0.000000e+00 |      --      |    Inf |  81.68%
 4661s|226300 |  1566 | 31700k| 140.1 |   443M |  67 |1323 |3539 |2677 | 377k|  1 | 229k|  32 | 0.000000e+00 |      --      |    Inf |  81.69%
 4664s|226400 |  1569 | 31713k| 140.1 |   443M |  67 |1323 |3611 |2673 | 378k|  0 | 229k|  32 | 0.000000e+00 |      --      |    Inf |  81.69%
 4666s|226500 |  1559 | 31726k| 140.1 |   443M |  67 |1323 |3657 |3105 | 378k|  0 | 229k|  32 | 0.000000e+00 |      --      |    Inf |  81.70%
 4671s|226600 |  1557 | 31747k| 140.1 |   443M |  67 |1323 |3523 |3538 | 378k|  0 | 229k|  32 | 0.000000e+00 |      --      |    Inf |  81.72%
 4675s|226700 |  1544 | 31766k| 140.1 |   443M |  67 |1323 |3415 |2895 | 378k|  2 | 229k|  32 | 0.000000e+00 |      --      |    Inf |  81.74%
 time | node  | left  |LP iter|LP it/n|mem/heur|mdpt |vars |cons |rows |cuts |sepa|confs|strbr|  dualbound   | primalbound  |  gap   | compl. 
 4677s|226800 |  1543 | 31780k| 140.1 |   443M |  67 |1323 |3497 |2680 | 378k|  1 | 229k|  32 | 0.000000e+00 |      --      |    Inf |  81.75%
 4681s|226900 |  1541 | 31800k| 140.1 |   443M |  67 |1323 |3561 |3252 | 378k|  2 | 229k|  32 | 0.000000e+00 |      --      |    Inf |  81.75%
 4685s|227000 |  1545 | 31815k| 140.1 |   443M |  67 |1323 |3551 |   0 | 378k|  0 | 229k|  32 | 0.000000e+00 |      --      |    Inf |  81.97%
 4690s|227100 |  1541 | 31835k| 140.2 |   443M |  67 |1323 |3552 |2702 | 378k|  2 | 230k|  32 | 0.000000e+00 |      --      |    Inf |  81.98%
 4693s|227200 |  1541 | 31853k| 140.2 |   443M |  67 |1323 |3527 |3056 | 379k|  2 | 230k|  32 | 0.000000e+00 |      --      |    Inf |  81.98%
 4695s|227300 |  1548 | 31862k| 140.2 |   443M |  67 |1323 |3592 |3070 | 379k|  2 | 230k|  32 | 0.000000e+00 |      --      |    Inf |  81.98%
 4697s|227400 |  1550 | 31873k| 140.2 |   443M |  67 |1323 |3700 |3079 | 379k|  2 | 230k|  32 | 0.000000e+00 |      --      |    Inf |  81.98%
 4700s|227500 |  1541 | 31884k| 140.1 |   443M |  67 |1323 |3828 |3079 | 379k|  0 | 230k|  32 | 0.000000e+00 |      --      |    Inf |  81.98%
 4704s|227600 |  1539 | 31902k| 140.2 |   443M |  67 |1323 |3926 |2796 | 379k|  0 | 230k|  32 | 0.000000e+00 |      --      |    Inf |  81.98%
 4708s|227700 |  1563 | 31925k| 140.2 |   443M |  67 |1323 |3922 |2733 | 379k|  2 | 230k|  32 | 0.000000e+00 |      --      |    Inf |  81.99%
 4712s|227800 |  1552 | 31940k| 140.2 |   443M |  67 |1323 |4004 |2696 | 379k|  2 | 230k|  32 | 0.000000e+00 |      --      |    Inf |  81.99%
 4714s|227900 |  1557 | 31950k| 140.2 |   443M |  67 |1323 |4086 |3247 | 380k|  0 | 230k|  32 | 0.000000e+00 |      --      |    Inf |  81.99%
 4717s|228000 |  1545 | 31962k| 140.2 |   443M |  67 |1323 |4176 |   0 | 380k|  0 | 230k|  32 | 0.000000e+00 |      --      |    Inf |  81.99%
 4721s|228100 |  1562 | 31983k| 140.2 |   443M |  67 |1323 |4193 |3216 | 380k|  0 | 231k|  32 | 0.000000e+00 |      --      |    Inf |  81.99%
 4723s|228200 |  1567 | 32003k| 140.2 |   443M |  67 |1323 |4295 |2710 | 380k|  1 | 231k|  32 | 0.000000e+00 |      --      |    Inf |  81.99%
 time | node  | left  |LP iter|LP it/n|mem/heur|mdpt |vars |cons |rows |cuts |sepa|confs|strbr|  dualbound   | primalbound  |  gap   | compl. 
 4725s|228300 |  1574 | 32022k| 140.3 |   443M |  67 |1323 |4410 |2747 | 380k|  0 | 231k|  32 | 0.000000e+00 |      --      |    Inf |  81.99%
 4728s|228400 |  1568 | 32045k| 140.3 |   443M |  67 |1323 |4492 |3181 | 381k|  1 | 231k|  32 | 0.000000e+00 |      --      |    Inf |  82.00%
 4730s|228500 |  1565 | 32070k| 140.3 |   443M |  67 |1323 |4418 |3878 | 381k|  0 | 231k|  32 | 0.000000e+00 |      --      |    Inf |  82.00%
 4732s|228600 |  1567 | 32094k| 140.4 |   443M |  67 |1323 |4294 |2675 | 381k|  2 | 231k|  32 | 0.000000e+00 |      --      |    Inf |  82.00%
 4734s|228700 |  1561 | 32114k| 140.4 |   443M |  67 |1323 |4272 |2703 | 381k|  0 | 231k|  32 | 0.000000e+00 |      --      |    Inf |  82.00%
 4735s|228800 |  1564 | 32128k| 140.4 |   443M |  67 |1323 |4177 |2695 | 381k|  0 | 231k|  32 | 0.000000e+00 |      --      |    Inf |  82.01%
 4737s|228900 |  1545 | 32152k| 140.4 |   443M |  67 |1323 |4130 |2844 | 381k|  2 | 232k|  32 | 0.000000e+00 |      --      |    Inf |  82.02%
 4739s|229000 |  1547 | 32173k| 140.5 |   443M |  67 |1323 |3957 |2957 | 381k|  2 | 232k|  32 | 0.000000e+00 |      --      |    Inf |  82.05%
 4741s|229100 |  1537 | 32192k| 140.5 |   443M |  67 |1323 |3974 |2940 | 381k|  2 | 232k|  32 | 0.000000e+00 |      --      |    Inf |  82.06%
 4743s|229200 |  1539 | 32211k| 140.5 |   443M |  67 |1323 |3996 |2706 | 381k|  0 | 232k|  32 | 0.000000e+00 |      --      |    Inf |  82.07%
 4744s|229300 |  1551 | 32225k| 140.5 |   443M |  67 |1323 |3972 |3465 | 382k|  0 | 232k|  32 | 0.000000e+00 |      --      |    Inf |  82.07%
 4746s|229400 |  1552 | 32243k| 140.5 |   443M |  67 |1323 |4028 |3497 | 382k|  1 | 232k|  32 | 0.000000e+00 |      --      |    Inf |  82.07%
 4748s|229500 |  1541 | 32263k| 140.6 |   443M |  67 |1323 |4172 |3489 | 382k|  0 | 232k|  32 | 0.000000e+00 |      --      |    Inf |  82.07%
 4750s|229600 |  1539 | 32283k| 140.6 |   443M |  67 |1323 |4141 |3503 | 382k|  2 | 232k|  32 | 0.000000e+00 |      --      |    Inf |  82.07%
 4752s|229700 |  1547 | 32300k| 140.6 |   444M |  67 |1323 |4211 |3470 | 382k|  2 | 232k|  32 | 0.000000e+00 |      --      |    Inf |  82.07%
 time | node  | left  |LP iter|LP it/n|mem/heur|mdpt |vars |cons |rows |cuts |sepa|confs|strbr|  dualbound   | primalbound  |  gap   | compl. 
 4753s|229800 |  1560 | 32313k| 140.6 |   444M |  67 |1323 |4306 |3486 | 382k|  0 | 232k|  32 | 0.000000e+00 |      --      |    Inf |  82.07%
 4755s|229900 |  1550 | 32330k| 140.6 |   444M |  67 |1323 |4391 |3480 | 382k|  0 | 233k|  32 | 0.000000e+00 |      --      |    Inf |  82.07%
 4760s|230000 |  1557 | 32344k| 140.6 |   444M |  67 |1323 |4431 |3492 | 382k|  2 | 233k|  32 | 0.000000e+00 |      --      |    Inf |  82.07%
 4762s|230100 |  1555 | 32350k| 140.6 |   444M |  67 |1323 |4438 |3497 | 382k|  2 | 233k|  32 | 0.000000e+00 |      --      |    Inf |  82.07%
 4764s|230200 |  1559 | 32354k| 140.5 |   444M |  67 |1323 |4440 |3505 | 382k|  0 | 233k|  32 | 0.000000e+00 |      --      |    Inf |  82.07%
 4766s|230300 |  1555 | 32364k| 140.5 |   445M |  67 |1323 |4443 |3507 | 383k|  2 | 233k|  32 | 0.000000e+00 |      --      |    Inf |  82.07%
 4769s|230400 |  1557 | 32370k| 140.5 |   445M |  67 |1323 |4451 |3521 | 383k|  2 | 233k|  32 | 0.000000e+00 |      --      |    Inf |  82.07%
 4772s|230500 |  1555 | 32379k| 140.5 |   445M |  67 |1323 |4457 |3518 | 383k|  0 | 233k|  32 | 0.000000e+00 |      --      |    Inf |  82.07%
 4775s|230600 |  1561 | 32385k| 140.4 |   445M |  67 |1323 |4468 |3540 | 383k|  2 | 233k|  32 | 0.000000e+00 |      --      |    Inf |  82.07%
 4777s|230700 |  1553 | 32391k| 140.4 |   445M |  67 |1323 |4468 |3531 | 383k|  1 | 233k|  32 | 0.000000e+00 |      --      |    Inf |  82.07%
 4780s|230800 |  1557 | 32399k| 140.4 |   445M |  67 |1323 |4468 |3522 | 383k|  0 | 233k|  32 | 0.000000e+00 |      --      |    Inf |  82.07%
 4784s|230900 |  1567 | 32411k| 140.4 |   445M |  67 |1323 |4509 |3494 | 383k|  0 | 233k|  32 | 0.000000e+00 |      --      |    Inf |  82.07%
 4787s|231000 |  1557 | 32426k| 140.4 |   445M |  67 |1323 |4707 |3510 | 383k|  0 | 233k|  32 | 0.000000e+00 |      --      |    Inf |  82.07%
 4790s|231100 |  1556 | 32436k| 140.3 |   445M |  67 |1323 |4700 |3490 | 383k|  1 | 233k|  32 | 0.000000e+00 |      --      |    Inf |  82.07%
 4792s|231200 |  1555 | 32444k| 140.3 |   445M |  67 |1323 |4705 |3478 | 383k|  2 | 233k|  32 | 0.000000e+00 |      --      |    Inf |  82.07%
 time | node  | left  |LP iter|LP it/n|mem/heur|mdpt |vars |cons |rows |cuts |sepa|confs|strbr|  dualbound   | primalbound  |  gap   | compl. 
 4796s|231300 |  1547 | 32456k| 140.3 |   445M |  67 |1323 |4765 |3468 | 384k|  2 | 233k|  32 | 0.000000e+00 |      --      |    Inf |  82.07%
 4801s|231400 |  1540 | 32478k| 140.3 |   446M |  67 |1323 |4746 |   0 | 384k|  0 | 233k|  32 | 0.000000e+00 |      --      |    Inf |  82.07%
 4804s|231500 |  1553 | 32495k| 140.4 |   446M |  67 |1323 |4714 |3487 | 384k|  0 | 234k|  32 | 0.000000e+00 |      --      |    Inf |  82.07%
 4809s|231600 |  1552 | 32516k| 140.4 |   446M |  67 |1323 |4676 |3496 | 384k|  1 | 234k|  32 | 0.000000e+00 |      --      |    Inf |  82.07%
 4813s|231700 |  1553 | 32534k| 140.4 |   446M |  67 |1323 |4778 |3520 | 384k|  0 | 234k|  32 | 0.000000e+00 |      --      |    Inf |  82.07%
 4818s|231800 |  1566 | 32554k| 140.4 |   446M |  67 |1323 |4819 |3564 | 384k|  2 | 234k|  32 | 0.000000e+00 |      --      |    Inf |  82.07%
 4825s|231900 |  1568 | 32578k| 140.5 |   446M |  67 |1323 |4874 |3572 | 385k|  2 | 234k|  32 | 0.000000e+00 |      --      |    Inf |  82.07%
 4829s|232000 |  1561 | 32593k| 140.5 |   446M |  67 |1323 |4921 |3564 | 385k|  2 | 234k|  32 | 0.000000e+00 |      --      |    Inf |  82.07%
 4833s|232100 |  1560 | 32607k| 140.5 |   446M |  67 |1323 |4920 |3590 | 385k|  2 | 234k|  32 | 0.000000e+00 |      --      |    Inf |  82.07%
 4839s|232200 |  1562 | 32624k| 140.5 |   446M |  67 |1323 |4928 |3584 | 385k|  2 | 234k|  32 | 0.000000e+00 |      --      |    Inf |  82.07%
 4845s|232300 |  1561 | 32638k| 140.5 |   446M |  67 |1323 |4955 |3577 | 385k|  0 | 234k|  32 | 0.000000e+00 |      --      |    Inf |  82.07%
 4850s|232400 |  1556 | 32658k| 140.5 |   446M |  67 |1323 |5069 |3542 | 385k|  0 | 234k|  32 | 0.000000e+00 |      --      |    Inf |  82.07%
 4855s|232500 |  1573 | 32678k| 140.5 |   446M |  67 |1323 |5083 |3604 | 386k|  2 | 235k|  32 | 0.000000e+00 |      --      |    Inf |  82.07%
 4862s|232600 |  1565 | 32704k| 140.6 |   446M |  67 |1323 |5068 |3604 | 386k|  2 | 235k|  32 | 0.000000e+00 |      --      |    Inf |  82.07%
 4866s|232700 |  1563 | 32716k| 140.6 |   446M |  67 |1323 |5087 |3572 | 386k|  1 | 235k|  32 | 0.000000e+00 |      --      |    Inf |  82.07%
 time | node  | left  |LP iter|LP it/n|mem/heur|mdpt |vars |cons |rows |cuts |sepa|confs|strbr|  dualbound   | primalbound  |  gap   | compl. 
 4871s|232800 |  1561 | 32734k| 140.6 |   446M |  67 |1323 |5133 |3541 | 386k|  0 | 235k|  32 | 0.000000e+00 |      --      |    Inf |  82.07%
 4875s|232900 |  1581 | 32751k| 140.6 |   446M |  67 |1323 |5163 |   0 | 386k|  0 | 235k|  32 | 0.000000e+00 |      --      |    Inf |  82.07%
 4882s|233000 |  1577 | 32770k| 140.6 |   446M |  67 |1323 |5168 |3544 | 386k|  1 | 235k|  32 | 0.000000e+00 |      --      |    Inf |  82.07%
 4887s|233100 |  1583 | 32788k| 140.7 |   446M |  67 |1323 |5228 |3579 | 386k|  2 | 235k|  32 | 0.000000e+00 |      --      |    Inf |  82.07%
 4892s|233200 |  1591 | 32806k| 140.7 |   447M |  67 |1323 |5279 |3614 | 387k|  0 | 235k|  32 | 0.000000e+00 |      --      |    Inf |  82.07%
 4897s|233300 |  1585 | 32827k| 140.7 |   447M |  67 |1323 |5400 |3633 | 387k|  0 | 236k|  32 | 0.000000e+00 |      --      |    Inf |  82.07%
 4903s|233400 |  1578 | 32848k| 140.7 |   448M |  67 |1323 |5373 |3553 | 387k|  1 | 236k|  32 | 0.000000e+00 |      --      |    Inf |  82.07%
 4907s|233500 |  1580 | 32869k| 140.8 |   448M |  67 |1323 |5411 |3640 | 387k|  1 | 236k|  32 | 0.000000e+00 |      --      |    Inf |  82.07%
 4909s|233600 |  1571 | 32889k| 140.8 |   448M |  67 |1323 |5369 |3665 | 387k|  0 | 236k|  32 | 0.000000e+00 |      --      |    Inf |  82.07%
 4911s|233700 |  1572 | 32912k| 140.8 |   448M |  67 |1323 |5430 |3667 | 387k|  2 | 236k|  32 | 0.000000e+00 |      --      |    Inf |  82.07%
 4913s|233800 |  1572 | 32933k| 140.8 |   448M |  67 |1323 |5470 |3683 | 387k|  2 | 236k|  32 | 0.000000e+00 |      --      |    Inf |  82.07%
 4915s|233900 |  1578 | 32954k| 140.9 |   448M |  67 |1323 |5554 |3708 | 387k|  0 | 236k|  32 | 0.000000e+00 |      --      |    Inf |  82.07%
 4918s|234000 |  1573 | 32974k| 140.9 |   448M |  67 |1323 |5523 |3548 | 387k|  2 | 236k|  32 | 0.000000e+00 |      --      |    Inf |  82.07%
 4921s|234100 |  1571 | 33001k| 141.0 |   448M |  67 |1323 |5468 |3546 | 387k|  1 | 237k|  32 | 0.000000e+00 |      --      |    Inf |  82.07%
 4924s|234200 |  1570 | 33020k| 141.0 |   448M |  67 |1323 |5470 |3590 | 388k|  2 | 237k|  32 | 0.000000e+00 |      --      |    Inf |  82.07%
 time | node  | left  |LP iter|LP it/n|mem/heur|mdpt |vars |cons |rows |cuts |sepa|confs|strbr|  dualbound   | primalbound  |  gap   | compl. 
 4926s|234300 |  1556 | 33039k| 141.0 |   448M |  67 |1323 |5246 |3495 | 388k|  2 | 237k|  32 | 0.000000e+00 |      --      |    Inf |  82.07%
 4928s|234400 |  1552 | 33066k| 141.1 |   448M |  67 |1323 |5172 |3527 | 388k|  2 | 237k|  32 | 0.000000e+00 |      --      |    Inf |  82.07%
 4931s|234500 |  1553 | 33094k| 141.1 |   448M |  67 |1323 |5249 |3542 | 388k|  0 | 237k|  32 | 0.000000e+00 |      --      |    Inf |  82.07%
 4933s|234600 |  1553 | 33119k| 141.2 |   448M |  67 |1323 |5248 |3555 | 388k|  1 | 237k|  32 | 0.000000e+00 |      --      |    Inf |  82.07%
 4936s|234700 |  1554 | 33143k| 141.2 |   448M |  67 |1323 |5189 |3528 | 388k|  2 | 237k|  32 | 0.000000e+00 |      --      |    Inf |  82.07%
 4938s|234800 |  1554 | 33163k| 141.2 |   448M |  67 |1323 |5186 |3569 | 388k|  0 | 237k|  32 | 0.000000e+00 |      --      |    Inf |  82.07%
 4939s|234900 |  1549 | 33182k| 141.2 |   448M |  67 |1323 |5215 |3577 | 388k|  0 | 238k|  32 | 0.000000e+00 |      --      |    Inf |  82.07%
 4942s|235000 |  1558 | 33205k| 141.3 |   448M |  67 |1323 |5214 |3528 | 389k|  1 | 238k|  32 | 0.000000e+00 |      --      |    Inf |  82.07%
 4944s|235100 |  1560 | 33230k| 141.3 |   448M |  67 |1323 |5252 |3570 | 389k|  1 | 238k|  32 | 0.000000e+00 |      --      |    Inf |  82.07%
 4945s|235200 |  1553 | 33247k| 141.3 |   448M |  67 |1323 |5271 |3522 | 389k|  0 | 238k|  32 | 0.000000e+00 |      --      |    Inf |  82.07%
 4947s|235300 |  1561 | 33261k| 141.3 |   448M |  67 |1323 |5345 |3591 | 389k|  0 | 238k|  32 | 0.000000e+00 |      --      |    Inf |  82.07%
 4948s|235400 |  1572 | 33275k| 141.3 |   448M |  67 |1323 |5452 |3577 | 389k|  1 | 238k|  32 | 0.000000e+00 |      --      |    Inf |  82.07%
 4950s|235500 |  1561 | 33296k| 141.4 |   448M |  67 |1323 |5371 |3513 | 389k|  2 | 238k|  32 | 0.000000e+00 |      --      |    Inf |  82.07%
 4952s|235600 |  1575 | 33314k| 141.4 |   448M |  67 |1323 |5239 |   0 | 389k|  0 | 238k|  32 | 0.000000e+00 |      --      |    Inf |  82.07%
 4954s|235700 |  1580 | 33332k| 141.4 |   448M |  67 |1323 |5242 |3588 | 389k|  2 | 239k|  32 | 0.000000e+00 |      --      |    Inf |  82.07%
 time | node  | left  |LP iter|LP it/n|mem/heur|mdpt |vars |cons |rows |cuts |sepa|confs|strbr|  dualbound   | primalbound  |  gap   | compl. 
 4956s|235800 |  1573 | 33351k| 141.4 |   448M |  67 |1323 |5204 |3574 | 389k|  0 | 239k|  32 | 0.000000e+00 |      --      |    Inf |  82.07%
 4958s|235900 |  1581 | 33376k| 141.5 |   448M |  67 |1323 |5229 |3517 | 390k|  1 | 239k|  32 | 0.000000e+00 |      --      |    Inf |  82.07%
 4960s|236000 |  1576 | 33392k| 141.5 |   448M |  67 |1323 |5317 |3553 | 390k|  3 | 239k|  32 | 0.000000e+00 |      --      |    Inf |  82.07%
 4962s|236100 |  1564 | 33411k| 141.5 |   448M |  67 |1323 |5245 |3517 | 390k|  0 | 239k|  32 | 0.000000e+00 |      --      |    Inf |  82.07%
 4964s|236200 |  1567 | 33431k| 141.5 |   448M |  67 |1323 |5221 |3585 | 390k|  0 | 239k|  32 | 0.000000e+00 |      --      |    Inf |  82.07%
 4966s|236300 |  1562 | 33449k| 141.5 |   448M |  67 |1323 |5229 |   0 | 390k|  0 | 239k|  32 | 0.000000e+00 |      --      |    Inf |  82.07%
 4967s|236400 |  1562 | 33467k| 141.6 |   448M |  67 |1323 |5148 |3507 | 390k|  0 | 239k|  32 | 0.000000e+00 |      --      |    Inf |  82.07%
 4969s|236500 |  1561 | 33488k| 141.6 |   448M |  67 |1323 |5244 |3534 | 390k|  0 | 240k|  32 | 0.000000e+00 |      --      |    Inf |  82.07%
 4972s|236600 |  1553 | 33512k| 141.6 |   448M |  67 |1323 |4970 |3720 | 391k|  2 | 240k|  32 | 0.000000e+00 |      --      |    Inf |  82.09%
 4974s|236700 |  1548 | 33536k| 141.7 |   448M |  67 |1323 |4791 |3254 | 391k|  1 | 240k|  32 | 0.000000e+00 |      --      |    Inf |  82.09%
 4976s|236800 |  1545 | 33553k| 141.7 |   448M |  67 |1323 |4694 |3528 | 391k|  2 | 240k|  32 | 0.000000e+00 |      --      |    Inf |  82.11%
 4978s|236900 |  1540 | 33579k| 141.7 |   448M |  67 |1323 |4117 |3658 | 391k|  0 | 240k|  32 | 0.000000e+00 |      --      |    Inf |  82.14%
 4980s|237000 |  1545 | 33604k| 141.8 |   448M |  67 |1323 |3879 |3469 | 391k|  0 | 240k|  32 | 0.000000e+00 |      --      |    Inf |  82.16%
 4982s|237100 |  1542 | 33618k| 141.8 |   449M |  67 |1323 |3919 |3501 | 391k|  1 | 240k|  32 | 0.000000e+00 |      --      |    Inf |  82.16%
 4983s|237200 |  1536 | 33633k| 141.8 |   449M |  67 |1323 |3979 |2850 | 391k|  0 | 240k|  32 | 0.000000e+00 |      --      |    Inf |  82.16%
 time | node  | left  |LP iter|LP it/n|mem/heur|mdpt |vars |cons |rows |cuts |sepa|confs|strbr|  dualbound   | primalbound  |  gap   | compl. 
 4985s|237300 |  1539 | 33654k| 141.8 |   449M |  67 |1323 |3888 |2758 | 391k|  2 | 240k|  32 | 0.000000e+00 |      --      |    Inf |  82.16%
 4987s|237400 |  1535 | 33673k| 141.8 |   449M |  67 |1323 |3945 |2753 | 392k|  2 | 241k|  32 | 0.000000e+00 |      --      |    Inf |  82.16%
 4988s|237500 |  1539 | 33685k| 141.8 |   449M |  67 |1323 |3964 |2660 | 392k|  2 | 241k|  32 | 0.000000e+00 |      --      |    Inf |  82.16%
 4990s|237600 |  1530 | 33702k| 141.8 |   449M |  67 |1323 |4024 |3401 | 392k|  0 | 241k|  32 | 0.000000e+00 |      --      |    Inf |  82.16%
 4991s|237700 |  1536 | 33721k| 141.9 |   449M |  67 |1323 |4082 |3563 | 392k|  2 | 241k|  32 | 0.000000e+00 |      --      |    Inf |  82.16%
 4993s|237800 |  1534 | 33733k| 141.8 |   449M |  67 |1323 |4140 |3530 | 392k|  2 | 241k|  32 | 0.000000e+00 |      --      |    Inf |  82.16%
 4993s|237900 |  1531 | 33740k| 141.8 |   449M |  67 |1323 |4181 |3538 | 392k|  1 | 241k|  32 | 0.000000e+00 |      --      |    Inf |  82.16%
 4995s|238000 |  1529 | 33758k| 141.8 |   449M |  67 |1323 |4197 |3467 | 392k|  0 | 241k|  32 | 0.000000e+00 |      --      |    Inf |  82.16%
 4997s|238100 |  1518 | 33777k| 141.8 |   449M |  67 |1323 |4091 |2692 | 392k|  2 | 241k|  32 | 0.000000e+00 |      --      |    Inf |  82.18%
 4999s|238200 |  1531 | 33800k| 141.9 |   449M |  67 |1323 |3970 |3484 | 392k|  0 | 241k|  32 | 0.000000e+00 |      --      |    Inf |  82.18%
 5001s|238300 |  1537 | 33822k| 141.9 |   449M |  67 |1323 |3975 |3477 | 393k|  0 | 241k|  32 | 0.000000e+00 |      --      |    Inf |  82.18%
 5003s|238400 |  1538 | 33841k| 141.9 |   449M |  67 |1323 |4038 |3475 | 393k|  2 | 242k|  32 | 0.000000e+00 |      --      |    Inf |  82.19%
 5005s|238500 |  1538 | 33862k| 142.0 |   449M |  67 |1323 |4080 |   0 | 393k|  0 | 242k|  32 | 0.000000e+00 |      --      |    Inf |  82.19%
 5006s|238600 |  1533 | 33878k| 142.0 |   449M |  67 |1323 |4133 |3476 | 393k|  0 | 242k|  32 | 0.000000e+00 |      --      |    Inf |  82.19%
 5008s|238700 |  1534 | 33897k| 142.0 |   449M |  67 |1323 |4019 |2932 | 393k|  0 | 242k|  32 | 0.000000e+00 |      --      |    Inf |  82.19%
 time | node  | left  |LP iter|LP it/n|mem/heur|mdpt |vars |cons |rows |cuts |sepa|confs|strbr|  dualbound   | primalbound  |  gap   | compl. 
 5010s|238800 |  1527 | 33914k| 142.0 |   449M |  67 |1323 |3908 |3099 | 393k|  0 | 242k|  32 | 0.000000e+00 |      --      |    Inf |  82.19%
 5012s|238900 |  1534 | 33938k| 142.0 |   449M |  67 |1323 |3690 |3531 | 393k|  2 | 242k|  32 | 0.000000e+00 |      --      |    Inf |  82.21%
 5014s|239000 |  1536 | 33957k| 142.1 |   449M |  67 |1323 |3643 |2713 | 393k|  0 | 242k|  32 | 0.000000e+00 |      --      |    Inf |  82.23%
 5015s|239100 |  1536 | 33970k| 142.1 |   449M |  67 |1323 |3533 |3234 | 393k|  1 | 242k|  32 | 0.000000e+00 |      --      |    Inf |  82.25%
 5017s|239200 |  1538 | 33994k| 142.1 |   449M |  67 |1323 |3604 |3484 | 394k|  0 | 242k|  32 | 0.000000e+00 |      --      |    Inf |  82.26%
 5019s|239300 |  1532 | 34013k| 142.1 |   449M |  67 |1323 |3594 |2813 | 394k|  0 | 242k|  32 | 0.000000e+00 |      --      |    Inf |  82.30%
 5021s|239400 |  1540 | 34036k| 142.2 |   449M |  67 |1323 |3627 |3449 | 394k|  2 | 242k|  32 | 0.000000e+00 |      --      |    Inf |  82.31%
 5023s|239500 |  1535 | 34053k| 142.2 |   449M |  67 |1323 |3690 |3442 | 394k|  1 | 242k|  32 | 0.000000e+00 |      --      |    Inf |  82.31%
 5025s|239600 |  1531 | 34072k| 142.2 |   449M |  67 |1323 |3621 |2684 | 394k|  0 | 243k|  32 | 0.000000e+00 |      --      |    Inf |  82.31%
 5027s|239700 |  1527 | 34093k| 142.2 |   449M |  67 |1323 |3617 |3026 | 394k|  2 | 243k|  32 | 0.000000e+00 |      --      |    Inf |  82.31%
 5031s|239800 |  1527 | 34119k| 142.3 |   449M |  67 |1323 |3546 |3515 | 394k|  2 | 243k|  32 | 0.000000e+00 |      --      |    Inf |  82.33%
 5035s|239900 |  1517 | 34140k| 142.3 |   449M |  67 |1323 |3618 |3480 | 394k|  0 | 243k|  32 | 0.000000e+00 |      --      |    Inf |  82.33%
 5036s|240000 |  1533 | 34156k| 142.3 |   449M |  67 |1323 |3665 |3603 | 394k|  1 | 243k|  32 | 0.000000e+00 |      --      |    Inf |  82.34%
 5039s|240100 |  1525 | 34180k| 142.3 |   449M |  67 |1323 |3804 |3586 | 395k|  2 | 243k|  32 | 0.000000e+00 |      --      |    Inf |  82.34%
 5040s|240200 |  1525 | 34198k| 142.4 |   449M |  67 |1323 |3766 |   0 | 395k|  0 | 243k|  32 | 0.000000e+00 |      --      |    Inf |  82.34%
 time | node  | left  |LP iter|LP it/n|mem/heur|mdpt |vars |cons |rows |cuts |sepa|confs|strbr|  dualbound   | primalbound  |  gap   | compl. 
 5042s|240300 |  1527 | 34218k| 142.4 |   449M |  67 |1323 |3794 |3166 | 395k|  1 | 243k|  32 | 0.000000e+00 |      --      |    Inf |  82.34%
 5043s|240400 |  1533 | 34232k| 142.4 |   449M |  67 |1323 |3792 |2677 | 395k|  1 | 243k|  32 | 0.000000e+00 |      --      |    Inf |  82.34%
 5045s|240500 |  1557 | 34248k| 142.4 |   449M |  67 |1323 |3871 |2731 | 395k|  2 | 243k|  32 | 0.000000e+00 |      --      |    Inf |  82.34%
 5047s|240600 |  1552 | 34261k| 142.4 |   449M |  67 |1323 |3976 |2749 | 395k|  0 | 244k|  32 | 0.000000e+00 |      --      |    Inf |  82.34%
 5048s|240700 |  1555 | 34270k| 142.4 |   449M |  67 |1323 |4061 |2731 | 395k|  1 | 244k|  32 | 0.000000e+00 |      --      |    Inf |  82.34%
 5049s|240800 |  1552 | 34284k| 142.4 |   449M |  67 |1323 |4129 |2729 | 396k|  1 | 244k|  32 | 0.000000e+00 |      --      |    Inf |  82.34%
 5051s|240900 |  1548 | 34298k| 142.4 |   449M |  67 |1323 |4234 |2845 | 396k|  2 | 244k|  32 | 0.000000e+00 |      --      |    Inf |  82.34%
 5052s|241000 |  1553 | 34310k| 142.4 |   449M |  67 |1323 |4330 |2734 | 396k|  2 | 244k|  32 | 0.000000e+00 |      --      |    Inf |  82.34%
 5053s|241100 |  1546 | 34321k| 142.3 |   449M |  67 |1323 |4426 |2894 | 396k|  2 | 244k|  32 | 0.000000e+00 |      --      |    Inf |  82.34%
 5055s|241200 |  1548 | 34337k| 142.3 |   449M |  67 |1323 |4519 |2828 | 396k|  0 | 244k|  32 | 0.000000e+00 |      --      |    Inf |  82.34%
 5058s|241300 |  1541 | 34359k| 142.4 |   449M |  67 |1323 |4339 |2694 | 396k|  2 | 244k|  32 | 0.000000e+00 |      --      |    Inf |  82.35%
 5060s|241400 |  1553 | 34380k| 142.4 |   449M |  67 |1323 |4116 |2717 | 396k|  0 | 244k|  32 | 0.000000e+00 |      --      |    Inf |  82.36%
 5062s|241500 |  1546 | 34397k| 142.4 |   449M |  67 |1323 |4046 |   0 | 397k|  0 | 245k|  32 | 0.000000e+00 |      --      |    Inf |  82.36%
 5064s|241600 |  1550 | 34415k| 142.4 |   449M |  67 |1323 |3981 |3259 | 397k|  1 | 245k|  32 | 0.000000e+00 |      --      |    Inf |  82.36%
 5065s|241700 |  1549 | 34427k| 142.4 |   449M |  67 |1323 |4081 |3307 | 397k|  1 | 245k|  32 | 0.000000e+00 |      --      |    Inf |  82.36%
 time | node  | left  |LP iter|LP it/n|mem/heur|mdpt |vars |cons |rows |cuts |sepa|confs|strbr|  dualbound   | primalbound  |  gap   | compl. 
 5067s|241800 |  1549 | 34446k| 142.4 |   449M |  67 |1323 |4118 |2711 | 397k|  0 | 245k|  32 | 0.000000e+00 |      --      |    Inf |  82.36%
 5069s|241900 |  1552 | 34471k| 142.5 |   449M |  67 |1323 |3938 |3834 | 397k|  1 | 245k|  32 | 0.000000e+00 |      --      |    Inf |  82.37%
 5072s|242000 |  1548 | 34494k| 142.5 |   450M |  67 |1323 |3810 |2713 | 397k|  1 | 245k|  32 | 0.000000e+00 |      --      |    Inf |  82.37%
 5073s|242100 |  1560 | 34508k| 142.5 |   450M |  67 |1323 |3850 |2709 | 397k|  1 | 245k|  32 | 0.000000e+00 |      --      |    Inf |  82.37%
 5074s|242200 |  1551 | 34519k| 142.5 |   450M |  67 |1323 |3935 |2724 | 398k|  0 | 245k|  32 | 0.000000e+00 |      --      |    Inf |  82.37%
 5076s|242300 |  1553 | 34535k| 142.5 |   450M |  67 |1323 |4025 |2729 | 398k|  0 | 245k|  32 | 0.000000e+00 |      --      |    Inf |  82.37%
 5077s|242400 |  1552 | 34550k| 142.5 |   450M |  67 |1323 |4098 |2708 | 398k|  0 | 245k|  32 | 0.000000e+00 |      --      |    Inf |  82.37%
 5079s|242500 |  1545 | 34569k| 142.5 |   450M |  67 |1323 |4076 |2863 | 398k|  2 | 246k|  32 | 0.000000e+00 |      --      |    Inf |  82.39%
 5081s|242600 |  1533 | 34588k| 142.6 |   450M |  67 |1323 |3991 |3824 | 398k|  0 | 246k|  32 | 0.000000e+00 |      --      |    Inf |  82.42%
 5084s|242700 |  1535 | 34613k| 142.6 |   450M |  67 |1323 |3934 |3128 | 398k|  0 | 246k|  32 | 0.000000e+00 |      --      |    Inf |  82.42%
 5086s|242800 |  1528 | 34636k| 142.6 |   450M |  67 |1323 |4009 |3115 | 398k|  1 | 246k|  32 | 0.000000e+00 |      --      |    Inf |  82.42%
 5089s|242900 |  1524 | 34663k| 142.7 |   450M |  67 |1323 |3857 |2995 | 399k|  0 | 246k|  32 | 0.000000e+00 |      --      |    Inf |  82.44%
 5091s|243000 |  1518 | 34681k| 142.7 |   450M |  67 |1323 |3935 |2993 | 399k|  1 | 246k|  32 | 0.000000e+00 |      --      |    Inf |  82.44%
 5092s|243100 |  1518 | 34697k| 142.7 |   450M |  67 |1323 |3998 |2717 | 399k|  0 | 246k|  32 | 0.000000e+00 |      --      |    Inf |  82.45%
 5094s|243200 |  1518 | 34717k| 142.7 |   450M |  67 |1323 |3961 |2931 | 399k|  0 | 246k|  32 | 0.000000e+00 |      --      |    Inf |  82.45%
 time | node  | left  |LP iter|LP it/n|mem/heur|mdpt |vars |cons |rows |cuts |sepa|confs|strbr|  dualbound   | primalbound  |  gap   | compl. 
 5096s|243300 |  1512 | 34735k| 142.8 |   450M |  67 |1323 |3897 |2695 | 399k|  0 | 246k|  32 | 0.000000e+00 |      --      |    Inf |  82.45%
 5098s|243400 |  1516 | 34755k| 142.8 |   450M |  67 |1323 |3916 |3486 | 399k|  2 | 247k|  32 | 0.000000e+00 |      --      |    Inf |  82.46%
 5099s|243500 |  1514 | 34768k| 142.8 |   450M |  67 |1323 |3962 |3501 | 399k|  0 | 247k|  32 | 0.000000e+00 |      --      |    Inf |  82.46%
 5101s|243600 |  1523 | 34779k| 142.8 |   450M |  67 |1323 |3982 |3517 | 399k|  0 | 247k|  32 | 0.000000e+00 |      --      |    Inf |  82.46%
 5102s|243700 |  1528 | 34790k| 142.7 |   450M |  67 |1323 |4005 |3500 | 400k|  1 | 247k|  32 | 0.000000e+00 |      --      |    Inf |  82.46%
 5104s|243800 |  1525 | 34801k| 142.7 |   450M |  67 |1323 |4053 |3493 | 400k|  0 | 247k|  32 | 0.000000e+00 |      --      |    Inf |  82.46%
 5105s|243900 |  1523 | 34814k| 142.7 |   450M |  67 |1323 |4061 |3566 | 400k|  0 | 247k|  32 | 0.000000e+00 |      --      |    Inf |  82.46%
 5107s|244000 |  1514 | 34827k| 142.7 |   450M |  67 |1323 |4092 |3486 | 400k|  0 | 247k|  32 | 0.000000e+00 |      --      |    Inf |  82.46%
 5108s|244100 |  1521 | 34838k| 142.7 |   451M |  67 |1323 |4082 |3478 | 400k|  0 | 247k|  32 | 0.000000e+00 |      --      |    Inf |  82.46%
 5109s|244200 |  1515 | 34849k| 142.7 |   451M |  67 |1323 |4143 |3469 | 400k|  1 | 247k|  32 | 0.000000e+00 |      --      |    Inf |  82.46%
 5110s|244300 |  1520 | 34862k| 142.7 |   451M |  67 |1323 |4140 |3497 | 400k|  2 | 247k|  32 | 0.000000e+00 |      --      |    Inf |  82.46%
 5112s|244400 |  1510 | 34879k| 142.7 |   451M |  67 |1323 |4104 |3491 | 400k|  1 | 247k|  32 | 0.000000e+00 |      --      |    Inf |  82.49%
 5114s|244500 |  1506 | 34899k| 142.7 |   451M |  67 |1323 |4004 |2780 | 400k|  0 | 247k|  32 | 0.000000e+00 |      --      |    Inf |  82.58%
 5116s|244600 |  1500 | 34913k| 142.7 |   451M |  67 |1323 |4076 |2776 | 401k|  0 | 248k|  32 | 0.000000e+00 |      --      |    Inf |  82.58%
 5117s|244700 |  1499 | 34927k| 142.7 |   451M |  67 |1323 |4158 |2777 | 401k|  0 | 248k|  32 | 0.000000e+00 |      --      |    Inf |  82.59%
 time | node  | left  |LP iter|LP it/n|mem/heur|mdpt |vars |cons |rows |cuts |sepa|confs|strbr|  dualbound   | primalbound  |  gap   | compl. 
 5119s|244800 |  1500 | 34949k| 142.8 |   451M |  67 |1323 |4070 |3622 | 401k|  1 | 248k|  32 | 0.000000e+00 |      --      |    Inf |  82.61%
 5122s|244900 |  1504 | 34972k| 142.8 |   451M |  67 |1323 |4095 |3646 | 401k|  1 | 248k|  32 | 0.000000e+00 |      --      |    Inf |  82.61%
 5124s|245000 |  1497 | 34997k| 142.8 |   451M |  67 |1323 |4190 |3654 | 401k|  0 | 248k|  32 | 0.000000e+00 |      --      |    Inf |  82.61%
 5126s|245100 |  1494 | 35014k| 142.8 |   451M |  67 |1323 |4212 |2974 | 401k|  0 | 248k|  32 | 0.000000e+00 |      --      |    Inf |  82.61%
 5128s|245200 |  1486 | 35035k| 142.9 |   451M |  67 |1323 |4257 |2835 | 401k|  0 | 248k|  32 | 0.000000e+00 |      --      |    Inf |  82.61%
 5130s|245300 |  1494 | 35055k| 142.9 |   451M |  67 |1323 |4115 |3512 | 401k|  1 | 248k|  32 | 0.000000e+00 |      --      |    Inf |  82.68%
 5133s|245400 |  1486 | 35080k| 142.9 |   451M |  67 |1323 |4167 |3502 | 401k|  0 | 248k|  32 | 0.000000e+00 |      --      |    Inf |  82.68%
 5134s|245500 |  1489 | 35098k| 143.0 |   451M |  67 |1323 |4187 |3199 | 402k|  0 | 249k|  32 | 0.000000e+00 |      --      |    Inf |  82.68%
 5136s|245600 |  1484 | 35116k| 143.0 |   451M |  67 |1323 |4211 |2684 | 402k|  0 | 249k|  32 | 0.000000e+00 |      --      |    Inf |  82.69%
 5138s|245700 |  1486 | 35130k| 143.0 |   451M |  67 |1323 |4266 |3486 | 402k|  2 | 249k|  32 | 0.000000e+00 |      --      |    Inf |  82.69%
 5139s|245800 |  1491 | 35142k| 143.0 |   451M |  67 |1323 |4284 |3530 | 402k|  0 | 249k|  32 | 0.000000e+00 |      --      |    Inf |  82.69%
 5140s|245900 |  1488 | 35153k| 142.9 |   451M |  67 |1323 |4297 |3500 | 402k|  2 | 249k|  32 | 0.000000e+00 |      --      |    Inf |  82.69%
 5141s|246000 |  1495 | 35163k| 142.9 |   451M |  67 |1323 |4306 |3517 | 402k|  1 | 249k|  32 | 0.000000e+00 |      --      |    Inf |  82.69%
 5143s|246100 |  1493 | 35177k| 142.9 |   451M |  67 |1323 |4374 |3520 | 402k|  0 | 249k|  32 | 0.000000e+00 |      --      |    Inf |  82.69%
 5144s|246200 |  1496 | 35187k| 142.9 |   451M |  67 |1323 |4500 |3526 | 402k|  1 | 249k|  32 | 0.000000e+00 |      --      |    Inf |  82.69%
 time | node  | left  |LP iter|LP it/n|mem/heur|mdpt |vars |cons |rows |cuts |sepa|confs|strbr|  dualbound   | primalbound  |  gap   | compl. 
 5145s|246300 |  1500 | 35201k| 142.9 |   451M |  67 |1323 |4550 |3515 | 403k|  1 | 249k|  32 | 0.000000e+00 |      --      |    Inf |  82.69%
 5146s|246400 |  1493 | 35209k| 142.9 |   451M |  67 |1323 |4628 |3497 | 403k|  0 | 249k|  32 | 0.000000e+00 |      --      |    Inf |  82.69%
 5149s|246500 |  1495 | 35229k| 142.9 |   451M |  67 |1323 |4725 |3564 | 403k|  2 | 250k|  32 | 0.000000e+00 |      --      |    Inf |  82.69%
 5151s|246600 |  1489 | 35247k| 142.9 |   451M |  67 |1323 |4715 |3488 | 403k|  0 | 250k|  32 | 0.000000e+00 |      --      |    Inf |  82.69%
 5153s|246700 |  1481 | 35265k| 142.9 |   451M |  67 |1323 |4511 |3587 | 403k|  1 | 250k|  32 | 0.000000e+00 |      --      |    Inf |  82.69%
 5155s|246800 |  1487 | 35286k| 143.0 |   451M |  67 |1323 |4490 |2705 | 403k|  2 | 250k|  32 | 0.000000e+00 |      --      |    Inf |  82.69%
 5156s|246900 |  1481 | 35305k| 143.0 |   451M |  67 |1323 |4420 |3411 | 403k|  2 | 250k|  32 | 0.000000e+00 |      --      |    Inf |  82.71%
 5159s|247000 |  1471 | 35327k| 143.0 |   451M |  67 |1323 |4261 |2681 | 403k|  2 | 250k|  32 | 0.000000e+00 |      --      |    Inf |  82.71%
 5161s|247100 |  1465 | 35349k| 143.0 |   451M |  67 |1323 |4161 |3488 | 403k|  0 | 250k|  32 | 0.000000e+00 |      --      |    Inf |  82.71%
 5163s|247200 |  1469 | 35368k| 143.1 |   451M |  67 |1323 |4142 |2849 | 403k|  2 | 250k|  32 | 0.000000e+00 |      --      |    Inf |  82.72%
 5165s|247300 |  1468 | 35387k| 143.1 |   452M |  67 |1323 |4003 |2696 | 403k|  2 | 250k|  32 | 0.000000e+00 |      --      |    Inf |  82.73%
 5167s|247400 |  1472 | 35411k| 143.1 |   452M |  67 |1323 |3939 |3664 | 404k|  0 | 250k|  32 | 0.000000e+00 |      --      |    Inf |  82.73%
 5169s|247500 |  1471 | 35438k| 143.2 |   453M |  67 |1323 |4042 |3672 | 404k|  1 | 251k|  32 | 0.000000e+00 |      --      |    Inf |  82.73%
 5172s|247600 |  1470 | 35467k| 143.2 |   453M |  67 |1323 |4133 |3636 | 404k|  1 | 251k|  32 | 0.000000e+00 |      --      |    Inf |  82.73%
 5176s|247700 |  1472 | 35497k| 143.3 |   454M |  67 |1323 |4245 |3670 | 404k|  0 | 251k|  32 | 0.000000e+00 |      --      |    Inf |  82.73%
 time | node  | left  |LP iter|LP it/n|mem/heur|mdpt |vars |cons |rows |cuts |sepa|confs|strbr|  dualbound   | primalbound  |  gap   | compl. 
 5179s|247800 |  1473 | 35530k| 143.4 |   454M |  67 |1323 |4260 |3682 | 404k|  2 | 251k|  32 | 0.000000e+00 |      --      |    Inf |  82.73%
 5181s|247900 |  1481 | 35556k| 143.4 |   454M |  67 |1323 |4102 |2945 | 404k|  1 | 251k|  32 | 0.000000e+00 |      --      |    Inf |  82.73%
 5184s|248000 |  1487 | 35576k| 143.4 |   454M |  67 |1323 |4114 |2942 | 404k|  0 | 251k|  32 | 0.000000e+00 |      --      |    Inf |  82.73%
 5186s|248100 |  1492 | 35599k| 143.5 |   454M |  67 |1323 |4212 |2982 | 404k|  0 | 251k|  32 | 0.000000e+00 |      --      |    Inf |  82.73%
 5189s|248200 |  1488 | 35620k| 143.5 |   454M |  67 |1323 |4247 |3168 | 405k|  0 | 251k|  32 | 0.000000e+00 |      --      |    Inf |  82.73%
 5191s|248300 |  1497 | 35643k| 143.5 |   454M |  67 |1323 |4251 |3567 | 405k|  1 | 252k|  32 | 0.000000e+00 |      --      |    Inf |  82.73%
 5193s|248400 |  1503 | 35659k| 143.5 |   454M |  67 |1323 |4281 |3595 | 405k|  2 | 252k|  32 | 0.000000e+00 |      --      |    Inf |  82.73%
 5194s|248500 |  1502 | 35676k| 143.6 |   454M |  67 |1323 |4327 |3628 | 405k|  2 | 252k|  32 | 0.000000e+00 |      --      |    Inf |  82.73%
 5197s|248600 |  1506 | 35698k| 143.6 |   456M |  67 |1323 |4386 |3660 | 405k|  1 | 252k|  32 | 0.000000e+00 |      --      |    Inf |  82.73%
 5200s|248700 |  1505 | 35723k| 143.6 |   458M |  67 |1323 |4423 |3767 | 406k|  2 | 252k|  32 | 0.000000e+00 |      --      |    Inf |  82.73%
 5203s|248800 |  1514 | 35743k| 143.7 |   460M |  67 |1323 |4470 |3699 | 406k|  1 | 252k|  32 | 0.000000e+00 |      --      |    Inf |  82.73%
 5205s|248900 |  1511 | 35765k| 143.7 |   461M |  67 |1323 |4555 |3699 | 406k|  0 | 252k|  32 | 0.000000e+00 |      --      |    Inf |  82.73%
 5207s|249000 |  1513 | 35782k| 143.7 |   463M |  67 |1323 |4666 |3687 | 406k|  1 | 252k|  32 | 0.000000e+00 |      --      |    Inf |  82.73%
 5210s|249100 |  1511 | 35802k| 143.7 |   465M |  67 |1323 |4757 |3638 | 407k|  2 | 252k|  32 | 0.000000e+00 |      --      |    Inf |  82.73%
 5212s|249200 |  1505 | 35819k| 143.7 |   466M |  67 |1323 |4911 |3655 | 407k|  0 | 252k|  32 | 0.000000e+00 |      --      |    Inf |  82.73%
 time | node  | left  |LP iter|LP it/n|mem/heur|mdpt |vars |cons |rows |cuts |sepa|confs|strbr|  dualbound   | primalbound  |  gap   | compl. 
 5214s|249300 |  1498 | 35842k| 143.8 |   467M |  67 |1323 |4902 |   0 | 407k|  0 | 253k|  32 | 0.000000e+00 |      --      |    Inf |  82.73%
 5217s|249400 |  1511 | 35866k| 143.8 |   467M |  67 |1323 |4857 |   0 | 407k|  0 | 253k|  32 | 0.000000e+00 |      --      |    Inf |  82.73%
 5220s|249500 |  1510 | 35888k| 143.8 |   468M |  67 |1323 |4923 |3637 | 408k|  2 | 253k|  32 | 0.000000e+00 |      --      |    Inf |  82.73%
 5222s|249600 |  1506 | 35911k| 143.9 |   468M |  67 |1323 |4956 |3639 | 408k|  2 | 253k|  32 | 0.000000e+00 |      --      |    Inf |  82.73%
 5225s|249700 |  1513 | 35933k| 143.9 |   469M |  67 |1323 |4893 |3636 | 408k|  1 | 253k|  32 | 0.000000e+00 |      --      |    Inf |  82.73%
 5227s|249800 |  1508 | 35954k| 143.9 |   469M |  67 |1323 |4839 |3621 | 408k|  2 | 253k|  32 | 0.000000e+00 |      --      |    Inf |  82.73%
 5230s|249900 |  1509 | 35971k| 143.9 |   469M |  67 |1323 |4933 |   0 | 408k|  0 | 253k|  32 | 0.000000e+00 |      --      |    Inf |  82.73%
 5232s|250000 |  1519 | 35992k| 144.0 |   469M |  67 |1323 |4822 |3548 | 409k|  0 | 253k|  32 | 0.000000e+00 |      --      |    Inf |  82.73%
 5235s|250100 |  1533 | 36018k| 144.0 |   469M |  67 |1323 |4907 |3580 | 409k|  0 | 253k|  32 | 0.000000e+00 |      --      |    Inf |  82.73%
 5238s|250200 |  1516 | 36045k| 144.1 |   470M |  67 |1323 |4993 |3591 | 409k|  2 | 254k|  32 | 0.000000e+00 |      --      |    Inf |  82.73%
 5241s|250300 |  1522 | 36073k| 144.1 |   470M |  67 |1323 |5049 |3613 | 409k|  0 | 254k|  32 | 0.000000e+00 |      --      |    Inf |  82.73%
 5243s|250400 |  1519 | 36092k| 144.1 |   470M |  67 |1323 |5102 |3640 | 409k|  0 | 254k|  32 | 0.000000e+00 |      --      |    Inf |  82.73%
 5245s|250500 |  1518 | 36105k| 144.1 |   470M |  67 |1323 |5096 |3588 | 409k|  1 | 254k|  32 | 0.000000e+00 |      --      |    Inf |  82.73%
 5246s|250600 |  1516 | 36115k| 144.1 |   470M |  67 |1323 |4999 |   0 | 410k|  0 | 254k|  32 | 0.000000e+00 |      --      |    Inf |  82.73%
 5247s|250700 |  1521 | 36127k| 144.1 |   470M |  67 |1323 |4970 |3613 | 410k|  0 | 254k|  32 | 0.000000e+00 |      --      |    Inf |  82.73%
 time | node  | left  |LP iter|LP it/n|mem/heur|mdpt |vars |cons |rows |cuts |sepa|confs|strbr|  dualbound   | primalbound  |  gap   | compl. 
 5248s|250800 |  1526 | 36134k| 144.1 |   470M |  67 |1323 |4957 |3641 | 410k|  1 | 254k|  32 | 0.000000e+00 |      --      |    Inf |  82.73%
 5249s|250900 |  1516 | 36140k| 144.0 |   470M |  67 |1323 |4969 |3651 | 410k|  0 | 254k|  32 | 0.000000e+00 |      --      |    Inf |  82.73%
 5251s|251000 |  1525 | 36148k| 144.0 |   470M |  67 |1323 |4945 |3630 | 410k|  1 | 254k|  32 | 0.000000e+00 |      --      |    Inf |  82.73%
 5252s|251100 |  1523 | 36156k| 144.0 |   470M |  67 |1323 |4948 |3624 | 410k|  1 | 254k|  32 | 0.000000e+00 |      --      |    Inf |  82.73%
 5253s|251200 |  1513 | 36166k| 144.0 |   471M |  67 |1323 |4904 |3545 | 410k|  2 | 254k|  32 | 0.000000e+00 |      --      |    Inf |  82.73%
 5255s|251300 |  1503 | 36181k| 144.0 |   471M |  67 |1323 |4755 |3597 | 410k|  0 | 254k|  32 | 0.000000e+00 |      --      |    Inf |  82.73%
 5256s|251400 |  1507 | 36197k| 144.0 |   471M |  67 |1323 |4676 |   0 | 411k|  0 | 254k|  32 | 0.000000e+00 |      --      |    Inf |  82.73%
 5259s|251500 |  1513 | 36220k| 144.0 |   471M |  67 |1323 |4495 |3727 | 411k|  0 | 254k|  32 | 0.000000e+00 |      --      |    Inf |  82.73%
 5261s|251600 |  1510 | 36238k| 144.0 |   471M |  67 |1323 |4529 |3710 | 411k|  2 | 254k|  32 | 0.000000e+00 |      --      |    Inf |  82.73%
 5262s|251700 |  1508 | 36252k| 144.0 |   471M |  67 |1323 |4625 |3708 | 411k|  0 | 254k|  32 | 0.000000e+00 |      --      |    Inf |  82.73%
 5265s|251800 |  1507 | 36273k| 144.0 |   471M |  67 |1323 |4674 |3717 | 411k|  2 | 255k|  32 | 0.000000e+00 |      --      |    Inf |  82.73%
 5268s|251900 |  1505 | 36297k| 144.1 |   473M |  67 |1323 |4744 |3784 | 412k|  2 | 255k|  32 | 0.000000e+00 |      --      |    Inf |  82.73%
 5271s|252000 |  1509 | 36329k| 144.2 |   475M |  67 |1323 |4771 |3674 | 412k|  0 | 255k|  32 | 0.000000e+00 |      --      |    Inf |  82.73%
 5274s|252100 |  1511 | 36356k| 144.2 |   475M |  67 |1323 |4852 |3717 | 412k|  0 | 255k|  32 | 0.000000e+00 |      --      |    Inf |  82.73%
 5278s|252200 |  1508 | 36387k| 144.3 |   478M |  67 |1323 |4825 |3791 | 413k|  0 | 255k|  32 | 0.000000e+00 |      --      |    Inf |  82.73%
 time | node  | left  |LP iter|LP it/n|mem/heur|mdpt |vars |cons |rows |cuts |sepa|confs|strbr|  dualbound   | primalbound  |  gap   | compl. 
 5282s|252300 |  1505 | 36415k| 144.3 |   481M |  67 |1323 |4963 |3797 | 413k|  0 | 255k|  32 | 0.000000e+00 |      --      |    Inf |  82.73%
 5285s|252400 |  1506 | 36443k| 144.4 |   483M |  67 |1323 |5049 |3798 | 413k|  0 | 255k|  32 | 0.000000e+00 |      --      |    Inf |  82.73%
 5288s|252500 |  1505 | 36467k| 144.4 |   484M |  67 |1323 |5092 |3670 | 413k|  2 | 255k|  32 | 0.000000e+00 |      --      |    Inf |  82.73%
 5292s|252600 |  1521 | 36500k| 144.5 |   485M |  67 |1323 |5112 |3717 | 413k|  0 | 255k|  32 | 0.000000e+00 |      --      |    Inf |  82.73%
 5295s|252700 |  1521 | 36523k| 144.5 |   488M |  67 |1323 |5231 |3830 | 414k|  0 | 256k|  32 | 0.000000e+00 |      --      |    Inf |  82.73%
 5298s|252800 |  1525 | 36548k| 144.6 |   489M |  67 |1323 |5282 |3678 | 414k|  0 | 256k|  32 | 0.000000e+00 |      --      |    Inf |  82.73%
 5301s|252900 |  1515 | 36570k| 144.6 |   491M |  67 |1323 |5386 |3699 | 414k|  2 | 256k|  32 | 0.000000e+00 |      --      |    Inf |  82.73%
 5303s|253000 |  1519 | 36592k| 144.6 |   491M |  67 |1323 |5387 |3770 | 414k|  2 | 256k|  32 | 0.000000e+00 |      --      |    Inf |  82.73%
 5306s|253100 |  1518 | 36614k| 144.6 |   492M |  67 |1323 |5423 |3799 | 414k|  2 | 256k|  32 | 0.000000e+00 |      --      |    Inf |  82.73%
 5308s|253200 |  1513 | 36633k| 144.7 |   492M |  67 |1323 |5200 |3661 | 414k|  2 | 256k|  32 | 0.000000e+00 |      --      |    Inf |  82.73%
 5311s|253300 |  1510 | 36655k| 144.7 |   495M |  67 |1323 |4898 |   0 | 415k|  0 | 257k|  32 | 0.000000e+00 |      --      |    Inf |  82.73%
 5312s|253400 |  1513 | 36671k| 144.7 |   495M |  67 |1323 |4916 |3665 | 415k|  0 | 257k|  32 | 0.000000e+00 |      --      |    Inf |  82.73%
 5315s|253500 |  1512 | 36689k| 144.7 |   495M |  67 |1323 |4751 |3640 | 415k|  2 | 257k|  32 | 0.000000e+00 |      --      |    Inf |  82.73%
 5317s|253600 |  1509 | 36710k| 144.7 |   495M |  67 |1323 |4810 |3652 | 415k|  0 | 257k|  32 | 0.000000e+00 |      --      |    Inf |  82.73%
 5320s|253700 |  1529 | 36735k| 144.8 |   495M |  67 |1323 |4844 |3662 | 415k|  0 | 257k|  32 | 0.000000e+00 |      --      |    Inf |  82.73%
 time | node  | left  |LP iter|LP it/n|mem/heur|mdpt |vars |cons |rows |cuts |sepa|confs|strbr|  dualbound   | primalbound  |  gap   | compl. 
 5322s|253800 |  1521 | 36758k| 144.8 |   495M |  67 |1323 |4953 |3630 | 415k|  0 | 257k|  32 | 0.000000e+00 |      --      |    Inf |  82.73%
 5324s|253900 |  1517 | 36775k| 144.8 |   495M |  67 |1323 |5010 |   0 | 415k|  0 | 257k|  32 | 0.000000e+00 |      --      |    Inf |  82.73%
 5328s|254000 |  1508 | 36799k| 144.9 |   495M |  67 |1323 |4890 |3627 | 416k|  1 | 257k|  32 | 0.000000e+00 |      --      |    Inf |  82.73%
 5330s|254100 |  1504 | 36820k| 144.9 |   495M |  67 |1323 |4945 |3592 | 416k|  0 | 257k|  32 | 0.000000e+00 |      --      |    Inf |  82.73%
 5332s|254200 |  1495 | 36837k| 144.9 |   495M |  67 |1323 |4934 |3594 | 416k|  2 | 258k|  32 | 0.000000e+00 |      --      |    Inf |  82.73%
 5334s|254300 |  1500 | 36858k| 144.9 |   495M |  67 |1323 |4867 |3483 | 416k|  1 | 258k|  32 | 0.000000e+00 |      --      |    Inf |  82.73%
 5336s|254400 |  1498 | 36876k| 144.9 |   495M |  67 |1323 |4804 |2696 | 416k|  2 | 258k|  32 | 0.000000e+00 |      --      |    Inf |  82.74%
 5338s|254500 |  1510 | 36894k| 145.0 |   496M |  67 |1323 |4718 |3624 | 416k|  1 | 258k|  32 | 0.000000e+00 |      --      |    Inf |  82.74%
 5340s|254600 |  1492 | 36920k| 145.0 |   496M |  67 |1323 |4421 |2894 | 416k|  0 | 258k|  32 | 0.000000e+00 |      --      |    Inf |  82.82%
 5342s|254700 |  1482 | 36940k| 145.0 |   496M |  67 |1323 |4258 |2725 | 416k|  2 | 258k|  32 | 0.000000e+00 |      --      |    Inf |  82.82%
 5345s|254800 |  1487 | 36963k| 145.1 |   496M |  67 |1323 |4265 |3188 | 417k|  2 | 258k|  32 | 0.000000e+00 |      --      |    Inf |  82.83%
 5346s|254900 |  1483 | 36982k| 145.1 |   496M |  67 |1323 |4348 |2941 | 417k|  2 | 258k|  32 | 0.000000e+00 |      --      |    Inf |  82.83%
 5348s|255000 |  1483 | 36997k| 145.1 |   496M |  67 |1323 |4300 |2806 | 417k|  1 | 258k|  32 | 0.000000e+00 |      --      |    Inf |  82.83%
 5350s|255100 |  1493 | 37015k| 145.1 |   496M |  67 |1323 |4358 |2926 | 417k|  0 | 259k|  32 | 0.000000e+00 |      --      |    Inf |  82.83%
 5352s|255200 |  1484 | 37037k| 145.1 |   496M |  67 |1323 |4440 |3308 | 417k|  1 | 259k|  32 | 0.000000e+00 |      --      |    Inf |  82.83%
 time | node  | left  |LP iter|LP it/n|mem/heur|mdpt |vars |cons |rows |cuts |sepa|confs|strbr|  dualbound   | primalbound  |  gap   | compl. 
 5354s|255300 |  1489 | 37058k| 145.1 |   496M |  67 |1323 |4321 |2764 | 417k|  2 | 259k|  32 | 0.000000e+00 |      --      |    Inf |  82.84%
 5356s|255400 |  1478 | 37076k| 145.2 |   496M |  67 |1323 |4257 |2769 | 417k|  0 | 259k|  32 | 0.000000e+00 |      --      |    Inf |  82.95%
 5357s|255500 |  1502 | 37086k| 145.1 |   496M |  67 |1323 |4215 |2889 | 417k|  0 | 259k|  32 | 0.000000e+00 |      --      |    Inf |  82.96%
 5358s|255600 |  1496 | 37095k| 145.1 |   496M |  67 |1323 |4209 |2978 | 418k|  0 | 259k|  32 | 0.000000e+00 |      --      |    Inf |  82.96%
 5359s|255700 |  1502 | 37101k| 145.1 |   496M |  67 |1323 |4186 |2889 | 418k|  0 | 259k|  32 | 0.000000e+00 |      --      |    Inf |  82.96%
 5360s|255800 |  1507 | 37109k| 145.1 |   496M |  67 |1323 |4240 |2881 | 418k|  0 | 259k|  32 | 0.000000e+00 |      --      |    Inf |  82.96%
 5360s|255900 |  1509 | 37114k| 145.0 |   496M |  67 |1323 |4267 |2863 | 418k|  0 | 259k|  32 | 0.000000e+00 |      --      |    Inf |  82.96%
 5361s|256000 |  1505 | 37121k| 145.0 |   496M |  67 |1323 |4346 |2922 | 418k|  1 | 259k|  32 | 0.000000e+00 |      --      |    Inf |  82.96%
 5362s|256100 |  1492 | 37128k| 145.0 |   496M |  67 |1323 |4347 |2954 | 418k|  0 | 259k|  32 | 0.000000e+00 |      --      |    Inf |  82.96%
 5363s|256200 |  1484 | 37135k| 144.9 |   496M |  67 |1323 |4317 |2786 | 418k|  2 | 259k|  32 | 0.000000e+00 |      --      |    Inf |  82.96%
 5364s|256300 |  1493 | 37149k| 144.9 |   496M |  67 |1323 |4284 |2943 | 418k|  2 | 259k|  32 | 0.000000e+00 |      --      |    Inf |  82.97%
 5365s|256400 |  1511 | 37154k| 144.9 |   496M |  67 |1323 |4360 |2957 | 419k|  0 | 259k|  32 | 0.000000e+00 |      --      |    Inf |  82.97%
 5366s|256500 |  1507 | 37159k| 144.9 |   496M |  67 |1323 |4406 |2948 | 419k|  2 | 260k|  32 | 0.000000e+00 |      --      |    Inf |  82.97%
 5366s|256600 |  1509 | 37162k| 144.8 |   496M |  67 |1323 |4504 |2927 | 419k|  1 | 260k|  32 | 0.000000e+00 |      --      |    Inf |  82.97%
 5367s|256700 |  1499 | 37167k| 144.8 |   496M |  67 |1323 |4542 |2934 | 419k|  0 | 260k|  32 | 0.000000e+00 |      --      |    Inf |  82.97%
 time | node  | left  |LP iter|LP it/n|mem/heur|mdpt |vars |cons |rows |cuts |sepa|confs|strbr|  dualbound   | primalbound  |  gap   | compl. 
 5368s|256800 |  1505 | 37171k| 144.7 |   496M |  67 |1323 |4569 |2952 | 419k|  2 | 260k|  32 | 0.000000e+00 |      --      |    Inf |  82.97%
 5368s|256900 |  1497 | 37175k| 144.7 |   496M |  67 |1323 |4578 |   0 | 419k|  0 | 260k|  32 | 0.000000e+00 |      --      |    Inf |  82.97%
 5369s|257000 |  1493 | 37180k| 144.7 |   496M |  67 |1323 |4568 |2989 | 419k|  0 | 260k|  32 | 0.000000e+00 |      --      |    Inf |  82.97%
 5370s|257100 |  1490 | 37187k| 144.6 |   496M |  67 |1323 |4643 |2999 | 419k|  0 | 260k|  32 | 0.000000e+00 |      --      |    Inf |  82.97%
 5371s|257200 |  1494 | 37192k| 144.6 |   496M |  67 |1323 |4697 |2937 | 419k|  2 | 260k|  32 | 0.000000e+00 |      --      |    Inf |  82.97%
 5371s|257300 |  1492 | 37200k| 144.6 |   496M |  67 |1323 |4675 |2833 | 419k|  0 | 260k|  32 | 0.000000e+00 |      --      |    Inf |  82.97%
 5373s|257400 |  1495 | 37211k| 144.6 |   496M |  67 |1323 |4686 |2863 | 420k|  0 | 260k|  32 | 0.000000e+00 |      --      |    Inf |  82.97%
 5374s|257500 |  1486 | 37221k| 144.5 |   496M |  67 |1323 |4620 |2857 | 420k|  0 | 260k|  32 | 0.000000e+00 |      --      |    Inf |  82.97%
 5375s|257600 |  1492 | 37228k| 144.5 |   496M |  67 |1323 |4651 |2849 | 420k|  2 | 260k|  32 | 0.000000e+00 |      --      |    Inf |  82.97%
 5376s|257700 |  1481 | 37235k| 144.5 |   496M |  67 |1323 |4545 |2770 | 420k|  2 | 261k|  32 | 0.000000e+00 |      --      |    Inf |  82.97%
 5377s|257800 |  1502 | 37245k| 144.5 |   496M |  67 |1323 |4500 |2945 | 420k|  0 | 261k|  32 | 0.000000e+00 |      --      |    Inf |  82.98%
 5379s|257900 |  1515 | 37256k| 144.4 |   496M |  67 |1323 |4545 |2728 | 420k|  0 | 261k|  32 | 0.000000e+00 |      --      |    Inf |  82.98%
 5380s|258000 |  1507 | 37267k| 144.4 |   496M |  67 |1323 |4640 |2976 | 420k|  1 | 261k|  32 | 0.000000e+00 |      --      |    Inf |  82.98%
 5381s|258100 |  1505 | 37278k| 144.4 |   496M |  67 |1323 |4707 |2957 | 420k|  1 | 261k|  32 | 0.000000e+00 |      --      |    Inf |  82.98%
 5382s|258200 |  1511 | 37289k| 144.4 |   496M |  67 |1323 |4667 |2708 | 420k|  2 | 261k|  32 | 0.000000e+00 |      --      |    Inf |  82.98%
 time | node  | left  |LP iter|LP it/n|mem/heur|mdpt |vars |cons |rows |cuts |sepa|confs|strbr|  dualbound   | primalbound  |  gap   | compl. 
 5384s|258300 |  1516 | 37301k| 144.4 |   496M |  67 |1323 |4631 |2953 | 420k|  1 | 261k|  32 | 0.000000e+00 |      --      |    Inf |  82.99%
 5385s|258400 |  1509 | 37316k| 144.4 |   496M |  67 |1323 |4702 |2938 | 420k|  2 | 261k|  32 | 0.000000e+00 |      --      |    Inf |  82.99%
 5387s|258500 |  1511 | 37330k| 144.4 |   496M |  67 |1323 |4778 |2940 | 421k|  1 | 261k|  32 | 0.000000e+00 |      --      |    Inf |  82.99%
 5388s|258600 |  1512 | 37344k| 144.4 |   496M |  67 |1323 |4868 |2942 | 421k|  1 | 261k|  32 | 0.000000e+00 |      --      |    Inf |  82.99%
 5390s|258700 |  1504 | 37356k| 144.4 |   496M |  67 |1323 |4738 |2979 | 421k|  1 | 261k|  32 | 0.000000e+00 |      --      |    Inf |  82.99%
 5391s|258800 |  1508 | 37367k| 144.4 |   496M |  67 |1323 |4771 |3047 | 421k|  2 | 261k|  32 | 0.000000e+00 |      --      |    Inf |  82.99%
 5392s|258900 |  1512 | 37378k| 144.4 |   496M |  67 |1323 |4771 |3730 | 421k|  0 | 262k|  32 | 0.000000e+00 |      --      |    Inf |  82.99%
 5394s|259000 |  1514 | 37389k| 144.3 |   496M |  67 |1323 |4790 |3714 | 421k|  1 | 262k|  32 | 0.000000e+00 |      --      |    Inf |  82.99%
 5395s|259100 |  1521 | 37399k| 144.3 |   496M |  67 |1323 |4772 |3720 | 421k|  2 | 262k|  32 | 0.000000e+00 |      --      |    Inf |  82.99%
 5396s|259200 |  1537 | 37406k| 144.3 |   496M |  67 |1323 |4837 |3722 | 421k|  2 | 262k|  32 | 0.000000e+00 |      --      |    Inf |  82.99%
 5398s|259300 |  1537 | 37416k| 144.3 |   497M |  67 |1323 |4887 |3762 | 421k|  0 | 262k|  32 | 0.000000e+00 |      --      |    Inf |  82.99%
 5400s|259400 |  1533 | 37430k| 144.3 |   498M |  67 |1323 |4884 |3744 | 421k|  2 | 262k|  32 | 0.000000e+00 |      --      |    Inf |  82.99%
 5402s|259500 |  1524 | 37449k| 144.3 |   498M |  67 |1323 |4874 |3789 | 422k|  0 | 262k|  32 | 0.000000e+00 |      --      |    Inf |  82.99%
 5404s|259600 |  1520 | 37466k| 144.3 |   499M |  67 |1323 |4885 |3806 | 422k|  0 | 262k|  32 | 0.000000e+00 |      --      |    Inf |  82.99%
 5406s|259700 |  1510 | 37486k| 144.3 |   499M |  67 |1323 |4874 |3762 | 422k|  0 | 262k|  32 | 0.000000e+00 |      --      |    Inf |  82.99%
 time | node  | left  |LP iter|LP it/n|mem/heur|mdpt |vars |cons |rows |cuts |sepa|confs|strbr|  dualbound   | primalbound  |  gap   | compl. 
 5407s|259800 |  1514 | 37495k| 144.3 |   499M |  67 |1323 |4917 |3717 | 422k|  0 | 262k|  32 | 0.000000e+00 |      --      |    Inf |  82.99%
 5408s|259900 |  1506 | 37504k| 144.3 |   500M |  67 |1323 |5012 |3715 | 422k|  0 | 262k|  32 | 0.000000e+00 |      --      |    Inf |  82.99%
 5410s|260000 |  1517 | 37513k| 144.3 |   500M |  67 |1323 |5044 |3747 | 422k|  2 | 262k|  32 | 0.000000e+00 |      --      |    Inf |  82.99%
 5411s|260100 |  1515 | 37523k| 144.3 |   500M |  67 |1323 |5059 |3755 | 422k|  0 | 262k|  32 | 0.000000e+00 |      --      |    Inf |  82.99%
 5412s|260200 |  1509 | 37533k| 144.2 |   500M |  67 |1323 |5084 |3762 | 422k|  0 | 263k|  32 | 0.000000e+00 |      --      |    Inf |  82.99%
 5413s|260300 |  1513 | 37541k| 144.2 |   500M |  67 |1323 |5099 |3785 | 422k|  1 | 263k|  32 | 0.000000e+00 |      --      |    Inf |  82.99%
 5414s|260400 |  1517 | 37547k| 144.2 |   500M |  67 |1323 |5132 |3797 | 423k|  1 | 263k|  32 | 0.000000e+00 |      --      |    Inf |  82.99%
 5415s|260500 |  1509 | 37556k| 144.2 |   500M |  67 |1323 |5128 |2693 | 423k|  1 | 263k|  32 | 0.000000e+00 |      --      |    Inf |  82.99%
 5416s|260600 |  1511 | 37567k| 144.1 |   500M |  67 |1323 |5072 |2658 | 423k|  1 | 263k|  32 | 0.000000e+00 |      --      |    Inf |  82.99%
 5418s|260700 |  1502 | 37576k| 144.1 |   500M |  67 |1323 |5141 |2674 | 423k|  0 | 263k|  32 | 0.000000e+00 |      --      |    Inf |  82.99%
 5418s|260800 |  1501 | 37583k| 144.1 |   500M |  67 |1323 |5232 |2657 | 423k|  2 | 263k|  32 | 0.000000e+00 |      --      |    Inf |  82.99%
 5419s|260900 |  1500 | 37594k| 144.1 |   500M |  67 |1323 |5198 |2956 | 423k|  1 | 263k|  32 | 0.000000e+00 |      --      |    Inf |  82.99%
 5421s|261000 |  1500 | 37609k| 144.1 |   500M |  67 |1323 |5177 |2961 | 423k|  0 | 263k|  32 | 0.000000e+00 |      --      |    Inf |  82.99%
 5423s|261100 |  1486 | 37623k| 144.1 |   500M |  67 |1323 |4969 |2923 | 423k|  1 | 263k|  32 | 0.000000e+00 |      --      |    Inf |  82.99%
 5424s|261200 |  1500 | 37635k| 144.1 |   500M |  67 |1323 |4890 |3487 | 423k|  1 | 263k|  32 | 0.000000e+00 |      --      |    Inf |  82.99%
 time | node  | left  |LP iter|LP it/n|mem/heur|mdpt |vars |cons |rows |cuts |sepa|confs|strbr|  dualbound   | primalbound  |  gap   | compl. 
 5425s|261300 |  1504 | 37646k| 144.1 |   500M |  67 |1323 |4986 |3482 | 423k|  2 | 263k|  32 | 0.000000e+00 |      --      |    Inf |  82.99%
 5427s|261400 |  1493 | 37658k| 144.1 |   500M |  67 |1323 |4941 |2672 | 423k|  0 | 264k|  32 | 0.000000e+00 |      --      |    Inf |  83.00%
 5427s|261500 |  1503 | 37665k| 144.0 |   500M |  67 |1323 |5013 |3473 | 423k|  0 | 264k|  32 | 0.000000e+00 |      --      |    Inf |  83.00%
 5428s|261600 |  1502 | 37671k| 144.0 |   500M |  67 |1323 |5059 |3489 | 423k|  0 | 264k|  32 | 0.000000e+00 |      --      |    Inf |  83.00%
 5430s|261700 |  1491 | 37685k| 144.0 |   500M |  67 |1323 |5070 |3607 | 423k|  0 | 264k|  32 | 0.000000e+00 |      --      |    Inf |  83.00%
 5431s|261800 |  1487 | 37696k| 144.0 |   500M |  67 |1323 |4958 |3362 | 424k|  1 | 264k|  32 | 0.000000e+00 |      --      |    Inf |  83.01%
 5433s|261900 |  1492 | 37710k| 144.0 |   500M |  67 |1323 |4886 |2723 | 424k|  2 | 264k|  32 | 0.000000e+00 |      --      |    Inf |  83.01%
 5434s|262000 |  1500 | 37723k| 144.0 |   500M |  67 |1323 |4834 |2748 | 424k|  2 | 264k|  32 | 0.000000e+00 |      --      |    Inf |  83.01%
 5435s|262100 |  1496 | 37734k| 144.0 |   500M |  67 |1323 |4853 |2940 | 424k|  1 | 264k|  32 | 0.000000e+00 |      --      |    Inf |  83.01%
 5437s|262200 |  1496 | 37747k| 144.0 |   500M |  67 |1323 |4843 |2938 | 424k|  0 | 264k|  32 | 0.000000e+00 |      --      |    Inf |  83.01%
 5438s|262300 |  1491 | 37759k| 143.9 |   500M |  67 |1323 |4917 |2923 | 424k|  1 | 264k|  32 | 0.000000e+00 |      --      |    Inf |  83.01%
 5439s|262400 |  1490 | 37770k| 143.9 |   500M |  67 |1323 |4990 |2933 | 424k|  2 | 265k|  32 | 0.000000e+00 |      --      |    Inf |  83.01%
 5440s|262500 |  1484 | 37782k| 143.9 |   500M |  67 |1323 |5001 |2835 | 424k|  2 | 265k|  32 | 0.000000e+00 |      --      |    Inf |  83.01%
 5442s|262600 |  1479 | 37795k| 143.9 |   500M |  67 |1323 |4954 |3681 | 424k|  0 | 265k|  32 | 0.000000e+00 |      --      |    Inf |  83.01%
 5443s|262700 |  1491 | 37805k| 143.9 |   500M |  67 |1323 |4834 |2701 | 424k|  0 | 265k|  32 | 0.000000e+00 |      --      |    Inf |  83.03%
 time | node  | left  |LP iter|LP it/n|mem/heur|mdpt |vars |cons |rows |cuts |sepa|confs|strbr|  dualbound   | primalbound  |  gap   | compl. 
 5444s|262800 |  1488 | 37814k| 143.9 |   500M |  67 |1323 |4932 |2708 | 424k|  0 | 265k|  32 | 0.000000e+00 |      --      |    Inf |  83.03%
 5445s|262900 |  1487 | 37822k| 143.9 |   500M |  67 |1323 |5083 |2706 | 424k|  1 | 265k|  32 | 0.000000e+00 |      --      |    Inf |  83.03%
 5446s|263000 |  1480 | 37832k| 143.8 |   500M |  67 |1323 |5097 |2774 | 425k|  1 | 265k|  32 | 0.000000e+00 |      --      |    Inf |  83.03%
 5448s|263100 |  1478 | 37847k| 143.8 |   500M |  67 |1323 |5165 |2803 | 425k|  2 | 265k|  32 | 0.000000e+00 |      --      |    Inf |  83.03%
 5450s|263200 |  1475 | 37861k| 143.8 |   500M |  67 |1323 |5031 |3037 | 425k|  1 | 266k|  32 | 0.000000e+00 |      --      |    Inf |  83.13%
 5451s|263300 |  1477 | 37877k| 143.8 |   500M |  67 |1323 |5041 |2943 | 425k|  0 | 266k|  32 | 0.000000e+00 |      --      |    Inf |  83.13%
 5453s|263400 |  1472 | 37891k| 143.8 |   500M |  67 |1323 |5185 |2940 | 425k|  0 | 266k|  32 | 0.000000e+00 |      --      |    Inf |  83.13%
 5454s|263500 |  1474 | 37901k| 143.8 |   500M |  67 |1323 |5218 |2669 | 425k|  2 | 266k|  32 | 0.000000e+00 |      --      |    Inf |  83.13%
 5455s|263600 |  1472 | 37909k| 143.8 |   500M |  67 |1323 |5272 |2666 | 425k|  0 | 266k|  32 | 0.000000e+00 |      --      |    Inf |  83.13%
 5456s|263700 |  1474 | 37917k| 143.8 |   500M |  67 |1323 |5363 |2701 | 425k|  0 | 266k|  32 | 0.000000e+00 |      --      |    Inf |  83.13%
 5457s|263800 |  1475 | 37925k| 143.8 |   500M |  67 |1323 |5468 |2721 | 425k|  0 | 266k|  32 | 0.000000e+00 |      --      |    Inf |  83.13%
 5458s|263900 |  1468 | 37933k| 143.7 |   500M |  67 |1323 |5545 |2687 | 425k|  2 | 266k|  32 | 0.000000e+00 |      --      |    Inf |  83.13%
 5459s|264000 |  1467 | 37942k| 143.7 |   500M |  67 |1323 |5650 |2718 | 425k|  0 | 266k|  32 | 0.000000e+00 |      --      |    Inf |  83.13%
 5460s|264100 |  1471 | 37952k| 143.7 |   500M |  67 |1323 |5672 |2718 | 426k|  2 | 267k|  32 | 0.000000e+00 |      --      |    Inf |  83.13%
 5461s|264200 |  1464 | 37965k| 143.7 |   500M |  67 |1323 |5656 |2953 | 426k|  1 | 267k|  32 | 0.000000e+00 |      --      |    Inf |  83.13%
 time | node  | left  |LP iter|LP it/n|mem/heur|mdpt |vars |cons |rows |cuts |sepa|confs|strbr|  dualbound   | primalbound  |  gap   | compl. 
 5463s|264300 |  1465 | 37980k| 143.7 |   500M |  67 |1323 |5590 |2710 | 426k|  2 | 267k|  32 | 0.000000e+00 |      --      |    Inf |  83.14%
 5465s|264400 |  1463 | 37993k| 143.7 |   500M |  67 |1323 |5481 |3259 | 426k|  2 | 267k|  32 | 0.000000e+00 |      --      |    Inf |  83.14%
 5466s|264500 |  1460 | 38004k| 143.7 |   500M |  67 |1323 |5406 |3193 | 426k|  0 | 267k|  32 | 0.000000e+00 |      --      |    Inf |  83.17%
 5467s|264600 |  1464 | 38016k| 143.7 |   500M |  67 |1323 |5335 |3405 | 426k|  2 | 267k|  32 | 0.000000e+00 |      --      |    Inf |  83.17%
 5469s|264700 |  1458 | 38029k| 143.7 |   500M |  67 |1323 |5129 |2745 | 426k|  2 | 267k|  32 | 0.000000e+00 |      --      |    Inf |  83.18%
 5470s|264800 |  1464 | 38042k| 143.7 |   500M |  67 |1323 |4969 |3040 | 426k|  0 | 267k|  32 | 0.000000e+00 |      --      |    Inf |  83.18%
 5472s|264900 |  1462 | 38060k| 143.7 |   500M |  67 |1323 |5054 |3054 | 426k|  1 | 267k|  32 | 0.000000e+00 |      --      |    Inf |  83.18%
 5473s|265000 |  1456 | 38073k| 143.7 |   500M |  67 |1323 |5160 |3042 | 426k|  0 | 267k|  32 | 0.000000e+00 |      --      |    Inf |  83.18%
 5475s|265100 |  1461 | 38085k| 143.7 |   500M |  67 |1323 |5203 |2747 | 426k|  0 | 268k|  32 | 0.000000e+00 |      --      |    Inf |  83.18%
 5478s|265200 |  1453 | 38115k| 143.7 |   500M |  67 |1323 |5241 |3088 | 427k|  0 | 268k|  32 | 0.000000e+00 |      --      |    Inf |  83.18%
 5480s|265300 |  1451 | 38141k| 143.8 |   500M |  67 |1323 |5295 |3316 | 427k|  2 | 268k|  32 | 0.000000e+00 |      --      |    Inf |  83.18%
 5483s|265400 |  1442 | 38165k| 143.8 |   500M |  67 |1323 |5001 |2881 | 427k|  2 | 268k|  32 | 0.000000e+00 |      --      |    Inf |  83.33%
 5484s|265500 |  1449 | 38179k| 143.8 |   500M |  67 |1323 |4947 |2727 | 427k|  0 | 268k|  32 | 0.000000e+00 |      --      |    Inf |  83.36%
 5486s|265600 |  1445 | 38191k| 143.8 |   500M |  67 |1323 |5055 |2722 | 427k|  2 | 268k|  32 | 0.000000e+00 |      --      |    Inf |  83.36%
 5488s|265700 |  1454 | 38201k| 143.8 |   500M |  67 |1323 |5133 |2773 | 427k|  2 | 268k|  32 | 0.000000e+00 |      --      |    Inf |  83.36%
 time | node  | left  |LP iter|LP it/n|mem/heur|mdpt |vars |cons |rows |cuts |sepa|confs|strbr|  dualbound   | primalbound  |  gap   | compl. 
 5489s|265800 |  1450 | 38214k| 143.8 |   500M |  67 |1323 |5216 |2749 | 428k|  1 | 268k|  32 | 0.000000e+00 |      --      |    Inf |  83.36%
 5491s|265900 |  1450 | 38226k| 143.7 |   500M |  67 |1323 |5301 |2742 | 428k|  0 | 268k|  32 | 0.000000e+00 |      --      |    Inf |  83.36%
 5493s|266000 |  1451 | 38235k| 143.7 |   500M |  67 |1323 |5407 |2741 | 428k|  1 | 268k|  32 | 0.000000e+00 |      --      |    Inf |  83.36%
 5494s|266100 |  1454 | 38245k| 143.7 |   500M |  67 |1323 |5497 |2730 | 428k|  1 | 269k|  32 | 0.000000e+00 |      --      |    Inf |  83.36%
 5495s|266200 |  1450 | 38254k| 143.7 |   500M |  67 |1323 |5626 |2728 | 428k|  1 | 269k|  32 | 0.000000e+00 |      --      |    Inf |  83.36%
 5497s|266300 |  1459 | 38265k| 143.7 |   500M |  67 |1323 |5652 |2682 | 428k|  0 | 269k|  32 | 0.000000e+00 |      --      |    Inf |  83.36%
 5498s|266400 |  1450 | 38276k| 143.7 |   500M |  67 |1323 |5629 |2713 | 428k|  1 | 269k|  32 | 0.000000e+00 |      --      |    Inf |  83.36%
 5499s|266500 |  1453 | 38285k| 143.7 |   500M |  67 |1323 |5653 |3481 | 428k|  0 | 269k|  32 | 0.000000e+00 |      --      |    Inf |  83.36%
 5500s|266600 |  1455 | 38293k| 143.6 |   500M |  67 |1323 |5634 |3491 | 428k|  0 | 269k|  32 | 0.000000e+00 |      --      |    Inf |  83.36%
 5501s|266700 |  1454 | 38302k| 143.6 |   500M |  67 |1323 |5683 |3481 | 428k|  1 | 269k|  32 | 0.000000e+00 |      --      |    Inf |  83.36%
 5502s|266800 |  1454 | 38308k| 143.6 |   500M |  67 |1323 |5711 |3477 | 428k|  0 | 269k|  32 | 0.000000e+00 |      --      |    Inf |  83.36%
 5503s|266900 |  1456 | 38314k| 143.5 |   500M |  67 |1323 |5732 |3490 | 428k|  0 | 269k|  32 | 0.000000e+00 |      --      |    Inf |  83.36%
 5504s|267000 |  1458 | 38321k| 143.5 |   501M |  67 |1323 |5670 |3505 | 428k|  1 | 269k|  32 | 0.000000e+00 |      --      |    Inf |  83.36%
 5505s|267100 |  1456 | 38330k| 143.5 |   501M |  67 |1323 |5653 |3482 | 429k|  2 | 269k|  32 | 0.000000e+00 |      --      |    Inf |  83.36%
 5507s|267200 |  1452 | 38341k| 143.5 |   501M |  67 |1323 |5605 |2977 | 429k|  2 | 269k|  32 | 0.000000e+00 |      --      |    Inf |  83.36%
 time | node  | left  |LP iter|LP it/n|mem/heur|mdpt |vars |cons |rows |cuts |sepa|confs|strbr|  dualbound   | primalbound  |  gap   | compl. 
 5508s|267300 |  1459 | 38353k| 143.5 |   501M |  67 |1323 |5563 |2898 | 429k|  0 | 270k|  32 | 0.000000e+00 |      --      |    Inf |  83.36%
 5510s|267400 |  1463 | 38365k| 143.5 |   501M |  67 |1323 |5564 |2933 | 429k|  0 | 270k|  32 | 0.000000e+00 |      --      |    Inf |  83.36%
 5514s|267500 |  1451 | 38383k| 143.5 |   501M |  67 |1323 |5419 |3491 | 429k|  0 | 270k|  32 | 0.000000e+00 |      --      |    Inf |  83.37%
 5517s|267600 |  1460 | 38397k| 143.5 |   501M |  67 |1323 |5316 |3349 | 429k|  1 | 270k|  32 | 0.000000e+00 |      --      |    Inf |  83.37%
 5520s|267700 |  1454 | 38411k| 143.5 |   501M |  67 |1323 |5056 |3944 | 429k|  1 | 270k|  32 | 0.000000e+00 |      --      |    Inf |  83.38%
 5523s|267800 |  1449 | 38422k| 143.5 |   501M |  67 |1323 |5061 |2675 | 429k|  0 | 270k|  32 | 0.000000e+00 |      --      |    Inf |  83.38%
 5525s|267900 |  1443 | 38431k| 143.4 |   501M |  67 |1323 |4923 |3134 | 429k|  0 | 270k|  32 | 0.000000e+00 |      --      |    Inf |  83.38%
 5528s|268000 |  1427 | 38446k| 143.4 |   501M |  67 |1323 |4694 |3907 | 429k|  0 | 270k|  32 | 0.000000e+00 |      --      |    Inf |  83.40%
 5532s|268100 |  1422 | 38463k| 143.5 |   501M |  67 |1323 |4655 |2871 | 429k|  2 | 270k|  32 | 0.000000e+00 |      --      |    Inf |  83.40%
 5535s|268200 |  1423 | 38475k| 143.4 |   501M |  67 |1323 |4567 |3858 | 430k|  1 | 270k|  32 | 0.000000e+00 |      --      |    Inf |  83.40%
 5537s|268300 |  1425 | 38482k| 143.4 |   501M |  67 |1323 |4603 |   0 | 430k|  0 | 270k|  32 | 0.000000e+00 |      --      |    Inf |  83.40%
 5541s|268400 |  1427 | 38495k| 143.4 |   502M |  67 |1323 |4681 |3811 | 430k|  2 | 270k|  32 | 0.000000e+00 |      --      |    Inf |  83.40%
 5543s|268500 |  1436 | 38505k| 143.4 |   502M |  67 |1323 |4692 |3887 | 430k|  0 | 271k|  32 | 0.000000e+00 |      --      |    Inf |  83.40%
 5546s|268600 |  1426 | 38517k| 143.4 |   502M |  67 |1323 |4766 |3896 | 430k|  2 | 271k|  32 | 0.000000e+00 |      --      |    Inf |  83.40%
 5550s|268700 |  1430 | 38533k| 143.4 |   502M |  67 |1323 |4833 |3897 | 430k|  0 | 271k|  32 | 0.000000e+00 |      --      |    Inf |  83.40%
 time | node  | left  |LP iter|LP it/n|mem/heur|mdpt |vars |cons |rows |cuts |sepa|confs|strbr|  dualbound   | primalbound  |  gap   | compl. 
 5554s|268800 |  1428 | 38550k| 143.4 |   502M |  67 |1323 |4888 |3814 | 430k|  0 | 271k|  32 | 0.000000e+00 |      --      |    Inf |  83.40%
 5558s|268900 |  1432 | 38568k| 143.4 |   502M |  67 |1323 |4940 |3902 | 430k|  0 | 271k|  32 | 0.000000e+00 |      --      |    Inf |  83.40%
 5561s|269000 |  1437 | 38591k| 143.4 |   502M |  67 |1323 |4982 |3913 | 430k|  1 | 271k|  32 | 0.000000e+00 |      --      |    Inf |  83.40%
 5563s|269100 |  1436 | 38610k| 143.5 |   503M |  67 |1323 |5118 |3908 | 430k|  0 | 271k|  32 | 0.000000e+00 |      --      |    Inf |  83.40%
 5565s|269200 |  1433 | 38622k| 143.5 |   503M |  67 |1323 |5218 |3879 | 430k|  1 | 271k|  32 | 0.000000e+00 |      --      |    Inf |  83.40%
 5567s|269300 |  1444 | 38646k| 143.5 |   505M |  67 |1323 |5288 |3965 | 430k|  1 | 271k|  32 | 0.000000e+00 |      --      |    Inf |  83.40%
 5571s|269400 |  1446 | 38677k| 143.6 |   507M |  67 |1323 |5377 |4034 | 431k|  2 | 272k|  32 | 0.000000e+00 |      --      |    Inf |  83.40%
 5574s|269500 |  1425 | 38710k| 143.6 |   507M |  67 |1323 |5383 |3898 | 431k|  2 | 272k|  32 | 0.000000e+00 |      --      |    Inf |  83.40%
 5578s|269600 |  1426 | 38745k| 143.7 |   507M |  67 |1323 |5176 |3924 | 431k|  2 | 272k|  32 | 0.000000e+00 |      --      |    Inf |  83.41%
 5582s|269700 |  1419 | 38786k| 143.8 |   509M |  67 |1323 |5022 |3894 | 431k|  2 | 272k|  32 | 0.000000e+00 |      --      |    Inf |  83.41%
 5586s|269800 |  1418 | 38828k| 143.9 |   509M |  67 |1323 |5001 |3918 | 431k|  0 | 272k|  32 | 0.000000e+00 |      --      |    Inf |  83.41%
 5591s|269900 |  1420 | 38871k| 144.0 |   509M |  67 |1323 |4831 |3934 | 431k|  2 | 272k|  32 | 0.000000e+00 |      --      |    Inf |  83.41%
 5594s|270000 |  1424 | 38909k| 144.1 |   509M |  67 |1323 |4932 |3948 | 432k|  1 | 272k|  32 | 0.000000e+00 |      --      |    Inf |  83.41%
 5598s|270100 |  1428 | 38944k| 144.2 |   509M |  67 |1323 |5040 |3977 | 432k|  0 | 272k|  32 | 0.000000e+00 |      --      |    Inf |  83.41%
 5602s|270200 |  1433 | 38989k| 144.3 |   509M |  67 |1323 |5108 |   0 | 432k|  0 | 273k|  32 | 0.000000e+00 |      --      |    Inf |  83.41%
 time | node  | left  |LP iter|LP it/n|mem/heur|mdpt |vars |cons |rows |cuts |sepa|confs|strbr|  dualbound   | primalbound  |  gap   | compl. 
 5606s|270300 |  1426 | 39022k| 144.4 |   510M |  67 |1323 |5218 |4061 | 432k|  0 | 273k|  32 | 0.000000e+00 |      --      |    Inf |  83.41%
 5610s|270400 |  1418 | 39063k| 144.5 |   510M |  67 |1323 |5195 |3952 | 432k|  1 | 273k|  32 | 0.000000e+00 |      --      |    Inf |  83.41%
 5615s|270500 |  1423 | 39107k| 144.6 |   510M |  67 |1323 |5274 |3990 | 432k|  0 | 273k|  32 | 0.000000e+00 |      --      |    Inf |  83.41%
 5619s|270600 |  1427 | 39147k| 144.7 |   510M |  67 |1323 |5412 |4004 | 433k|  2 | 273k|  32 | 0.000000e+00 |      --      |    Inf |  83.41%
 5624s|270700 |  1426 | 39188k| 144.8 |   510M |  67 |1323 |5486 |4026 | 433k|  0 | 273k|  32 | 0.000000e+00 |      --      |    Inf |  83.41%
 5631s|270800 |  1437 | 39254k| 144.9 |   510M |  67 |1323 |5549 |3995 | 433k|  2 | 273k|  32 | 0.000000e+00 |      --      |    Inf |  83.41%
 5636s|270900 |  1423 | 39294k| 145.0 |   510M |  67 |1323 |5600 |3936 | 433k|  1 | 274k|  32 | 0.000000e+00 |      --      |    Inf |  83.41%
 5641s|271000 |  1423 | 39338k| 145.1 |   510M |  67 |1323 |5701 |3967 | 433k|  1 | 274k|  32 | 0.000000e+00 |      --      |    Inf |  83.41%
 5647s|271100 |  1419 | 39381k| 145.3 |   510M |  67 |1323 |5723 |   0 | 433k|  0 | 274k|  32 | 0.000000e+00 |      --      |    Inf |  83.41%
 5654s|271200 |  1415 | 39437k| 145.4 |   510M |  67 |1323 |5768 |3959 | 434k|  1 | 274k|  32 | 0.000000e+00 |      --      |    Inf |  83.41%
 5660s|271300 |  1417 | 39487k| 145.5 |   510M |  67 |1323 |5668 |   0 | 434k|  0 | 274k|  32 | 0.000000e+00 |      --      |    Inf |  83.41%
 5667s|271400 |  1407 | 39537k| 145.7 |   510M |  67 |1323 |5546 |3080 | 434k|  0 | 274k|  32 | 0.000000e+00 |      --      |    Inf |  83.41%
 5672s|271500 |  1416 | 39580k| 145.8 |   510M |  67 |1323 |5394 |3028 | 434k|  0 | 274k|  32 | 0.000000e+00 |      --      |    Inf |  83.42%
 5677s|271600 |  1405 | 39629k| 145.9 |   510M |  67 |1323 |5300 |2957 | 435k|  0 | 274k|  32 | 0.000000e+00 |      --      |    Inf |  83.42%
 5680s|271700 |  1407 | 39660k| 146.0 |   510M |  67 |1323 |5359 |3069 | 435k|  2 | 274k|  32 | 0.000000e+00 |      --      |    Inf |  83.43%
 time | node  | left  |LP iter|LP it/n|mem/heur|mdpt |vars |cons |rows |cuts |sepa|confs|strbr|  dualbound   | primalbound  |  gap   | compl. 
 5683s|271800 |  1413 | 39679k| 146.0 |   510M |  67 |1323 |5419 |3088 | 435k|  0 | 275k|  32 | 0.000000e+00 |      --      |    Inf |  83.43%
 5685s|271900 |  1401 | 39695k| 146.0 |   510M |  67 |1323 |5615 |   0 | 435k|  0 | 275k|  32 | 0.000000e+00 |      --      |    Inf |  83.43%
 5688s|272000 |  1409 | 39721k| 146.0 |   510M |  67 |1323 |5634 |3846 | 435k|  0 | 275k|  32 | 0.000000e+00 |      --      |    Inf |  83.43%
 5692s|272100 |  1415 | 39750k| 146.1 |   515M |  67 |1323 |5718 |3898 | 435k|  2 | 275k|  32 | 0.000000e+00 |      --      |    Inf |  83.43%
 5697s|272200 |  1421 | 39782k| 146.1 |   516M |  67 |1323 |5796 |3862 | 435k|  1 | 275k|  32 | 0.000000e+00 |      --      |    Inf |  83.43%
 5701s|272300 |  1412 | 39809k| 146.2 |   518M |  67 |1323 |5848 |3894 | 435k|  2 | 275k|  32 | 0.000000e+00 |      --      |    Inf |  83.43%
 5705s|272400 |  1406 | 39840k| 146.2 |   518M |  67 |1323 |5874 |2754 | 435k|  0 | 275k|  32 | 0.000000e+00 |      --      |    Inf |  83.43%
 5707s|272500 |  1418 | 39864k| 146.3 |   518M |  67 |1323 |5747 |2729 | 436k|  0 | 275k|  32 | 0.000000e+00 |      --      |    Inf |  83.43%
 5710s|272600 |  1400 | 39889k| 146.3 |   518M |  67 |1323 |5761 |3103 | 436k|  1 | 276k|  32 | 0.000000e+00 |      --      |    Inf |  83.43%
 5714s|272700 |  1405 | 39924k| 146.4 |   518M |  67 |1323 |5766 |3888 | 436k|  2 | 276k|  32 | 0.000000e+00 |      --      |    Inf |  83.43%
 5717s|272800 |  1396 | 39954k| 146.4 |   518M |  67 |1323 |5873 |3926 | 436k|  2 | 276k|  32 | 0.000000e+00 |      --      |    Inf |  83.43%
 5721s|272900 |  1395 | 39984k| 146.5 |   518M |  67 |1323 |5892 |3948 | 436k|  2 | 276k|  32 | 0.000000e+00 |      --      |    Inf |  83.43%
 5724s|273000 |  1403 | 40006k| 146.5 |   518M |  67 |1323 |5728 |2806 | 437k|  0 | 276k|  32 | 0.000000e+00 |      --      |    Inf |  83.43%
 5725s|273100 |  1395 | 40015k| 146.5 |   518M |  67 |1323 |5800 |2807 | 437k|  1 | 276k|  32 | 0.000000e+00 |      --      |    Inf |  83.43%
 5726s|273200 |  1396 | 40022k| 146.5 |   518M |  67 |1323 |5846 |   0 | 437k|  0 | 276k|  32 | 0.000000e+00 |      --      |    Inf |  83.43%
 time | node  | left  |LP iter|LP it/n|mem/heur|mdpt |vars |cons |rows |cuts |sepa|confs|strbr|  dualbound   | primalbound  |  gap   | compl. 
 5727s|273300 |  1403 | 40029k| 146.5 |   518M |  67 |1323 |5906 |2743 | 437k|  3 | 276k|  32 | 0.000000e+00 |      --      |    Inf |  83.44%
 5729s|273400 |  1392 | 40042k| 146.4 |   518M |  67 |1323 |5888 |2673 | 437k|  0 | 276k|  32 | 0.000000e+00 |      --      |    Inf |  83.44%
 5730s|273500 |  1387 | 40055k| 146.4 |   518M |  67 |1323 |5780 |3097 | 437k|  1 | 277k|  32 | 0.000000e+00 |      --      |    Inf |  83.45%
 5732s|273600 |  1393 | 40068k| 146.4 |   518M |  67 |1323 |5863 |3110 | 437k|  2 | 277k|  32 | 0.000000e+00 |      --      |    Inf |  83.45%
 5734s|273700 |  1400 | 40083k| 146.4 |   518M |  67 |1323 |5948 |3104 | 437k|  2 | 277k|  32 | 0.000000e+00 |      --      |    Inf |  83.45%
 5736s|273800 |  1387 | 40102k| 146.5 |   518M |  67 |1323 |6056 |3150 | 437k|  0 | 277k|  32 | 0.000000e+00 |      --      |    Inf |  83.45%
 5738s|273900 |  1390 | 40118k| 146.5 |   518M |  67 |1323 |5992 |3497 | 437k|  1 | 277k|  32 | 0.000000e+00 |      --      |    Inf |  83.45%
 5739s|274000 |  1394 | 40130k| 146.4 |   518M |  67 |1323 |5887 |3492 | 437k|  1 | 277k|  32 | 0.000000e+00 |      --      |    Inf |  83.45%
 5741s|274100 |  1384 | 40143k| 146.4 |   518M |  67 |1323 |5966 |3489 | 437k|  1 | 277k|  32 | 0.000000e+00 |      --      |    Inf |  83.45%
 5744s|274200 |  1387 | 40154k| 146.4 |   518M |  67 |1323 |6068 |2713 | 438k|  1 | 277k|  32 | 0.000000e+00 |      --      |    Inf |  83.45%
 5746s|274300 |  1383 | 40165k| 146.4 |   518M |  67 |1323 |6162 |2731 | 438k|  1 | 277k|  32 | 0.000000e+00 |      --      |    Inf |  83.45%
 5750s|274400 |  1377 | 40176k| 146.4 |   518M |  67 |1323 |6244 |2779 | 438k|  1 | 278k|  32 | 0.000000e+00 |      --      |    Inf |  83.45%
 5751s|274500 |  1397 | 40190k| 146.4 |   518M |  67 |1323 |6263 |2734 | 438k|  0 | 278k|  32 | 0.000000e+00 |      --      |    Inf |  83.45%
 5754s|274600 |  1404 | 40223k| 146.5 |   518M |  67 |1323 |6355 |2695 | 438k|  2 | 278k|  32 | 0.000000e+00 |      --      |    Inf |  83.45%
 5758s|274700 |  1419 | 40255k| 146.5 |   518M |  67 |1323 |6442 |2784 | 439k|  2 | 278k|  32 | 0.000000e+00 |      --      |    Inf |  83.45%
 time | node  | left  |LP iter|LP it/n|mem/heur|mdpt |vars |cons |rows |cuts |sepa|confs|strbr|  dualbound   | primalbound  |  gap   | compl. 
 5761s|274800 |  1435 | 40286k| 146.6 |   518M |  67 |1323 |6513 |2778 | 439k|  0 | 278k|  32 | 0.000000e+00 |      --      |    Inf |  83.45%
 5764s|274900 |  1433 | 40316k| 146.6 |   518M |  67 |1323 |6614 |2919 | 440k|  0 | 278k|  32 | 0.000000e+00 |      --      |    Inf |  83.45%
 5767s|275000 |  1418 | 40344k| 146.7 |   518M |  67 |1323 |6711 |2832 | 440k|  0 | 278k|  32 | 0.000000e+00 |      --      |    Inf |  83.45%
 5771s|275100 |  1419 | 40372k| 146.7 |   518M |  67 |1323 |6812 |2921 | 440k|  0 | 278k|  32 | 0.000000e+00 |      --      |    Inf |  83.45%
 5774s|275200 |  1410 | 40400k| 146.8 |   518M |  67 |1323 |6907 |2828 | 440k|  0 | 279k|  32 | 0.000000e+00 |      --      |    Inf |  83.45%
 5777s|275300 |  1404 | 40430k| 146.8 |   518M |  67 |1323 |7018 |2777 | 440k|  0 | 279k|  32 | 0.000000e+00 |      --      |    Inf |  83.45%
 5780s|275400 |  1396 | 40461k| 146.9 |   518M |  67 |1323 |7114 |2824 | 441k|  2 | 279k|  32 | 0.000000e+00 |      --      |    Inf |  83.45%
 5783s|275500 |  1389 | 40488k| 147.0 |   518M |  67 |1323 |6755 |3051 | 441k|  0 | 279k|  32 | 0.000000e+00 |      --      |    Inf |  85.02%
 5787s|275600 |  1384 | 40522k| 147.0 |   518M |  67 |1323 |6361 |2804 | 441k|  0 | 279k|  32 | 0.000000e+00 |      --      |    Inf |  85.12%
 5792s|275700 |  1376 | 40566k| 147.1 |   518M |  67 |1323 |5906 |2798 | 442k|  0 | 279k|  32 | 0.000000e+00 |      --      |    Inf |  85.12%
 5796s|275800 |  1387 | 40600k| 147.2 |   518M |  67 |1323 |5817 |3602 | 442k|  0 | 279k|  32 | 0.000000e+00 |      --      |    Inf |  85.12%
 5799s|275900 |  1377 | 40635k| 147.3 |   518M |  67 |1323 |5761 |3520 | 442k|  0 | 279k|  32 | 0.000000e+00 |      --      |    Inf |  85.12%
 5802s|276000 |  1375 | 40660k| 147.3 |   518M |  67 |1323 |5331 |3461 | 442k|  1 | 279k|  32 | 0.000000e+00 |      --      |    Inf |  85.13%
 5805s|276100 |  1368 | 40682k| 147.3 |   518M |  67 |1323 |4859 |3471 | 442k|  0 | 280k|  32 | 0.000000e+00 |      --      |    Inf |  85.15%
 5806s|276200 |  1367 | 40693k| 147.3 |   518M |  67 |1323 |4735 |3189 | 442k|  1 | 280k|  32 | 0.000000e+00 |      --      |    Inf |  85.16%
 time | node  | left  |LP iter|LP it/n|mem/heur|mdpt |vars |cons |rows |cuts |sepa|confs|strbr|  dualbound   | primalbound  |  gap   | compl. 
 5808s|276300 |  1357 | 40706k| 147.3 |   518M |  67 |1323 |4647 |2678 | 442k|  2 | 280k|  32 | 0.000000e+00 |      --      |    Inf |  85.16%
 5810s|276400 |  1359 | 40722k| 147.3 |   519M |  67 |1323 |4680 |2751 | 443k|  0 | 280k|  32 | 0.000000e+00 |      --      |    Inf |  85.16%
 5811s|276500 |  1370 | 40732k| 147.3 |   519M |  67 |1323 |4717 |2944 | 443k|  0 | 280k|  32 | 0.000000e+00 |      --      |    Inf |  85.16%
 5813s|276600 |  1363 | 40748k| 147.3 |   519M |  67 |1323 |4769 |3322 | 443k|  0 | 280k|  32 | 0.000000e+00 |      --      |    Inf |  85.16%
 5815s|276700 |  1356 | 40760k| 147.3 |   519M |  67 |1323 |4721 |3216 | 443k|  0 | 280k|  32 | 0.000000e+00 |      --      |    Inf |  85.16%
 5816s|276800 |  1362 | 40768k| 147.3 |   519M |  67 |1323 |4741 |3260 | 443k|  0 | 280k|  32 | 0.000000e+00 |      --      |    Inf |  85.16%
 5817s|276900 |  1360 | 40777k| 147.3 |   519M |  67 |1323 |4782 |3256 | 443k|  2 | 280k|  32 | 0.000000e+00 |      --      |    Inf |  85.16%
 5818s|277000 |  1349 | 40790k| 147.2 |   519M |  67 |1323 |4788 |3352 | 443k|  0 | 280k|  32 | 0.000000e+00 |      --      |    Inf |  85.16%
 5820s|277100 |  1359 | 40801k| 147.2 |   519M |  67 |1323 |4897 |3749 | 443k|  0 | 281k|  32 | 0.000000e+00 |      --      |    Inf |  85.16%
 5821s|277200 |  1368 | 40812k| 147.2 |   519M |  67 |1323 |4838 |3737 | 443k|  1 | 281k|  32 | 0.000000e+00 |      --      |    Inf |  85.17%
 5822s|277300 |  1358 | 40824k| 147.2 |   519M |  67 |1323 |4897 |2675 | 443k|  3 | 281k|  32 | 0.000000e+00 |      --      |    Inf |  85.17%
 5824s|277400 |  1353 | 40839k| 147.2 |   519M |  67 |1323 |4951 |2693 | 443k|  0 | 281k|  32 | 0.000000e+00 |      --      |    Inf |  85.17%
 5826s|277500 |  1346 | 40854k| 147.2 |   519M |  67 |1323 |4928 |2912 | 444k|  0 | 281k|  32 | 0.000000e+00 |      --      |    Inf |  85.17%
 5827s|277600 |  1341 | 40868k| 147.2 |   519M |  67 |1323 |4892 |3311 | 444k|  0 | 281k|  32 | 0.000000e+00 |      --      |    Inf |  85.17%
 5829s|277700 |  1338 | 40879k| 147.2 |   519M |  67 |1323 |4832 |3794 | 444k|  1 | 281k|  32 | 0.000000e+00 |      --      |    Inf |  85.17%
 time | node  | left  |LP iter|LP it/n|mem/heur|mdpt |vars |cons |rows |cuts |sepa|confs|strbr|  dualbound   | primalbound  |  gap   | compl. 
 5831s|277800 |  1348 | 40891k| 147.2 |   519M |  67 |1323 |4767 |3801 | 444k|  1 | 281k|  32 | 0.000000e+00 |      --      |    Inf |  85.17%
 5833s|277900 |  1343 | 40905k| 147.2 |   519M |  67 |1323 |4817 |2934 | 444k|  0 | 281k|  32 | 0.000000e+00 |      --      |    Inf |  85.17%
 5836s|278000 |  1348 | 40924k| 147.2 |   519M |  67 |1323 |4881 |3802 | 444k|  0 | 281k|  32 | 0.000000e+00 |      --      |    Inf |  85.17%
 5839s|278100 |  1344 | 40943k| 147.2 |   519M |  67 |1323 |5017 |3812 | 444k|  2 | 282k|  32 | 0.000000e+00 |      --      |    Inf |  85.17%
 5845s|278200 |  1342 | 40983k| 147.3 |   520M |  67 |1323 |5094 |2962 | 444k|  2 | 282k|  32 | 0.000000e+00 |      --      |    Inf |  85.17%
 5849s|278300 |  1341 | 41025k| 147.4 |   520M |  67 |1323 |5150 |3642 | 445k|  2 | 282k|  32 | 0.000000e+00 |      --      |    Inf |  85.17%
 5853s|278400 |  1342 | 41057k| 147.5 |   520M |  67 |1323 |5290 |3586 | 445k|  1 | 282k|  32 | 0.000000e+00 |      --      |    Inf |  85.17%
 5858s|278500 |  1333 | 41105k| 147.6 |   520M |  67 |1323 |5303 |   0 | 445k|  0 | 282k|  32 | 0.000000e+00 |      --      |    Inf |  85.17%
 5862s|278600 |  1341 | 41140k| 147.7 |   520M |  67 |1323 |5388 |3376 | 445k|  2 | 282k|  32 | 0.000000e+00 |      --      |    Inf |  85.17%
 5866s|278700 |  1336 | 41174k| 147.7 |   520M |  67 |1323 |5465 |3360 | 445k|  0 | 282k|  32 | 0.000000e+00 |      --      |    Inf |  85.17%
 5869s|278800 |  1333 | 41201k| 147.8 |   520M |  67 |1323 |5415 |4089 | 445k|  1 | 282k|  32 | 0.000000e+00 |      --      |    Inf |  85.17%
 5871s|278900 |  1340 | 41227k| 147.8 |   520M |  67 |1323 |5336 |3894 | 446k|  1 | 282k|  32 | 0.000000e+00 |      --      |    Inf |  85.17%
 5875s|279000 |  1347 | 41254k| 147.9 |   520M |  67 |1323 |5407 |3969 | 446k|  0 | 283k|  32 | 0.000000e+00 |      --      |    Inf |  85.17%
 5877s|279100 |  1341 | 41278k| 147.9 |   520M |  67 |1323 |5544 |3911 | 446k|  1 | 283k|  32 | 0.000000e+00 |      --      |    Inf |  85.17%
 5881s|279200 |  1337 | 41305k| 147.9 |   520M |  67 |1323 |5629 |3908 | 446k|  0 | 283k|  32 | 0.000000e+00 |      --      |    Inf |  85.17%
 time | node  | left  |LP iter|LP it/n|mem/heur|mdpt |vars |cons |rows |cuts |sepa|confs|strbr|  dualbound   | primalbound  |  gap   | compl. 
 5883s|279300 |  1337 | 41328k| 148.0 |   520M |  67 |1323 |5719 |3909 | 446k|  1 | 283k|  32 | 0.000000e+00 |      --      |    Inf |  85.18%
 5886s|279400 |  1338 | 41351k| 148.0 |   520M |  67 |1323 |5702 |2730 | 446k|  1 | 283k|  32 | 0.000000e+00 |      --      |    Inf |  85.18%
 5888s|279500 |  1336 | 41376k| 148.0 |   520M |  67 |1323 |5662 |2729 | 446k|  0 | 283k|  32 | 0.000000e+00 |      --      |    Inf |  85.18%
 5893s|279600 |  1337 | 41414k| 148.1 |   520M |  67 |1323 |5551 |3374 | 447k|  0 | 283k|  32 | 0.000000e+00 |      --      |    Inf |  85.18%
 5896s|279700 |  1337 | 41445k| 148.2 |   520M |  67 |1323 |5569 |3013 | 447k|  1 | 283k|  32 | 0.000000e+00 |      --      |    Inf |  85.18%
 5897s|279800 |  1338 | 41463k| 148.2 |   520M |  67 |1323 |5647 |3043 | 447k|  2 | 283k|  32 | 0.000000e+00 |      --      |    Inf |  85.18%
 5900s|279900 |  1345 | 41489k| 148.2 |   520M |  67 |1323 |5717 |3142 | 447k|  1 | 283k|  32 | 0.000000e+00 |      --      |    Inf |  85.18%
 5903s|280000 |  1342 | 41516k| 148.3 |   520M |  67 |1323 |5788 |3133 | 447k|  0 | 284k|  32 | 0.000000e+00 |      --      |    Inf |  85.18%
 5905s|280100 |  1338 | 41544k| 148.3 |   520M |  67 |1323 |5809 |3065 | 447k|  2 | 284k|  32 | 0.000000e+00 |      --      |    Inf |  85.18%
 5908s|280200 |  1337 | 41574k| 148.4 |   520M |  67 |1323 |5689 |3064 | 448k|  0 | 284k|  32 | 0.000000e+00 |      --      |    Inf |  85.18%
 5911s|280300 |  1341 | 41597k| 148.4 |   520M |  67 |1323 |5695 |2977 | 448k|  0 | 284k|  32 | 0.000000e+00 |      --      |    Inf |  85.18%
 5913s|280400 |  1344 | 41622k| 148.4 |   520M |  67 |1323 |5344 |3260 | 448k|  2 | 284k|  32 | 0.000000e+00 |      --      |    Inf |  85.18%
 5917s|280500 |  1333 | 41655k| 148.5 |   520M |  67 |1323 |5133 |3111 | 448k|  0 | 284k|  32 | 0.000000e+00 |      --      |    Inf |  85.19%
 5921s|280600 |  1343 | 41693k| 148.6 |   520M |  67 |1323 |5222 |3200 | 448k|  2 | 284k|  32 | 0.000000e+00 |      --      |    Inf |  85.19%
 5924s|280700 |  1336 | 41725k| 148.6 |   520M |  67 |1323 |5291 |2987 | 449k|  1 | 284k|  32 | 0.000000e+00 |      --      |    Inf |  85.19%
 time | node  | left  |LP iter|LP it/n|mem/heur|mdpt |vars |cons |rows |cuts |sepa|confs|strbr|  dualbound   | primalbound  |  gap   | compl. 
 5928s|280800 |  1333 | 41764k| 148.7 |   520M |  67 |1323 |5409 |3131 | 449k|  0 | 284k|  32 | 0.000000e+00 |      --      |    Inf |  85.19%
 5932s|280900 |  1326 | 41805k| 148.8 |   520M |  67 |1323 |5514 |3151 | 449k|  2 | 285k|  32 | 0.000000e+00 |      --      |    Inf |  85.19%
 5936s|281000 |  1338 | 41837k| 148.9 |   520M |  67 |1323 |5540 |2854 | 450k|  2 | 285k|  32 | 0.000000e+00 |      --      |    Inf |  85.19%
 5938s|281100 |  1334 | 41864k| 148.9 |   520M |  67 |1323 |5652 |2883 | 450k|  1 | 285k|  32 | 0.000000e+00 |      --      |    Inf |  85.19%
 5941s|281200 |  1330 | 41891k| 149.0 |   520M |  67 |1323 |5731 |3302 | 450k|  2 | 285k|  32 | 0.000000e+00 |      --      |    Inf |  85.19%
 5944s|281300 |  1329 | 41921k| 149.0 |   521M |  67 |1323 |5848 |3354 | 450k|  2 | 285k|  32 | 0.000000e+00 |      --      |    Inf |  85.19%
 5947s|281400 |  1329 | 41952k| 149.1 |   521M |  67 |1323 |5928 |3358 | 451k|  0 | 285k|  32 | 0.000000e+00 |      --      |    Inf |  85.20%
 5951s|281500 |  1328 | 41986k| 149.1 |   521M |  67 |1323 |6019 |3297 | 451k|  2 | 285k|  32 | 0.000000e+00 |      --      |    Inf |  85.20%
 5954s|281600 |  1333 | 42011k| 149.2 |   521M |  67 |1323 |5798 |2816 | 451k|  2 | 285k|  32 | 0.000000e+00 |      --      |    Inf |  85.20%
 5956s|281700 |  1341 | 42037k| 149.2 |   521M |  67 |1323 |5610 |2742 | 452k|  0 | 285k|  32 | 0.000000e+00 |      --      |    Inf |  85.21%
 5959s|281800 |  1340 | 42061k| 149.2 |   521M |  67 |1323 |5678 |2770 | 452k|  2 | 286k|  32 | 0.000000e+00 |      --      |    Inf |  85.21%
 5961s|281900 |  1337 | 42085k| 149.3 |   521M |  67 |1323 |5682 |2946 | 452k|  1 | 286k|  32 | 0.000000e+00 |      --      |    Inf |  85.21%
 5964s|282000 |  1327 | 42115k| 149.3 |   521M |  67 |1323 |5283 |2968 | 452k|  2 | 286k|  32 | 0.000000e+00 |      --      |    Inf |  85.26%
 5966s|282100 |  1330 | 42126k| 149.3 |   521M |  67 |1323 |5352 |   0 | 452k|  0 | 286k|  32 | 0.000000e+00 |      --      |    Inf |  85.26%
 5967s|282200 |  1342 | 42135k| 149.3 |   521M |  67 |1323 |5298 |3039 | 452k|  1 | 286k|  32 | 0.000000e+00 |      --      |    Inf |  85.29%
 time | node  | left  |LP iter|LP it/n|mem/heur|mdpt |vars |cons |rows |cuts |sepa|confs|strbr|  dualbound   | primalbound  |  gap   | compl. 
 5968s|282300 |  1346 | 42142k| 149.3 |   521M |  67 |1323 |5253 |3045 | 452k|  2 | 286k|  32 | 0.000000e+00 |      --      |    Inf |  85.31%
 5969s|282400 |  1352 | 42147k| 149.2 |   521M |  67 |1323 |5272 |3039 | 452k|  2 | 286k|  32 | 0.000000e+00 |      --      |    Inf |  85.31%
 5970s|282500 |  1358 | 42152k| 149.2 |   521M |  67 |1323 |5288 |3038 | 453k|  2 | 286k|  32 | 0.000000e+00 |      --      |    Inf |  85.31%
 5970s|282600 |  1356 | 42155k| 149.2 |   521M |  67 |1323 |5300 |3048 | 453k|  1 | 286k|  32 | 0.000000e+00 |      --      |    Inf |  85.31%
 5971s|282700 |  1358 | 42160k| 149.1 |   521M |  67 |1323 |5292 |3058 | 453k|  0 | 286k|  32 | 0.000000e+00 |      --      |    Inf |  85.31%
 5972s|282800 |  1349 | 42166k| 149.1 |   521M |  67 |1323 |5284 |3037 | 453k|  2 | 286k|  32 | 0.000000e+00 |      --      |    Inf |  85.31%
 5973s|282900 |  1355 | 42171k| 149.1 |   521M |  67 |1323 |5285 |3077 | 453k|  0 | 286k|  32 | 0.000000e+00 |      --      |    Inf |  85.31%
 5974s|283000 |  1349 | 42175k| 149.0 |   521M |  67 |1323 |5310 |3058 | 453k|  1 | 286k|  32 | 0.000000e+00 |      --      |    Inf |  85.31%
 5975s|283100 |  1347 | 42179k| 149.0 |   521M |  67 |1323 |5331 |3066 | 453k|  0 | 286k|  32 | 0.000000e+00 |      --      |    Inf |  85.31%
 5976s|283200 |  1353 | 42185k| 148.9 |   521M |  67 |1323 |5309 |3054 | 453k|  2 | 286k|  32 | 0.000000e+00 |      --      |    Inf |  85.31%
 5977s|283300 |  1351 | 42191k| 148.9 |   521M |  67 |1323 |5304 |3065 | 453k|  2 | 286k|  32 | 0.000000e+00 |      --      |    Inf |  85.31%
 5979s|283400 |  1348 | 42198k| 148.9 |   521M |  67 |1323 |5290 |3044 | 454k|  1 | 286k|  32 | 0.000000e+00 |      --      |    Inf |  85.31%
 5980s|283500 |  1342 | 42205k| 148.9 |   521M |  67 |1323 |5300 |3062 | 454k|  2 | 286k|  32 | 0.000000e+00 |      --      |    Inf |  85.31%
 5982s|283600 |  1333 | 42219k| 148.9 |   521M |  67 |1323 |5351 |3066 | 454k|  0 | 286k|  32 | 0.000000e+00 |      --      |    Inf |  85.31%
 5984s|283700 |  1336 | 42234k| 148.9 |   521M |  67 |1323 |5408 |3109 | 454k|  2 | 286k|  32 | 0.000000e+00 |      --      |    Inf |  85.31%
 time | node  | left  |LP iter|LP it/n|mem/heur|mdpt |vars |cons |rows |cuts |sepa|confs|strbr|  dualbound   | primalbound  |  gap   | compl. 
 5985s|283800 |  1334 | 42247k| 148.9 |   521M |  67 |1323 |5481 |3055 | 454k|  0 | 286k|  32 | 0.000000e+00 |      --      |    Inf |  85.31%
 5987s|283900 |  1330 | 42267k| 148.9 |   521M |  67 |1323 |5363 |2975 | 455k|  2 | 286k|  32 | 0.000000e+00 |      --      |    Inf |  85.32%
 5989s|284000 |  1329 | 42285k| 148.9 |   521M |  67 |1323 |5311 |3307 | 455k|  2 | 287k|  32 | 0.000000e+00 |      --      |    Inf |  85.34%
 5991s|284100 |  1338 | 42306k| 148.9 |   521M |  67 |1323 |5266 |3305 | 455k|  1 | 287k|  32 | 0.000000e+00 |      --      |    Inf |  85.34%
 5993s|284200 |  1331 | 42327k| 148.9 |   521M |  67 |1323 |5234 |3149 | 455k|  1 | 287k|  32 | 0.000000e+00 |      --      |    Inf |  85.34%
 5995s|284300 |  1326 | 42347k| 148.9 |   521M |  67 |1323 |5239 |2991 | 455k|  0 | 287k|  32 | 0.000000e+00 |      --      |    Inf |  85.35%
 5996s|284400 |  1325 | 42363k| 148.9 |   521M |  67 |1323 |5162 |2788 | 455k|  0 | 287k|  32 | 0.000000e+00 |      --      |    Inf |  85.35%
 5999s|284500 |  1318 | 42389k| 149.0 |   521M |  67 |1323 |5050 |2806 | 455k|  0 | 287k|  32 | 0.000000e+00 |      --      |    Inf |  85.35%
 6002s|284600 |  1307 | 42418k| 149.0 |   521M |  67 |1323 |4822 |2772 | 455k|  1 | 287k|  32 | 0.000000e+00 |      --      |    Inf |  85.36%
 6004s|284700 |  1303 | 42444k| 149.1 |   521M |  67 |1323 |4635 |2921 | 455k|  0 | 287k|  32 | 0.000000e+00 |      --      |    Inf |  85.37%
 6006s|284800 |  1301 | 42466k| 149.1 |   521M |  67 |1323 |4719 |2914 | 455k|  0 | 287k|  32 | 0.000000e+00 |      --      |    Inf |  85.37%
 6008s|284900 |  1307 | 42482k| 149.1 |   521M |  67 |1323 |4784 |3269 | 456k|  2 | 287k|  32 | 0.000000e+00 |      --      |    Inf |  85.37%
 6010s|285000 |  1306 | 42510k| 149.2 |   521M |  67 |1323 |4720 |3345 | 456k|  1 | 287k|  32 | 0.000000e+00 |      --      |    Inf |  85.37%
 6012s|285100 |  1300 | 42527k| 149.2 |   521M |  67 |1323 |4736 |3334 | 456k|  2 | 288k|  32 | 0.000000e+00 |      --      |    Inf |  85.37%
 6014s|285200 |  1299 | 42544k| 149.2 |   521M |  67 |1323 |4781 |3119 | 456k|  0 | 288k|  32 | 0.000000e+00 |      --      |    Inf |  85.37%
 time | node  | left  |LP iter|LP it/n|mem/heur|mdpt |vars |cons |rows |cuts |sepa|confs|strbr|  dualbound   | primalbound  |  gap   | compl. 
 6016s|285300 |  1314 | 42564k| 149.2 |   521M |  67 |1323 |4683 |3317 | 456k|  2 | 288k|  32 | 0.000000e+00 |      --      |    Inf |  85.37%
 6017s|285400 |  1321 | 42581k| 149.2 |   521M |  67 |1323 |4751 |3337 | 456k|  1 | 288k|  32 | 0.000000e+00 |      --      |    Inf |  85.37%
 6019s|285500 |  1317 | 42601k| 149.2 |   521M |  67 |1323 |4820 |3326 | 456k|  1 | 288k|  32 | 0.000000e+00 |      --      |    Inf |  85.38%
 6022s|285600 |  1319 | 42627k| 149.2 |   521M |  67 |1323 |4912 |3376 | 456k|  1 | 288k|  32 | 0.000000e+00 |      --      |    Inf |  85.38%
 6024s|285700 |  1318 | 42650k| 149.3 |   521M |  67 |1323 |4983 |3328 | 456k|  1 | 288k|  32 | 0.000000e+00 |      --      |    Inf |  85.39%
 6026s|285800 |  1335 | 42669k| 149.3 |   521M |  67 |1323 |5017 |3439 | 457k|  0 | 288k|  32 | 0.000000e+00 |      --      |    Inf |  85.39%
 6028s|285900 |  1319 | 42683k| 149.3 |   521M |  67 |1323 |5041 |3339 | 457k|  2 | 288k|  32 | 0.000000e+00 |      --      |    Inf |  85.40%
 6031s|286000 |  1318 | 42706k| 149.3 |   521M |  67 |1323 |5071 |3353 | 457k|  2 | 288k|  32 | 0.000000e+00 |      --      |    Inf |  85.41%
 6033s|286100 |  1316 | 42731k| 149.3 |   521M |  67 |1323 |5145 |3419 | 457k|  0 | 288k|  32 | 0.000000e+00 |      --      |    Inf |  85.41%
 6035s|286200 |  1315 | 42754k| 149.4 |   521M |  67 |1323 |5218 |3372 | 457k|  0 | 289k|  32 | 0.000000e+00 |      --      |    Inf |  85.42%
 6037s|286300 |  1311 | 42775k| 149.4 |   521M |  67 |1323 |5236 |3850 | 457k|  1 | 289k|  32 | 0.000000e+00 |      --      |    Inf |  85.44%
 6040s|286400 |  1319 | 42799k| 149.4 |   521M |  67 |1323 |5226 |3312 | 457k|  1 | 289k|  32 | 0.000000e+00 |      --      |    Inf |  85.46%
 6042s|286500 |  1321 | 42821k| 149.5 |   521M |  67 |1323 |5224 |3985 | 457k|  1 | 289k|  32 | 0.000000e+00 |      --      |    Inf |  85.48%
 6044s|286600 |  1311 | 42838k| 149.5 |   521M |  67 |1323 |5311 |3988 | 457k|  0 | 289k|  32 | 0.000000e+00 |      --      |    Inf |  85.48%
 6046s|286700 |  1311 | 42858k| 149.5 |   521M |  67 |1323 |5392 |3853 | 457k|  0 | 289k|  32 | 0.000000e+00 |      --      |    Inf |  85.48%
 time | node  | left  |LP iter|LP it/n|mem/heur|mdpt |vars |cons |rows |cuts |sepa|confs|strbr|  dualbound   | primalbound  |  gap   | compl. 
 6048s|286800 |  1308 | 42880k| 149.5 |   521M |  67 |1323 |5459 |3846 | 458k|  1 | 289k|  32 | 0.000000e+00 |      --      |    Inf |  85.48%
 6050s|286900 |  1319 | 42902k| 149.5 |   521M |  67 |1323 |5504 |3852 | 458k|  0 | 289k|  32 | 0.000000e+00 |      --      |    Inf |  85.48%
 6052s|287000 |  1313 | 42922k| 149.5 |   521M |  67 |1323 |5585 |3858 | 458k|  2 | 289k|  32 | 0.000000e+00 |      --      |    Inf |  85.49%
 6054s|287100 |  1315 | 42942k| 149.6 |   521M |  67 |1323 |5658 |3853 | 458k|  0 | 289k|  32 | 0.000000e+00 |      --      |    Inf |  85.49%
 6056s|287200 |  1311 | 42963k| 149.6 |   521M |  67 |1323 |5736 |3852 | 458k|  0 | 290k|  32 | 0.000000e+00 |      --      |    Inf |  85.49%
 6059s|287300 |  1313 | 42990k| 149.6 |   521M |  67 |1323 |5813 |3865 | 458k|  2 | 290k|  32 | 0.000000e+00 |      --      |    Inf |  85.49%
 6062s|287400 |  1309 | 43023k| 149.7 |   521M |  67 |1323 |5779 |2739 | 458k|  2 | 290k|  32 | 0.000000e+00 |      --      |    Inf |  85.49%
 6064s|287500 |  1319 | 43038k| 149.7 |   521M |  67 |1323 |5812 |2813 | 458k|  2 | 290k|  32 | 0.000000e+00 |      --      |    Inf |  85.49%
 6067s|287600 |  1319 | 43061k| 149.7 |   521M |  67 |1323 |5820 |2845 | 458k|  0 | 290k|  32 | 0.000000e+00 |      --      |    Inf |  85.49%
 6068s|287700 |  1325 | 43077k| 149.7 |   521M |  67 |1323 |5880 |   0 | 458k|  0 | 290k|  32 | 0.000000e+00 |      --      |    Inf |  85.49%
 6070s|287800 |  1328 | 43089k| 149.7 |   521M |  67 |1323 |5897 |2841 | 458k|  2 | 290k|  32 | 0.000000e+00 |      --      |    Inf |  85.49%
 6071s|287900 |  1322 | 43104k| 149.7 |   521M |  67 |1323 |5955 |2852 | 458k|  0 | 290k|  32 | 0.000000e+00 |      --      |    Inf |  85.49%
 6072s|288000 |  1325 | 43118k| 149.7 |   521M |  67 |1323 |6012 |2834 | 459k|  0 | 290k|  32 | 0.000000e+00 |      --      |    Inf |  85.49%
 6075s|288100 |  1320 | 43130k| 149.7 |   521M |  67 |1323 |6025 |2822 | 459k|  1 | 290k|  32 | 0.000000e+00 |      --      |    Inf |  85.50%
 6077s|288200 |  1323 | 43141k| 149.7 |   521M |  67 |1323 |6010 |2854 | 459k|  0 | 290k|  32 | 0.000000e+00 |      --      |    Inf |  85.50%
 time | node  | left  |LP iter|LP it/n|mem/heur|mdpt |vars |cons |rows |cuts |sepa|confs|strbr|  dualbound   | primalbound  |  gap   | compl. 
 6080s|288300 |  1322 | 43153k| 149.7 |   521M |  67 |1323 |6017 |2906 | 459k|  0 | 290k|  32 | 0.000000e+00 |      --      |    Inf |  85.50%
 6083s|288400 |  1326 | 43167k| 149.7 |   521M |  67 |1323 |6044 |   0 | 459k|  0 | 290k|  32 | 0.000000e+00 |      --      |    Inf |  85.50%
 6087s|288500 |  1320 | 43186k| 149.7 |   521M |  67 |1323 |6114 |2906 | 460k|  1 | 290k|  32 | 0.000000e+00 |      --      |    Inf |  85.50%
 6091s|288600 |  1319 | 43201k| 149.7 |   521M |  67 |1323 |6169 |   0 | 460k|  0 | 290k|  32 | 0.000000e+00 |      --      |    Inf |  85.50%
 6096s|288700 |  1315 | 43224k| 149.7 |   521M |  67 |1323 |6229 |2859 | 460k|  2 | 290k|  32 | 0.000000e+00 |      --      |    Inf |  85.50%
 6100s|288800 |  1323 | 43240k| 149.7 |   521M |  67 |1323 |6331 |2867 | 460k|  2 | 291k|  32 | 0.000000e+00 |      --      |    Inf |  85.50%
 6105s|288900 |  1318 | 43261k| 149.7 |   521M |  67 |1323 |6239 |2807 | 460k|  0 | 291k|  32 | 0.000000e+00 |      --      |    Inf |  85.50%
 6109s|289000 |  1326 | 43282k| 149.8 |   521M |  67 |1323 |6046 |2847 | 460k|  0 | 291k|  32 | 0.000000e+00 |      --      |    Inf |  85.50%
 6112s|289100 |  1326 | 43300k| 149.8 |   521M |  67 |1323 |6028 |2844 | 461k|  1 | 291k|  32 | 0.000000e+00 |      --      |    Inf |  85.50%
 6117s|289200 |  1330 | 43324k| 149.8 |   521M |  67 |1323 |6116 |2935 | 461k|  0 | 291k|  32 | 0.000000e+00 |      --      |    Inf |  85.50%
 6122s|289300 |  1327 | 43347k| 149.8 |   521M |  67 |1323 |6028 |2724 | 461k|  2 | 291k|  32 | 0.000000e+00 |      --      |    Inf |  85.50%
 6127s|289400 |  1322 | 43368k| 149.8 |   521M |  67 |1323 |6104 |2735 | 461k|  0 | 291k|  32 | 0.000000e+00 |      --      |    Inf |  85.50%
 6131s|289500 |  1332 | 43385k| 149.9 |   521M |  67 |1323 |6191 |2736 | 461k|  2 | 291k|  32 | 0.000000e+00 |      --      |    Inf |  85.50%
 6135s|289600 |  1320 | 43400k| 149.9 |   521M |  67 |1323 |6302 |2731 | 461k|  0 | 291k|  32 | 0.000000e+00 |      --      |    Inf |  85.50%
 6138s|289700 |  1324 | 43415k| 149.9 |   521M |  67 |1323 |6392 |2760 | 461k|  0 | 291k|  32 | 0.000000e+00 |      --      |    Inf |  85.50%
 time | node  | left  |LP iter|LP it/n|mem/heur|mdpt |vars |cons |rows |cuts |sepa|confs|strbr|  dualbound   | primalbound  |  gap   | compl. 
 6142s|289800 |  1320 | 43432k| 149.9 |   521M |  67 |1323 |6495 |2761 | 461k|  0 | 292k|  32 | 0.000000e+00 |      --      |    Inf |  85.50%
 6147s|289900 |  1325 | 43447k| 149.9 |   521M |  67 |1323 |6577 |2780 | 462k|  0 | 292k|  32 | 0.000000e+00 |      --      |    Inf |  85.50%
 6152s|290000 |  1322 | 43468k| 149.9 |   521M |  67 |1323 |6672 |2745 | 462k|  1 | 292k|  32 | 0.000000e+00 |      --      |    Inf |  85.50%
 6156s|290100 |  1314 | 43489k| 149.9 |   521M |  67 |1323 |6375 |2860 | 462k|  2 | 292k|  32 | 0.000000e+00 |      --      |    Inf |  87.07%
 6162s|290200 |  1320 | 43509k| 149.9 |   521M |  67 |1323 |6229 |3033 | 462k|  1 | 292k|  32 | 0.000000e+00 |      --      |    Inf |  87.07%
 6164s|290300 |  1324 | 43522k| 149.9 |   521M |  67 |1323 |6259 |2836 | 462k|  0 | 292k|  32 | 0.000000e+00 |      --      |    Inf |  87.07%
 6170s|290400 |  1329 | 43545k| 149.9 |   521M |  67 |1323 |6209 |3070 | 462k|  0 | 292k|  32 | 0.000000e+00 |      --      |    Inf |  87.07%
 6178s|290500 |  1320 | 43571k| 150.0 |   521M |  67 |1323 |6301 |3038 | 463k|  0 | 292k|  32 | 0.000000e+00 |      --      |    Inf |  87.07%
 6184s|290600 |  1332 | 43600k| 150.0 |   521M |  67 |1323 |5978 |3772 | 463k|  2 | 292k|  32 | 0.000000e+00 |      --      |    Inf |  87.07%
 6189s|290700 |  1330 | 43625k| 150.1 |   521M |  67 |1323 |6040 |3765 | 463k|  0 | 292k|  32 | 0.000000e+00 |      --      |    Inf |  87.07%
 6194s|290800 |  1327 | 43651k| 150.1 |   521M |  67 |1323 |5969 |3691 | 463k|  0 | 293k|  32 | 0.000000e+00 |      --      |    Inf |  87.07%
 6201s|290900 |  1324 | 43683k| 150.2 |   521M |  67 |1323 |5895 |3764 | 463k|  0 | 293k|  32 | 0.000000e+00 |      --      |    Inf |  87.07%
 6205s|291000 |  1325 | 43705k| 150.2 |   521M |  67 |1323 |5777 |3185 | 463k|  1 | 293k|  32 | 0.000000e+00 |      --      |    Inf |  87.07%
 6209s|291100 |  1321 | 43729k| 150.2 |   521M |  67 |1323 |5826 |3198 | 463k|  0 | 293k|  32 | 0.000000e+00 |      --      |    Inf |  87.07%
 6214s|291200 |  1319 | 43752k| 150.2 |   521M |  67 |1323 |5882 |3188 | 463k|  1 | 293k|  32 | 0.000000e+00 |      --      |    Inf |  87.07%
 time | node  | left  |LP iter|LP it/n|mem/heur|mdpt |vars |cons |rows |cuts |sepa|confs|strbr|  dualbound   | primalbound  |  gap   | compl. 
 6218s|291300 |  1322 | 43773k| 150.3 |   521M |  67 |1323 |5973 |3180 | 463k|  1 | 293k|  32 | 0.000000e+00 |      --      |    Inf |  87.07%
 6222s|291400 |  1316 | 43796k| 150.3 |   521M |  67 |1323 |6083 |3186 | 463k|  1 | 293k|  32 | 0.000000e+00 |      --      |    Inf |  87.07%
 6227s|291500 |  1315 | 43822k| 150.3 |   521M |  67 |1323 |5753 |3674 | 463k|  1 | 293k|  32 | 0.000000e+00 |      --      |    Inf |  87.08%
 6232s|291600 |  1318 | 43849k| 150.4 |   521M |  67 |1323 |5701 |3713 | 464k|  1 | 293k|  32 | 0.000000e+00 |      --      |    Inf |  87.08%
 6236s|291700 |  1312 | 43873k| 150.4 |   521M |  67 |1323 |5646 |2853 | 464k|  0 | 293k|  32 | 0.000000e+00 |      --      |    Inf |  87.08%
 6242s|291800 |  1321 | 43901k| 150.4 |   521M |  67 |1323 |5594 |3279 | 464k|  2 | 293k|  32 | 0.000000e+00 |      --      |    Inf |  87.08%
 6247s|291900 |  1314 | 43924k| 150.5 |   521M |  67 |1323 |5681 |3319 | 464k|  0 | 294k|  32 | 0.000000e+00 |      --      |    Inf |  87.08%
 6252s|292000 |  1304 | 43949k| 150.5 |   521M |  67 |1323 |5534 |3462 | 464k|  1 | 294k|  32 | 0.000000e+00 |      --      |    Inf |  87.09%
 6255s|292100 |  1302 | 43966k| 150.5 |   521M |  67 |1323 |5441 |3397 | 464k|  1 | 294k|  32 | 0.000000e+00 |      --      |    Inf |  87.10%
 6260s|292200 |  1311 | 43989k| 150.5 |   521M |  67 |1323 |5486 |3253 | 464k|  1 | 294k|  32 | 0.000000e+00 |      --      |    Inf |  87.10%
 6266s|292300 |  1299 | 44022k| 150.6 |   521M |  67 |1323 |5582 |3234 | 464k|  2 | 294k|  32 | 0.000000e+00 |      --      |    Inf |  87.10%
 6270s|292400 |  1300 | 44045k| 150.6 |   521M |  67 |1323 |5615 |3039 | 464k|  2 | 294k|  32 | 0.000000e+00 |      --      |    Inf |  87.10%
 6274s|292500 |  1295 | 44067k| 150.6 |   521M |  67 |1323 |5490 |3982 | 465k|  1 | 294k|  32 | 0.000000e+00 |      --      |    Inf |  87.12%
 6279s|292600 |  1298 | 44091k| 150.7 |   521M |  67 |1323 |5349 |3169 | 465k|  2 | 294k|  32 | 0.000000e+00 |      --      |    Inf |  87.12%
 6283s|292700 |  1297 | 44114k| 150.7 |   521M |  67 |1323 |5290 |2884 | 465k|  2 | 294k|  32 | 0.000000e+00 |      --      |    Inf |  87.12%
 time | node  | left  |LP iter|LP it/n|mem/heur|mdpt |vars |cons |rows |cuts |sepa|confs|strbr|  dualbound   | primalbound  |  gap   | compl. 
 6287s|292800 |  1297 | 44132k| 150.7 |   521M |  67 |1323 |5255 |2727 | 465k|  1 | 295k|  32 | 0.000000e+00 |      --      |    Inf |  87.12%
 6292s|292900 |  1295 | 44156k| 150.7 |   521M |  67 |1323 |5065 |2701 | 465k|  0 | 295k|  32 | 0.000000e+00 |      --      |    Inf |  87.13%
 6296s|293000 |  1300 | 44178k| 150.8 |   521M |  67 |1323 |4934 |2696 | 465k|  2 | 295k|  32 | 0.000000e+00 |      --      |    Inf |  87.14%
 6300s|293100 |  1318 | 44202k| 150.8 |   521M |  67 |1323 |4971 |2704 | 466k|  2 | 295k|  32 | 0.000000e+00 |      --      |    Inf |  87.14%
 6304s|293200 |  1326 | 44223k| 150.8 |   521M |  67 |1323 |5062 |2783 | 466k|  2 | 295k|  32 | 0.000000e+00 |      --      |    Inf |  87.14%
 6308s|293300 |  1330 | 44240k| 150.8 |   521M |  67 |1323 |5158 |2772 | 466k|  2 | 295k|  32 | 0.000000e+00 |      --      |    Inf |  87.14%
 6313s|293400 |  1341 | 44263k| 150.9 |   521M |  67 |1323 |5219 |2727 | 466k|  2 | 295k|  32 | 0.000000e+00 |      --      |    Inf |  87.14%
 6319s|293500 |  1349 | 44290k| 150.9 |   521M |  67 |1323 |5304 |2742 | 467k|  0 | 295k|  32 | 0.000000e+00 |      --      |    Inf |  87.14%
 6323s|293600 |  1359 | 44314k| 150.9 |   521M |  67 |1323 |5386 |2767 | 467k|  0 | 295k|  32 | 0.000000e+00 |      --      |    Inf |  87.14%
 6329s|293700 |  1365 | 44341k| 151.0 |   521M |  67 |1323 |5465 |2747 | 467k|  0 | 295k|  32 | 0.000000e+00 |      --      |    Inf |  87.14%
 6331s|293800 |  1361 | 44356k| 151.0 |   521M |  67 |1323 |5568 |2780 | 467k|  2 | 295k|  32 | 0.000000e+00 |      --      |    Inf |  87.14%
 6335s|293900 |  1375 | 44374k| 151.0 |   521M |  67 |1323 |5635 |2826 | 467k|  1 | 296k|  32 | 0.000000e+00 |      --      |    Inf |  87.14%
 6339s|294000 |  1370 | 44393k| 151.0 |   521M |  67 |1323 |5724 |2868 | 468k|  2 | 296k|  32 | 0.000000e+00 |      --      |    Inf |  87.14%
 6343s|294100 |  1365 | 44411k| 151.0 |   521M |  67 |1323 |5803 |2831 | 468k|  2 | 296k|  32 | 0.000000e+00 |      --      |    Inf |  87.14%
 6348s|294200 |  1361 | 44433k| 151.0 |   521M |  67 |1323 |5847 |2777 | 468k|  2 | 296k|  32 | 0.000000e+00 |      --      |    Inf |  87.14%
 time | node  | left  |LP iter|LP it/n|mem/heur|mdpt |vars |cons |rows |cuts |sepa|confs|strbr|  dualbound   | primalbound  |  gap   | compl. 
 6352s|294300 |  1362 | 44450k| 151.0 |   521M |  67 |1323 |5943 |2795 | 468k|  2 | 296k|  32 | 0.000000e+00 |      --      |    Inf |  87.14%
 6356s|294400 |  1356 | 44467k| 151.0 |   522M |  67 |1323 |6003 |2758 | 468k|  2 | 296k|  32 | 0.000000e+00 |      --      |    Inf |  87.14%
 6360s|294500 |  1354 | 44486k| 151.0 |   522M |  67 |1323 |6052 |2720 | 469k|  0 | 296k|  32 | 0.000000e+00 |      --      |    Inf |  87.14%
 6365s|294600 |  1350 | 44510k| 151.1 |   522M |  67 |1323 |6088 |2813 | 469k|  0 | 296k|  32 | 0.000000e+00 |      --      |    Inf |  87.14%
 6369s|294700 |  1358 | 44532k| 151.1 |   522M |  67 |1323 |6008 |2748 | 469k|  1 | 296k|  32 | 0.000000e+00 |      --      |    Inf |  87.14%
 6375s|294800 |  1338 | 44559k| 151.1 |   522M |  67 |1323 |5882 |3111 | 469k|  0 | 297k|  32 | 0.000000e+00 |      --      |    Inf |  87.14%
 6381s|294900 |  1343 | 44586k| 151.2 |   522M |  67 |1323 |5853 |2976 | 469k|  0 | 297k|  32 | 0.000000e+00 |      --      |    Inf |  87.15%
 6385s|295000 |  1355 | 44606k| 151.2 |   522M |  67 |1323 |5907 |3021 | 469k|  0 | 297k|  32 | 0.000000e+00 |      --      |    Inf |  87.15%
 6390s|295100 |  1347 | 44629k| 151.2 |   522M |  67 |1323 |5871 |3098 | 470k|  2 | 297k|  32 | 0.000000e+00 |      --      |    Inf |  87.15%
 6393s|295200 |  1344 | 44650k| 151.2 |   522M |  67 |1323 |5927 |2796 | 470k|  0 | 297k|  32 | 0.000000e+00 |      --      |    Inf |  87.15%
 6394s|295300 |  1346 | 44669k| 151.3 |   522M |  67 |1323 |6016 |3059 | 470k|  1 | 297k|  32 | 0.000000e+00 |      --      |    Inf |  87.15%
 6397s|295400 |  1356 | 44682k| 151.3 |   522M |  67 |1323 |6104 |3103 | 470k|  0 | 297k|  32 | 0.000000e+00 |      --      |    Inf |  87.15%
 6399s|295500 |  1356 | 44693k| 151.2 |   522M |  67 |1323 |6235 |3092 | 470k|  1 | 297k|  32 | 0.000000e+00 |      --      |    Inf |  87.15%
 6403s|295600 |  1343 | 44710k| 151.2 |   522M |  67 |1323 |6280 |2755 | 470k|  0 | 297k|  32 | 0.000000e+00 |      --      |    Inf |  87.15%
 6408s|295700 |  1341 | 44737k| 151.3 |   522M |  67 |1323 |6103 |2825 | 470k|  2 | 298k|  32 | 0.000000e+00 |      --      |    Inf |  87.15%
 time | node  | left  |LP iter|LP it/n|mem/heur|mdpt |vars |cons |rows |cuts |sepa|confs|strbr|  dualbound   | primalbound  |  gap   | compl. 
 6412s|295800 |  1340 | 44754k| 151.3 |   522M |  67 |1323 |6150 |3103 | 470k|  1 | 298k|  32 | 0.000000e+00 |      --      |    Inf |  87.15%
 6417s|295900 |  1357 | 44779k| 151.3 |   522M |  67 |1323 |5900 |2899 | 470k|  2 | 298k|  32 | 0.000000e+00 |      --      |    Inf |  87.17%
 6419s|296000 |  1349 | 44792k| 151.3 |   522M |  67 |1323 |5907 |2853 | 471k|  0 | 298k|  32 | 0.000000e+00 |      --      |    Inf |  87.17%
 6425s|296100 |  1351 | 44819k| 151.4 |   522M |  67 |1323 |5837 |2921 | 471k|  0 | 298k|  32 | 0.000000e+00 |      --      |    Inf |  87.18%
 6430s|296200 |  1342 | 44845k| 151.4 |   522M |  67 |1323 |5633 |2991 | 471k|  1 | 298k|  32 | 0.000000e+00 |      --      |    Inf |  87.19%
 6434s|296300 |  1339 | 44867k| 151.4 |   522M |  67 |1323 |5494 |3137 | 471k|  2 | 298k|  32 | 0.000000e+00 |      --      |    Inf |  87.19%
 6438s|296400 |  1343 | 44889k| 151.4 |   522M |  67 |1323 |5457 |2695 | 471k|  1 | 298k|  32 | 0.000000e+00 |      --      |    Inf |  87.19%
 6444s|296500 |  1323 | 44920k| 151.5 |   522M |  67 |1323 |5261 |3939 | 471k|  0 | 298k|  32 | 0.000000e+00 |      --      |    Inf |  87.19%
 6450s|296600 |  1325 | 44948k| 151.5 |   522M |  67 |1323 |5071 |2649 | 471k|  2 | 299k|  32 | 0.000000e+00 |      --      |    Inf |  87.20%
 6453s|296700 |  1334 | 44960k| 151.5 |   522M |  67 |1323 |5108 |2707 | 472k|  0 | 299k|  32 | 0.000000e+00 |      --      |    Inf |  87.20%
 6456s|296800 |  1334 | 44974k| 151.5 |   522M |  67 |1323 |5133 |2776 | 472k|  0 | 299k|  32 | 0.000000e+00 |      --      |    Inf |  87.20%
 6459s|296900 |  1334 | 44992k| 151.5 |   522M |  67 |1323 |5193 |2767 | 472k|  1 | 299k|  32 | 0.000000e+00 |      --      |    Inf |  87.20%
 6462s|297000 |  1339 | 45007k| 151.5 |   522M |  67 |1323 |5207 |2739 | 472k|  0 | 299k|  32 | 0.000000e+00 |      --      |    Inf |  87.20%
 6465s|297100 |  1350 | 45021k| 151.5 |   522M |  67 |1323 |5249 |2775 | 472k|  2 | 299k|  32 | 0.000000e+00 |      --      |    Inf |  87.20%
 6468s|297200 |  1343 | 45038k| 151.5 |   522M |  67 |1323 |5361 |2773 | 472k|  0 | 299k|  32 | 0.000000e+00 |      --      |    Inf |  87.20%
 time | node  | left  |LP iter|LP it/n|mem/heur|mdpt |vars |cons |rows |cuts |sepa|confs|strbr|  dualbound   | primalbound  |  gap   | compl. 
 6471s|297300 |  1339 | 45051k| 151.5 |   522M |  67 |1323 |5456 |2709 | 473k|  1 | 299k|  32 | 0.000000e+00 |      --      |    Inf |  87.20%
 6474s|297400 |  1347 | 45066k| 151.5 |   522M |  67 |1323 |5535 |2793 | 473k|  2 | 299k|  32 | 0.000000e+00 |      --      |    Inf |  87.20%
 6477s|297500 |  1344 | 45082k| 151.5 |   522M |  67 |1323 |5658 |2789 | 473k|  2 | 299k|  32 | 0.000000e+00 |      --      |    Inf |  87.20%
 6481s|297600 |  1347 | 45098k| 151.5 |   522M |  67 |1323 |5745 |2789 | 473k|  1 | 300k|  32 | 0.000000e+00 |      --      |    Inf |  87.20%
 6484s|297700 |  1332 | 45115k| 151.5 |   522M |  67 |1323 |5813 |2709 | 473k|  0 | 300k|  32 | 0.000000e+00 |      --      |    Inf |  87.20%
 6487s|297800 |  1341 | 45133k| 151.5 |   522M |  67 |1323 |5907 |2736 | 474k|  0 | 300k|  32 | 0.000000e+00 |      --      |    Inf |  87.20%
 6492s|297900 |  1336 | 45156k| 151.6 |   522M |  67 |1323 |6015 |2811 | 474k|  0 | 300k|  32 | 0.000000e+00 |      --      |    Inf |  87.20%
 6495s|298000 |  1330 | 45170k| 151.6 |   522M |  67 |1323 |6126 |2827 | 474k|  1 | 300k|  32 | 0.000000e+00 |      --      |    Inf |  87.20%
 6498s|298100 |  1339 | 45187k| 151.6 |   522M |  67 |1323 |6194 |2819 | 474k|  0 | 300k|  32 | 0.000000e+00 |      --      |    Inf |  87.20%
 6502s|298200 |  1337 | 45208k| 151.6 |   522M |  67 |1323 |6291 |2859 | 474k|  1 | 300k|  32 | 0.000000e+00 |      --      |    Inf |  87.20%
 6506s|298300 |  1325 | 45229k| 151.6 |   522M |  67 |1323 |6314 |3241 | 474k|  0 | 300k|  32 | 0.000000e+00 |      --      |    Inf |  87.20%
 6510s|298400 |  1329 | 45251k| 151.6 |   522M |  67 |1323 |6269 |2818 | 475k|  0 | 300k|  32 | 0.000000e+00 |      --      |    Inf |  87.20%
 6514s|298500 |  1338 | 45268k| 151.6 |   522M |  67 |1323 |6299 |2789 | 475k|  0 | 301k|  32 | 0.000000e+00 |      --      |    Inf |  87.20%
 6520s|298600 |  1331 | 45290k| 151.7 |   522M |  67 |1323 |6390 |2818 | 475k|  2 | 301k|  32 | 0.000000e+00 |      --      |    Inf |  87.20%
 6524s|298700 |  1338 | 45309k| 151.7 |   523M |  67 |1323 |6386 |2717 | 475k|  0 | 301k|  32 | 0.000000e+00 |      --      |    Inf |  87.20%
 time | node  | left  |LP iter|LP it/n|mem/heur|mdpt |vars |cons |rows |cuts |sepa|confs|strbr|  dualbound   | primalbound  |  gap   | compl. 
 6527s|298800 |  1330 | 45328k| 151.7 |   523M |  67 |1323 |6436 |2847 | 475k|  1 | 301k|  32 | 0.000000e+00 |      --      |    Inf |  87.20%
 6531s|298900 |  1338 | 45349k| 151.7 |   523M |  67 |1323 |6327 |2700 | 476k|  2 | 301k|  32 | 0.000000e+00 |      --      |    Inf |  87.20%
 6535s|299000 |  1338 | 45368k| 151.7 |   523M |  67 |1323 |6386 |2740 | 476k|  2 | 301k|  32 | 0.000000e+00 |      --      |    Inf |  87.20%
 6540s|299100 |  1335 | 45389k| 151.7 |   523M |  67 |1323 |6441 |2760 | 476k|  2 | 301k|  32 | 0.000000e+00 |      --      |    Inf |  87.20%
 6544s|299200 |  1343 | 45409k| 151.8 |   523M |  67 |1323 |6550 |2799 | 476k|  1 | 301k|  32 | 0.000000e+00 |      --      |    Inf |  87.20%
 6547s|299300 |  1338 | 45423k| 151.8 |   523M |  67 |1323 |6660 |2777 | 476k|  0 | 301k|  32 | 0.000000e+00 |      --      |    Inf |  87.20%
 6552s|299400 |  1344 | 45445k| 151.8 |   523M |  67 |1323 |6761 |2783 | 477k|  0 | 301k|  32 | 0.000000e+00 |      --      |    Inf |  87.20%
 6555s|299500 |  1342 | 45461k| 151.8 |   523M |  67 |1323 |6828 |2822 | 477k|  0 | 302k|  32 | 0.000000e+00 |      --      |    Inf |  87.20%
 6560s|299600 |  1339 | 45479k| 151.8 |   523M |  67 |1323 |6914 |2838 | 477k|  2 | 302k|  32 | 0.000000e+00 |      --      |    Inf |  87.20%
 6564s|299700 |  1338 | 45498k| 151.8 |   523M |  67 |1323 |6991 |2861 | 477k|  0 | 302k|  32 | 0.000000e+00 |      --      |    Inf |  87.20%
 6567s|299800 |  1342 | 45515k| 151.8 |   523M |  67 |1323 |7069 |2806 | 477k|  0 | 302k|  32 | 0.000000e+00 |      --      |    Inf |  87.20%
 6572s|299900 |  1336 | 45537k| 151.8 |   523M |  67 |1323 |7148 |2756 | 478k|  2 | 302k|  32 | 0.000000e+00 |      --      |    Inf |  87.20%
 6575s|300000 |  1338 | 45553k| 151.8 |   523M |  67 |1323 |7195 |2777 | 478k|  2 | 302k|  32 | 0.000000e+00 |      --      |    Inf |  87.20%
 6579s|300100 |  1336 | 45573k| 151.9 |   523M |  67 |1323 |7262 |2746 | 478k|  2 | 302k|  32 | 0.000000e+00 |      --      |    Inf |  87.20%
 6583s|300200 |  1339 | 45589k| 151.9 |   523M |  67 |1323 |7322 |2734 | 478k|  0 | 302k|  32 | 0.000000e+00 |      --      |    Inf |  87.20%
 time | node  | left  |LP iter|LP it/n|mem/heur|mdpt |vars |cons |rows |cuts |sepa|confs|strbr|  dualbound   | primalbound  |  gap   | compl. 
 6587s|300300 |  1339 | 45607k| 151.9 |   523M |  67 |1323 |7386 |2796 | 478k|  0 | 302k|  32 | 0.000000e+00 |      --      |    Inf |  87.20%
 6590s|300400 |  1345 | 45620k| 151.9 |   523M |  67 |1323 |7466 |   0 | 478k|  0 | 302k|  32 | 0.000000e+00 |      --      |    Inf |  87.20%
 6592s|300500 |  1341 | 45632k| 151.8 |   523M |  67 |1323 |7510 |   0 | 479k|  0 | 302k|  32 | 0.000000e+00 |      --      |    Inf |  87.20%
 6596s|300600 |  1338 | 45653k| 151.9 |   523M |  67 |1323 |7484 |2745 | 479k|  2 | 303k|  32 | 0.000000e+00 |      --      |    Inf |  87.20%
 6602s|300700 |  1342 | 45683k| 151.9 |   523M |  67 |1323 |7523 |2762 | 479k|  2 | 303k|  32 | 0.000000e+00 |      --      |    Inf |  87.20%
 6607s|300800 |  1337 | 45709k| 151.9 |   523M |  67 |1323 |7629 |2782 | 479k|  0 | 303k|  32 | 0.000000e+00 |      --      |    Inf |  87.20%
 6611s|300900 |  1337 | 45731k| 152.0 |   523M |  67 |1323 |7522 |   0 | 479k|  0 | 303k|  32 | 0.000000e+00 |      --      |    Inf |  87.20%
 6616s|301000 |  1340 | 45758k| 152.0 |   523M |  67 |1323 |7556 |2705 | 479k|  2 | 303k|  32 | 0.000000e+00 |      --      |    Inf |  87.20%
 6621s|301100 |  1336 | 45784k| 152.0 |   523M |  67 |1323 |7390 |2709 | 479k|  0 | 303k|  32 | 0.000000e+00 |      --      |    Inf |  87.20%
 6625s|301200 |  1340 | 45806k| 152.1 |   523M |  67 |1323 |7273 |2742 | 479k|  1 | 303k|  32 | 0.000000e+00 |      --      |    Inf |  87.20%
 6629s|301300 |  1330 | 45828k| 152.1 |   523M |  67 |1323 |7073 |3956 | 480k|  0 | 303k|  32 | 0.000000e+00 |      --      |    Inf |  87.20%
 6633s|301400 |  1333 | 45848k| 152.1 |   523M |  67 |1323 |6853 |2845 | 480k|  0 | 303k|  32 | 0.000000e+00 |      --      |    Inf |  87.20%
 6636s|301500 |  1342 | 45863k| 152.1 |   523M |  67 |1323 |6868 |2867 | 480k|  0 | 303k|  32 | 0.000000e+00 |      --      |    Inf |  87.20%
 6640s|301600 |  1337 | 45883k| 152.1 |   523M |  67 |1323 |6930 |2891 | 480k|  0 | 304k|  32 | 0.000000e+00 |      --      |    Inf |  87.20%
 6645s|301700 |  1336 | 45903k| 152.1 |   523M |  67 |1323 |7037 |2902 | 480k|  1 | 304k|  32 | 0.000000e+00 |      --      |    Inf |  87.20%
 time | node  | left  |LP iter|LP it/n|mem/heur|mdpt |vars |cons |rows |cuts |sepa|confs|strbr|  dualbound   | primalbound  |  gap   | compl. 
 6649s|301800 |  1334 | 45925k| 152.2 |   523M |  67 |1323 |7121 |2837 | 480k|  1 | 304k|  32 | 0.000000e+00 |      --      |    Inf |  87.20%
 6653s|301900 |  1332 | 45946k| 152.2 |   523M |  67 |1323 |7174 |2848 | 480k|  1 | 304k|  32 | 0.000000e+00 |      --      |    Inf |  87.20%
 6658s|302000 |  1333 | 45970k| 152.2 |   523M |  67 |1323 |6770 |2699 | 480k|  2 | 304k|  32 | 0.000000e+00 |      --      |    Inf |  87.20%
 6661s|302100 |  1337 | 45987k| 152.2 |   523M |  67 |1323 |6787 |2728 | 480k|  0 | 304k|  32 | 0.000000e+00 |      --      |    Inf |  87.20%
 6665s|302200 |  1349 | 46006k| 152.2 |   523M |  67 |1323 |6834 |2721 | 481k|  0 | 304k|  32 | 0.000000e+00 |      --      |    Inf |  87.20%
 6669s|302300 |  1343 | 46029k| 152.3 |   523M |  67 |1323 |6898 |2766 | 481k|  1 | 304k|  32 | 0.000000e+00 |      --      |    Inf |  87.20%
 6673s|302400 |  1335 | 46053k| 152.3 |   523M |  67 |1323 |6973 |2728 | 481k|  0 | 304k|  32 | 0.000000e+00 |      --      |    Inf |  87.20%
 6677s|302500 |  1335 | 46073k| 152.3 |   523M |  67 |1323 |7034 |2697 | 481k|  2 | 304k|  32 | 0.000000e+00 |      --      |    Inf |  87.20%
 6682s|302600 |  1334 | 46099k| 152.3 |   523M |  67 |1323 |6898 |3282 | 481k|  1 | 304k|  32 | 0.000000e+00 |      --      |    Inf |  87.20%
 6687s|302700 |  1335 | 46128k| 152.4 |   523M |  67 |1323 |6580 |3700 | 481k|  1 | 305k|  32 | 0.000000e+00 |      --      |    Inf |  87.20%
 6692s|302800 |  1325 | 46154k| 152.4 |   523M |  67 |1323 |6187 |2843 | 481k|  0 | 305k|  32 | 0.000000e+00 |      --      |    Inf |  87.25%
 6697s|302900 |  1341 | 46176k| 152.4 |   523M |  67 |1323 |6118 |2737 | 481k|  2 | 305k|  32 | 0.000000e+00 |      --      |    Inf |  87.25%
 6700s|303000 |  1339 | 46193k| 152.4 |   523M |  67 |1323 |6222 |2741 | 482k|  1 | 305k|  32 | 0.000000e+00 |      --      |    Inf |  87.25%
 6703s|303100 |  1345 | 46208k| 152.4 |   523M |  67 |1323 |6302 |2714 | 482k|  2 | 305k|  32 | 0.000000e+00 |      --      |    Inf |  87.25%
 6706s|303200 |  1334 | 46226k| 152.5 |   523M |  67 |1323 |6406 |2707 | 482k|  2 | 305k|  32 | 0.000000e+00 |      --      |    Inf |  87.25%
 time | node  | left  |LP iter|LP it/n|mem/heur|mdpt |vars |cons |rows |cuts |sepa|confs|strbr|  dualbound   | primalbound  |  gap   | compl. 
 6709s|303300 |  1342 | 46242k| 152.5 |   523M |  67 |1323 |6482 |2794 | 482k|  0 | 305k|  32 | 0.000000e+00 |      --      |    Inf |  87.25%
 6712s|303400 |  1334 | 46260k| 152.5 |   523M |  67 |1323 |6535 |   0 | 482k|  0 | 305k|  32 | 0.000000e+00 |      --      |    Inf |  87.25%
 6716s|303500 |  1335 | 46282k| 152.5 |   523M |  67 |1323 |6604 |2803 | 482k|  0 | 305k|  32 | 0.000000e+00 |      --      |    Inf |  87.25%
 6720s|303600 |  1328 | 46303k| 152.5 |   523M |  67 |1323 |6661 |2704 | 482k|  1 | 305k|  32 | 0.000000e+00 |      --      |    Inf |  87.25%
 6724s|303700 |  1340 | 46326k| 152.5 |   523M |  67 |1323 |6681 |2893 | 482k|  1 | 305k|  32 | 0.000000e+00 |      --      |    Inf |  87.25%
 6728s|303800 |  1343 | 46348k| 152.6 |   523M |  67 |1323 |6766 |2712 | 483k|  1 | 306k|  32 | 0.000000e+00 |      --      |    Inf |  87.25%
 6732s|303900 |  1353 | 46366k| 152.6 |   523M |  67 |1323 |6785 |2928 | 483k|  2 | 306k|  32 | 0.000000e+00 |      --      |    Inf |  87.25%
 6736s|304000 |  1354 | 46388k| 152.6 |   523M |  67 |1323 |6872 |2945 | 483k|  2 | 306k|  32 | 0.000000e+00 |      --      |    Inf |  87.25%
 6740s|304100 |  1353 | 46406k| 152.6 |   523M |  67 |1323 |6962 |2971 | 483k|  0 | 306k|  32 | 0.000000e+00 |      --      |    Inf |  87.25%
 6743s|304200 |  1349 | 46422k| 152.6 |   523M |  67 |1323 |7048 |   0 | 483k|  0 | 306k|  32 | 0.000000e+00 |      --      |    Inf |  87.25%
 6747s|304300 |  1343 | 46440k| 152.6 |   523M |  67 |1323 |7112 |2907 | 483k|  0 | 306k|  32 | 0.000000e+00 |      --      |    Inf |  87.25%
 6750s|304400 |  1351 | 46457k| 152.6 |   523M |  67 |1323 |7179 |2943 | 483k|  2 | 306k|  32 | 0.000000e+00 |      --      |    Inf |  87.25%
 6753s|304500 |  1342 | 46473k| 152.6 |   523M |  67 |1323 |7280 |2934 | 483k|  0 | 306k|  32 | 0.000000e+00 |      --      |    Inf |  87.25%
 6758s|304600 |  1345 | 46496k| 152.6 |   523M |  67 |1323 |7272 |2924 | 484k|  0 | 306k|  32 | 0.000000e+00 |      --      |    Inf |  87.25%
 6761s|304700 |  1340 | 46516k| 152.7 |   523M |  67 |1323 |7305 |2939 | 484k|  1 | 306k|  32 | 0.000000e+00 |      --      |    Inf |  87.25%
 time | node  | left  |LP iter|LP it/n|mem/heur|mdpt |vars |cons |rows |cuts |sepa|confs|strbr|  dualbound   | primalbound  |  gap   | compl. 
 6765s|304800 |  1344 | 46534k| 152.7 |   523M |  67 |1323 |7335 |2914 | 484k|  0 | 307k|  32 | 0.000000e+00 |      --      |    Inf |  87.25%
 6768s|304900 |  1349 | 46552k| 152.7 |   523M |  67 |1323 |7335 |2911 | 484k|  0 | 307k|  32 | 0.000000e+00 |      --      |    Inf |  87.26%
 6772s|305000 |  1350 | 46572k| 152.7 |   524M |  67 |1323 |7419 |2930 | 484k|  2 | 307k|  32 | 0.000000e+00 |      --      |    Inf |  87.26%
 6775s|305100 |  1362 | 46589k| 152.7 |   524M |  67 |1323 |7459 |2955 | 484k|  2 | 307k|  32 | 0.000000e+00 |      --      |    Inf |  87.26%
 6780s|305200 |  1358 | 46612k| 152.7 |   524M |  67 |1323 |7553 |2929 | 484k|  1 | 307k|  32 | 0.000000e+00 |      --      |    Inf |  87.26%
 6785s|305300 |  1354 | 46631k| 152.7 |   524M |  67 |1323 |7631 |2938 | 484k|  0 | 307k|  32 | 0.000000e+00 |      --      |    Inf |  87.26%
 6790s|305400 |  1344 | 46656k| 152.8 |   524M |  67 |1323 |7702 |2903 | 484k|  0 | 307k|  32 | 0.000000e+00 |      --      |    Inf |  87.26%
 6794s|305500 |  1339 | 46677k| 152.8 |   524M |  67 |1323 |7734 |2924 | 485k|  0 | 307k|  32 | 0.000000e+00 |      --      |    Inf |  87.26%
 6799s|305600 |  1346 | 46699k| 152.8 |   524M |  67 |1323 |7603 |2953 | 485k|  0 | 307k|  32 | 0.000000e+00 |      --      |    Inf |  87.26%
 6804s|305700 |  1342 | 46723k| 152.8 |   524M |  67 |1323 |7647 |2743 | 485k|  2 | 307k|  32 | 0.000000e+00 |      --      |    Inf |  87.26%
 6809s|305800 |  1334 | 46746k| 152.9 |   524M |  67 |1323 |7728 |2923 | 485k|  0 | 307k|  32 | 0.000000e+00 |      --      |    Inf |  87.26%
 6814s|305900 |  1332 | 46772k| 152.9 |   524M |  67 |1323 |7374 |2918 | 485k|  0 | 308k|  32 | 0.000000e+00 |      --      |    Inf |  87.26%
 6816s|306000 |  1321 | 46799k| 152.9 |   524M |  67 |1323 |6817 |3405 | 485k|  2 | 308k|  32 | 0.000000e+00 |      --      |    Inf |  87.29%
 6819s|306100 |  1318 | 46823k| 153.0 |   524M |  67 |1323 |6196 |2733 | 485k|  1 | 308k|  32 | 0.000000e+00 |      --      |    Inf |  87.30%
 6821s|306200 |  1310 | 46845k| 153.0 |   524M |  67 |1323 |5855 |2703 | 486k|  1 | 308k|  32 | 0.000000e+00 |      --      |    Inf |  87.40%
 time | node  | left  |LP iter|LP it/n|mem/heur|mdpt |vars |cons |rows |cuts |sepa|confs|strbr|  dualbound   | primalbound  |  gap   | compl. 
 6824s|306300 |  1312 | 46877k| 153.0 |   524M |  67 |1323 |5337 |3056 | 486k|  0 | 308k|  32 | 0.000000e+00 |      --      |    Inf |  87.40%
 6826s|306400 |  1314 | 46902k| 153.1 |   524M |  67 |1323 |4908 |4145 | 486k|  2 | 308k|  32 | 0.000000e+00 |      --      |    Inf |  87.40%
 6828s|306500 |  1317 | 46922k| 153.1 |   524M |  67 |1323 |4832 |2828 | 486k|  0 | 308k|  32 | 0.000000e+00 |      --      |    Inf |  87.40%
 6830s|306600 |  1304 | 46945k| 153.1 |   524M |  67 |1323 |4779 |3138 | 486k|  0 | 308k|  32 | 0.000000e+00 |      --      |    Inf |  87.40%
 6832s|306700 |  1308 | 46970k| 153.1 |   524M |  67 |1323 |4577 |2960 | 486k|  1 | 308k|  32 | 0.000000e+00 |      --      |    Inf |  87.40%
 6834s|306800 |  1309 | 46995k| 153.2 |   524M |  67 |1323 |4580 |3515 | 487k|  0 | 308k|  32 | 0.000000e+00 |      --      |    Inf |  87.41%
 6835s|306900 |  1321 | 47010k| 153.2 |   524M |  67 |1323 |4646 |3525 | 487k|  0 | 309k|  32 | 0.000000e+00 |      --      |    Inf |  87.41%
 6837s|307000 |  1297 | 47029k| 153.2 |   524M |  67 |1323 |4607 |3262 | 487k|  2 | 309k|  32 | 0.000000e+00 |      --      |    Inf |  87.41%
 6839s|307100 |  1309 | 47041k| 153.2 |   524M |  67 |1323 |4675 |3534 | 487k|  1 | 309k|  32 | 0.000000e+00 |      --      |    Inf |  87.41%
 6840s|307200 |  1298 | 47058k| 153.2 |   524M |  67 |1323 |4807 |3538 | 487k|  2 | 309k|  32 | 0.000000e+00 |      --      |    Inf |  87.41%
 6842s|307300 |  1297 | 47079k| 153.2 |   524M |  67 |1323 |4691 |2692 | 487k|  2 | 309k|  32 | 0.000000e+00 |      --      |    Inf |  87.46%
 6844s|307400 |  1303 | 47104k| 153.2 |   524M |  67 |1323 |4701 |3233 | 487k|  2 | 309k|  32 | 0.000000e+00 |      --      |    Inf |  87.46%
 6847s|307500 |  1306 | 47126k| 153.2 |   524M |  67 |1323 |4659 |2890 | 487k|  2 | 309k|  32 | 0.000000e+00 |      --      |    Inf |  87.47%
 6849s|307600 |  1300 | 47143k| 153.3 |   524M |  67 |1323 |4726 |2888 | 487k|  0 | 309k|  32 | 0.000000e+00 |      --      |    Inf |  87.47%
 6850s|307700 |  1304 | 47163k| 153.3 |   524M |  67 |1323 |4779 |2739 | 488k|  0 | 309k|  32 | 0.000000e+00 |      --      |    Inf |  87.47%
 time | node  | left  |LP iter|LP it/n|mem/heur|mdpt |vars |cons |rows |cuts |sepa|confs|strbr|  dualbound   | primalbound  |  gap   | compl. 
 6852s|307800 |  1304 | 47186k| 153.3 |   524M |  67 |1323 |4778 |2695 | 488k|  2 | 310k|  32 | 0.000000e+00 |      --      |    Inf |  87.47%
 6855s|307900 |  1305 | 47212k| 153.3 |   524M |  67 |1323 |4775 |3663 | 488k|  1 | 310k|  32 | 0.000000e+00 |      --      |    Inf |  87.47%
 6857s|308000 |  1312 | 47231k| 153.3 |   524M |  67 |1323 |4747 |2734 | 488k|  2 | 310k|  32 | 0.000000e+00 |      --      |    Inf |  87.47%
 6859s|308100 |  1308 | 47252k| 153.4 |   524M |  67 |1323 |4808 |2710 | 488k|  1 | 310k|  32 | 0.000000e+00 |      --      |    Inf |  87.47%
 6861s|308200 |  1303 | 47278k| 153.4 |   524M |  67 |1323 |4775 |3118 | 488k|  0 | 310k|  32 | 0.000000e+00 |      --      |    Inf |  87.47%
 6864s|308300 |  1305 | 47306k| 153.4 |   524M |  67 |1323 |4557 |2665 | 489k|  2 | 310k|  32 | 0.000000e+00 |      --      |    Inf |  87.50%
 6866s|308400 |  1295 | 47332k| 153.5 |   524M |  67 |1323 |4420 |2839 | 489k|  0 | 310k|  32 | 0.000000e+00 |      --      |    Inf |  87.51%
 6869s|308500 |  1301 | 47360k| 153.5 |   524M |  67 |1323 |4368 |3022 | 489k|  2 | 310k|  32 | 0.000000e+00 |      --      |    Inf |  87.51%
 6871s|308600 |  1290 | 47383k| 153.5 |   524M |  67 |1323 |4392 |2906 | 489k|  2 | 310k|  32 | 0.000000e+00 |      --      |    Inf |  87.51%
 6873s|308700 |  1301 | 47407k| 153.6 |   524M |  67 |1323 |4476 |3069 | 489k|  0 | 310k|  32 | 0.000000e+00 |      --      |    Inf |  87.51%
 6875s|308800 |  1298 | 47430k| 153.6 |   524M |  67 |1323 |4584 |3096 | 490k|  0 | 310k|  32 | 0.000000e+00 |      --      |    Inf |  87.51%
 6877s|308900 |  1299 | 47451k| 153.6 |   524M |  67 |1323 |4689 |3075 | 490k|  1 | 311k|  32 | 0.000000e+00 |      --      |    Inf |  87.51%
 6879s|309000 |  1298 | 47469k| 153.6 |   524M |  67 |1323 |4820 |3077 | 490k|  1 | 311k|  32 | 0.000000e+00 |      --      |    Inf |  87.51%
 6880s|309100 |  1296 | 47487k| 153.6 |   524M |  67 |1323 |4898 |3079 | 490k|  2 | 311k|  32 | 0.000000e+00 |      --      |    Inf |  87.51%
 6882s|309200 |  1295 | 47506k| 153.6 |   524M |  67 |1323 |4959 |3077 | 490k|  1 | 311k|  32 | 0.000000e+00 |      --      |    Inf |  87.51%
 time | node  | left  |LP iter|LP it/n|mem/heur|mdpt |vars |cons |rows |cuts |sepa|confs|strbr|  dualbound   | primalbound  |  gap   | compl. 
 6884s|309300 |  1293 | 47525k| 153.6 |   524M |  67 |1323 |4931 |3189 | 490k|  0 | 311k|  32 | 0.000000e+00 |      --      |    Inf |  87.51%
 6886s|309400 |  1293 | 47546k| 153.7 |   524M |  67 |1323 |4923 |3363 | 491k|  0 | 311k|  32 | 0.000000e+00 |      --      |    Inf |  87.51%
 6888s|309500 |  1290 | 47568k| 153.7 |   524M |  67 |1323 |5015 |3399 | 491k|  1 | 311k|  32 | 0.000000e+00 |      --      |    Inf |  87.51%
 6889s|309600 |  1295 | 47583k| 153.7 |   524M |  67 |1323 |5078 |2774 | 491k|  0 | 311k|  32 | 0.000000e+00 |      --      |    Inf |  87.51%
 6891s|309700 |  1298 | 47601k| 153.7 |   524M |  67 |1323 |5084 |2747 | 491k|  0 | 311k|  32 | 0.000000e+00 |      --      |    Inf |  87.51%
 6894s|309800 |  1296 | 47629k| 153.7 |   524M |  67 |1323 |5138 |2753 | 491k|  1 | 312k|  32 | 0.000000e+00 |      --      |    Inf |  87.51%
 6896s|309900 |  1294 | 47651k| 153.8 |   524M |  67 |1323 |5257 |3081 | 491k|  2 | 312k|  32 | 0.000000e+00 |      --      |    Inf |  87.51%
 6899s|310000 |  1304 | 47679k| 153.8 |   524M |  67 |1323 |5140 |2817 | 491k|  0 | 312k|  32 | 0.000000e+00 |      --      |    Inf |  87.52%
 6901s|310100 |  1307 | 47699k| 153.8 |   524M |  67 |1323 |5202 |2878 | 491k|  2 | 312k|  32 | 0.000000e+00 |      --      |    Inf |  87.52%
 6904s|310200 |  1299 | 47724k| 153.8 |   524M |  67 |1323 |5319 |2709 | 492k|  1 | 312k|  32 | 0.000000e+00 |      --      |    Inf |  87.52%
 6906s|310300 |  1299 | 47749k| 153.9 |   524M |  67 |1323 |5413 |2718 | 492k|  0 | 312k|  32 | 0.000000e+00 |      --      |    Inf |  87.52%
 6908s|310400 |  1298 | 47767k| 153.9 |   524M |  67 |1323 |5487 |2770 | 492k|  1 | 312k|  32 | 0.000000e+00 |      --      |    Inf |  87.52%
 6910s|310500 |  1315 | 47787k| 153.9 |   524M |  67 |1323 |5554 |2733 | 492k|  0 | 312k|  32 | 0.000000e+00 |      --      |    Inf |  87.52%
 6912s|310600 |  1315 | 47811k| 153.9 |   524M |  67 |1323 |5637 |2703 | 492k|  2 | 312k|  32 | 0.000000e+00 |      --      |    Inf |  87.52%
 6914s|310700 |  1316 | 47834k| 153.9 |   524M |  67 |1323 |5737 |2713 | 493k|  0 | 313k|  32 | 0.000000e+00 |      --      |    Inf |  87.52%
 time | node  | left  |LP iter|LP it/n|mem/heur|mdpt |vars |cons |rows |cuts |sepa|confs|strbr|  dualbound   | primalbound  |  gap   | compl. 
 6916s|310800 |  1322 | 47855k| 154.0 |   524M |  67 |1323 |5829 |2710 | 493k|  1 | 313k|  32 | 0.000000e+00 |      --      |    Inf |  87.52%
 6919s|310900 |  1325 | 47878k| 154.0 |   524M |  67 |1323 |5933 |2753 | 493k|  0 | 313k|  32 | 0.000000e+00 |      --      |    Inf |  87.52%
 6922s|311000 |  1312 | 47901k| 154.0 |   524M |  67 |1323 |6059 |2708 | 493k|  0 | 313k|  32 | 0.000000e+00 |      --      |    Inf |  87.52%
 6924s|311100 |  1328 | 47920k| 154.0 |   524M |  67 |1323 |6139 |2728 | 493k|  2 | 313k|  32 | 0.000000e+00 |      --      |    Inf |  87.52%
 6926s|311200 |  1335 | 47939k| 154.0 |   524M |  67 |1323 |6242 |2806 | 494k|  2 | 313k|  32 | 0.000000e+00 |      --      |    Inf |  87.52%
 6927s|311300 |  1333 | 47947k| 154.0 |   524M |  67 |1323 |6282 |2860 | 494k|  0 | 313k|  32 | 0.000000e+00 |      --      |    Inf |  87.52%
 6929s|311400 |  1329 | 47967k| 154.0 |   524M |  67 |1323 |6246 |2819 | 494k|  2 | 313k|  32 | 0.000000e+00 |      --      |    Inf |  87.52%
 6931s|311500 |  1326 | 47984k| 154.0 |   524M |  67 |1323 |6354 |2708 | 494k|  2 | 313k|  32 | 0.000000e+00 |      --      |    Inf |  87.52%
 6933s|311600 |  1307 | 48001k| 154.0 |   524M |  67 |1323 |6422 |2806 | 494k|  1 | 314k|  32 | 0.000000e+00 |      --      |    Inf |  87.52%
 6936s|311700 |  1299 | 48026k| 154.1 |   524M |  67 |1323 |6103 |2886 | 494k|  2 | 314k|  32 | 0.000000e+00 |      --      |    Inf |  87.54%
 6938s|311800 |  1296 | 48047k| 154.1 |   524M |  67 |1323 |6116 |3237 | 495k|  2 | 314k|  32 | 0.000000e+00 |      --      |    Inf |  87.56%
 6941s|311900 |  1297 | 48067k| 154.1 |   524M |  67 |1323 |6164 |2919 | 495k|  0 | 314k|  32 | 0.000000e+00 |      --      |    Inf |  87.57%
 6943s|312000 |  1307 | 48087k| 154.1 |   524M |  67 |1323 |6207 |2781 | 495k|  2 | 314k|  32 | 0.000000e+00 |      --      |    Inf |  87.57%
 6947s|312100 |  1313 | 48116k| 154.2 |   524M |  67 |1323 |6346 |2897 | 496k|  0 | 314k|  32 | 0.000000e+00 |      --      |    Inf |  87.57%
 6950s|312200 |  1308 | 48139k| 154.2 |   524M |  67 |1323 |6487 |2837 | 496k|  2 | 314k|  32 | 0.000000e+00 |      --      |    Inf |  87.57%
 time | node  | left  |LP iter|LP it/n|mem/heur|mdpt |vars |cons |rows |cuts |sepa|confs|strbr|  dualbound   | primalbound  |  gap   | compl. 
 6952s|312300 |  1303 | 48159k| 154.2 |   524M |  67 |1323 |6498 |2766 | 496k|  2 | 314k|  32 | 0.000000e+00 |      --      |    Inf |  87.57%
 6955s|312400 |  1306 | 48178k| 154.2 |   524M |  67 |1323 |6510 |2882 | 497k|  0 | 315k|  32 | 0.000000e+00 |      --      |    Inf |  87.57%
 6957s|312500 |  1305 | 48202k| 154.2 |   524M |  67 |1323 |6500 |2760 | 497k|  1 | 315k|  32 | 0.000000e+00 |      --      |    Inf |  87.57%
 6959s|312600 |  1296 | 48216k| 154.2 |   524M |  67 |1323 |6512 |2841 | 497k|  2 | 315k|  32 | 0.000000e+00 |      --      |    Inf |  87.57%
 6961s|312700 |  1299 | 48238k| 154.3 |   524M |  67 |1323 |6503 |2764 | 497k|  0 | 315k|  32 | 0.000000e+00 |      --      |    Inf |  87.57%
 6963s|312800 |  1308 | 48255k| 154.3 |   524M |  67 |1323 |6593 |2755 | 498k|  2 | 315k|  32 | 0.000000e+00 |      --      |    Inf |  87.57%
 6966s|312900 |  1306 | 48278k| 154.3 |   524M |  67 |1323 |6714 |2839 | 498k|  0 | 315k|  32 | 0.000000e+00 |      --      |    Inf |  87.57%
 6968s|313000 |  1303 | 48302k| 154.3 |   524M |  67 |1323 |6771 |2956 | 498k|  1 | 315k|  32 | 0.000000e+00 |      --      |    Inf |  87.57%
 6971s|313100 |  1298 | 48325k| 154.3 |   524M |  67 |1323 |6798 |2791 | 499k|  0 | 315k|  32 | 0.000000e+00 |      --      |    Inf |  87.57%
 6972s|313200 |  1307 | 48338k| 154.3 |   524M |  67 |1323 |6809 |2711 | 499k|  0 | 316k|  32 | 0.000000e+00 |      --      |    Inf |  87.57%
 6974s|313300 |  1299 | 48351k| 154.3 |   524M |  67 |1323 |6931 |2805 | 499k|  2 | 316k|  32 | 0.000000e+00 |      --      |    Inf |  87.57%
 6975s|313400 |  1292 | 48362k| 154.3 |   524M |  67 |1323 |6981 |   0 | 499k|  0 | 316k|  32 | 0.000000e+00 |      --      |    Inf |  87.57%
 6978s|313500 |  1307 | 48380k| 154.3 |   524M |  67 |1323 |7009 |2783 | 500k|  2 | 316k|  32 | 0.000000e+00 |      --      |    Inf |  87.57%
 6979s|313600 |  1299 | 48394k| 154.3 |   524M |  67 |1323 |7103 |2762 | 500k|  2 | 316k|  32 | 0.000000e+00 |      --      |    Inf |  87.57%
 6982s|313700 |  1301 | 48420k| 154.3 |   524M |  67 |1323 |6922 |2744 | 500k|  2 | 316k|  32 | 0.000000e+00 |      --      |    Inf |  87.57%
 time | node  | left  |LP iter|LP it/n|mem/heur|mdpt |vars |cons |rows |cuts |sepa|confs|strbr|  dualbound   | primalbound  |  gap   | compl. 
 6984s|313800 |  1314 | 48444k| 154.4 |   524M |  67 |1323 |6907 |2788 | 500k|  0 | 316k|  32 | 0.000000e+00 |      --      |    Inf |  87.57%
 6988s|313900 |  1310 | 48473k| 154.4 |   524M |  67 |1323 |6967 |2739 | 501k|  0 | 316k|  32 | 0.000000e+00 |      --      |    Inf |  87.57%
 6991s|314000 |  1309 | 48502k| 154.5 |   524M |  67 |1323 |7056 |2737 | 501k|  0 | 316k|  32 | 0.000000e+00 |      --      |    Inf |  87.57%
 6993s|314100 |  1315 | 48524k| 154.5 |   524M |  67 |1323 |7106 |2748 | 501k|  0 | 317k|  32 | 0.000000e+00 |      --      |    Inf |  87.57%
 6996s|314200 |  1310 | 48552k| 154.5 |   524M |  67 |1323 |7216 |2755 | 501k|  1 | 317k|  32 | 0.000000e+00 |      --      |    Inf |  87.57%
 6998s|314300 |  1303 | 48573k| 154.5 |   524M |  67 |1323 |7118 |2778 | 501k|  1 | 317k|  32 | 0.000000e+00 |      --      |    Inf |  87.57%
 7000s|314400 |  1303 | 48597k| 154.6 |   524M |  67 |1323 |7085 |2729 | 501k|  2 | 317k|  32 | 0.000000e+00 |      --      |    Inf |  87.57%
 7003s|314500 |  1305 | 48623k| 154.6 |   524M |  67 |1323 |7077 |2810 | 502k|  2 | 317k|  32 | 0.000000e+00 |      --      |    Inf |  87.57%
 7007s|314600 |  1302 | 48653k| 154.6 |   524M |  67 |1323 |7085 |2851 | 502k|  0 | 317k|  32 | 0.000000e+00 |      --      |    Inf |  87.57%
 7011s|314700 |  1309 | 48689k| 154.7 |   524M |  67 |1323 |6911 |3120 | 502k|  0 | 317k|  32 | 0.000000e+00 |      --      |    Inf |  87.60%
 7014s|314800 |  1310 | 48721k| 154.8 |   524M |  67 |1323 |7024 |3109 | 502k|  0 | 317k|  32 | 0.000000e+00 |      --      |    Inf |  87.60%
 7018s|314900 |  1302 | 48751k| 154.8 |   524M |  67 |1323 |7120 |3091 | 502k|  0 | 317k|  32 | 0.000000e+00 |      --      |    Inf |  87.60%
 7021s|315000 |  1305 | 48781k| 154.9 |   524M |  67 |1323 |7160 |3103 | 503k|  0 | 317k|  32 | 0.000000e+00 |      --      |    Inf |  87.60%
 7024s|315100 |  1308 | 48803k| 154.9 |   524M |  67 |1323 |7237 |3108 | 503k|  1 | 318k|  32 | 0.000000e+00 |      --      |    Inf |  87.60%
 7028s|315200 |  1311 | 48837k| 154.9 |   524M |  67 |1323 |7256 |2779 | 503k|  0 | 318k|  32 | 0.000000e+00 |      --      |    Inf |  87.60%
 time | node  | left  |LP iter|LP it/n|mem/heur|mdpt |vars |cons |rows |cuts |sepa|confs|strbr|  dualbound   | primalbound  |  gap   | compl. 
 7034s|315300 |  1314 | 48866k| 155.0 |   524M |  67 |1323 |7217 |3949 | 503k|  0 | 318k|  32 | 0.000000e+00 |      --      |    Inf |  87.60%
 7041s|315400 |  1325 | 48897k| 155.0 |   524M |  67 |1323 |7172 |2761 | 503k|  1 | 318k|  32 | 0.000000e+00 |      --      |    Inf |  87.60%
 7048s|315500 |  1311 | 48927k| 155.1 |   524M |  67 |1323 |7239 |3168 | 503k|  1 | 318k|  32 | 0.000000e+00 |      --      |    Inf |  87.60%
 7053s|315600 |  1318 | 48950k| 155.1 |   524M |  67 |1323 |7181 |2873 | 503k|  0 | 318k|  32 | 0.000000e+00 |      --      |    Inf |  87.60%
 7058s|315700 |  1316 | 48972k| 155.1 |   524M |  67 |1323 |7212 |2942 | 503k|  1 | 318k|  32 | 0.000000e+00 |      --      |    Inf |  87.60%
 7062s|315800 |  1313 | 48995k| 155.1 |   524M |  67 |1323 |7214 |2872 | 504k|  0 | 318k|  32 | 0.000000e+00 |      --      |    Inf |  87.60%
 7068s|315900 |  1322 | 49021k| 155.2 |   524M |  67 |1323 |7032 |3186 | 504k|  2 | 318k|  32 | 0.000000e+00 |      --      |    Inf |  87.60%
 7074s|316000 |  1340 | 49043k| 155.2 |   524M |  67 |1323 |7125 |3223 | 504k|  2 | 319k|  32 | 0.000000e+00 |      --      |    Inf |  87.60%
 7078s|316100 |  1342 | 49061k| 155.2 |   524M |  67 |1323 |7252 |3187 | 504k|  0 | 319k|  32 | 0.000000e+00 |      --      |    Inf |  87.60%
 7082s|316200 |  1345 | 49081k| 155.2 |   524M |  67 |1323 |7314 |3214 | 504k|  0 | 319k|  32 | 0.000000e+00 |      --      |    Inf |  87.60%
 7088s|316300 |  1336 | 49106k| 155.2 |   524M |  67 |1323 |7438 |3209 | 504k|  0 | 319k|  32 | 0.000000e+00 |      --      |    Inf |  87.60%
 7094s|316400 |  1330 | 49131k| 155.3 |   524M |  67 |1323 |7525 |3201 | 504k|  0 | 319k|  32 | 0.000000e+00 |      --      |    Inf |  87.60%
 7099s|316500 |  1322 | 49157k| 155.3 |   524M |  67 |1323 |7525 |3255 | 504k|  0 | 319k|  32 | 0.000000e+00 |      --      |    Inf |  87.60%
 7105s|316600 |  1335 | 49183k| 155.3 |   524M |  67 |1323 |7549 |3242 | 504k|  2 | 319k|  32 | 0.000000e+00 |      --      |    Inf |  87.60%
 7112s|316700 |  1333 | 49207k| 155.4 |   524M |  67 |1323 |7673 |3267 | 505k|  0 | 319k|  32 | 0.000000e+00 |      --      |    Inf |  87.60%
 time | node  | left  |LP iter|LP it/n|mem/heur|mdpt |vars |cons |rows |cuts |sepa|confs|strbr|  dualbound   | primalbound  |  gap   | compl. 
 7119s|316800 |  1339 | 49226k| 155.4 |   524M |  67 |1323 |7747 |3300 | 505k|  1 | 320k|  32 | 0.000000e+00 |      --      |    Inf |  87.60%
 7126s|316900 |  1327 | 49251k| 155.4 |   525M |  67 |1323 |7738 |   0 | 505k|  0 | 320k|  32 | 0.000000e+00 |      --      |    Inf |  87.60%
 7132s|317000 |  1327 | 49276k| 155.4 |   525M |  67 |1323 |7722 |3252 | 505k|  1 | 320k|  32 | 0.000000e+00 |      --      |    Inf |  87.60%
 7138s|317100 |  1329 | 49303k| 155.5 |   525M |  67 |1323 |7692 |   0 | 505k|  0 | 320k|  32 | 0.000000e+00 |      --      |    Inf |  87.60%
 7143s|317200 |  1331 | 49326k| 155.5 |   525M |  67 |1323 |7727 |3261 | 505k|  2 | 320k|  32 | 0.000000e+00 |      --      |    Inf |  87.60%
 7148s|317300 |  1333 | 49347k| 155.5 |   525M |  67 |1323 |7674 |3228 | 505k|  1 | 320k|  32 | 0.000000e+00 |      --      |    Inf |  87.60%
 7154s|317400 |  1334 | 49372k| 155.5 |   525M |  67 |1323 |7684 |3235 | 505k|  1 | 320k|  32 | 0.000000e+00 |      --      |    Inf |  87.60%
 7159s|317500 |  1342 | 49397k| 155.6 |   525M |  67 |1323 |7747 |3253 | 506k|  1 | 320k|  32 | 0.000000e+00 |      --      |    Inf |  87.60%
 7165s|317600 |  1337 | 49424k| 155.6 |   525M |  67 |1323 |7744 |3308 | 506k|  1 | 321k|  32 | 0.000000e+00 |      --      |    Inf |  87.60%
 7171s|317700 |  1351 | 49450k| 155.6 |   525M |  67 |1323 |7545 |3198 | 506k|  2 | 321k|  32 | 0.000000e+00 |      --      |    Inf |  87.60%
 7175s|317800 |  1351 | 49471k| 155.7 |   525M |  67 |1323 |7506 |3242 | 506k|  2 | 321k|  32 | 0.000000e+00 |      --      |    Inf |  87.60%
 7180s|317900 |  1355 | 49494k| 155.7 |   525M |  67 |1323 |7541 |3280 | 506k|  0 | 321k|  32 | 0.000000e+00 |      --      |    Inf |  87.60%
 7186s|318000 |  1347 | 49521k| 155.7 |   525M |  67 |1323 |7577 |3213 | 506k|  1 | 321k|  32 | 0.000000e+00 |      --      |    Inf |  87.60%
 7194s|318100 |  1365 | 49555k| 155.8 |   525M |  67 |1323 |7534 |3253 | 506k|  0 | 321k|  32 | 0.000000e+00 |      --      |    Inf |  87.60%
 7199s|318200 |  1364 | 49582k| 155.8 |   525M |  67 |1323 |7641 |3290 | 506k|  0 | 321k|  32 | 0.000000e+00 |      --      |    Inf |  87.60%
 time | node  | left  |LP iter|LP it/n|mem/heur|mdpt |vars |cons |rows |cuts |sepa|confs|strbr|  dualbound   | primalbound  |  gap   | compl. 
 7204s|318300 |  1373 | 49605k| 155.8 |   525M |  67 |1323 |7746 |3256 | 507k|  0 | 321k|  32 | 0.000000e+00 |      --      |    Inf |  87.60%
 7210s|318400 |  1364 | 49627k| 155.9 |   525M |  67 |1323 |7746 |3286 | 507k|  0 | 321k|  32 | 0.000000e+00 |      --      |    Inf |  87.60%
 7216s|318500 |  1356 | 49657k| 155.9 |   525M |  67 |1323 |7746 |3229 | 507k|  0 | 322k|  32 | 0.000000e+00 |      --      |    Inf |  87.60%
 7222s|318600 |  1363 | 49681k| 155.9 |   525M |  67 |1323 |7746 |3266 | 507k|  0 | 322k|  32 | 0.000000e+00 |      --      |    Inf |  87.60%
 7227s|318700 |  1353 | 49703k| 155.9 |   525M |  67 |1323 |7746 |3271 | 507k|  0 | 322k|  32 | 0.000000e+00 |      --      |    Inf |  87.60%
 7230s|318800 |  1349 | 49722k| 156.0 |   525M |  67 |1323 |7746 |3263 | 507k|  1 | 322k|  32 | 0.000000e+00 |      --      |    Inf |  87.60%
 7236s|318900 |  1344 | 49744k| 156.0 |   525M |  67 |1323 |7744 |3242 | 507k|  0 | 322k|  32 | 0.000000e+00 |      --      |    Inf |  87.60%
 7241s|319000 |  1341 | 49769k| 156.0 |   525M |  67 |1323 |7462 |4240 | 507k|  1 | 322k|  32 | 0.000000e+00 |      --      |    Inf |  87.60%
 7247s|319100 |  1339 | 49794k| 156.0 |   525M |  67 |1323 |7273 |2675 | 507k|  0 | 322k|  32 | 0.000000e+00 |      --      |    Inf |  87.60%
 7252s|319200 |  1331 | 49817k| 156.1 |   525M |  67 |1323 |6741 |2896 | 507k|  2 | 322k|  32 | 0.000000e+00 |      --      |    Inf |  87.60%
 7256s|319300 |  1330 | 49837k| 156.1 |   525M |  67 |1323 |6487 |2769 | 508k|  1 | 322k|  32 | 0.000000e+00 |      --      |    Inf |  87.60%
 7261s|319400 |  1318 | 49864k| 156.1 |   525M |  67 |1323 |6119 |3204 | 508k|  0 | 323k|  32 | 0.000000e+00 |      --      |    Inf |  87.60%
 7265s|319500 |  1314 | 49882k| 156.1 |   525M |  67 |1323 |5903 |2900 | 508k|  0 | 323k|  32 | 0.000000e+00 |      --      |    Inf |  87.61%
 7271s|319600 |  1304 | 49910k| 156.2 |   525M |  67 |1323 |5685 |2838 | 508k|  2 | 323k|  32 | 0.000000e+00 |      --      |    Inf |  87.61%
 7277s|319700 |  1302 | 49938k| 156.2 |   525M |  67 |1323 |5524 |3113 | 508k|  2 | 323k|  32 | 0.000000e+00 |      --      |    Inf |  87.61%
 time | node  | left  |LP iter|LP it/n|mem/heur|mdpt |vars |cons |rows |cuts |sepa|confs|strbr|  dualbound   | primalbound  |  gap   | compl. 
 7284s|319800 |  1299 | 49969k| 156.2 |   525M |  67 |1323 |5320 |2840 | 508k|  2 | 323k|  32 | 0.000000e+00 |      --      |    Inf |  87.61%
 7290s|319900 |  1298 | 49995k| 156.3 |   525M |  67 |1323 |5184 |2934 | 508k|  1 | 323k|  32 | 0.000000e+00 |      --      |    Inf |  87.61%
 7296s|320000 |  1289 | 50022k| 156.3 |   525M |  67 |1323 |5114 |2665 | 508k|  1 | 323k|  32 | 0.000000e+00 |      --      |    Inf |  87.62%
 7302s|320100 |  1283 | 50050k| 156.3 |   525M |  67 |1323 |4968 |2885 | 509k|  0 | 323k|  32 | 0.000000e+00 |      --      |    Inf |  87.62%
 7307s|320200 |  1281 | 50075k| 156.4 |   525M |  67 |1323 |4899 |3165 | 509k|  0 | 323k|  32 | 0.000000e+00 |      --      |    Inf |  87.62%
 7311s|320300 |  1296 | 50090k| 156.4 |   525M |  67 |1323 |4845 |2697 | 509k|  0 | 323k|  32 | 0.000000e+00 |      --      |    Inf |  87.63%
 7313s|320400 |  1289 | 50102k| 156.4 |   525M |  67 |1323 |4880 |2694 | 509k|  2 | 324k|  32 | 0.000000e+00 |      --      |    Inf |  87.63%
 7317s|320500 |  1284 | 50116k| 156.4 |   525M |  67 |1323 |4987 |2954 | 509k|  0 | 324k|  32 | 0.000000e+00 |      --      |    Inf |  87.63%
 7323s|320600 |  1279 | 50144k| 156.4 |   525M |  67 |1323 |4963 |2777 | 509k|  2 | 324k|  32 | 0.000000e+00 |      --      |    Inf |  87.67%
 7327s|320700 |  1285 | 50164k| 156.4 |   525M |  67 |1323 |4948 |2816 | 510k|  1 | 324k|  32 | 0.000000e+00 |      --      |    Inf |  87.70%
 7330s|320800 |  1302 | 50181k| 156.4 |   525M |  67 |1323 |4960 |2857 | 510k|  2 | 324k|  32 | 0.000000e+00 |      --      |    Inf |  87.70%
 7332s|320900 |  1297 | 50198k| 156.4 |   525M |  67 |1323 |5001 |2821 | 510k|  1 | 324k|  32 | 0.000000e+00 |      --      |    Inf |  87.70%
 7334s|321000 |  1301 | 50218k| 156.4 |   525M |  67 |1323 |5017 |2838 | 510k|  1 | 324k|  32 | 0.000000e+00 |      --      |    Inf |  87.70%
 7336s|321100 |  1295 | 50239k| 156.4 |   525M |  67 |1323 |5041 |2834 | 510k|  0 | 324k|  32 | 0.000000e+00 |      --      |    Inf |  87.70%
 7338s|321200 |  1295 | 50253k| 156.4 |   525M |  67 |1323 |5052 |2828 | 510k|  0 | 324k|  32 | 0.000000e+00 |      --      |    Inf |  87.70%
 time | node  | left  |LP iter|LP it/n|mem/heur|mdpt |vars |cons |rows |cuts |sepa|confs|strbr|  dualbound   | primalbound  |  gap   | compl. 
 7339s|321300 |  1301 | 50267k| 156.4 |   525M |  67 |1323 |5113 |   0 | 510k|  0 | 324k|  32 | 0.000000e+00 |      --      |    Inf |  87.70%
 7341s|321400 |  1304 | 50283k| 156.4 |   525M |  67 |1323 |5139 |2846 | 510k|  0 | 324k|  32 | 0.000000e+00 |      --      |    Inf |  87.70%
 7342s|321500 |  1298 | 50301k| 156.4 |   525M |  67 |1323 |5137 |2855 | 510k|  0 | 324k|  32 | 0.000000e+00 |      --      |    Inf |  87.70%
 7344s|321600 |  1289 | 50317k| 156.5 |   525M |  67 |1323 |5118 |2844 | 510k|  2 | 324k|  32 | 0.000000e+00 |      --      |    Inf |  87.70%
 7345s|321700 |  1289 | 50332k| 156.4 |   525M |  67 |1323 |5104 |2910 | 510k|  1 | 324k|  32 | 0.000000e+00 |      --      |    Inf |  87.70%
 7347s|321800 |  1297 | 50348k| 156.5 |   525M |  67 |1323 |5107 |2912 | 511k|  0 | 324k|  32 | 0.000000e+00 |      --      |    Inf |  87.70%
 7348s|321900 |  1289 | 50370k| 156.5 |   525M |  67 |1323 |5140 |2914 | 511k|  1 | 324k|  32 | 0.000000e+00 |      --      |    Inf |  87.70%
 7350s|322000 |  1285 | 50384k| 156.5 |   525M |  67 |1323 |5130 |2821 | 511k|  0 | 324k|  32 | 0.000000e+00 |      --      |    Inf |  87.70%
 7352s|322100 |  1287 | 50402k| 156.5 |   525M |  67 |1323 |5155 |2827 | 511k|  1 | 324k|  32 | 0.000000e+00 |      --      |    Inf |  87.70%
 7353s|322200 |  1286 | 50420k| 156.5 |   525M |  67 |1323 |5152 |2895 | 511k|  0 | 324k|  32 | 0.000000e+00 |      --      |    Inf |  87.70%
 7355s|322300 |  1292 | 50436k| 156.5 |   525M |  67 |1323 |5157 |2908 | 511k|  0 | 324k|  32 | 0.000000e+00 |      --      |    Inf |  87.71%
 7357s|322400 |  1280 | 50459k| 156.5 |   525M |  67 |1323 |5186 |2904 | 511k|  0 | 324k|  32 | 0.000000e+00 |      --      |    Inf |  87.71%
 7359s|322500 |  1274 | 50485k| 156.5 |   525M |  67 |1323 |5180 |2862 | 511k|  0 | 325k|  32 | 0.000000e+00 |      --      |    Inf |  87.72%
 7362s|322600 |  1272 | 50510k| 156.6 |   525M |  67 |1323 |4985 |2720 | 511k|  0 | 325k|  32 | 0.000000e+00 |      --      |    Inf |  87.78%
 7364s|322700 |  1282 | 50533k| 156.6 |   525M |  67 |1323 |4924 |2846 | 512k|  0 | 325k|  32 | 0.000000e+00 |      --      |    Inf |  87.79%
 time | node  | left  |LP iter|LP it/n|mem/heur|mdpt |vars |cons |rows |cuts |sepa|confs|strbr|  dualbound   | primalbound  |  gap   | compl. 
 7367s|322800 |  1280 | 50560k| 156.6 |   525M |  67 |1323 |4862 |2711 | 512k|  2 | 325k|  32 | 0.000000e+00 |      --      |    Inf |  87.79%
 7368s|322900 |  1281 | 50575k| 156.6 |   525M |  67 |1323 |4935 |2741 | 512k|  0 | 325k|  32 | 0.000000e+00 |      --      |    Inf |  87.79%
 7370s|323000 |  1281 | 50590k| 156.6 |   525M |  67 |1323 |5006 |2691 | 512k|  0 | 325k|  32 | 0.000000e+00 |      --      |    Inf |  87.79%
 7371s|323100 |  1275 | 50606k| 156.6 |   525M |  67 |1323 |5027 |   0 | 512k|  0 | 325k|  32 | 0.000000e+00 |      --      |    Inf |  87.79%
 7374s|323200 |  1273 | 50629k| 156.6 |   525M |  67 |1323 |4936 |2671 | 512k|  0 | 325k|  32 | 0.000000e+00 |      --      |    Inf |  87.79%
 7375s|323300 |  1279 | 50644k| 156.6 |   525M |  67 |1323 |4882 |2684 | 512k|  2 | 325k|  32 | 0.000000e+00 |      --      |    Inf |  87.80%
 7377s|323400 |  1276 | 50669k| 156.7 |   525M |  67 |1323 |4864 |3252 | 513k|  0 | 325k|  32 | 0.000000e+00 |      --      |    Inf |  87.80%
 7380s|323500 |  1277 | 50689k| 156.7 |   525M |  67 |1323 |4853 |3016 | 513k|  2 | 325k|  32 | 0.000000e+00 |      --      |    Inf |  87.80%
 7381s|323600 |  1277 | 50708k| 156.7 |   525M |  67 |1323 |4933 |3228 | 513k|  0 | 326k|  32 | 0.000000e+00 |      --      |    Inf |  87.80%
 7384s|323700 |  1265 | 50736k| 156.7 |   525M |  67 |1323 |4877 |2702 | 513k|  0 | 326k|  32 | 0.000000e+00 |      --      |    Inf |  87.80%
 7386s|323800 |  1267 | 50760k| 156.8 |   525M |  67 |1323 |4798 |3116 | 513k|  0 | 326k|  32 | 0.000000e+00 |      --      |    Inf |  87.81%
 7388s|323900 |  1281 | 50777k| 156.8 |   525M |  67 |1323 |4770 |2727 | 513k|  2 | 326k|  32 | 0.000000e+00 |      --      |    Inf |  87.81%
 7390s|324000 |  1285 | 50789k| 156.7 |   525M |  67 |1323 |4861 |   0 | 513k|  0 | 326k|  32 | 0.000000e+00 |      --      |    Inf |  87.81%
 7394s|324100 |  1271 | 50809k| 156.8 |   525M |  67 |1323 |4817 |3724 | 513k|  0 | 326k|  32 | 0.000000e+00 |      --      |    Inf |  87.82%
 7400s|324200 |  1277 | 50834k| 156.8 |   525M |  67 |1323 |4826 |3090 | 513k|  0 | 326k|  32 | 0.000000e+00 |      --      |    Inf |  87.82%
 time | node  | left  |LP iter|LP it/n|mem/heur|mdpt |vars |cons |rows |cuts |sepa|confs|strbr|  dualbound   | primalbound  |  gap   | compl. 
 7405s|324300 |  1272 | 50860k| 156.8 |   525M |  67 |1323 |4751 |2720 | 514k|  1 | 326k|  32 | 0.000000e+00 |      --      |    Inf |  87.83%
 7410s|324400 |  1266 | 50886k| 156.9 |   525M |  67 |1323 |4828 |3038 | 514k|  0 | 326k|  32 | 0.000000e+00 |      --      |    Inf |  87.83%
 7414s|324500 |  1281 | 50903k| 156.9 |   525M |  67 |1323 |4837 |2733 | 514k|  0 | 326k|  32 | 0.000000e+00 |      --      |    Inf |  87.83%
 7418s|324600 |  1278 | 50923k| 156.9 |   525M |  67 |1323 |4941 |2726 | 514k|  0 | 326k|  32 | 0.000000e+00 |      --      |    Inf |  87.83%
 7421s|324700 |  1286 | 50943k| 156.9 |   525M |  67 |1323 |5036 |2760 | 514k|  2 | 327k|  32 | 0.000000e+00 |      --      |    Inf |  87.83%
 7426s|324800 |  1279 | 50969k| 156.9 |   525M |  67 |1323 |5160 |2751 | 514k|  0 | 327k|  32 | 0.000000e+00 |      --      |    Inf |  87.83%
 7431s|324900 |  1283 | 50991k| 156.9 |   525M |  67 |1323 |5226 |2699 | 514k|  2 | 327k|  32 | 0.000000e+00 |      --      |    Inf |  87.83%
 7435s|325000 |  1291 | 51012k| 157.0 |   525M |  67 |1323 |5297 |2762 | 514k|  1 | 327k|  32 | 0.000000e+00 |      --      |    Inf |  87.83%
 7439s|325100 |  1289 | 51033k| 157.0 |   525M |  67 |1323 |5374 |3313 | 514k|  2 | 327k|  32 | 0.000000e+00 |      --      |    Inf |  87.83%
 7442s|325200 |  1301 | 51049k| 157.0 |   525M |  67 |1323 |5421 |2759 | 515k|  2 | 327k|  32 | 0.000000e+00 |      --      |    Inf |  87.83%
 7446s|325300 |  1302 | 51067k| 157.0 |   525M |  67 |1323 |5532 |2768 | 515k|  1 | 327k|  32 | 0.000000e+00 |      --      |    Inf |  87.83%
 7449s|325400 |  1296 | 51086k| 157.0 |   525M |  67 |1323 |5630 |2820 | 515k|  0 | 327k|  32 | 0.000000e+00 |      --      |    Inf |  87.83%
 7454s|325500 |  1293 | 51108k| 157.0 |   525M |  67 |1323 |5723 |3395 | 515k|  0 | 327k|  32 | 0.000000e+00 |      --      |    Inf |  87.83%
 7459s|325600 |  1289 | 51133k| 157.0 |   525M |  67 |1323 |5704 |3396 | 515k|  0 | 327k|  32 | 0.000000e+00 |      --      |    Inf |  87.83%
 7466s|325700 |  1286 | 51162k| 157.1 |   525M |  67 |1323 |5630 |   0 | 515k|  0 | 328k|  32 | 0.000000e+00 |      --      |    Inf |  87.86%
 time | node  | left  |LP iter|LP it/n|mem/heur|mdpt |vars |cons |rows |cuts |sepa|confs|strbr|  dualbound   | primalbound  |  gap   | compl. 
 7470s|325800 |  1291 | 51184k| 157.1 |   525M |  67 |1323 |5560 |2710 | 515k|  2 | 328k|  32 | 0.000000e+00 |      --      |    Inf |  87.86%
 7475s|325900 |  1306 | 51204k| 157.1 |   525M |  67 |1323 |5452 |2691 | 515k|  1 | 328k|  32 | 0.000000e+00 |      --      |    Inf |  87.86%
 7479s|326000 |  1338 | 51220k| 157.1 |   525M |  67 |1323 |5471 |2677 | 516k|  0 | 328k|  32 | 0.000000e+00 |      --      |    Inf |  87.86%
 7482s|326100 |  1335 | 51233k| 157.1 |   525M |  67 |1323 |5533 |   0 | 516k|  0 | 328k|  32 | 0.000000e+00 |      --      |    Inf |  87.86%
 7485s|326200 |  1333 | 51250k| 157.1 |   525M |  67 |1323 |5587 |2699 | 516k|  2 | 328k|  32 | 0.000000e+00 |      --      |    Inf |  87.86%
 7489s|326300 |  1304 | 51266k| 157.1 |   525M |  67 |1323 |5645 |2698 | 516k|  0 | 328k|  32 | 0.000000e+00 |      --      |    Inf |  87.86%
 7493s|326400 |  1291 | 51287k| 157.1 |   525M |  67 |1323 |5605 |3471 | 516k|  0 | 328k|  32 | 0.000000e+00 |      --      |    Inf |  87.86%
 7499s|326500 |  1295 | 51314k| 157.2 |   525M |  67 |1323 |5582 |2951 | 516k|  1 | 328k|  32 | 0.000000e+00 |      --      |    Inf |  87.86%
 7505s|326600 |  1298 | 51340k| 157.2 |   525M |  67 |1323 |5552 |2971 | 516k|  0 | 328k|  32 | 0.000000e+00 |      --      |    Inf |  87.86%
 7510s|326700 |  1299 | 51363k| 157.2 |   525M |  67 |1323 |5606 |3264 | 516k|  0 | 329k|  32 | 0.000000e+00 |      --      |    Inf |  87.86%
 7513s|326800 |  1291 | 51387k| 157.2 |   525M |  67 |1323 |5738 |3265 | 516k|  0 | 329k|  32 | 0.000000e+00 |      --      |    Inf |  87.86%
 7516s|326900 |  1287 | 51413k| 157.3 |   525M |  67 |1323 |5668 |3159 | 517k|  0 | 329k|  32 | 0.000000e+00 |      --      |    Inf |  87.86%
 7518s|327000 |  1289 | 51434k| 157.3 |   525M |  67 |1323 |5720 |3460 | 517k|  0 | 329k|  32 | 0.000000e+00 |      --      |    Inf |  87.86%
 7520s|327100 |  1286 | 51456k| 157.3 |   525M |  67 |1323 |5792 |3183 | 517k|  1 | 329k|  32 | 0.000000e+00 |      --      |    Inf |  87.87%
 7523s|327200 |  1281 | 51481k| 157.3 |   525M |  67 |1323 |5789 |4222 | 517k|  1 | 329k|  32 | 0.000000e+00 |      --      |    Inf |  87.87%
 time | node  | left  |LP iter|LP it/n|mem/heur|mdpt |vars |cons |rows |cuts |sepa|confs|strbr|  dualbound   | primalbound  |  gap   | compl. 
 7526s|327300 |  1283 | 51507k| 157.4 |   525M |  67 |1323 |5770 |2901 | 517k|  1 | 329k|  32 | 0.000000e+00 |      --      |    Inf |  87.87%
 7527s|327400 |  1289 | 51521k| 157.4 |   525M |  67 |1323 |5735 |   0 | 517k|  0 | 329k|  32 | 0.000000e+00 |      --      |    Inf |  87.87%
 7529s|327500 |  1289 | 51532k| 157.3 |   525M |  67 |1323 |5785 |2770 | 517k|  2 | 329k|  32 | 0.000000e+00 |      --      |    Inf |  87.87%
 7531s|327600 |  1274 | 51557k| 157.4 |   525M |  67 |1323 |5716 |3727 | 517k|  0 | 329k|  32 | 0.000000e+00 |      --      |    Inf |  87.88%
 7533s|327700 |  1280 | 51575k| 157.4 |   525M |  67 |1323 |5660 |2718 | 517k|  2 | 330k|  32 | 0.000000e+00 |      --      |    Inf |  87.88%
 7535s|327800 |  1280 | 51598k| 157.4 |   525M |  67 |1323 |5598 |2756 | 517k|  2 | 330k|  32 | 0.000000e+00 |      --      |    Inf |  87.88%
 7537s|327900 |  1280 | 51620k| 157.4 |   525M |  67 |1323 |5581 |2693 | 517k|  2 | 330k|  32 | 0.000000e+00 |      --      |    Inf |  87.88%
 7539s|328000 |  1283 | 51635k| 157.4 |   525M |  67 |1323 |5630 |2793 | 518k|  2 | 330k|  32 | 0.000000e+00 |      --      |    Inf |  87.88%
 7540s|328100 |  1281 | 51649k| 157.4 |   525M |  67 |1323 |5698 |2707 | 518k|  0 | 330k|  32 | 0.000000e+00 |      --      |    Inf |  87.88%
 7542s|328200 |  1277 | 51669k| 157.4 |   525M |  67 |1323 |5824 |2701 | 518k|  1 | 330k|  32 | 0.000000e+00 |      --      |    Inf |  87.88%
 7544s|328300 |  1276 | 51689k| 157.4 |   525M |  67 |1323 |5657 |2789 | 518k|  0 | 330k|  32 | 0.000000e+00 |      --      |    Inf |  87.88%
 7547s|328400 |  1268 | 51716k| 157.5 |   525M |  67 |1323 |5527 |2750 | 518k|  0 | 330k|  32 | 0.000000e+00 |      --      |    Inf |  87.89%
 7551s|328500 |  1274 | 51752k| 157.5 |   525M |  67 |1323 |5467 |3481 | 518k|  1 | 330k|  32 | 0.000000e+00 |      --      |    Inf |  87.89%
 7554s|328600 |  1270 | 51771k| 157.5 |   525M |  67 |1323 |5469 |2728 | 518k|  0 | 330k|  32 | 0.000000e+00 |      --      |    Inf |  87.89%
 7557s|328700 |  1283 | 51782k| 157.5 |   525M |  67 |1323 |5494 |2711 | 519k|  0 | 331k|  32 | 0.000000e+00 |      --      |    Inf |  87.89%
 time | node  | left  |LP iter|LP it/n|mem/heur|mdpt |vars |cons |rows |cuts |sepa|confs|strbr|  dualbound   | primalbound  |  gap   | compl. 
 7560s|328800 |  1284 | 51796k| 157.5 |   525M |  67 |1323 |5616 |2793 | 519k|  0 | 331k|  32 | 0.000000e+00 |      --      |    Inf |  87.89%
 7563s|328900 |  1273 | 51810k| 157.5 |   525M |  67 |1323 |5721 |2825 | 519k|  0 | 331k|  32 | 0.000000e+00 |      --      |    Inf |  87.89%
 7566s|329000 |  1270 | 51828k| 157.5 |   525M |  67 |1323 |5817 |2895 | 519k|  0 | 331k|  32 | 0.000000e+00 |      --      |    Inf |  87.89%
 7570s|329100 |  1273 | 51849k| 157.5 |   525M |  67 |1323 |5937 |2950 | 519k|  1 | 331k|  32 | 0.000000e+00 |      --      |    Inf |  87.89%
 7574s|329200 |  1273 | 51869k| 157.6 |   525M |  67 |1323 |5935 |3328 | 519k|  1 | 331k|  32 | 0.000000e+00 |      --      |    Inf |  87.89%
 7578s|329300 |  1286 | 51886k| 157.6 |   525M |  67 |1323 |5935 |2716 | 519k|  2 | 331k|  32 | 0.000000e+00 |      --      |    Inf |  87.89%
 7582s|329400 |  1280 | 51907k| 157.6 |   525M |  67 |1323 |5968 |2756 | 520k|  0 | 331k|  32 | 0.000000e+00 |      --      |    Inf |  87.89%
 7585s|329500 |  1288 | 51924k| 157.6 |   525M |  67 |1323 |6067 |   0 | 520k|  0 | 332k|  32 | 0.000000e+00 |      --      |    Inf |  87.89%
 7589s|329600 |  1290 | 51940k| 157.6 |   525M |  67 |1323 |6122 |2817 | 520k|  1 | 332k|  32 | 0.000000e+00 |      --      |    Inf |  87.89%
 7592s|329700 |  1293 | 51956k| 157.6 |   525M |  67 |1323 |6164 |2739 | 520k|  0 | 332k|  32 | 0.000000e+00 |      --      |    Inf |  87.89%
 7595s|329800 |  1281 | 51971k| 157.6 |   525M |  67 |1323 |6274 |2741 | 521k|  2 | 332k|  32 | 0.000000e+00 |      --      |    Inf |  87.89%
 7599s|329900 |  1289 | 51990k| 157.6 |   525M |  67 |1323 |6302 |2743 | 521k|  1 | 332k|  32 | 0.000000e+00 |      --      |    Inf |  87.89%
 7602s|330000 |  1286 | 52008k| 157.6 |   525M |  67 |1323 |6393 |2742 | 521k|  1 | 332k|  32 | 0.000000e+00 |      --      |    Inf |  87.89%
 7606s|330100 |  1282 | 52027k| 157.6 |   525M |  67 |1323 |6435 |3204 | 521k|  2 | 332k|  32 | 0.000000e+00 |      --      |    Inf |  87.89%
 7611s|330200 |  1293 | 52051k| 157.6 |   525M |  67 |1323 |6495 |3215 | 521k|  0 | 332k|  32 | 0.000000e+00 |      --      |    Inf |  87.89%
 time | node  | left  |LP iter|LP it/n|mem/heur|mdpt |vars |cons |rows |cuts |sepa|confs|strbr|  dualbound   | primalbound  |  gap   | compl. 
 7616s|330300 |  1296 | 52074k| 157.6 |   525M |  67 |1323 |6543 |3236 | 521k|  2 | 332k|  32 | 0.000000e+00 |      --      |    Inf |  87.89%
 7622s|330400 |  1284 | 52102k| 157.7 |   525M |  67 |1323 |6625 |3228 | 521k|  0 | 333k|  32 | 0.000000e+00 |      --      |    Inf |  87.89%
 7626s|330500 |  1284 | 52124k| 157.7 |   525M |  67 |1323 |6664 |2749 | 522k|  2 | 333k|  32 | 0.000000e+00 |      --      |    Inf |  87.89%
 7630s|330600 |  1292 | 52143k| 157.7 |   525M |  67 |1323 |6778 |2797 | 522k|  2 | 333k|  32 | 0.000000e+00 |      --      |    Inf |  87.89%
 7635s|330700 |  1288 | 52169k| 157.7 |   525M |  67 |1323 |6848 |2792 | 523k|  2 | 333k|  32 | 0.000000e+00 |      --      |    Inf |  87.89%
 7641s|330800 |  1277 | 52193k| 157.8 |   525M |  67 |1323 |6897 |2898 | 523k|  0 | 333k|  32 | 0.000000e+00 |      --      |    Inf |  87.89%
 7647s|330900 |  1273 | 52225k| 157.8 |   525M |  67 |1323 |6932 |3207 | 523k|  1 | 333k|  32 | 0.000000e+00 |      --      |    Inf |  87.89%
 7654s|331000 |  1267 | 52259k| 157.9 |   525M |  67 |1323 |6987 |3376 | 523k|  0 | 333k|  32 | 0.000000e+00 |      --      |    Inf |  87.89%
 7660s|331100 |  1269 | 52286k| 157.9 |   525M |  67 |1323 |6862 |3140 | 523k|  2 | 333k|  32 | 0.000000e+00 |      --      |    Inf |  87.89%
 7665s|331200 |  1271 | 52311k| 157.9 |   525M |  67 |1323 |6833 |2994 | 523k|  0 | 334k|  32 | 0.000000e+00 |      --      |    Inf |  87.89%
 7669s|331300 |  1271 | 52333k| 158.0 |   525M |  67 |1323 |6834 |2843 | 523k|  2 | 334k|  32 | 0.000000e+00 |      --      |    Inf |  87.89%
 7673s|331400 |  1263 | 52352k| 158.0 |   525M |  67 |1323 |6822 |2898 | 523k|  0 | 334k|  32 | 0.000000e+00 |      --      |    Inf |  87.89%
 7678s|331500 |  1260 | 52376k| 158.0 |   525M |  67 |1323 |6382 |2943 | 523k|  0 | 334k|  32 | 0.000000e+00 |      --      |    Inf |  87.89%
 7682s|331600 |  1265 | 52398k| 158.0 |   525M |  67 |1323 |6230 |2817 | 524k|  2 | 334k|  32 | 0.000000e+00 |      --      |    Inf |  87.89%
 7686s|331700 |  1261 | 52417k| 158.0 |   525M |  67 |1323 |6347 |2769 | 524k|  2 | 334k|  32 | 0.000000e+00 |      --      |    Inf |  87.89%
 time | node  | left  |LP iter|LP it/n|mem/heur|mdpt |vars |cons |rows |cuts |sepa|confs|strbr|  dualbound   | primalbound  |  gap   | compl. 
 7689s|331800 |  1271 | 52432k| 158.0 |   525M |  67 |1323 |6450 |2832 | 524k|  2 | 334k|  32 | 0.000000e+00 |      --      |    Inf |  87.89%
 7693s|331900 |  1266 | 52449k| 158.0 |   525M |  67 |1323 |6561 |2799 | 524k|  0 | 334k|  32 | 0.000000e+00 |      --      |    Inf |  87.89%
 7698s|332000 |  1269 | 52465k| 158.0 |   525M |  67 |1323 |6642 |2821 | 524k|  0 | 334k|  32 | 0.000000e+00 |      --      |    Inf |  87.89%
 7702s|332100 |  1264 | 52483k| 158.0 |   525M |  67 |1323 |6738 |2858 | 524k|  2 | 335k|  32 | 0.000000e+00 |      --      |    Inf |  87.89%
 7706s|332200 |  1267 | 52505k| 158.0 |   525M |  67 |1323 |6824 |2880 | 525k|  0 | 335k|  32 | 0.000000e+00 |      --      |    Inf |  87.89%
 7710s|332300 |  1271 | 52522k| 158.0 |   525M |  67 |1323 |6924 |2921 | 525k|  0 | 335k|  32 | 0.000000e+00 |      --      |    Inf |  87.89%
 7714s|332400 |  1263 | 52540k| 158.1 |   525M |  67 |1323 |7029 |2824 | 525k|  2 | 335k|  32 | 0.000000e+00 |      --      |    Inf |  87.89%
 7718s|332500 |  1264 | 52562k| 158.1 |   525M |  67 |1323 |7116 |2866 | 525k|  0 | 335k|  32 | 0.000000e+00 |      --      |    Inf |  87.89%
 7723s|332600 |  1269 | 52581k| 158.1 |   525M |  67 |1323 |7202 |2900 | 525k|  2 | 335k|  32 | 0.000000e+00 |      --      |    Inf |  87.89%
 7726s|332700 |  1272 | 52596k| 158.1 |   525M |  67 |1323 |7324 |2879 | 525k|  0 | 335k|  32 | 0.000000e+00 |      --      |    Inf |  87.89%
 7730s|332800 |  1268 | 52615k| 158.1 |   525M |  67 |1323 |7421 |2879 | 526k|  0 | 335k|  32 | 0.000000e+00 |      --      |    Inf |  87.89%
 7735s|332900 |  1265 | 52636k| 158.1 |   525M |  67 |1323 |7489 |2861 | 526k|  2 | 336k|  32 | 0.000000e+00 |      --      |    Inf |  87.89%
 7739s|333000 |  1270 | 52658k| 158.1 |   525M |  67 |1323 |7565 |2927 | 526k|  0 | 336k|  32 | 0.000000e+00 |      --      |    Inf |  87.89%
 7744s|333100 |  1267 | 52678k| 158.1 |   525M |  67 |1323 |7703 |2926 | 526k|  1 | 336k|  32 | 0.000000e+00 |      --      |    Inf |  87.89%
 7748s|333200 |  1261 | 52700k| 158.2 |   525M |  67 |1323 |7744 |2915 | 526k|  1 | 336k|  32 | 0.000000e+00 |      --      |    Inf |  87.89%
 time | node  | left  |LP iter|LP it/n|mem/heur|mdpt |vars |cons |rows |cuts |sepa|confs|strbr|  dualbound   | primalbound  |  gap   | compl. 
 7753s|333300 |  1260 | 52721k| 158.2 |   525M |  67 |1323 |7744 |2950 | 526k|  2 | 336k|  32 | 0.000000e+00 |      --      |    Inf |  87.89%
 7758s|333400 |  1272 | 52742k| 158.2 |   525M |  67 |1323 |7678 |2773 | 527k|  2 | 336k|  32 | 0.000000e+00 |      --      |    Inf |  87.89%
 7763s|333500 |  1297 | 52767k| 158.2 |   525M |  67 |1323 |7714 |2791 | 527k|  0 | 336k|  32 | 0.000000e+00 |      --      |    Inf |  87.89%
 7768s|333600 |  1276 | 52792k| 158.2 |   525M |  67 |1323 |7744 |2907 | 527k|  0 | 336k|  32 | 0.000000e+00 |      --      |    Inf |  87.89%
 7772s|333700 |  1278 | 52809k| 158.2 |   525M |  67 |1323 |7740 |2802 | 527k|  0 | 337k|  32 | 0.000000e+00 |      --      |    Inf |  87.89%
 7776s|333800 |  1276 | 52829k| 158.3 |   525M |  67 |1323 |7731 |2772 | 528k|  0 | 337k|  32 | 0.000000e+00 |      --      |    Inf |  87.89%
 7780s|333900 |  1279 | 52851k| 158.3 |   525M |  67 |1323 |7712 |2783 | 528k|  2 | 337k|  32 | 0.000000e+00 |      --      |    Inf |  87.89%
 7784s|334000 |  1279 | 52871k| 158.3 |   525M |  67 |1323 |7740 |2850 | 528k|  0 | 337k|  32 | 0.000000e+00 |      --      |    Inf |  87.89%
 7789s|334100 |  1278 | 52895k| 158.3 |   525M |  67 |1323 |7704 |   0 | 528k|  0 | 337k|  32 | 0.000000e+00 |      --      |    Inf |  87.89%
 7793s|334200 |  1272 | 52920k| 158.3 |   525M |  67 |1323 |7666 |2782 | 528k|  0 | 337k|  32 | 0.000000e+00 |      --      |    Inf |  87.89%
 7797s|334300 |  1277 | 52941k| 158.4 |   525M |  67 |1323 |7662 |2785 | 528k|  2 | 337k|  32 | 0.000000e+00 |      --      |    Inf |  87.89%
 7802s|334400 |  1264 | 52965k| 158.4 |   525M |  67 |1323 |7733 |2768 | 529k|  1 | 337k|  32 | 0.000000e+00 |      --      |    Inf |  87.89%
 7807s|334500 |  1270 | 52990k| 158.4 |   525M |  67 |1323 |7745 |2889 | 529k|  1 | 338k|  32 | 0.000000e+00 |      --      |    Inf |  87.89%
 7811s|334600 |  1270 | 53011k| 158.4 |   525M |  67 |1323 |7745 |2794 | 529k|  1 | 338k|  32 | 0.000000e+00 |      --      |    Inf |  87.89%
 7816s|334700 |  1263 | 53037k| 158.5 |   526M |  67 |1323 |7746 |2990 | 529k|  1 | 338k|  32 | 0.000000e+00 |      --      |    Inf |  87.89%
 time | node  | left  |LP iter|LP it/n|mem/heur|mdpt |vars |cons |rows |cuts |sepa|confs|strbr|  dualbound   | primalbound  |  gap   | compl. 
 7819s|334800 |  1261 | 53053k| 158.5 |   526M |  67 |1323 |7661 |2778 | 529k|  0 | 338k|  32 | 0.000000e+00 |      --      |    Inf |  87.89%
 7823s|334900 |  1257 | 53072k| 158.5 |   526M |  67 |1323 |7742 |2762 | 529k|  1 | 338k|  32 | 0.000000e+00 |      --      |    Inf |  87.89%
 7828s|335000 |  1255 | 53096k| 158.5 |   526M |  67 |1323 |7748 |2795 | 529k|  0 | 338k|  32 | 0.000000e+00 |      --      |    Inf |  87.89%
 7832s|335100 |  1260 | 53117k| 158.5 |   526M |  67 |1323 |7746 |2849 | 530k|  2 | 338k|  32 | 0.000000e+00 |      --      |    Inf |  87.89%
 7836s|335200 |  1259 | 53136k| 158.5 |   526M |  67 |1323 |7416 |2935 | 530k|  2 | 339k|  32 | 0.000000e+00 |      --      |    Inf |  87.90%
 7839s|335300 |  1258 | 53155k| 158.5 |   526M |  67 |1323 |7493 |2942 | 530k|  2 | 339k|  32 | 0.000000e+00 |      --      |    Inf |  87.90%
 7843s|335400 |  1274 | 53175k| 158.5 |   526M |  67 |1323 |7552 |3026 | 530k|  1 | 339k|  32 | 0.000000e+00 |      --      |    Inf |  87.90%
 7849s|335500 |  1265 | 53198k| 158.6 |   526M |  67 |1323 |7650 |3002 | 530k|  2 | 339k|  32 | 0.000000e+00 |      --      |    Inf |  87.90%
 7852s|335600 |  1260 | 53214k| 158.6 |   526M |  67 |1323 |7728 |2992 | 530k|  0 | 339k|  32 | 0.000000e+00 |      --      |    Inf |  87.90%
 7857s|335700 |  1252 | 53239k| 158.6 |   526M |  67 |1323 |7561 |3301 | 530k|  1 | 339k|  32 | 0.000000e+00 |      --      |    Inf |  87.90%
 7861s|335800 |  1251 | 53259k| 158.6 |   526M |  67 |1323 |7260 |2825 | 530k|  2 | 339k|  32 | 0.000000e+00 |      --      |    Inf |  87.90%
 7866s|335900 |  1241 | 53285k| 158.6 |   526M |  67 |1323 |6624 |2981 | 531k|  2 | 339k|  32 | 0.000000e+00 |      --      |    Inf |  87.90%
 7870s|336000 |  1242 | 53306k| 158.6 |   526M |  67 |1323 |6705 |2986 | 531k|  0 | 339k|  32 | 0.000000e+00 |      --      |    Inf |  87.90%
 7875s|336100 |  1237 | 53331k| 158.7 |   526M |  67 |1323 |6433 |2721 | 531k|  2 | 339k|  32 | 0.000000e+00 |      --      |    Inf |  87.95%
 7879s|336200 |  1238 | 53353k| 158.7 |   526M |  67 |1323 |6236 |3169 | 531k|  1 | 340k|  32 | 0.000000e+00 |      --      |    Inf |  87.95%
 time | node  | left  |LP iter|LP it/n|mem/heur|mdpt |vars |cons |rows |cuts |sepa|confs|strbr|  dualbound   | primalbound  |  gap   | compl. 
 7884s|336300 |  1238 | 53376k| 158.7 |   526M |  67 |1323 |5865 |2673 | 531k|  2 | 340k|  32 | 0.000000e+00 |      --      |    Inf |  87.96%
 7887s|336400 |  1245 | 53389k| 158.7 |   526M |  67 |1323 |5839 |2725 | 531k|  0 | 340k|  32 | 0.000000e+00 |      --      |    Inf |  87.96%
 7890s|336500 |  1260 | 53401k| 158.7 |   526M |  67 |1323 |5929 |2734 | 531k|  2 | 340k|  32 | 0.000000e+00 |      --      |    Inf |  87.96%
 7893s|336600 |  1253 | 53417k| 158.7 |   526M |  67 |1323 |5995 |2840 | 532k|  2 | 340k|  32 | 0.000000e+00 |      --      |    Inf |  87.96%
 7896s|336700 |  1241 | 53432k| 158.7 |   526M |  67 |1323 |5964 |2779 | 532k|  0 | 340k|  32 | 0.000000e+00 |      --      |    Inf |  87.96%
 7900s|336800 |  1249 | 53450k| 158.7 |   526M |  67 |1323 |5950 |2779 | 532k|  0 | 340k|  32 | 0.000000e+00 |      --      |    Inf |  87.96%
 7904s|336900 |  1249 | 53472k| 158.7 |   526M |  67 |1323 |5982 |2820 | 532k|  0 | 340k|  32 | 0.000000e+00 |      --      |    Inf |  87.96%
 7910s|337000 |  1237 | 53501k| 158.7 |   526M |  67 |1323 |5600 |2702 | 532k|  0 | 340k|  32 | 0.000000e+00 |      --      |    Inf |  87.96%
 7914s|337100 |  1223 | 53522k| 158.8 |   526M |  67 |1323 |5597 |3173 | 532k|  0 | 341k|  32 | 0.000000e+00 |      --      |    Inf |  87.96%
 7919s|337200 |  1225 | 53546k| 158.8 |   526M |  67 |1323 |5593 |2748 | 532k|  0 | 341k|  32 | 0.000000e+00 |      --      |    Inf |  87.96%
 7924s|337300 |  1227 | 53564k| 158.8 |   526M |  67 |1323 |5670 |3192 | 532k|  1 | 341k|  32 | 0.000000e+00 |      --      |    Inf |  87.96%
 7929s|337400 |  1226 | 53588k| 158.8 |   526M |  67 |1323 |5706 |3674 | 533k|  0 | 341k|  32 | 0.000000e+00 |      --      |    Inf |  87.96%
 7934s|337500 |  1216 | 53614k| 158.8 |   526M |  67 |1323 |5624 |3188 | 533k|  2 | 341k|  32 | 0.000000e+00 |      --      |    Inf |  87.97%
 7940s|337600 |  1216 | 53639k| 158.9 |   526M |  67 |1323 |5624 |2791 | 533k|  2 | 341k|  32 | 0.000000e+00 |      --      |    Inf |  87.97%
 7944s|337700 |  1218 | 53658k| 158.9 |   526M |  67 |1323 |5633 |2922 | 533k|  1 | 341k|  32 | 0.000000e+00 |      --      |    Inf |  87.97%
 time | node  | left  |LP iter|LP it/n|mem/heur|mdpt |vars |cons |rows |cuts |sepa|confs|strbr|  dualbound   | primalbound  |  gap   | compl. 
 7946s|337800 |  1215 | 53674k| 158.9 |   526M |  67 |1323 |5763 |2939 | 533k|  0 | 341k|  32 | 0.000000e+00 |      --      |    Inf |  87.97%
 7949s|337900 |  1215 | 53701k| 158.9 |   526M |  67 |1323 |5815 |3258 | 533k|  1 | 341k|  32 | 0.000000e+00 |      --      |    Inf |  87.97%
 7952s|338000 |  1209 | 53725k| 158.9 |   526M |  67 |1323 |5922 |3900 | 533k|  0 | 341k|  32 | 0.000000e+00 |      --      |    Inf |  87.97%
 7955s|338100 |  1203 | 53752k| 159.0 |   526M |  67 |1323 |5784 |2775 | 533k|  0 | 342k|  32 | 0.000000e+00 |      --      |    Inf |  87.97%
 7957s|338200 |  1201 | 53772k| 159.0 |   526M |  67 |1323 |5809 |3399 | 533k|  1 | 342k|  32 | 0.000000e+00 |      --      |    Inf |  87.97%
 7959s|338300 |  1209 | 53795k| 159.0 |   526M |  67 |1323 |5696 |2729 | 533k|  1 | 342k|  32 | 0.000000e+00 |      --      |    Inf |  87.97%
 7961s|338400 |  1202 | 53817k| 159.0 |   526M |  67 |1323 |5643 |3056 | 534k|  2 | 342k|  32 | 0.000000e+00 |      --      |    Inf |  87.97%
 7963s|338500 |  1200 | 53836k| 159.0 |   526M |  67 |1323 |5690 |3090 | 534k|  0 | 342k|  32 | 0.000000e+00 |      --      |    Inf |  87.97%
 7965s|338600 |  1200 | 53857k| 159.1 |   526M |  67 |1323 |5589 |3861 | 534k|  1 | 342k|  32 | 0.000000e+00 |      --      |    Inf |  87.97%
 7967s|338700 |  1201 | 53877k| 159.1 |   526M |  67 |1323 |5523 |   0 | 534k|  0 | 342k|  32 | 0.000000e+00 |      --      |    Inf |  87.99%
 7969s|338800 |  1197 | 53895k| 159.1 |   526M |  67 |1323 |5559 |3988 | 534k|  1 | 342k|  32 | 0.000000e+00 |      --      |    Inf |  88.00%
 7970s|338900 |  1205 | 53912k| 159.1 |   526M |  67 |1323 |5635 |3869 | 534k|  1 | 342k|  32 | 0.000000e+00 |      --      |    Inf |  88.00%
 7973s|339000 |  1191 | 53937k| 159.1 |   526M |  67 |1323 |5511 |3776 | 534k|  1 | 342k|  32 | 0.000000e+00 |      --      |    Inf |  88.00%
 7976s|339100 |  1180 | 53965k| 159.1 |   526M |  67 |1323 |5281 |2747 | 534k|  0 | 343k|  32 | 0.000000e+00 |      --      |    Inf |  88.02%
 7978s|339200 |  1179 | 53988k| 159.2 |   526M |  67 |1323 |5197 |2938 | 534k|  0 | 343k|  32 | 0.000000e+00 |      --      |    Inf |  88.03%
 time | node  | left  |LP iter|LP it/n|mem/heur|mdpt |vars |cons |rows |cuts |sepa|confs|strbr|  dualbound   | primalbound  |  gap   | compl. 
 7980s|339300 |  1180 | 54008k| 159.2 |   526M |  67 |1323 |5195 |2781 | 534k|  2 | 343k|  32 | 0.000000e+00 |      --      |    Inf |  88.03%
 7983s|339400 |  1182 | 54032k| 159.2 |   526M |  67 |1323 |5231 |2787 | 535k|  2 | 343k|  32 | 0.000000e+00 |      --      |    Inf |  88.03%
 7985s|339500 |  1184 | 54057k| 159.2 |   526M |  67 |1323 |5306 |2927 | 535k|  0 | 343k|  32 | 0.000000e+00 |      --      |    Inf |  88.03%
 7989s|339600 |  1183 | 54084k| 159.2 |   526M |  67 |1323 |5418 |2913 | 535k|  1 | 343k|  32 | 0.000000e+00 |      --      |    Inf |  88.03%
 7991s|339700 |  1184 | 54102k| 159.3 |   526M |  67 |1323 |5521 |2928 | 535k|  0 | 343k|  32 | 0.000000e+00 |      --      |    Inf |  88.03%
 7993s|339800 |  1190 | 54123k| 159.3 |   526M |  67 |1323 |5605 |2983 | 535k|  2 | 343k|  32 | 0.000000e+00 |      --      |    Inf |  88.03%
 7995s|339900 |  1177 | 54143k| 159.3 |   526M |  67 |1323 |5697 |2800 | 536k|  1 | 343k|  32 | 0.000000e+00 |      --      |    Inf |  88.03%
 7998s|340000 |  1172 | 54170k| 159.3 |   526M |  67 |1323 |5600 |3617 | 536k|  0 | 343k|  32 | 0.000000e+00 |      --      |    Inf |  88.03%
 8000s|340100 |  1169 | 54196k| 159.3 |   526M |  67 |1323 |5522 |3669 | 536k|  0 | 344k|  32 | 0.000000e+00 |      --      |    Inf |  88.03%
 8003s|340200 |  1171 | 54221k| 159.4 |   526M |  67 |1323 |5605 |3201 | 536k|  2 | 344k|  32 | 0.000000e+00 |      --      |    Inf |  88.03%
 8005s|340300 |  1165 | 54244k| 159.4 |   526M |  67 |1323 |5607 |2736 | 536k|  2 | 344k|  32 | 0.000000e+00 |      --      |    Inf |  88.03%
 8008s|340400 |  1165 | 54276k| 159.4 |   526M |  67 |1323 |5441 |3261 | 536k|  2 | 344k|  32 | 0.000000e+00 |      --      |    Inf |  88.03%
 8011s|340500 |  1169 | 54304k| 159.5 |   526M |  67 |1323 |5322 |3211 | 536k|  2 | 344k|  32 | 0.000000e+00 |      --      |    Inf |  88.03%
 8014s|340600 |  1169 | 54333k| 159.5 |   526M |  67 |1323 |5173 |3615 | 536k|  1 | 344k|  32 | 0.000000e+00 |      --      |    Inf |  88.04%
 8017s|340700 |  1170 | 54357k| 159.5 |   526M |  67 |1323 |5221 |3501 | 536k|  2 | 344k|  32 | 0.000000e+00 |      --      |    Inf |  88.04%
 time | node  | left  |LP iter|LP it/n|mem/heur|mdpt |vars |cons |rows |cuts |sepa|confs|strbr|  dualbound   | primalbound  |  gap   | compl. 
 8019s|340800 |  1172 | 54380k| 159.6 |   526M |  67 |1323 |5163 |2702 | 536k|  2 | 344k|  32 | 0.000000e+00 |      --      |    Inf |  88.04%
 8020s|340900 |  1179 | 54391k| 159.5 |   526M |  67 |1323 |5092 |2747 | 537k|  2 | 344k|  32 | 0.000000e+00 |      --      |    Inf |  88.04%
 8022s|341000 |  1170 | 54404k| 159.5 |   526M |  67 |1323 |5169 |2715 | 537k|  0 | 344k|  32 | 0.000000e+00 |      --      |    Inf |  88.04%
 8023s|341100 |  1172 | 54414k| 159.5 |   526M |  67 |1323 |5221 |2735 | 537k|  0 | 344k|  32 | 0.000000e+00 |      --      |    Inf |  88.04%
 8027s|341200 |  1156 | 54443k| 159.6 |   526M |  67 |1323 |5186 |4067 | 537k|  0 | 345k|  32 | 0.000000e+00 |      --      |    Inf |  88.04%
 8030s|341300 |  1172 | 54463k| 159.6 |   526M |  67 |1323 |5236 |2762 | 537k|  0 | 345k|  32 | 0.000000e+00 |      --      |    Inf |  88.04%
 8031s|341400 |  1173 | 54480k| 159.6 |   526M |  67 |1323 |5352 |2779 | 538k|  0 | 345k|  32 | 0.000000e+00 |      --      |    Inf |  88.04%
 8033s|341500 |  1176 | 54494k| 159.6 |   526M |  67 |1323 |5390 |2767 | 538k|  2 | 345k|  32 | 0.000000e+00 |      --      |    Inf |  88.04%
 8035s|341600 |  1166 | 54507k| 159.6 |   526M |  67 |1323 |5395 |   0 | 538k|  0 | 345k|  32 | 0.000000e+00 |      --      |    Inf |  88.04%
 8036s|341700 |  1169 | 54519k| 159.5 |   526M |  67 |1323 |5412 |2800 | 538k|  2 | 345k|  32 | 0.000000e+00 |      --      |    Inf |  88.04%
 8037s|341800 |  1175 | 54533k| 159.5 |   526M |  67 |1323 |5445 |2761 | 539k|  2 | 345k|  32 | 0.000000e+00 |      --      |    Inf |  88.04%
 8040s|341900 |  1177 | 54549k| 159.5 |   526M |  67 |1323 |5476 |2794 | 539k|  0 | 345k|  32 | 0.000000e+00 |      --      |    Inf |  88.04%
 8042s|342000 |  1182 | 54567k| 159.5 |   526M |  67 |1323 |5525 |2826 | 539k|  2 | 345k|  32 | 0.000000e+00 |      --      |    Inf |  88.04%
 8045s|342100 |  1180 | 54589k| 159.6 |   526M |  67 |1323 |5538 |2781 | 539k|  1 | 346k|  32 | 0.000000e+00 |      --      |    Inf |  88.04%
 8048s|342200 |  1180 | 54605k| 159.6 |   526M |  67 |1323 |5662 |2879 | 539k|  2 | 346k|  32 | 0.000000e+00 |      --      |    Inf |  88.04%
 time | node  | left  |LP iter|LP it/n|mem/heur|mdpt |vars |cons |rows |cuts |sepa|confs|strbr|  dualbound   | primalbound  |  gap   | compl. 
 8052s|342300 |  1173 | 54621k| 159.6 |   526M |  67 |1323 |5668 |2844 | 539k|  2 | 346k|  32 | 0.000000e+00 |      --      |    Inf |  88.04%
 8054s|342400 |  1158 | 54641k| 159.6 |   526M |  67 |1323 |5516 |2719 | 540k|  2 | 346k|  32 | 0.000000e+00 |      --      |    Inf |  88.05%
 8056s|342500 |  1161 | 54660k| 159.6 |   526M |  67 |1323 |5543 |2825 | 540k|  2 | 346k|  32 | 0.000000e+00 |      --      |    Inf |  88.05%
 8058s|342600 |  1171 | 54678k| 159.6 |   526M |  67 |1323 |5635 |2842 | 540k|  1 | 346k|  32 | 0.000000e+00 |      --      |    Inf |  88.05%
 8059s|342700 |  1165 | 54696k| 159.6 |   526M |  67 |1323 |5757 |2872 | 540k|  0 | 346k|  32 | 0.000000e+00 |      --      |    Inf |  88.05%
 8062s|342800 |  1166 | 54717k| 159.6 |   526M |  67 |1323 |5859 |2839 | 540k|  0 | 346k|  32 | 0.000000e+00 |      --      |    Inf |  88.05%
 8065s|342900 |  1159 | 54744k| 159.6 |   526M |  67 |1323 |5939 |2846 | 540k|  0 | 347k|  32 | 0.000000e+00 |      --      |    Inf |  88.05%
 8067s|343000 |  1172 | 54761k| 159.6 |   526M |  67 |1323 |5942 |2907 | 540k|  0 | 347k|  32 | 0.000000e+00 |      --      |    Inf |  88.05%
 8071s|343100 |  1182 | 54780k| 159.7 |   526M |  67 |1323 |5991 |3005 | 540k|  0 | 347k|  32 | 0.000000e+00 |      --      |    Inf |  88.05%
 8076s|343200 |  1178 | 54806k| 159.7 |   526M |  67 |1323 |6066 |2949 | 540k|  0 | 347k|  32 | 0.000000e+00 |      --      |    Inf |  88.05%
 8081s|343300 |  1168 | 54831k| 159.7 |   526M |  67 |1323 |6133 |2918 | 540k|  1 | 347k|  32 | 0.000000e+00 |      --      |    Inf |  88.05%
 8085s|343400 |  1172 | 54853k| 159.7 |   526M |  67 |1323 |6217 |2922 | 541k|  2 | 347k|  32 | 0.000000e+00 |      --      |    Inf |  88.05%
 8091s|343500 |  1177 | 54882k| 159.8 |   526M |  67 |1323 |6260 |3068 | 541k|  0 | 347k|  32 | 0.000000e+00 |      --      |    Inf |  88.05%
 8096s|343600 |  1181 | 54907k| 159.8 |   526M |  67 |1323 |6286 |3006 | 541k|  2 | 347k|  32 | 0.000000e+00 |      --      |    Inf |  88.05%
 8102s|343700 |  1197 | 54937k| 159.8 |   526M |  67 |1323 |6344 |2997 | 541k|  2 | 347k|  32 | 0.000000e+00 |      --      |    Inf |  88.05%
 time | node  | left  |LP iter|LP it/n|mem/heur|mdpt |vars |cons |rows |cuts |sepa|confs|strbr|  dualbound   | primalbound  |  gap   | compl. 
 8106s|343800 |  1189 | 54959k| 159.8 |   526M |  67 |1323 |6434 |2995 | 541k|  0 | 348k|  32 | 0.000000e+00 |      --      |    Inf |  88.05%
 8110s|343900 |  1181 | 54979k| 159.9 |   526M |  67 |1323 |6499 |   0 | 541k|  0 | 348k|  32 | 0.000000e+00 |      --      |    Inf |  88.05%
 8114s|344000 |  1176 | 55002k| 159.9 |   526M |  67 |1323 |6601 |2981 | 541k|  0 | 348k|  32 | 0.000000e+00 |      --      |    Inf |  88.05%
 8118s|344100 |  1175 | 55021k| 159.9 |   526M |  67 |1323 |6700 |3018 | 542k|  0 | 348k|  32 | 0.000000e+00 |      --      |    Inf |  88.05%
 8122s|344200 |  1185 | 55044k| 159.9 |   526M |  67 |1323 |6694 |2980 | 542k|  2 | 348k|  32 | 0.000000e+00 |      --      |    Inf |  88.05%
 8128s|344300 |  1201 | 55071k| 159.9 |   526M |  67 |1323 |6772 |3020 | 542k|  0 | 348k|  32 | 0.000000e+00 |      --      |    Inf |  88.05%
 8133s|344400 |  1181 | 55096k| 160.0 |   526M |  67 |1323 |6858 |   0 | 542k|  0 | 348k|  32 | 0.000000e+00 |      --      |    Inf |  88.05%
 8137s|344500 |  1192 | 55120k| 160.0 |   526M |  67 |1323 |6943 |2999 | 542k|  0 | 348k|  32 | 0.000000e+00 |      --      |    Inf |  88.05%
 8141s|344600 |  1190 | 55137k| 160.0 |   527M |  67 |1323 |7057 |3025 | 542k|  0 | 348k|  32 | 0.000000e+00 |      --      |    Inf |  88.05%
 8146s|344700 |  1188 | 55162k| 160.0 |   527M |  67 |1323 |7168 |3005 | 542k|  0 | 349k|  32 | 0.000000e+00 |      --      |    Inf |  88.05%
 8151s|344800 |  1180 | 55188k| 160.0 |   527M |  67 |1323 |7248 |3084 | 542k|  1 | 349k|  32 | 0.000000e+00 |      --      |    Inf |  88.05%
 8155s|344900 |  1191 | 55206k| 160.1 |   527M |  67 |1323 |7269 |3015 | 542k|  1 | 349k|  32 | 0.000000e+00 |      --      |    Inf |  88.05%
 8160s|345000 |  1183 | 55229k| 160.1 |   527M |  67 |1323 |7299 |2992 | 543k|  1 | 349k|  32 | 0.000000e+00 |      --      |    Inf |  88.05%
 8166s|345100 |  1191 | 55257k| 160.1 |   527M |  67 |1323 |7347 |3045 | 543k|  0 | 349k|  32 | 0.000000e+00 |      --      |    Inf |  88.05%
 8171s|345200 |  1191 | 55284k| 160.1 |   527M |  67 |1323 |7431 |3012 | 543k|  0 | 349k|  32 | 0.000000e+00 |      --      |    Inf |  88.05%
 time | node  | left  |LP iter|LP it/n|mem/heur|mdpt |vars |cons |rows |cuts |sepa|confs|strbr|  dualbound   | primalbound  |  gap   | compl. 
 8177s|345300 |  1194 | 55315k| 160.2 |   527M |  67 |1323 |7521 |3008 | 543k|  2 | 349k|  32 | 0.000000e+00 |      --      |    Inf |  88.05%
 8182s|345400 |  1190 | 55340k| 160.2 |   527M |  67 |1323 |7644 |3033 | 543k|  2 | 349k|  32 | 0.000000e+00 |      --      |    Inf |  88.05%
 8188s|345500 |  1189 | 55367k| 160.2 |   527M |  67 |1323 |7710 |3005 | 543k|  2 | 350k|  32 | 0.000000e+00 |      --      |    Inf |  88.05%
 8193s|345600 |  1193 | 55391k| 160.3 |   527M |  67 |1323 |7727 |3033 | 544k|  0 | 350k|  32 | 0.000000e+00 |      --      |    Inf |  88.05%
 8198s|345700 |  1194 | 55415k| 160.3 |   527M |  67 |1323 |7727 |3010 | 544k|  1 | 350k|  32 | 0.000000e+00 |      --      |    Inf |  88.05%
 8203s|345800 |  1192 | 55439k| 160.3 |   527M |  67 |1323 |7726 |3049 | 544k|  0 | 350k|  32 | 0.000000e+00 |      --      |    Inf |  88.05%
 8208s|345900 |  1186 | 55464k| 160.3 |   527M |  67 |1323 |7702 |   0 | 544k|  0 | 350k|  32 | 0.000000e+00 |      --      |    Inf |  88.05%
 8212s|346000 |  1203 | 55484k| 160.3 |   527M |  67 |1323 |7718 |3044 | 544k|  2 | 350k|  32 | 0.000000e+00 |      --      |    Inf |  88.05%
 8218s|346100 |  1178 | 55511k| 160.4 |   527M |  67 |1323 |7725 |3019 | 544k|  0 | 350k|  32 | 0.000000e+00 |      --      |    Inf |  88.05%
 8224s|346200 |  1182 | 55535k| 160.4 |   527M |  67 |1323 |7726 |3005 | 544k|  1 | 350k|  32 | 0.000000e+00 |      --      |    Inf |  88.05%
 8229s|346300 |  1187 | 55560k| 160.4 |   527M |  67 |1323 |7726 |2996 | 544k|  0 | 351k|  32 | 0.000000e+00 |      --      |    Inf |  88.05%
 8235s|346400 |  1183 | 55589k| 160.5 |   527M |  67 |1323 |7664 |3063 | 544k|  0 | 351k|  32 | 0.000000e+00 |      --      |    Inf |  88.05%
 8239s|346500 |  1179 | 55607k| 160.5 |   527M |  67 |1323 |7704 |3068 | 544k|  0 | 351k|  32 | 0.000000e+00 |      --      |    Inf |  88.05%
 8244s|346600 |  1174 | 55629k| 160.5 |   527M |  67 |1323 |7725 |2910 | 545k|  2 | 351k|  32 | 0.000000e+00 |      --      |    Inf |  88.05%
 8249s|346700 |  1174 | 55655k| 160.5 |   527M |  67 |1323 |7639 |2690 | 545k|  0 | 351k|  32 | 0.000000e+00 |      --      |    Inf |  88.05%
 time | node  | left  |LP iter|LP it/n|mem/heur|mdpt |vars |cons |rows |cuts |sepa|confs|strbr|  dualbound   | primalbound  |  gap   | compl. 
 8252s|346800 |  1187 | 55668k| 160.5 |   527M |  67 |1323 |7678 |2734 | 545k|  2 | 351k|  32 | 0.000000e+00 |      --      |    Inf |  88.05%
 8257s|346900 |  1162 | 55692k| 160.5 |   527M |  67 |1323 |7430 |3681 | 545k|  0 | 351k|  32 | 0.000000e+00 |      --      |    Inf |  88.05%
 8262s|347000 |  1160 | 55715k| 160.6 |   527M |  67 |1323 |7344 |2712 | 545k|  0 | 351k|  32 | 0.000000e+00 |      --      |    Inf |  88.05%
 8267s|347100 |  1160 | 55739k| 160.6 |   527M |  67 |1323 |7027 |2752 | 545k|  2 | 351k|  32 | 0.000000e+00 |      --      |    Inf |  88.08%
 8271s|347200 |  1153 | 55759k| 160.6 |   527M |  67 |1323 |6951 |2776 | 545k|  2 | 352k|  32 | 0.000000e+00 |      --      |    Inf |  88.08%
 8276s|347300 |  1155 | 55785k| 160.6 |   527M |  67 |1323 |6720 |3249 | 545k|  1 | 352k|  32 | 0.000000e+00 |      --      |    Inf |  88.11%
 8281s|347400 |  1143 | 55810k| 160.6 |   527M |  67 |1323 |6744 |3936 | 546k|  0 | 352k|  32 | 0.000000e+00 |      --      |    Inf |  88.11%
 8286s|347500 |  1161 | 55835k| 160.7 |   527M |  67 |1323 |6629 |2842 | 546k|  2 | 352k|  32 | 0.000000e+00 |      --      |    Inf |  88.11%
 8291s|347600 |  1156 | 55856k| 160.7 |   527M |  67 |1323 |6709 |2834 | 546k|  0 | 352k|  32 | 0.000000e+00 |      --      |    Inf |  88.11%
 8295s|347700 |  1147 | 55878k| 160.7 |   527M |  67 |1323 |6535 |2946 | 546k|  0 | 352k|  32 | 0.000000e+00 |      --      |    Inf |  88.11%
 8298s|347800 |  1146 | 55905k| 160.7 |   527M |  67 |1323 |6283 |2903 | 546k|  0 | 352k|  32 | 0.000000e+00 |      --      |    Inf |  88.12%
 8300s|347900 |  1137 | 55929k| 160.8 |   527M |  67 |1323 |5892 |2667 | 546k|  2 | 352k|  32 | 0.000000e+00 |      --      |    Inf |  88.15%
 8303s|348000 |  1134 | 55957k| 160.8 |   527M |  67 |1323 |5626 |3099 | 546k|  0 | 352k|  32 | 0.000000e+00 |      --      |    Inf |  88.15%
 8306s|348100 |  1122 | 55983k| 160.8 |   527M |  67 |1323 |5230 |2699 | 546k|  2 | 352k|  32 | 0.000000e+00 |      --      |    Inf |  88.17%
 8308s|348200 |  1119 | 56007k| 160.8 |   527M |  67 |1323 |5011 |2633 | 546k|  1 | 352k|  32 | 0.000000e+00 |      --      |    Inf |  88.17%
 time | node  | left  |LP iter|LP it/n|mem/heur|mdpt |vars |cons |rows |cuts |sepa|confs|strbr|  dualbound   | primalbound  |  gap   | compl. 
 8310s|348300 |  1123 | 56024k| 160.8 |   527M |  67 |1323 |5078 |2657 | 547k|  0 | 353k|  32 | 0.000000e+00 |      --      |    Inf |  88.17%
 8312s|348400 |  1129 | 56041k| 160.8 |   527M |  67 |1323 |5162 |2662 | 547k|  0 | 353k|  32 | 0.000000e+00 |      --      |    Inf |  88.17%
 8314s|348500 |  1119 | 56066k| 160.9 |   527M |  67 |1323 |5231 |2805 | 547k|  0 | 353k|  32 | 0.000000e+00 |      --      |    Inf |  88.17%
 8317s|348600 |  1122 | 56087k| 160.9 |   527M |  67 |1323 |5157 |2747 | 547k|  0 | 353k|  32 | 0.000000e+00 |      --      |    Inf |  88.17%
 8319s|348700 |  1114 | 56114k| 160.9 |   527M |  67 |1323 |5082 |2681 | 547k|  2 | 353k|  32 | 0.000000e+00 |      --      |    Inf |  88.17%
 8322s|348800 |  1117 | 56135k| 160.9 |   527M |  67 |1323 |4955 |3278 | 547k|  0 | 353k|  32 | 0.000000e+00 |      --      |    Inf |  88.27%
 8324s|348900 |  1125 | 56156k| 160.9 |   527M |  67 |1323 |4932 |2727 | 548k|  2 | 353k|  32 | 0.000000e+00 |      --      |    Inf |  88.27%
 8326s|349000 |  1124 | 56180k| 161.0 |   527M |  67 |1323 |5020 |2903 | 548k|  2 | 353k|  32 | 0.000000e+00 |      --      |    Inf |  88.27%
 8328s|349100 |  1128 | 56200k| 161.0 |   527M |  67 |1323 |5122 |2783 | 548k|  1 | 353k|  32 | 0.000000e+00 |      --      |    Inf |  88.27%
 8330s|349200 |  1124 | 56217k| 161.0 |   527M |  67 |1323 |5242 |2801 | 548k|  1 | 353k|  32 | 0.000000e+00 |      --      |    Inf |  88.27%
 8332s|349300 |  1133 | 56241k| 161.0 |   527M |  67 |1323 |5329 |2721 | 548k|  0 | 353k|  32 | 0.000000e+00 |      --      |    Inf |  88.27%
 8335s|349400 |  1127 | 56266k| 161.0 |   527M |  67 |1323 |5421 |2728 | 549k|  0 | 354k|  32 | 0.000000e+00 |      --      |    Inf |  88.27%
 8338s|349500 |  1132 | 56293k| 161.1 |   527M |  67 |1323 |5529 |2712 | 549k|  0 | 354k|  32 | 0.000000e+00 |      --      |    Inf |  88.27%
 8340s|349600 |  1133 | 56318k| 161.1 |   527M |  67 |1323 |5645 |2774 | 549k|  2 | 354k|  32 | 0.000000e+00 |      --      |    Inf |  88.27%
 8343s|349700 |  1127 | 56349k| 161.1 |   527M |  67 |1323 |5748 |2868 | 549k|  2 | 354k|  32 | 0.000000e+00 |      --      |    Inf |  88.27%
 time | node  | left  |LP iter|LP it/n|mem/heur|mdpt |vars |cons |rows |cuts |sepa|confs|strbr|  dualbound   | primalbound  |  gap   | compl. 
 8345s|349800 |  1126 | 56373k| 161.1 |   527M |  67 |1323 |5845 |2803 | 550k|  0 | 354k|  32 | 0.000000e+00 |      --      |    Inf |  88.27%
 8348s|349900 |  1125 | 56402k| 161.2 |   527M |  67 |1323 |5931 |2784 | 550k|  0 | 354k|  32 | 0.000000e+00 |      --      |    Inf |  88.27%
 8351s|350000 |  1120 | 56424k| 161.2 |   527M |  67 |1323 |5997 |2795 | 550k|  1 | 354k|  32 | 0.000000e+00 |      --      |    Inf |  88.27%
 8353s|350100 |  1139 | 56451k| 161.2 |   527M |  67 |1323 |6061 |2804 | 550k|  0 | 355k|  32 | 0.000000e+00 |      --      |    Inf |  88.27%
 8356s|350200 |  1152 | 56478k| 161.3 |   527M |  67 |1323 |6102 |2726 | 550k|  0 | 355k|  32 | 0.000000e+00 |      --      |    Inf |  88.27%
 8358s|350300 |  1154 | 56494k| 161.3 |   527M |  67 |1323 |6189 |   0 | 551k|  0 | 355k|  32 | 0.000000e+00 |      --      |    Inf |  88.27%
 8360s|350400 |  1143 | 56518k| 161.3 |   527M |  67 |1323 |6252 |2731 | 551k|  0 | 355k|  32 | 0.000000e+00 |      --      |    Inf |  88.27%
 8363s|350500 |  1137 | 56543k| 161.3 |   527M |  67 |1323 |6316 |2867 | 551k|  0 | 355k|  32 | 0.000000e+00 |      --      |    Inf |  88.27%
 8365s|350600 |  1143 | 56566k| 161.3 |   527M |  67 |1323 |6341 |2792 | 551k|  2 | 355k|  32 | 0.000000e+00 |      --      |    Inf |  88.27%
 8368s|350700 |  1143 | 56591k| 161.4 |   527M |  67 |1323 |6416 |2761 | 551k|  2 | 355k|  32 | 0.000000e+00 |      --      |    Inf |  88.27%
 8370s|350800 |  1129 | 56614k| 161.4 |   527M |  67 |1323 |6467 |2815 | 551k|  0 | 355k|  32 | 0.000000e+00 |      --      |    Inf |  88.27%
 8373s|350900 |  1134 | 56640k| 161.4 |   527M |  67 |1323 |6480 |2915 | 552k|  2 | 356k|  32 | 0.000000e+00 |      --      |    Inf |  88.28%
 8375s|351000 |  1119 | 56666k| 161.4 |   527M |  67 |1323 |6495 |2780 | 552k|  2 | 356k|  32 | 0.000000e+00 |      --      |    Inf |  88.28%
 8377s|351100 |  1120 | 56686k| 161.4 |   527M |  67 |1323 |6522 |2757 | 552k|  1 | 356k|  32 | 0.000000e+00 |      --      |    Inf |  88.28%
 8381s|351200 |  1116 | 56714k| 161.5 |   527M |  67 |1323 |6593 |2844 | 552k|  0 | 356k|  32 | 0.000000e+00 |      --      |    Inf |  88.28%
 time | node  | left  |LP iter|LP it/n|mem/heur|mdpt |vars |cons |rows |cuts |sepa|confs|strbr|  dualbound   | primalbound  |  gap   | compl. 
 8384s|351300 |  1113 | 56741k| 161.5 |   527M |  67 |1323 |6701 |2939 | 552k|  0 | 356k|  32 | 0.000000e+00 |      --      |    Inf |  88.28%
 8387s|351400 |  1113 | 56771k| 161.5 |   527M |  67 |1323 |6808 |2969 | 553k|  1 | 356k|  32 | 0.000000e+00 |      --      |    Inf |  88.28%
 8390s|351500 |  1104 | 56796k| 161.6 |   527M |  67 |1323 |6517 |3294 | 553k|  0 | 356k|  32 | 0.000000e+00 |      --      |    Inf |  88.28%
 8392s|351600 |  1106 | 56814k| 161.6 |   527M |  67 |1323 |6515 |2842 | 553k|  2 | 356k|  32 | 0.000000e+00 |      --      |    Inf |  88.28%
 8394s|351700 |  1104 | 56838k| 161.6 |   527M |  67 |1323 |6577 |2865 | 553k|  0 | 357k|  32 | 0.000000e+00 |      --      |    Inf |  88.29%
 8397s|351800 |  1105 | 56859k| 161.6 |   527M |  67 |1323 |6204 |2866 | 553k|  1 | 357k|  32 | 0.000000e+00 |      --      |    Inf |  88.29%
 8400s|351900 |  1096 | 56883k| 161.6 |   527M |  67 |1323 |6019 |2861 | 553k|  2 | 357k|  32 | 0.000000e+00 |      --      |    Inf |  88.30%
 8403s|352000 |  1109 | 56903k| 161.6 |   527M |  67 |1323 |6007 |3007 | 553k|  0 | 357k|  32 | 0.000000e+00 |      --      |    Inf |  88.30%
 8405s|352100 |  1098 | 56924k| 161.7 |   527M |  67 |1323 |6069 |3021 | 553k|  0 | 357k|  32 | 0.000000e+00 |      --      |    Inf |  88.30%
 8408s|352200 |  1101 | 56945k| 161.7 |   527M |  67 |1323 |5935 |3162 | 554k|  0 | 357k|  32 | 0.000000e+00 |      --      |    Inf |  88.32%
 8411s|352300 |  1093 | 56969k| 161.7 |   527M |  67 |1323 |5773 |2643 | 554k|  2 | 357k|  32 | 0.000000e+00 |      --      |    Inf |  88.33%
 8414s|352400 |  1086 | 56997k| 161.7 |   527M |  67 |1323 |5606 |2713 | 554k|  0 | 357k|  32 | 0.000000e+00 |      --      |    Inf |  88.34%
 8418s|352500 |  1075 | 57030k| 161.8 |   527M |  67 |1323 |5263 |3314 | 554k|  0 | 357k|  32 | 0.000000e+00 |      --      |    Inf |  88.40%
 8421s|352600 |  1085 | 57053k| 161.8 |   527M |  67 |1323 |5306 |2907 | 554k|  0 | 357k|  32 | 0.000000e+00 |      --      |    Inf |  88.40%
 8424s|352700 |  1073 | 57080k| 161.8 |   527M |  67 |1323 |5264 |2846 | 554k|  2 | 357k|  32 | 0.000000e+00 |      --      |    Inf |  88.42%
 time | node  | left  |LP iter|LP it/n|mem/heur|mdpt |vars |cons |rows |cuts |sepa|confs|strbr|  dualbound   | primalbound  |  gap   | compl. 
 8427s|352800 |  1056 | 57110k| 161.9 |   527M |  67 |1323 |5057 |2702 | 554k|  0 | 358k|  32 | 0.000000e+00 |      --      |    Inf |  88.43%
 8430s|352900 |  1054 | 57137k| 161.9 |   527M |  67 |1323 |5022 |2834 | 554k|  0 | 358k|  32 | 0.000000e+00 |      --      |    Inf |  88.43%
 8432s|353000 |  1059 | 57152k| 161.9 |   527M |  67 |1323 |5044 |2837 | 555k|  0 | 358k|  32 | 0.000000e+00 |      --      |    Inf |  88.44%
 8434s|353100 |  1059 | 57168k| 161.9 |   527M |  67 |1323 |5102 |2774 | 555k|  2 | 358k|  32 | 0.000000e+00 |      --      |    Inf |  88.44%
 8436s|353200 |  1063 | 57183k| 161.9 |   527M |  67 |1323 |5175 |2773 | 555k|  2 | 358k|  32 | 0.000000e+00 |      --      |    Inf |  88.44%
 8437s|353300 |  1055 | 57198k| 161.9 |   527M |  67 |1323 |5235 |2841 | 555k|  0 | 358k|  32 | 0.000000e+00 |      --      |    Inf |  88.44%
 8440s|353400 |  1051 | 57223k| 161.9 |   527M |  67 |1323 |4987 |2679 | 555k|  2 | 358k|  32 | 0.000000e+00 |      --      |    Inf |  88.44%
 8443s|353500 |  1056 | 57245k| 161.9 |   527M |  67 |1323 |4900 |2676 | 555k|  0 | 358k|  32 | 0.000000e+00 |      --      |    Inf |  88.44%
 8445s|353600 |  1047 | 57265k| 161.9 |   527M |  67 |1323 |4963 |3007 | 555k|  0 | 358k|  32 | 0.000000e+00 |      --      |    Inf |  88.44%
 8449s|353700 |  1046 | 57290k| 162.0 |   527M |  67 |1323 |4893 |3054 | 556k|  2 | 358k|  32 | 0.000000e+00 |      --      |    Inf |  88.54%
 8452s|353800 |  1058 | 57305k| 162.0 |   527M |  67 |1323 |4828 |2719 | 556k|  2 | 358k|  32 | 0.000000e+00 |      --      |    Inf |  88.55%
 8455s|353900 |  1054 | 57319k| 162.0 |   527M |  67 |1323 |4888 |2747 | 556k|  2 | 358k|  32 | 0.000000e+00 |      --      |    Inf |  88.55%
 8461s|354000 |  1034 | 57346k| 162.0 |   527M |  67 |1323 |4787 |2776 | 556k|  0 | 359k|  32 | 0.000000e+00 |      --      |    Inf |  88.58%
 8466s|354100 |  1037 | 57369k| 162.0 |   527M |  67 |1323 |4692 |2902 | 556k|  0 | 359k|  32 | 0.000000e+00 |      --      |    Inf |  88.58%
 8470s|354200 |  1036 | 57388k| 162.0 |   527M |  67 |1323 |4791 |2938 | 556k|  0 | 359k|  32 | 0.000000e+00 |      --      |    Inf |  88.58%
 time | node  | left  |LP iter|LP it/n|mem/heur|mdpt |vars |cons |rows |cuts |sepa|confs|strbr|  dualbound   | primalbound  |  gap   | compl. 
 8476s|354300 |  1028 | 57415k| 162.0 |   527M |  67 |1323 |4838 |3714 | 557k|  0 | 359k|  32 | 0.000000e+00 |      --      |    Inf |  88.58%
 8478s|354400 |  1035 | 57437k| 162.1 |   527M |  67 |1323 |4821 |2884 | 557k|  1 | 359k|  32 | 0.000000e+00 |      --      |    Inf |  88.58%
 8480s|354500 |  1042 | 57449k| 162.0 |   527M |  67 |1323 |4894 |2902 | 557k|  2 | 359k|  32 | 0.000000e+00 |      --      |    Inf |  88.58%
 8481s|354600 |  1038 | 57456k| 162.0 |   527M |  67 |1323 |4958 |2902 | 557k|  1 | 359k|  32 | 0.000000e+00 |      --      |    Inf |  88.58%
 8483s|354700 |  1027 | 57476k| 162.0 |   527M |  67 |1323 |5000 |3408 | 557k|  2 | 359k|  32 | 0.000000e+00 |      --      |    Inf |  88.58%
 8485s|354800 |  1020 | 57499k| 162.1 |   527M |  67 |1323 |4976 |2723 | 557k|  0 | 359k|  32 | 0.000000e+00 |      --      |    Inf |  88.58%
 8487s|354900 |  1014 | 57520k| 162.1 |   527M |  67 |1323 |4880 |2645 | 557k|  1 | 359k|  32 | 0.000000e+00 |      --      |    Inf |  88.59%
 8488s|355000 |  1018 | 57532k| 162.1 |   527M |  67 |1323 |4960 |2712 | 557k|  0 | 360k|  32 | 0.000000e+00 |      --      |    Inf |  88.59%
 8490s|355100 |  1022 | 57543k| 162.0 |   527M |  67 |1323 |5057 |2714 | 558k|  0 | 360k|  32 | 0.000000e+00 |      --      |    Inf |  88.59%
 8491s|355200 |  1018 | 57556k| 162.0 |   527M |  67 |1323 |5164 |2705 | 558k|  2 | 360k|  32 | 0.000000e+00 |      --      |    Inf |  88.59%
 8493s|355300 |  1015 | 57574k| 162.0 |   527M |  67 |1323 |5270 |2678 | 558k|  2 | 360k|  32 | 0.000000e+00 |      --      |    Inf |  88.59%
 8494s|355400 |  1012 | 57588k| 162.0 |   527M |  67 |1323 |5374 |2690 | 558k|  0 | 360k|  32 | 0.000000e+00 |      --      |    Inf |  88.59%
 8496s|355500 |  1023 | 57602k| 162.0 |   527M |  67 |1323 |5443 |2713 | 558k|  0 | 360k|  32 | 0.000000e+00 |      --      |    Inf |  88.59%
 8497s|355600 |  1021 | 57615k| 162.0 |   527M |  67 |1323 |5522 |2731 | 558k|  1 | 360k|  32 | 0.000000e+00 |      --      |    Inf |  88.59%
 8499s|355700 |  1018 | 57632k| 162.0 |   527M |  67 |1323 |5578 |2750 | 559k|  0 | 360k|  32 | 0.000000e+00 |      --      |    Inf |  88.59%
 time | node  | left  |LP iter|LP it/n|mem/heur|mdpt |vars |cons |rows |cuts |sepa|confs|strbr|  dualbound   | primalbound  |  gap   | compl. 
 8500s|355800 |  1015 | 57646k| 162.0 |   527M |  67 |1323 |5666 |2733 | 559k|  0 | 360k|  32 | 0.000000e+00 |      --      |    Inf |  88.59%
 8502s|355900 |  1022 | 57663k| 162.0 |   527M |  67 |1323 |5691 |2689 | 559k|  2 | 361k|  32 | 0.000000e+00 |      --      |    Inf |  88.60%
 8503s|356000 |  1020 | 57677k| 162.0 |   527M |  67 |1323 |5783 |3013 | 559k|  2 | 361k|  32 | 0.000000e+00 |      --      |    Inf |  88.60%
 8505s|356100 |  1017 | 57692k| 162.0 |   527M |  67 |1323 |5820 |   0 | 559k|  0 | 361k|  32 | 0.000000e+00 |      --      |    Inf |  88.60%
 8506s|356200 |  1024 | 57707k| 162.0 |   527M |  67 |1323 |5865 |2739 | 559k|  2 | 361k|  32 | 0.000000e+00 |      --      |    Inf |  88.60%
 8508s|356300 |  1029 | 57724k| 162.0 |   527M |  67 |1323 |5932 |2742 | 560k|  1 | 361k|  32 | 0.000000e+00 |      --      |    Inf |  88.60%
 8510s|356400 |  1032 | 57739k| 162.0 |   527M |  67 |1323 |6015 |2828 | 560k|  0 | 361k|  32 | 0.000000e+00 |      --      |    Inf |  88.60%
 8512s|356500 |  1030 | 57754k| 162.0 |   527M |  67 |1323 |6121 |2886 | 560k|  1 | 361k|  32 | 0.000000e+00 |      --      |    Inf |  88.60%
 8514s|356600 |  1019 | 57769k| 162.0 |   527M |  67 |1323 |6200 |2732 | 560k|  0 | 361k|  32 | 0.000000e+00 |      --      |    Inf |  88.60%
 8515s|356700 |  1022 | 57782k| 162.0 |   527M |  67 |1323 |6273 |   0 | 560k|  0 | 361k|  32 | 0.000000e+00 |      --      |    Inf |  88.60%
 8517s|356800 |  1017 | 57799k| 162.0 |   527M |  67 |1323 |6257 |3436 | 560k|  0 | 362k|  32 | 0.000000e+00 |      --      |    Inf |  88.60%
 8520s|356900 |  1020 | 57820k| 162.0 |   527M |  67 |1323 |6208 |3433 | 560k|  0 | 362k|  32 | 0.000000e+00 |      --      |    Inf |  88.60%
 8523s|357000 |  1017 | 57849k| 162.0 |   527M |  67 |1323 |6282 |3434 | 560k|  0 | 362k|  32 | 0.000000e+00 |      --      |    Inf |  88.60%
 8527s|357100 |  1008 | 57883k| 162.1 |   527M |  67 |1323 |6241 |2780 | 560k|  0 | 362k|  32 | 0.000000e+00 |      --      |    Inf |  88.60%
 8530s|357200 |  1004 | 57907k| 162.1 |   527M |  67 |1323 |5786 |2801 | 560k|  0 | 362k|  32 | 0.000000e+00 |      --      |    Inf |  88.60%
 time | node  | left  |LP iter|LP it/n|mem/heur|mdpt |vars |cons |rows |cuts |sepa|confs|strbr|  dualbound   | primalbound  |  gap   | compl. 
 8531s|357300 |   997 | 57919k| 162.1 |   527M |  67 |1323 |5873 |3255 | 561k|  0 | 362k|  32 | 0.000000e+00 |      --      |    Inf |  88.60%
 8533s|357400 |   998 | 57931k| 162.1 |   527M |  67 |1323 |5852 |2908 | 561k|  0 | 362k|  32 | 0.000000e+00 |      --      |    Inf |  88.60%
 8534s|357500 |  1015 | 57944k| 162.1 |   527M |  67 |1323 |5815 |2788 | 561k|  0 | 362k|  32 | 0.000000e+00 |      --      |    Inf |  88.60%
 8537s|357600 |   997 | 57957k| 162.1 |   527M |  67 |1323 |5916 |2885 | 561k|  1 | 362k|  32 | 0.000000e+00 |      --      |    Inf |  88.60%
 8541s|357700 |  1004 | 57967k| 162.0 |   527M |  67 |1323 |5874 |3735 | 561k|  1 | 363k|  32 | 0.000000e+00 |      --      |    Inf |  88.60%
 8542s|357800 |  1007 | 57974k| 162.0 |   527M |  67 |1323 |5892 |3736 | 561k|  2 | 363k|  32 | 0.000000e+00 |      --      |    Inf |  88.60%
 8545s|357900 |   996 | 57983k| 162.0 |   527M |  67 |1323 |5933 |   0 | 561k|  0 | 363k|  32 | 0.000000e+00 |      --      |    Inf |  88.60%
 8548s|358000 |   999 | 57998k| 162.0 |   527M |  67 |1323 |5970 |2890 | 561k|  0 | 363k|  32 | 0.000000e+00 |      --      |    Inf |  88.60%
 8551s|358100 |  1000 | 58012k| 162.0 |   527M |  67 |1323 |6068 |2911 | 561k|  1 | 363k|  32 | 0.000000e+00 |      --      |    Inf |  88.60%
 8553s|358200 |   993 | 58023k| 162.0 |   527M |  67 |1323 |6043 |2967 | 561k|  2 | 363k|  32 | 0.000000e+00 |      --      |    Inf |  88.60%
 8558s|358300 |   987 | 58043k| 162.0 |   527M |  67 |1323 |5861 |3510 | 561k|  0 | 363k|  32 | 0.000000e+00 |      --      |    Inf |  88.61%
 8563s|358400 |   985 | 58067k| 162.0 |   527M |  67 |1323 |5555 |3575 | 562k|  0 | 363k|  32 | 0.000000e+00 |      --      |    Inf |  88.61%
 8570s|358500 |   998 | 58101k| 162.1 |   527M |  67 |1323 |5430 |3323 | 562k|  2 | 363k|  32 | 0.000000e+00 |      --      |    Inf |  88.62%
 8578s|358600 |  1000 | 58140k| 162.1 |   527M |  67 |1323 |5553 |3353 | 562k|  2 | 364k|  32 | 0.000000e+00 |      --      |    Inf |  88.62%
 8587s|358700 |   979 | 58181k| 162.2 |   527M |  67 |1323 |5503 |4364 | 562k|  1 | 364k|  32 | 0.000000e+00 |      --      |    Inf |  88.62%
 time | node  | left  |LP iter|LP it/n|mem/heur|mdpt |vars |cons |rows |cuts |sepa|confs|strbr|  dualbound   | primalbound  |  gap   | compl. 
 8592s|358800 |   985 | 58205k| 162.2 |   527M |  67 |1323 |5429 |3221 | 562k|  2 | 364k|  32 | 0.000000e+00 |      --      |    Inf |  88.62%
 8599s|358900 |   982 | 58240k| 162.3 |   527M |  67 |1323 |5464 |2807 | 563k|  0 | 364k|  32 | 0.000000e+00 |      --      |    Inf |  88.63%
 8603s|359000 |   982 | 58261k| 162.3 |   527M |  67 |1323 |5452 |4143 | 563k|  1 | 364k|  32 | 0.000000e+00 |      --      |    Inf |  88.63%
 8607s|359100 |   979 | 58275k| 162.3 |   527M |  67 |1323 |5464 |2873 | 563k|  1 | 364k|  32 | 0.000000e+00 |      --      |    Inf |  88.63%
 8609s|359200 |   963 | 58287k| 162.3 |   527M |  67 |1323 |5200 |2724 | 563k|  0 | 364k|  32 | 0.000000e+00 |      --      |    Inf |  88.65%
 8612s|359300 |   959 | 58299k| 162.2 |   527M |  67 |1323 |5107 |2751 | 563k|  0 | 364k|  32 | 0.000000e+00 |      --      |    Inf |  88.65%
 8615s|359400 |   961 | 58309k| 162.2 |   527M |  67 |1323 |5098 |2807 | 563k|  1 | 364k|  32 | 0.000000e+00 |      --      |    Inf |  88.65%
 8617s|359500 |   971 | 58318k| 162.2 |   527M |  67 |1323 |5168 |2942 | 563k|  1 | 365k|  32 | 0.000000e+00 |      --      |    Inf |  88.65%
 8620s|359600 |   963 | 58332k| 162.2 |   527M |  67 |1323 |5275 |2950 | 563k|  1 | 365k|  32 | 0.000000e+00 |      --      |    Inf |  88.65%
 8623s|359700 |   961 | 58345k| 162.2 |   527M |  67 |1323 |5341 |2944 | 563k|  1 | 365k|  32 | 0.000000e+00 |      --      |    Inf |  88.65%
 8625s|359800 |   964 | 58355k| 162.2 |   527M |  67 |1323 |5394 |2954 | 564k|  2 | 365k|  32 | 0.000000e+00 |      --      |    Inf |  88.65%
 8628s|359900 |   957 | 58368k| 162.2 |   527M |  67 |1323 |5398 |3280 | 564k|  2 | 365k|  32 | 0.000000e+00 |      --      |    Inf |  88.65%
 8632s|360000 |   962 | 58384k| 162.2 |   527M |  67 |1323 |5278 |3284 | 564k|  0 | 365k|  32 | 0.000000e+00 |      --      |    Inf |  88.65%
 8635s|360100 |   962 | 58398k| 162.2 |   527M |  67 |1323 |5370 |3284 | 564k|  0 | 365k|  32 | 0.000000e+00 |      --      |    Inf |  88.65%
 8638s|360200 |   963 | 58408k| 162.1 |   527M |  67 |1323 |5295 |3098 | 564k|  0 | 365k|  32 | 0.000000e+00 |      --      |    Inf |  88.66%
 time | node  | left  |LP iter|LP it/n|mem/heur|mdpt |vars |cons |rows |cuts |sepa|confs|strbr|  dualbound   | primalbound  |  gap   | compl. 
 8641s|360300 |   962 | 58425k| 162.1 |   527M |  67 |1323 |5346 |3421 | 564k|  0 | 365k|  32 | 0.000000e+00 |      --      |    Inf |  88.67%
 8647s|360400 |   962 | 58449k| 162.2 |   527M |  67 |1323 |5242 |3106 | 564k|  0 | 366k|  32 | 0.000000e+00 |      --      |    Inf |  88.70%
 8651s|360500 |   957 | 58465k| 162.2 |   527M |  67 |1323 |5072 |2923 | 564k|  1 | 366k|  32 | 0.000000e+00 |      --      |    Inf |  88.73%
 8653s|360600 |   952 | 58477k| 162.2 |   527M |  67 |1323 |4859 |2775 | 564k|  1 | 366k|  32 | 0.000000e+00 |      --      |    Inf |  88.75%
 8655s|360700 |   956 | 58489k| 162.1 |   527M |  67 |1323 |4801 |3135 | 564k|  0 | 366k|  32 | 0.000000e+00 |      --      |    Inf |  88.75%
 8657s|360800 |   955 | 58504k| 162.1 |   527M |  67 |1323 |4783 |3183 | 564k|  2 | 366k|  32 | 0.000000e+00 |      --      |    Inf |  88.76%
 8658s|360900 |   950 | 58516k| 162.1 |   527M |  67 |1323 |4715 |3327 | 564k|  1 | 366k|  32 | 0.000000e+00 |      --      |    Inf |  88.83%
 8659s|361000 |   956 | 58526k| 162.1 |   527M |  67 |1323 |4688 |   0 | 564k|  0 | 366k|  32 | 0.000000e+00 |      --      |    Inf |  88.83%
 8660s|361100 |   960 | 58536k| 162.1 |   527M |  67 |1323 |4594 |3326 | 564k|  0 | 366k|  32 | 0.000000e+00 |      --      |    Inf |  88.83%
 8662s|361200 |   958 | 58545k| 162.1 |   527M |  67 |1323 |4711 |3325 | 564k|  1 | 366k|  32 | 0.000000e+00 |      --      |    Inf |  88.83%
 8663s|361300 |   945 | 58554k| 162.1 |   527M |  67 |1323 |4825 |2637 | 565k|  2 | 366k|  32 | 0.000000e+00 |      --      |    Inf |  88.83%
 8664s|361400 |   962 | 58563k| 162.0 |   527M |  67 |1323 |4883 |2681 | 565k|  1 | 366k|  32 | 0.000000e+00 |      --      |    Inf |  88.83%
 8665s|361500 |   971 | 58571k| 162.0 |   528M |  67 |1323 |4944 |2659 | 565k|  1 | 367k|  32 | 0.000000e+00 |      --      |    Inf |  88.83%
 8666s|361600 |   974 | 58576k| 162.0 |   528M |  67 |1323 |5035 |2667 | 565k|  0 | 367k|  32 | 0.000000e+00 |      --      |    Inf |  88.83%
 8666s|361700 |   964 | 58582k| 162.0 |   528M |  67 |1323 |5133 |2655 | 565k|  2 | 367k|  32 | 0.000000e+00 |      --      |    Inf |  88.83%
 time | node  | left  |LP iter|LP it/n|mem/heur|mdpt |vars |cons |rows |cuts |sepa|confs|strbr|  dualbound   | primalbound  |  gap   | compl. 
 8667s|361800 |   965 | 58588k| 161.9 |   528M |  67 |1323 |5205 |2694 | 565k|  0 | 367k|  32 | 0.000000e+00 |      --      |    Inf |  88.84%
 8668s|361900 |   960 | 58594k| 161.9 |   528M |  67 |1323 |5305 |2705 | 565k|  1 | 367k|  32 | 0.000000e+00 |      --      |    Inf |  88.84%
 8669s|362000 |   957 | 58603k| 161.9 |   528M |  67 |1323 |5386 |2677 | 565k|  0 | 367k|  32 | 0.000000e+00 |      --      |    Inf |  88.84%
 8670s|362100 |   954 | 58612k| 161.9 |   528M |  67 |1323 |5438 |2666 | 565k|  2 | 367k|  32 | 0.000000e+00 |      --      |    Inf |  88.84%
 8671s|362200 |   960 | 58623k| 161.8 |   528M |  67 |1323 |5527 |3327 | 566k|  0 | 367k|  32 | 0.000000e+00 |      --      |    Inf |  88.84%
 8673s|362300 |   952 | 58634k| 161.8 |   528M |  67 |1323 |5632 |2664 | 566k|  1 | 367k|  32 | 0.000000e+00 |      --      |    Inf |  88.84%
 8674s|362400 |   949 | 58642k| 161.8 |   528M |  67 |1323 |5666 |2722 | 566k|  0 | 368k|  32 | 0.000000e+00 |      --      |    Inf |  88.84%
 8675s|362500 |   943 | 58654k| 161.8 |   528M |  67 |1323 |5687 |2657 | 566k|  0 | 368k|  32 | 0.000000e+00 |      --      |    Inf |  88.84%
 8676s|362600 |   948 | 58659k| 161.8 |   528M |  67 |1323 |5785 |2700 | 566k|  0 | 368k|  32 | 0.000000e+00 |      --      |    Inf |  88.84%
 8677s|362700 |   945 | 58667k| 161.7 |   528M |  67 |1323 |5898 |2701 | 566k|  0 | 368k|  32 | 0.000000e+00 |      --      |    Inf |  88.84%
 8678s|362800 |   953 | 58675k| 161.7 |   528M |  67 |1323 |5920 |2680 | 566k|  0 | 368k|  32 | 0.000000e+00 |      --      |    Inf |  88.84%
 8679s|362900 |   958 | 58683k| 161.7 |   528M |  67 |1323 |5967 |2720 | 566k|  0 | 368k|  32 | 0.000000e+00 |      --      |    Inf |  88.85%
 8680s|363000 |   968 | 58697k| 161.7 |   528M |  67 |1323 |6041 |3162 | 566k|  0 | 368k|  32 | 0.000000e+00 |      --      |    Inf |  88.85%
 8682s|363100 |   964 | 58710k| 161.7 |   528M |  67 |1323 |6121 |3191 | 567k|  0 | 368k|  32 | 0.000000e+00 |      --      |    Inf |  88.85%
 8684s|363200 |   966 | 58725k| 161.7 |   528M |  67 |1323 |6215 |3181 | 567k|  0 | 368k|  32 | 0.000000e+00 |      --      |    Inf |  88.85%
 time | node  | left  |LP iter|LP it/n|mem/heur|mdpt |vars |cons |rows |cuts |sepa|confs|strbr|  dualbound   | primalbound  |  gap   | compl. 
 8685s|363300 |   959 | 58740k| 161.7 |   528M |  67 |1323 |6202 |3139 | 567k|  2 | 369k|  32 | 0.000000e+00 |      --      |    Inf |  88.85%
 8687s|363400 |   956 | 58754k| 161.7 |   528M |  67 |1323 |6165 |   0 | 567k|  0 | 369k|  32 | 0.000000e+00 |      --      |    Inf |  88.85%
 8688s|363500 |   953 | 58762k| 161.6 |   528M |  67 |1323 |6165 |2736 | 567k|  0 | 369k|  32 | 0.000000e+00 |      --      |    Inf |  88.85%
 8689s|363600 |   947 | 58772k| 161.6 |   528M |  67 |1323 |6171 |3183 | 567k|  0 | 369k|  32 | 0.000000e+00 |      --      |    Inf |  88.85%
 8691s|363700 |   965 | 58791k| 161.6 |   528M |  67 |1323 |6269 |3208 | 567k|  2 | 369k|  32 | 0.000000e+00 |      --      |    Inf |  88.85%
 8694s|363800 |   968 | 58815k| 161.7 |   528M |  67 |1323 |6401 |3241 | 567k|  0 | 369k|  32 | 0.000000e+00 |      --      |    Inf |  88.85%
 8696s|363900 |   961 | 58838k| 161.7 |   528M |  67 |1323 |6502 |3240 | 567k|  0 | 369k|  32 | 0.000000e+00 |      --      |    Inf |  88.85%
 8700s|364000 |   968 | 58857k| 161.7 |   528M |  67 |1323 |6595 |3252 | 567k|  0 | 369k|  32 | 0.000000e+00 |      --      |    Inf |  88.85%
 8705s|364100 |   968 | 58879k| 161.7 |   528M |  67 |1323 |6682 |3233 | 568k|  1 | 369k|  32 | 0.000000e+00 |      --      |    Inf |  88.85%
 8710s|364200 |   959 | 58897k| 161.7 |   528M |  67 |1323 |6843 |3236 | 568k|  1 | 370k|  32 | 0.000000e+00 |      --      |    Inf |  88.85%
 8717s|364300 |   956 | 58923k| 161.7 |   528M |  67 |1323 |6906 |3218 | 568k|  0 | 370k|  32 | 0.000000e+00 |      --      |    Inf |  88.85%
 8722s|364400 |   967 | 58943k| 161.7 |   528M |  67 |1323 |6779 |3155 | 568k|  1 | 370k|  32 | 0.000000e+00 |      --      |    Inf |  88.85%
 8726s|364500 |   950 | 58962k| 161.8 |   528M |  67 |1323 |6787 |3147 | 568k|  1 | 370k|  32 | 0.000000e+00 |      --      |    Inf |  88.85%
 8730s|364600 |   949 | 58979k| 161.8 |   528M |  67 |1323 |6832 |3159 | 568k|  2 | 370k|  32 | 0.000000e+00 |      --      |    Inf |  88.85%
 8733s|364700 |   957 | 58993k| 161.7 |   528M |  67 |1323 |6812 |3158 | 568k|  2 | 370k|  32 | 0.000000e+00 |      --      |    Inf |  88.85%
 time | node  | left  |LP iter|LP it/n|mem/heur|mdpt |vars |cons |rows |cuts |sepa|confs|strbr|  dualbound   | primalbound  |  gap   | compl. 
 8736s|364800 |   957 | 59009k| 161.8 |   528M |  67 |1323 |6887 |3190 | 568k|  1 | 370k|  32 | 0.000000e+00 |      --      |    Inf |  88.85%
 8741s|364900 |   956 | 59029k| 161.8 |   528M |  67 |1323 |6974 |3154 | 568k|  1 | 371k|  32 | 0.000000e+00 |      --      |    Inf |  88.85%
 8744s|365000 |   956 | 59045k| 161.8 |   528M |  67 |1323 |6954 |3235 | 568k|  2 | 371k|  32 | 0.000000e+00 |      --      |    Inf |  88.85%
 8746s|365100 |   946 | 59063k| 161.8 |   528M |  67 |1323 |7039 |3251 | 568k|  0 | 371k|  32 | 0.000000e+00 |      --      |    Inf |  88.85%
 8748s|365200 |   957 | 59078k| 161.8 |   528M |  67 |1323 |7117 |3158 | 568k|  0 | 371k|  32 | 0.000000e+00 |      --      |    Inf |  88.85%
 8750s|365300 |   945 | 59096k| 161.8 |   528M |  67 |1323 |7256 |3156 | 568k|  0 | 371k|  32 | 0.000000e+00 |      --      |    Inf |  88.85%
 8752s|365400 |   945 | 59113k| 161.8 |   528M |  67 |1323 |7298 |3152 | 569k|  1 | 371k|  32 | 0.000000e+00 |      --      |    Inf |  88.85%
 8754s|365500 |   943 | 59133k| 161.8 |   528M |  67 |1323 |7221 |3156 | 569k|  0 | 371k|  32 | 0.000000e+00 |      --      |    Inf |  88.86%
 8755s|365600 |   939 | 59147k| 161.8 |   528M |  67 |1323 |7051 |3374 | 569k|  1 | 371k|  32 | 0.000000e+00 |      --      |    Inf |  88.91%
 8757s|365700 |   950 | 59160k| 161.8 |   528M |  67 |1323 |7081 |2926 | 569k|  0 | 371k|  32 | 0.000000e+00 |      --      |    Inf |  88.91%
 8758s|365800 |   947 | 59170k| 161.7 |   528M |  67 |1323 |7102 |2656 | 569k|  2 | 372k|  32 | 0.000000e+00 |      --      |    Inf |  88.91%
 8759s|365900 |   940 | 59183k| 161.7 |   528M |  67 |1323 |7003 |2975 | 569k|  0 | 372k|  32 | 0.000000e+00 |      --      |    Inf |  88.91%
 8761s|366000 |   934 | 59196k| 161.7 |   528M |  67 |1323 |6907 |3018 | 569k|  1 | 372k|  32 | 0.000000e+00 |      --      |    Inf |  88.91%
 8762s|366100 |   949 | 59206k| 161.7 |   528M |  67 |1323 |6891 |2853 | 569k|  1 | 372k|  32 | 0.000000e+00 |      --      |    Inf |  88.97%
 8764s|366200 |   939 | 59218k| 161.7 |   528M |  67 |1323 |6938 |3035 | 569k|  0 | 372k|  32 | 0.000000e+00 |      --      |    Inf |  88.97%
 time | node  | left  |LP iter|LP it/n|mem/heur|mdpt |vars |cons |rows |cuts |sepa|confs|strbr|  dualbound   | primalbound  |  gap   | compl. 
 8765s|366300 |   932 | 59232k| 161.7 |   528M |  67 |1323 |6800 |2930 | 569k|  0 | 372k|  32 | 0.000000e+00 |      --      |    Inf |  88.97%
 8767s|366400 |   936 | 59244k| 161.7 |   528M |  67 |1323 |6674 |2759 | 569k|  2 | 372k|  32 | 0.000000e+00 |      --      |    Inf |  88.97%
 8768s|366500 |   935 | 59254k| 161.7 |   528M |  67 |1323 |6737 |2769 | 569k|  2 | 372k|  32 | 0.000000e+00 |      --      |    Inf |  88.99%
 8769s|366600 |   940 | 59261k| 161.6 |   528M |  67 |1323 |6819 |2788 | 569k|  0 | 372k|  32 | 0.000000e+00 |      --      |    Inf |  89.00%
 8770s|366700 |   939 | 59268k| 161.6 |   528M |  67 |1323 |6908 |2793 | 569k|  1 | 372k|  32 | 0.000000e+00 |      --      |    Inf |  89.01%
 8771s|366800 |   937 | 59277k| 161.6 |   528M |  67 |1323 |6882 |2656 | 569k|  2 | 373k|  32 | 0.000000e+00 |      --      |    Inf |  89.04%
 8772s|366900 |   945 | 59284k| 161.6 |   528M |  67 |1323 |6807 |2986 | 570k|  1 | 373k|  32 | 0.000000e+00 |      --      |    Inf |  89.06%
 8773s|367000 |   939 | 59296k| 161.6 |   528M |  67 |1323 |6740 |2993 | 570k|  0 | 373k|  32 | 0.000000e+00 |      --      |    Inf |  89.07%
 8775s|367100 |   934 | 59310k| 161.6 |   528M |  67 |1323 |6722 |2709 | 570k|  2 | 373k|  32 | 0.000000e+00 |      --      |    Inf |  89.09%
 8776s|367200 |   937 | 59320k| 161.5 |   528M |  67 |1323 |6711 |2990 | 570k|  2 | 373k|  32 | 0.000000e+00 |      --      |    Inf |  89.09%
 8777s|367300 |   941 | 59333k| 161.5 |   528M |  67 |1323 |6643 |2931 | 570k|  1 | 373k|  32 | 0.000000e+00 |      --      |    Inf |  89.09%
 8778s|367400 |   948 | 59344k| 161.5 |   528M |  67 |1323 |6661 |2940 | 570k|  0 | 373k|  32 | 0.000000e+00 |      --      |    Inf |  89.09%
 8779s|367500 |   944 | 59353k| 161.5 |   528M |  67 |1323 |6596 |2939 | 570k|  2 | 373k|  32 | 0.000000e+00 |      --      |    Inf |  89.09%
 8781s|367600 |   944 | 59365k| 161.5 |   528M |  67 |1323 |6619 |3028 | 570k|  0 | 373k|  32 | 0.000000e+00 |      --      |    Inf |  89.09%
 8782s|367700 |   948 | 59376k| 161.5 |   528M |  67 |1323 |6714 |2950 | 570k|  0 | 373k|  32 | 0.000000e+00 |      --      |    Inf |  89.09%
 time | node  | left  |LP iter|LP it/n|mem/heur|mdpt |vars |cons |rows |cuts |sepa|confs|strbr|  dualbound   | primalbound  |  gap   | compl. 
 8783s|367800 |   944 | 59390k| 161.5 |   528M |  67 |1323 |6807 |2930 | 570k|  2 | 374k|  32 | 0.000000e+00 |      --      |    Inf |  89.09%
 8785s|367900 |   955 | 59406k| 161.5 |   528M |  67 |1323 |6875 |2967 | 571k|  0 | 374k|  32 | 0.000000e+00 |      --      |    Inf |  89.09%
 8787s|368000 |   956 | 59421k| 161.5 |   528M |  67 |1323 |6946 |3010 | 571k|  0 | 374k|  32 | 0.000000e+00 |      --      |    Inf |  89.09%
 8788s|368100 |   955 | 59432k| 161.4 |   528M |  67 |1323 |7038 |3026 | 571k|  0 | 374k|  32 | 0.000000e+00 |      --      |    Inf |  89.09%
 8790s|368200 |   951 | 59446k| 161.4 |   528M |  67 |1323 |7008 |2974 | 571k|  2 | 374k|  32 | 0.000000e+00 |      --      |    Inf |  89.09%
 8791s|368300 |   944 | 59459k| 161.4 |   528M |  67 |1323 |6954 |2920 | 571k|  1 | 374k|  32 | 0.000000e+00 |      --      |    Inf |  89.09%
 8792s|368400 |   949 | 59466k| 161.4 |   528M |  67 |1323 |6911 |3090 | 571k|  0 | 374k|  32 | 0.000000e+00 |      --      |    Inf |  89.09%
 8793s|368500 |   945 | 59477k| 161.4 |   528M |  67 |1323 |6894 |2944 | 571k|  0 | 374k|  32 | 0.000000e+00 |      --      |    Inf |  89.09%
 8795s|368600 |   941 | 59490k| 161.4 |   528M |  67 |1323 |6896 |3013 | 571k|  0 | 374k|  32 | 0.000000e+00 |      --      |    Inf |  89.09%
 8796s|368700 |   938 | 59500k| 161.4 |   528M |  67 |1323 |6882 |2940 | 571k|  2 | 374k|  32 | 0.000000e+00 |      --      |    Inf |  89.09%
 8797s|368800 |   941 | 59513k| 161.4 |   528M |  67 |1323 |6884 |3028 | 572k|  0 | 375k|  32 | 0.000000e+00 |      --      |    Inf |  89.09%
 8800s|368900 |   939 | 59534k| 161.4 |   528M |  67 |1323 |7003 |2980 | 572k|  2 | 375k|  32 | 0.000000e+00 |      --      |    Inf |  89.09%
 8803s|369000 |   940 | 59551k| 161.4 |   528M |  67 |1323 |7115 |2930 | 572k|  0 | 375k|  32 | 0.000000e+00 |      --      |    Inf |  89.09%
 8804s|369100 |   935 | 59564k| 161.4 |   528M |  67 |1323 |7103 |   0 | 572k|  0 | 375k|  32 | 0.000000e+00 |      --      |    Inf |  89.09%
 8805s|369200 |   950 | 59574k| 161.4 |   528M |  67 |1323 |7089 |2974 | 572k|  0 | 375k|  32 | 0.000000e+00 |      --      |    Inf |  89.09%
 time | node  | left  |LP iter|LP it/n|mem/heur|mdpt |vars |cons |rows |cuts |sepa|confs|strbr|  dualbound   | primalbound  |  gap   | compl. 
 8807s|369300 |   947 | 59585k| 161.3 |   528M |  67 |1323 |7095 |3014 | 573k|  1 | 375k|  32 | 0.000000e+00 |      --      |    Inf |  89.09%
 8809s|369400 |   953 | 59603k| 161.3 |   528M |  67 |1323 |7172 |2972 | 573k|  1 | 375k|  32 | 0.000000e+00 |      --      |    Inf |  89.09%
 8813s|369500 |   953 | 59624k| 161.4 |   528M |  67 |1323 |7330 |2961 | 573k|  2 | 375k|  32 | 0.000000e+00 |      --      |    Inf |  89.09%
 8818s|369600 |   950 | 59642k| 161.4 |   528M |  67 |1323 |7370 |3099 | 573k|  1 | 376k|  32 | 0.000000e+00 |      --      |    Inf |  89.09%
 8822s|369700 |   941 | 59663k| 161.4 |   528M |  67 |1323 |7388 |2928 | 573k|  0 | 376k|  32 | 0.000000e+00 |      --      |    Inf |  89.09%
 8826s|369800 |   943 | 59682k| 161.4 |   528M |  67 |1323 |7342 |2934 | 574k|  2 | 376k|  32 | 0.000000e+00 |      --      |    Inf |  89.09%
 8832s|369900 |   932 | 59709k| 161.4 |   528M |  67 |1323 |7378 |3031 | 574k|  2 | 376k|  32 | 0.000000e+00 |      --      |    Inf |  89.09%
 8835s|370000 |   942 | 59725k| 161.4 |   528M |  67 |1323 |7237 |2940 | 574k|  0 | 376k|  32 | 0.000000e+00 |      --      |    Inf |  89.09%
 8840s|370100 |   939 | 59746k| 161.4 |   528M |  67 |1323 |7234 |3051 | 575k|  0 | 376k|  32 | 0.000000e+00 |      --      |    Inf |  89.09%
 8846s|370200 |   931 | 59777k| 161.5 |   528M |  67 |1323 |7322 |3042 | 575k|  0 | 376k|  32 | 0.000000e+00 |      --      |    Inf |  89.09%
 8853s|370300 |   946 | 59810k| 161.5 |   528M |  67 |1323 |7223 |3136 | 575k|  2 | 376k|  32 | 0.000000e+00 |      --      |    Inf |  89.09%
 8860s|370400 |   941 | 59844k| 161.6 |   528M |  67 |1323 |7291 |3172 | 576k|  0 | 377k|  32 | 0.000000e+00 |      --      |    Inf |  89.09%
 8869s|370500 |   944 | 59885k| 161.6 |   528M |  67 |1323 |7274 |3117 | 576k|  0 | 377k|  32 | 0.000000e+00 |      --      |    Inf |  89.09%
 8878s|370600 |   950 | 59925k| 161.7 |   528M |  67 |1323 |7374 |3226 | 577k|  2 | 377k|  32 | 0.000000e+00 |      --      |    Inf |  89.09%
 8888s|370700 |   946 | 59969k| 161.8 |   528M |  67 |1323 |7403 |3144 | 578k|  0 | 377k|  32 | 0.000000e+00 |      --      |    Inf |  89.09%
 time | node  | left  |LP iter|LP it/n|mem/heur|mdpt |vars |cons |rows |cuts |sepa|confs|strbr|  dualbound   | primalbound  |  gap   | compl. 
 8896s|370800 |   943 | 60008k| 161.8 |   528M |  67 |1323 |7423 |3091 | 578k|  2 | 377k|  32 | 0.000000e+00 |      --      |    Inf |  89.09%
 8901s|370900 |   949 | 60042k| 161.9 |   528M |  67 |1323 |7435 |3089 | 579k|  2 | 377k|  32 | 0.000000e+00 |      --      |    Inf |  89.09%
 8905s|371000 |   951 | 60087k| 162.0 |   528M |  67 |1323 |7503 |   0 | 580k|  0 | 377k|  32 | 0.000000e+00 |      --      |    Inf |  89.09%
 8910s|371100 |   948 | 60128k| 162.0 |   528M |  67 |1323 |7593 |3223 | 580k|  2 | 377k|  32 | 0.000000e+00 |      --      |    Inf |  89.09%
 8914s|371200 |   945 | 60169k| 162.1 |   528M |  67 |1323 |7573 |3318 | 581k|  2 | 377k|  32 | 0.000000e+00 |      --      |    Inf |  89.09%
 8919s|371300 |   954 | 60215k| 162.2 |   528M |  67 |1323 |7645 |   0 | 581k|  0 | 378k|  32 | 0.000000e+00 |      --      |    Inf |  89.09%
 8924s|371400 |   947 | 60255k| 162.2 |   528M |  67 |1323 |7670 |3086 | 582k|  2 | 378k|  32 | 0.000000e+00 |      --      |    Inf |  89.09%
 8928s|371500 |   960 | 60295k| 162.3 |   528M |  67 |1323 |7685 |3269 | 582k|  2 | 378k|  32 | 0.000000e+00 |      --      |    Inf |  89.09%
 8935s|371600 |   955 | 60330k| 162.3 |   528M |  67 |1323 |7663 |3091 | 583k|  0 | 378k|  32 | 0.000000e+00 |      --      |    Inf |  89.09%
 8939s|371700 |   958 | 60349k| 162.4 |   528M |  67 |1323 |7665 |3062 | 583k|  2 | 378k|  32 | 0.000000e+00 |      --      |    Inf |  89.09%
 8944s|371800 |   960 | 60368k| 162.4 |   528M |  67 |1323 |7690 |3097 | 583k|  2 | 378k|  32 | 0.000000e+00 |      --      |    Inf |  89.09%
 8949s|371900 |   956 | 60393k| 162.4 |   528M |  67 |1323 |7614 |3392 | 584k|  2 | 378k|  32 | 0.000000e+00 |      --      |    Inf |  89.09%
 8957s|372000 |   954 | 60427k| 162.4 |   528M |  67 |1323 |7607 |3388 | 584k|  0 | 378k|  32 | 0.000000e+00 |      --      |    Inf |  89.09%
 8965s|372100 |   966 | 60464k| 162.5 |   528M |  67 |1323 |7642 |3456 | 584k|  0 | 378k|  32 | 0.000000e+00 |      --      |    Inf |  89.09%
 8972s|372200 |   965 | 60498k| 162.5 |   528M |  67 |1323 |7687 |3423 | 584k|  0 | 379k|  32 | 0.000000e+00 |      --      |    Inf |  89.09%
 time | node  | left  |LP iter|LP it/n|mem/heur|mdpt |vars |cons |rows |cuts |sepa|confs|strbr|  dualbound   | primalbound  |  gap   | compl. 
 8979s|372300 |   957 | 60526k| 162.6 |   528M |  67 |1323 |7685 |3400 | 585k|  0 | 379k|  32 | 0.000000e+00 |      --      |    Inf |  89.09%
 8986s|372400 |   958 | 60558k| 162.6 |   528M |  67 |1323 |7595 |3102 | 585k|  0 | 379k|  32 | 0.000000e+00 |      --      |    Inf |  89.09%
 8991s|372500 |   951 | 60582k| 162.6 |   528M |  67 |1323 |7591 |3387 | 585k|  0 | 379k|  32 | 0.000000e+00 |      --      |    Inf |  89.09%
 8997s|372600 |   948 | 60610k| 162.7 |   528M |  67 |1323 |7592 |2986 | 585k|  0 | 379k|  32 | 0.000000e+00 |      --      |    Inf |  89.09%
 9003s|372700 |   941 | 60639k| 162.7 |   528M |  67 |1323 |7297 |3439 | 586k|  2 | 379k|  32 | 0.000000e+00 |      --      |    Inf |  89.09%
 9008s|372800 |   961 | 60664k| 162.7 |   528M |  67 |1323 |7344 |3453 | 586k|  0 | 379k|  32 | 0.000000e+00 |      --      |    Inf |  89.09%
 9013s|372900 |   964 | 60690k| 162.7 |   528M |  67 |1323 |7467 |   0 | 586k|  0 | 379k|  32 | 0.000000e+00 |      --      |    Inf |  89.09%
 9018s|373000 |   972 | 60711k| 162.8 |   528M |  67 |1323 |7556 |3497 | 586k|  2 | 380k|  32 | 0.000000e+00 |      --      |    Inf |  89.09%
 9025s|373100 |   980 | 60744k| 162.8 |   529M |  67 |1323 |7653 |3536 | 586k|  2 | 380k|  32 | 0.000000e+00 |      --      |    Inf |  89.09%
 9031s|373200 |   966 | 60771k| 162.8 |   529M |  67 |1323 |7679 |3543 | 586k|  0 | 380k|  32 | 0.000000e+00 |      --      |    Inf |  89.09%
 9037s|373300 |   950 | 60801k| 162.9 |   529M |  67 |1323 |7654 |   0 | 586k|  0 | 380k|  32 | 0.000000e+00 |      --      |    Inf |  89.09%
 9043s|373400 |   952 | 60825k| 162.9 |   529M |  67 |1323 |7644 |3498 | 586k|  0 | 380k|  32 | 0.000000e+00 |      --      |    Inf |  89.09%
 9051s|373500 |   953 | 60848k| 162.9 |   529M |  67 |1323 |7672 |3559 | 587k|  0 | 380k|  32 | 0.000000e+00 |      --      |    Inf |  89.09%
 9056s|373600 |   955 | 60868k| 162.9 |   529M |  67 |1323 |7670 |3515 | 587k|  2 | 380k|  32 | 0.000000e+00 |      --      |    Inf |  89.09%
 9060s|373700 |   944 | 60886k| 162.9 |   529M |  67 |1323 |7670 |   0 | 587k|  0 | 380k|  32 | 0.000000e+00 |      --      |    Inf |  89.09%
 time | node  | left  |LP iter|LP it/n|mem/heur|mdpt |vars |cons |rows |cuts |sepa|confs|strbr|  dualbound   | primalbound  |  gap   | compl. 
 9064s|373800 |   948 | 60905k| 162.9 |   529M |  67 |1323 |7552 |3480 | 587k|  2 | 380k|  32 | 0.000000e+00 |      --      |    Inf |  89.09%
 9066s|373900 |   949 | 60915k| 162.9 |   529M |  67 |1323 |7577 |3523 | 587k|  1 | 380k|  32 | 0.000000e+00 |      --      |    Inf |  89.09%
 9069s|374000 |   944 | 60923k| 162.9 |   529M |  67 |1323 |7586 |3468 | 587k|  2 | 380k|  32 | 0.000000e+00 |      --      |    Inf |  89.09%
 9072s|374100 |   954 | 60934k| 162.9 |   529M |  67 |1323 |7577 |3485 | 588k|  2 | 380k|  32 | 0.000000e+00 |      --      |    Inf |  89.09%
 9074s|374200 |   947 | 60945k| 162.9 |   529M |  67 |1323 |7594 |3479 | 588k|  0 | 380k|  32 | 0.000000e+00 |      --      |    Inf |  89.09%
 9077s|374300 |   943 | 60956k| 162.8 |   529M |  67 |1323 |7627 |3478 | 588k|  2 | 381k|  32 | 0.000000e+00 |      --      |    Inf |  89.09%
 9083s|374400 |   942 | 60986k| 162.9 |   529M |  67 |1323 |7490 |3408 | 588k|  0 | 381k|  32 | 0.000000e+00 |      --      |    Inf |  89.09%
 9090s|374500 |   942 | 61024k| 162.9 |   529M |  67 |1323 |7400 |3393 | 588k|  1 | 381k|  32 | 0.000000e+00 |      --      |    Inf |  89.09%
 9095s|374600 |   939 | 61046k| 163.0 |   529M |  67 |1323 |7435 |3445 | 588k|  1 | 381k|  32 | 0.000000e+00 |      --      |    Inf |  89.09%
 9101s|374700 |   941 | 61073k| 163.0 |   529M |  67 |1323 |7555 |3482 | 588k|  0 | 381k|  32 | 0.000000e+00 |      --      |    Inf |  89.09%
 9106s|374800 |   941 | 61102k| 163.0 |   529M |  67 |1323 |7646 |3414 | 589k|  0 | 381k|  32 | 0.000000e+00 |      --      |    Inf |  89.09%
 9113s|374900 |   953 | 61133k| 163.1 |   529M |  67 |1323 |7646 |3445 | 589k|  1 | 381k|  32 | 0.000000e+00 |      --      |    Inf |  89.09%
 9119s|375000 |   941 | 61161k| 163.1 |   529M |  67 |1323 |7645 |3403 | 589k|  2 | 382k|  32 | 0.000000e+00 |      --      |    Inf |  89.09%
 9126s|375100 |   944 | 61193k| 163.1 |   529M |  67 |1323 |7644 |3400 | 589k|  0 | 382k|  32 | 0.000000e+00 |      --      |    Inf |  89.09%
 9132s|375200 |   939 | 61226k| 163.2 |   529M |  67 |1323 |7644 |3408 | 589k|  0 | 382k|  32 | 0.000000e+00 |      --      |    Inf |  89.09%
 time | node  | left  |LP iter|LP it/n|mem/heur|mdpt |vars |cons |rows |cuts |sepa|confs|strbr|  dualbound   | primalbound  |  gap   | compl. 
 9139s|375300 |   940 | 61257k| 163.2 |   529M |  67 |1323 |7644 |3493 | 590k|  0 | 382k|  32 | 0.000000e+00 |      --      |    Inf |  89.09%
 9144s|375400 |   942 | 61282k| 163.2 |   529M |  67 |1323 |7644 |3460 | 590k|  1 | 382k|  32 | 0.000000e+00 |      --      |    Inf |  89.09%
 9151s|375500 |   948 | 61307k| 163.3 |   529M |  67 |1323 |7637 |3475 | 590k|  1 | 382k|  32 | 0.000000e+00 |      --      |    Inf |  89.09%
 9156s|375600 |   943 | 61327k| 163.3 |   529M |  67 |1323 |7644 |3464 | 590k|  1 | 382k|  32 | 0.000000e+00 |      --      |    Inf |  89.09%
 9160s|375700 |   943 | 61341k| 163.3 |   529M |  67 |1323 |7643 |3512 | 590k|  0 | 382k|  32 | 0.000000e+00 |      --      |    Inf |  89.09%
 9166s|375800 |   942 | 61369k| 163.3 |   530M |  67 |1323 |7608 |3404 | 590k|  2 | 383k|  32 | 0.000000e+00 |      --      |    Inf |  89.09%
 9172s|375900 |   942 | 61398k| 163.3 |   530M |  67 |1323 |7643 |3435 | 590k|  1 | 383k|  32 | 0.000000e+00 |      --      |    Inf |  89.09%
 9179s|376000 |   948 | 61430k| 163.4 |   530M |  67 |1323 |7642 |3411 | 590k|  2 | 383k|  32 | 0.000000e+00 |      --      |    Inf |  89.09%
 9186s|376100 |   953 | 61460k| 163.4 |   531M |  67 |1323 |7640 |3444 | 591k|  1 | 383k|  32 | 0.000000e+00 |      --      |    Inf |  89.09%
 9189s|376200 |   954 | 61489k| 163.4 |   531M |  67 |1323 |7609 |3459 | 591k|  1 | 383k|  32 | 0.000000e+00 |      --      |    Inf |  89.09%
 9192s|376300 |   946 | 61516k| 163.5 |   532M |  67 |1323 |7347 |3515 | 591k|  0 | 383k|  32 | 0.000000e+00 |      --      |    Inf |  89.09%
 9195s|376400 |   943 | 61544k| 163.5 |   532M |  67 |1323 |7509 |3430 | 591k|  0 | 383k|  32 | 0.000000e+00 |      --      |    Inf |  89.09%
 9197s|376500 |   950 | 61563k| 163.5 |   532M |  67 |1323 |7573 |   0 | 591k|  0 | 384k|  32 | 0.000000e+00 |      --      |    Inf |  89.09%
 9201s|376600 |   953 | 61587k| 163.5 |   532M |  67 |1323 |7638 |3427 | 591k|  2 | 384k|  32 | 0.000000e+00 |      --      |    Inf |  89.09%
 9204s|376700 |   949 | 61610k| 163.5 |   532M |  67 |1323 |7638 |3502 | 591k|  0 | 384k|  32 | 0.000000e+00 |      --      |    Inf |  89.09%
 time | node  | left  |LP iter|LP it/n|mem/heur|mdpt |vars |cons |rows |cuts |sepa|confs|strbr|  dualbound   | primalbound  |  gap   | compl. 
 9207s|376800 |   944 | 61634k| 163.6 |   532M |  67 |1323 |7637 |3432 | 591k|  2 | 384k|  32 | 0.000000e+00 |      --      |    Inf |  89.09%
 9209s|376900 |   941 | 61655k| 163.6 |   533M |  67 |1323 |7637 |3427 | 592k|  0 | 384k|  32 | 0.000000e+00 |      --      |    Inf |  89.09%
 9213s|377000 |   934 | 61684k| 163.6 |   533M |  67 |1323 |7465 |3404 | 592k|  2 | 384k|  32 | 0.000000e+00 |      --      |    Inf |  89.09%
 9220s|377100 |   939 | 61715k| 163.7 |   533M |  67 |1323 |7275 |3459 | 592k|  0 | 384k|  32 | 0.000000e+00 |      --      |    Inf |  89.09%
 9228s|377200 |   941 | 61756k| 163.7 |   533M |  67 |1323 |7358 |3491 | 592k|  2 | 385k|  32 | 0.000000e+00 |      --      |    Inf |  89.09%
 9235s|377300 |   941 | 61791k| 163.8 |   533M |  67 |1323 |7441 |3510 | 592k|  1 | 385k|  32 | 0.000000e+00 |      --      |    Inf |  89.09%
 9241s|377400 |   947 | 61821k| 163.8 |   533M |  67 |1323 |7516 |3541 | 592k|  0 | 385k|  32 | 0.000000e+00 |      --      |    Inf |  89.09%
 9245s|377500 |   938 | 61838k| 163.8 |   533M |  67 |1323 |7547 |3383 | 592k|  2 | 385k|  32 | 0.000000e+00 |      --      |    Inf |  89.09%
 9252s|377600 |   940 | 61873k| 163.9 |   533M |  67 |1323 |7458 |3451 | 593k|  2 | 385k|  32 | 0.000000e+00 |      --      |    Inf |  89.09%
 9256s|377700 |   935 | 61893k| 163.9 |   533M |  67 |1323 |7476 |3406 | 593k|  1 | 385k|  32 | 0.000000e+00 |      --      |    Inf |  89.09%
 9262s|377800 |   937 | 61921k| 163.9 |   533M |  67 |1323 |7490 |3460 | 593k|  0 | 385k|  32 | 0.000000e+00 |      --      |    Inf |  89.10%
 9269s|377900 |   935 | 61955k| 163.9 |   533M |  67 |1323 |7444 |3440 | 593k|  2 | 385k|  32 | 0.000000e+00 |      --      |    Inf |  89.10%
 9272s|378000 |   943 | 61973k| 163.9 |   533M |  67 |1323 |7369 |3445 | 593k|  0 | 385k|  32 | 0.000000e+00 |      --      |    Inf |  89.10%
 9276s|378100 |   933 | 61989k| 163.9 |   533M |  67 |1323 |7237 |3424 | 593k|  1 | 385k|  32 | 0.000000e+00 |      --      |    Inf |  89.10%
 9280s|378200 |   931 | 62014k| 164.0 |   533M |  67 |1323 |7185 |3385 | 593k|  2 | 386k|  32 | 0.000000e+00 |      --      |    Inf |  89.10%
 time | node  | left  |LP iter|LP it/n|mem/heur|mdpt |vars |cons |rows |cuts |sepa|confs|strbr|  dualbound   | primalbound  |  gap   | compl. 
 9285s|378300 |   929 | 62035k| 164.0 |   533M |  67 |1323 |7068 |3379 | 593k|  1 | 386k|  32 | 0.000000e+00 |      --      |    Inf |  89.10%
 9290s|378400 |   933 | 62058k| 164.0 |   533M |  67 |1323 |6950 |3433 | 593k|  0 | 386k|  32 | 0.000000e+00 |      --      |    Inf |  89.10%
 9294s|378500 |   929 | 62080k| 164.0 |   533M |  67 |1323 |6690 |2724 | 593k|  1 | 386k|  32 | 0.000000e+00 |      --      |    Inf |  89.10%
 9298s|378600 |   927 | 62102k| 164.0 |   533M |  67 |1323 |6639 |   0 | 594k|  0 | 386k|  32 | 0.000000e+00 |      --      |    Inf |  89.10%
 9302s|378700 |   924 | 62123k| 164.0 |   533M |  67 |1323 |6651 |2953 | 594k|  0 | 386k|  32 | 0.000000e+00 |      --      |    Inf |  89.10%
 9308s|378800 |   932 | 62151k| 164.1 |   533M |  67 |1323 |6498 |2722 | 594k|  2 | 386k|  32 | 0.000000e+00 |      --      |    Inf |  89.10%
 9313s|378900 |   932 | 62177k| 164.1 |   533M |  67 |1323 |6311 |3866 | 594k|  1 | 386k|  32 | 0.000000e+00 |      --      |    Inf |  89.11%
 9319s|379000 |   925 | 62202k| 164.1 |   533M |  67 |1323 |5927 |3111 | 594k|  0 | 386k|  32 | 0.000000e+00 |      --      |    Inf |  89.13%
 9323s|379100 |   913 | 62226k| 164.1 |   533M |  67 |1323 |5974 |3581 | 594k|  0 | 386k|  32 | 0.000000e+00 |      --      |    Inf |  89.13%
 9329s|379200 |   921 | 62255k| 164.2 |   533M |  67 |1323 |5864 |3382 | 594k|  1 | 386k|  32 | 0.000000e+00 |      --      |    Inf |  89.13%
 9336s|379300 |   905 | 62290k| 164.2 |   533M |  67 |1323 |5734 |2733 | 594k|  0 | 387k|  32 | 0.000000e+00 |      --      |    Inf |  89.13%
 9342s|379400 |   896 | 62319k| 164.2 |   533M |  67 |1323 |5513 |2710 | 594k|  2 | 387k|  32 | 0.000000e+00 |      --      |    Inf |  89.14%
 9348s|379500 |   897 | 62351k| 164.3 |   533M |  67 |1323 |5340 |3031 | 594k|  0 | 387k|  32 | 0.000000e+00 |      --      |    Inf |  89.14%
 9354s|379600 |   896 | 62379k| 164.3 |   533M |  67 |1323 |5266 |2881 | 595k|  0 | 387k|  32 | 0.000000e+00 |      --      |    Inf |  89.15%
 9359s|379700 |   906 | 62407k| 164.4 |   533M |  67 |1323 |5150 |3309 | 595k|  0 | 387k|  32 | 0.000000e+00 |      --      |    Inf |  89.15%
 time | node  | left  |LP iter|LP it/n|mem/heur|mdpt |vars |cons |rows |cuts |sepa|confs|strbr|  dualbound   | primalbound  |  gap   | compl. 
 9364s|379800 |   905 | 62429k| 164.4 |   533M |  67 |1323 |5213 |3338 | 595k|  0 | 387k|  32 | 0.000000e+00 |      --      |    Inf |  89.15%
 9367s|379900 |   916 | 62443k| 164.4 |   533M |  67 |1323 |5259 |2954 | 595k|  1 | 387k|  32 | 0.000000e+00 |      --      |    Inf |  89.15%
 9371s|380000 |   910 | 62459k| 164.4 |   533M |  67 |1323 |5338 |3412 | 595k|  0 | 387k|  32 | 0.000000e+00 |      --      |    Inf |  89.15%
 9375s|380100 |   915 | 62480k| 164.4 |   533M |  67 |1323 |5325 |3310 | 595k|  2 | 387k|  32 | 0.000000e+00 |      --      |    Inf |  89.15%
 9380s|380200 |   902 | 62503k| 164.4 |   533M |  67 |1323 |5403 |3411 | 595k|  0 | 387k|  32 | 0.000000e+00 |      --      |    Inf |  89.15%
 9384s|380300 |   905 | 62524k| 164.4 |   533M |  67 |1323 |5421 |3320 | 595k|  0 | 388k|  32 | 0.000000e+00 |      --      |    Inf |  89.15%
 9389s|380400 |   904 | 62547k| 164.4 |   533M |  67 |1323 |5482 |3327 | 595k|  1 | 388k|  32 | 0.000000e+00 |      --      |    Inf |  89.15%
 9395s|380500 |   898 | 62575k| 164.4 |   533M |  67 |1323 |5485 |3295 | 595k|  2 | 388k|  32 | 0.000000e+00 |      --      |    Inf |  89.15%
 9397s|380600 |   902 | 62592k| 164.4 |   533M |  67 |1323 |5517 |3377 | 596k|  2 | 388k|  32 | 0.000000e+00 |      --      |    Inf |  89.15%
 9400s|380700 |   893 | 62620k| 164.5 |   533M |  67 |1323 |5512 |3426 | 596k|  0 | 388k|  32 | 0.000000e+00 |      --      |    Inf |  89.15%
 9403s|380800 |   892 | 62654k| 164.5 |   533M |  67 |1323 |5486 |3470 | 596k|  0 | 388k|  32 | 0.000000e+00 |      --      |    Inf |  89.15%
 9406s|380900 |   889 | 62683k| 164.6 |   533M |  67 |1323 |5422 |3290 | 596k|  0 | 388k|  32 | 0.000000e+00 |      --      |    Inf |  89.15%
 9409s|381000 |   884 | 62711k| 164.6 |   533M |  67 |1323 |5371 |3175 | 596k|  0 | 388k|  32 | 0.000000e+00 |      --      |    Inf |  89.15%
 9411s|381100 |   887 | 62734k| 164.6 |   533M |  67 |1323 |5302 |3664 | 596k|  1 | 388k|  32 | 0.000000e+00 |      --      |    Inf |  89.15%
 9414s|381200 |   885 | 62765k| 164.6 |   534M |  67 |1323 |5073 |2718 | 596k|  0 | 388k|  32 | 0.000000e+00 |      --      |    Inf |  89.20%
 time | node  | left  |LP iter|LP it/n|mem/heur|mdpt |vars |cons |rows |cuts |sepa|confs|strbr|  dualbound   | primalbound  |  gap   | compl. 
 9417s|381300 |   881 | 62792k| 164.7 |   534M |  67 |1323 |4908 |3209 | 596k|  2 | 388k|  32 | 0.000000e+00 |      --      |    Inf |  89.23%
 9419s|381400 |   879 | 62821k| 164.7 |   534M |  67 |1323 |4837 |2722 | 596k|  2 | 388k|  32 | 0.000000e+00 |      --      |    Inf |  89.23%
 9422s|381500 |   883 | 62845k| 164.7 |   534M |  67 |1323 |4816 |3894 | 596k|  0 | 389k|  32 | 0.000000e+00 |      --      |    Inf |  89.23%
 9424s|381600 |   887 | 62870k| 164.7 |   534M |  67 |1323 |4808 |2974 | 596k|  2 | 389k|  32 | 0.000000e+00 |      --      |    Inf |  89.23%
 9427s|381700 |   881 | 62897k| 164.8 |   534M |  67 |1323 |4796 |2856 | 597k|  1 | 389k|  32 | 0.000000e+00 |      --      |    Inf |  89.23%
 9429s|381800 |   891 | 62922k| 164.8 |   534M |  67 |1323 |4757 |3095 | 597k|  1 | 389k|  32 | 0.000000e+00 |      --      |    Inf |  89.23%
 9431s|381900 |   874 | 62937k| 164.8 |   534M |  67 |1323 |4820 |3148 | 597k|  2 | 389k|  32 | 0.000000e+00 |      --      |    Inf |  89.23%
 9433s|382000 |   874 | 62958k| 164.8 |   534M |  67 |1323 |4795 |   0 | 597k|  0 | 389k|  32 | 0.000000e+00 |      --      |    Inf |  89.23%
 9435s|382100 |   889 | 62975k| 164.8 |   534M |  67 |1323 |4848 |3110 | 597k|  0 | 389k|  32 | 0.000000e+00 |      --      |    Inf |  89.23%
 9437s|382200 |   898 | 62994k| 164.8 |   534M |  67 |1323 |4928 |3114 | 597k|  1 | 389k|  32 | 0.000000e+00 |      --      |    Inf |  89.23%
 9439s|382300 |   873 | 63015k| 164.8 |   534M |  67 |1323 |4941 |3570 | 597k|  1 | 389k|  32 | 0.000000e+00 |      --      |    Inf |  89.23%
 9441s|382400 |   874 | 63034k| 164.8 |   534M |  67 |1323 |4973 |   0 | 597k|  0 | 389k|  32 | 0.000000e+00 |      --      |    Inf |  89.24%
 9442s|382500 |   870 | 63049k| 164.8 |   534M |  67 |1323 |5005 |3939 | 597k|  1 | 389k|  32 | 0.000000e+00 |      --      |    Inf |  89.24%
 9444s|382600 |   872 | 63071k| 164.8 |   534M |  67 |1323 |5067 |3557 | 598k|  1 | 390k|  32 | 0.000000e+00 |      --      |    Inf |  89.24%
 9446s|382700 |   874 | 63091k| 164.9 |   534M |  67 |1323 |5123 |3133 | 598k|  0 | 390k|  32 | 0.000000e+00 |      --      |    Inf |  89.24%
 time | node  | left  |LP iter|LP it/n|mem/heur|mdpt |vars |cons |rows |cuts |sepa|confs|strbr|  dualbound   | primalbound  |  gap   | compl. 
 9448s|382800 |   891 | 63109k| 164.9 |   534M |  67 |1323 |5104 |3349 | 598k|  1 | 390k|  32 | 0.000000e+00 |      --      |    Inf |  89.24%
 9450s|382900 |   886 | 63124k| 164.9 |   534M |  67 |1323 |5232 |3373 | 598k|  1 | 390k|  32 | 0.000000e+00 |      --      |    Inf |  89.24%
 9453s|383000 |   872 | 63151k| 164.9 |   534M |  67 |1323 |5210 |3057 | 598k|  2 | 390k|  32 | 0.000000e+00 |      --      |    Inf |  89.49%
 9455s|383100 |   883 | 63170k| 164.9 |   534M |  67 |1323 |5278 |3122 | 598k|  1 | 390k|  32 | 0.000000e+00 |      --      |    Inf |  89.49%
 9457s|383200 |   876 | 63190k| 164.9 |   534M |  67 |1323 |5304 |3078 | 598k|  0 | 390k|  32 | 0.000000e+00 |      --      |    Inf |  89.50%
 9459s|383300 |   879 | 63215k| 164.9 |   534M |  67 |1323 |5255 |3091 | 598k|  1 | 390k|  32 | 0.000000e+00 |      --      |    Inf |  89.50%
 9461s|383400 |   895 | 63232k| 164.9 |   534M |  67 |1323 |5246 |3143 | 599k|  2 | 390k|  32 | 0.000000e+00 |      --      |    Inf |  89.50%
 9462s|383500 |   889 | 63248k| 164.9 |   534M |  67 |1323 |5276 |3120 | 599k|  2 | 390k|  32 | 0.000000e+00 |      --      |    Inf |  89.50%
 9464s|383600 |   917 | 63264k| 164.9 |   534M |  67 |1323 |5367 |3172 | 599k|  1 | 391k|  32 | 0.000000e+00 |      --      |    Inf |  89.50%
 9466s|383700 |   913 | 63280k| 164.9 |   534M |  67 |1323 |5501 |3154 | 599k|  2 | 391k|  32 | 0.000000e+00 |      --      |    Inf |  89.50%
 9468s|383800 |   914 | 63293k| 164.9 |   534M |  67 |1323 |5592 |3208 | 599k|  2 | 391k|  32 | 0.000000e+00 |      --      |    Inf |  89.50%
 9470s|383900 |   915 | 63311k| 164.9 |   534M |  67 |1323 |5639 |3148 | 599k|  1 | 391k|  32 | 0.000000e+00 |      --      |    Inf |  89.50%
 9472s|384000 |   915 | 63329k| 164.9 |   534M |  67 |1323 |5735 |3166 | 599k|  2 | 391k|  32 | 0.000000e+00 |      --      |    Inf |  89.50%
 9474s|384100 |   912 | 63345k| 164.9 |   534M |  67 |1323 |5868 |3182 | 599k|  0 | 391k|  32 | 0.000000e+00 |      --      |    Inf |  89.50%
 9475s|384200 |   913 | 63359k| 164.9 |   534M |  67 |1323 |5990 |3188 | 600k|  1 | 391k|  32 | 0.000000e+00 |      --      |    Inf |  89.50%
 time | node  | left  |LP iter|LP it/n|mem/heur|mdpt |vars |cons |rows |cuts |sepa|confs|strbr|  dualbound   | primalbound  |  gap   | compl. 
 9478s|384300 |   917 | 63378k| 164.9 |   534M |  67 |1323 |6114 |3166 | 600k|  0 | 392k|  32 | 0.000000e+00 |      --      |    Inf |  89.50%
 9481s|384400 |   923 | 63397k| 164.9 |   534M |  67 |1323 |6270 |3209 | 600k|  2 | 392k|  32 | 0.000000e+00 |      --      |    Inf |  89.50%
 9483s|384500 |   916 | 63414k| 164.9 |   534M |  67 |1323 |6374 |3188 | 600k|  1 | 392k|  32 | 0.000000e+00 |      --      |    Inf |  89.50%
 9486s|384600 |   917 | 63435k| 164.9 |   534M |  67 |1323 |6484 |3224 | 600k|  0 | 392k|  32 | 0.000000e+00 |      --      |    Inf |  89.50%
 9489s|384700 |   908 | 63454k| 164.9 |   534M |  67 |1323 |6617 |3232 | 600k|  2 | 392k|  32 | 0.000000e+00 |      --      |    Inf |  89.50%
 9491s|384800 |   902 | 63473k| 164.9 |   534M |  67 |1323 |6255 |3317 | 600k|  0 | 392k|  32 | 0.000000e+00 |      --      |    Inf |  89.50%
 9494s|384900 |   899 | 63495k| 165.0 |   535M |  67 |1323 |5631 |3206 | 600k|  1 | 393k|  32 | 0.000000e+00 |      --      |    Inf |  89.50%
 9495s|385000 |   901 | 63510k| 165.0 |   535M |  67 |1323 |5716 |3201 | 600k|  0 | 393k|  32 | 0.000000e+00 |      --      |    Inf |  89.50%
 9497s|385100 |   905 | 63524k| 164.9 |   535M |  67 |1323 |5874 |3230 | 601k|  2 | 393k|  32 | 0.000000e+00 |      --      |    Inf |  89.50%
 9499s|385200 |   902 | 63535k| 164.9 |   535M |  67 |1323 |5951 |3187 | 601k|  0 | 393k|  32 | 0.000000e+00 |      --      |    Inf |  89.50%
 9500s|385300 |   900 | 63544k| 164.9 |   535M |  67 |1323 |6025 |3197 | 601k|  0 | 393k|  32 | 0.000000e+00 |      --      |    Inf |  89.50%
 9503s|385400 |   880 | 63564k| 164.9 |   535M |  67 |1323 |5660 |3353 | 601k|  0 | 393k|  32 | 0.000000e+00 |      --      |    Inf |  89.50%
 9508s|385500 |   884 | 63592k| 165.0 |   535M |  67 |1323 |5453 |3160 | 601k|  1 | 394k|  32 | 0.000000e+00 |      --      |    Inf |  89.50%
 9512s|385600 |   876 | 63611k| 165.0 |   535M |  67 |1323 |5336 |3117 | 601k|  2 | 394k|  32 | 0.000000e+00 |      --      |    Inf |  89.51%
 9518s|385700 |   871 | 63640k| 165.0 |   535M |  67 |1323 |5362 |3292 | 601k|  1 | 394k|  32 | 0.000000e+00 |      --      |    Inf |  89.51%
 time | node  | left  |LP iter|LP it/n|mem/heur|mdpt |vars |cons |rows |cuts |sepa|confs|strbr|  dualbound   | primalbound  |  gap   | compl. 
 9522s|385800 |   871 | 63662k| 165.0 |   535M |  67 |1323 |5336 |3092 | 601k|  0 | 394k|  32 | 0.000000e+00 |      --      |    Inf |  89.51%
 9527s|385900 |   870 | 63685k| 165.0 |   535M |  67 |1323 |5407 |3167 | 601k|  0 | 394k|  32 | 0.000000e+00 |      --      |    Inf |  89.51%
 9531s|386000 |   881 | 63706k| 165.0 |   535M |  67 |1323 |5485 |3002 | 602k|  2 | 394k|  32 | 0.000000e+00 |      --      |    Inf |  89.51%
 9536s|386100 |   882 | 63732k| 165.1 |   535M |  67 |1323 |5571 |3013 | 602k|  0 | 394k|  32 | 0.000000e+00 |      --      |    Inf |  89.51%
 9541s|386200 |   874 | 63755k| 165.1 |   535M |  67 |1323 |5669 |3026 | 602k|  0 | 394k|  32 | 0.000000e+00 |      --      |    Inf |  89.51%
 9546s|386300 |   869 | 63781k| 165.1 |   535M |  67 |1323 |5692 |3233 | 602k|  2 | 394k|  32 | 0.000000e+00 |      --      |    Inf |  89.51%
 9552s|386400 |   873 | 63809k| 165.1 |   535M |  67 |1323 |5752 |2957 | 602k|  1 | 394k|  32 | 0.000000e+00 |      --      |    Inf |  89.51%
 9557s|386500 |   874 | 63837k| 165.2 |   535M |  67 |1323 |5841 |2979 | 602k|  0 | 394k|  32 | 0.000000e+00 |      --      |    Inf |  89.51%
 9562s|386600 |   875 | 63861k| 165.2 |   535M |  67 |1323 |5934 |2978 | 602k|  0 | 395k|  32 | 0.000000e+00 |      --      |    Inf |  89.51%
 9566s|386700 |   879 | 63883k| 165.2 |   535M |  67 |1323 |6017 |3004 | 602k|  0 | 395k|  32 | 0.000000e+00 |      --      |    Inf |  89.51%
 9571s|386800 |   874 | 63910k| 165.2 |   535M |  67 |1323 |6084 |3081 | 603k|  0 | 395k|  32 | 0.000000e+00 |      --      |    Inf |  89.51%
 9577s|386900 |   877 | 63935k| 165.2 |   535M |  67 |1323 |6173 |   0 | 603k|  0 | 395k|  32 | 0.000000e+00 |      --      |    Inf |  89.51%
 9582s|387000 |   866 | 63963k| 165.3 |   535M |  67 |1323 |6274 |3034 | 603k|  0 | 395k|  32 | 0.000000e+00 |      --      |    Inf |  89.51%
 9587s|387100 |   882 | 63989k| 165.3 |   535M |  67 |1323 |6189 |3006 | 603k|  2 | 395k|  32 | 0.000000e+00 |      --      |    Inf |  89.52%
 9593s|387200 |   880 | 64018k| 165.3 |   535M |  67 |1323 |6235 |2959 | 603k|  1 | 395k|  32 | 0.000000e+00 |      --      |    Inf |  89.52%
 time | node  | left  |LP iter|LP it/n|mem/heur|mdpt |vars |cons |rows |cuts |sepa|confs|strbr|  dualbound   | primalbound  |  gap   | compl. 
 9598s|387300 |   872 | 64044k| 165.4 |   535M |  67 |1323 |6329 |3724 | 603k|  0 | 395k|  32 | 0.000000e+00 |      --      |    Inf |  89.52%
 9605s|387400 |   874 | 64076k| 165.4 |   535M |  67 |1323 |6376 |3744 | 603k|  1 | 395k|  32 | 0.000000e+00 |      --      |    Inf |  89.52%
 9609s|387500 |   879 | 64100k| 165.4 |   535M |  67 |1323 |6462 |3008 | 603k|  2 | 395k|  32 | 0.000000e+00 |      --      |    Inf |  89.52%
 9615s|387600 |   871 | 64127k| 165.4 |   535M |  67 |1323 |6503 |3745 | 603k|  1 | 396k|  32 | 0.000000e+00 |      --      |    Inf |  89.52%
 9622s|387700 |   870 | 64160k| 165.5 |   535M |  67 |1323 |6419 |3739 | 603k|  1 | 396k|  32 | 0.000000e+00 |      --      |    Inf |  89.52%
 9628s|387800 |   877 | 64188k| 165.5 |   536M |  67 |1323 |6472 |2975 | 603k|  2 | 396k|  32 | 0.000000e+00 |      --      |    Inf |  89.52%
 9635s|387900 |   886 | 64221k| 165.6 |   536M |  67 |1323 |6490 |3001 | 603k|  0 | 396k|  32 | 0.000000e+00 |      --      |    Inf |  89.52%
 9641s|388000 |   888 | 64251k| 165.6 |   536M |  67 |1323 |6578 |3005 | 604k|  1 | 396k|  32 | 0.000000e+00 |      --      |    Inf |  89.52%
 9648s|388100 |   879 | 64277k| 165.6 |   536M |  67 |1323 |6661 |3009 | 604k|  2 | 396k|  32 | 0.000000e+00 |      --      |    Inf |  89.52%
 9654s|388200 |   889 | 64308k| 165.6 |   536M |  67 |1323 |6740 |3022 | 604k|  2 | 396k|  32 | 0.000000e+00 |      --      |    Inf |  89.52%
 9660s|388300 |   890 | 64337k| 165.7 |   536M |  67 |1323 |6819 |3025 | 604k|  2 | 396k|  32 | 0.000000e+00 |      --      |    Inf |  89.52%
 9667s|388400 |   885 | 64368k| 165.7 |   536M |  67 |1323 |6926 |3037 | 604k|  0 | 396k|  32 | 0.000000e+00 |      --      |    Inf |  89.52%
 9672s|388500 |   884 | 64397k| 165.8 |   536M |  67 |1323 |6999 |3073 | 604k|  2 | 396k|  32 | 0.000000e+00 |      --      |    Inf |  89.52%
 9678s|388600 |   883 | 64423k| 165.8 |   536M |  67 |1323 |7095 |3075 | 604k|  0 | 397k|  32 | 0.000000e+00 |      --      |    Inf |  89.52%
 9684s|388700 |   883 | 64450k| 165.8 |   536M |  67 |1323 |7186 |3092 | 604k|  1 | 397k|  32 | 0.000000e+00 |      --      |    Inf |  89.52%
 time | node  | left  |LP iter|LP it/n|mem/heur|mdpt |vars |cons |rows |cuts |sepa|confs|strbr|  dualbound   | primalbound  |  gap   | compl. 
 9690s|388800 |   893 | 64479k| 165.8 |   536M |  67 |1323 |7289 |3066 | 604k|  0 | 397k|  32 | 0.000000e+00 |      --      |    Inf |  89.52%
 9696s|388900 |   875 | 64506k| 165.9 |   536M |  67 |1323 |7323 |3000 | 604k|  1 | 397k|  32 | 0.000000e+00 |      --      |    Inf |  89.52%
 9701s|389000 |   878 | 64533k| 165.9 |   536M |  67 |1323 |7415 |3015 | 604k|  0 | 397k|  32 | 0.000000e+00 |      --      |    Inf |  89.52%
 9708s|389100 |   874 | 64564k| 165.9 |   536M |  67 |1323 |7508 |3123 | 604k|  2 | 397k|  32 | 0.000000e+00 |      --      |    Inf |  89.52%
 9714s|389200 |   873 | 64593k| 166.0 |   536M |  67 |1323 |7568 |3018 | 605k|  0 | 397k|  32 | 0.000000e+00 |      --      |    Inf |  89.52%
 9720s|389300 |   887 | 64619k| 166.0 |   536M |  67 |1323 |7515 |3033 | 605k|  0 | 397k|  32 | 0.000000e+00 |      --      |    Inf |  89.52%
 9726s|389400 |   891 | 64647k| 166.0 |   536M |  67 |1323 |7592 |3061 | 605k|  1 | 397k|  32 | 0.000000e+00 |      --      |    Inf |  89.52%
 9731s|389500 |   887 | 64672k| 166.0 |   536M |  67 |1323 |7592 |3032 | 605k|  1 | 397k|  32 | 0.000000e+00 |      --      |    Inf |  89.52%
 9734s|389600 |   887 | 64688k| 166.0 |   536M |  67 |1323 |7592 |   0 | 605k|  0 | 398k|  32 | 0.000000e+00 |      --      |    Inf |  89.52%
 9739s|389700 |   902 | 64711k| 166.0 |   536M |  67 |1323 |7592 |3040 | 605k|  0 | 398k|  32 | 0.000000e+00 |      --      |    Inf |  89.52%
 9744s|389800 |   896 | 64734k| 166.1 |   536M |  67 |1323 |7592 |3047 | 605k|  2 | 398k|  32 | 0.000000e+00 |      --      |    Inf |  89.52%
 9750s|389900 |   897 | 64763k| 166.1 |   536M |  67 |1323 |7592 |   0 | 605k|  0 | 398k|  32 | 0.000000e+00 |      --      |    Inf |  89.52%
 9755s|390000 |   893 | 64791k| 166.1 |   536M |  67 |1323 |7592 |3094 | 605k|  1 | 398k|  32 | 0.000000e+00 |      --      |    Inf |  89.52%
 9760s|390100 |   890 | 64812k| 166.1 |   536M |  67 |1323 |7592 |3051 | 605k|  2 | 398k|  32 | 0.000000e+00 |      --      |    Inf |  89.52%
 9765s|390200 |   887 | 64837k| 166.2 |   536M |  67 |1323 |7577 |3011 | 606k|  1 | 398k|  32 | 0.000000e+00 |      --      |    Inf |  89.52%
 time | node  | left  |LP iter|LP it/n|mem/heur|mdpt |vars |cons |rows |cuts |sepa|confs|strbr|  dualbound   | primalbound  |  gap   | compl. 
 9772s|390300 |   887 | 64870k| 166.2 |   536M |  67 |1323 |7592 |3088 | 606k|  0 | 398k|  32 | 0.000000e+00 |      --      |    Inf |  89.52%
 9778s|390400 |   896 | 64900k| 166.2 |   536M |  67 |1323 |7592 |3045 | 606k|  0 | 398k|  32 | 0.000000e+00 |      --      |    Inf |  89.52%
 9783s|390500 |   894 | 64927k| 166.3 |   536M |  67 |1323 |7592 |3032 | 606k|  2 | 398k|  32 | 0.000000e+00 |      --      |    Inf |  89.52%
 9788s|390600 |   890 | 64949k| 166.3 |   536M |  67 |1323 |7592 |3060 | 606k|  0 | 399k|  32 | 0.000000e+00 |      --      |    Inf |  89.52%
 9793s|390700 |   889 | 64976k| 166.3 |   536M |  67 |1323 |7592 |3106 | 606k|  1 | 399k|  32 | 0.000000e+00 |      --      |    Inf |  89.52%
 9799s|390800 |   892 | 65006k| 166.3 |   536M |  67 |1323 |7592 |3012 | 606k|  2 | 399k|  32 | 0.000000e+00 |      --      |    Inf |  89.52%
 9806s|390900 |   888 | 65040k| 166.4 |   536M |  67 |1323 |7577 |3061 | 606k|  1 | 399k|  32 | 0.000000e+00 |      --      |    Inf |  89.52%
 9812s|391000 |   884 | 65069k| 166.4 |   536M |  67 |1323 |7592 |   0 | 606k|  0 | 399k|  32 | 0.000000e+00 |      --      |    Inf |  89.52%
 9817s|391100 |   888 | 65094k| 166.4 |   536M |  67 |1323 |7592 |3094 | 607k|  1 | 399k|  32 | 0.000000e+00 |      --      |    Inf |  89.52%
 9822s|391200 |   872 | 65123k| 166.5 |   536M |  67 |1323 |7572 |3213 | 607k|  0 | 399k|  32 | 0.000000e+00 |      --      |    Inf |  89.52%
 9827s|391300 |   873 | 65149k| 166.5 |   536M |  67 |1323 |7406 |2905 | 607k|  0 | 399k|  32 | 0.000000e+00 |      --      |    Inf |  89.52%
 9831s|391400 |   882 | 65173k| 166.5 |   536M |  67 |1323 |7384 |2905 | 607k|  2 | 399k|  32 | 0.000000e+00 |      --      |    Inf |  89.52%
 9834s|391500 |   875 | 65201k| 166.5 |   536M |  67 |1323 |7256 |3823 | 607k|  2 | 399k|  32 | 0.000000e+00 |      --      |    Inf |  89.54%
 9836s|391600 |   874 | 65224k| 166.6 |   536M |  67 |1323 |7129 |   0 | 607k|  0 | 400k|  32 | 0.000000e+00 |      --      |    Inf |  89.54%
 9839s|391700 |   872 | 65243k| 166.6 |   537M |  67 |1323 |7177 |3821 | 607k|  2 | 400k|  32 | 0.000000e+00 |      --      |    Inf |  89.54%
 time | node  | left  |LP iter|LP it/n|mem/heur|mdpt |vars |cons |rows |cuts |sepa|confs|strbr|  dualbound   | primalbound  |  gap   | compl. 
 9841s|391800 |   888 | 65258k| 166.6 |   537M |  67 |1323 |7036 |3802 | 607k|  0 | 400k|  32 | 0.000000e+00 |      --      |    Inf |  89.54%
 9842s|391900 |   884 | 65276k| 166.6 |   537M |  67 |1323 |7089 |3806 | 607k|  0 | 400k|  32 | 0.000000e+00 |      --      |    Inf |  89.54%
 9844s|392000 |   880 | 65289k| 166.5 |   537M |  67 |1323 |7162 |3803 | 607k|  0 | 400k|  32 | 0.000000e+00 |      --      |    Inf |  89.54%
 9846s|392100 |   889 | 65306k| 166.5 |   537M |  67 |1323 |7238 |3803 | 607k|  1 | 400k|  32 | 0.000000e+00 |      --      |    Inf |  89.54%
 9847s|392200 |   883 | 65323k| 166.5 |   537M |  67 |1323 |7291 |3801 | 607k|  0 | 400k|  32 | 0.000000e+00 |      --      |    Inf |  89.54%
 9849s|392300 |   889 | 65340k| 166.5 |   537M |  67 |1323 |7374 |3806 | 607k|  2 | 400k|  32 | 0.000000e+00 |      --      |    Inf |  89.54%
 9851s|392400 |   892 | 65357k| 166.6 |   537M |  67 |1323 |7428 |3809 | 607k|  0 | 400k|  32 | 0.000000e+00 |      --      |    Inf |  89.54%
 9852s|392500 |   887 | 65363k| 166.5 |   537M |  67 |1323 |7444 |3812 | 607k|  0 | 400k|  32 | 0.000000e+00 |      --      |    Inf |  89.54%
 9853s|392600 |   879 | 65377k| 166.5 |   537M |  67 |1323 |7417 |   0 | 607k|  0 | 400k|  32 | 0.000000e+00 |      --      |    Inf |  89.54%
 9854s|392700 |   883 | 65383k| 166.5 |   537M |  67 |1323 |7402 |3814 | 607k|  2 | 400k|  32 | 0.000000e+00 |      --      |    Inf |  89.54%
 9855s|392800 |   883 | 65391k| 166.5 |   538M |  67 |1323 |7431 |3821 | 607k|  0 | 400k|  32 | 0.000000e+00 |      --      |    Inf |  89.54%
 9856s|392900 |   875 | 65403k| 166.5 |   538M |  67 |1323 |7385 |3811 | 608k|  2 | 400k|  32 | 0.000000e+00 |      --      |    Inf |  89.54%
 9858s|393000 |   890 | 65421k| 166.5 |   538M |  67 |1323 |7318 |3799 | 608k|  1 | 401k|  32 | 0.000000e+00 |      --      |    Inf |  89.54%
 9860s|393100 |   884 | 65438k| 166.5 |   538M |  67 |1323 |7390 |3799 | 608k|  1 | 401k|  32 | 0.000000e+00 |      --      |    Inf |  89.54%
 9862s|393200 |   875 | 65458k| 166.5 |   538M |  67 |1323 |7449 |3805 | 608k|  2 | 401k|  32 | 0.000000e+00 |      --      |    Inf |  89.54%
 time | node  | left  |LP iter|LP it/n|mem/heur|mdpt |vars |cons |rows |cuts |sepa|confs|strbr|  dualbound   | primalbound  |  gap   | compl. 
 9863s|393300 |   883 | 65473k| 166.5 |   538M |  67 |1323 |7426 |3804 | 608k|  0 | 401k|  32 | 0.000000e+00 |      --      |    Inf |  89.54%
 9865s|393400 |   890 | 65491k| 166.5 |   538M |  67 |1323 |7415 |3807 | 608k|  2 | 401k|  32 | 0.000000e+00 |      --      |    Inf |  89.54%
 9867s|393500 |   877 | 65506k| 166.5 |   538M |  67 |1323 |7478 |   0 | 608k|  0 | 401k|  32 | 0.000000e+00 |      --      |    Inf |  89.54%
 9868s|393600 |   882 | 65517k| 166.5 |   538M |  67 |1323 |7366 |3791 | 608k|  1 | 401k|  32 | 0.000000e+00 |      --      |    Inf |  89.54%
 9870s|393700 |   887 | 65536k| 166.5 |   538M |  67 |1323 |7392 |   0 | 608k|  0 | 401k|  32 | 0.000000e+00 |      --      |    Inf |  89.54%
 9872s|393800 |   876 | 65555k| 166.5 |   538M |  67 |1323 |7390 |3802 | 608k|  2 | 401k|  32 | 0.000000e+00 |      --      |    Inf |  89.54%
 9874s|393900 |   882 | 65573k| 166.5 |   538M |  67 |1323 |7288 |3802 | 608k|  2 | 401k|  32 | 0.000000e+00 |      --      |    Inf |  89.54%
 9877s|394000 |   873 | 65592k| 166.5 |   538M |  67 |1323 |7282 |3788 | 608k|  0 | 402k|  32 | 0.000000e+00 |      --      |    Inf |  89.54%
 9880s|394100 |   877 | 65604k| 166.5 |   538M |  67 |1323 |7239 |3796 | 608k|  1 | 402k|  32 | 0.000000e+00 |      --      |    Inf |  89.55%
 9884s|394200 |   883 | 65624k| 166.5 |   538M |  67 |1323 |7261 |3807 | 608k|  1 | 402k|  32 | 0.000000e+00 |      --      |    Inf |  89.55%
 9888s|394300 |   884 | 65641k| 166.5 |   538M |  67 |1323 |7328 |3823 | 608k|  2 | 402k|  32 | 0.000000e+00 |      --      |    Inf |  89.55%
 9891s|394400 |   875 | 65656k| 166.5 |   538M |  67 |1323 |7369 |   0 | 608k|  0 | 402k|  32 | 0.000000e+00 |      --      |    Inf |  89.55%
 9896s|394500 |   877 | 65679k| 166.5 |   538M |  67 |1323 |7174 |3803 | 608k|  2 | 402k|  32 | 0.000000e+00 |      --      |    Inf |  89.55%
 9900s|394600 |   876 | 65697k| 166.5 |   538M |  67 |1323 |7163 |3818 | 609k|  2 | 402k|  32 | 0.000000e+00 |      --      |    Inf |  89.55%
 9904s|394700 |   880 | 65715k| 166.5 |   538M |  67 |1323 |6895 |4084 | 609k|  1 | 402k|  32 | 0.000000e+00 |      --      |    Inf |  89.55%
 time | node  | left  |LP iter|LP it/n|mem/heur|mdpt |vars |cons |rows |cuts |sepa|confs|strbr|  dualbound   | primalbound  |  gap   | compl. 
 9909s|394800 |   880 | 65737k| 166.5 |   538M |  67 |1323 |6767 |3796 | 609k|  2 | 402k|  32 | 0.000000e+00 |      --      |    Inf |  89.55%
 9913s|394900 |   883 | 65755k| 166.5 |   538M |  67 |1323 |6700 |3805 | 609k|  0 | 402k|  32 | 0.000000e+00 |      --      |    Inf |  89.55%
 9917s|395000 |   888 | 65772k| 166.5 |   538M |  67 |1323 |6793 |3799 | 609k|  0 | 402k|  32 | 0.000000e+00 |      --      |    Inf |  89.55%
 9921s|395100 |   902 | 65793k| 166.5 |   538M |  67 |1323 |6756 |   0 | 609k|  0 | 403k|  32 | 0.000000e+00 |      --      |    Inf |  89.55%
 9926s|395200 |   895 | 65811k| 166.5 |   538M |  67 |1323 |6825 |3818 | 609k|  2 | 403k|  32 | 0.000000e+00 |      --      |    Inf |  89.55%
 9929s|395300 |   897 | 65825k| 166.5 |   538M |  67 |1323 |6873 |3830 | 609k|  0 | 403k|  32 | 0.000000e+00 |      --      |    Inf |  89.55%
 9933s|395400 |   896 | 65843k| 166.5 |   539M |  67 |1323 |6963 |3831 | 609k|  0 | 403k|  32 | 0.000000e+00 |      --      |    Inf |  89.55%
 9937s|395500 |   901 | 65861k| 166.5 |   540M |  67 |1323 |6998 |   0 | 609k|  0 | 403k|  32 | 0.000000e+00 |      --      |    Inf |  89.55%
 9942s|395600 |   903 | 65882k| 166.5 |   540M |  67 |1323 |7032 |3851 | 609k|  0 | 403k|  32 | 0.000000e+00 |      --      |    Inf |  89.55%
 9948s|395700 |   886 | 65906k| 166.5 |   541M |  67 |1323 |7007 |3802 | 609k|  2 | 403k|  32 | 0.000000e+00 |      --      |    Inf |  89.55%
 9953s|395800 |   883 | 65929k| 166.6 |   541M |  67 |1323 |6876 |4116 | 610k|  2 | 403k|  32 | 0.000000e+00 |      --      |    Inf |  89.55%
 9958s|395900 |   870 | 65950k| 166.6 |   541M |  67 |1323 |6736 |   0 | 610k|  0 | 403k|  32 | 0.000000e+00 |      --      |    Inf |  89.55%
 9964s|396000 |   871 | 65975k| 166.6 |   541M |  67 |1323 |6742 |4082 | 610k|  1 | 403k|  32 | 0.000000e+00 |      --      |    Inf |  89.55%
 9971s|396100 |   868 | 66009k| 166.6 |   541M |  67 |1323 |6565 |2743 | 610k|  1 | 404k|  32 | 0.000000e+00 |      --      |    Inf |  89.55%
 9978s|396200 |   862 | 66039k| 166.7 |   541M |  67 |1323 |6565 |3335 | 610k|  0 | 404k|  32 | 0.000000e+00 |      --      |    Inf |  89.55%
 time | node  | left  |LP iter|LP it/n|mem/heur|mdpt |vars |cons |rows |cuts |sepa|confs|strbr|  dualbound   | primalbound  |  gap   | compl. 
 9985s|396300 |   867 | 66071k| 166.7 |   541M |  67 |1323 |6479 |3536 | 610k|  0 | 404k|  32 | 0.000000e+00 |      --      |    Inf |  89.55%
 9991s|396400 |   860 | 66096k| 166.7 |   541M |  67 |1323 |6344 |2907 | 610k|  1 | 404k|  32 | 0.000000e+00 |      --      |    Inf |  89.55%
 9996s|396500 |   868 | 66119k| 166.8 |   541M |  67 |1323 |6239 |2691 | 610k|  2 | 404k|  32 | 0.000000e+00 |      --      |    Inf |  89.56%
  167m|396600 |   864 | 66151k| 166.8 |   541M |  67 |1323 |5901 |2733 | 610k|  1 | 404k|  32 | 0.000000e+00 |      --      |    Inf |  89.56%
  167m|396700 |   856 | 66182k| 166.8 |   541M |  67 |1323 |5533 |3436 | 610k|  0 | 404k|  32 | 0.000000e+00 |      --      |    Inf |  89.57%
  167m|396800 |   864 | 66198k| 166.8 |   541M |  67 |1323 |5583 |3204 | 610k|  0 | 404k|  32 | 0.000000e+00 |      --      |    Inf |  89.57%
  167m|396900 |   861 | 66214k| 166.8 |   541M |  67 |1323 |5647 |3216 | 610k|  0 | 404k|  32 | 0.000000e+00 |      --      |    Inf |  89.57%
  167m|397000 |   867 | 66246k| 166.9 |   541M |  67 |1323 |5557 |4009 | 610k|  1 | 404k|  32 | 0.000000e+00 |      --      |    Inf |  89.57%
  167m|397100 |   858 | 66278k| 166.9 |   541M |  67 |1323 |5508 |4013 | 610k|  1 | 404k|  32 | 0.000000e+00 |      --      |    Inf |  89.57%
  167m|397200 |   856 | 66301k| 166.9 |   541M |  67 |1323 |5351 |2684 | 610k|  2 | 405k|  32 | 0.000000e+00 |      --      |    Inf |  89.58%
  167m|397300 |   860 | 66319k| 166.9 |   541M |  67 |1323 |5386 |2890 | 611k|  0 | 405k|  32 | 0.000000e+00 |      --      |    Inf |  89.59%
  167m|397400 |   863 | 66333k| 166.9 |   541M |  67 |1323 |5463 |   0 | 611k|  0 | 405k|  32 | 0.000000e+00 |      --      |    Inf |  89.59%
  167m|397500 |   860 | 66350k| 166.9 |   541M |  67 |1323 |5552 |3010 | 611k|  0 | 405k|  32 | 0.000000e+00 |      --      |    Inf |  89.59%
  167m|397600 |   871 | 66367k| 166.9 |   541M |  67 |1323 |5634 |3000 | 611k|  0 | 405k|  32 | 0.000000e+00 |      --      |    Inf |  89.59%
  168m|397700 |   864 | 66386k| 166.9 |   541M |  67 |1323 |5724 |2984 | 611k|  0 | 405k|  32 | 0.000000e+00 |      --      |    Inf |  89.59%
 time | node  | left  |LP iter|LP it/n|mem/heur|mdpt |vars |cons |rows |cuts |sepa|confs|strbr|  dualbound   | primalbound  |  gap   | compl. 
  168m|397800 |   854 | 66402k| 166.9 |   541M |  67 |1323 |5794 |2849 | 611k|  0 | 405k|  32 | 0.000000e+00 |      --      |    Inf |  89.59%
  168m|397900 |   858 | 66418k| 166.9 |   541M |  67 |1323 |5871 |   0 | 612k|  0 | 405k|  32 | 0.000000e+00 |      --      |    Inf |  89.59%
  168m|398000 |   867 | 66435k| 166.9 |   541M |  67 |1323 |5928 |2875 | 612k|  2 | 405k|  32 | 0.000000e+00 |      --      |    Inf |  89.59%
  168m|398100 |   877 | 66451k| 166.9 |   541M |  67 |1323 |6006 |2928 | 612k|  2 | 405k|  32 | 0.000000e+00 |      --      |    Inf |  89.59%
  168m|398200 |   867 | 66470k| 166.9 |   541M |  67 |1323 |6094 |2900 | 612k|  2 | 406k|  32 | 0.000000e+00 |      --      |    Inf |  89.59%
  168m|398300 |   857 | 66489k| 166.9 |   541M |  67 |1323 |6167 |2936 | 612k|  2 | 406k|  32 | 0.000000e+00 |      --      |    Inf |  89.59%
  168m|398400 |   858 | 66509k| 166.9 |   541M |  67 |1323 |6039 |3893 | 612k|  0 | 406k|  32 | 0.000000e+00 |      --      |    Inf |  89.59%
  168m|398500 |   857 | 66539k| 167.0 |   541M |  67 |1323 |5909 |3981 | 612k|  1 | 406k|  32 | 0.000000e+00 |      --      |    Inf |  89.59%
  168m|398600 |   864 | 66575k| 167.0 |   541M |  67 |1323 |5999 |3986 | 612k|  0 | 406k|  32 | 0.000000e+00 |      --      |    Inf |  89.59%
  168m|398700 |   862 | 66604k| 167.0 |   541M |  67 |1323 |6131 |3986 | 612k|  1 | 406k|  32 | 0.000000e+00 |      --      |    Inf |  89.59%
  168m|398800 |   862 | 66626k| 167.1 |   542M |  67 |1323 |6268 |3997 | 613k|  0 | 406k|  32 | 0.000000e+00 |      --      |    Inf |  89.59%
  169m|398900 |   861 | 66658k| 167.1 |   542M |  67 |1323 |6293 |3556 | 613k|  2 | 406k|  32 | 0.000000e+00 |      --      |    Inf |  89.59%
  169m|399000 |   856 | 66685k| 167.1 |   542M |  67 |1323 |6174 |3219 | 613k|  1 | 407k|  32 | 0.000000e+00 |      --      |    Inf |  89.59%
  169m|399100 |   853 | 66715k| 167.2 |   542M |  67 |1323 |6058 |2747 | 613k|  0 | 407k|  32 | 0.000000e+00 |      --      |    Inf |  89.59%
  169m|399200 |   865 | 66731k| 167.2 |   542M |  67 |1323 |6006 |2824 | 613k|  2 | 407k|  32 | 0.000000e+00 |      --      |    Inf |  89.59%
 time | node  | left  |LP iter|LP it/n|mem/heur|mdpt |vars |cons |rows |cuts |sepa|confs|strbr|  dualbound   | primalbound  |  gap   | compl. 
  169m|399300 |   848 | 66757k| 167.2 |   542M |  67 |1323 |5939 |2900 | 613k|  1 | 407k|  32 | 0.000000e+00 |      --      |    Inf |  89.59%
  169m|399400 |   839 | 66783k| 167.2 |   542M |  67 |1323 |5855 |4306 | 613k|  0 | 407k|  32 | 0.000000e+00 |      --      |    Inf |  89.59%
  169m|399500 |   845 | 66806k| 167.2 |   542M |  67 |1323 |5770 |2717 | 613k|  0 | 407k|  32 | 0.000000e+00 |      --      |    Inf |  89.59%
  169m|399600 |   857 | 66820k| 167.2 |   542M |  67 |1323 |5831 |2773 | 614k|  2 | 407k|  32 | 0.000000e+00 |      --      |    Inf |  89.60%
  169m|399700 |   859 | 66835k| 167.2 |   542M |  67 |1323 |5824 |2764 | 614k|  1 | 407k|  32 | 0.000000e+00 |      --      |    Inf |  89.60%
  169m|399800 |   861 | 66850k| 167.2 |   542M |  67 |1323 |5850 |3978 | 614k|  0 | 407k|  32 | 0.000000e+00 |      --      |    Inf |  89.60%
  169m|399900 |   854 | 66866k| 167.2 |   542M |  67 |1323 |5878 |2763 | 614k|  2 | 407k|  32 | 0.000000e+00 |      --      |    Inf |  89.60%
  169m|400000 |   856 | 66887k| 167.2 |   542M |  67 |1323 |5811 |4047 | 614k|  0 | 408k|  32 | 0.000000e+00 |      --      |    Inf |  89.60%
  169m|400100 |   860 | 66911k| 167.2 |   543M |  67 |1323 |5795 |4005 | 615k|  2 | 408k|  32 | 0.000000e+00 |      --      |    Inf |  89.60%
  169m|400200 |   854 | 66930k| 167.2 |   544M |  67 |1323 |5795 |4030 | 615k|  0 | 408k|  32 | 0.000000e+00 |      --      |    Inf |  89.60%
  169m|400300 |   853 | 66950k| 167.2 |   544M |  67 |1323 |5853 |4047 | 615k|  0 | 408k|  32 | 0.000000e+00 |      --      |    Inf |  89.60%
  169m|400400 |   856 | 66971k| 167.3 |   545M |  67 |1323 |5924 |4039 | 615k|  0 | 408k|  32 | 0.000000e+00 |      --      |    Inf |  89.60%
  170m|400500 |   868 | 66994k| 167.3 |   547M |  67 |1323 |5989 |4008 | 615k|  1 | 408k|  32 | 0.000000e+00 |      --      |    Inf |  89.60%
  170m|400600 |   889 | 67018k| 167.3 |   549M |  67 |1323 |6030 |4049 | 615k|  1 | 408k|  32 | 0.000000e+00 |      --      |    Inf |  89.60%
  170m|400700 |   891 | 67045k| 167.3 |   553M |  67 |1323 |6111 |4050 | 615k|  2 | 408k|  32 | 0.000000e+00 |      --      |    Inf |  89.60%
 time | node  | left  |LP iter|LP it/n|mem/heur|mdpt |vars |cons |rows |cuts |sepa|confs|strbr|  dualbound   | primalbound  |  gap   | compl. 
  170m|400800 |   896 | 67063k| 167.3 |   555M |  67 |1323 |6164 |4042 | 615k|  1 | 408k|  32 | 0.000000e+00 |      --      |    Inf |  89.60%
  170m|400900 |   904 | 67085k| 167.3 |   557M |  67 |1323 |6213 |4054 | 616k|  0 | 408k|  32 | 0.000000e+00 |      --      |    Inf |  89.60%
  170m|401000 |   926 | 67108k| 167.3 |   559M |  67 |1323 |6268 |4071 | 616k|  2 | 408k|  32 | 0.000000e+00 |      --      |    Inf |  89.60%
  170m|401100 |   937 | 67132k| 167.4 |   561M |  67 |1323 |6331 |   0 | 616k|  0 | 409k|  32 | 0.000000e+00 |      --      |    Inf |  89.60%
  170m|401200 |   937 | 67153k| 167.4 |   562M |  67 |1323 |6374 |4046 | 616k|  2 | 409k|  32 | 0.000000e+00 |      --      |    Inf |  89.60%
  170m|401300 |   956 | 67177k| 167.4 |   562M |  67 |1323 |6455 |4076 | 616k|  0 | 409k|  32 | 0.000000e+00 |      --      |    Inf |  89.60%
  170m|401400 |   949 | 67199k| 167.4 |   563M |  67 |1323 |6459 |4081 | 617k|  0 | 409k|  32 | 0.000000e+00 |      --      |    Inf |  89.60%
  170m|401500 |   941 | 67219k| 167.4 |   563M |  67 |1323 |6505 |4170 | 617k|  0 | 409k|  32 | 0.000000e+00 |      --      |    Inf |  89.60%
  170m|401600 |   980 | 67253k| 167.5 |   563M |  67 |1323 |6519 |4072 | 617k|  1 | 409k|  32 | 0.000000e+00 |      --      |    Inf |  89.60%
  170m|401700 |   946 | 67273k| 167.5 |   563M |  67 |1323 |6577 |4156 | 617k|  2 | 409k|  32 | 0.000000e+00 |      --      |    Inf |  89.60%
  170m|401800 |   931 | 67296k| 167.5 |   565M |  67 |1323 |6343 |4184 | 617k|  0 | 409k|  32 | 0.000000e+00 |      --      |    Inf |  89.60%
  170m|401900 |   910 | 67314k| 167.5 |   569M |  67 |1323 |6126 |4141 | 617k|  0 | 409k|  32 | 0.000000e+00 |      --      |    Inf |  89.60%
  170m|402000 |   902 | 67342k| 167.5 |   569M |  67 |1323 |6196 |4159 | 618k|  0 | 410k|  32 | 0.000000e+00 |      --      |    Inf |  89.60%
  170m|402100 |   881 | 67363k| 167.5 |   572M |  67 |1323 |6131 |4151 | 618k|  0 | 410k|  32 | 0.000000e+00 |      --      |    Inf |  89.60%
  170m|402200 |   884 | 67389k| 167.5 |   573M |  67 |1323 |6142 |4076 | 618k|  3 | 410k|  32 | 0.000000e+00 |      --      |    Inf |  89.60%
 time | node  | left  |LP iter|LP it/n|mem/heur|mdpt |vars |cons |rows |cuts |sepa|confs|strbr|  dualbound   | primalbound  |  gap   | compl. 
  170m|402300 |   878 | 67412k| 167.6 |   573M |  67 |1323 |6138 |   0 | 618k|  0 | 410k|  32 | 0.000000e+00 |      --      |    Inf |  89.60%
  170m|402400 |   873 | 67434k| 167.6 |   574M |  67 |1323 |6130 |4036 | 619k|  2 | 410k|  32 | 0.000000e+00 |      --      |    Inf |  89.60%
  171m|402500 |   870 | 67459k| 167.6 |   575M |  67 |1323 |6242 |4025 | 619k|  0 | 410k|  32 | 0.000000e+00 |      --      |    Inf |  89.60%
  171m|402600 |   862 | 67478k| 167.6 |   576M |  67 |1323 |6210 |4006 | 619k|  0 | 410k|  32 | 0.000000e+00 |      --      |    Inf |  89.60%
  171m|402700 |   851 | 67509k| 167.6 |   577M |  67 |1323 |6162 |4036 | 619k|  0 | 410k|  32 | 0.000000e+00 |      --      |    Inf |  89.60%
  171m|402800 |   848 | 67533k| 167.7 |   577M |  67 |1323 |5954 |4027 | 619k|  2 | 411k|  32 | 0.000000e+00 |      --      |    Inf |  89.60%
  171m|402900 |   850 | 67547k| 167.6 |   577M |  67 |1323 |6076 |4030 | 619k|  2 | 411k|  32 | 0.000000e+00 |      --      |    Inf |  89.60%
  171m|403000 |   851 | 67565k| 167.6 |   577M |  67 |1323 |6099 |   0 | 619k|  0 | 411k|  32 | 0.000000e+00 |      --      |    Inf |  89.60%
  171m|403100 |   859 | 67593k| 167.7 |   578M |  67 |1323 |6164 |4076 | 619k|  1 | 411k|  32 | 0.000000e+00 |      --      |    Inf |  89.60%
  171m|403200 |   862 | 67614k| 167.7 |   579M |  67 |1323 |6252 |4096 | 620k|  0 | 411k|  32 | 0.000000e+00 |      --      |    Inf |  89.60%
  171m|403300 |   856 | 67645k| 167.7 |   579M |  67 |1323 |6232 |4074 | 620k|  2 | 411k|  32 | 0.000000e+00 |      --      |    Inf |  89.60%
  171m|403400 |   856 | 67660k| 167.7 |   579M |  67 |1323 |6223 |4069 | 620k|  0 | 411k|  32 | 0.000000e+00 |      --      |    Inf |  89.60%
  171m|403500 |   855 | 67677k| 167.7 |   580M |  67 |1323 |6212 |4073 | 620k|  1 | 411k|  32 | 0.000000e+00 |      --      |    Inf |  89.60%
  171m|403600 |   851 | 67705k| 167.7 |   580M |  67 |1323 |6234 |4113 | 620k|  1 | 411k|  32 | 0.000000e+00 |      --      |    Inf |  89.60%
  171m|403700 |   857 | 67720k| 167.7 |   580M |  67 |1323 |6250 |2799 | 620k|  2 | 412k|  32 | 0.000000e+00 |      --      |    Inf |  89.60%
 time | node  | left  |LP iter|LP it/n|mem/heur|mdpt |vars |cons |rows |cuts |sepa|confs|strbr|  dualbound   | primalbound  |  gap   | compl. 
  171m|403800 |   855 | 67736k| 167.7 |   580M |  67 |1323 |6305 |2763 | 621k|  2 | 412k|  32 | 0.000000e+00 |      --      |    Inf |  89.60%
  171m|403900 |   851 | 67753k| 167.7 |   580M |  67 |1323 |6337 |2795 | 621k|  0 | 412k|  32 | 0.000000e+00 |      --      |    Inf |  89.60%
  171m|404000 |   851 | 67767k| 167.7 |   580M |  67 |1323 |6373 |2781 | 622k|  2 | 412k|  32 | 0.000000e+00 |      --      |    Inf |  89.60%
  171m|404100 |   852 | 67783k| 167.7 |   580M |  67 |1323 |6455 |2771 | 622k|  2 | 412k|  32 | 0.000000e+00 |      --      |    Inf |  89.60%
  171m|404200 |   855 | 67799k| 167.7 |   580M |  67 |1323 |6489 |2794 | 622k|  0 | 412k|  32 | 0.000000e+00 |      --      |    Inf |  89.60%
  171m|404300 |   849 | 67818k| 167.7 |   580M |  67 |1323 |6342 |4044 | 623k|  1 | 412k|  32 | 0.000000e+00 |      --      |    Inf |  89.60%
  171m|404400 |   849 | 67836k| 167.7 |   580M |  67 |1323 |6260 |4039 | 623k|  1 | 412k|  32 | 0.000000e+00 |      --      |    Inf |  89.60%
  171m|404500 |   843 | 67853k| 167.7 |   580M |  67 |1323 |6328 |2841 | 623k|  0 | 412k|  32 | 0.000000e+00 |      --      |    Inf |  89.60%
  171m|404600 |   849 | 67875k| 167.8 |   580M |  67 |1323 |6217 |   0 | 623k|  0 | 413k|  32 | 0.000000e+00 |      --      |    Inf |  89.60%
  171m|404700 |   871 | 67893k| 167.8 |   580M |  67 |1323 |6251 |2757 | 624k|  0 | 413k|  32 | 0.000000e+00 |      --      |    Inf |  89.60%
  171m|404800 |   896 | 67912k| 167.8 |   580M |  67 |1323 |6323 |2862 | 624k|  2 | 413k|  32 | 0.000000e+00 |      --      |    Inf |  89.60%
  172m|404900 |   908 | 67927k| 167.8 |   580M |  67 |1323 |6448 |2901 | 624k|  0 | 413k|  32 | 0.000000e+00 |      --      |    Inf |  89.60%
  172m|405000 |   904 | 67942k| 167.8 |   580M |  67 |1323 |6547 |2912 | 625k|  1 | 413k|  32 | 0.000000e+00 |      --      |    Inf |  89.60%
  172m|405100 |   907 | 67963k| 167.8 |   580M |  67 |1323 |6565 |2946 | 625k|  2 | 413k|  32 | 0.000000e+00 |      --      |    Inf |  89.60%
  172m|405200 |   910 | 67977k| 167.8 |   580M |  67 |1323 |6582 |2930 | 625k|  2 | 413k|  32 | 0.000000e+00 |      --      |    Inf |  89.60%
 time | node  | left  |LP iter|LP it/n|mem/heur|mdpt |vars |cons |rows |cuts |sepa|confs|strbr|  dualbound   | primalbound  |  gap   | compl. 
  172m|405300 |   910 | 67993k| 167.8 |   580M |  67 |1323 |6598 |2932 | 626k|  0 | 413k|  32 | 0.000000e+00 |      --      |    Inf |  89.60%
  172m|405400 |   926 | 68007k| 167.7 |   580M |  67 |1323 |6695 |   0 | 626k|  0 | 413k|  32 | 0.000000e+00 |      --      |    Inf |  89.60%
  172m|405500 |   912 | 68024k| 167.7 |   580M |  67 |1323 |6889 |3129 | 626k|  2 | 414k|  32 | 0.000000e+00 |      --      |    Inf |  89.60%
  172m|405600 |   912 | 68044k| 167.8 |   580M |  67 |1323 |7038 |3118 | 626k|  2 | 414k|  32 | 0.000000e+00 |      --      |    Inf |  89.60%
  172m|405700 |   918 | 68061k| 167.8 |   580M |  67 |1323 |7150 |3111 | 627k|  0 | 414k|  32 | 0.000000e+00 |      --      |    Inf |  89.60%
  172m|405800 |   916 | 68078k| 167.8 |   580M |  67 |1323 |7222 |3117 | 627k|  2 | 414k|  32 | 0.000000e+00 |      --      |    Inf |  89.60%
  172m|405900 |   910 | 68100k| 167.8 |   580M |  67 |1323 |7252 |3270 | 627k|  2 | 414k|  32 | 0.000000e+00 |      --      |    Inf |  89.60%
  172m|406000 |   908 | 68123k| 167.8 |   580M |  67 |1323 |7087 |2953 | 627k|  2 | 414k|  32 | 0.000000e+00 |      --      |    Inf |  89.60%
  172m|406100 |   900 | 68136k| 167.8 |   580M |  67 |1323 |6982 |2932 | 628k|  0 | 414k|  32 | 0.000000e+00 |      --      |    Inf |  89.60%
  172m|406200 |   909 | 68153k| 167.8 |   580M |  67 |1323 |6685 |3147 | 628k|  0 | 415k|  32 | 0.000000e+00 |      --      |    Inf |  89.60%
  172m|406300 |   909 | 68161k| 167.8 |   580M |  67 |1323 |6755 |3157 | 628k|  1 | 415k|  32 | 0.000000e+00 |      --      |    Inf |  89.60%
  172m|406400 |   906 | 68168k| 167.7 |   580M |  67 |1323 |6747 |3174 | 628k|  0 | 415k|  32 | 0.000000e+00 |      --      |    Inf |  89.60%
  172m|406500 |   905 | 68182k| 167.7 |   580M |  67 |1323 |6615 |2816 | 628k|  2 | 415k|  32 | 0.000000e+00 |      --      |    Inf |  89.60%
  172m|406600 |   897 | 68201k| 167.7 |   580M |  67 |1323 |6456 |2870 | 629k|  2 | 415k|  32 | 0.000000e+00 |      --      |    Inf |  89.60%
  172m|406700 |   901 | 68223k| 167.7 |   580M |  67 |1323 |6529 |   0 | 629k|  0 | 415k|  32 | 0.000000e+00 |      --      |    Inf |  89.60%
 time | node  | left  |LP iter|LP it/n|mem/heur|mdpt |vars |cons |rows |cuts |sepa|confs|strbr|  dualbound   | primalbound  |  gap   | compl. 
  172m|406800 |   905 | 68249k| 167.8 |   580M |  67 |1323 |6582 |2978 | 629k|  0 | 415k|  32 | 0.000000e+00 |      --      |    Inf |  89.60%
  172m|406900 |   898 | 68275k| 167.8 |   580M |  67 |1323 |6584 |   0 | 630k|  0 | 415k|  32 | 0.000000e+00 |      --      |    Inf |  89.60%
  172m|407000 |   904 | 68292k| 167.8 |   580M |  67 |1323 |6693 |2924 | 630k|  2 | 415k|  32 | 0.000000e+00 |      --      |    Inf |  89.60%
  172m|407100 |   907 | 68315k| 167.8 |   580M |  67 |1323 |6714 |3008 | 631k|  2 | 415k|  32 | 0.000000e+00 |      --      |    Inf |  89.60%
  172m|407200 |   897 | 68333k| 167.8 |   580M |  67 |1323 |6691 |2887 | 631k|  2 | 415k|  32 | 0.000000e+00 |      --      |    Inf |  89.60%
  172m|407300 |   890 | 68352k| 167.8 |   580M |  67 |1323 |6673 |2964 | 631k|  0 | 416k|  32 | 0.000000e+00 |      --      |    Inf |  89.60%
  173m|407400 |   888 | 68368k| 167.8 |   580M |  67 |1323 |6699 |3024 | 631k|  0 | 416k|  32 | 0.000000e+00 |      --      |    Inf |  89.60%
  173m|407500 |   881 | 68381k| 167.8 |   580M |  67 |1323 |6746 |3032 | 631k|  0 | 416k|  32 | 0.000000e+00 |      --      |    Inf |  89.60%
  173m|407600 |   886 | 68401k| 167.8 |   580M |  67 |1323 |6662 |2833 | 632k|  2 | 416k|  32 | 0.000000e+00 |      --      |    Inf |  89.60%
  173m|407700 |   884 | 68410k| 167.8 |   580M |  67 |1323 |6686 |   0 | 632k|  0 | 416k|  32 | 0.000000e+00 |      --      |    Inf |  89.60%
  173m|407800 |   877 | 68424k| 167.8 |   580M |  67 |1323 |6643 |2886 | 632k|  2 | 416k|  32 | 0.000000e+00 |      --      |    Inf |  89.60%
  173m|407900 |   892 | 68442k| 167.8 |   580M |  67 |1323 |6559 |   0 | 633k|  0 | 416k|  32 | 0.000000e+00 |      --      |    Inf |  89.60%
  173m|408000 |   904 | 68460k| 167.8 |   580M |  67 |1323 |6619 |2815 | 633k|  2 | 416k|  32 | 0.000000e+00 |      --      |    Inf |  89.60%
  173m|408100 |   900 | 68479k| 167.8 |   580M |  67 |1323 |6726 |   0 | 634k|  0 | 416k|  32 | 0.000000e+00 |      --      |    Inf |  89.60%
  173m|408200 |   898 | 68494k| 167.8 |   580M |  67 |1323 |6774 |2889 | 634k|  0 | 416k|  32 | 0.000000e+00 |      --      |    Inf |  89.60%
 time | node  | left  |LP iter|LP it/n|mem/heur|mdpt |vars |cons |rows |cuts |sepa|confs|strbr|  dualbound   | primalbound  |  gap   | compl. 
  173m|408300 |   899 | 68507k| 167.8 |   580M |  67 |1323 |6772 |2830 | 635k|  0 | 416k|  32 | 0.000000e+00 |      --      |    Inf |  89.60%
  173m|408400 |   895 | 68520k| 167.8 |   580M |  67 |1323 |6796 |2932 | 635k|  0 | 416k|  32 | 0.000000e+00 |      --      |    Inf |  89.60%
  173m|408500 |   886 | 68531k| 167.8 |   580M |  67 |1323 |6851 |2856 | 635k|  0 | 417k|  32 | 0.000000e+00 |      --      |    Inf |  89.60%
  173m|408600 |   885 | 68549k| 167.8 |   580M |  67 |1323 |6918 |2887 | 636k|  0 | 417k|  32 | 0.000000e+00 |      --      |    Inf |  89.60%
  173m|408700 |   902 | 68569k| 167.8 |   580M |  67 |1323 |6820 |2776 | 636k|  2 | 417k|  32 | 0.000000e+00 |      --      |    Inf |  89.60%
  173m|408800 |   898 | 68591k| 167.8 |   580M |  67 |1323 |6864 |   0 | 637k|  0 | 417k|  32 | 0.000000e+00 |      --      |    Inf |  89.60%
  173m|408900 |   900 | 68613k| 167.8 |   580M |  67 |1323 |6871 |2813 | 637k|  2 | 417k|  32 | 0.000000e+00 |      --      |    Inf |  89.60%
  173m|409000 |   890 | 68632k| 167.8 |   580M |  67 |1323 |6809 |2794 | 637k|  0 | 417k|  32 | 0.000000e+00 |      --      |    Inf |  89.60%
  173m|409100 |   893 | 68641k| 167.8 |   581M |  67 |1323 |6842 |2815 | 638k|  2 | 417k|  32 | 0.000000e+00 |      --      |    Inf |  89.60%
  173m|409200 |   894 | 68652k| 167.8 |   581M |  67 |1323 |6822 |   0 | 638k|  0 | 417k|  32 | 0.000000e+00 |      --      |    Inf |  89.60%
  173m|409300 |   887 | 68666k| 167.8 |   581M |  67 |1323 |6798 |2780 | 638k|  2 | 417k|  32 | 0.000000e+00 |      --      |    Inf |  89.60%
  173m|409400 |   873 | 68687k| 167.8 |   581M |  67 |1323 |6685 |3024 | 639k|  0 | 418k|  32 | 0.000000e+00 |      --      |    Inf |  89.60%
  173m|409500 |   875 | 68699k| 167.8 |   581M |  67 |1323 |6767 |3043 | 639k|  2 | 418k|  32 | 0.000000e+00 |      --      |    Inf |  89.60%
  173m|409600 |   878 | 68712k| 167.7 |   581M |  67 |1323 |6904 |3106 | 639k|  0 | 418k|  32 | 0.000000e+00 |      --      |    Inf |  89.60%
  173m|409700 |   876 | 68726k| 167.7 |   581M |  67 |1323 |6937 |3114 | 639k|  0 | 418k|  32 | 0.000000e+00 |      --      |    Inf |  89.60%
 time | node  | left  |LP iter|LP it/n|mem/heur|mdpt |vars |cons |rows |cuts |sepa|confs|strbr|  dualbound   | primalbound  |  gap   | compl. 
  173m|409800 |   868 | 68742k| 167.7 |   581M |  67 |1323 |6773 |2751 | 639k|  2 | 418k|  32 | 0.000000e+00 |      --      |    Inf |  89.60%
  173m|409900 |   880 | 68765k| 167.8 |   581M |  67 |1323 |6570 |2779 | 640k|  2 | 418k|  32 | 0.000000e+00 |      --      |    Inf |  89.60%
  173m|410000 |   889 | 68788k| 167.8 |   581M |  67 |1323 |6631 |2876 | 641k|  1 | 418k|  32 | 0.000000e+00 |      --      |    Inf |  89.60%
  173m|410100 |   888 | 68810k| 167.8 |   581M |  67 |1323 |6701 |2909 | 641k|  2 | 418k|  32 | 0.000000e+00 |      --      |    Inf |  89.60%
  174m|410200 |   881 | 68836k| 167.8 |   581M |  67 |1323 |6731 |2828 | 641k|  2 | 418k|  32 | 0.000000e+00 |      --      |    Inf |  89.60%
  174m|410300 |   874 | 68852k| 167.8 |   581M |  67 |1323 |6578 |2830 | 642k|  2 | 418k|  32 | 0.000000e+00 |      --      |    Inf |  89.60%
  174m|410400 |   875 | 68872k| 167.8 |   581M |  67 |1323 |6624 |2899 | 642k|  0 | 419k|  32 | 0.000000e+00 |      --      |    Inf |  89.60%
  174m|410500 |   860 | 68891k| 167.8 |   581M |  67 |1323 |6633 |2823 | 643k|  2 | 419k|  32 | 0.000000e+00 |      --      |    Inf |  89.60%
  174m|410600 |   851 | 68915k| 167.8 |   581M |  67 |1323 |6635 |2837 | 643k|  2 | 419k|  32 | 0.000000e+00 |      --      |    Inf |  89.60%
  174m|410700 |   855 | 68933k| 167.8 |   581M |  67 |1323 |6640 |2826 | 643k|  0 | 419k|  32 | 0.000000e+00 |      --      |    Inf |  89.60%
  174m|410800 |   853 | 68947k| 167.8 |   581M |  67 |1323 |6663 |2820 | 644k|  0 | 419k|  32 | 0.000000e+00 |      --      |    Inf |  89.60%
  174m|410900 |   861 | 68959k| 167.8 |   581M |  67 |1323 |6690 |   0 | 644k|  0 | 419k|  32 | 0.000000e+00 |      --      |    Inf |  89.60%
  174m|411000 |   853 | 68985k| 167.8 |   581M |  67 |1323 |6762 |2852 | 645k|  2 | 419k|  32 | 0.000000e+00 |      --      |    Inf |  89.60%
  174m|411100 |   858 | 69002k| 167.8 |   581M |  67 |1323 |6793 |2829 | 645k|  2 | 419k|  32 | 0.000000e+00 |      --      |    Inf |  89.60%
  174m|411200 |   857 | 69018k| 167.8 |   581M |  67 |1323 |6822 |2841 | 646k|  2 | 419k|  32 | 0.000000e+00 |      --      |    Inf |  89.60%
 time | node  | left  |LP iter|LP it/n|mem/heur|mdpt |vars |cons |rows |cuts |sepa|confs|strbr|  dualbound   | primalbound  |  gap   | compl. 
  174m|411300 |   850 | 69040k| 167.9 |   581M |  67 |1323 |6853 |2816 | 646k|  2 | 419k|  32 | 0.000000e+00 |      --      |    Inf |  89.60%
  174m|411400 |   851 | 69073k| 167.9 |   581M |  67 |1323 |6889 |3182 | 647k|  3 | 420k|  32 | 0.000000e+00 |      --      |    Inf |  89.60%
  174m|411500 |   853 | 69106k| 167.9 |   581M |  67 |1323 |7059 |3286 | 647k|  2 | 420k|  32 | 0.000000e+00 |      --      |    Inf |  89.60%
  174m|411600 |   865 | 69136k| 168.0 |   581M |  67 |1323 |7136 |3335 | 648k|  1 | 420k|  32 | 0.000000e+00 |      --      |    Inf |  89.60%
  174m|411700 |   862 | 69167k| 168.0 |   582M |  67 |1323 |7270 |3210 | 648k|  2 | 420k|  32 | 0.000000e+00 |      --      |    Inf |  89.60%
  174m|411800 |   856 | 69194k| 168.0 |   582M |  67 |1323 |7293 |3223 | 648k|  1 | 420k|  32 | 0.000000e+00 |      --      |    Inf |  89.60%
  174m|411900 |   850 | 69229k| 168.1 |   582M |  67 |1323 |7192 |3065 | 648k|  2 | 420k|  32 | 0.000000e+00 |      --      |    Inf |  89.60%
  174m|412000 |   845 | 69262k| 168.1 |   582M |  67 |1323 |6926 |2963 | 649k|  2 | 420k|  32 | 0.000000e+00 |      --      |    Inf |  89.60%
  174m|412100 |   863 | 69296k| 168.1 |   582M |  67 |1323 |6763 |2849 | 649k|  2 | 421k|  32 | 0.000000e+00 |      --      |    Inf |  89.60%
  175m|412200 |   869 | 69335k| 168.2 |   582M |  67 |1323 |6790 |3217 | 650k|  2 | 421k|  32 | 0.000000e+00 |      --      |    Inf |  89.60%
  175m|412300 |   865 | 69386k| 168.3 |   582M |  67 |1323 |6874 |3350 | 650k|  2 | 421k|  32 | 0.000000e+00 |      --      |    Inf |  89.60%
  175m|412400 |   865 | 69421k| 168.3 |   582M |  67 |1323 |7050 |3401 | 650k|  0 | 421k|  32 | 0.000000e+00 |      --      |    Inf |  89.60%
  175m|412500 |   876 | 69459k| 168.4 |   582M |  67 |1323 |7064 |2921 | 651k|  0 | 421k|  32 | 0.000000e+00 |      --      |    Inf |  89.60%
  175m|412600 |   883 | 69498k| 168.4 |   582M |  67 |1323 |7124 |2883 | 651k|  2 | 421k|  32 | 0.000000e+00 |      --      |    Inf |  89.60%
  175m|412700 |   894 | 69532k| 168.5 |   582M |  67 |1323 |7283 |   0 | 652k|  0 | 422k|  32 | 0.000000e+00 |      --      |    Inf |  89.60%
 time | node  | left  |LP iter|LP it/n|mem/heur|mdpt |vars |cons |rows |cuts |sepa|confs|strbr|  dualbound   | primalbound  |  gap   | compl. 
  175m|412800 |   873 | 69568k| 168.5 |   582M |  67 |1323 |7179 |3240 | 652k|  0 | 422k|  32 | 0.000000e+00 |      --      |    Inf |  89.60%
  175m|412900 |   873 | 69603k| 168.6 |   582M |  67 |1323 |7248 |2929 | 652k|  0 | 422k|  32 | 0.000000e+00 |      --      |    Inf |  89.60%
  175m|413000 |   862 | 69636k| 168.6 |   582M |  67 |1323 |7215 |2942 | 653k|  2 | 422k|  32 | 0.000000e+00 |      --      |    Inf |  89.60%
  175m|413100 |   872 | 69676k| 168.7 |   582M |  67 |1323 |7045 |3077 | 653k|  2 | 422k|  32 | 0.000000e+00 |      --      |    Inf |  89.60%
  175m|413200 |   866 | 69708k| 168.7 |   582M |  67 |1323 |7175 |   0 | 653k|  0 | 422k|  32 | 0.000000e+00 |      --      |    Inf |  89.60%
  175m|413300 |   865 | 69735k| 168.7 |   582M |  67 |1323 |7207 |3063 | 654k|  2 | 423k|  32 | 0.000000e+00 |      --      |    Inf |  89.60%
  175m|413400 |   886 | 69768k| 168.8 |   582M |  67 |1323 |7257 |3369 | 654k|  1 | 423k|  32 | 0.000000e+00 |      --      |    Inf |  89.60%
  175m|413500 |   886 | 69792k| 168.8 |   582M |  67 |1323 |7257 |3404 | 654k|  0 | 423k|  32 | 0.000000e+00 |      --      |    Inf |  89.60%
  175m|413600 |   881 | 69818k| 168.8 |   582M |  67 |1323 |7257 |3311 | 654k|  2 | 423k|  32 | 0.000000e+00 |      --      |    Inf |  89.60%
  176m|413700 |   893 | 69860k| 168.9 |   582M |  67 |1323 |7257 |3377 | 655k|  0 | 423k|  32 | 0.000000e+00 |      --      |    Inf |  89.60%
  176m|413800 |   891 | 69896k| 168.9 |   582M |  67 |1323 |7257 |3343 | 655k|  0 | 423k|  32 | 0.000000e+00 |      --      |    Inf |  89.60%
  176m|413900 |   899 | 69939k| 169.0 |   583M |  67 |1323 |7258 |3322 | 656k|  2 | 423k|  32 | 0.000000e+00 |      --      |    Inf |  89.60%
  176m|414000 |   902 | 69973k| 169.0 |   584M |  67 |1323 |7257 |3428 | 656k|  0 | 423k|  32 | 0.000000e+00 |      --      |    Inf |  89.60%
  176m|414100 |   886 | 70002k| 169.0 |   584M |  67 |1323 |7144 |3056 | 656k|  2 | 423k|  32 | 0.000000e+00 |      --      |    Inf |  89.60%
  176m|414200 |   908 | 70026k| 169.1 |   584M |  67 |1323 |6982 |3183 | 657k|  2 | 424k|  32 | 0.000000e+00 |      --      |    Inf |  89.60%
 time | node  | left  |LP iter|LP it/n|mem/heur|mdpt |vars |cons |rows |cuts |sepa|confs|strbr|  dualbound   | primalbound  |  gap   | compl. 
  176m|414300 |   904 | 70050k| 169.1 |   584M |  67 |1323 |6974 |3157 | 657k|  2 | 424k|  32 | 0.000000e+00 |      --      |    Inf |  89.60%
  176m|414400 |   900 | 70082k| 169.1 |   584M |  67 |1323 |7024 |3490 | 658k|  2 | 424k|  32 | 0.000000e+00 |      --      |    Inf |  89.60%
  176m|414500 |   908 | 70120k| 169.2 |   584M |  67 |1323 |7022 |2994 | 658k|  2 | 424k|  32 | 0.000000e+00 |      --      |    Inf |  89.60%
  176m|414600 |   920 | 70151k| 169.2 |   584M |  67 |1323 |7000 |3107 | 659k|  0 | 424k|  32 | 0.000000e+00 |      --      |    Inf |  89.60%
  176m|414700 |   935 | 70198k| 169.3 |   584M |  67 |1323 |7079 |3207 | 660k|  0 | 424k|  32 | 0.000000e+00 |      --      |    Inf |  89.60%
  176m|414800 |   926 | 70242k| 169.3 |   584M |  67 |1323 |7103 |3324 | 660k|  2 | 424k|  32 | 0.000000e+00 |      --      |    Inf |  89.60%
  176m|414900 |   931 | 70263k| 169.3 |   584M |  67 |1323 |7103 |3273 | 661k|  2 | 424k|  32 | 0.000000e+00 |      --      |    Inf |  89.60%
  176m|415000 |   908 | 70289k| 169.4 |   584M |  67 |1323 |7065 |3070 | 661k|  0 | 424k|  32 | 0.000000e+00 |      --      |    Inf |  89.60%
  176m|415100 |   892 | 70322k| 169.4 |   585M |  67 |1323 |7087 |   0 | 662k|  0 | 424k|  32 | 0.000000e+00 |      --      |    Inf |  89.60%
  177m|415200 |   880 | 70358k| 169.4 |   585M |  67 |1323 |6960 |2943 | 662k|  2 | 425k|  32 | 0.000000e+00 |      --      |    Inf |  89.60%
  177m|415300 |   878 | 70386k| 169.5 |   585M |  67 |1323 |6927 |3503 | 663k|  0 | 425k|  32 | 0.000000e+00 |      --      |    Inf |  89.60%
  177m|415400 |   880 | 70413k| 169.5 |   585M |  67 |1323 |7031 |3355 | 663k|  1 | 425k|  32 | 0.000000e+00 |      --      |    Inf |  89.60%
  177m|415500 |   876 | 70446k| 169.5 |   585M |  67 |1323 |7156 |3043 | 663k|  2 | 425k|  32 | 0.000000e+00 |      --      |    Inf |  89.60%
  177m|415600 |   864 | 70485k| 169.6 |   585M |  67 |1323 |7114 |2944 | 664k|  2 | 425k|  32 | 0.000000e+00 |      --      |    Inf |  89.60%
  177m|415700 |   861 | 70508k| 169.6 |   585M |  67 |1323 |7191 |   0 | 664k|  0 | 425k|  32 | 0.000000e+00 |      --      |    Inf |  89.60%
 time | node  | left  |LP iter|LP it/n|mem/heur|mdpt |vars |cons |rows |cuts |sepa|confs|strbr|  dualbound   | primalbound  |  gap   | compl. 
  177m|415800 |   855 | 70521k| 169.6 |   585M |  67 |1323 |6974 |2985 | 665k|  2 | 425k|  32 | 0.000000e+00 |      --      |    Inf |  89.60%
  177m|415900 |   854 | 70535k| 169.6 |   585M |  67 |1323 |7007 |2885 | 665k|  2 | 425k|  32 | 0.000000e+00 |      --      |    Inf |  89.60%
  177m|416000 |   858 | 70548k| 169.6 |   585M |  67 |1323 |7111 |2951 | 665k|  2 | 426k|  32 | 0.000000e+00 |      --      |    Inf |  89.60%
  177m|416100 |   856 | 70565k| 169.6 |   585M |  67 |1323 |7154 |2963 | 666k|  0 | 426k|  32 | 0.000000e+00 |      --      |    Inf |  89.60%
  177m|416200 |   852 | 70581k| 169.6 |   585M |  67 |1323 |7144 |2888 | 666k|  0 | 426k|  32 | 0.000000e+00 |      --      |    Inf |  89.60%
  177m|416300 |   846 | 70593k| 169.6 |   585M |  67 |1323 |7022 |2718 | 666k|  2 | 426k|  32 | 0.000000e+00 |      --      |    Inf |  89.60%
  177m|416400 |   849 | 70604k| 169.6 |   585M |  67 |1323 |6886 |3973 | 666k|  1 | 426k|  32 | 0.000000e+00 |      --      |    Inf |  89.60%
  177m|416500 |   847 | 70617k| 169.5 |   585M |  67 |1323 |7015 |2737 | 666k|  0 | 426k|  32 | 0.000000e+00 |      --      |    Inf |  89.60%
  177m|416600 |   851 | 70632k| 169.5 |   585M |  67 |1323 |7123 |2765 | 667k|  2 | 426k|  32 | 0.000000e+00 |      --      |    Inf |  89.60%
  177m|416700 |   858 | 70650k| 169.5 |   585M |  67 |1323 |7169 |2781 | 667k|  0 | 426k|  32 | 0.000000e+00 |      --      |    Inf |  89.60%
  177m|416800 |   852 | 70663k| 169.5 |   585M |  67 |1323 |7186 |2914 | 668k|  2 | 426k|  32 | 0.000000e+00 |      --      |    Inf |  89.60%
  177m|416900 |   859 | 70680k| 169.5 |   585M |  67 |1323 |7186 |2898 | 668k|  2 | 427k|  32 | 0.000000e+00 |      --      |    Inf |  89.60%
  177m|417000 |   854 | 70703k| 169.5 |   585M |  67 |1323 |7178 |2858 | 669k|  0 | 427k|  32 | 0.000000e+00 |      --      |    Inf |  89.60%
  177m|417100 |   855 | 70745k| 169.6 |   585M |  67 |1323 |7133 |2911 | 670k|  2 | 427k|  32 | 0.000000e+00 |      --      |    Inf |  89.60%
  177m|417200 |   853 | 70786k| 169.7 |   585M |  67 |1323 |7160 |   0 | 670k|  0 | 427k|  32 | 0.000000e+00 |      --      |    Inf |  89.60%
 time | node  | left  |LP iter|LP it/n|mem/heur|mdpt |vars |cons |rows |cuts |sepa|confs|strbr|  dualbound   | primalbound  |  gap   | compl. 
  177m|417300 |   853 | 70830k| 169.7 |   585M |  67 |1323 |7149 |2992 | 671k|  0 | 427k|  32 | 0.000000e+00 |      --      |    Inf |  89.60%
  178m|417400 |   856 | 70862k| 169.8 |   585M |  67 |1323 |7147 |3088 | 671k|  1 | 427k|  32 | 0.000000e+00 |      --      |    Inf |  89.60%
  178m|417500 |   852 | 70901k| 169.8 |   585M |  67 |1323 |7142 |3140 | 672k|  2 | 427k|  32 | 0.000000e+00 |      --      |    Inf |  89.60%
  178m|417600 |   845 | 70936k| 169.9 |   585M |  67 |1323 |7132 |3006 | 672k|  0 | 428k|  32 | 0.000000e+00 |      --      |    Inf |  89.60%
  178m|417700 |   845 | 70974k| 169.9 |   585M |  67 |1323 |7140 |3055 | 673k|  0 | 428k|  32 | 0.000000e+00 |      --      |    Inf |  89.60%
  178m|417800 |   843 | 71006k| 169.9 |   585M |  67 |1323 |7130 |2848 | 673k|  0 | 428k|  32 | 0.000000e+00 |      --      |    Inf |  89.60%
  178m|417900 |   842 | 71046k| 170.0 |   585M |  67 |1323 |7131 |2774 | 674k|  2 | 428k|  32 | 0.000000e+00 |      --      |    Inf |  89.60%
  178m|418000 |   859 | 71058k| 170.0 |   585M |  67 |1323 |7129 |2876 | 674k|  0 | 428k|  32 | 0.000000e+00 |      --      |    Inf |  89.60%
  178m|418100 |   844 | 71070k| 170.0 |   585M |  67 |1323 |7115 |2939 | 674k|  0 | 428k|  32 | 0.000000e+00 |      --      |    Inf |  89.60%
  178m|418200 |   841 | 71081k| 170.0 |   585M |  67 |1323 |7098 |2934 | 674k|  1 | 428k|  32 | 0.000000e+00 |      --      |    Inf |  89.60%
  178m|418300 |   868 | 71107k| 170.0 |   585M |  67 |1323 |7093 |2973 | 675k|  2 | 428k|  32 | 0.000000e+00 |      --      |    Inf |  89.60%
  178m|418400 |   885 | 71144k| 170.0 |   585M |  67 |1323 |7098 |3115 | 676k|  2 | 428k|  32 | 0.000000e+00 |      --      |    Inf |  89.60%
  178m|418500 |   888 | 71181k| 170.1 |   585M |  67 |1323 |7097 |3109 | 676k|  0 | 429k|  32 | 0.000000e+00 |      --      |    Inf |  89.60%
  178m|418600 |   883 | 71215k| 170.1 |   585M |  67 |1323 |7095 |3143 | 676k|  1 | 429k|  32 | 0.000000e+00 |      --      |    Inf |  89.60%
  178m|418700 |   880 | 71246k| 170.2 |   586M |  67 |1323 |7091 |3143 | 676k|  0 | 429k|  32 | 0.000000e+00 |      --      |    Inf |  89.60%
 time | node  | left  |LP iter|LP it/n|mem/heur|mdpt |vars |cons |rows |cuts |sepa|confs|strbr|  dualbound   | primalbound  |  gap   | compl. 
  178m|418800 |   869 | 71288k| 170.2 |   586M |  67 |1323 |7069 |3263 | 677k|  3 | 429k|  32 | 0.000000e+00 |      --      |    Inf |  89.60%
  178m|418900 |   881 | 71306k| 170.2 |   586M |  67 |1323 |6952 |3182 | 677k|  2 | 429k|  32 | 0.000000e+00 |      --      |    Inf |  89.60%
  178m|419000 |   871 | 71316k| 170.2 |   586M |  67 |1323 |6963 |3194 | 677k|  1 | 429k|  32 | 0.000000e+00 |      --      |    Inf |  89.60%
  178m|419100 |   868 | 71327k| 170.2 |   586M |  67 |1323 |6977 |3193 | 677k|  2 | 429k|  32 | 0.000000e+00 |      --      |    Inf |  89.60%
  178m|419200 |   866 | 71350k| 170.2 |   586M |  67 |1323 |6857 |3045 | 677k|  2 | 429k|  32 | 0.000000e+00 |      --      |    Inf |  89.60%
  178m|419300 |   863 | 71365k| 170.2 |   586M |  67 |1323 |6859 |3129 | 678k|  0 | 429k|  32 | 0.000000e+00 |      --      |    Inf |  89.60%
  179m|419400 |   874 | 71397k| 170.2 |   586M |  67 |1323 |6880 |3044 | 678k|  2 | 429k|  32 | 0.000000e+00 |      --      |    Inf |  89.60%
  179m|419500 |   868 | 71423k| 170.3 |   586M |  67 |1323 |7003 |2871 | 679k|  2 | 429k|  32 | 0.000000e+00 |      --      |    Inf |  89.60%
  179m|419600 |   873 | 71453k| 170.3 |   586M |  67 |1323 |7027 |3016 | 679k|  0 | 430k|  32 | 0.000000e+00 |      --      |    Inf |  89.60%
  179m|419700 |   861 | 71488k| 170.3 |   586M |  67 |1323 |6986 |3490 | 680k|  2 | 430k|  32 | 0.000000e+00 |      --      |    Inf |  89.60%
  179m|419800 |   856 | 71512k| 170.3 |   586M |  67 |1323 |7015 |3430 | 680k|  0 | 430k|  32 | 0.000000e+00 |      --      |    Inf |  89.60%
  179m|419900 |   862 | 71550k| 170.4 |   586M |  67 |1323 |7026 |3540 | 680k|  0 | 430k|  32 | 0.000000e+00 |      --      |    Inf |  89.60%
  179m|420000 |   861 | 71597k| 170.5 |   586M |  67 |1323 |7027 |3622 | 681k|  1 | 430k|  32 | 0.000000e+00 |      --      |    Inf |  89.60%
  179m|420100 |   861 | 71642k| 170.5 |   586M |  67 |1323 |7025 |3719 | 681k|  1 | 430k|  32 | 0.000000e+00 |      --      |    Inf |  89.60%
  179m|420200 |   865 | 71686k| 170.6 |   586M |  67 |1323 |7020 |3753 | 681k|  1 | 430k|  32 | 0.000000e+00 |      --      |    Inf |  89.60%
 time | node  | left  |LP iter|LP it/n|mem/heur|mdpt |vars |cons |rows |cuts |sepa|confs|strbr|  dualbound   | primalbound  |  gap   | compl. 
  179m|420300 |   867 | 71722k| 170.6 |   586M |  67 |1323 |7020 |3749 | 681k|  1 | 431k|  32 | 0.000000e+00 |      --      |    Inf |  89.60%
  179m|420400 |   863 | 71765k| 170.7 |   587M |  67 |1323 |6993 |3800 | 681k|  0 | 431k|  32 | 0.000000e+00 |      --      |    Inf |  89.60%
  179m|420500 |   873 | 71797k| 170.7 |   588M |  67 |1323 |6979 |3833 | 681k|  0 | 431k|  32 | 0.000000e+00 |      --      |    Inf |  89.60%
  179m|420600 |   865 | 71845k| 170.8 |   588M |  67 |1323 |6913 |3624 | 682k|  0 | 431k|  32 | 0.000000e+00 |      --      |    Inf |  89.60%
  180m|420700 |   865 | 71912k| 170.9 |   588M |  67 |1323 |6922 |3632 | 682k|  2 | 431k|  32 | 0.000000e+00 |      --      |    Inf |  89.60%
  180m|420800 |   861 | 71960k| 171.0 |   588M |  67 |1323 |7001 |3664 | 682k|  2 | 431k|  32 | 0.000000e+00 |      --      |    Inf |  89.60%
  180m|420900 |   876 | 72005k| 171.1 |   589M |  67 |1323 |7001 |3768 | 682k|  1 | 431k|  32 | 0.000000e+00 |      --      |    Inf |  89.60%
  180m|421000 |   870 | 72046k| 171.1 |   590M |  67 |1323 |6996 |3759 | 682k|  1 | 431k|  32 | 0.000000e+00 |      --      |    Inf |  89.60%
  180m|421100 |   850 | 72084k| 171.2 |   590M |  67 |1323 |6909 |3233 | 683k|  3 | 432k|  32 | 0.000000e+00 |      --      |    Inf |  89.60%
  180m|421200 |   853 | 72113k| 171.2 |   590M |  67 |1323 |6908 |   0 | 683k|  0 | 432k|  32 | 0.000000e+00 |      --      |    Inf |  89.60%
  180m|421300 |   860 | 72142k| 171.2 |   590M |  67 |1323 |6911 |3466 | 683k|  2 | 432k|  32 | 0.000000e+00 |      --      |    Inf |  89.60%
  180m|421400 |   853 | 72175k| 171.3 |   590M |  67 |1323 |6974 |3366 | 684k|  2 | 432k|  32 | 0.000000e+00 |      --      |    Inf |  89.60%
  180m|421500 |   856 | 72212k| 171.3 |   590M |  67 |1323 |6783 |3658 | 684k|  0 | 432k|  32 | 0.000000e+00 |      --      |    Inf |  89.60%
  180m|421600 |   847 | 72248k| 171.4 |   590M |  67 |1323 |6796 |3491 | 684k|  0 | 432k|  32 | 0.000000e+00 |      --      |    Inf |  89.60%
  180m|421700 |   852 | 72281k| 171.4 |   590M |  67 |1323 |6865 |3103 | 685k|  2 | 433k|  32 | 0.000000e+00 |      --      |    Inf |  89.60%
 time | node  | left  |LP iter|LP it/n|mem/heur|mdpt |vars |cons |rows |cuts |sepa|confs|strbr|  dualbound   | primalbound  |  gap   | compl. 
  180m|421800 |   858 | 72316k| 171.4 |   590M |  67 |1323 |6937 |3044 | 686k|  2 | 433k|  32 | 0.000000e+00 |      --      |    Inf |  89.60%
  180m|421900 |   866 | 72354k| 171.5 |   590M |  67 |1323 |6988 |2977 | 687k|  2 | 433k|  32 | 0.000000e+00 |      --      |    Inf |  89.60%
  181m|422000 |   865 | 72389k| 171.5 |   590M |  67 |1323 |6988 |3226 | 687k|  0 | 433k|  32 | 0.000000e+00 |      --      |    Inf |  89.60%
  181m|422100 |   867 | 72438k| 171.6 |   590M |  67 |1323 |6984 |3275 | 688k|  1 | 433k|  32 | 0.000000e+00 |      --      |    Inf |  89.60%
  181m|422200 |   855 | 72473k| 171.6 |   590M |  67 |1323 |6980 |   0 | 688k|  0 | 433k|  32 | 0.000000e+00 |      --      |    Inf |  89.60%
  181m|422300 |   855 | 72508k| 171.7 |   590M |  67 |1323 |6978 |3129 | 689k|  2 | 433k|  32 | 0.000000e+00 |      --      |    Inf |  89.60%
  181m|422400 |   850 | 72536k| 171.7 |   590M |  67 |1323 |6976 |2936 | 689k|  2 | 434k|  32 | 0.000000e+00 |      --      |    Inf |  89.60%
  181m|422500 |   852 | 72579k| 171.8 |   590M |  67 |1323 |6976 |3055 | 690k|  2 | 434k|  32 | 0.000000e+00 |      --      |    Inf |  89.60%
  181m|422600 |   855 | 72619k| 171.8 |   590M |  67 |1323 |6976 |3347 | 690k|  2 | 434k|  32 | 0.000000e+00 |      --      |    Inf |  89.60%
  181m|422700 |   847 | 72656k| 171.9 |   590M |  67 |1323 |6833 |2851 | 691k|  0 | 434k|  32 | 0.000000e+00 |      --      |    Inf |  89.60%
  181m|422800 |   852 | 72686k| 171.9 |   590M |  67 |1323 |6928 |3039 | 691k|  2 | 434k|  32 | 0.000000e+00 |      --      |    Inf |  89.60%
  181m|422900 |   861 | 72722k| 172.0 |   590M |  67 |1323 |6974 |3276 | 692k|  0 | 434k|  32 | 0.000000e+00 |      --      |    Inf |  89.60%
  181m|423000 |   861 | 72769k| 172.0 |   590M |  67 |1323 |6966 |3163 | 693k|  2 | 434k|  32 | 0.000000e+00 |      --      |    Inf |  89.60%
  181m|423100 |   855 | 72801k| 172.1 |   590M |  67 |1323 |6954 |3577 | 693k|  0 | 435k|  32 | 0.000000e+00 |      --      |    Inf |  89.60%
  181m|423200 |   846 | 72839k| 172.1 |   590M |  67 |1323 |6913 |2872 | 693k|  0 | 435k|  32 | 0.000000e+00 |      --      |    Inf |  89.60%
 time | node  | left  |LP iter|LP it/n|mem/heur|mdpt |vars |cons |rows |cuts |sepa|confs|strbr|  dualbound   | primalbound  |  gap   | compl. 
  181m|423300 |   845 | 72866k| 172.1 |   590M |  67 |1323 |6878 |2885 | 694k|  2 | 435k|  32 | 0.000000e+00 |      --      |    Inf |  89.60%
  182m|423400 |   844 | 72901k| 172.2 |   590M |  67 |1323 |6874 |3176 | 694k|  2 | 435k|  32 | 0.000000e+00 |      --      |    Inf |  89.60%
  182m|423500 |   860 | 72938k| 172.2 |   590M |  67 |1323 |6780 |2791 | 695k|  2 | 435k|  32 | 0.000000e+00 |      --      |    Inf |  89.60%
  182m|423600 |   869 | 72966k| 172.2 |   590M |  67 |1323 |6856 |2902 | 696k|  2 | 435k|  32 | 0.000000e+00 |      --      |    Inf |  89.60%
  182m|423700 |   872 | 73003k| 172.3 |   590M |  67 |1323 |6778 |3052 | 696k|  0 | 435k|  32 | 0.000000e+00 |      --      |    Inf |  89.60%
  182m|423800 |   869 | 73036k| 172.3 |   590M |  67 |1323 |6818 |2813 | 696k|  0 | 436k|  32 | 0.000000e+00 |      --      |    Inf |  89.60%
  182m|423900 |   889 | 73059k| 172.3 |   590M |  67 |1323 |6900 |3120 | 697k|  1 | 436k|  32 | 0.000000e+00 |      --      |    Inf |  89.60%
  182m|424000 |   875 | 73085k| 172.4 |   590M |  67 |1323 |6954 |3141 | 697k|  2 | 436k|  32 | 0.000000e+00 |      --      |    Inf |  89.60%
  182m|424100 |   875 | 73112k| 172.4 |   590M |  67 |1323 |6953 |3140 | 697k|  0 | 436k|  32 | 0.000000e+00 |      --      |    Inf |  89.60%
  182m|424200 |   874 | 73127k| 172.4 |   590M |  67 |1323 |6867 |2765 | 697k|  1 | 436k|  32 | 0.000000e+00 |      --      |    Inf |  89.60%
  182m|424300 |   870 | 73141k| 172.4 |   590M |  67 |1323 |6949 |   0 | 697k|  0 | 437k|  32 | 0.000000e+00 |      --      |    Inf |  89.60%
  182m|424400 |   851 | 73155k| 172.4 |   590M |  67 |1323 |6650 |   0 | 697k|  0 | 437k|  32 | 0.000000e+00 |      --      |    Inf |  89.60%
  182m|424500 |   850 | 73168k| 172.4 |   590M |  67 |1323 |6634 |2911 | 698k|  0 | 437k|  32 | 0.000000e+00 |      --      |    Inf |  89.60%
  182m|424600 |   861 | 73178k| 172.3 |   590M |  67 |1323 |6640 |2846 | 698k|  0 | 437k|  32 | 0.000000e+00 |      --      |    Inf |  89.60%
  182m|424700 |   855 | 73190k| 172.3 |   590M |  67 |1323 |6679 |2827 | 698k|  1 | 437k|  32 | 0.000000e+00 |      --      |    Inf |  89.60%
 time | node  | left  |LP iter|LP it/n|mem/heur|mdpt |vars |cons |rows |cuts |sepa|confs|strbr|  dualbound   | primalbound  |  gap   | compl. 
  182m|424800 |   851 | 73204k| 172.3 |   590M |  67 |1323 |6724 |2929 | 698k|  0 | 437k|  32 | 0.000000e+00 |      --      |    Inf |  89.60%
  182m|424900 |   857 | 73219k| 172.3 |   591M |  67 |1323 |6778 |2808 | 699k|  1 | 437k|  32 | 0.000000e+00 |      --      |    Inf |  89.60%
  182m|425000 |   848 | 73233k| 172.3 |   591M |  67 |1323 |6814 |2936 | 699k|  2 | 437k|  32 | 0.000000e+00 |      --      |    Inf |  89.60%
  182m|425100 |   850 | 73247k| 172.3 |   591M |  67 |1323 |6866 |2928 | 699k|  0 | 438k|  32 | 0.000000e+00 |      --      |    Inf |  89.60%
  182m|425200 |   849 | 73259k| 172.3 |   591M |  67 |1323 |6893 |2821 | 700k|  0 | 438k|  32 | 0.000000e+00 |      --      |    Inf |  89.60%
  182m|425300 |   851 | 73272k| 172.3 |   591M |  67 |1323 |6884 |2971 | 700k|  0 | 438k|  32 | 0.000000e+00 |      --      |    Inf |  89.60%
  182m|425400 |   855 | 73284k| 172.3 |   591M |  67 |1323 |6863 |2968 | 700k|  2 | 438k|  32 | 0.000000e+00 |      --      |    Inf |  89.60%
  182m|425500 |   851 | 73295k| 172.3 |   591M |  67 |1323 |6835 |2984 | 700k|  1 | 438k|  32 | 0.000000e+00 |      --      |    Inf |  89.60%
  182m|425600 |   851 | 73309k| 172.2 |   591M |  67 |1323 |6814 |2982 | 700k|  0 | 438k|  32 | 0.000000e+00 |      --      |    Inf |  89.60%
  182m|425700 |   848 | 73325k| 172.2 |   591M |  67 |1323 |6791 |2985 | 701k|  2 | 438k|  32 | 0.000000e+00 |      --      |    Inf |  89.60%
  182m|425800 |   845 | 73344k| 172.2 |   591M |  67 |1323 |6784 |3068 | 701k|  0 | 438k|  32 | 0.000000e+00 |      --      |    Inf |  89.60%
  182m|425900 |   853 | 73358k| 172.2 |   591M |  67 |1323 |6762 |   0 | 701k|  0 | 438k|  32 | 0.000000e+00 |      --      |    Inf |  89.60%
  183m|426000 |   841 | 73371k| 172.2 |   591M |  67 |1323 |6781 |2809 | 701k|  2 | 438k|  32 | 0.000000e+00 |      --      |    Inf |  89.60%
  183m|426100 |   841 | 73384k| 172.2 |   591M |  67 |1323 |6781 |3003 | 702k|  0 | 439k|  32 | 0.000000e+00 |      --      |    Inf |  89.60%
  183m|426200 |   836 | 73399k| 172.2 |   591M |  67 |1323 |6778 |3504 | 702k|  2 | 439k|  32 | 0.000000e+00 |      --      |    Inf |  89.61%
 time | node  | left  |LP iter|LP it/n|mem/heur|mdpt |vars |cons |rows |cuts |sepa|confs|strbr|  dualbound   | primalbound  |  gap   | compl. 
  183m|426300 |   837 | 73411k| 172.2 |   591M |  67 |1323 |6740 |   0 | 702k|  0 | 439k|  32 | 0.000000e+00 |      --      |    Inf |  89.61%
  183m|426400 |   857 | 73423k| 172.2 |   591M |  67 |1323 |6568 |3530 | 702k|  1 | 439k|  32 | 0.000000e+00 |      --      |    Inf |  89.61%
  183m|426500 |   840 | 73436k| 172.2 |   591M |  67 |1323 |6443 |3526 | 702k|  0 | 439k|  32 | 0.000000e+00 |      --      |    Inf |  89.61%
  183m|426600 |   836 | 73450k| 172.2 |   591M |  67 |1323 |6524 |3518 | 702k|  0 | 439k|  32 | 0.000000e+00 |      --      |    Inf |  89.61%
  183m|426700 |   845 | 73460k| 172.2 |   591M |  67 |1323 |6418 |2728 | 702k|  1 | 439k|  32 | 0.000000e+00 |      --      |    Inf |  89.61%
  183m|426800 |   841 | 73467k| 172.1 |   591M |  67 |1323 |6450 |2732 | 702k|  0 | 439k|  32 | 0.000000e+00 |      --      |    Inf |  89.61%
  183m|426900 |   845 | 73476k| 172.1 |   591M |  67 |1323 |6487 |2744 | 703k|  1 | 439k|  32 | 0.000000e+00 |      --      |    Inf |  89.61%
  183m|427000 |   842 | 73489k| 172.1 |   591M |  67 |1323 |6582 |2785 | 703k|  2 | 440k|  32 | 0.000000e+00 |      --      |    Inf |  89.61%
  183m|427100 |   845 | 73514k| 172.1 |   591M |  67 |1323 |6672 |2962 | 704k|  0 | 440k|  32 | 0.000000e+00 |      --      |    Inf |  89.61%
  183m|427200 |   862 | 73534k| 172.1 |   591M |  67 |1323 |6743 |2911 | 704k|  0 | 440k|  32 | 0.000000e+00 |      --      |    Inf |  89.61%
  183m|427300 |   850 | 73560k| 172.1 |   591M |  67 |1323 |6722 |   0 | 705k|  0 | 440k|  32 | 0.000000e+00 |      --      |    Inf |  89.61%
  183m|427400 |   853 | 73584k| 172.2 |   591M |  67 |1323 |6758 |2856 | 706k|  2 | 440k|  32 | 0.000000e+00 |      --      |    Inf |  89.61%
  183m|427500 |   859 | 73614k| 172.2 |   591M |  67 |1323 |6784 |   0 | 707k|  0 | 440k|  32 | 0.000000e+00 |      --      |    Inf |  89.61%
  183m|427600 |   849 | 73652k| 172.2 |   591M |  67 |1323 |6775 |   0 | 707k|  0 | 440k|  32 | 0.000000e+00 |      --      |    Inf |  89.61%
  183m|427700 |   850 | 73694k| 172.3 |   591M |  67 |1323 |6782 |3004 | 708k|  2 | 440k|  32 | 0.000000e+00 |      --      |    Inf |  89.61%
 time | node  | left  |LP iter|LP it/n|mem/heur|mdpt |vars |cons |rows |cuts |sepa|confs|strbr|  dualbound   | primalbound  |  gap   | compl. 
  183m|427800 |   852 | 73731k| 172.3 |   591M |  67 |1323 |6784 |   0 | 709k|  0 | 440k|  32 | 0.000000e+00 |      --      |    Inf |  89.61%
  183m|427900 |   845 | 73759k| 172.4 |   591M |  67 |1323 |6769 |   0 | 710k|  0 | 440k|  32 | 0.000000e+00 |      --      |    Inf |  89.61%
  183m|428000 |   842 | 73781k| 172.4 |   591M |  67 |1323 |6783 |2852 | 711k|  2 | 440k|  32 | 0.000000e+00 |      --      |    Inf |  89.61%
  183m|428100 |   847 | 73810k| 172.4 |   591M |  67 |1323 |6783 |2965 | 711k|  2 | 440k|  32 | 0.000000e+00 |      --      |    Inf |  89.61%
  183m|428200 |   841 | 73830k| 172.4 |   591M |  67 |1323 |6781 |   0 | 712k|  0 | 440k|  32 | 0.000000e+00 |      --      |    Inf |  89.61%
  183m|428300 |   852 | 73857k| 172.4 |   591M |  67 |1323 |6781 |   0 | 713k|  0 | 440k|  32 | 0.000000e+00 |      --      |    Inf |  89.61%
  183m|428400 |   845 | 73886k| 172.5 |   591M |  67 |1323 |6780 |3038 | 713k|  2 | 441k|  32 | 0.000000e+00 |      --      |    Inf |  89.61%
  184m|428500 |   849 | 73908k| 172.5 |   591M |  67 |1323 |6780 |3004 | 714k|  0 | 441k|  32 | 0.000000e+00 |      --      |    Inf |  89.61%
  184m|428600 |   847 | 73921k| 172.5 |   591M |  67 |1323 |6750 |2993 | 714k|  3 | 441k|  32 | 0.000000e+00 |      --      |    Inf |  89.61%
  184m|428700 |   838 | 73936k| 172.5 |   591M |  67 |1323 |6763 |2693 | 714k|  1 | 441k|  32 | 0.000000e+00 |      --      |    Inf |  89.61%
  184m|428800 |   851 | 73947k| 172.4 |   591M |  67 |1323 |6779 |2839 | 715k|  0 | 441k|  32 | 0.000000e+00 |      --      |    Inf |  89.61%
  184m|428900 |   846 | 73988k| 172.5 |   591M |  67 |1323 |6779 |2997 | 715k|  0 | 441k|  32 | 0.000000e+00 |      --      |    Inf |  89.61%
  184m|429000 |   856 | 74020k| 172.5 |   591M |  67 |1323 |6778 |2909 | 716k|  2 | 441k|  32 | 0.000000e+00 |      --      |    Inf |  89.61%
  184m|429100 |   850 | 74046k| 172.6 |   591M |  67 |1323 |6778 |2949 | 716k|  0 | 442k|  32 | 0.000000e+00 |      --      |    Inf |  89.61%
  184m|429200 |   854 | 74076k| 172.6 |   591M |  67 |1323 |6776 |3043 | 717k|  2 | 442k|  32 | 0.000000e+00 |      --      |    Inf |  89.61%
 time | node  | left  |LP iter|LP it/n|mem/heur|mdpt |vars |cons |rows |cuts |sepa|confs|strbr|  dualbound   | primalbound  |  gap   | compl. 
  184m|429300 |   854 | 74113k| 172.6 |   591M |  67 |1323 |6770 |3310 | 717k|  2 | 442k|  32 | 0.000000e+00 |      --      |    Inf |  89.61%
  184m|429400 |   842 | 74145k| 172.7 |   591M |  67 |1323 |6759 |2769 | 718k|  2 | 442k|  32 | 0.000000e+00 |      --      |    Inf |  89.61%
  184m|429500 |   856 | 74171k| 172.7 |   591M |  67 |1323 |6757 |2928 | 719k|  2 | 442k|  32 | 0.000000e+00 |      --      |    Inf |  89.61%
  184m|429600 |   857 | 74203k| 172.7 |   591M |  67 |1323 |6753 |2919 | 719k|  0 | 442k|  32 | 0.000000e+00 |      --      |    Inf |  89.61%
  184m|429700 |   850 | 74225k| 172.7 |   591M |  67 |1323 |6752 |2863 | 720k|  0 | 442k|  32 | 0.000000e+00 |      --      |    Inf |  89.61%
  184m|429800 |   838 | 74248k| 172.7 |   591M |  67 |1323 |6748 |2827 | 720k|  0 | 443k|  32 | 0.000000e+00 |      --      |    Inf |  89.61%
  184m|429900 |   849 | 74269k| 172.8 |   591M |  67 |1323 |6700 |2770 | 721k|  2 | 443k|  32 | 0.000000e+00 |      --      |    Inf |  89.61%
  184m|430000 |   849 | 74300k| 172.8 |   591M |  67 |1323 |6623 |3005 | 722k|  0 | 443k|  32 | 0.000000e+00 |      --      |    Inf |  89.61%
  184m|430100 |   847 | 74327k| 172.8 |   591M |  67 |1323 |6615 |2930 | 722k|  2 | 443k|  32 | 0.000000e+00 |      --      |    Inf |  89.61%
  184m|430200 |   846 | 74360k| 172.8 |   591M |  67 |1323 |6709 |2993 | 723k|  2 | 443k|  32 | 0.000000e+00 |      --      |    Inf |  89.61%
  184m|430300 |   845 | 74392k| 172.9 |   591M |  67 |1323 |6744 |2751 | 724k|  0 | 443k|  32 | 0.000000e+00 |      --      |    Inf |  89.61%
  184m|430400 |   846 | 74410k| 172.9 |   591M |  67 |1323 |6743 |2991 | 724k|  1 | 443k|  32 | 0.000000e+00 |      --      |    Inf |  89.61%
  185m|430500 |   846 | 74428k| 172.9 |   591M |  67 |1323 |6743 |2734 | 724k|  2 | 444k|  32 | 0.000000e+00 |      --      |    Inf |  89.61%
  185m|430600 |   852 | 74438k| 172.9 |   591M |  67 |1323 |6743 |2757 | 724k|  2 | 444k|  32 | 0.000000e+00 |      --      |    Inf |  89.61%
  185m|430700 |   846 | 74452k| 172.9 |   591M |  67 |1323 |6743 |2779 | 725k|  0 | 444k|  32 | 0.000000e+00 |      --      |    Inf |  89.61%
 time | node  | left  |LP iter|LP it/n|mem/heur|mdpt |vars |cons |rows |cuts |sepa|confs|strbr|  dualbound   | primalbound  |  gap   | compl. 
  185m|430800 |   858 | 74468k| 172.9 |   591M |  67 |1323 |6743 |2827 | 725k|  2 | 444k|  32 | 0.000000e+00 |      --      |    Inf |  89.61%
  185m|430900 |   850 | 74482k| 172.8 |   591M |  67 |1323 |6745 |2750 | 725k|  0 | 444k|  32 | 0.000000e+00 |      --      |    Inf |  89.61%
  185m|431000 |   855 | 74495k| 172.8 |   591M |  67 |1323 |6744 |2807 | 726k|  0 | 444k|  32 | 0.000000e+00 |      --      |    Inf |  89.61%
  185m|431100 |   860 | 74503k| 172.8 |   591M |  67 |1323 |6742 |2801 | 726k|  1 | 444k|  32 | 0.000000e+00 |      --      |    Inf |  89.61%
  185m|431200 |   842 | 74515k| 172.8 |   591M |  67 |1323 |6742 |   0 | 726k|  0 | 445k|  32 | 0.000000e+00 |      --      |    Inf |  89.61%
  185m|431300 |   860 | 74535k| 172.8 |   591M |  67 |1323 |6741 |2927 | 726k|  0 | 445k|  32 | 0.000000e+00 |      --      |    Inf |  89.61%
  185m|431400 |   854 | 74554k| 172.8 |   591M |  67 |1323 |6741 |   0 | 727k|  0 | 445k|  32 | 0.000000e+00 |      --      |    Inf |  89.61%
  185m|431500 |   855 | 74568k| 172.8 |   591M |  67 |1323 |6741 |2926 | 727k|  0 | 445k|  32 | 0.000000e+00 |      --      |    Inf |  89.61%
  185m|431600 |   844 | 74591k| 172.8 |   591M |  67 |1323 |6699 |2907 | 727k|  0 | 445k|  32 | 0.000000e+00 |      --      |    Inf |  89.61%
  185m|431700 |   841 | 74611k| 172.8 |   591M |  67 |1323 |6607 |3084 | 727k|  0 | 446k|  32 | 0.000000e+00 |      --      |    Inf |  89.61%
  185m|431800 |   837 | 74627k| 172.8 |   591M |  67 |1323 |6197 |2740 | 728k|  1 | 446k|  32 | 0.000000e+00 |      --      |    Inf |  89.61%
  185m|431900 |   838 | 74641k| 172.8 |   591M |  67 |1323 |6074 |2776 | 728k|  0 | 446k|  32 | 0.000000e+00 |      --      |    Inf |  89.61%
  185m|432000 |   863 | 74660k| 172.8 |   591M |  67 |1323 |6035 |2878 | 728k|  0 | 446k|  32 | 0.000000e+00 |      --      |    Inf |  89.61%
  185m|432100 |   852 | 74683k| 172.8 |   591M |  67 |1323 |6142 |2995 | 729k|  0 | 446k|  32 | 0.000000e+00 |      --      |    Inf |  89.61%
  185m|432200 |   865 | 74704k| 172.8 |   591M |  67 |1323 |6189 |2971 | 729k|  0 | 446k|  32 | 0.000000e+00 |      --      |    Inf |  89.61%
 time | node  | left  |LP iter|LP it/n|mem/heur|mdpt |vars |cons |rows |cuts |sepa|confs|strbr|  dualbound   | primalbound  |  gap   | compl. 
  185m|432300 |   858 | 74724k| 172.8 |   591M |  67 |1323 |6219 |2832 | 730k|  2 | 447k|  32 | 0.000000e+00 |      --      |    Inf |  89.61%
  185m|432400 |   856 | 74750k| 172.9 |   591M |  67 |1323 |6289 |2852 | 730k|  2 | 447k|  32 | 0.000000e+00 |      --      |    Inf |  89.61%
  185m|432500 |   846 | 74772k| 172.9 |   591M |  67 |1323 |6316 |2769 | 731k|  0 | 447k|  32 | 0.000000e+00 |      --      |    Inf |  89.61%
  185m|432600 |   861 | 74783k| 172.9 |   591M |  67 |1323 |6370 |2724 | 731k|  2 | 447k|  32 | 0.000000e+00 |      --      |    Inf |  89.61%
  185m|432700 |   868 | 74808k| 172.9 |   591M |  67 |1323 |6467 |2962 | 731k|  2 | 447k|  32 | 0.000000e+00 |      --      |    Inf |  89.61%
  185m|432800 |   875 | 74823k| 172.9 |   591M |  67 |1323 |6565 |2795 | 732k|  0 | 447k|  32 | 0.000000e+00 |      --      |    Inf |  89.61%
  185m|432900 |   873 | 74844k| 172.9 |   591M |  67 |1323 |6721 |2811 | 732k|  0 | 448k|  32 | 0.000000e+00 |      --      |    Inf |  89.61%
  185m|433000 |   862 | 74864k| 172.9 |   591M |  67 |1323 |6669 |2732 | 733k|  0 | 448k|  32 | 0.000000e+00 |      --      |    Inf |  89.61%
  185m|433100 |   882 | 74876k| 172.9 |   591M |  67 |1323 |6719 |2805 | 733k|  2 | 448k|  32 | 0.000000e+00 |      --      |    Inf |  89.61%
  185m|433200 |   872 | 74892k| 172.9 |   591M |  67 |1323 |6741 |2805 | 733k|  2 | 448k|  32 | 0.000000e+00 |      --      |    Inf |  89.61%
  186m|433300 |   868 | 74907k| 172.9 |   591M |  67 |1323 |6741 |2942 | 733k|  0 | 448k|  32 | 0.000000e+00 |      --      |    Inf |  89.61%
  186m|433400 |   885 | 74922k| 172.9 |   591M |  67 |1323 |6739 |2789 | 734k|  2 | 448k|  32 | 0.000000e+00 |      --      |    Inf |  89.61%
  186m|433500 |   898 | 74934k| 172.9 |   591M |  67 |1323 |6741 |2738 | 734k|  1 | 448k|  32 | 0.000000e+00 |      --      |    Inf |  89.61%
  186m|433600 |   912 | 74944k| 172.8 |   591M |  67 |1323 |6740 |2713 | 734k|  2 | 449k|  32 | 0.000000e+00 |      --      |    Inf |  89.61%
  186m|433700 |   923 | 74955k| 172.8 |   592M |  67 |1323 |6741 |2800 | 735k|  2 | 449k|  32 | 0.000000e+00 |      --      |    Inf |  89.61%
 time | node  | left  |LP iter|LP it/n|mem/heur|mdpt |vars |cons |rows |cuts |sepa|confs|strbr|  dualbound   | primalbound  |  gap   | compl. 
  186m|433800 |   914 | 74968k| 172.8 |   592M |  67 |1323 |6726 |2734 | 735k|  2 | 449k|  32 | 0.000000e+00 |      --      |    Inf |  89.61%
  186m|433900 |   919 | 74985k| 172.8 |   592M |  67 |1323 |6739 |2903 | 735k|  2 | 449k|  32 | 0.000000e+00 |      --      |    Inf |  89.61%
  186m|434000 |   915 | 75001k| 172.8 |   592M |  67 |1323 |6739 |2774 | 736k|  1 | 449k|  32 | 0.000000e+00 |      --      |    Inf |  89.61%
  186m|434100 |   925 | 75015k| 172.8 |   592M |  67 |1323 |6739 |2797 | 736k|  0 | 449k|  32 | 0.000000e+00 |      --      |    Inf |  89.61%
  186m|434200 |   911 | 75029k| 172.8 |   592M |  67 |1323 |6739 |2824 | 736k|  2 | 450k|  32 | 0.000000e+00 |      --      |    Inf |  89.61%
  186m|434300 |   909 | 75047k| 172.8 |   592M |  67 |1323 |6739 |2864 | 737k|  2 | 450k|  32 | 0.000000e+00 |      --      |    Inf |  89.61%
  186m|434400 |   920 | 75058k| 172.8 |   592M |  67 |1323 |6739 |2778 | 737k|  0 | 450k|  32 | 0.000000e+00 |      --      |    Inf |  89.61%
  186m|434500 |   941 | 75076k| 172.8 |   592M |  67 |1323 |6739 |2980 | 737k|  2 | 450k|  32 | 0.000000e+00 |      --      |    Inf |  89.61%
  186m|434600 |   929 | 75099k| 172.8 |   592M |  67 |1323 |6739 |2906 | 738k|  3 | 450k|  32 | 0.000000e+00 |      --      |    Inf |  89.61%
  186m|434700 |   924 | 75115k| 172.8 |   592M |  67 |1323 |6739 |2954 | 738k|  0 | 450k|  32 | 0.000000e+00 |      --      |    Inf |  89.61%
  186m|434800 |   927 | 75137k| 172.8 |   592M |  67 |1323 |6739 |3069 | 739k|  2 | 450k|  32 | 0.000000e+00 |      --      |    Inf |  89.61%
  186m|434900 |   928 | 75164k| 172.8 |   592M |  67 |1323 |6739 |2916 | 739k|  0 | 451k|  32 | 0.000000e+00 |      --      |    Inf |  89.61%
  186m|435000 |   921 | 75192k| 172.8 |   592M |  67 |1323 |6739 |3189 | 740k|  2 | 451k|  32 | 0.000000e+00 |      --      |    Inf |  89.61%
  186m|435100 |   926 | 75224k| 172.9 |   592M |  67 |1323 |6739 |3024 | 740k|  2 | 451k|  32 | 0.000000e+00 |      --      |    Inf |  89.61%
  186m|435200 |   933 | 75263k| 172.9 |   592M |  67 |1323 |6738 |3123 | 741k|  2 | 451k|  32 | 0.000000e+00 |      --      |    Inf |  89.61%
 time | node  | left  |LP iter|LP it/n|mem/heur|mdpt |vars |cons |rows |cuts |sepa|confs|strbr|  dualbound   | primalbound  |  gap   | compl. 
  186m|435300 |   929 | 75297k| 173.0 |   592M |  67 |1323 |6732 |3225 | 742k|  0 | 451k|  32 | 0.000000e+00 |      --      |    Inf |  89.61%
  186m|435400 |   937 | 75343k| 173.0 |   592M |  67 |1323 |6731 |3303 | 742k|  2 | 451k|  32 | 0.000000e+00 |      --      |    Inf |  89.61%
  187m|435500 |   945 | 75380k| 173.1 |   592M |  67 |1323 |6717 |3479 | 743k|  1 | 451k|  32 | 0.000000e+00 |      --      |    Inf |  89.61%
  187m|435600 |   938 | 75413k| 173.1 |   592M |  67 |1323 |6702 |3092 | 743k|  2 | 452k|  32 | 0.000000e+00 |      --      |    Inf |  89.61%
  187m|435700 |   936 | 75460k| 173.2 |   592M |  67 |1323 |6709 |3556 | 744k|  0 | 452k|  32 | 0.000000e+00 |      --      |    Inf |  89.61%
  187m|435800 |   923 | 75505k| 173.2 |   593M |  67 |1323 |6708 |3072 | 744k|  2 | 452k|  32 | 0.000000e+00 |      --      |    Inf |  89.61%
  187m|435900 |   938 | 75543k| 173.3 |   593M |  67 |1323 |6709 |3148 | 745k|  2 | 452k|  32 | 0.000000e+00 |      --      |    Inf |  89.61%
  187m|436000 |   941 | 75577k| 173.3 |   593M |  67 |1323 |6709 |3402 | 746k|  2 | 452k|  32 | 0.000000e+00 |      --      |    Inf |  89.61%
  187m|436100 |   930 | 75611k| 173.4 |   593M |  67 |1323 |6709 |3182 | 746k|  2 | 452k|  32 | 0.000000e+00 |      --      |    Inf |  89.61%
  187m|436200 |   948 | 75653k| 173.4 |   593M |  67 |1323 |6707 |3461 | 746k|  0 | 453k|  32 | 0.000000e+00 |      --      |    Inf |  89.61%
  187m|436300 |   947 | 75685k| 173.5 |   593M |  67 |1323 |6707 |3241 | 746k|  0 | 453k|  32 | 0.000000e+00 |      --      |    Inf |  89.61%
  187m|436400 |   948 | 75724k| 173.5 |   593M |  67 |1323 |6708 |3311 | 747k|  0 | 453k|  32 | 0.000000e+00 |      --      |    Inf |  89.61%
  187m|436500 |   946 | 75758k| 173.6 |   593M |  67 |1323 |6705 |3576 | 747k|  2 | 453k|  32 | 0.000000e+00 |      --      |    Inf |  89.61%
  187m|436600 |   942 | 75793k| 173.6 |   593M |  67 |1323 |6706 |3534 | 747k|  0 | 453k|  32 | 0.000000e+00 |      --      |    Inf |  89.61%
  187m|436700 |   937 | 75820k| 173.6 |   593M |  67 |1323 |6705 |2945 | 748k|  2 | 454k|  32 | 0.000000e+00 |      --      |    Inf |  89.61%
 time | node  | left  |LP iter|LP it/n|mem/heur|mdpt |vars |cons |rows |cuts |sepa|confs|strbr|  dualbound   | primalbound  |  gap   | compl. 
  187m|436800 |   948 | 75847k| 173.6 |   593M |  67 |1323 |6702 |3028 | 748k|  1 | 454k|  32 | 0.000000e+00 |      --      |    Inf |  89.61%
  187m|436900 |   944 | 75880k| 173.7 |   593M |  67 |1323 |6704 |3014 | 748k|  0 | 454k|  32 | 0.000000e+00 |      --      |    Inf |  89.61%
  188m|437000 |   944 | 75919k| 173.7 |   593M |  67 |1323 |6704 |3186 | 749k|  0 | 454k|  32 | 0.000000e+00 |      --      |    Inf |  89.61%
  188m|437100 |   948 | 75950k| 173.8 |   593M |  67 |1323 |6704 |3083 | 749k|  2 | 454k|  32 | 0.000000e+00 |      --      |    Inf |  89.61%
  188m|437200 |   944 | 75993k| 173.8 |   593M |  67 |1323 |6701 |3296 | 750k|  1 | 454k|  32 | 0.000000e+00 |      --      |    Inf |  89.61%
  188m|437300 |   940 | 76028k| 173.9 |   593M |  67 |1323 |6632 |3165 | 750k|  0 | 455k|  32 | 0.000000e+00 |      --      |    Inf |  89.61%
  188m|437400 |   943 | 76069k| 173.9 |   593M |  67 |1323 |6698 |3330 | 751k|  0 | 455k|  32 | 0.000000e+00 |      --      |    Inf |  89.61%
  188m|437500 |   940 | 76108k| 174.0 |   593M |  67 |1323 |6696 |3288 | 751k|  2 | 455k|  32 | 0.000000e+00 |      --      |    Inf |  89.61%
  188m|437600 |   936 | 76145k| 174.0 |   593M |  67 |1323 |6693 |3462 | 752k|  2 | 455k|  32 | 0.000000e+00 |      --      |    Inf |  89.61%
  188m|437700 |   950 | 76174k| 174.0 |   593M |  67 |1323 |6693 |3087 | 752k|  0 | 455k|  32 | 0.000000e+00 |      --      |    Inf |  89.61%
  188m|437800 |   937 | 76196k| 174.0 |   593M |  67 |1323 |6693 |3112 | 752k|  2 | 455k|  32 | 0.000000e+00 |      --      |    Inf |  89.61%
  188m|437900 |   932 | 76213k| 174.0 |   593M |  67 |1323 |6691 |2774 | 752k|  2 | 456k|  32 | 0.000000e+00 |      --      |    Inf |  89.61%
  188m|438000 |   934 | 76236k| 174.0 |   593M |  67 |1323 |6691 |3074 | 753k|  0 | 456k|  32 | 0.000000e+00 |      --      |    Inf |  89.61%
  188m|438100 |   935 | 76256k| 174.1 |   593M |  67 |1323 |6691 |3668 | 753k|  1 | 456k|  32 | 0.000000e+00 |      --      |    Inf |  89.61%
  188m|438200 |   933 | 76276k| 174.1 |   593M |  67 |1323 |6691 |3149 | 753k|  0 | 456k|  32 | 0.000000e+00 |      --      |    Inf |  89.61%
 time | node  | left  |LP iter|LP it/n|mem/heur|mdpt |vars |cons |rows |cuts |sepa|confs|strbr|  dualbound   | primalbound  |  gap   | compl. 
  188m|438300 |   930 | 76291k| 174.1 |   593M |  67 |1323 |6689 |2769 | 753k|  2 | 456k|  32 | 0.000000e+00 |      --      |    Inf |  89.61%
  188m|438400 |   931 | 76318k| 174.1 |   593M |  67 |1323 |6688 |3752 | 753k|  1 | 457k|  32 | 0.000000e+00 |      --      |    Inf |  89.61%
  188m|438500 |   923 | 76345k| 174.1 |   593M |  67 |1323 |6686 |2808 | 753k|  0 | 457k|  32 | 0.000000e+00 |      --      |    Inf |  89.61%
  188m|438600 |   921 | 76359k| 174.1 |   593M |  67 |1323 |6579 |2728 | 754k|  2 | 457k|  32 | 0.000000e+00 |      --      |    Inf |  89.61%
  188m|438700 |   920 | 76379k| 174.1 |   593M |  67 |1323 |6624 |3411 | 754k|  1 | 457k|  32 | 0.000000e+00 |      --      |    Inf |  89.61%
  189m|438800 |   918 | 76402k| 174.1 |   593M |  67 |1323 |6686 |3470 | 754k|  0 | 457k|  32 | 0.000000e+00 |      --      |    Inf |  89.61%
  189m|438900 |   924 | 76421k| 174.1 |   593M |  67 |1323 |6684 |3386 | 754k|  1 | 458k|  32 | 0.000000e+00 |      --      |    Inf |  89.61%
  189m|439000 |   938 | 76438k| 174.1 |   593M |  67 |1323 |6684 |3433 | 754k|  0 | 458k|  32 | 0.000000e+00 |      --      |    Inf |  89.61%
  189m|439100 |   930 | 76454k| 174.1 |   593M |  67 |1323 |6684 |3428 | 754k|  1 | 458k|  32 | 0.000000e+00 |      --      |    Inf |  89.61%
  189m|439200 |   926 | 76475k| 174.1 |   593M |  67 |1323 |6683 |3474 | 754k|  0 | 458k|  32 | 0.000000e+00 |      --      |    Inf |  89.61%
  189m|439300 |   933 | 76497k| 174.1 |   593M |  67 |1323 |6683 |3515 | 754k|  0 | 458k|  32 | 0.000000e+00 |      --      |    Inf |  89.61%
  189m|439400 |   937 | 76526k| 174.2 |   593M |  67 |1323 |6681 |3560 | 755k|  1 | 459k|  32 | 0.000000e+00 |      --      |    Inf |  89.61%
  189m|439500 |   922 | 76559k| 174.2 |   594M |  67 |1323 |6674 |3516 | 755k|  2 | 459k|  32 | 0.000000e+00 |      --      |    Inf |  89.61%
  189m|439600 |   912 | 76593k| 174.2 |   594M |  67 |1323 |6674 |2781 | 755k|  3 | 459k|  32 | 0.000000e+00 |      --      |    Inf |  89.61%
  189m|439700 |   919 | 76629k| 174.3 |   594M |  67 |1323 |6674 |3809 | 755k|  0 | 459k|  32 | 0.000000e+00 |      --      |    Inf |  89.61%
 time | node  | left  |LP iter|LP it/n|mem/heur|mdpt |vars |cons |rows |cuts |sepa|confs|strbr|  dualbound   | primalbound  |  gap   | compl. 
  189m|439800 |   917 | 76669k| 174.3 |   594M |  67 |1323 |6671 |3843 | 756k|  0 | 459k|  32 | 0.000000e+00 |      --      |    Inf |  89.61%
  189m|439900 |   907 | 76702k| 174.4 |   594M |  67 |1323 |6674 |3076 | 756k|  0 | 460k|  32 | 0.000000e+00 |      --      |    Inf |  89.61%
  189m|440000 |   911 | 76741k| 174.4 |   594M |  67 |1323 |6674 |3880 | 756k|  3 | 460k|  32 | 0.000000e+00 |      --      |    Inf |  89.61%
  189m|440100 |   903 | 76783k| 174.5 |   595M |  67 |1323 |6672 |3871 | 756k|  2 | 460k|  32 | 0.000000e+00 |      --      |    Inf |  89.61%
  189m|440200 |   911 | 76823k| 174.5 |   596M |  67 |1323 |6666 |3959 | 756k|  1 | 460k|  32 | 0.000000e+00 |      --      |    Inf |  89.61%
  190m|440300 |   904 | 76870k| 174.6 |   600M |  67 |1323 |6651 |3894 | 757k|  1 | 460k|  32 | 0.000000e+00 |      --      |    Inf |  89.61%
  190m|440400 |   902 | 76906k| 174.6 |   601M |  67 |1323 |6639 |3958 | 757k|  2 | 460k|  32 | 0.000000e+00 |      --      |    Inf |  89.61%
  190m|440500 |   908 | 76942k| 174.7 |   602M |  67 |1323 |6633 |3974 | 757k|  0 | 460k|  32 | 0.000000e+00 |      --      |    Inf |  89.61%
  190m|440600 |   904 | 76974k| 174.7 |   603M |  67 |1323 |6634 |3935 | 757k|  1 | 461k|  32 | 0.000000e+00 |      --      |    Inf |  89.61%
  190m|440700 |   906 | 77010k| 174.7 |   603M |  67 |1323 |6523 |3870 | 757k|  0 | 461k|  32 | 0.000000e+00 |      --      |    Inf |  89.61%
  190m|440800 |   892 | 77040k| 174.8 |   603M |  67 |1323 |6419 |2787 | 758k|  0 | 461k|  32 | 0.000000e+00 |      --      |    Inf |  89.61%
  190m|440900 |   885 | 77073k| 174.8 |   603M |  67 |1323 |6502 |2776 | 758k|  2 | 461k|  32 | 0.000000e+00 |      --      |    Inf |  89.61%
  190m|441000 |   876 | 77101k| 174.8 |   603M |  67 |1323 |6353 |2800 | 758k|  0 | 461k|  32 | 0.000000e+00 |      --      |    Inf |  89.61%
  190m|441100 |   868 | 77128k| 174.8 |   603M |  67 |1323 |6256 |3034 | 759k|  1 | 462k|  32 | 0.000000e+00 |      --      |    Inf |  89.61%
  190m|441200 |   866 | 77155k| 174.9 |   603M |  67 |1323 |6376 |   0 | 759k|  0 | 462k|  32 | 0.000000e+00 |      --      |    Inf |  89.61%
 time | node  | left  |LP iter|LP it/n|mem/heur|mdpt |vars |cons |rows |cuts |sepa|confs|strbr|  dualbound   | primalbound  |  gap   | compl. 
  190m|441300 |   876 | 77185k| 174.9 |   603M |  67 |1323 |6452 |2991 | 759k|  2 | 462k|  32 | 0.000000e+00 |      --      |    Inf |  89.61%
  190m|441400 |   879 | 77212k| 174.9 |   603M |  67 |1323 |6625 |3194 | 760k|  0 | 462k|  32 | 0.000000e+00 |      --      |    Inf |  89.61%
  190m|441500 |   871 | 77239k| 174.9 |   603M |  67 |1323 |6625 |3081 | 760k|  0 | 462k|  32 | 0.000000e+00 |      --      |    Inf |  89.61%
  190m|441600 |   893 | 77270k| 175.0 |   603M |  67 |1323 |6610 |3279 | 760k|  2 | 462k|  32 | 0.000000e+00 |      --      |    Inf |  89.61%
  190m|441700 |   882 | 77297k| 175.0 |   603M |  67 |1323 |6572 |   0 | 760k|  0 | 463k|  32 | 0.000000e+00 |      --      |    Inf |  89.61%
  191m|441800 |   890 | 77324k| 175.0 |   604M |  67 |1323 |6546 |3221 | 761k|  2 | 463k|  32 | 0.000000e+00 |      --      |    Inf |  89.61%
  191m|441900 |   888 | 77355k| 175.0 |   604M |  67 |1323 |6546 |3372 | 761k|  0 | 463k|  32 | 0.000000e+00 |      --      |    Inf |  89.61%
  191m|442000 |   891 | 77382k| 175.1 |   604M |  67 |1323 |6544 |3272 | 761k|  1 | 463k|  32 | 0.000000e+00 |      --      |    Inf |  89.61%
  191m|442100 |   886 | 77409k| 175.1 |   604M |  67 |1323 |6544 |   0 | 761k|  0 | 463k|  32 | 0.000000e+00 |      --      |    Inf |  89.61%
  191m|442200 |   880 | 77432k| 175.1 |   604M |  67 |1323 |6416 |3111 | 762k|  2 | 464k|  32 | 0.000000e+00 |      --      |    Inf |  89.61%
  191m|442300 |   863 | 77456k| 175.1 |   604M |  67 |1323 |6196 |   0 | 762k|  0 | 464k|  32 | 0.000000e+00 |      --      |    Inf |  89.61%
  191m|442400 |   871 | 77486k| 175.1 |   604M |  67 |1323 |6251 |3044 | 762k|  1 | 464k|  32 | 0.000000e+00 |      --      |    Inf |  89.61%
  191m|442500 |   874 | 77524k| 175.2 |   604M |  67 |1323 |6317 |3046 | 763k|  2 | 464k|  32 | 0.000000e+00 |      --      |    Inf |  89.61%
  191m|442600 |   867 | 77558k| 175.2 |   604M |  67 |1323 |6395 |3032 | 763k|  0 | 464k|  32 | 0.000000e+00 |      --      |    Inf |  89.61%
  191m|442700 |   856 | 77582k| 175.2 |   604M |  67 |1323 |6354 |2804 | 763k|  2 | 464k|  32 | 0.000000e+00 |      --      |    Inf |  89.61%
 time | node  | left  |LP iter|LP it/n|mem/heur|mdpt |vars |cons |rows |cuts |sepa|confs|strbr|  dualbound   | primalbound  |  gap   | compl. 
  191m|442800 |   856 | 77606k| 175.3 |   604M |  67 |1323 |6424 |2776 | 764k|  0 | 465k|  32 | 0.000000e+00 |      --      |    Inf |  89.61%
  191m|442900 |   842 | 77632k| 175.3 |   604M |  67 |1323 |6449 |3147 | 764k|  0 | 465k|  32 | 0.000000e+00 |      --      |    Inf |  89.61%
  191m|443000 |   854 | 77659k| 175.3 |   604M |  67 |1323 |6389 |3288 | 765k|  2 | 465k|  32 | 0.000000e+00 |      --      |    Inf |  89.61%
  191m|443100 |   870 | 77696k| 175.3 |   604M |  67 |1323 |6436 |3514 | 765k|  0 | 465k|  32 | 0.000000e+00 |      --      |    Inf |  89.61%
  191m|443200 |   870 | 77738k| 175.4 |   604M |  67 |1323 |6536 |3665 | 765k|  0 | 465k|  32 | 0.000000e+00 |      --      |    Inf |  89.61%
  192m|443300 |   882 | 77799k| 175.5 |   604M |  67 |1323 |6526 |3789 | 766k|  0 | 465k|  32 | 0.000000e+00 |      --      |    Inf |  89.61%
  192m|443400 |   884 | 77851k| 175.6 |   605M |  67 |1323 |6514 |3780 | 766k|  2 | 466k|  32 | 0.000000e+00 |      --      |    Inf |  89.61%
  192m|443500 |   885 | 77909k| 175.7 |   606M |  67 |1323 |6503 |3400 | 767k|  0 | 466k|  32 | 0.000000e+00 |      --      |    Inf |  89.61%
  192m|443600 |   864 | 77957k| 175.7 |   606M |  67 |1323 |6452 |3715 | 767k|  0 | 466k|  32 | 0.000000e+00 |      --      |    Inf |  89.61%
  192m|443700 |   861 | 78001k| 175.8 |   606M |  67 |1323 |6461 |3664 | 767k|  3 | 466k|  32 | 0.000000e+00 |      --      |    Inf |  89.61%
  192m|443800 |   848 | 78044k| 175.8 |   606M |  67 |1323 |6451 |3221 | 768k|  2 | 466k|  32 | 0.000000e+00 |      --      |    Inf |  89.61%
  192m|443900 |   856 | 78079k| 175.9 |   606M |  67 |1323 |6476 |3306 | 768k|  2 | 466k|  32 | 0.000000e+00 |      --      |    Inf |  89.61%
  192m|444000 |   857 | 78112k| 175.9 |   606M |  67 |1323 |6489 |3494 | 768k|  0 | 467k|  32 | 0.000000e+00 |      --      |    Inf |  89.61%
  192m|444100 |   859 | 78142k| 176.0 |   606M |  67 |1323 |6488 |2961 | 769k|  3 | 467k|  32 | 0.000000e+00 |      --      |    Inf |  89.61%
  193m|444200 |   859 | 78187k| 176.0 |   606M |  67 |1323 |6489 |3112 | 770k|  2 | 467k|  32 | 0.000000e+00 |      --      |    Inf |  89.61%
 time | node  | left  |LP iter|LP it/n|mem/heur|mdpt |vars |cons |rows |cuts |sepa|confs|strbr|  dualbound   | primalbound  |  gap   | compl. 
  193m|444300 |   849 | 78230k| 176.1 |   606M |  67 |1323 |6489 |3431 | 770k|  0 | 467k|  32 | 0.000000e+00 |      --      |    Inf |  89.61%
  193m|444400 |   834 | 78276k| 176.1 |   606M |  67 |1323 |6433 |2876 | 771k|  0 | 467k|  32 | 0.000000e+00 |      --      |    Inf |  89.61%
  193m|444500 |   840 | 78306k| 176.2 |   606M |  67 |1323 |6207 |3009 | 772k|  2 | 468k|  32 | 0.000000e+00 |      --      |    Inf |  89.62%
  193m|444600 |   843 | 78353k| 176.2 |   606M |  67 |1323 |6261 |3247 | 773k|  0 | 468k|  32 | 0.000000e+00 |      --      |    Inf |  89.62%
  194m|444700 |   838 | 78391k| 176.3 |   606M |  67 |1323 |6228 |2979 | 773k|  0 | 468k|  32 | 0.000000e+00 |      --      |    Inf |  89.62%
  194m|444800 |   837 | 78412k| 176.3 |   606M |  67 |1323 |6294 |2841 | 774k|  0 | 468k|  32 | 0.000000e+00 |      --      |    Inf |  89.62%
  194m|444900 |   835 | 78423k| 176.3 |   606M |  67 |1323 |6166 |2816 | 774k|  2 | 468k|  32 | 0.000000e+00 |      --      |    Inf |  89.62%
  194m|445000 |   838 | 78437k| 176.3 |   606M |  67 |1323 |6146 |3379 | 774k|  1 | 468k|  32 | 0.000000e+00 |      --      |    Inf |  89.62%
  194m|445100 |   854 | 78455k| 176.3 |   606M |  67 |1323 |6229 |3394 | 774k|  0 | 469k|  32 | 0.000000e+00 |      --      |    Inf |  89.62%
  194m|445200 |   842 | 78472k| 176.3 |   606M |  67 |1323 |6329 |3387 | 774k|  1 | 469k|  32 | 0.000000e+00 |      --      |    Inf |  89.62%
  194m|445300 |   842 | 78487k| 176.3 |   606M |  67 |1323 |6370 |3388 | 774k|  2 | 469k|  32 | 0.000000e+00 |      --      |    Inf |  89.62%
  194m|445400 |   838 | 78500k| 176.2 |   606M |  67 |1323 |6315 |3383 | 774k|  1 | 469k|  32 | 0.000000e+00 |      --      |    Inf |  89.62%
  194m|445500 |   829 | 78515k| 176.2 |   606M |  67 |1323 |6218 |4175 | 774k|  0 | 469k|  32 | 0.000000e+00 |      --      |    Inf |  89.62%
  194m|445600 |   828 | 78528k| 176.2 |   606M |  67 |1323 |5964 |3168 | 774k|  0 | 469k|  32 | 0.000000e+00 |      --      |    Inf |  89.62%
  194m|445700 |   838 | 78539k| 176.2 |   606M |  67 |1323 |5761 |2815 | 774k|  2 | 469k|  32 | 0.000000e+00 |      --      |    Inf |  89.62%
 time | node  | left  |LP iter|LP it/n|mem/heur|mdpt |vars |cons |rows |cuts |sepa|confs|strbr|  dualbound   | primalbound  |  gap   | compl. 
  194m|445800 |   840 | 78550k| 176.2 |   606M |  67 |1323 |5702 |3082 | 774k|  0 | 470k|  32 | 0.000000e+00 |      --      |    Inf |  89.62%
  194m|445900 |   830 | 78564k| 176.2 |   606M |  67 |1323 |5588 |2816 | 774k|  2 | 470k|  32 | 0.000000e+00 |      --      |    Inf |  89.65%
  194m|446000 |   826 | 78577k| 176.2 |   606M |  67 |1323 |5332 |2841 | 774k|  0 | 470k|  32 | 0.000000e+00 |      --      |    Inf |  89.67%
  194m|446100 |   817 | 78593k| 176.2 |   606M |  67 |1323 |5101 |2780 | 774k|  2 | 470k|  32 | 0.000000e+00 |      --      |    Inf |  89.67%
  194m|446200 |   822 | 78603k| 176.2 |   606M |  67 |1323 |5059 |3727 | 775k|  2 | 470k|  32 | 0.000000e+00 |      --      |    Inf |  89.67%
  194m|446300 |   820 | 78614k| 176.1 |   606M |  67 |1323 |5036 |   0 | 775k|  0 | 470k|  32 | 0.000000e+00 |      --      |    Inf |  89.67%
  194m|446400 |   810 | 78628k| 176.1 |   606M |  67 |1323 |4923 |3448 | 775k|  1 | 470k|  32 | 0.000000e+00 |      --      |    Inf |  89.67%
  194m|446500 |   806 | 78640k| 176.1 |   606M |  67 |1323 |4884 |3046 | 775k|  0 | 470k|  32 | 0.000000e+00 |      --      |    Inf |  89.67%
  194m|446600 |   806 | 78657k| 176.1 |   606M |  67 |1323 |4925 |3671 | 775k|  1 | 470k|  32 | 0.000000e+00 |      --      |    Inf |  89.67%
  194m|446700 |   808 | 78672k| 176.1 |   606M |  67 |1323 |4988 |3643 | 775k|  3 | 470k|  32 | 0.000000e+00 |      --      |    Inf |  89.67%
  195m|446800 |   800 | 78690k| 176.1 |   606M |  67 |1323 |5024 |3125 | 775k|  0 | 471k|  32 | 0.000000e+00 |      --      |    Inf |  89.67%
  195m|446900 |   792 | 78704k| 176.1 |   606M |  67 |1323 |4874 |3392 | 775k|  0 | 471k|  32 | 0.000000e+00 |      --      |    Inf |  89.71%
  195m|447000 |   798 | 78720k| 176.1 |   606M |  67 |1323 |4875 |3511 | 775k|  1 | 471k|  32 | 0.000000e+00 |      --      |    Inf |  89.71%
  195m|447100 |   794 | 78736k| 176.1 |   606M |  67 |1323 |4892 |3362 | 775k|  1 | 471k|  32 | 0.000000e+00 |      --      |    Inf |  89.71%
  195m|447200 |   784 | 78750k| 176.1 |   606M |  67 |1323 |4779 |2928 | 775k|  1 | 471k|  32 | 0.000000e+00 |      --      |    Inf |  89.72%
 time | node  | left  |LP iter|LP it/n|mem/heur|mdpt |vars |cons |rows |cuts |sepa|confs|strbr|  dualbound   | primalbound  |  gap   | compl. 
  195m|447300 |   786 | 78762k| 176.1 |   606M |  67 |1323 |4628 |3491 | 775k|  1 | 471k|  32 | 0.000000e+00 |      --      |    Inf |  89.74%
  195m|447400 |   782 | 78777k| 176.1 |   606M |  67 |1323 |4431 |2937 | 775k|  0 | 471k|  32 | 0.000000e+00 |      --      |    Inf |  89.75%
  195m|447500 |   778 | 78792k| 176.1 |   606M |  67 |1323 |4429 |3044 | 775k|  2 | 471k|  32 | 0.000000e+00 |      --      |    Inf |  89.75%
  195m|447600 |   772 | 78804k| 176.1 |   606M |  67 |1323 |4461 |2709 | 775k|  0 | 471k|  32 | 0.000000e+00 |      --      |    Inf |  89.75%
  195m|447700 |   767 | 78825k| 176.1 |   606M |  67 |1323 |4446 |3244 | 776k|  0 | 471k|  32 | 0.000000e+00 |      --      |    Inf |  89.75%
  195m|447800 |   767 | 78850k| 176.1 |   606M |  67 |1323 |4461 |3676 | 776k|  1 | 472k|  32 | 0.000000e+00 |      --      |    Inf |  89.76%
  195m|447900 |   769 | 78871k| 176.1 |   606M |  67 |1323 |4446 |3156 | 776k|  0 | 472k|  32 | 0.000000e+00 |      --      |    Inf |  89.76%
  195m|448000 |   774 | 78897k| 176.1 |   606M |  67 |1323 |4521 |2753 | 776k|  2 | 472k|  32 | 0.000000e+00 |      --      |    Inf |  89.76%
  195m|448100 |   772 | 78919k| 176.1 |   606M |  67 |1323 |4588 |2779 | 777k|  2 | 472k|  32 | 0.000000e+00 |      --      |    Inf |  89.76%
  195m|448200 |   766 | 78944k| 176.1 |   606M |  67 |1323 |4570 |2698 | 777k|  0 | 472k|  32 | 0.000000e+00 |      --      |    Inf |  89.76%
  195m|448300 |   772 | 78965k| 176.1 |   606M |  67 |1323 |4542 |2789 | 777k|  0 | 472k|  32 | 0.000000e+00 |      --      |    Inf |  89.76%
  195m|448400 |   795 | 78995k| 176.2 |   606M |  67 |1323 |4550 |2926 | 778k|  2 | 472k|  32 | 0.000000e+00 |      --      |    Inf |  89.77%
  195m|448500 |   790 | 79029k| 176.2 |   606M |  67 |1323 |4672 |2977 | 778k|  0 | 472k|  32 | 0.000000e+00 |      --      |    Inf |  89.77%
  195m|448600 |   781 | 79057k| 176.2 |   606M |  67 |1323 |4735 |3058 | 778k|  2 | 472k|  32 | 0.000000e+00 |      --      |    Inf |  89.77%
  195m|448700 |   771 | 79099k| 176.3 |   606M |  67 |1323 |4795 |2742 | 778k|  2 | 472k|  32 | 0.000000e+00 |      --      |    Inf |  89.78%
 time | node  | left  |LP iter|LP it/n|mem/heur|mdpt |vars |cons |rows |cuts |sepa|confs|strbr|  dualbound   | primalbound  |  gap   | compl. 
  195m|448800 |   770 | 79122k| 176.3 |   606M |  67 |1323 |4863 |4326 | 778k|  1 | 472k|  32 | 0.000000e+00 |      --      |    Inf |  89.78%
  195m|448900 |   766 | 79148k| 176.3 |   606M |  67 |1323 |4822 |3099 | 778k|  2 | 473k|  32 | 0.000000e+00 |      --      |    Inf |  89.78%
  195m|449000 |   769 | 79178k| 176.3 |   606M |  67 |1323 |4779 |4345 | 779k|  1 | 473k|  32 | 0.000000e+00 |      --      |    Inf |  89.80%
  195m|449100 |   775 | 79212k| 176.4 |   606M |  67 |1323 |4781 |2789 | 779k|  2 | 473k|  32 | 0.000000e+00 |      --      |    Inf |  89.81%
  196m|449200 |   767 | 79247k| 176.4 |   606M |  67 |1323 |4718 |3348 | 779k|  2 | 473k|  32 | 0.000000e+00 |      --      |    Inf |  89.83%
  196m|449300 |   761 | 79272k| 176.4 |   606M |  67 |1323 |4715 |2788 | 779k|  2 | 473k|  32 | 0.000000e+00 |      --      |    Inf |  89.83%
  196m|449400 |   769 | 79297k| 176.4 |   606M |  67 |1323 |4621 |3644 | 780k|  0 | 473k|  32 | 0.000000e+00 |      --      |    Inf |  89.87%
  196m|449500 |   763 | 79320k| 176.5 |   606M |  67 |1323 |4732 |3620 | 780k|  0 | 473k|  32 | 0.000000e+00 |      --      |    Inf |  89.87%
  196m|449600 |   762 | 79332k| 176.4 |   606M |  67 |1323 |4764 |3633 | 780k|  0 | 473k|  32 | 0.000000e+00 |      --      |    Inf |  89.87%
  196m|449700 |   761 | 79349k| 176.4 |   606M |  67 |1323 |4805 |3123 | 780k|  2 | 473k|  32 | 0.000000e+00 |      --      |    Inf |  89.87%
  196m|449800 |   767 | 79365k| 176.4 |   606M |  67 |1323 |4857 |3597 | 780k|  1 | 474k|  32 | 0.000000e+00 |      --      |    Inf |  89.87%
  196m|449900 |   769 | 79378k| 176.4 |   606M |  67 |1323 |5001 |   0 | 780k|  0 | 474k|  32 | 0.000000e+00 |      --      |    Inf |  89.87%
  196m|450000 |   755 | 79392k| 176.4 |   606M |  67 |1323 |5003 |2739 | 780k|  0 | 474k|  32 | 0.000000e+00 |      --      |    Inf |  89.87%
  196m|450100 |   757 | 79402k| 176.4 |   606M |  67 |1323 |5050 |2753 | 780k|  2 | 474k|  32 | 0.000000e+00 |      --      |    Inf |  89.87%
  196m|450200 |   760 | 79415k| 176.4 |   606M |  67 |1323 |5103 |2812 | 780k|  1 | 474k|  32 | 0.000000e+00 |      --      |    Inf |  89.87%
 time | node  | left  |LP iter|LP it/n|mem/heur|mdpt |vars |cons |rows |cuts |sepa|confs|strbr|  dualbound   | primalbound  |  gap   | compl. 
  196m|450300 |   756 | 79428k| 176.4 |   606M |  67 |1323 |5061 |2758 | 780k|  2 | 474k|  32 | 0.000000e+00 |      --      |    Inf |  89.88%
  196m|450400 |   746 | 79441k| 176.4 |   606M |  67 |1323 |4960 |2819 | 780k|  1 | 474k|  32 | 0.000000e+00 |      --      |    Inf |  89.90%
  196m|450500 |   738 | 79455k| 176.4 |   606M |  67 |1323 |4832 |3041 | 781k|  2 | 474k|  32 | 0.000000e+00 |      --      |    Inf |  89.95%
  196m|450600 |   750 | 79465k| 176.3 |   607M |  67 |1323 |4709 |   0 | 781k|  0 | 474k|  32 | 0.000000e+00 |      --      |    Inf |  89.95%
  196m|450700 |   747 | 79473k| 176.3 |   607M |  67 |1323 |4756 |2814 | 781k|  1 | 474k|  32 | 0.000000e+00 |      --      |    Inf |  89.95%
  196m|450800 |   749 | 79483k| 176.3 |   607M |  67 |1323 |4870 |2828 | 781k|  0 | 475k|  32 | 0.000000e+00 |      --      |    Inf |  89.95%
  196m|450900 |   746 | 79493k| 176.3 |   607M |  67 |1323 |4971 |2835 | 781k|  2 | 475k|  32 | 0.000000e+00 |      --      |    Inf |  89.95%
  196m|451000 |   743 | 79505k| 176.3 |   607M |  67 |1323 |5087 |2835 | 781k|  0 | 475k|  32 | 0.000000e+00 |      --      |    Inf |  89.95%
  196m|451100 |   753 | 79516k| 176.3 |   607M |  67 |1323 |5086 |3152 | 781k|  0 | 475k|  32 | 0.000000e+00 |      --      |    Inf |  89.95%
  196m|451200 |   750 | 79528k| 176.3 |   607M |  67 |1323 |5112 |2823 | 781k|  2 | 475k|  32 | 0.000000e+00 |      --      |    Inf |  89.95%
  196m|451300 |   752 | 79538k| 176.2 |   607M |  67 |1323 |5203 |2850 | 781k|  2 | 475k|  32 | 0.000000e+00 |      --      |    Inf |  89.95%
  196m|451400 |   739 | 79552k| 176.2 |   607M |  67 |1323 |5171 |4301 | 781k|  0 | 475k|  32 | 0.000000e+00 |      --      |    Inf |  89.95%
  196m|451500 |   739 | 79569k| 176.2 |   607M |  67 |1323 |5068 |3258 | 781k|  0 | 475k|  32 | 0.000000e+00 |      --      |    Inf |  89.95%
  196m|451600 |   733 | 79583k| 176.2 |   607M |  67 |1323 |5051 |2716 | 781k|  0 | 476k|  32 | 0.000000e+00 |      --      |    Inf |  89.95%
  196m|451700 |   729 | 79600k| 176.2 |   607M |  67 |1323 |5058 |2938 | 781k|  2 | 476k|  32 | 0.000000e+00 |      --      |    Inf |  89.96%
 time | node  | left  |LP iter|LP it/n|mem/heur|mdpt |vars |cons |rows |cuts |sepa|confs|strbr|  dualbound   | primalbound  |  gap   | compl. 
  196m|451800 |   739 | 79610k| 176.2 |   607M |  67 |1323 |5089 |3817 | 782k|  1 | 476k|  32 | 0.000000e+00 |      --      |    Inf |  89.96%
  196m|451900 |   735 | 79623k| 176.2 |   607M |  67 |1323 |5117 |3616 | 782k|  1 | 476k|  32 | 0.000000e+00 |      --      |    Inf |  89.98%
  196m|452000 |   727 | 79633k| 176.2 |   607M |  67 |1323 |5189 |3597 | 782k|  1 | 476k|  32 | 0.000000e+00 |      --      |    Inf |  89.98%
  196m|452100 |   741 | 79644k| 176.2 |   607M |  67 |1323 |5188 |3023 | 782k|  2 | 476k|  32 | 0.000000e+00 |      --      |    Inf |  89.98%
  196m|452200 |   728 | 79654k| 176.1 |   607M |  67 |1323 |5281 |3006 | 782k|  2 | 476k|  32 | 0.000000e+00 |      --      |    Inf |  89.98%
  196m|452300 |   724 | 79665k| 176.1 |   607M |  67 |1323 |5412 |3010 | 782k|  1 | 476k|  32 | 0.000000e+00 |      --      |    Inf |  89.98%
  196m|452400 |   723 | 79674k| 176.1 |   607M |  67 |1323 |5443 |3001 | 782k|  0 | 476k|  32 | 0.000000e+00 |      --      |    Inf |  90.00%
  196m|452500 |   734 | 79683k| 176.1 |   607M |  67 |1323 |5405 |3030 | 782k|  0 | 476k|  32 | 0.000000e+00 |      --      |    Inf |  90.02%
  196m|452600 |   726 | 79693k| 176.1 |   607M |  67 |1323 |5437 |3055 | 782k|  2 | 477k|  32 | 0.000000e+00 |      --      |    Inf |  90.03%
  196m|452700 |   720 | 79703k| 176.1 |   607M |  67 |1323 |5394 |4289 | 782k|  0 | 477k|  32 | 0.000000e+00 |      --      |    Inf |  90.03%
  197m|452800 |   722 | 79713k| 176.0 |   607M |  67 |1323 |5400 |   0 | 782k|  0 | 477k|  32 | 0.000000e+00 |      --      |    Inf |  90.04%
  197m|452900 |   715 | 79727k| 176.0 |   607M |  67 |1323 |5295 |3887 | 782k|  0 | 477k|  32 | 0.000000e+00 |      --      |    Inf |  90.43%
  197m|453000 |   707 | 79743k| 176.0 |   607M |  67 |1323 |5157 |3212 | 782k|  0 | 477k|  32 | 0.000000e+00 |      --      |    Inf |  90.45%
  197m|453100 |   706 | 79752k| 176.0 |   607M |  67 |1323 |5082 |3923 | 782k|  0 | 477k|  32 | 0.000000e+00 |      --      |    Inf |  90.47%
  197m|453200 |   706 | 79766k| 176.0 |   607M |  67 |1323 |5167 |3959 | 782k|  0 | 477k|  32 | 0.000000e+00 |      --      |    Inf |  90.47%
 time | node  | left  |LP iter|LP it/n|mem/heur|mdpt |vars |cons |rows |cuts |sepa|confs|strbr|  dualbound   | primalbound  |  gap   | compl. 
  197m|453300 |   704 | 79784k| 176.0 |   607M |  67 |1323 |5263 |3925 | 782k|  1 | 477k|  32 | 0.000000e+00 |      --      |    Inf |  90.47%
  197m|453400 |   719 | 79799k| 176.0 |   607M |  67 |1323 |5272 |3934 | 782k|  2 | 477k|  32 | 0.000000e+00 |      --      |    Inf |  90.47%
  197m|453500 |   710 | 79840k| 176.0 |   607M |  67 |1323 |5276 |2707 | 783k|  0 | 477k|  32 | 0.000000e+00 |      --      |    Inf |  90.47%
  197m|453600 |   710 | 79864k| 176.1 |   607M |  67 |1323 |5162 |2827 | 783k|  0 | 478k|  32 | 0.000000e+00 |      --      |    Inf |  90.49%
  197m|453700 |   720 | 79891k| 176.1 |   607M |  67 |1323 |5237 |2892 | 783k|  3 | 478k|  32 | 0.000000e+00 |      --      |    Inf |  90.49%
  197m|453800 |   719 | 79921k| 176.1 |   607M |  67 |1323 |5324 |2876 | 784k|  0 | 478k|  32 | 0.000000e+00 |      --      |    Inf |  90.49%
  197m|453900 |   718 | 79942k| 176.1 |   607M |  67 |1323 |5395 |2829 | 784k|  2 | 478k|  32 | 0.000000e+00 |      --      |    Inf |  90.49%
  197m|454000 |   715 | 79960k| 176.1 |   607M |  67 |1323 |5485 |2889 | 784k|  0 | 478k|  32 | 0.000000e+00 |      --      |    Inf |  90.49%
  197m|454100 |   711 | 79979k| 176.1 |   607M |  67 |1323 |5577 |2748 | 785k|  2 | 478k|  32 | 0.000000e+00 |      --      |    Inf |  90.49%
  197m|454200 |   722 | 80002k| 176.1 |   607M |  67 |1323 |5657 |2924 | 785k|  2 | 478k|  32 | 0.000000e+00 |      --      |    Inf |  90.49%
  197m|454300 |   717 | 80030k| 176.2 |   607M |  67 |1323 |5764 |2887 | 785k|  2 | 478k|  32 | 0.000000e+00 |      --      |    Inf |  90.49%
  197m|454400 |   714 | 80054k| 176.2 |   607M |  67 |1323 |5866 |2851 | 786k|  1 | 478k|  32 | 0.000000e+00 |      --      |    Inf |  90.49%
  197m|454500 |   718 | 80073k| 176.2 |   607M |  67 |1323 |5909 |3047 | 786k|  2 | 478k|  32 | 0.000000e+00 |      --      |    Inf |  90.49%
  197m|454600 |   710 | 80102k| 176.2 |   607M |  67 |1323 |5989 |3030 | 786k|  3 | 479k|  32 | 0.000000e+00 |      --      |    Inf |  90.49%
  197m|454700 |   708 | 80121k| 176.2 |   607M |  67 |1323 |6061 |2948 | 787k|  0 | 479k|  32 | 0.000000e+00 |      --      |    Inf |  90.49%
 time | node  | left  |LP iter|LP it/n|mem/heur|mdpt |vars |cons |rows |cuts |sepa|confs|strbr|  dualbound   | primalbound  |  gap   | compl. 
  197m|454800 |   726 | 80141k| 176.2 |   607M |  67 |1323 |6139 |3000 | 787k|  2 | 479k|  32 | 0.000000e+00 |      --      |    Inf |  90.49%
  197m|454900 |   709 | 80159k| 176.2 |   607M |  67 |1323 |6240 |3011 | 787k|  0 | 479k|  32 | 0.000000e+00 |      --      |    Inf |  90.49%
  197m|455000 |   712 | 80174k| 176.2 |   607M |  67 |1323 |6283 |2836 | 787k|  2 | 479k|  32 | 0.000000e+00 |      --      |    Inf |  90.49%
  198m|455100 |   730 | 80191k| 176.2 |   607M |  67 |1323 |6336 |2830 | 788k|  0 | 479k|  32 | 0.000000e+00 |      --      |    Inf |  90.49%
  198m|455200 |   721 | 80212k| 176.2 |   607M |  67 |1323 |6414 |2889 | 788k|  3 | 479k|  32 | 0.000000e+00 |      --      |    Inf |  90.49%
  198m|455300 |   739 | 80232k| 176.2 |   607M |  67 |1323 |6476 |2920 | 788k|  0 | 479k|  32 | 0.000000e+00 |      --      |    Inf |  90.49%
  198m|455400 |   724 | 80255k| 176.2 |   607M |  67 |1323 |6474 |3026 | 788k|  0 | 479k|  32 | 0.000000e+00 |      --      |    Inf |  90.49%
  198m|455500 |   724 | 80274k| 176.2 |   607M |  67 |1323 |6476 |2897 | 788k|  0 | 479k|  32 | 0.000000e+00 |      --      |    Inf |  90.49%
  198m|455600 |   722 | 80296k| 176.2 |   607M |  67 |1323 |6476 |3181 | 789k|  1 | 480k|  32 | 0.000000e+00 |      --      |    Inf |  90.49%
  198m|455700 |   730 | 80314k| 176.2 |   607M |  67 |1323 |6476 |2930 | 789k|  0 | 480k|  32 | 0.000000e+00 |      --      |    Inf |  90.49%
  198m|455800 |   729 | 80337k| 176.2 |   607M |  67 |1323 |6476 |2927 | 789k|  2 | 480k|  32 | 0.000000e+00 |      --      |    Inf |  90.49%
  198m|455900 |   715 | 80361k| 176.3 |   607M |  67 |1323 |6464 |3297 | 790k|  1 | 480k|  32 | 0.000000e+00 |      --      |    Inf |  90.49%
  198m|456000 |   721 | 80378k| 176.3 |   607M |  67 |1323 |6476 |3300 | 790k|  0 | 480k|  32 | 0.000000e+00 |      --      |    Inf |  90.49%
  198m|456100 |   715 | 80395k| 176.3 |   607M |  67 |1323 |6477 |3271 | 790k|  0 | 480k|  32 | 0.000000e+00 |      --      |    Inf |  90.49%
  198m|456200 |   702 | 80418k| 176.3 |   607M |  67 |1323 |6477 |3959 | 790k|  1 | 480k|  32 | 0.000000e+00 |      --      |    Inf |  90.49%
 time | node  | left  |LP iter|LP it/n|mem/heur|mdpt |vars |cons |rows |cuts |sepa|confs|strbr|  dualbound   | primalbound  |  gap   | compl. 
  198m|456300 |   692 | 80446k| 176.3 |   607M |  67 |1323 |6331 |2782 | 790k|  2 | 480k|  32 | 0.000000e+00 |      --      |    Inf |  90.50%
  198m|456400 |   692 | 80469k| 176.3 |   607M |  67 |1323 |6313 |2882 | 790k|  0 | 480k|  32 | 0.000000e+00 |      --      |    Inf |  90.50%
  198m|456500 |   688 | 80493k| 176.3 |   607M |  67 |1323 |6354 |3087 | 790k|  2 | 481k|  32 | 0.000000e+00 |      --      |    Inf |  90.51%
  198m|456600 |   696 | 80519k| 176.3 |   607M |  67 |1323 |6266 |2814 | 791k|  1 | 481k|  32 | 0.000000e+00 |      --      |    Inf |  90.52%
  198m|456700 |   688 | 80545k| 176.4 |   607M |  67 |1323 |6076 |3685 | 791k|  0 | 481k|  32 | 0.000000e+00 |      --      |    Inf |  90.82%
  198m|456800 |   681 | 80574k| 176.4 |   607M |  67 |1323 |5832 |2758 | 791k|  0 | 481k|  32 | 0.000000e+00 |      --      |    Inf |  90.82%
  198m|456900 |   697 | 80600k| 176.4 |   607M |  67 |1323 |5555 |3122 | 791k|  2 | 481k|  32 | 0.000000e+00 |      --      |    Inf |  90.86%
  198m|457000 |   683 | 80630k| 176.4 |   607M |  67 |1323 |5593 |3906 | 791k|  1 | 481k|  32 | 0.000000e+00 |      --      |    Inf |  90.88%
  198m|457100 |   682 | 80652k| 176.4 |   607M |  67 |1323 |5571 |3006 | 791k|  0 | 481k|  32 | 0.000000e+00 |      --      |    Inf |  90.88%
  199m|457200 |   683 | 80679k| 176.5 |   607M |  67 |1323 |5494 |3952 | 792k|  1 | 481k|  32 | 0.000000e+00 |      --      |    Inf |  90.88%
  199m|457300 |   678 | 80701k| 176.5 |   607M |  67 |1323 |5398 |3213 | 792k|  0 | 481k|  32 | 0.000000e+00 |      --      |    Inf |  90.88%
  199m|457400 |   680 | 80727k| 176.5 |   607M |  67 |1323 |5287 |2836 | 792k|  0 | 481k|  32 | 0.000000e+00 |      --      |    Inf |  90.88%
  199m|457500 |   682 | 80749k| 176.5 |   607M |  67 |1323 |5385 |2835 | 792k|  0 | 482k|  32 | 0.000000e+00 |      --      |    Inf |  90.88%
  199m|457600 |   675 | 80771k| 176.5 |   607M |  67 |1323 |5345 |3610 | 792k|  1 | 482k|  32 | 0.000000e+00 |      --      |    Inf |  90.89%
  199m|457700 |   669 | 80800k| 176.5 |   607M |  67 |1323 |5269 |3615 | 792k|  2 | 482k|  32 | 0.000000e+00 |      --      |    Inf |  90.89%
 time | node  | left  |LP iter|LP it/n|mem/heur|mdpt |vars |cons |rows |cuts |sepa|confs|strbr|  dualbound   | primalbound  |  gap   | compl. 
  199m|457800 |   671 | 80822k| 176.5 |   607M |  67 |1323 |5238 |3166 | 792k|  0 | 482k|  32 | 0.000000e+00 |      --      |    Inf |  90.89%
  199m|457900 |   671 | 80845k| 176.6 |   607M |  67 |1323 |5181 |2786 | 792k|  2 | 482k|  32 | 0.000000e+00 |      --      |    Inf |  90.90%
  199m|458000 |   678 | 80857k| 176.5 |   607M |  67 |1323 |5231 |2811 | 792k|  2 | 482k|  32 | 0.000000e+00 |      --      |    Inf |  90.90%
  199m|458100 |   666 | 80874k| 176.5 |   607M |  67 |1323 |5284 |2800 | 792k|  0 | 482k|  32 | 0.000000e+00 |      --      |    Inf |  90.90%
  199m|458200 |   652 | 80899k| 176.6 |   607M |  67 |1323 |5241 |2787 | 792k|  0 | 482k|  32 | 0.000000e+00 |      --      |    Inf |  90.91%
  199m|458300 |   650 | 80928k| 176.6 |   607M |  67 |1323 |5129 |3346 | 792k|  0 | 482k|  32 | 0.000000e+00 |      --      |    Inf |  90.91%
  199m|458400 |   657 | 80944k| 176.6 |   607M |  67 |1323 |5172 |3042 | 793k|  2 | 482k|  32 | 0.000000e+00 |      --      |    Inf |  90.91%
  199m|458500 |   650 | 80963k| 176.6 |   607M |  67 |1323 |5260 |3021 | 793k|  0 | 482k|  32 | 0.000000e+00 |      --      |    Inf |  90.91%
  199m|458600 |   661 | 80982k| 176.6 |   607M |  67 |1323 |5255 |2997 | 793k|  2 | 483k|  32 | 0.000000e+00 |      --      |    Inf |  90.91%
  199m|458700 |   663 | 81000k| 176.6 |   607M |  67 |1323 |5170 |3752 | 793k|  0 | 483k|  32 | 0.000000e+00 |      --      |    Inf |  90.91%
  199m|458800 |   661 | 81012k| 176.6 |   607M |  67 |1323 |5244 |3784 | 793k|  1 | 483k|  32 | 0.000000e+00 |      --      |    Inf |  90.91%
  199m|458900 |   654 | 81027k| 176.6 |   607M |  67 |1323 |5284 |2894 | 793k|  2 | 483k|  32 | 0.000000e+00 |      --      |    Inf |  90.91%
  199m|459000 |   650 | 81052k| 176.6 |   607M |  67 |1323 |5107 |2695 | 793k|  2 | 483k|  32 | 0.000000e+00 |      --      |    Inf |  91.02%
  199m|459100 |   655 | 81074k| 176.6 |   607M |  67 |1323 |5050 |2838 | 793k|  0 | 483k|  32 | 0.000000e+00 |      --      |    Inf |  91.02%
  199m|459200 |   653 | 81096k| 176.6 |   607M |  67 |1323 |4970 |3009 | 793k|  0 | 483k|  32 | 0.000000e+00 |      --      |    Inf |  91.04%
 time | node  | left  |LP iter|LP it/n|mem/heur|mdpt |vars |cons |rows |cuts |sepa|confs|strbr|  dualbound   | primalbound  |  gap   | compl. 
  199m|459300 |   657 | 81115k| 176.6 |   607M |  67 |1323 |5024 |3016 | 793k|  0 | 483k|  32 | 0.000000e+00 |      --      |    Inf |  91.04%
  199m|459400 |   648 | 81139k| 176.6 |   607M |  67 |1323 |5087 |3014 | 793k|  0 | 483k|  32 | 0.000000e+00 |      --      |    Inf |  91.04%
  199m|459500 |   655 | 81157k| 176.6 |   607M |  67 |1323 |5150 |3538 | 793k|  2 | 483k|  32 | 0.000000e+00 |      --      |    Inf |  91.04%
  199m|459600 |   656 | 81178k| 176.6 |   607M |  67 |1323 |5111 |3542 | 794k|  2 | 483k|  32 | 0.000000e+00 |      --      |    Inf |  91.05%
  200m|459700 |   660 | 81194k| 176.6 |   607M |  67 |1323 |5123 |3559 | 794k|  0 | 484k|  32 | 0.000000e+00 |      --      |    Inf |  91.05%
  200m|459800 |   661 | 81219k| 176.6 |   607M |  67 |1323 |5135 |3529 | 794k|  0 | 484k|  32 | 0.000000e+00 |      --      |    Inf |  91.05%
  200m|459900 |   665 | 81247k| 176.7 |   607M |  67 |1323 |5144 |3532 | 794k|  2 | 484k|  32 | 0.000000e+00 |      --      |    Inf |  91.05%
  200m|460000 |   664 | 81266k| 176.7 |   607M |  67 |1323 |5200 |3554 | 794k|  0 | 484k|  32 | 0.000000e+00 |      --      |    Inf |  91.05%
  200m|460100 |   662 | 81287k| 176.7 |   607M |  67 |1323 |5252 |3525 | 794k|  1 | 484k|  32 | 0.000000e+00 |      --      |    Inf |  91.05%
  200m|460200 |   663 | 81319k| 176.7 |   607M |  67 |1323 |5233 |3529 | 794k|  0 | 484k|  32 | 0.000000e+00 |      --      |    Inf |  91.05%
  200m|460300 |   671 | 81344k| 176.7 |   607M |  67 |1323 |5233 |3427 | 794k|  0 | 484k|  32 | 0.000000e+00 |      --      |    Inf |  91.05%
  200m|460400 |   662 | 81369k| 176.7 |   607M |  67 |1323 |5322 |3390 | 794k|  1 | 484k|  32 | 0.000000e+00 |      --      |    Inf |  91.05%
  200m|460500 |   662 | 81389k| 176.7 |   607M |  67 |1323 |5402 |3397 | 794k|  1 | 484k|  32 | 0.000000e+00 |      --      |    Inf |  91.05%
  200m|460600 |   668 | 81408k| 176.7 |   607M |  67 |1323 |5304 |2794 | 794k|  0 | 484k|  32 | 0.000000e+00 |      --      |    Inf |  91.08%
  200m|460700 |   655 | 81430k| 176.7 |   607M |  67 |1323 |5251 |3480 | 794k|  1 | 484k|  32 | 0.000000e+00 |      --      |    Inf |  91.10%
 time | node  | left  |LP iter|LP it/n|mem/heur|mdpt |vars |cons |rows |cuts |sepa|confs|strbr|  dualbound   | primalbound  |  gap   | compl. 
  200m|460800 |   661 | 81458k| 176.8 |   607M |  67 |1323 |5139 |3263 | 795k|  0 | 485k|  32 | 0.000000e+00 |      --      |    Inf |  91.15%
  200m|460900 |   662 | 81476k| 176.8 |   607M |  67 |1323 |5198 |3320 | 795k|  2 | 485k|  32 | 0.000000e+00 |      --      |    Inf |  91.15%
  200m|461000 |   657 | 81502k| 176.8 |   607M |  67 |1323 |5136 |3239 | 795k|  2 | 485k|  32 | 0.000000e+00 |      --      |    Inf |  91.15%
  200m|461100 |   648 | 81527k| 176.8 |   607M |  67 |1323 |5026 |3450 | 795k|  0 | 485k|  32 | 0.000000e+00 |      --      |    Inf |  91.17%
  200m|461200 |   650 | 81549k| 176.8 |   607M |  67 |1323 |4952 |3318 | 795k|  1 | 485k|  32 | 0.000000e+00 |      --      |    Inf |  91.19%
  200m|461300 |   655 | 81570k| 176.8 |   607M |  67 |1323 |4803 |2788 | 795k|  0 | 485k|  32 | 0.000000e+00 |      --      |    Inf |  91.24%
  200m|461400 |   657 | 81587k| 176.8 |   607M |  67 |1323 |4815 |2798 | 795k|  2 | 485k|  32 | 0.000000e+00 |      --      |    Inf |  91.26%
  200m|461500 |   651 | 81602k| 176.8 |   607M |  67 |1323 |4886 |3109 | 795k|  0 | 485k|  32 | 0.000000e+00 |      --      |    Inf |  91.27%
  200m|461600 |   646 | 81623k| 176.8 |   607M |  67 |1323 |4723 |2912 | 795k|  0 | 485k|  32 | 0.000000e+00 |      --      |    Inf |  91.30%
  200m|461700 |   654 | 81640k| 176.8 |   607M |  67 |1323 |4620 |3220 | 796k|  0 | 485k|  32 | 0.000000e+00 |      --      |    Inf |  91.31%
  200m|461800 |   653 | 81661k| 176.8 |   607M |  67 |1323 |4627 |2679 | 796k|  0 | 485k|  32 | 0.000000e+00 |      --      |    Inf |  91.33%
  200m|461900 |   667 | 81678k| 176.8 |   607M |  67 |1323 |4590 |3254 | 796k|  0 | 486k|  32 | 0.000000e+00 |      --      |    Inf |  91.37%
  201m|462000 |   658 | 81696k| 176.8 |   607M |  67 |1323 |4697 |3256 | 796k|  1 | 486k|  32 | 0.000000e+00 |      --      |    Inf |  91.37%
  201m|462100 |   654 | 81712k| 176.8 |   607M |  67 |1323 |4825 |3263 | 796k|  1 | 486k|  32 | 0.000000e+00 |      --      |    Inf |  91.37%
  201m|462200 |   662 | 81731k| 176.8 |   607M |  67 |1323 |4902 |2709 | 796k|  0 | 486k|  32 | 0.000000e+00 |      --      |    Inf |  91.37%
 time | node  | left  |LP iter|LP it/n|mem/heur|mdpt |vars |cons |rows |cuts |sepa|confs|strbr|  dualbound   | primalbound  |  gap   | compl. 
  201m|462300 |   654 | 81752k| 176.8 |   607M |  67 |1323 |4985 |2786 | 796k|  2 | 486k|  32 | 0.000000e+00 |      --      |    Inf |  91.37%
  201m|462400 |   656 | 81773k| 176.8 |   607M |  67 |1323 |5036 |2812 | 796k|  2 | 486k|  32 | 0.000000e+00 |      --      |    Inf |  91.37%
  201m|462500 |   654 | 81799k| 176.9 |   607M |  67 |1323 |5115 |2795 | 797k|  0 | 486k|  32 | 0.000000e+00 |      --      |    Inf |  91.37%
  201m|462600 |   654 | 81822k| 176.9 |   607M |  67 |1323 |4993 |3056 | 797k|  2 | 486k|  32 | 0.000000e+00 |      --      |    Inf |  91.37%
  201m|462700 |   662 | 81836k| 176.9 |   607M |  67 |1323 |5005 |2851 | 797k|  1 | 486k|  32 | 0.000000e+00 |      --      |    Inf |  91.40%
  201m|462800 |   663 | 81852k| 176.9 |   607M |  67 |1323 |5059 |2895 | 797k|  0 | 486k|  32 | 0.000000e+00 |      --      |    Inf |  91.41%
  201m|462900 |   648 | 81868k| 176.9 |   607M |  67 |1323 |5028 |3419 | 797k|  1 | 487k|  32 | 0.000000e+00 |      --      |    Inf |  91.45%
  201m|463000 |   648 | 81892k| 176.9 |   607M |  67 |1323 |5065 |3464 | 797k|  1 | 487k|  32 | 0.000000e+00 |      --      |    Inf |  91.45%
  201m|463100 |   660 | 81917k| 176.9 |   607M |  67 |1323 |4948 |2795 | 797k|  1 | 487k|  32 | 0.000000e+00 |      --      |    Inf |  91.65%
  201m|463200 |   660 | 81931k| 176.9 |   607M |  67 |1323 |4983 |   0 | 798k|  0 | 487k|  32 | 0.000000e+00 |      --      |    Inf |  91.65%
  201m|463300 |   667 | 81945k| 176.9 |   607M |  67 |1323 |5008 |2810 | 798k|  0 | 487k|  32 | 0.000000e+00 |      --      |    Inf |  91.67%
  201m|463400 |   668 | 81958k| 176.9 |   607M |  67 |1323 |5063 |2809 | 798k|  0 | 487k|  32 | 0.000000e+00 |      --      |    Inf |  91.67%
  201m|463500 |   663 | 81976k| 176.9 |   607M |  67 |1323 |5121 |3332 | 798k|  2 | 487k|  32 | 0.000000e+00 |      --      |    Inf |  91.67%
  201m|463600 |   671 | 81992k| 176.9 |   607M |  67 |1323 |5118 |2833 | 798k|  0 | 487k|  32 | 0.000000e+00 |      --      |    Inf |  91.70%
  201m|463700 |   664 | 82011k| 176.9 |   607M |  67 |1323 |5181 |2814 | 798k|  1 | 487k|  32 | 0.000000e+00 |      --      |    Inf |  91.71%
 time | node  | left  |LP iter|LP it/n|mem/heur|mdpt |vars |cons |rows |cuts |sepa|confs|strbr|  dualbound   | primalbound  |  gap   | compl. 
  201m|463800 |   661 | 82032k| 176.9 |   607M |  67 |1323 |5245 |3306 | 798k|  0 | 487k|  32 | 0.000000e+00 |      --      |    Inf |  91.74%
  201m|463900 |   664 | 82046k| 176.9 |   607M |  67 |1323 |5322 |2830 | 799k|  0 | 487k|  32 | 0.000000e+00 |      --      |    Inf |  91.74%
  201m|464000 |   667 | 82060k| 176.8 |   607M |  67 |1323 |5413 |2849 | 799k|  0 | 488k|  32 | 0.000000e+00 |      --      |    Inf |  91.75%
  201m|464100 |   662 | 82076k| 176.8 |   607M |  67 |1323 |5504 |2763 | 799k|  0 | 488k|  32 | 0.000000e+00 |      --      |    Inf |  91.75%
  201m|464200 |   653 | 82102k| 176.9 |   607M |  67 |1323 |5511 |3646 | 799k|  3 | 488k|  32 | 0.000000e+00 |      --      |    Inf |  91.80%
  201m|464300 |   652 | 82122k| 176.9 |   607M |  67 |1323 |5464 |3313 | 799k|  0 | 488k|  32 | 0.000000e+00 |      --      |    Inf |  91.81%
  201m|464400 |   644 | 82144k| 176.9 |   608M |  67 |1323 |5384 |2911 | 799k|  1 | 488k|  32 | 0.000000e+00 |      --      |    Inf |  91.82%
  201m|464500 |   637 | 82166k| 176.9 |   608M |  67 |1323 |5345 |3490 | 799k|  0 | 488k|  32 | 0.000000e+00 |      --      |    Inf |  91.82%
  201m|464600 |   653 | 82199k| 176.9 |   608M |  67 |1323 |5392 |3302 | 799k|  0 | 488k|  32 | 0.000000e+00 |      --      |    Inf |  91.82%
  201m|464700 |   646 | 82222k| 176.9 |   608M |  67 |1323 |5302 |3530 | 800k|  0 | 488k|  32 | 0.000000e+00 |      --      |    Inf |  91.83%
  202m|464800 |   648 | 82250k| 177.0 |   608M |  67 |1323 |5344 |3531 | 800k|  1 | 488k|  32 | 0.000000e+00 |      --      |    Inf |  91.83%
  202m|464900 |   648 | 82276k| 177.0 |   608M |  67 |1323 |5130 |2723 | 800k|  0 | 488k|  32 | 0.000000e+00 |      --      |    Inf |  91.83%
  202m|465000 |   655 | 82293k| 177.0 |   608M |  67 |1323 |5116 |3492 | 800k|  1 | 488k|  32 | 0.000000e+00 |      --      |    Inf |  91.83%
  202m|465100 |   651 | 82312k| 177.0 |   608M |  67 |1323 |5034 |3628 | 800k|  0 | 488k|  32 | 0.000000e+00 |      --      |    Inf |  91.86%
  202m|465200 |   660 | 82330k| 177.0 |   608M |  67 |1323 |4987 |2796 | 800k|  0 | 489k|  32 | 0.000000e+00 |      --      |    Inf |  91.86%
 time | node  | left  |LP iter|LP it/n|mem/heur|mdpt |vars |cons |rows |cuts |sepa|confs|strbr|  dualbound   | primalbound  |  gap   | compl. 
  202m|465300 |   652 | 82354k| 177.0 |   608M |  67 |1323 |4980 |2922 | 800k|  2 | 489k|  32 | 0.000000e+00 |      --      |    Inf |  91.86%
  202m|465400 |   660 | 82376k| 177.0 |   608M |  67 |1323 |4986 |2890 | 800k|  2 | 489k|  32 | 0.000000e+00 |      --      |    Inf |  91.87%
  202m|465500 |   648 | 82392k| 177.0 |   608M |  67 |1323 |5031 |3115 | 800k|  0 | 489k|  32 | 0.000000e+00 |      --      |    Inf |  91.87%
  202m|465600 |   648 | 82408k| 177.0 |   608M |  67 |1323 |4892 |2742 | 800k|  0 | 489k|  32 | 0.000000e+00 |      --      |    Inf |  91.88%
  202m|465700 |   642 | 82423k| 177.0 |   608M |  67 |1323 |4876 |3538 | 800k|  1 | 489k|  32 | 0.000000e+00 |      --      |    Inf |  91.89%
  202m|465800 |   652 | 82441k| 177.0 |   608M |  67 |1323 |4869 |3901 | 801k|  0 | 489k|  32 | 0.000000e+00 |      --      |    Inf |  91.89%
  202m|465900 |   642 | 82454k| 177.0 |   608M |  67 |1323 |4869 |2786 | 801k|  1 | 489k|  32 | 0.000000e+00 |      --      |    Inf |  91.89%
  202m|466000 |   639 | 82465k| 177.0 |   608M |  67 |1323 |4919 |2797 | 801k|  0 | 489k|  32 | 0.000000e+00 |      --      |    Inf |  91.89%
  202m|466100 |   634 | 82479k| 176.9 |   608M |  67 |1323 |5015 |2783 | 801k|  1 | 489k|  32 | 0.000000e+00 |      --      |    Inf |  91.89%
  202m|466200 |   644 | 82492k| 176.9 |   608M |  67 |1323 |4926 |2783 | 801k|  0 | 490k|  32 | 0.000000e+00 |      --      |    Inf |  91.89%
  202m|466300 |   639 | 82505k| 176.9 |   608M |  67 |1323 |4994 |2783 | 801k|  0 | 490k|  32 | 0.000000e+00 |      --      |    Inf |  91.89%
  202m|466400 |   641 | 82518k| 176.9 |   608M |  67 |1323 |5009 |2745 | 801k|  0 | 490k|  32 | 0.000000e+00 |      --      |    Inf |  91.89%
  202m|466500 |   637 | 82530k| 176.9 |   608M |  67 |1323 |5018 |4084 | 801k|  1 | 490k|  32 | 0.000000e+00 |      --      |    Inf |  91.89%
  202m|466600 |   633 | 82541k| 176.9 |   608M |  67 |1323 |5078 |3827 | 801k|  1 | 490k|  32 | 0.000000e+00 |      --      |    Inf |  91.89%
  202m|466700 |   631 | 82554k| 176.9 |   608M |  67 |1323 |5161 |3826 | 801k|  0 | 490k|  32 | 0.000000e+00 |      --      |    Inf |  91.89%
 time | node  | left  |LP iter|LP it/n|mem/heur|mdpt |vars |cons |rows |cuts |sepa|confs|strbr|  dualbound   | primalbound  |  gap   | compl. 
  202m|466800 |   632 | 82566k| 176.9 |   608M |  67 |1323 |5315 |3830 | 801k|  0 | 490k|  32 | 0.000000e+00 |      --      |    Inf |  91.89%
  202m|466900 |   636 | 82581k| 176.9 |   608M |  67 |1323 |5222 |3603 | 802k|  1 | 490k|  32 | 0.000000e+00 |      --      |    Inf |  91.89%
  202m|467000 |   636 | 82595k| 176.9 |   608M |  67 |1323 |5222 |3610 | 802k|  0 | 490k|  32 | 0.000000e+00 |      --      |    Inf |  91.89%
  202m|467100 |   631 | 82613k| 176.9 |   608M |  67 |1323 |5222 |3613 | 802k|  0 | 490k|  32 | 0.000000e+00 |      --      |    Inf |  91.89%
  202m|467200 |   628 | 82629k| 176.9 |   608M |  67 |1323 |5207 |3614 | 802k|  1 | 490k|  32 | 0.000000e+00 |      --      |    Inf |  91.89%
  202m|467300 |   632 | 82640k| 176.8 |   608M |  67 |1323 |5243 |3033 | 802k|  1 | 491k|  32 | 0.000000e+00 |      --      |    Inf |  91.89%
  202m|467400 |   619 | 82655k| 176.8 |   608M |  67 |1323 |5275 |3712 | 802k|  1 | 491k|  32 | 0.000000e+00 |      --      |    Inf |  91.90%
  202m|467500 |   610 | 82670k| 176.8 |   608M |  67 |1323 |5199 |2917 | 802k|  1 | 491k|  32 | 0.000000e+00 |      --      |    Inf |  91.90%
  202m|467600 |   612 | 82685k| 176.8 |   608M |  67 |1323 |5037 |3787 | 802k|  0 | 491k|  32 | 0.000000e+00 |      --      |    Inf |  91.92%
  202m|467700 |   616 | 82701k| 176.8 |   608M |  67 |1323 |5038 |2827 | 802k|  2 | 491k|  32 | 0.000000e+00 |      --      |    Inf |  91.92%
  202m|467800 |   612 | 82715k| 176.8 |   608M |  67 |1323 |5009 |2827 | 802k|  0 | 491k|  32 | 0.000000e+00 |      --      |    Inf |  91.92%
  202m|467900 |   611 | 82729k| 176.8 |   608M |  67 |1323 |4813 |2891 | 802k|  0 | 491k|  32 | 0.000000e+00 |      --      |    Inf |  91.94%
  203m|468000 |   605 | 82745k| 176.8 |   608M |  67 |1323 |4800 |3585 | 802k|  1 | 491k|  32 | 0.000000e+00 |      --      |    Inf |  91.94%
  203m|468100 |   605 | 82757k| 176.8 |   608M |  67 |1323 |4855 |3319 | 802k|  1 | 491k|  32 | 0.000000e+00 |      --      |    Inf |  91.94%
  203m|468200 |   609 | 82767k| 176.8 |   608M |  67 |1323 |4967 |3321 | 802k|  1 | 491k|  32 | 0.000000e+00 |      --      |    Inf |  91.94%
 time | node  | left  |LP iter|LP it/n|mem/heur|mdpt |vars |cons |rows |cuts |sepa|confs|strbr|  dualbound   | primalbound  |  gap   | compl. 
  203m|468300 |   608 | 82777k| 176.8 |   608M |  67 |1323 |5084 |3321 | 802k|  1 | 492k|  32 | 0.000000e+00 |      --      |    Inf |  91.94%
  203m|468400 |   612 | 82789k| 176.7 |   608M |  67 |1323 |5217 |3329 | 802k|  0 | 492k|  32 | 0.000000e+00 |      --      |    Inf |  91.94%
  203m|468500 |   608 | 82799k| 176.7 |   608M |  67 |1323 |5349 |3320 | 802k|  0 | 492k|  32 | 0.000000e+00 |      --      |    Inf |  91.94%
  203m|468600 |   607 | 82812k| 176.7 |   608M |  67 |1323 |5444 |2764 | 803k|  2 | 492k|  32 | 0.000000e+00 |      --      |    Inf |  91.95%
  203m|468700 |   616 | 82818k| 176.7 |   608M |  67 |1323 |5504 |2778 | 803k|  0 | 492k|  32 | 0.000000e+00 |      --      |    Inf |  91.95%
  203m|468800 |   612 | 82826k| 176.7 |   608M |  67 |1323 |5571 |3333 | 803k|  0 | 492k|  32 | 0.000000e+00 |      --      |    Inf |  91.95%
  203m|468900 |   608 | 82837k| 176.7 |   608M |  67 |1323 |5624 |3318 | 803k|  1 | 492k|  32 | 0.000000e+00 |      --      |    Inf |  91.96%
  203m|469000 |   597 | 82848k| 176.6 |   608M |  67 |1323 |5621 |3532 | 803k|  1 | 492k|  32 | 0.000000e+00 |      --      |    Inf |  91.96%
  203m|469100 |   603 | 82862k| 176.6 |   608M |  67 |1323 |5564 |2913 | 803k|  0 | 492k|  32 | 0.000000e+00 |      --      |    Inf |  91.96%
  203m|469200 |   588 | 82876k| 176.6 |   608M |  67 |1323 |5556 |3191 | 803k|  0 | 493k|  32 | 0.000000e+00 |      --      |    Inf |  91.96%
  203m|469300 |   589 | 82890k| 176.6 |   608M |  67 |1323 |5397 |3104 | 803k|  1 | 493k|  32 | 0.000000e+00 |      --      |    Inf |  91.97%
  203m|469400 |   581 | 82904k| 176.6 |   608M |  67 |1323 |5270 |2758 | 803k|  0 | 493k|  32 | 0.000000e+00 |      --      |    Inf |  91.98%
  203m|469500 |   575 | 82916k| 176.6 |   608M |  67 |1323 |5171 |3154 | 803k|  2 | 493k|  32 | 0.000000e+00 |      --      |    Inf |  91.98%
  203m|469600 |   575 | 82930k| 176.6 |   608M |  67 |1323 |5125 |2803 | 803k|  2 | 493k|  32 | 0.000000e+00 |      --      |    Inf |  91.99%
  203m|469700 |   580 | 82945k| 176.6 |   608M |  67 |1323 |5194 |3237 | 803k|  0 | 493k|  32 | 0.000000e+00 |      --      |    Inf |  91.99%
 time | node  | left  |LP iter|LP it/n|mem/heur|mdpt |vars |cons |rows |cuts |sepa|confs|strbr|  dualbound   | primalbound  |  gap   | compl. 
  203m|469800 |   587 | 82960k| 176.6 |   608M |  67 |1323 |5279 |2878 | 804k|  0 | 493k|  32 | 0.000000e+00 |      --      |    Inf |  91.99%
  203m|469900 |   591 | 82975k| 176.6 |   608M |  67 |1323 |5384 |2899 | 804k|  1 | 493k|  32 | 0.000000e+00 |      --      |    Inf |  92.00%
  203m|470000 |   585 | 82986k| 176.6 |   608M |  67 |1323 |5496 |2851 | 804k|  0 | 493k|  32 | 0.000000e+00 |      --      |    Inf |  92.01%
  203m|470100 |   582 | 82997k| 176.5 |   608M |  67 |1323 |5398 |3174 | 804k|  1 | 494k|  32 | 0.000000e+00 |      --      |    Inf |  92.01%
  203m|470200 |   586 | 83004k| 176.5 |   608M |  67 |1323 |5493 |3170 | 804k|  0 | 494k|  32 | 0.000000e+00 |      --      |    Inf |  92.01%
  203m|470300 |   570 | 83015k| 176.5 |   608M |  67 |1323 |5560 |2723 | 804k|  0 | 494k|  32 | 0.000000e+00 |      --      |    Inf |  92.01%
  203m|470400 |   571 | 83029k| 176.5 |   608M |  67 |1323 |5590 |3197 | 804k|  0 | 494k|  32 | 0.000000e+00 |      --      |    Inf |  92.01%
  203m|470500 |   573 | 83042k| 176.5 |   608M |  67 |1323 |5647 |3231 | 804k|  1 | 494k|  32 | 0.000000e+00 |      --      |    Inf |  92.01%
  203m|470600 |   578 | 83055k| 176.5 |   608M |  67 |1323 |5679 |3791 | 804k|  0 | 494k|  32 | 0.000000e+00 |      --      |    Inf |  92.01%
  203m|470700 |   579 | 83072k| 176.5 |   608M |  67 |1323 |5743 |3790 | 804k|  1 | 494k|  32 | 0.000000e+00 |      --      |    Inf |  92.01%
  203m|470800 |   569 | 83093k| 176.5 |   608M |  67 |1323 |5672 |3970 | 805k|  0 | 494k|  32 | 0.000000e+00 |      --      |    Inf |  92.02%
  203m|470900 |   568 | 83120k| 176.5 |   608M |  67 |1323 |5754 |3432 | 805k|  1 | 494k|  32 | 0.000000e+00 |      --      |    Inf |  92.02%
  203m|471000 |   564 | 83144k| 176.5 |   609M |  67 |1323 |5798 |2809 | 805k|  1 | 494k|  32 | 0.000000e+00 |      --      |    Inf |  92.06%
  203m|471100 |   568 | 83157k| 176.5 |   609M |  67 |1323 |5751 |2816 | 805k|  0 | 495k|  32 | 0.000000e+00 |      --      |    Inf |  92.06%
  203m|471200 |   571 | 83167k| 176.5 |   609M |  67 |1323 |5811 |2846 | 805k|  2 | 495k|  32 | 0.000000e+00 |      --      |    Inf |  92.06%
 time | node  | left  |LP iter|LP it/n|mem/heur|mdpt |vars |cons |rows |cuts |sepa|confs|strbr|  dualbound   | primalbound  |  gap   | compl. 
  203m|471300 |   563 | 83181k| 176.5 |   609M |  67 |1323 |5833 |2814 | 805k|  0 | 495k|  32 | 0.000000e+00 |      --      |    Inf |  92.06%
  203m|471400 |   557 | 83195k| 176.5 |   609M |  67 |1323 |5670 |3558 | 805k|  0 | 495k|  32 | 0.000000e+00 |      --      |    Inf |  92.46%
  203m|471500 |   562 | 83208k| 176.5 |   609M |  67 |1323 |5530 |3765 | 805k|  1 | 495k|  32 | 0.000000e+00 |      --      |    Inf |  92.48%
  204m|471600 |   561 | 83219k| 176.5 |   609M |  67 |1323 |5513 |3790 | 805k|  3 | 495k|  32 | 0.000000e+00 |      --      |    Inf |  92.48%
  204m|471700 |   554 | 83246k| 176.5 |   609M |  67 |1323 |5461 |3582 | 805k|  0 | 495k|  32 | 0.000000e+00 |      --      |    Inf |  92.48%
  204m|471800 |   592 | 83278k| 176.5 |   609M |  67 |1323 |5277 |3287 | 806k|  0 | 495k|  32 | 0.000000e+00 |      --      |    Inf |  92.53%
  204m|471900 |   584 | 83303k| 176.5 |   609M |  67 |1323 |5062 |   0 | 806k|  0 | 495k|  32 | 0.000000e+00 |      --      |    Inf |  92.53%
  204m|472000 |   574 | 83320k| 176.5 |   609M |  67 |1323 |5107 |3141 | 806k|  0 | 496k|  32 | 0.000000e+00 |      --      |    Inf |  92.53%
  204m|472100 |   564 | 83352k| 176.5 |   609M |  67 |1323 |5065 |3821 | 806k|  0 | 496k|  32 | 0.000000e+00 |      --      |    Inf |  92.54%
  204m|472200 |   569 | 83386k| 176.6 |   609M |  67 |1323 |5090 |3971 | 807k|  2 | 496k|  32 | 0.000000e+00 |      --      |    Inf |  92.55%
  204m|472300 |   569 | 83412k| 176.6 |   609M |  67 |1323 |5118 |3248 | 807k|  0 | 496k|  32 | 0.000000e+00 |      --      |    Inf |  92.56%
  204m|472400 |   566 | 83434k| 176.6 |   609M |  67 |1323 |5206 |3210 | 807k|  0 | 496k|  32 | 0.000000e+00 |      --      |    Inf |  92.56%
  204m|472500 |   572 | 83449k| 176.6 |   609M |  67 |1323 |5297 |3206 | 807k|  0 | 496k|  32 | 0.000000e+00 |      --      |    Inf |  92.56%
  204m|472600 |   564 | 83472k| 176.6 |   609M |  67 |1323 |5367 |3296 | 808k|  0 | 496k|  32 | 0.000000e+00 |      --      |    Inf |  92.57%
  204m|472700 |   574 | 83492k| 176.6 |   609M |  67 |1323 |5428 |3324 | 808k|  1 | 496k|  32 | 0.000000e+00 |      --      |    Inf |  92.57%
 time | node  | left  |LP iter|LP it/n|mem/heur|mdpt |vars |cons |rows |cuts |sepa|confs|strbr|  dualbound   | primalbound  |  gap   | compl. 
  204m|472800 |   584 | 83502k| 176.6 |   609M |  67 |1323 |5440 |3351 | 808k|  1 | 496k|  32 | 0.000000e+00 |      --      |    Inf |  92.57%
  204m|472900 |   575 | 83516k| 176.6 |   609M |  67 |1323 |5409 |3316 | 808k|  0 | 496k|  32 | 0.000000e+00 |      --      |    Inf |  92.57%
  204m|473000 |   593 | 83539k| 176.6 |   609M |  67 |1323 |5466 |3222 | 808k|  0 | 496k|  32 | 0.000000e+00 |      --      |    Inf |  92.57%
  204m|473100 |   597 | 83572k| 176.6 |   609M |  67 |1323 |5541 |3234 | 809k|  2 | 497k|  32 | 0.000000e+00 |      --      |    Inf |  92.57%
  204m|473200 |   616 | 83612k| 176.7 |   609M |  67 |1323 |5614 |3325 | 809k|  0 | 497k|  32 | 0.000000e+00 |      --      |    Inf |  92.57%
  204m|473300 |   619 | 83650k| 176.7 |   609M |  67 |1323 |5630 |3271 | 809k|  2 | 497k|  32 | 0.000000e+00 |      --      |    Inf |  92.57%
  204m|473400 |   624 | 83690k| 176.8 |   609M |  67 |1323 |5692 |3272 | 810k|  2 | 497k|  32 | 0.000000e+00 |      --      |    Inf |  92.57%
  204m|473500 |   630 | 83725k| 176.8 |   609M |  67 |1323 |5737 |3370 | 810k|  0 | 497k|  32 | 0.000000e+00 |      --      |    Inf |  92.57%
  205m|473600 |   632 | 83774k| 176.9 |   609M |  67 |1323 |5820 |3413 | 810k|  2 | 497k|  32 | 0.000000e+00 |      --      |    Inf |  92.57%
  205m|473700 |   634 | 83821k| 176.9 |   609M |  67 |1323 |5925 |3290 | 811k|  2 | 497k|  32 | 0.000000e+00 |      --      |    Inf |  92.57%
  205m|473800 |   635 | 83856k| 177.0 |   609M |  67 |1323 |5941 |3286 | 811k|  0 | 497k|  32 | 0.000000e+00 |      --      |    Inf |  92.57%
  205m|473900 |   652 | 83886k| 177.0 |   609M |  67 |1323 |6029 |3337 | 812k|  1 | 497k|  32 | 0.000000e+00 |      --      |    Inf |  92.57%
  205m|474000 |   653 | 83921k| 177.0 |   609M |  67 |1323 |6137 |3332 | 812k|  1 | 498k|  32 | 0.000000e+00 |      --      |    Inf |  92.57%
  205m|474100 |   654 | 83962k| 177.1 |   609M |  67 |1323 |6153 |3384 | 812k|  2 | 498k|  32 | 0.000000e+00 |      --      |    Inf |  92.57%
  205m|474200 |   657 | 83999k| 177.1 |   609M |  67 |1323 |6273 |3497 | 812k|  2 | 498k|  32 | 0.000000e+00 |      --      |    Inf |  92.57%
 time | node  | left  |LP iter|LP it/n|mem/heur|mdpt |vars |cons |rows |cuts |sepa|confs|strbr|  dualbound   | primalbound  |  gap   | compl. 
  205m|474300 |   640 | 84036k| 177.2 |   609M |  67 |1323 |6267 |3583 | 813k|  2 | 498k|  32 | 0.000000e+00 |      --      |    Inf |  92.57%
  205m|474400 |   634 | 84069k| 177.2 |   609M |  67 |1323 |6247 |3398 | 813k|  0 | 498k|  32 | 0.000000e+00 |      --      |    Inf |  92.57%
  205m|474500 |   630 | 84099k| 177.2 |   609M |  67 |1323 |6292 |3338 | 813k|  0 | 498k|  32 | 0.000000e+00 |      --      |    Inf |  92.58%
  205m|474600 |   618 | 84116k| 177.2 |   609M |  67 |1323 |5976 |3639 | 813k|  2 | 498k|  32 | 0.000000e+00 |      --      |    Inf |  92.58%
  205m|474700 |   604 | 84136k| 177.2 |   609M |  67 |1323 |5960 |3260 | 813k|  0 | 499k|  32 | 0.000000e+00 |      --      |    Inf |  92.58%
  205m|474800 |   599 | 84156k| 177.2 |   609M |  67 |1323 |6001 |3363 | 813k|  1 | 499k|  32 | 0.000000e+00 |      --      |    Inf |  92.58%
  205m|474900 |   600 | 84170k| 177.2 |   609M |  67 |1323 |6024 |3258 | 813k|  1 | 499k|  32 | 0.000000e+00 |      --      |    Inf |  92.58%
  205m|475000 |   601 | 84182k| 177.2 |   609M |  67 |1323 |6095 |3309 | 813k|  0 | 499k|  32 | 0.000000e+00 |      --      |    Inf |  92.58%
  205m|475100 |   602 | 84199k| 177.2 |   610M |  67 |1323 |6286 |3343 | 814k|  0 | 499k|  32 | 0.000000e+00 |      --      |    Inf |  92.58%
  205m|475200 |   603 | 84214k| 177.2 |   610M |  67 |1323 |6295 |3355 | 814k|  0 | 499k|  32 | 0.000000e+00 |      --      |    Inf |  92.58%
  205m|475300 |   604 | 84228k| 177.2 |   610M |  67 |1323 |6268 |3420 | 814k|  0 | 499k|  32 | 0.000000e+00 |      --      |    Inf |  92.58%
  206m|475400 |   611 | 84251k| 177.2 |   610M |  67 |1323 |6203 |3395 | 814k|  0 | 500k|  32 | 0.000000e+00 |      --      |    Inf |  92.58%
  206m|475500 |   605 | 84275k| 177.2 |   610M |  67 |1323 |6032 |3341 | 815k|  0 | 500k|  32 | 0.000000e+00 |      --      |    Inf |  92.58%
  206m|475600 |   611 | 84301k| 177.2 |   610M |  67 |1323 |6056 |3506 | 815k|  2 | 500k|  32 | 0.000000e+00 |      --      |    Inf |  92.58%
  206m|475700 |   607 | 84319k| 177.2 |   610M |  67 |1323 |6116 |3513 | 815k|  2 | 500k|  32 | 0.000000e+00 |      --      |    Inf |  92.58%
 time | node  | left  |LP iter|LP it/n|mem/heur|mdpt |vars |cons |rows |cuts |sepa|confs|strbr|  dualbound   | primalbound  |  gap   | compl. 
  206m|475800 |   606 | 84343k| 177.3 |   610M |  67 |1323 |6173 |3507 | 815k|  1 | 500k|  32 | 0.000000e+00 |      --      |    Inf |  92.58%
  206m|475900 |   610 | 84358k| 177.3 |   610M |  67 |1323 |6061 |3509 | 815k|  2 | 500k|  32 | 0.000000e+00 |      --      |    Inf |  92.58%
  206m|476000 |   603 | 84381k| 177.3 |   610M |  67 |1323 |6081 |3338 | 815k|  1 | 500k|  32 | 0.000000e+00 |      --      |    Inf |  92.58%
  206m|476100 |   594 | 84408k| 177.3 |   610M |  67 |1323 |6009 |3477 | 816k|  0 | 500k|  32 | 0.000000e+00 |      --      |    Inf |  92.58%
  206m|476200 |   565 | 84439k| 177.3 |   610M |  67 |1323 |5754 |3065 | 816k|  0 | 500k|  32 | 0.000000e+00 |      --      |    Inf |  92.58%
  206m|476300 |   560 | 84462k| 177.3 |   610M |  67 |1323 |5636 |3268 | 816k|  0 | 501k|  32 | 0.000000e+00 |      --      |    Inf |  92.58%
  206m|476400 |   566 | 84495k| 177.4 |   610M |  67 |1323 |5487 |3206 | 816k|  2 | 501k|  32 | 0.000000e+00 |      --      |    Inf |  92.59%
  206m|476500 |   563 | 84525k| 177.4 |   610M |  67 |1323 |5563 |3198 | 816k|  1 | 501k|  32 | 0.000000e+00 |      --      |    Inf |  92.59%
  206m|476600 |   554 | 84550k| 177.4 |   610M |  67 |1323 |5581 |2751 | 816k|  2 | 501k|  32 | 0.000000e+00 |      --      |    Inf |  92.59%
  206m|476700 |   553 | 84573k| 177.4 |   610M |  67 |1323 |5631 |3751 | 817k|  2 | 501k|  32 | 0.000000e+00 |      --      |    Inf |  92.59%
  206m|476800 |   557 | 84599k| 177.4 |   610M |  67 |1323 |5663 |3567 | 817k|  0 | 501k|  32 | 0.000000e+00 |      --      |    Inf |  92.59%
  206m|476900 |   563 | 84625k| 177.4 |   610M |  67 |1323 |5688 |3684 | 817k|  1 | 501k|  32 | 0.000000e+00 |      --      |    Inf |  92.59%
  206m|477000 |   563 | 84648k| 177.5 |   610M |  67 |1323 |5771 |3580 | 817k|  2 | 501k|  32 | 0.000000e+00 |      --      |    Inf |  92.59%
  206m|477100 |   557 | 84681k| 177.5 |   610M |  67 |1323 |5869 |3556 | 817k|  0 | 501k|  32 | 0.000000e+00 |      --      |    Inf |  92.59%
  206m|477200 |   556 | 84705k| 177.5 |   610M |  67 |1323 |5962 |3555 | 817k|  0 | 501k|  32 | 0.000000e+00 |      --      |    Inf |  92.59%
 time | node  | left  |LP iter|LP it/n|mem/heur|mdpt |vars |cons |rows |cuts |sepa|confs|strbr|  dualbound   | primalbound  |  gap   | compl. 
  206m|477300 |   563 | 84736k| 177.5 |   610M |  67 |1323 |6026 |3605 | 817k|  2 | 502k|  32 | 0.000000e+00 |      --      |    Inf |  92.59%
  207m|477400 |   557 | 84765k| 177.6 |   610M |  67 |1323 |6112 |3758 | 818k|  2 | 502k|  32 | 0.000000e+00 |      --      |    Inf |  92.59%
  207m|477500 |   559 | 84788k| 177.6 |   611M |  67 |1323 |6187 |3774 | 818k|  1 | 502k|  32 | 0.000000e+00 |      --      |    Inf |  92.59%
  207m|477600 |   555 | 84802k| 177.6 |   611M |  67 |1323 |6285 |3776 | 818k|  1 | 502k|  32 | 0.000000e+00 |      --      |    Inf |  92.59%
  207m|477700 |   556 | 84820k| 177.6 |   611M |  67 |1323 |6375 |3773 | 818k|  0 | 502k|  32 | 0.000000e+00 |      --      |    Inf |  92.59%
  207m|477800 |   552 | 84838k| 177.6 |   611M |  67 |1323 |6397 |3730 | 818k|  1 | 502k|  32 | 0.000000e+00 |      --      |    Inf |  92.60%
  207m|477900 |   564 | 84856k| 177.6 |   611M |  67 |1323 |6410 |3744 | 818k|  1 | 502k|  32 | 0.000000e+00 |      --      |    Inf |  92.60%
  207m|478000 |   556 | 84879k| 177.6 |   611M |  67 |1323 |6427 |3761 | 818k|  1 | 502k|  32 | 0.000000e+00 |      --      |    Inf |  92.60%
  207m|478100 |   547 | 84896k| 177.6 |   611M |  67 |1323 |6383 |2768 | 818k|  1 | 502k|  32 | 0.000000e+00 |      --      |    Inf |  92.60%
  207m|478200 |   545 | 84908k| 177.6 |   611M |  67 |1323 |6277 |2836 | 818k|  1 | 502k|  32 | 0.000000e+00 |      --      |    Inf |  92.60%
  207m|478300 |   538 | 84926k| 177.6 |   611M |  67 |1323 |6137 |3532 | 818k|  0 | 502k|  32 | 0.000000e+00 |      --      |    Inf |  92.60%
  207m|478400 |   531 | 84940k| 177.5 |   611M |  67 |1323 |5945 |3319 | 818k|  1 | 503k|  32 | 0.000000e+00 |      --      |    Inf |  92.60%
  207m|478500 |   523 | 84954k| 177.5 |   611M |  67 |1323 |5820 |3274 | 818k|  2 | 503k|  32 | 0.000000e+00 |      --      |    Inf |  92.61%
  207m|478600 |   527 | 84967k| 177.5 |   611M |  67 |1323 |5670 |2912 | 818k|  0 | 503k|  32 | 0.000000e+00 |      --      |    Inf |  92.61%
  207m|478700 |   531 | 84978k| 177.5 |   611M |  67 |1323 |5566 |   0 | 818k|  0 | 503k|  32 | 0.000000e+00 |      --      |    Inf |  92.62%
 time | node  | left  |LP iter|LP it/n|mem/heur|mdpt |vars |cons |rows |cuts |sepa|confs|strbr|  dualbound   | primalbound  |  gap   | compl. 
  207m|478800 |   528 | 84990k| 177.5 |   611M |  67 |1323 |5617 |3060 | 818k|  1 | 503k|  32 | 0.000000e+00 |      --      |    Inf |  92.62%
  207m|478900 |   528 | 85002k| 177.5 |   611M |  67 |1323 |5659 |3104 | 819k|  2 | 503k|  32 | 0.000000e+00 |      --      |    Inf |  92.62%
  207m|479000 |   535 | 85013k| 177.5 |   611M |  67 |1323 |5654 |2776 | 819k|  1 | 503k|  32 | 0.000000e+00 |      --      |    Inf |  92.67%
  207m|479100 |   529 | 85027k| 177.5 |   611M |  67 |1323 |5775 |2779 | 819k|  1 | 503k|  32 | 0.000000e+00 |      --      |    Inf |  92.67%
  207m|479200 |   520 | 85043k| 177.5 |   611M |  67 |1323 |5778 |2776 | 819k|  0 | 503k|  32 | 0.000000e+00 |      --      |    Inf |  92.70%
  207m|479300 |   521 | 85054k| 177.4 |   611M |  67 |1323 |5645 |2726 | 819k|  0 | 503k|  32 | 0.000000e+00 |      --      |    Inf |  92.71%
  207m|479400 |   517 | 85065k| 177.4 |   611M |  67 |1323 |5612 |2751 | 819k|  0 | 504k|  32 | 0.000000e+00 |      --      |    Inf |  92.75%
  207m|479500 |   518 | 85077k| 177.4 |   611M |  67 |1323 |5682 |2737 | 819k|  2 | 504k|  32 | 0.000000e+00 |      --      |    Inf |  92.75%
  207m|479600 |   532 | 85088k| 177.4 |   611M |  67 |1323 |5747 |2758 | 819k|  2 | 504k|  32 | 0.000000e+00 |      --      |    Inf |  92.75%
  207m|479700 |   530 | 85099k| 177.4 |   611M |  67 |1323 |5831 |2759 | 819k|  0 | 504k|  32 | 0.000000e+00 |      --      |    Inf |  92.75%
  207m|479800 |   522 | 85111k| 177.4 |   611M |  67 |1323 |5900 |2757 | 819k|  0 | 504k|  32 | 0.000000e+00 |      --      |    Inf |  92.75%
  207m|479900 |   518 | 85124k| 177.4 |   611M |  67 |1323 |5976 |2758 | 820k|  1 | 504k|  32 | 0.000000e+00 |      --      |    Inf |  92.75%
  207m|480000 |   522 | 85139k| 177.4 |   611M |  67 |1323 |6053 |2752 | 820k|  0 | 504k|  32 | 0.000000e+00 |      --      |    Inf |  92.75%
  207m|480100 |   519 | 85153k| 177.4 |   611M |  67 |1323 |6144 |2752 | 820k|  1 | 504k|  32 | 0.000000e+00 |      --      |    Inf |  92.75%
  207m|480200 |   514 | 85173k| 177.4 |   611M |  67 |1323 |6059 |4267 | 820k|  1 | 504k|  32 | 0.000000e+00 |      --      |    Inf |  92.76%
 time | node  | left  |LP iter|LP it/n|mem/heur|mdpt |vars |cons |rows |cuts |sepa|confs|strbr|  dualbound   | primalbound  |  gap   | compl. 
  207m|480300 |   516 | 85204k| 177.4 |   611M |  67 |1323 |5895 |2794 | 820k|  1 | 504k|  32 | 0.000000e+00 |      --      |    Inf |  92.79%
  207m|480400 |   509 | 85221k| 177.4 |   611M |  67 |1323 |5909 |2804 | 820k|  2 | 504k|  32 | 0.000000e+00 |      --      |    Inf |  92.83%
  207m|480500 |   509 | 85243k| 177.4 |   611M |  67 |1323 |5825 |2921 | 820k|  0 | 505k|  32 | 0.000000e+00 |      --      |    Inf |  92.88%
  208m|480600 |   507 | 85269k| 177.4 |   611M |  67 |1323 |5803 |3232 | 820k|  1 | 505k|  32 | 0.000000e+00 |      --      |    Inf |  92.88%
  208m|480700 |   513 | 85293k| 177.4 |   611M |  67 |1323 |5737 |3534 | 820k|  0 | 505k|  32 | 0.000000e+00 |      --      |    Inf |  92.89%
  208m|480800 |   507 | 85315k| 177.4 |   611M |  67 |1323 |5748 |3534 | 820k|  0 | 505k|  32 | 0.000000e+00 |      --      |    Inf |  92.98%
  208m|480900 |   507 | 85337k| 177.4 |   611M |  67 |1323 |5818 |3538 | 821k|  0 | 505k|  32 | 0.000000e+00 |      --      |    Inf |  92.98%
  208m|481000 |   507 | 85358k| 177.5 |   611M |  67 |1323 |5897 |3538 | 821k|  0 | 505k|  32 | 0.000000e+00 |      --      |    Inf |  92.98%
  208m|481100 |   504 | 85380k| 177.5 |   611M |  67 |1323 |5992 |2785 | 821k|  2 | 505k|  32 | 0.000000e+00 |      --      |    Inf |  92.98%
  208m|481200 |   500 | 85401k| 177.5 |   611M |  67 |1323 |6003 |2911 | 821k|  0 | 505k|  32 | 0.000000e+00 |      --      |    Inf |  92.98%
  208m|481300 |   496 | 85420k| 177.5 |   611M |  67 |1323 |5837 |3475 | 821k|  1 | 505k|  32 | 0.000000e+00 |      --      |    Inf |  93.02%
  208m|481400 |   499 | 85446k| 177.5 |   611M |  67 |1323 |5706 |3845 | 821k|  2 | 505k|  32 | 0.000000e+00 |      --      |    Inf |  93.02%
  208m|481500 |   501 | 85468k| 177.5 |   612M |  67 |1323 |5760 |3851 | 821k|  1 | 505k|  32 | 0.000000e+00 |      --      |    Inf |  93.02%
  208m|481600 |   487 | 85497k| 177.5 |   612M |  67 |1323 |5720 |2718 | 821k|  0 | 506k|  32 | 0.000000e+00 |      --      |    Inf |  93.03%
  208m|481700 |   494 | 85516k| 177.5 |   612M |  67 |1323 |5724 |   0 | 821k|  0 | 506k|  32 | 0.000000e+00 |      --      |    Inf |  93.03%
 time | node  | left  |LP iter|LP it/n|mem/heur|mdpt |vars |cons |rows |cuts |sepa|confs|strbr|  dualbound   | primalbound  |  gap   | compl. 
  208m|481800 |   501 | 85535k| 177.5 |   612M |  67 |1323 |5787 |2840 | 822k|  0 | 506k|  32 | 0.000000e+00 |      --      |    Inf |  93.03%
  208m|481900 |   509 | 85552k| 177.5 |   612M |  67 |1323 |5872 |2869 | 822k|  2 | 506k|  32 | 0.000000e+00 |      --      |    Inf |  93.03%
  208m|482000 |   497 | 85565k| 177.5 |   612M |  67 |1323 |6024 |2845 | 822k|  2 | 506k|  32 | 0.000000e+00 |      --      |    Inf |  93.03%
  208m|482100 |   493 | 85588k| 177.5 |   612M |  67 |1323 |6050 |2818 | 822k|  2 | 506k|  32 | 0.000000e+00 |      --      |    Inf |  93.03%
  208m|482200 |   499 | 85603k| 177.5 |   612M |  67 |1323 |6122 |2831 | 822k|  1 | 506k|  32 | 0.000000e+00 |      --      |    Inf |  93.03%
  208m|482300 |   497 | 85617k| 177.5 |   612M |  67 |1323 |6176 |2826 | 823k|  2 | 506k|  32 | 0.000000e+00 |      --      |    Inf |  93.03%
  208m|482400 |   497 | 85636k| 177.5 |   612M |  67 |1323 |6206 |2855 | 823k|  0 | 506k|  32 | 0.000000e+00 |      --      |    Inf |  93.03%
  208m|482500 |   486 | 85652k| 177.5 |   612M |  67 |1323 |6212 |2847 | 823k|  0 | 506k|  32 | 0.000000e+00 |      --      |    Inf |  93.03%
  208m|482600 |   497 | 85667k| 177.5 |   612M |  67 |1323 |6172 |2821 | 823k|  1 | 506k|  32 | 0.000000e+00 |      --      |    Inf |  93.03%
  208m|482700 |   496 | 85680k| 177.5 |   612M |  67 |1323 |6226 |2835 | 823k|  0 | 507k|  32 | 0.000000e+00 |      --      |    Inf |  93.03%
  208m|482800 |   491 | 85692k| 177.5 |   612M |  67 |1323 |6291 |2808 | 824k|  2 | 507k|  32 | 0.000000e+00 |      --      |    Inf |  93.03%
  208m|482900 |   482 | 85711k| 177.5 |   612M |  67 |1323 |6207 |3381 | 824k|  2 | 507k|  32 | 0.000000e+00 |      --      |    Inf |  93.04%
  208m|483000 |   488 | 85737k| 177.5 |   612M |  67 |1323 |6054 |2984 | 824k|  0 | 507k|  32 | 0.000000e+00 |      --      |    Inf |  93.04%
  208m|483100 |   485 | 85762k| 177.5 |   612M |  67 |1323 |6002 |3624 | 824k|  1 | 507k|  32 | 0.000000e+00 |      --      |    Inf |  93.04%
  208m|483200 |   488 | 85783k| 177.5 |   612M |  67 |1323 |5954 |3625 | 824k|  0 | 507k|  32 | 0.000000e+00 |      --      |    Inf |  93.04%
 time | node  | left  |LP iter|LP it/n|mem/heur|mdpt |vars |cons |rows |cuts |sepa|confs|strbr|  dualbound   | primalbound  |  gap   | compl. 
  209m|483300 |   475 | 85811k| 177.5 |   612M |  67 |1323 |5588 |2830 | 824k|  0 | 507k|  32 | 0.000000e+00 |      --      |    Inf |  96.37%
  209m|483400 |   481 | 85832k| 177.6 |   612M |  67 |1323 |5528 |3088 | 824k|  0 | 507k|  32 | 0.000000e+00 |      --      |    Inf |  96.38%
  209m|483500 |   483 | 85853k| 177.6 |   612M |  67 |1323 |5579 |3062 | 824k|  0 | 507k|  32 | 0.000000e+00 |      --      |    Inf |  96.38%
  209m|483600 |   478 | 85878k| 177.6 |   612M |  67 |1323 |5450 |3685 | 824k|  0 | 507k|  32 | 0.000000e+00 |      --      |    Inf |  96.38%
  209m|483700 |   474 | 85904k| 177.6 |   612M |  67 |1323 |5373 |3541 | 824k|  2 | 507k|  32 | 0.000000e+00 |      --      |    Inf |  96.38%
  209m|483800 |   478 | 85927k| 177.6 |   612M |  67 |1323 |5394 |4076 | 824k|  0 | 507k|  32 | 0.000000e+00 |      --      |    Inf |  96.38%
  209m|483900 |   478 | 85943k| 177.6 |   612M |  67 |1323 |5401 |4054 | 824k|  1 | 508k|  32 | 0.000000e+00 |      --      |    Inf |  96.39%
  209m|484000 |   476 | 85962k| 177.6 |   612M |  67 |1323 |5352 |3670 | 825k|  1 | 508k|  32 | 0.000000e+00 |      --      |    Inf |  96.41%
  209m|484100 |   468 | 85981k| 177.6 |   612M |  67 |1323 |5256 |2991 | 825k|  1 | 508k|  32 | 0.000000e+00 |      --      |    Inf |  96.41%
  209m|484200 |   474 | 85994k| 177.6 |   612M |  67 |1323 |5227 |3003 | 825k|  1 | 508k|  32 | 0.000000e+00 |      --      |    Inf |  96.41%
  209m|484300 |   471 | 86015k| 177.6 |   612M |  67 |1323 |5080 |3264 | 825k|  1 | 508k|  32 | 0.000000e+00 |      --      |    Inf |  96.42%
  209m|484400 |   477 | 86033k| 177.6 |   612M |  67 |1323 |5134 |3294 | 825k|  2 | 508k|  32 | 0.000000e+00 |      --      |    Inf |  96.42%
  209m|484500 |   477 | 86051k| 177.6 |   612M |  67 |1323 |5231 |3289 | 825k|  2 | 508k|  32 | 0.000000e+00 |      --      |    Inf |  96.42%
  209m|484600 |   467 | 86075k| 177.6 |   612M |  67 |1323 |5084 |3616 | 825k|  0 | 508k|  32 | 0.000000e+00 |      --      |    Inf |  96.43%
  209m|484700 |   463 | 86101k| 177.6 |   612M |  67 |1323 |5018 |3073 | 825k|  0 | 508k|  32 | 0.000000e+00 |      --      |    Inf |  96.43%
 time | node  | left  |LP iter|LP it/n|mem/heur|mdpt |vars |cons |rows |cuts |sepa|confs|strbr|  dualbound   | primalbound  |  gap   | compl. 
  209m|484800 |   462 | 86125k| 177.6 |   612M |  67 |1323 |5080 |2912 | 825k|  0 | 508k|  32 | 0.000000e+00 |      --      |    Inf |  96.43%
  209m|484900 |   465 | 86151k| 177.7 |   612M |  67 |1323 |5081 |2710 | 825k|  2 | 508k|  32 | 0.000000e+00 |      --      |    Inf |  96.43%
  209m|485000 |   463 | 86174k| 177.7 |   612M |  67 |1323 |5119 |2708 | 826k|  0 | 509k|  32 | 0.000000e+00 |      --      |    Inf |  96.43%
  209m|485100 |   460 | 86195k| 177.7 |   612M |  67 |1323 |5103 |   0 | 826k|  0 | 509k|  32 | 0.000000e+00 |      --      |    Inf |  96.44%
  209m|485200 |   458 | 86214k| 177.7 |   612M |  67 |1323 |5069 |2904 | 826k|  1 | 509k|  32 | 0.000000e+00 |      --      |    Inf |  96.44%
  209m|485300 |   454 | 86235k| 177.7 |   612M |  67 |1323 |5063 |4324 | 826k|  1 | 509k|  32 | 0.000000e+00 |      --      |    Inf |  96.44%
  209m|485400 |   462 | 86254k| 177.7 |   612M |  67 |1323 |5076 |3773 | 826k|  0 | 509k|  32 | 0.000000e+00 |      --      |    Inf |  96.44%
  209m|485500 |   451 | 86278k| 177.7 |   612M |  67 |1323 |5080 |3572 | 826k|  0 | 509k|  32 | 0.000000e+00 |      --      |    Inf |  96.46%
  209m|485600 |   462 | 86294k| 177.7 |   612M |  67 |1323 |5118 |3685 | 826k|  0 | 509k|  32 | 0.000000e+00 |      --      |    Inf |  96.46%
  209m|485700 |   453 | 86316k| 177.7 |   612M |  67 |1323 |5172 |3571 | 826k|  2 | 509k|  32 | 0.000000e+00 |      --      |    Inf |  96.46%
  209m|485800 |   451 | 86337k| 177.7 |   612M |  67 |1323 |5147 |3563 | 826k|  1 | 509k|  32 | 0.000000e+00 |      --      |    Inf |  96.47%
  210m|485900 |   451 | 86356k| 177.7 |   612M |  67 |1323 |5159 |2797 | 826k|  0 | 509k|  32 | 0.000000e+00 |      --      |    Inf |  96.86%
  210m|486000 |   447 | 86375k| 177.7 |   612M |  67 |1323 |5185 |3208 | 826k|  0 | 510k|  32 | 0.000000e+00 |      --      |    Inf |  96.86%
  210m|486100 |   453 | 86387k| 177.7 |   612M |  67 |1323 |5310 |2808 | 826k|  2 | 510k|  32 | 0.000000e+00 |      --      |    Inf |  96.86%
  210m|486200 |   454 | 86400k| 177.7 |   612M |  67 |1323 |5372 |2804 | 827k|  0 | 510k|  32 | 0.000000e+00 |      --      |    Inf |  96.86%
 time | node  | left  |LP iter|LP it/n|mem/heur|mdpt |vars |cons |rows |cuts |sepa|confs|strbr|  dualbound   | primalbound  |  gap   | compl. 
  210m|486300 |   467 | 86412k| 177.7 |   612M |  67 |1323 |5463 |2815 | 827k|  1 | 510k|  32 | 0.000000e+00 |      --      |    Inf |  96.86%
  210m|486400 |   453 | 86426k| 177.7 |   612M |  67 |1323 |5585 |2867 | 827k|  2 | 510k|  32 | 0.000000e+00 |      --      |    Inf |  96.86%
  210m|486500 |   449 | 86444k| 177.7 |   612M |  67 |1323 |5664 |2817 | 827k|  0 | 510k|  32 | 0.000000e+00 |      --      |    Inf |  96.86%
  210m|486600 |   451 | 86463k| 177.7 |   612M |  67 |1323 |5787 |2851 | 827k|  0 | 510k|  32 | 0.000000e+00 |      --      |    Inf |  96.86%
  210m|486700 |   454 | 86478k| 177.7 |   612M |  67 |1323 |5884 |2797 | 827k|  0 | 510k|  32 | 0.000000e+00 |      --      |    Inf |  96.86%
  210m|486800 |   455 | 86497k| 177.7 |   612M |  67 |1323 |5971 |2801 | 827k|  1 | 510k|  32 | 0.000000e+00 |      --      |    Inf |  96.86%
  210m|486900 |   446 | 86517k| 177.7 |   612M |  67 |1323 |6038 |2808 | 827k|  0 | 511k|  32 | 0.000000e+00 |      --      |    Inf |  96.86%
  210m|487000 |   447 | 86539k| 177.7 |   612M |  67 |1323 |6072 |3789 | 827k|  1 | 511k|  32 | 0.000000e+00 |      --      |    Inf |  96.86%
  210m|487100 |   449 | 86573k| 177.7 |   612M |  67 |1323 |6126 |3803 | 827k|  1 | 511k|  32 | 0.000000e+00 |      --      |    Inf |  96.86%
  210m|487200 |   444 | 86601k| 177.7 |   612M |  67 |1323 |6177 |3969 | 827k|  1 | 511k|  32 | 0.000000e+00 |      --      |    Inf |  96.86%
  210m|487300 |   450 | 86634k| 177.8 |   612M |  67 |1323 |6173 |3935 | 827k|  0 | 511k|  32 | 0.000000e+00 |      --      |    Inf |  96.86%
  210m|487400 |   441 | 86658k| 177.8 |   612M |  67 |1323 |6189 |2910 | 828k|  0 | 511k|  32 | 0.000000e+00 |      --      |    Inf |  96.86%
  210m|487500 |   442 | 86678k| 177.8 |   612M |  67 |1323 |6182 |2996 | 828k|  0 | 511k|  32 | 0.000000e+00 |      --      |    Inf |  96.87%
  210m|487600 |   444 | 86700k| 177.8 |   612M |  67 |1323 |6068 |3759 | 828k|  0 | 511k|  32 | 0.000000e+00 |      --      |    Inf |  96.87%
  210m|487700 |   446 | 86726k| 177.8 |   612M |  67 |1323 |6082 |3779 | 828k|  1 | 511k|  32 | 0.000000e+00 |      --      |    Inf |  96.87%
 time | node  | left  |LP iter|LP it/n|mem/heur|mdpt |vars |cons |rows |cuts |sepa|confs|strbr|  dualbound   | primalbound  |  gap   | compl. 
  210m|487800 |   448 | 86749k| 177.8 |   612M |  67 |1323 |6128 |2961 | 828k|  0 | 511k|  32 | 0.000000e+00 |      --      |    Inf |  96.87%
  210m|487900 |   430 | 86771k| 177.8 |   612M |  67 |1323 |6026 |3729 | 828k|  0 | 511k|  32 | 0.000000e+00 |      --      |    Inf |  96.87%
  210m|488000 |   437 | 86789k| 177.8 |   612M |  67 |1323 |5877 |4090 | 828k|  0 | 512k|  32 | 0.000000e+00 |      --      |    Inf |  96.87%
  210m|488100 |   431 | 86803k| 177.8 |   612M |  67 |1323 |5928 |3858 | 828k|  0 | 512k|  32 | 0.000000e+00 |      --      |    Inf |  96.88%
  210m|488200 |   441 | 86819k| 177.8 |   612M |  67 |1323 |5907 |4388 | 828k|  1 | 512k|  32 | 0.000000e+00 |      --      |    Inf |  96.88%
  210m|488300 |   433 | 86833k| 177.8 |   612M |  67 |1323 |5991 |3965 | 828k|  1 | 512k|  32 | 0.000000e+00 |      --      |    Inf |  96.88%
  210m|488400 |   430 | 86857k| 177.8 |   612M |  67 |1323 |6027 |3965 | 828k|  0 | 512k|  32 | 0.000000e+00 |      --      |    Inf |  96.88%
  211m|488500 |   426 | 86886k| 177.9 |   612M |  67 |1323 |6078 |3973 | 828k|  1 | 512k|  32 | 0.000000e+00 |      --      |    Inf |  96.89%
  211m|488600 |   430 | 86905k| 177.9 |   612M |  67 |1323 |5964 |2837 | 828k|  0 | 512k|  32 | 0.000000e+00 |      --      |    Inf |  96.89%
  211m|488700 |   432 | 86924k| 177.9 |   612M |  67 |1323 |5993 |2854 | 828k|  0 | 512k|  32 | 0.000000e+00 |      --      |    Inf |  96.89%
  211m|488800 |   431 | 86944k| 177.9 |   612M |  67 |1323 |6037 |3986 | 828k|  1 | 512k|  32 | 0.000000e+00 |      --      |    Inf |  96.89%
  211m|488900 |   426 | 86965k| 177.9 |   612M |  67 |1323 |6001 |2911 | 829k|  1 | 512k|  32 | 0.000000e+00 |      --      |    Inf |  96.89%
  211m|489000 |   428 | 86976k| 177.9 |   612M |  67 |1323 |6104 |2919 | 829k|  0 | 513k|  32 | 0.000000e+00 |      --      |    Inf |  96.89%
  211m|489100 |   428 | 86986k| 177.8 |   612M |  67 |1323 |6185 |2924 | 829k|  2 | 513k|  32 | 0.000000e+00 |      --      |    Inf |  96.89%
  211m|489200 |   427 | 86995k| 177.8 |   612M |  67 |1323 |6298 |2936 | 829k|  2 | 513k|  32 | 0.000000e+00 |      --      |    Inf |  96.89%
 time | node  | left  |LP iter|LP it/n|mem/heur|mdpt |vars |cons |rows |cuts |sepa|confs|strbr|  dualbound   | primalbound  |  gap   | compl. 
  211m|489300 |   428 | 87005k| 177.8 |   612M |  67 |1323 |6408 |2950 | 829k|  2 | 513k|  32 | 0.000000e+00 |      --      |    Inf |  96.89%
  211m|489400 |   435 | 87018k| 177.8 |   612M |  67 |1323 |6443 |2957 | 829k|  0 | 513k|  32 | 0.000000e+00 |      --      |    Inf |  96.89%
  211m|489500 |   437 | 87030k| 177.8 |   612M |  67 |1323 |6443 |3000 | 829k|  2 | 513k|  32 | 0.000000e+00 |      --      |    Inf |  96.89%
  211m|489600 |   433 | 87038k| 177.8 |   612M |  67 |1323 |6392 |2957 | 829k|  0 | 513k|  32 | 0.000000e+00 |      --      |    Inf |  96.89%
  211m|489700 |   433 | 87052k| 177.8 |   612M |  67 |1323 |6408 |2929 | 830k|  2 | 513k|  32 | 0.000000e+00 |      --      |    Inf |  96.89%
  211m|489800 |   442 | 87069k| 177.8 |   612M |  67 |1323 |6444 |2920 | 830k|  1 | 513k|  32 | 0.000000e+00 |      --      |    Inf |  96.89%
  211m|489900 |   438 | 87082k| 177.7 |   612M |  67 |1323 |6444 |2942 | 830k|  1 | 513k|  32 | 0.000000e+00 |      --      |    Inf |  96.89%
  211m|490000 |   422 | 87096k| 177.7 |   612M |  67 |1323 |6444 |2904 | 830k|  0 | 513k|  32 | 0.000000e+00 |      --      |    Inf |  96.89%
  211m|490100 |   429 | 87110k| 177.7 |   612M |  67 |1323 |6439 |2956 | 830k|  2 | 514k|  32 | 0.000000e+00 |      --      |    Inf |  96.89%
  211m|490200 |   436 | 87123k| 177.7 |   612M |  67 |1323 |6387 |2936 | 830k|  1 | 514k|  32 | 0.000000e+00 |      --      |    Inf |  96.89%
  211m|490300 |   429 | 87137k| 177.7 |   612M |  67 |1323 |6447 |2918 | 831k|  2 | 514k|  32 | 0.000000e+00 |      --      |    Inf |  96.89%
  211m|490400 |   423 | 87149k| 177.7 |   612M |  67 |1323 |6420 |2932 | 831k|  0 | 514k|  32 | 0.000000e+00 |      --      |    Inf |  96.89%
  211m|490500 |   441 | 87164k| 177.7 |   612M |  67 |1323 |6434 |2941 | 831k|  2 | 514k|  32 | 0.000000e+00 |      --      |    Inf |  96.89%
  211m|490600 |   450 | 87178k| 177.7 |   612M |  67 |1323 |6447 |2940 | 831k|  2 | 514k|  32 | 0.000000e+00 |      --      |    Inf |  96.89%
  211m|490700 |   441 | 87191k| 177.7 |   612M |  67 |1323 |6448 |2911 | 831k|  2 | 514k|  32 | 0.000000e+00 |      --      |    Inf |  96.89%
 time | node  | left  |LP iter|LP it/n|mem/heur|mdpt |vars |cons |rows |cuts |sepa|confs|strbr|  dualbound   | primalbound  |  gap   | compl. 
  211m|490800 |   424 | 87207k| 177.7 |   612M |  67 |1323 |6442 |2936 | 831k|  2 | 514k|  32 | 0.000000e+00 |      --      |    Inf |  96.89%
  211m|490900 |   426 | 87221k| 177.7 |   612M |  67 |1323 |6448 |2940 | 831k|  2 | 514k|  32 | 0.000000e+00 |      --      |    Inf |  96.89%
  211m|491000 |   425 | 87236k| 177.7 |   612M |  67 |1323 |6450 |2908 | 832k|  0 | 515k|  32 | 0.000000e+00 |      --      |    Inf |  96.89%
  211m|491100 |   426 | 87250k| 177.7 |   612M |  67 |1323 |6451 |2968 | 832k|  2 | 515k|  32 | 0.000000e+00 |      --      |    Inf |  96.89%
  211m|491200 |   424 | 87264k| 177.6 |   612M |  67 |1323 |6451 |2991 | 832k|  1 | 515k|  32 | 0.000000e+00 |      --      |    Inf |  96.89%
  211m|491300 |   422 | 87277k| 177.6 |   612M |  67 |1323 |6448 |2916 | 832k|  0 | 515k|  32 | 0.000000e+00 |      --      |    Inf |  96.89%
  211m|491400 |   420 | 87290k| 177.6 |   612M |  67 |1323 |6452 |2910 | 832k|  2 | 515k|  32 | 0.000000e+00 |      --      |    Inf |  96.89%
  211m|491500 |   432 | 87305k| 177.6 |   612M |  67 |1323 |6434 |   0 | 832k|  0 | 515k|  32 | 0.000000e+00 |      --      |    Inf |  96.89%
  211m|491600 |   433 | 87317k| 177.6 |   612M |  67 |1323 |6452 |2936 | 832k|  2 | 515k|  32 | 0.000000e+00 |      --      |    Inf |  96.89%
  211m|491700 |   430 | 87327k| 177.6 |   612M |  67 |1323 |6453 |2963 | 833k|  1 | 515k|  32 | 0.000000e+00 |      --      |    Inf |  96.89%
  211m|491800 |   428 | 87339k| 177.6 |   612M |  67 |1323 |6453 |2938 | 833k|  2 | 515k|  32 | 0.000000e+00 |      --      |    Inf |  96.89%
  211m|491900 |   427 | 87355k| 177.6 |   612M |  67 |1323 |6450 |2921 | 833k|  2 | 515k|  32 | 0.000000e+00 |      --      |    Inf |  96.89%
  211m|492000 |   433 | 87367k| 177.6 |   612M |  67 |1323 |6451 |   0 | 833k|  0 | 516k|  32 | 0.000000e+00 |      --      |    Inf |  96.89%
  211m|492100 |   427 | 87383k| 177.6 |   612M |  67 |1323 |6449 |2928 | 833k|  0 | 516k|  32 | 0.000000e+00 |      --      |    Inf |  96.89%
  212m|492200 |   425 | 87393k| 177.6 |   612M |  67 |1323 |6445 |2986 | 833k|  2 | 516k|  32 | 0.000000e+00 |      --      |    Inf |  96.89%
 time | node  | left  |LP iter|LP it/n|mem/heur|mdpt |vars |cons |rows |cuts |sepa|confs|strbr|  dualbound   | primalbound  |  gap   | compl. 
  212m|492300 |   421 | 87404k| 177.5 |   612M |  67 |1323 |6450 |2905 | 833k|  2 | 516k|  32 | 0.000000e+00 |      --      |    Inf |  96.89%
  212m|492400 |   430 | 87417k| 177.5 |   612M |  67 |1323 |6451 |2932 | 833k|  0 | 516k|  32 | 0.000000e+00 |      --      |    Inf |  96.89%
  212m|492500 |   431 | 87430k| 177.5 |   612M |  67 |1323 |6452 |2928 | 833k|  0 | 516k|  32 | 0.000000e+00 |      --      |    Inf |  96.89%
  212m|492600 |   427 | 87442k| 177.5 |   612M |  67 |1323 |6453 |2944 | 834k|  2 | 516k|  32 | 0.000000e+00 |      --      |    Inf |  96.89%
  212m|492700 |   425 | 87456k| 177.5 |   612M |  67 |1323 |6455 |2927 | 834k|  2 | 516k|  32 | 0.000000e+00 |      --      |    Inf |  96.89%
  212m|492800 |   422 | 87473k| 177.5 |   612M |  67 |1323 |6457 |2925 | 834k|  0 | 516k|  32 | 0.000000e+00 |      --      |    Inf |  96.90%
  212m|492900 |   417 | 87487k| 177.5 |   612M |  67 |1323 |6457 |2807 | 834k|  1 | 516k|  32 | 0.000000e+00 |      --      |    Inf |  96.90%
  212m|493000 |   420 | 87511k| 177.5 |   612M |  67 |1323 |6457 |3414 | 834k|  0 | 517k|  32 | 0.000000e+00 |      --      |    Inf |  96.90%
  212m|493100 |   416 | 87533k| 177.5 |   612M |  67 |1323 |6453 |3896 | 834k|  0 | 517k|  32 | 0.000000e+00 |      --      |    Inf |  96.90%
  212m|493200 |   422 | 87554k| 177.5 |   612M |  67 |1323 |6451 |3888 | 834k|  0 | 517k|  32 | 0.000000e+00 |      --      |    Inf |  96.90%
  212m|493300 |   425 | 87577k| 177.5 |   612M |  67 |1323 |6450 |3926 | 834k|  1 | 517k|  32 | 0.000000e+00 |      --      |    Inf |  96.90%
  212m|493400 |   426 | 87604k| 177.5 |   612M |  67 |1323 |6447 |3931 | 834k|  0 | 517k|  32 | 0.000000e+00 |      --      |    Inf |  96.90%
  212m|493500 |   420 | 87627k| 177.6 |   612M |  67 |1323 |6441 |3889 | 834k|  2 | 517k|  32 | 0.000000e+00 |      --      |    Inf |  96.90%
  212m|493600 |   433 | 87650k| 177.6 |   612M |  67 |1323 |6440 |3456 | 834k|  0 | 517k|  32 | 0.000000e+00 |      --      |    Inf |  96.90%
  212m|493700 |   435 | 87676k| 177.6 |   612M |  67 |1323 |6439 |3443 | 834k|  0 | 517k|  32 | 0.000000e+00 |      --      |    Inf |  96.90%
 time | node  | left  |LP iter|LP it/n|mem/heur|mdpt |vars |cons |rows |cuts |sepa|confs|strbr|  dualbound   | primalbound  |  gap   | compl. 
  212m|493800 |   441 | 87700k| 177.6 |   612M |  67 |1323 |6439 |3501 | 834k|  0 | 517k|  32 | 0.000000e+00 |      --      |    Inf |  96.90%
  212m|493900 |   430 | 87723k| 177.6 |   612M |  67 |1323 |6438 |3434 | 834k|  1 | 517k|  32 | 0.000000e+00 |      --      |    Inf |  96.90%
  212m|494000 |   427 | 87745k| 177.6 |   612M |  67 |1323 |6438 |3491 | 835k|  1 | 518k|  32 | 0.000000e+00 |      --      |    Inf |  96.90%
  212m|494100 |   433 | 87773k| 177.6 |   612M |  67 |1323 |6438 |3550 | 835k|  0 | 518k|  32 | 0.000000e+00 |      --      |    Inf |  96.90%
  212m|494200 |   438 | 87797k| 177.7 |   612M |  67 |1323 |6438 |3540 | 835k|  2 | 518k|  32 | 0.000000e+00 |      --      |    Inf |  96.90%
  212m|494300 |   430 | 87821k| 177.7 |   612M |  67 |1323 |6437 |3452 | 835k|  0 | 518k|  32 | 0.000000e+00 |      --      |    Inf |  96.90%
  212m|494400 |   425 | 87843k| 177.7 |   612M |  67 |1323 |6437 |3537 | 835k|  0 | 518k|  32 | 0.000000e+00 |      --      |    Inf |  96.90%
  212m|494500 |   425 | 87865k| 177.7 |   612M |  67 |1323 |6437 |3524 | 835k|  1 | 518k|  32 | 0.000000e+00 |      --      |    Inf |  96.90%
  212m|494600 |   425 | 87887k| 177.7 |   612M |  67 |1323 |6437 |3551 | 835k|  0 | 518k|  32 | 0.000000e+00 |      --      |    Inf |  96.90%
  212m|494700 |   420 | 87912k| 177.7 |   612M |  67 |1323 |6437 |3562 | 835k|  0 | 518k|  32 | 0.000000e+00 |      --      |    Inf |  96.90%
  213m|494800 |   435 | 87935k| 177.7 |   612M |  67 |1323 |6437 |3528 | 835k|  1 | 518k|  32 | 0.000000e+00 |      --      |    Inf |  96.90%
  213m|494900 |   426 | 87962k| 177.7 |   612M |  67 |1323 |6436 |3544 | 835k|  1 | 519k|  32 | 0.000000e+00 |      --      |    Inf |  96.90%
  213m|495000 |   425 | 87985k| 177.7 |   612M |  67 |1323 |6436 |3533 | 835k|  0 | 519k|  32 | 0.000000e+00 |      --      |    Inf |  96.90%
  213m|495100 |   418 | 88010k| 177.8 |   612M |  67 |1323 |6436 |3530 | 835k|  0 | 519k|  32 | 0.000000e+00 |      --      |    Inf |  96.90%
  213m|495200 |   423 | 88032k| 177.8 |   612M |  67 |1323 |6436 |3765 | 835k|  2 | 519k|  32 | 0.000000e+00 |      --      |    Inf |  96.90%
 time | node  | left  |LP iter|LP it/n|mem/heur|mdpt |vars |cons |rows |cuts |sepa|confs|strbr|  dualbound   | primalbound  |  gap   | compl. 
  213m|495300 |   422 | 88055k| 177.8 |   613M |  67 |1323 |6436 |4268 | 835k|  1 | 519k|  32 | 0.000000e+00 |      --      |    Inf |  96.90%
  213m|495400 |   417 | 88078k| 177.8 |   613M |  67 |1323 |6436 |4171 | 835k|  0 | 519k|  32 | 0.000000e+00 |      --      |    Inf |  96.90%
  213m|495500 |   418 | 88108k| 177.8 |   613M |  67 |1323 |6438 |3816 | 836k|  2 | 519k|  32 | 0.000000e+00 |      --      |    Inf |  96.90%
  213m|495600 |   411 | 88141k| 177.8 |   613M |  67 |1323 |6438 |3611 | 836k|  0 | 519k|  32 | 0.000000e+00 |      --      |    Inf |  96.90%
  213m|495700 |   405 | 88167k| 177.9 |   613M |  67 |1323 |6441 |3921 | 836k|  0 | 519k|  32 | 0.000000e+00 |      --      |    Inf |  96.91%
  213m|495800 |   411 | 88197k| 177.9 |   613M |  67 |1323 |6440 |3645 | 836k|  1 | 520k|  32 | 0.000000e+00 |      --      |    Inf |  96.91%
  213m|495900 |   409 | 88220k| 177.9 |   613M |  67 |1323 |6441 |3690 | 836k|  1 | 520k|  32 | 0.000000e+00 |      --      |    Inf |  96.91%
  213m|496000 |   399 | 88251k| 177.9 |   613M |  67 |1323 |6244 |3140 | 836k|  2 | 520k|  32 | 0.000000e+00 |      --      |    Inf |  96.91%
  213m|496100 |   395 | 88276k| 177.9 |   613M |  67 |1323 |6207 |3381 | 836k|  0 | 520k|  32 | 0.000000e+00 |      --      |    Inf |  96.92%
  213m|496200 |   407 | 88291k| 177.9 |   613M |  67 |1323 |6153 |2915 | 836k|  0 | 520k|  32 | 0.000000e+00 |      --      |    Inf |  96.92%
  213m|496300 |   397 | 88310k| 177.9 |   613M |  67 |1323 |6200 |3256 | 836k|  2 | 520k|  32 | 0.000000e+00 |      --      |    Inf |  96.92%
  213m|496400 |   396 | 88324k| 177.9 |   613M |  67 |1323 |6312 |3268 | 836k|  0 | 520k|  32 | 0.000000e+00 |      --      |    Inf |  96.92%
  213m|496500 |   392 | 88338k| 177.9 |   613M |  67 |1323 |6439 |3263 | 836k|  0 | 520k|  32 | 0.000000e+00 |      --      |    Inf |  96.92%
  213m|496600 |   409 | 88356k| 177.9 |   613M |  67 |1323 |6434 |2903 | 836k|  1 | 520k|  32 | 0.000000e+00 |      --      |    Inf |  96.92%
  213m|496700 |   399 | 88375k| 177.9 |   613M |  67 |1323 |6405 |2805 | 836k|  0 | 521k|  32 | 0.000000e+00 |      --      |    Inf |  96.92%
 time | node  | left  |LP iter|LP it/n|mem/heur|mdpt |vars |cons |rows |cuts |sepa|confs|strbr|  dualbound   | primalbound  |  gap   | compl. 
  213m|496800 |   392 | 88392k| 177.9 |   613M |  67 |1323 |6307 |   0 | 837k|  0 | 521k|  32 | 0.000000e+00 |      --      |    Inf |  96.92%
  213m|496900 |   395 | 88407k| 177.9 |   613M |  67 |1323 |6232 |3297 | 837k|  1 | 521k|  32 | 0.000000e+00 |      --      |    Inf |  96.92%
  213m|497000 |   385 | 88425k| 177.9 |   614M |  67 |1323 |6167 |3222 | 837k|  0 | 521k|  32 | 0.000000e+00 |      --      |    Inf |  96.92%
  214m|497100 |   379 | 88454k| 177.9 |   614M |  67 |1323 |5675 |3449 | 837k|  0 | 521k|  32 | 0.000000e+00 |      --      |    Inf |  96.92%
  214m|497200 |   375 | 88468k| 177.9 |   614M |  67 |1323 |5473 |3741 | 837k|  1 | 521k|  32 | 0.000000e+00 |      --      |    Inf |  96.94%
  214m|497300 |   372 | 88483k| 177.9 |   614M |  67 |1323 |5429 |3220 | 837k|  0 | 521k|  32 | 0.000000e+00 |      --      |    Inf |  96.94%
  214m|497400 |   370 | 88496k| 177.9 |   614M |  67 |1323 |5408 |3871 | 837k|  0 | 521k|  32 | 0.000000e+00 |      --      |    Inf |  96.94%
  214m|497500 |   364 | 88511k| 177.9 |   614M |  67 |1323 |5265 |3680 | 837k|  0 | 521k|  32 | 0.000000e+00 |      --      |    Inf |  96.94%
  214m|497600 |   357 | 88527k| 177.9 |   614M |  67 |1323 |5208 |3452 | 837k|  0 | 521k|  32 | 0.000000e+00 |      --      |    Inf |  96.94%
  214m|497700 |   364 | 88539k| 177.9 |   614M |  67 |1323 |5174 |2770 | 837k|  2 | 521k|  32 | 0.000000e+00 |      --      |    Inf |  96.94%
  214m|497800 |   364 | 88549k| 177.9 |   614M |  67 |1323 |5270 |2765 | 837k|  1 | 521k|  32 | 0.000000e+00 |      --      |    Inf |  96.94%
  214m|497900 |   363 | 88560k| 177.9 |   614M |  67 |1323 |5378 |2786 | 837k|  1 | 522k|  32 | 0.000000e+00 |      --      |    Inf |  96.94%
  214m|498000 |   364 | 88574k| 177.9 |   614M |  67 |1323 |5451 |2769 | 837k|  2 | 522k|  32 | 0.000000e+00 |      --      |    Inf |  96.94%
  214m|498100 |   363 | 88585k| 177.8 |   614M |  67 |1323 |5499 |2753 | 837k|  1 | 522k|  32 | 0.000000e+00 |      --      |    Inf |  96.94%
  214m|498200 |   364 | 88596k| 177.8 |   614M |  67 |1323 |5583 |2766 | 838k|  2 | 522k|  32 | 0.000000e+00 |      --      |    Inf |  96.94%
 time | node  | left  |LP iter|LP it/n|mem/heur|mdpt |vars |cons |rows |cuts |sepa|confs|strbr|  dualbound   | primalbound  |  gap   | compl. 
  214m|498300 |   362 | 88609k| 177.8 |   614M |  67 |1323 |5649 |2762 | 838k|  0 | 522k|  32 | 0.000000e+00 |      --      |    Inf |  96.94%
  214m|498400 |   360 | 88624k| 177.8 |   614M |  67 |1323 |5369 |3873 | 838k|  0 | 522k|  32 | 0.000000e+00 |      --      |    Inf |  96.98%
  214m|498500 |   362 | 88639k| 177.8 |   614M |  67 |1323 |5437 |3875 | 838k|  0 | 522k|  32 | 0.000000e+00 |      --      |    Inf |  96.98%
  214m|498600 |   365 | 88655k| 177.8 |   614M |  67 |1323 |5520 |3883 | 838k|  0 | 522k|  32 | 0.000000e+00 |      --      |    Inf |  96.99%
  214m|498700 |   361 | 88668k| 177.8 |   614M |  67 |1323 |5609 |3876 | 838k|  0 | 522k|  32 | 0.000000e+00 |      --      |    Inf |  96.99%
  214m|498800 |   363 | 88678k| 177.8 |   614M |  67 |1323 |5615 |2919 | 838k|  0 | 522k|  32 | 0.000000e+00 |      --      |    Inf |  96.99%
  214m|498900 |   362 | 88685k| 177.8 |   614M |  67 |1323 |5590 |2908 | 838k|  0 | 522k|  32 | 0.000000e+00 |      --      |    Inf |  96.99%
  214m|499000 |   364 | 88696k| 177.7 |   614M |  67 |1323 |5606 |   0 | 838k|  0 | 523k|  32 | 0.000000e+00 |      --      |    Inf |  96.99%
  214m|499100 |   358 | 88709k| 177.7 |   614M |  67 |1323 |5652 |3408 | 838k|  0 | 523k|  32 | 0.000000e+00 |      --      |    Inf |  96.99%
  214m|499200 |   367 | 88719k| 177.7 |   614M |  67 |1323 |5700 |3416 | 838k|  2 | 523k|  32 | 0.000000e+00 |      --      |    Inf |  96.99%
  214m|499300 |   362 | 88729k| 177.7 |   614M |  67 |1323 |5768 |3417 | 838k|  0 | 523k|  32 | 0.000000e+00 |      --      |    Inf |  96.99%
  214m|499400 |   362 | 88739k| 177.7 |   614M |  67 |1323 |5859 |3417 | 838k|  1 | 523k|  32 | 0.000000e+00 |      --      |    Inf |  96.99%
  214m|499500 |   356 | 88753k| 177.7 |   614M |  67 |1323 |5762 |4358 | 838k|  0 | 523k|  32 | 0.000000e+00 |      --      |    Inf |  96.99%
  214m|499600 |   356 | 88767k| 177.7 |   614M |  67 |1323 |5767 |4358 | 838k|  1 | 523k|  32 | 0.000000e+00 |      --      |    Inf |  96.99%
  214m|499700 |   352 | 88781k| 177.7 |   614M |  67 |1323 |5732 |3879 | 838k|  0 | 523k|  32 | 0.000000e+00 |      --      |    Inf |  96.99%
 time | node  | left  |LP iter|LP it/n|mem/heur|mdpt |vars |cons |rows |cuts |sepa|confs|strbr|  dualbound   | primalbound  |  gap   | compl. 
  214m|499800 |   355 | 88790k| 177.6 |   614M |  67 |1323 |5706 |2791 | 838k|  1 | 523k|  32 | 0.000000e+00 |      --      |    Inf |  96.99%
  214m|499900 |   354 | 88798k| 177.6 |   614M |  67 |1323 |5796 |2791 | 838k|  0 | 523k|  32 | 0.000000e+00 |      --      |    Inf |  96.99%
  214m|500000 |   353 | 88805k| 177.6 |   614M |  67 |1323 |5873 |2791 | 838k|  0 | 523k|  32 | 0.000000e+00 |      --      |    Inf |  96.99%
  214m|500100 |   354 | 88814k| 177.6 |   614M |  67 |1323 |5968 |2791 | 838k|  1 | 524k|  32 | 0.000000e+00 |      --      |    Inf |  96.99%
  214m|500200 |   356 | 88823k| 177.6 |   614M |  67 |1323 |5984 |2785 | 838k|  1 | 524k|  32 | 0.000000e+00 |      --      |    Inf |  96.99%
  214m|500300 |   346 | 88838k| 177.6 |   614M |  67 |1323 |6048 |2931 | 839k|  0 | 524k|  32 | 0.000000e+00 |      --      |    Inf |  96.99%
  214m|500400 |   342 | 88865k| 177.6 |   614M |  67 |1323 |5936 |3570 | 839k|  2 | 524k|  32 | 0.000000e+00 |      --      |    Inf |  96.99%
  214m|500500 |   345 | 88893k| 177.6 |   614M |  67 |1323 |5915 |2764 | 839k|  2 | 524k|  32 | 0.000000e+00 |      --      |    Inf |  97.02%
  214m|500600 |   338 | 88920k| 177.6 |   614M |  67 |1323 |5893 |2871 | 839k|  1 | 524k|  32 | 0.000000e+00 |      --      |    Inf |  97.09%
  214m|500700 |   344 | 88942k| 177.6 |   614M |  67 |1323 |5883 |2813 | 839k|  2 | 524k|  32 | 0.000000e+00 |      --      |    Inf |  97.09%
  215m|500800 |   339 | 88968k| 177.6 |   614M |  67 |1323 |5981 |2793 | 840k|  2 | 524k|  32 | 0.000000e+00 |      --      |    Inf |  97.09%
  215m|500900 |   337 | 89001k| 177.7 |   614M |  67 |1323 |5958 |2728 | 840k|  0 | 524k|  32 | 0.000000e+00 |      --      |    Inf |  97.10%
  215m|501000 |   342 | 89028k| 177.7 |   614M |  67 |1323 |5858 |4215 | 840k|  0 | 524k|  32 | 0.000000e+00 |      --      |    Inf |  97.12%
  215m|501100 |   343 | 89078k| 177.8 |   614M |  67 |1323 |5959 |4302 | 840k|  2 | 525k|  32 | 0.000000e+00 |      --      |    Inf |  97.14%
  215m|501200 |   341 | 89122k| 177.8 |   614M |  67 |1323 |6085 |4303 | 841k|  0 | 525k|  32 | 0.000000e+00 |      --      |    Inf |  97.14%
 time | node  | left  |LP iter|LP it/n|mem/heur|mdpt |vars |cons |rows |cuts |sepa|confs|strbr|  dualbound   | primalbound  |  gap   | compl. 
  215m|501300 |   334 | 89148k| 177.8 |   614M |  67 |1323 |6064 |3312 | 841k|  1 | 525k|  32 | 0.000000e+00 |      --      |    Inf |  97.15%
  215m|501400 |   352 | 89160k| 177.8 |   614M |  67 |1323 |6011 |2946 | 841k|  1 | 525k|  32 | 0.000000e+00 |      --      |    Inf |  97.17%
  215m|501500 |   353 | 89175k| 177.8 |   615M |  67 |1323 |6087 |2959 | 841k|  3 | 525k|  32 | 0.000000e+00 |      --      |    Inf |  97.17%
  215m|501600 |   339 | 89187k| 177.8 |   615M |  67 |1323 |6146 |4132 | 841k|  0 | 525k|  32 | 0.000000e+00 |      --      |    Inf |  97.17%
  215m|501700 |   349 | 89195k| 177.8 |   615M |  67 |1323 |6219 |4142 | 841k|  0 | 525k|  32 | 0.000000e+00 |      --      |    Inf |  97.17%
  215m|501800 |   355 | 89204k| 177.8 |   615M |  67 |1323 |6297 |4147 | 841k|  1 | 525k|  32 | 0.000000e+00 |      --      |    Inf |  97.17%
  215m|501900 |   346 | 89211k| 177.7 |   615M |  67 |1323 |6414 |4141 | 841k|  0 | 525k|  32 | 0.000000e+00 |      --      |    Inf |  97.17%
  215m|502000 |   346 | 89222k| 177.7 |   615M |  67 |1323 |6443 |4135 | 841k|  0 | 526k|  32 | 0.000000e+00 |      --      |    Inf |  97.17%
  215m|502100 |   350 | 89231k| 177.7 |   615M |  67 |1323 |6442 |4135 | 841k|  2 | 526k|  32 | 0.000000e+00 |      --      |    Inf |  97.17%
  215m|502200 |   347 | 89238k| 177.7 |   615M |  67 |1323 |6444 |4148 | 841k|  2 | 526k|  32 | 0.000000e+00 |      --      |    Inf |  97.17%
  215m|502300 |   352 | 89249k| 177.7 |   615M |  67 |1323 |6444 |4137 | 841k|  0 | 526k|  32 | 0.000000e+00 |      --      |    Inf |  97.17%
  215m|502400 |   351 | 89259k| 177.7 |   615M |  67 |1323 |6443 |4133 | 841k|  0 | 526k|  32 | 0.000000e+00 |      --      |    Inf |  97.17%
  215m|502500 |   344 | 89269k| 177.6 |   615M |  67 |1323 |6443 |4140 | 841k|  0 | 526k|  32 | 0.000000e+00 |      --      |    Inf |  97.17%
  215m|502600 |   337 | 89281k| 177.6 |   615M |  67 |1323 |6443 |4153 | 841k|  0 | 526k|  32 | 0.000000e+00 |      --      |    Inf |  97.17%
  215m|502700 |   345 | 89290k| 177.6 |   615M |  67 |1323 |6444 |4136 | 841k|  1 | 526k|  32 | 0.000000e+00 |      --      |    Inf |  97.17%
 time | node  | left  |LP iter|LP it/n|mem/heur|mdpt |vars |cons |rows |cuts |sepa|confs|strbr|  dualbound   | primalbound  |  gap   | compl. 
  215m|502800 |   343 | 89298k| 177.6 |   615M |  67 |1323 |6446 |4131 | 841k|  2 | 526k|  32 | 0.000000e+00 |      --      |    Inf |  97.18%
  215m|502900 |   344 | 89309k| 177.6 |   615M |  67 |1323 |6449 |4137 | 841k|  2 | 526k|  32 | 0.000000e+00 |      --      |    Inf |  97.18%
  215m|503000 |   345 | 89315k| 177.6 |   615M |  67 |1323 |6446 |4143 | 841k|  1 | 527k|  32 | 0.000000e+00 |      --      |    Inf |  97.18%
  215m|503100 |   342 | 89324k| 177.5 |   615M |  67 |1323 |6447 |4129 | 842k|  0 | 527k|  32 | 0.000000e+00 |      --      |    Inf |  97.18%
  215m|503200 |   343 | 89331k| 177.5 |   615M |  67 |1323 |6449 |   0 | 842k|  0 | 527k|  32 | 0.000000e+00 |      --      |    Inf |  97.18%
  215m|503300 |   348 | 89340k| 177.5 |   615M |  67 |1323 |6448 |4135 | 842k|  2 | 527k|  32 | 0.000000e+00 |      --      |    Inf |  97.18%
  215m|503400 |   356 | 89348k| 177.5 |   615M |  67 |1323 |6449 |4144 | 842k|  1 | 527k|  32 | 0.000000e+00 |      --      |    Inf |  97.18%
  215m|503500 |   341 | 89359k| 177.5 |   615M |  67 |1323 |6451 |4135 | 842k|  1 | 527k|  32 | 0.000000e+00 |      --      |    Inf |  97.18%
  215m|503600 |   342 | 89368k| 177.5 |   615M |  67 |1323 |6452 |4143 | 842k|  0 | 527k|  32 | 0.000000e+00 |      --      |    Inf |  97.18%
  215m|503700 |   347 | 89376k| 177.4 |   615M |  67 |1323 |6452 |4149 | 842k|  1 | 527k|  32 | 0.000000e+00 |      --      |    Inf |  97.19%
  215m|503800 |   345 | 89383k| 177.4 |   615M |  67 |1323 |6453 |4132 | 842k|  1 | 527k|  32 | 0.000000e+00 |      --      |    Inf |  97.19%
  215m|503900 |   345 | 89393k| 177.4 |   615M |  67 |1323 |6453 |4135 | 842k|  0 | 528k|  32 | 0.000000e+00 |      --      |    Inf |  97.19%
  215m|504000 |   337 | 89401k| 177.4 |   615M |  67 |1323 |6453 |4141 | 842k|  1 | 528k|  32 | 0.000000e+00 |      --      |    Inf |  97.19%
  215m|504100 |   341 | 89409k| 177.4 |   615M |  67 |1323 |6454 |4132 | 842k|  2 | 528k|  32 | 0.000000e+00 |      --      |    Inf |  97.19%
  215m|504200 |   331 | 89419k| 177.3 |   615M |  67 |1323 |6454 |4130 | 842k|  0 | 528k|  32 | 0.000000e+00 |      --      |    Inf |  97.19%
 time | node  | left  |LP iter|LP it/n|mem/heur|mdpt |vars |cons |rows |cuts |sepa|confs|strbr|  dualbound   | primalbound  |  gap   | compl. 
  216m|504300 |   344 | 89425k| 177.3 |   615M |  67 |1323 |6455 |4145 | 842k|  1 | 528k|  32 | 0.000000e+00 |      --      |    Inf |  97.19%
  216m|504400 |   340 | 89433k| 177.3 |   615M |  67 |1323 |6455 |4139 | 842k|  1 | 528k|  32 | 0.000000e+00 |      --      |    Inf |  97.19%
  216m|504500 |   337 | 89443k| 177.3 |   615M |  67 |1323 |6455 |4139 | 842k|  1 | 528k|  32 | 0.000000e+00 |      --      |    Inf |  97.19%
  216m|504600 |   341 | 89452k| 177.3 |   615M |  67 |1323 |6452 |4133 | 842k|  0 | 528k|  32 | 0.000000e+00 |      --      |    Inf |  97.19%
  216m|504700 |   330 | 89461k| 177.3 |   615M |  67 |1323 |6451 |3756 | 842k|  0 | 528k|  32 | 0.000000e+00 |      --      |    Inf |  97.22%
  216m|504800 |   330 | 89476k| 177.2 |   615M |  67 |1323 |6449 |3042 | 842k|  0 | 528k|  32 | 0.000000e+00 |      --      |    Inf |  97.22%
  216m|504900 |   334 | 89488k| 177.2 |   615M |  67 |1323 |6448 |3305 | 842k|  0 | 529k|  32 | 0.000000e+00 |      --      |    Inf |  97.22%
  216m|505000 |   345 | 89500k| 177.2 |   615M |  67 |1323 |6446 |2711 | 842k|  1 | 529k|  32 | 0.000000e+00 |      --      |    Inf |  97.22%
  216m|505100 |   333 | 89512k| 177.2 |   615M |  67 |1323 |6444 |3049 | 843k|  2 | 529k|  32 | 0.000000e+00 |      --      |    Inf |  97.22%
  216m|505200 |   343 | 89527k| 177.2 |   615M |  67 |1323 |6439 |4364 | 843k|  0 | 529k|  32 | 0.000000e+00 |      --      |    Inf |  97.22%
  216m|505300 |   336 | 89545k| 177.2 |   615M |  67 |1323 |6438 |4361 | 843k|  1 | 529k|  32 | 0.000000e+00 |      --      |    Inf |  97.22%
  216m|505400 |   330 | 89561k| 177.2 |   615M |  67 |1323 |6436 |3543 | 843k|  0 | 529k|  32 | 0.000000e+00 |      --      |    Inf |  97.22%
  216m|505500 |   334 | 89574k| 177.2 |   615M |  67 |1323 |6435 |3549 | 843k|  1 | 529k|  32 | 0.000000e+00 |      --      |    Inf |  97.22%
  216m|505600 |   333 | 89585k| 177.2 |   615M |  67 |1323 |6436 |2905 | 843k|  0 | 529k|  32 | 0.000000e+00 |      --      |    Inf |  97.23%
  216m|505700 |   325 | 89594k| 177.2 |   615M |  67 |1323 |6438 |2906 | 843k|  0 | 529k|  32 | 0.000000e+00 |      --      |    Inf |  97.25%
 time | node  | left  |LP iter|LP it/n|mem/heur|mdpt |vars |cons |rows |cuts |sepa|confs|strbr|  dualbound   | primalbound  |  gap   | compl. 
  216m|505800 |   319 | 89605k| 177.2 |   615M |  67 |1323 |6437 |3660 | 843k|  0 | 529k|  32 | 0.000000e+00 |      --      |    Inf |  97.26%
  216m|505900 |   325 | 89619k| 177.1 |   615M |  67 |1323 |6387 |4136 | 843k|  0 | 529k|  32 | 0.000000e+00 |      --      |    Inf |  97.27%
  216m|506000 |   327 | 89632k| 177.1 |   616M |  67 |1323 |6431 |3927 | 843k|  1 | 530k|  32 | 0.000000e+00 |      --      |    Inf |  97.27%
  216m|506100 |   330 | 89647k| 177.1 |   616M |  67 |1323 |6438 |3926 | 843k|  1 | 530k|  32 | 0.000000e+00 |      --      |    Inf |  97.27%
  216m|506200 |   318 | 89665k| 177.1 |   616M |  67 |1323 |6438 |4394 | 843k|  0 | 530k|  32 | 0.000000e+00 |      --      |    Inf |  97.27%
  216m|506300 |   326 | 89700k| 177.2 |   616M |  67 |1323 |6438 |4450 | 843k|  2 | 530k|  32 | 0.000000e+00 |      --      |    Inf |  97.27%
  216m|506400 |   318 | 89753k| 177.2 |   617M |  67 |1323 |6439 |4411 | 843k|  0 | 530k|  32 | 0.000000e+00 |      --      |    Inf |  97.27%
  216m|506500 |   328 | 89813k| 177.3 |   617M |  67 |1323 |6439 |4528 | 843k|  0 | 530k|  32 | 0.000000e+00 |      --      |    Inf |  97.27%
  217m|506600 |   320 | 89884k| 177.4 |   617M |  67 |1323 |6440 |4481 | 843k|  1 | 530k|  32 | 0.000000e+00 |      --      |    Inf |  97.27%
  217m|506700 |   327 | 89929k| 177.5 |   617M |  67 |1323 |6440 |3157 | 844k|  2 | 530k|  32 | 0.000000e+00 |      --      |    Inf |  97.30%
  217m|506800 |   324 | 89955k| 177.5 |   617M |  67 |1323 |6439 |3131 | 844k|  0 | 530k|  32 | 0.000000e+00 |      --      |    Inf |  97.32%
  217m|506900 |   319 | 89982k| 177.5 |   617M |  67 |1323 |6438 |   0 | 844k|  0 | 531k|  32 | 0.000000e+00 |      --      |    Inf |  97.32%
  217m|507000 |   317 | 90013k| 177.5 |   617M |  67 |1323 |6436 |3128 | 844k|  1 | 531k|  32 | 0.000000e+00 |      --      |    Inf |  97.34%
  217m|507100 |   321 | 90045k| 177.6 |   617M |  67 |1323 |6435 |3156 | 844k|  0 | 531k|  32 | 0.000000e+00 |      --      |    Inf |  97.38%
  217m|507200 |   341 | 90071k| 177.6 |   617M |  67 |1323 |6435 |3188 | 845k|  2 | 531k|  32 | 0.000000e+00 |      --      |    Inf |  97.38%
 time | node  | left  |LP iter|LP it/n|mem/heur|mdpt |vars |cons |rows |cuts |sepa|confs|strbr|  dualbound   | primalbound  |  gap   | compl. 
  217m|507300 |   325 | 90103k| 177.6 |   617M |  67 |1323 |6435 |3117 | 845k|  2 | 531k|  32 | 0.000000e+00 |      --      |    Inf |  97.39%
  217m|507400 |   327 | 90139k| 177.6 |   617M |  67 |1323 |6435 |3133 | 845k|  2 | 531k|  32 | 0.000000e+00 |      --      |    Inf |  97.39%
  217m|507500 |   329 | 90171k| 177.7 |   617M |  67 |1323 |6434 |3174 | 845k|  2 | 531k|  32 | 0.000000e+00 |      --      |    Inf |  97.39%
  217m|507600 |   324 | 90204k| 177.7 |   617M |  67 |1323 |6434 |3193 | 846k|  0 | 531k|  32 | 0.000000e+00 |      --      |    Inf |  97.40%
  217m|507700 |   321 | 90230k| 177.7 |   617M |  67 |1323 |6434 |   0 | 846k|  0 | 531k|  32 | 0.000000e+00 |      --      |    Inf |  97.41%
  217m|507800 |   321 | 90258k| 177.7 |   617M |  67 |1323 |6434 |3134 | 846k|  0 | 531k|  32 | 0.000000e+00 |      --      |    Inf |  97.42%
  217m|507900 |   321 | 90290k| 177.8 |   617M |  67 |1323 |6434 |3155 | 846k|  0 | 531k|  32 | 0.000000e+00 |      --      |    Inf |  97.43%
  217m|508000 |   317 | 90314k| 177.8 |   617M |  67 |1323 |6434 |2785 | 847k|  2 | 531k|  32 | 0.000000e+00 |      --      |    Inf |  97.47%
  218m|508100 |   322 | 90353k| 177.8 |   617M |  67 |1323 |6434 |3211 | 847k|  0 | 532k|  32 | 0.000000e+00 |      --      |    Inf |  97.48%
  218m|508200 |   321 | 90388k| 177.9 |   617M |  67 |1323 |6434 |3456 | 847k|  1 | 532k|  32 | 0.000000e+00 |      --      |    Inf |  97.48%
  218m|508300 |   318 | 90428k| 177.9 |   617M |  67 |1323 |6434 |3178 | 847k|  2 | 532k|  32 | 0.000000e+00 |      --      |    Inf |  97.49%
  218m|508400 |   324 | 90467k| 177.9 |   617M |  67 |1323 |6434 |3237 | 848k|  2 | 532k|  32 | 0.000000e+00 |      --      |    Inf |  97.49%
  218m|508500 |   328 | 90500k| 178.0 |   617M |  67 |1323 |6434 |3275 | 848k|  0 | 532k|  32 | 0.000000e+00 |      --      |    Inf |  97.49%
  218m|508600 |   329 | 90535k| 178.0 |   617M |  67 |1323 |6434 |3302 | 848k|  0 | 532k|  32 | 0.000000e+00 |      --      |    Inf |  97.50%
  218m|508700 |   330 | 90567k| 178.0 |   617M |  67 |1323 |6434 |3359 | 848k|  0 | 532k|  32 | 0.000000e+00 |      --      |    Inf |  97.50%
 time | node  | left  |LP iter|LP it/n|mem/heur|mdpt |vars |cons |rows |cuts |sepa|confs|strbr|  dualbound   | primalbound  |  gap   | compl. 
  218m|508800 |   331 | 90581k| 178.0 |   617M |  67 |1323 |6434 |3311 | 848k|  0 | 532k|  32 | 0.000000e+00 |      --      |    Inf |  97.50%
  218m|508900 |   331 | 90592k| 178.0 |   617M |  67 |1323 |6434 |3315 | 848k|  1 | 532k|  32 | 0.000000e+00 |      --      |    Inf |  97.50%
  218m|509000 |   331 | 90602k| 178.0 |   617M |  67 |1323 |6434 |3201 | 848k|  0 | 532k|  32 | 0.000000e+00 |      --      |    Inf |  97.50%
  218m|509100 |   317 | 90610k| 178.0 |   617M |  67 |1323 |6434 |3190 | 848k|  0 | 532k|  32 | 0.000000e+00 |      --      |    Inf |  97.51%
  218m|509200 |   309 | 90621k| 178.0 |   617M |  67 |1323 |6434 |2765 | 848k|  0 | 533k|  32 | 0.000000e+00 |      --      |    Inf |  97.51%
  218m|509300 |   312 | 90635k| 178.0 |   617M |  67 |1323 |6435 |2858 | 848k|  0 | 533k|  32 | 0.000000e+00 |      --      |    Inf |  97.55%
  218m|509400 |   306 | 90645k| 177.9 |   617M |  67 |1323 |6435 |3230 | 848k|  1 | 533k|  32 | 0.000000e+00 |      --      |    Inf |  97.55%
  218m|509500 |   302 | 90659k| 177.9 |   617M |  67 |1323 |6435 |2765 | 848k|  0 | 533k|  32 | 0.000000e+00 |      --      |    Inf |  97.56%
  218m|509600 |   296 | 90670k| 177.9 |   617M |  67 |1323 |6363 |3675 | 848k|  0 | 533k|  32 | 0.000000e+00 |      --      |    Inf |  97.60%
  218m|509700 |   298 | 90682k| 177.9 |   617M |  67 |1323 |6180 |2745 | 849k|  2 | 533k|  32 | 0.000000e+00 |      --      |    Inf |  97.61%
  218m|509800 |   302 | 90698k| 177.9 |   617M |  67 |1323 |6018 |3102 | 849k|  0 | 533k|  32 | 0.000000e+00 |      --      |    Inf |  97.62%
  218m|509900 |   292 | 90712k| 177.9 |   617M |  67 |1323 |5782 |2965 | 849k|  1 | 533k|  32 | 0.000000e+00 |      --      |    Inf |  97.62%
  218m|510000 |   284 | 90725k| 177.9 |   617M |  67 |1323 |5689 |2940 | 849k|  0 | 533k|  32 | 0.000000e+00 |      --      |    Inf |  97.63%
  218m|510100 |   286 | 90736k| 177.9 |   617M |  67 |1323 |5673 |4491 | 849k|  1 | 533k|  32 | 0.000000e+00 |      --      |    Inf |  97.63%
  218m|510200 |   282 | 90749k| 177.9 |   617M |  67 |1323 |5790 |3385 | 849k|  2 | 534k|  32 | 0.000000e+00 |      --      |    Inf |  97.63%
 time | node  | left  |LP iter|LP it/n|mem/heur|mdpt |vars |cons |rows |cuts |sepa|confs|strbr|  dualbound   | primalbound  |  gap   | compl. 
  218m|510300 |   284 | 90760k| 177.9 |   617M |  67 |1323 |5854 |2714 | 849k|  0 | 534k|  32 | 0.000000e+00 |      --      |    Inf |  97.63%
  218m|510400 |   280 | 90774k| 177.8 |   617M |  67 |1323 |5749 |4221 | 849k|  1 | 534k|  32 | 0.000000e+00 |      --      |    Inf |  97.63%
  218m|510500 |   275 | 90789k| 177.8 |   617M |  67 |1323 |5705 |4257 | 849k|  0 | 534k|  32 | 0.000000e+00 |      --      |    Inf |  97.63%
  218m|510600 |   270 | 90801k| 177.8 |   617M |  67 |1323 |5651 |3161 | 849k|  0 | 534k|  32 | 0.000000e+00 |      --      |    Inf |  97.63%
  218m|510700 |   269 | 90813k| 177.8 |   617M |  67 |1323 |5496 |2810 | 849k|  2 | 534k|  32 | 0.000000e+00 |      --      |    Inf |  97.68%
  219m|510800 |   273 | 90824k| 177.8 |   617M |  67 |1323 |5574 |3211 | 849k|  0 | 534k|  32 | 0.000000e+00 |      --      |    Inf |  97.68%
  219m|510900 |   269 | 90836k| 177.8 |   617M |  67 |1323 |5565 |2741 | 849k|  2 | 534k|  32 | 0.000000e+00 |      --      |    Inf |  97.68%
  219m|511000 |   265 | 90851k| 177.8 |   617M |  67 |1323 |5552 |3646 | 849k|  0 | 534k|  32 | 0.000000e+00 |      --      |    Inf |  97.68%
  219m|511100 |   268 | 90864k| 177.8 |   617M |  67 |1323 |5456 |3328 | 849k|  1 | 534k|  32 | 0.000000e+00 |      --      |    Inf |  97.70%
  219m|511200 |   260 | 90879k| 177.8 |   617M |  67 |1323 |5494 |3219 | 849k|  2 | 534k|  32 | 0.000000e+00 |      --      |    Inf |  97.70%
  219m|511300 |   249 | 90897k| 177.8 |   617M |  67 |1323 |5475 |3439 | 849k|  2 | 535k|  32 | 0.000000e+00 |      --      |    Inf |  97.72%
  219m|511400 |   247 | 90912k| 177.8 |   617M |  67 |1323 |5562 |3509 | 849k|  2 | 535k|  32 | 0.000000e+00 |      --      |    Inf |  97.72%
  219m|511500 |   255 | 90928k| 177.8 |   617M |  67 |1323 |5625 |3534 | 849k|  0 | 535k|  32 | 0.000000e+00 |      --      |    Inf |  97.72%
  219m|511600 |   245 | 90943k| 177.8 |   617M |  67 |1323 |5699 |4058 | 849k|  0 | 535k|  32 | 0.000000e+00 |      --      |    Inf |  97.72%
  219m|511700 |   252 | 90955k| 177.7 |   617M |  67 |1323 |5712 |3924 | 849k|  1 | 535k|  32 | 0.000000e+00 |      --      |    Inf |  97.73%
 time | node  | left  |LP iter|LP it/n|mem/heur|mdpt |vars |cons |rows |cuts |sepa|confs|strbr|  dualbound   | primalbound  |  gap   | compl. 
  219m|511800 |   247 | 90966k| 177.7 |   617M |  67 |1323 |5747 |4064 | 849k|  1 | 535k|  32 | 0.000000e+00 |      --      |    Inf |  97.73%
  219m|511900 |   241 | 90981k| 177.7 |   617M |  67 |1323 |5845 |4062 | 849k|  0 | 535k|  32 | 0.000000e+00 |      --      |    Inf |  97.73%
  219m|512000 |   244 | 90996k| 177.7 |   617M |  67 |1323 |5923 |4065 | 849k|  0 | 535k|  32 | 0.000000e+00 |      --      |    Inf |  97.73%
  219m|512100 |   244 | 91006k| 177.7 |   617M |  67 |1323 |5909 |3001 | 849k|  0 | 535k|  32 | 0.000000e+00 |      --      |    Inf |  97.73%
  219m|512200 |   245 | 91018k| 177.7 |   617M |  67 |1323 |5962 |3098 | 850k|  0 | 536k|  32 | 0.000000e+00 |      --      |    Inf |  97.74%
  219m|512300 |   245 | 91027k| 177.7 |   617M |  67 |1323 |6036 |3000 | 850k|  1 | 536k|  32 | 0.000000e+00 |      --      |    Inf |  97.74%
  219m|512400 |   252 | 91035k| 177.7 |   617M |  67 |1323 |6125 |3008 | 850k|  1 | 536k|  32 | 0.000000e+00 |      --      |    Inf |  97.74%
  219m|512500 |   250 | 91045k| 177.6 |   617M |  67 |1323 |6224 |3021 | 850k|  1 | 536k|  32 | 0.000000e+00 |      --      |    Inf |  97.74%
  219m|512600 |   251 | 91052k| 177.6 |   617M |  67 |1323 |6308 |2998 | 850k|  0 | 536k|  32 | 0.000000e+00 |      --      |    Inf |  97.74%
  219m|512700 |   246 | 91060k| 177.6 |   617M |  67 |1323 |6374 |3002 | 850k|  2 | 536k|  32 | 0.000000e+00 |      --      |    Inf |  97.74%
  219m|512800 |   246 | 91068k| 177.6 |   617M |  67 |1323 |6369 |2996 | 850k|  1 | 536k|  32 | 0.000000e+00 |      --      |    Inf |  97.76%
  219m|512900 |   247 | 91076k| 177.6 |   617M |  67 |1323 |6361 |   0 | 850k|  0 | 536k|  32 | 0.000000e+00 |      --      |    Inf |  97.76%
  219m|513000 |   244 | 91085k| 177.5 |   617M |  67 |1323 |6382 |2999 | 850k|  1 | 536k|  32 | 0.000000e+00 |      --      |    Inf |  97.76%
  219m|513100 |   247 | 91093k| 177.5 |   617M |  67 |1323 |6435 |3005 | 850k|  2 | 536k|  32 | 0.000000e+00 |      --      |    Inf |  97.76%
  219m|513200 |   243 | 91101k| 177.5 |   617M |  67 |1323 |6433 |3011 | 850k|  0 | 537k|  32 | 0.000000e+00 |      --      |    Inf |  97.77%
 time | node  | left  |LP iter|LP it/n|mem/heur|mdpt |vars |cons |rows |cuts |sepa|confs|strbr|  dualbound   | primalbound  |  gap   | compl. 
  219m|513300 |   243 | 91112k| 177.5 |   617M |  67 |1323 |6435 |3011 | 850k|  0 | 537k|  32 | 0.000000e+00 |      --      |    Inf |  97.77%
  219m|513400 |   245 | 91123k| 177.5 |   617M |  67 |1323 |6435 |3010 | 850k|  1 | 537k|  32 | 0.000000e+00 |      --      |    Inf |  97.77%
  219m|513500 |   245 | 91134k| 177.5 |   617M |  67 |1323 |6432 |3673 | 850k|  0 | 537k|  32 | 0.000000e+00 |      --      |    Inf |  97.77%
  219m|513600 |   250 | 91158k| 177.5 |   617M |  67 |1323 |6435 |3681 | 850k|  1 | 537k|  32 | 0.000000e+00 |      --      |    Inf |  97.77%
  219m|513700 |   251 | 91177k| 177.5 |   617M |  67 |1323 |6435 |3674 | 850k|  1 | 537k|  32 | 0.000000e+00 |      --      |    Inf |  97.77%
  219m|513800 |   247 | 91196k| 177.5 |   617M |  67 |1323 |6434 |3695 | 850k|  1 | 537k|  32 | 0.000000e+00 |      --      |    Inf |  97.77%
  219m|513900 |   248 | 91216k| 177.5 |   617M |  67 |1323 |6434 |3674 | 850k|  2 | 537k|  32 | 0.000000e+00 |      --      |    Inf |  97.77%
  219m|514000 |   243 | 91233k| 177.5 |   617M |  67 |1323 |6413 |2828 | 850k|  0 | 537k|  32 | 0.000000e+00 |      --      |    Inf |  97.78%
  219m|514100 |   247 | 91245k| 177.5 |   617M |  67 |1323 |6397 |3078 | 850k|  2 | 538k|  32 | 0.000000e+00 |      --      |    Inf |  97.79%
  219m|514200 |   245 | 91269k| 177.5 |   617M |  67 |1323 |6434 |3741 | 851k|  0 | 538k|  32 | 0.000000e+00 |      --      |    Inf |  97.79%
  219m|514300 |   239 | 91285k| 177.5 |   617M |  67 |1323 |6434 |3748 | 851k|  0 | 538k|  32 | 0.000000e+00 |      --      |    Inf |  97.79%
  219m|514400 |   245 | 91300k| 177.5 |   617M |  67 |1323 |6435 |3756 | 851k|  2 | 538k|  32 | 0.000000e+00 |      --      |    Inf |  97.79%
  220m|514500 |   248 | 91309k| 177.5 |   617M |  67 |1323 |6437 |   0 | 851k|  0 | 538k|  32 | 0.000000e+00 |      --      |    Inf |  97.79%
  220m|514600 |   251 | 91316k| 177.4 |   617M |  67 |1323 |6438 |3013 | 851k|  0 | 538k|  32 | 0.000000e+00 |      --      |    Inf |  97.79%
  220m|514700 |   267 | 91323k| 177.4 |   617M |  67 |1323 |6438 |3016 | 851k|  2 | 538k|  32 | 0.000000e+00 |      --      |    Inf |  97.79%
 time | node  | left  |LP iter|LP it/n|mem/heur|mdpt |vars |cons |rows |cuts |sepa|confs|strbr|  dualbound   | primalbound  |  gap   | compl. 
  220m|514800 |   255 | 91331k| 177.4 |   617M |  67 |1323 |6438 |3022 | 851k|  2 | 538k|  32 | 0.000000e+00 |      --      |    Inf |  97.79%
  220m|514900 |   250 | 91341k| 177.4 |   617M |  67 |1323 |6437 |3000 | 851k|  1 | 538k|  32 | 0.000000e+00 |      --      |    Inf |  97.80%
  220m|515000 |   244 | 91350k| 177.4 |   617M |  67 |1323 |6436 |2995 | 851k|  2 | 539k|  32 | 0.000000e+00 |      --      |    Inf |  97.80%
  220m|515100 |   250 | 91358k| 177.4 |   617M |  67 |1323 |6434 |3005 | 851k|  2 | 539k|  32 | 0.000000e+00 |      --      |    Inf |  97.80%
  220m|515200 |   241 | 91367k| 177.3 |   617M |  67 |1323 |6435 |2995 | 851k|  1 | 539k|  32 | 0.000000e+00 |      --      |    Inf |  97.81%
  220m|515300 |   250 | 91376k| 177.3 |   617M |  67 |1323 |6435 |3013 | 851k|  1 | 539k|  32 | 0.000000e+00 |      --      |    Inf |  97.81%
  220m|515400 |   243 | 91389k| 177.3 |   617M |  67 |1323 |6436 |3022 | 851k|  0 | 539k|  32 | 0.000000e+00 |      --      |    Inf |  97.82%
  220m|515500 |   244 | 91397k| 177.3 |   617M |  67 |1323 |6434 |   0 | 851k|  0 | 539k|  32 | 0.000000e+00 |      --      |    Inf |  97.82%
  220m|515600 |   255 | 91405k| 177.3 |   617M |  67 |1323 |6436 |3005 | 851k|  2 | 539k|  32 | 0.000000e+00 |      --      |    Inf |  97.82%
  220m|515700 |   244 | 91421k| 177.3 |   617M |  67 |1323 |6436 |3013 | 852k|  0 | 539k|  32 | 0.000000e+00 |      --      |    Inf |  97.83%
  220m|515800 |   246 | 91444k| 177.3 |   617M |  67 |1323 |6436 |3101 | 852k|  0 | 539k|  32 | 0.000000e+00 |      --      |    Inf |  97.83%
  220m|515900 |   254 | 91467k| 177.3 |   617M |  67 |1323 |6435 |3078 | 852k|  2 | 540k|  32 | 0.000000e+00 |      --      |    Inf |  97.83%
  220m|516000 |   245 | 91496k| 177.3 |   617M |  67 |1323 |6436 |3175 | 852k|  0 | 540k|  32 | 0.000000e+00 |      --      |    Inf |  97.83%
  220m|516100 |   250 | 91527k| 177.3 |   617M |  67 |1323 |6436 |3139 | 853k|  2 | 540k|  32 | 0.000000e+00 |      --      |    Inf |  97.84%
  220m|516200 |   243 | 91558k| 177.4 |   617M |  67 |1323 |6436 |3094 | 853k|  0 | 540k|  32 | 0.000000e+00 |      --      |    Inf |  97.84%
 time | node  | left  |LP iter|LP it/n|mem/heur|mdpt |vars |cons |rows |cuts |sepa|confs|strbr|  dualbound   | primalbound  |  gap   | compl. 
  220m|516300 |   245 | 91584k| 177.4 |   617M |  67 |1323 |6437 |3024 | 853k|  2 | 540k|  32 | 0.000000e+00 |      --      |    Inf |  97.84%
  220m|516400 |   262 | 91609k| 177.4 |   617M |  67 |1323 |6437 |3095 | 854k|  1 | 540k|  32 | 0.000000e+00 |      --      |    Inf |  97.84%
  220m|516500 |   255 | 91631k| 177.4 |   617M |  67 |1323 |6437 |   0 | 854k|  0 | 540k|  32 | 0.000000e+00 |      --      |    Inf |  97.85%
  220m|516600 |   264 | 91652k| 177.4 |   617M |  67 |1323 |6437 |3224 | 855k|  2 | 540k|  32 | 0.000000e+00 |      --      |    Inf |  97.85%
  220m|516700 |   265 | 91669k| 177.4 |   617M |  67 |1323 |6437 |3263 | 855k|  2 | 540k|  32 | 0.000000e+00 |      --      |    Inf |  97.86%
  220m|516800 |   266 | 91686k| 177.4 |   617M |  67 |1323 |6438 |3124 | 855k|  1 | 541k|  32 | 0.000000e+00 |      --      |    Inf |  97.86%
  220m|516900 |   264 | 91714k| 177.4 |   617M |  67 |1323 |6438 |3221 | 855k|  1 | 541k|  32 | 0.000000e+00 |      --      |    Inf |  97.86%
  220m|517000 |   261 | 91728k| 177.4 |   617M |  67 |1323 |6438 |   0 | 855k|  0 | 541k|  32 | 0.000000e+00 |      --      |    Inf |  97.86%
  220m|517100 |   262 | 91744k| 177.4 |   617M |  67 |1323 |6438 |   0 | 855k|  0 | 541k|  32 | 0.000000e+00 |      --      |    Inf |  97.86%
  220m|517200 |   262 | 91768k| 177.4 |   617M |  67 |1323 |6438 |3189 | 856k|  0 | 541k|  32 | 0.000000e+00 |      --      |    Inf |  97.86%
  220m|517300 |   255 | 91791k| 177.4 |   617M |  67 |1323 |6436 |3182 | 856k|  2 | 541k|  32 | 0.000000e+00 |      --      |    Inf |  97.86%
  220m|517400 |   249 | 91820k| 177.5 |   617M |  67 |1323 |6436 |3120 | 856k|  2 | 541k|  32 | 0.000000e+00 |      --      |    Inf |  97.87%
  221m|517500 |   246 | 91846k| 177.5 |   617M |  67 |1323 |6436 |3106 | 856k|  0 | 541k|  32 | 0.000000e+00 |      --      |    Inf |  97.88%
  221m|517600 |   245 | 91872k| 177.5 |   617M |  67 |1323 |6436 |3074 | 856k|  2 | 541k|  32 | 0.000000e+00 |      --      |    Inf |  97.89%
  221m|517700 |   243 | 91899k| 177.5 |   617M |  67 |1323 |6436 |3120 | 857k|  0 | 542k|  32 | 0.000000e+00 |      --      |    Inf |  97.89%
 time | node  | left  |LP iter|LP it/n|mem/heur|mdpt |vars |cons |rows |cuts |sepa|confs|strbr|  dualbound   | primalbound  |  gap   | compl. 
  221m|517800 |   244 | 91927k| 177.5 |   617M |  67 |1323 |6436 |3184 | 857k|  0 | 542k|  32 | 0.000000e+00 |      --      |    Inf |  97.90%
  221m|517900 |   243 | 91951k| 177.5 |   617M |  67 |1323 |6436 |3218 | 857k|  0 | 542k|  32 | 0.000000e+00 |      --      |    Inf |  97.91%
  221m|518000 |   244 | 91975k| 177.6 |   617M |  67 |1323 |6435 |3225 | 857k|  2 | 542k|  32 | 0.000000e+00 |      --      |    Inf |  97.92%
  221m|518100 |   239 | 92004k| 177.6 |   617M |  67 |1323 |6435 |3205 | 857k|  1 | 542k|  32 | 0.000000e+00 |      --      |    Inf |  97.92%
  221m|518200 |   244 | 92026k| 177.6 |   617M |  67 |1323 |6435 |3520 | 857k|  1 | 542k|  32 | 0.000000e+00 |      --      |    Inf |  97.93%
  221m|518300 |   240 | 92046k| 177.6 |   617M |  67 |1323 |6434 |3523 | 857k|  1 | 542k|  32 | 0.000000e+00 |      --      |    Inf |  97.93%
  221m|518400 |   247 | 92066k| 177.6 |   617M |  67 |1323 |6434 |3623 | 858k|  1 | 542k|  32 | 0.000000e+00 |      --      |    Inf |  97.93%
  221m|518500 |   248 | 92091k| 177.6 |   617M |  67 |1323 |6434 |3659 | 858k|  0 | 542k|  32 | 0.000000e+00 |      --      |    Inf |  97.93%
  221m|518600 |   251 | 92118k| 177.6 |   617M |  67 |1323 |6434 |   0 | 858k|  0 | 543k|  32 | 0.000000e+00 |      --      |    Inf |  97.93%
  221m|518700 |   262 | 92143k| 177.6 |   618M |  67 |1323 |6434 |3687 | 858k|  1 | 543k|  32 | 0.000000e+00 |      --      |    Inf |  97.93%
  221m|518800 |   237 | 92169k| 177.7 |   618M |  67 |1323 |6434 |3617 | 858k|  0 | 543k|  32 | 0.000000e+00 |      --      |    Inf |  97.93%
  221m|518900 |   228 | 92197k| 177.7 |   618M |  67 |1323 |6434 |2987 | 858k|  0 | 543k|  32 | 0.000000e+00 |      --      |    Inf |  97.93%
  221m|519000 |   227 | 92221k| 177.7 |   618M |  67 |1323 |6434 |3698 | 858k|  1 | 543k|  32 | 0.000000e+00 |      --      |    Inf |  97.93%
  221m|519100 |   227 | 92247k| 177.7 |   618M |  67 |1323 |6434 |3749 | 858k|  0 | 543k|  32 | 0.000000e+00 |      --      |    Inf |  97.93%
  221m|519200 |   227 | 92264k| 177.7 |   618M |  67 |1323 |6434 |3673 | 858k|  2 | 543k|  32 | 0.000000e+00 |      --      |    Inf |  97.93%
 time | node  | left  |LP iter|LP it/n|mem/heur|mdpt |vars |cons |rows |cuts |sepa|confs|strbr|  dualbound   | primalbound  |  gap   | compl. 
  221m|519300 |   227 | 92284k| 177.7 |   618M |  67 |1323 |6434 |3672 | 858k|  1 | 543k|  32 | 0.000000e+00 |      --      |    Inf |  97.93%
  221m|519400 |   227 | 92299k| 177.7 |   618M |  67 |1323 |6434 |3672 | 858k|  1 | 544k|  32 | 0.000000e+00 |      --      |    Inf |  97.93%
  221m|519500 |   229 | 92317k| 177.7 |   618M |  67 |1323 |6434 |3664 | 859k|  0 | 544k|  32 | 0.000000e+00 |      --      |    Inf |  97.93%
  221m|519600 |   219 | 92335k| 177.7 |   618M |  67 |1323 |6436 |2727 | 859k|  0 | 544k|  32 | 0.000000e+00 |      --      |    Inf |  97.94%
  221m|519700 |   228 | 92346k| 177.7 |   618M |  67 |1323 |6438 |2707 | 859k|  2 | 544k|  32 | 0.000000e+00 |      --      |    Inf |  97.94%
  222m|519800 |   227 | 92359k| 177.7 |   618M |  67 |1323 |6438 |3408 | 859k|  0 | 544k|  32 | 0.000000e+00 |      --      |    Inf |  97.94%
  222m|519900 |   229 | 92376k| 177.7 |   618M |  67 |1323 |6436 |3415 | 859k|  1 | 544k|  32 | 0.000000e+00 |      --      |    Inf |  97.94%
  222m|520000 |   228 | 92394k| 177.7 |   618M |  67 |1323 |6436 |3413 | 859k|  1 | 544k|  32 | 0.000000e+00 |      --      |    Inf |  97.94%
  222m|520100 |   225 | 92409k| 177.7 |   618M |  67 |1323 |6436 |3425 | 859k|  0 | 544k|  32 | 0.000000e+00 |      --      |    Inf |  97.94%
  222m|520200 |   226 | 92423k| 177.7 |   618M |  67 |1323 |6436 |3404 | 859k|  0 | 544k|  32 | 0.000000e+00 |      --      |    Inf |  97.94%
  222m|520300 |   221 | 92435k| 177.7 |   618M |  67 |1323 |6436 |2690 | 859k|  0 | 544k|  32 | 0.000000e+00 |      --      |    Inf |  97.94%
  222m|520400 |   226 | 92449k| 177.6 |   618M |  67 |1323 |6437 |2710 | 859k|  2 | 545k|  32 | 0.000000e+00 |      --      |    Inf |  97.94%
  222m|520500 |   223 | 92460k| 177.6 |   618M |  67 |1323 |6436 |2687 | 859k|  0 | 545k|  32 | 0.000000e+00 |      --      |    Inf |  97.94%
  222m|520600 |   223 | 92469k| 177.6 |   618M |  67 |1323 |6436 |2697 | 859k|  0 | 545k|  32 | 0.000000e+00 |      --      |    Inf |  97.94%
  222m|520700 |   226 | 92477k| 177.6 |   618M |  67 |1323 |6435 |2702 | 859k|  0 | 545k|  32 | 0.000000e+00 |      --      |    Inf |  97.94%
 time | node  | left  |LP iter|LP it/n|mem/heur|mdpt |vars |cons |rows |cuts |sepa|confs|strbr|  dualbound   | primalbound  |  gap   | compl. 
  222m|520800 |   227 | 92484k| 177.6 |   618M |  67 |1323 |6435 |2714 | 859k|  0 | 545k|  32 | 0.000000e+00 |      --      |    Inf |  97.94%
  222m|520900 |   225 | 92495k| 177.6 |   618M |  67 |1323 |6435 |2693 | 859k|  2 | 545k|  32 | 0.000000e+00 |      --      |    Inf |  97.94%
  222m|521000 |   213 | 92510k| 177.6 |   618M |  67 |1323 |6435 |4105 | 859k|  0 | 545k|  32 | 0.000000e+00 |      --      |    Inf |  97.95%
  222m|521100 |   215 | 92522k| 177.5 |   618M |  67 |1323 |6435 |3195 | 859k|  1 | 545k|  32 | 0.000000e+00 |      --      |    Inf |  97.95%
  222m|521200 |   212 | 92532k| 177.5 |   618M |  67 |1323 |6436 |3025 | 859k|  0 | 545k|  32 | 0.000000e+00 |      --      |    Inf |  97.95%
  222m|521300 |   209 | 92543k| 177.5 |   618M |  67 |1323 |6436 |2703 | 860k|  2 | 546k|  32 | 0.000000e+00 |      --      |    Inf |  97.95%
  222m|521400 |   211 | 92553k| 177.5 |   618M |  67 |1323 |6436 |4079 | 860k|  1 | 546k|  32 | 0.000000e+00 |      --      |    Inf |  97.95%
  222m|521500 |   219 | 92567k| 177.5 |   618M |  67 |1323 |6436 |4080 | 860k|  0 | 546k|  32 | 0.000000e+00 |      --      |    Inf |  97.96%
  222m|521600 |   213 | 92579k| 177.5 |   618M |  67 |1323 |6436 |4080 | 860k|  1 | 546k|  32 | 0.000000e+00 |      --      |    Inf |  97.96%
  222m|521700 |   212 | 92586k| 177.5 |   618M |  67 |1323 |6436 |2694 | 860k|  0 | 546k|  32 | 0.000000e+00 |      --      |    Inf |  97.96%
  222m|521800 |   213 | 92596k| 177.4 |   618M |  67 |1323 |6436 |2692 | 860k|  2 | 546k|  32 | 0.000000e+00 |      --      |    Inf |  97.96%
  222m|521900 |   207 | 92605k| 177.4 |   618M |  67 |1323 |6438 |2714 | 860k|  0 | 546k|  32 | 0.000000e+00 |      --      |    Inf |  97.96%
  222m|522000 |   209 | 92614k| 177.4 |   618M |  67 |1323 |6439 |4080 | 860k|  0 | 546k|  32 | 0.000000e+00 |      --      |    Inf |  97.96%
  222m|522100 |   211 | 92626k| 177.4 |   618M |  67 |1323 |6439 |4079 | 860k|  1 | 546k|  32 | 0.000000e+00 |      --      |    Inf |  97.96%
  222m|522200 |   216 | 92639k| 177.4 |   618M |  67 |1323 |6439 |3755 | 860k|  0 | 546k|  32 | 0.000000e+00 |      --      |    Inf |  97.96%
 time | node  | left  |LP iter|LP it/n|mem/heur|mdpt |vars |cons |rows |cuts |sepa|confs|strbr|  dualbound   | primalbound  |  gap   | compl. 
  222m|522300 |   215 | 92656k| 177.4 |   618M |  67 |1323 |6439 |4086 | 860k|  1 | 547k|  32 | 0.000000e+00 |      --      |    Inf |  97.96%
  222m|522400 |   216 | 92676k| 177.4 |   618M |  67 |1323 |6439 |4084 | 860k|  1 | 547k|  32 | 0.000000e+00 |      --      |    Inf |  97.96%
  222m|522500 |   211 | 92693k| 177.4 |   618M |  67 |1323 |6439 |4100 | 860k|  1 | 547k|  32 | 0.000000e+00 |      --      |    Inf |  97.96%
  222m|522600 |   220 | 92711k| 177.4 |   618M |  67 |1323 |6437 |4108 | 860k|  1 | 547k|  32 | 0.000000e+00 |      --      |    Inf |  97.96%
  222m|522700 |   216 | 92727k| 177.4 |   618M |  67 |1323 |6437 |4081 | 860k|  0 | 547k|  32 | 0.000000e+00 |      --      |    Inf |  97.96%
  222m|522800 |   217 | 92745k| 177.4 |   618M |  67 |1323 |6436 |4092 | 860k|  1 | 547k|  32 | 0.000000e+00 |      --      |    Inf |  97.96%
  222m|522900 |   219 | 92758k| 177.4 |   618M |  67 |1323 |6436 |4082 | 860k|  0 | 547k|  32 | 0.000000e+00 |      --      |    Inf |  97.96%
  222m|523000 |   222 | 92769k| 177.4 |   618M |  67 |1323 |6435 |4090 | 860k|  1 | 547k|  32 | 0.000000e+00 |      --      |    Inf |  97.96%
  222m|523100 |   218 | 92783k| 177.4 |   618M |  67 |1323 |6435 |4084 | 860k|  1 | 547k|  32 | 0.000000e+00 |      --      |    Inf |  97.96%
  222m|523200 |   207 | 92800k| 177.4 |   618M |  67 |1323 |6435 |3751 | 860k|  1 | 548k|  32 | 0.000000e+00 |      --      |    Inf |  97.96%
  222m|523300 |   209 | 92812k| 177.4 |   618M |  67 |1323 |6434 |4081 | 860k|  1 | 548k|  32 | 0.000000e+00 |      --      |    Inf |  97.97%
  223m|523400 |   217 | 92828k| 177.4 |   619M |  67 |1323 |6434 |4111 | 860k|  1 | 548k|  32 | 0.000000e+00 |      --      |    Inf |  97.97%
  223m|523500 |   212 | 92842k| 177.3 |   620M |  67 |1323 |6435 |4091 | 860k|  1 | 548k|  32 | 0.000000e+00 |      --      |    Inf |  97.97%
  223m|523600 |   214 | 92856k| 177.3 |   620M |  67 |1323 |6436 |4080 | 860k|  0 | 548k|  32 | 0.000000e+00 |      --      |    Inf |  97.97%
  223m|523700 |   210 | 92903k| 177.4 |   620M |  67 |1323 |6436 |4082 | 860k|  1 | 548k|  32 | 0.000000e+00 |      --      |    Inf |  97.97%
 time | node  | left  |LP iter|LP it/n|mem/heur|mdpt |vars |cons |rows |cuts |sepa|confs|strbr|  dualbound   | primalbound  |  gap   | compl. 
  223m|523800 |   206 | 92918k| 177.4 |   620M |  67 |1323 |6436 |4084 | 860k|  2 | 548k|  32 | 0.000000e+00 |      --      |    Inf |  97.97%
  223m|523900 |   207 | 92931k| 177.4 |   620M |  67 |1323 |6436 |4093 | 860k|  0 | 548k|  32 | 0.000000e+00 |      --      |    Inf |  97.97%
  223m|524000 |   212 | 92946k| 177.4 |   620M |  67 |1323 |6436 |4098 | 860k|  0 | 548k|  32 | 0.000000e+00 |      --      |    Inf |  97.97%
  223m|524100 |   217 | 92958k| 177.4 |   620M |  67 |1323 |6436 |4094 | 860k|  1 | 549k|  32 | 0.000000e+00 |      --      |    Inf |  97.97%
  223m|524200 |   212 | 92971k| 177.4 |   620M |  67 |1323 |6436 |4094 | 860k|  1 | 549k|  32 | 0.000000e+00 |      --      |    Inf |  97.97%
  223m|524300 |   213 | 92982k| 177.3 |   621M |  67 |1323 |6436 |4093 | 860k|  0 | 549k|  32 | 0.000000e+00 |      --      |    Inf |  97.97%
  223m|524400 |   207 | 92996k| 177.3 |   621M |  67 |1323 |6436 |3755 | 860k|  2 | 549k|  32 | 0.000000e+00 |      --      |    Inf |  97.97%
  223m|524500 |   205 | 93008k| 177.3 |   621M |  67 |1323 |6436 |4098 | 860k|  0 | 549k|  32 | 0.000000e+00 |      --      |    Inf |  97.97%
  223m|524600 |   202 | 93021k| 177.3 |   621M |  67 |1323 |6436 |4099 | 860k|  1 | 549k|  32 | 0.000000e+00 |      --      |    Inf |  97.98%
  223m|524700 |   211 | 93030k| 177.3 |   621M |  67 |1323 |6436 |3330 | 860k|  1 | 549k|  32 | 0.000000e+00 |      --      |    Inf |  97.98%
  223m|524800 |   209 | 93044k| 177.3 |   621M |  67 |1323 |6436 |3335 | 861k|  0 | 549k|  32 | 0.000000e+00 |      --      |    Inf |  97.98%
  223m|524900 |   210 | 93055k| 177.3 |   621M |  67 |1323 |6436 |3334 | 861k|  0 | 549k|  32 | 0.000000e+00 |      --      |    Inf |  97.98%
  223m|525000 |   199 | 93069k| 177.3 |   621M |  67 |1323 |6436 |3328 | 861k|  0 | 550k|  32 | 0.000000e+00 |      --      |    Inf |  97.98%
  223m|525100 |   213 | 93083k| 177.3 |   621M |  67 |1323 |6435 |3398 | 861k|  0 | 550k|  32 | 0.000000e+00 |      --      |    Inf |  97.98%
  223m|525200 |   199 | 93099k| 177.3 |   621M |  67 |1323 |6435 |3387 | 861k|  0 | 550k|  32 | 0.000000e+00 |      --      |    Inf |  97.98%
 time | node  | left  |LP iter|LP it/n|mem/heur|mdpt |vars |cons |rows |cuts |sepa|confs|strbr|  dualbound   | primalbound  |  gap   | compl. 
  223m|525300 |   199 | 93112k| 177.3 |   621M |  67 |1323 |6435 |3450 | 861k|  0 | 550k|  32 | 0.000000e+00 |      --      |    Inf |  97.99%
  223m|525400 |   208 | 93125k| 177.2 |   621M |  67 |1323 |6434 |2976 | 861k|  0 | 550k|  32 | 0.000000e+00 |      --      |    Inf |  97.99%
  223m|525500 |   199 | 93143k| 177.2 |   621M |  67 |1323 |6434 |3501 | 861k|  0 | 550k|  32 | 0.000000e+00 |      --      |    Inf |  97.99%
  223m|525600 |   202 | 93156k| 177.2 |   621M |  67 |1323 |6434 |2963 | 861k|  2 | 550k|  32 | 0.000000e+00 |      --      |    Inf |  97.99%
  223m|525700 |   204 | 93172k| 177.2 |   621M |  67 |1323 |6434 |2966 | 861k|  1 | 550k|  32 | 0.000000e+00 |      --      |    Inf |  97.99%
  223m|525800 |   207 | 93185k| 177.2 |   621M |  67 |1323 |6434 |2970 | 861k|  1 | 550k|  32 | 0.000000e+00 |      --      |    Inf |  97.99%
  223m|525900 |   209 | 93198k| 177.2 |   621M |  67 |1323 |6434 |2975 | 861k|  0 | 550k|  32 | 0.000000e+00 |      --      |    Inf |  97.99%
  223m|526000 |   206 | 93210k| 177.2 |   621M |  67 |1323 |6434 |2978 | 861k|  0 | 551k|  32 | 0.000000e+00 |      --      |    Inf |  97.99%
  223m|526100 |   203 | 93224k| 177.2 |   621M |  67 |1323 |6434 |2963 | 861k|  1 | 551k|  32 | 0.000000e+00 |      --      |    Inf |  97.99%
  223m|526200 |   206 | 93244k| 177.2 |   621M |  67 |1323 |6434 |3096 | 861k|  2 | 551k|  32 | 0.000000e+00 |      --      |    Inf |  98.00%
  223m|526300 |   208 | 93265k| 177.2 |   621M |  67 |1323 |6434 |3082 | 861k|  1 | 551k|  32 | 0.000000e+00 |      --      |    Inf |  98.00%
  223m|526400 |   206 | 93281k| 177.2 |   621M |  67 |1323 |6435 |2816 | 861k|  0 | 551k|  32 | 0.000000e+00 |      --      |    Inf |  98.00%
  223m|526500 |   211 | 93294k| 177.2 |   621M |  67 |1323 |6436 |2790 | 862k|  2 | 551k|  32 | 0.000000e+00 |      --      |    Inf |  98.00%
  224m|526600 |   209 | 93308k| 177.2 |   621M |  67 |1323 |6436 |2812 | 862k|  0 | 551k|  32 | 0.000000e+00 |      --      |    Inf |  98.00%
  224m|526700 |   207 | 93325k| 177.2 |   621M |  67 |1323 |6436 |2780 | 862k|  1 | 551k|  32 | 0.000000e+00 |      --      |    Inf |  98.00%
 time | node  | left  |LP iter|LP it/n|mem/heur|mdpt |vars |cons |rows |cuts |sepa|confs|strbr|  dualbound   | primalbound  |  gap   | compl. 
  224m|526800 |   215 | 93336k| 177.2 |   621M |  67 |1323 |6436 |2842 | 862k|  2 | 551k|  32 | 0.000000e+00 |      --      |    Inf |  98.00%
  224m|526900 |   211 | 93352k| 177.2 |   621M |  67 |1323 |6436 |2825 | 862k|  0 | 551k|  32 | 0.000000e+00 |      --      |    Inf |  98.00%
  224m|527000 |   211 | 93367k| 177.2 |   621M |  67 |1323 |6436 |2867 | 862k|  0 | 552k|  32 | 0.000000e+00 |      --      |    Inf |  98.00%
  224m|527100 |   215 | 93389k| 177.2 |   621M |  67 |1323 |6435 |2825 | 862k|  0 | 552k|  32 | 0.000000e+00 |      --      |    Inf |  98.00%
  224m|527200 |   216 | 93403k| 177.2 |   621M |  67 |1323 |6435 |2819 | 863k|  2 | 552k|  32 | 0.000000e+00 |      --      |    Inf |  98.00%
  224m|527300 |   222 | 93418k| 177.2 |   621M |  67 |1323 |6435 |2858 | 863k|  2 | 552k|  32 | 0.000000e+00 |      --      |    Inf |  98.00%
  224m|527400 |   209 | 93438k| 177.2 |   621M |  67 |1323 |6435 |2816 | 863k|  0 | 552k|  32 | 0.000000e+00 |      --      |    Inf |  98.00%
  224m|527500 |   212 | 93452k| 177.2 |   621M |  67 |1323 |6435 |2830 | 863k|  0 | 552k|  32 | 0.000000e+00 |      --      |    Inf |  98.00%
  224m|527600 |   212 | 93471k| 177.2 |   621M |  67 |1323 |6435 |2834 | 863k|  0 | 552k|  32 | 0.000000e+00 |      --      |    Inf |  98.00%
  224m|527700 |   216 | 93485k| 177.2 |   621M |  67 |1323 |6435 |2822 | 863k|  1 | 552k|  32 | 0.000000e+00 |      --      |    Inf |  98.00%
  224m|527800 |   206 | 93499k| 177.1 |   621M |  67 |1323 |6435 |2779 | 863k|  2 | 552k|  32 | 0.000000e+00 |      --      |    Inf |  98.00%
  224m|527900 |   218 | 93512k| 177.1 |   621M |  67 |1323 |6435 |3943 | 863k|  1 | 553k|  32 | 0.000000e+00 |      --      |    Inf |  98.00%
  224m|528000 |   219 | 93522k| 177.1 |   621M |  67 |1323 |6435 |3943 | 863k|  2 | 553k|  32 | 0.000000e+00 |      --      |    Inf |  98.00%
  224m|528100 |   221 | 93533k| 177.1 |   621M |  67 |1323 |6435 |3955 | 863k|  0 | 553k|  32 | 0.000000e+00 |      --      |    Inf |  98.00%
  224m|528200 |   210 | 93543k| 177.1 |   621M |  67 |1323 |6434 |3933 | 863k|  1 | 553k|  32 | 0.000000e+00 |      --      |    Inf |  98.00%
 time | node  | left  |LP iter|LP it/n|mem/heur|mdpt |vars |cons |rows |cuts |sepa|confs|strbr|  dualbound   | primalbound  |  gap   | compl. 
  224m|528300 |   218 | 93552k| 177.1 |   621M |  67 |1323 |6435 |3933 | 863k|  1 | 553k|  32 | 0.000000e+00 |      --      |    Inf |  98.00%
  224m|528400 |   215 | 93561k| 177.1 |   621M |  67 |1323 |6436 |3934 | 863k|  1 | 553k|  32 | 0.000000e+00 |      --      |    Inf |  98.00%
  224m|528500 |   210 | 93569k| 177.0 |   621M |  67 |1323 |6435 |2793 | 863k|  1 | 553k|  32 | 0.000000e+00 |      --      |    Inf |  98.00%
  224m|528600 |   210 | 93578k| 177.0 |   621M |  67 |1323 |6436 |3935 | 863k|  1 | 553k|  32 | 0.000000e+00 |      --      |    Inf |  98.00%
  224m|528700 |   213 | 93589k| 177.0 |   621M |  67 |1323 |6436 |3935 | 863k|  2 | 553k|  32 | 0.000000e+00 |      --      |    Inf |  98.00%
  224m|528800 |   206 | 93602k| 177.0 |   621M |  67 |1323 |6436 |   0 | 863k|  0 | 554k|  32 | 0.000000e+00 |      --      |    Inf |  98.00%
  224m|528900 |   199 | 93615k| 177.0 |   621M |  67 |1323 |6435 |4353 | 863k|  2 | 554k|  32 | 0.000000e+00 |      --      |    Inf |  98.01%
  224m|529000 |   214 | 93628k| 177.0 |   621M |  67 |1323 |6435 |2840 | 863k|  2 | 554k|  32 | 0.000000e+00 |      --      |    Inf |  98.01%
  224m|529100 |   203 | 93643k| 177.0 |   621M |  67 |1323 |6432 |3028 | 863k|  2 | 554k|  32 | 0.000000e+00 |      --      |    Inf |  98.02%
  224m|529200 |   194 | 93656k| 177.0 |   621M |  67 |1323 |6428 |3692 | 863k|  0 | 554k|  32 | 0.000000e+00 |      --      |    Inf |  98.02%
  224m|529300 |   188 | 93667k| 177.0 |   621M |  67 |1323 |6363 |2787 | 863k|  0 | 554k|  32 | 0.000000e+00 |      --      |    Inf |  98.02%
  224m|529400 |   185 | 93682k| 177.0 |   621M |  67 |1323 |6368 |4442 | 864k|  1 | 554k|  32 | 0.000000e+00 |      --      |    Inf |  98.04%
  224m|529500 |   180 | 93699k| 177.0 |   621M |  67 |1323 |6339 |3366 | 864k|  0 | 554k|  32 | 0.000000e+00 |      --      |    Inf |  98.04%
  224m|529600 |   176 | 93714k| 176.9 |   621M |  67 |1323 |6147 |4405 | 864k|  1 | 554k|  32 | 0.000000e+00 |      --      |    Inf |  98.04%
  224m|529700 |   176 | 93726k| 176.9 |   621M |  67 |1323 |6127 |2717 | 864k|  1 | 554k|  32 | 0.000000e+00 |      --      |    Inf |  98.04%
 time | node  | left  |LP iter|LP it/n|mem/heur|mdpt |vars |cons |rows |cuts |sepa|confs|strbr|  dualbound   | primalbound  |  gap   | compl. 
  224m|529800 |   176 | 93740k| 176.9 |   621M |  67 |1323 |6104 |2697 | 864k|  1 | 555k|  32 | 0.000000e+00 |      --      |    Inf |  98.04%
  224m|529900 |   183 | 93755k| 176.9 |   621M |  67 |1323 |6143 |2802 | 864k|  2 | 555k|  32 | 0.000000e+00 |      --      |    Inf |  98.04%
  224m|530000 |   177 | 93775k| 176.9 |   621M |  67 |1323 |6171 |2697 | 864k|  1 | 555k|  32 | 0.000000e+00 |      --      |    Inf |  98.04%
  224m|530100 |   170 | 93790k| 176.9 |   621M |  67 |1323 |6164 |2727 | 864k|  1 | 555k|  32 | 0.000000e+00 |      --      |    Inf |  98.04%
  224m|530200 |   166 | 93800k| 176.9 |   621M |  67 |1323 |6094 |3406 | 864k|  0 | 555k|  32 | 0.000000e+00 |      --      |    Inf |  98.04%
  225m|530300 |   162 | 93823k| 176.9 |   621M |  67 |1323 |5903 |3424 | 864k|  1 | 555k|  32 | 0.000000e+00 |      --      |    Inf |  98.05%
  225m|530400 |   167 | 93838k| 176.9 |   621M |  67 |1323 |5916 |3118 | 864k|  0 | 555k|  32 | 0.000000e+00 |      --      |    Inf |  98.05%
  225m|530500 |   172 | 93852k| 176.9 |   621M |  67 |1323 |5987 |3137 | 864k|  1 | 555k|  32 | 0.000000e+00 |      --      |    Inf |  98.05%
  225m|530600 |   175 | 93876k| 176.9 |   621M |  67 |1323 |6071 |3108 | 865k|  1 | 555k|  32 | 0.000000e+00 |      --      |    Inf |  98.05%
  225m|530700 |   168 | 93893k| 176.9 |   621M |  67 |1323 |6097 |3085 | 865k|  1 | 555k|  32 | 0.000000e+00 |      --      |    Inf |  98.05%
  225m|530800 |   160 | 93913k| 176.9 |   621M |  67 |1323 |6165 |3173 | 865k|  0 | 555k|  32 | 0.000000e+00 |      --      |    Inf |  98.05%
  225m|530900 |   168 | 93925k| 176.9 |   621M |  67 |1323 |6126 |2786 | 865k|  1 | 556k|  32 | 0.000000e+00 |      --      |    Inf |  98.05%
  225m|531000 |   158 | 93934k| 176.9 |   621M |  67 |1323 |6230 |2791 | 865k|  0 | 556k|  32 | 0.000000e+00 |      --      |    Inf |  98.05%
  225m|531100 |   159 | 93943k| 176.9 |   621M |  67 |1323 |6330 |2779 | 865k|  1 | 556k|  32 | 0.000000e+00 |      --      |    Inf |  98.05%
  225m|531200 |   162 | 93955k| 176.9 |   621M |  67 |1323 |6402 |2776 | 865k|  1 | 556k|  32 | 0.000000e+00 |      --      |    Inf |  98.05%
 time | node  | left  |LP iter|LP it/n|mem/heur|mdpt |vars |cons |rows |cuts |sepa|confs|strbr|  dualbound   | primalbound  |  gap   | compl. 
  225m|531300 |   174 | 93963k| 176.8 |   621M |  67 |1323 |6438 |2783 | 865k|  1 | 556k|  32 | 0.000000e+00 |      --      |    Inf |  98.05%
  225m|531400 |   174 | 93973k| 176.8 |   621M |  67 |1323 |6437 |2803 | 865k|  2 | 556k|  32 | 0.000000e+00 |      --      |    Inf |  98.05%
  225m|531500 |   168 | 93983k| 176.8 |   621M |  67 |1323 |6438 |2801 | 865k|  1 | 556k|  32 | 0.000000e+00 |      --      |    Inf |  98.05%
  225m|531600 |   169 | 93993k| 176.8 |   621M |  67 |1323 |6438 |2775 | 865k|  0 | 556k|  32 | 0.000000e+00 |      --      |    Inf |  98.05%
  225m|531700 |   157 | 94005k| 176.8 |   621M |  67 |1323 |6436 |2786 | 865k|  0 | 556k|  32 | 0.000000e+00 |      --      |    Inf |  98.05%
  225m|531800 |   168 | 94017k| 176.8 |   621M |  67 |1323 |6435 |2795 | 866k|  2 | 556k|  32 | 0.000000e+00 |      --      |    Inf |  98.05%
  225m|531900 |   175 | 94030k| 176.8 |   621M |  67 |1323 |6436 |2796 | 866k|  0 | 557k|  32 | 0.000000e+00 |      --      |    Inf |  98.05%
  225m|532000 |   171 | 94043k| 176.8 |   621M |  67 |1323 |6435 |2793 | 866k|  1 | 557k|  32 | 0.000000e+00 |      --      |    Inf |  98.05%
  225m|532100 |   165 | 94056k| 176.8 |   621M |  67 |1323 |6435 |2789 | 866k|  0 | 557k|  32 | 0.000000e+00 |      --      |    Inf |  98.05%
  225m|532200 |   168 | 94064k| 176.7 |   621M |  67 |1323 |6434 |2791 | 866k|  0 | 557k|  32 | 0.000000e+00 |      --      |    Inf |  98.05%
  225m|532300 |   180 | 94075k| 176.7 |   621M |  67 |1323 |6433 |2778 | 866k|  2 | 557k|  32 | 0.000000e+00 |      --      |    Inf |  98.05%
  225m|532400 |   188 | 94089k| 176.7 |   621M |  67 |1323 |6434 |2784 | 866k|  1 | 557k|  32 | 0.000000e+00 |      --      |    Inf |  98.05%
  225m|532500 |   184 | 94102k| 176.7 |   621M |  67 |1323 |6434 |2783 | 866k|  2 | 557k|  32 | 0.000000e+00 |      --      |    Inf |  98.05%
  225m|532600 |   176 | 94116k| 176.7 |   621M |  67 |1323 |6434 |2791 | 866k|  1 | 557k|  32 | 0.000000e+00 |      --      |    Inf |  98.05%
  225m|532700 |   178 | 94127k| 176.7 |   621M |  67 |1323 |6434 |2800 | 866k|  0 | 557k|  32 | 0.000000e+00 |      --      |    Inf |  98.05%
 time | node  | left  |LP iter|LP it/n|mem/heur|mdpt |vars |cons |rows |cuts |sepa|confs|strbr|  dualbound   | primalbound  |  gap   | compl. 
  225m|532800 |   175 | 94145k| 176.7 |   621M |  67 |1323 |6434 |2848 | 866k|  0 | 557k|  32 | 0.000000e+00 |      --      |    Inf |  98.05%
  225m|532900 |   171 | 94161k| 176.7 |   621M |  67 |1323 |6434 |2794 | 866k|  2 | 557k|  32 | 0.000000e+00 |      --      |    Inf |  98.05%
  225m|533000 |   183 | 94171k| 176.7 |   621M |  67 |1323 |6434 |2782 | 866k|  2 | 558k|  32 | 0.000000e+00 |      --      |    Inf |  98.05%
  225m|533100 |   176 | 94184k| 176.7 |   621M |  67 |1323 |6434 |2800 | 866k|  0 | 558k|  32 | 0.000000e+00 |      --      |    Inf |  98.05%
  225m|533200 |   181 | 94198k| 176.7 |   621M |  67 |1323 |6434 |2815 | 866k|  0 | 558k|  32 | 0.000000e+00 |      --      |    Inf |  98.05%
  225m|533300 |   185 | 94212k| 176.7 |   621M |  67 |1323 |6434 |2809 | 867k|  1 | 558k|  32 | 0.000000e+00 |      --      |    Inf |  98.05%
  225m|533400 |   177 | 94225k| 176.6 |   621M |  67 |1323 |6434 |2820 | 867k|  0 | 558k|  32 | 0.000000e+00 |      --      |    Inf |  98.05%
  225m|533500 |   175 | 94238k| 176.6 |   621M |  67 |1323 |6434 |2812 | 867k|  1 | 558k|  32 | 0.000000e+00 |      --      |    Inf |  98.05%
  225m|533600 |   174 | 94253k| 176.6 |   621M |  67 |1323 |6434 |2850 | 867k|  2 | 558k|  32 | 0.000000e+00 |      --      |    Inf |  98.05%
  225m|533700 |   170 | 94269k| 176.6 |   621M |  67 |1323 |6434 |2831 | 867k|  0 | 558k|  32 | 0.000000e+00 |      --      |    Inf |  98.05%
  225m|533800 |   170 | 94283k| 176.6 |   621M |  67 |1323 |6434 |2835 | 867k|  0 | 558k|  32 | 0.000000e+00 |      --      |    Inf |  98.05%
  225m|533900 |   170 | 94296k| 176.6 |   621M |  67 |1323 |6434 |2844 | 867k|  0 | 558k|  32 | 0.000000e+00 |      --      |    Inf |  98.05%
  226m|534000 |   161 | 94310k| 176.6 |   621M |  67 |1323 |6434 |2888 | 867k|  0 | 559k|  32 | 0.000000e+00 |      --      |    Inf |  98.05%
  226m|534100 |   158 | 94324k| 176.6 |   621M |  67 |1323 |6434 |3056 | 867k|  2 | 559k|  32 | 0.000000e+00 |      --      |    Inf |  98.05%
  226m|534200 |   150 | 94336k| 176.6 |   621M |  67 |1323 |6434 |2714 | 867k|  1 | 559k|  32 | 0.000000e+00 |      --      |    Inf |  98.07%
 time | node  | left  |LP iter|LP it/n|mem/heur|mdpt |vars |cons |rows |cuts |sepa|confs|strbr|  dualbound   | primalbound  |  gap   | compl. 
  226m|534300 |   158 | 94345k| 176.6 |   621M |  67 |1323 |6435 |3448 | 867k|  2 | 559k|  32 | 0.000000e+00 |      --      |    Inf |  98.07%
  226m|534400 |   152 | 94355k| 176.6 |   621M |  67 |1323 |6436 |3450 | 867k|  1 | 559k|  32 | 0.000000e+00 |      --      |    Inf |  98.07%
  226m|534500 |   150 | 94365k| 176.5 |   621M |  67 |1323 |6437 |3451 | 867k|  0 | 559k|  32 | 0.000000e+00 |      --      |    Inf |  98.07%
  226m|534600 |   151 | 94372k| 176.5 |   621M |  67 |1323 |6437 |3452 | 867k|  2 | 559k|  32 | 0.000000e+00 |      --      |    Inf |  98.07%
  226m|534700 |   157 | 94381k| 176.5 |   621M |  67 |1323 |6441 |3451 | 867k|  1 | 559k|  32 | 0.000000e+00 |      --      |    Inf |  98.07%
  226m|534800 |   147 | 94390k| 176.5 |   621M |  67 |1323 |6442 |3449 | 867k|  2 | 559k|  32 | 0.000000e+00 |      --      |    Inf |  98.07%
  226m|534900 |   151 | 94399k| 176.5 |   621M |  67 |1323 |6445 |3445 | 867k|  1 | 559k|  32 | 0.000000e+00 |      --      |    Inf |  98.07%
  226m|535000 |   149 | 94408k| 176.5 |   621M |  67 |1323 |6445 |3451 | 867k|  1 | 559k|  32 | 0.000000e+00 |      --      |    Inf |  98.07%
  226m|535100 |   146 | 94418k| 176.4 |   621M |  67 |1323 |6445 |3451 | 867k|  0 | 560k|  32 | 0.000000e+00 |      --      |    Inf |  98.07%
  226m|535200 |   150 | 94428k| 176.4 |   621M |  67 |1323 |6447 |3450 | 867k|  1 | 560k|  32 | 0.000000e+00 |      --      |    Inf |  98.07%
  226m|535300 |   153 | 94438k| 176.4 |   621M |  67 |1323 |6447 |   0 | 867k|  0 | 560k|  32 | 0.000000e+00 |      --      |    Inf |  98.07%
  226m|535400 |   144 | 94448k| 176.4 |   621M |  67 |1323 |6447 |3455 | 867k|  0 | 560k|  32 | 0.000000e+00 |      --      |    Inf |  98.07%
  226m|535500 |   160 | 94461k| 176.4 |   621M |  67 |1323 |6448 |3461 | 867k|  1 | 560k|  32 | 0.000000e+00 |      --      |    Inf |  98.07%
  226m|535600 |   156 | 94477k| 176.4 |   621M |  67 |1323 |6450 |3472 | 867k|  0 | 560k|  32 | 0.000000e+00 |      --      |    Inf |  98.07%
  226m|535700 |   160 | 94486k| 176.4 |   621M |  67 |1323 |6451 |3460 | 868k|  0 | 560k|  32 | 0.000000e+00 |      --      |    Inf |  98.07%
 time | node  | left  |LP iter|LP it/n|mem/heur|mdpt |vars |cons |rows |cuts |sepa|confs|strbr|  dualbound   | primalbound  |  gap   | compl. 
  226m|535800 |   156 | 94495k| 176.4 |   621M |  67 |1323 |6448 |3488 | 868k|  0 | 560k|  32 | 0.000000e+00 |      --      |    Inf |  98.07%
  226m|535900 |   154 | 94505k| 176.3 |   621M |  67 |1323 |6446 |3474 | 868k|  0 | 560k|  32 | 0.000000e+00 |      --      |    Inf |  98.07%
  226m|536000 |   150 | 94515k| 176.3 |   621M |  67 |1323 |6448 |3453 | 868k|  0 | 561k|  32 | 0.000000e+00 |      --      |    Inf |  98.07%
  226m|536100 |   143 | 94524k| 176.3 |   621M |  67 |1323 |6451 |3451 | 868k|  0 | 561k|  32 | 0.000000e+00 |      --      |    Inf |  98.07%
  226m|536200 |   144 | 94534k| 176.3 |   621M |  67 |1323 |6451 |3572 | 868k|  0 | 561k|  32 | 0.000000e+00 |      --      |    Inf |  98.15%
  226m|536300 |   146 | 94544k| 176.3 |   621M |  67 |1323 |6452 |3569 | 868k|  0 | 561k|  32 | 0.000000e+00 |      --      |    Inf |  98.24%
  226m|536400 |   142 | 94552k| 176.3 |   621M |  67 |1323 |6450 |3570 | 868k|  1 | 561k|  32 | 0.000000e+00 |      --      |    Inf |  98.24%
  226m|536500 |   140 | 94565k| 176.3 |   621M |  67 |1323 |6445 |3469 | 868k|  2 | 561k|  32 | 0.000000e+00 |      --      |    Inf |  98.24%
  226m|536600 |   136 | 94580k| 176.3 |   621M |  67 |1323 |6441 |2820 | 868k|  0 | 561k|  32 | 0.000000e+00 |      --      |    Inf |  98.28%
  226m|536700 |   142 | 94597k| 176.3 |   621M |  67 |1323 |6439 |3972 | 868k|  2 | 561k|  32 | 0.000000e+00 |      --      |    Inf |  98.28%
  226m|536800 |   161 | 94609k| 176.2 |   622M |  67 |1323 |6439 |3948 | 868k|  1 | 561k|  32 | 0.000000e+00 |      --      |    Inf |  98.28%
  226m|536900 |   143 | 94623k| 176.2 |   622M |  67 |1323 |6439 |2837 | 868k|  0 | 561k|  32 | 0.000000e+00 |      --      |    Inf |  98.28%
  226m|537000 |   135 | 94636k| 176.2 |   622M |  67 |1323 |6437 |2840 | 868k|  0 | 562k|  32 | 0.000000e+00 |      --      |    Inf |  98.28%
  226m|537100 |   145 | 94645k| 176.2 |   622M |  67 |1323 |6417 |2911 | 868k|  1 | 562k|  32 | 0.000000e+00 |      --      |    Inf |  98.32%
  226m|537200 |   137 | 94655k| 176.2 |   622M |  67 |1323 |6291 |2877 | 868k|  0 | 562k|  32 | 0.000000e+00 |      --      |    Inf |  98.33%
 time | node  | left  |LP iter|LP it/n|mem/heur|mdpt |vars |cons |rows |cuts |sepa|confs|strbr|  dualbound   | primalbound  |  gap   | compl. 
  226m|537300 |   147 | 94661k| 176.2 |   622M |  67 |1323 |6365 |2903 | 868k|  2 | 562k|  32 | 0.000000e+00 |      --      |    Inf |  98.33%
  226m|537400 |   146 | 94670k| 176.2 |   622M |  67 |1323 |6427 |2879 | 868k|  1 | 562k|  32 | 0.000000e+00 |      --      |    Inf |  98.34%
  226m|537500 |   153 | 94676k| 176.1 |   622M |  67 |1323 |6443 |2902 | 868k|  0 | 562k|  32 | 0.000000e+00 |      --      |    Inf |  98.34%
  226m|537600 |   144 | 94684k| 176.1 |   622M |  67 |1323 |6444 |2901 | 868k|  1 | 562k|  32 | 0.000000e+00 |      --      |    Inf |  98.34%
  226m|537700 |   140 | 94693k| 176.1 |   622M |  67 |1323 |6443 |2782 | 868k|  0 | 562k|  32 | 0.000000e+00 |      --      |    Inf |  98.34%
  226m|537800 |   130 | 94705k| 176.1 |   622M |  67 |1323 |6445 |3509 | 868k|  0 | 562k|  32 | 0.000000e+00 |      --      |    Inf |  98.34%
  226m|537900 |   125 | 94722k| 176.1 |   622M |  67 |1323 |6440 |4355 | 868k|  0 | 562k|  32 | 0.000000e+00 |      --      |    Inf |  98.34%
  226m|538000 |   117 | 94738k| 176.1 |   622M |  67 |1323 |6380 |3127 | 869k|  0 | 563k|  32 | 0.000000e+00 |      --      |    Inf |  98.34%
  226m|538100 |   119 | 94752k| 176.1 |   622M |  67 |1323 |6364 |3509 | 869k|  0 | 563k|  32 | 0.000000e+00 |      --      |    Inf |  98.34%
  226m|538200 |   114 | 94762k| 176.1 |   622M |  67 |1323 |6355 |3223 | 869k|  2 | 563k|  32 | 0.000000e+00 |      --      |    Inf |  98.34%
  227m|538300 |   126 | 94770k| 176.0 |   622M |  67 |1323 |6344 |4218 | 869k|  0 | 563k|  32 | 0.000000e+00 |      --      |    Inf |  98.35%
  227m|538400 |   137 | 94777k| 176.0 |   624M |  67 |1323 |6343 |4216 | 869k|  1 | 563k|  32 | 0.000000e+00 |      --      |    Inf |  98.35%
  227m|538500 |   124 | 94787k| 176.0 |   624M |  67 |1323 |6436 |4217 | 869k|  1 | 563k|  32 | 0.000000e+00 |      --      |    Inf |  98.35%
  227m|538600 |   130 | 94794k| 176.0 |   624M |  67 |1323 |6438 |4229 | 869k|  0 | 563k|  32 | 0.000000e+00 |      --      |    Inf |  98.35%
  227m|538700 |   120 | 94807k| 176.0 |   624M |  67 |1323 |6438 |4220 | 869k|  0 | 563k|  32 | 0.000000e+00 |      --      |    Inf |  98.35%
 time | node  | left  |LP iter|LP it/n|mem/heur|mdpt |vars |cons |rows |cuts |sepa|confs|strbr|  dualbound   | primalbound  |  gap   | compl. 
  227m|538800 |   115 | 94819k| 176.0 |   624M |  67 |1323 |6437 |2895 | 869k|  2 | 563k|  32 | 0.000000e+00 |      --      |    Inf |  98.36%
  227m|538900 |   104 | 94830k| 176.0 |   624M |  67 |1323 |6411 |2813 | 869k|  2 | 564k|  32 | 0.000000e+00 |      --      |    Inf |  98.36%
  227m|539000 |    99 | 94846k| 176.0 |   624M |  67 |1323 |5965 |2996 | 869k|  0 | 564k|  32 | 0.000000e+00 |      --      |    Inf |  98.46%
  227m|539100 |    97 | 94855k| 175.9 |   624M |  67 |1323 |5888 |3154 | 869k|  0 | 564k|  32 | 0.000000e+00 |      --      |    Inf |  98.47%
  227m|539200 |   114 | 94869k| 175.9 |   624M |  67 |1323 |5793 |3771 | 869k|  1 | 564k|  32 | 0.000000e+00 |      --      |    Inf |  98.48%
  227m|539300 |   105 | 94884k| 175.9 |   624M |  67 |1323 |5899 |3772 | 869k|  0 | 564k|  32 | 0.000000e+00 |      --      |    Inf |  98.48%
  227m|539400 |   115 | 94897k| 175.9 |   625M |  67 |1323 |5979 |3780 | 869k|  2 | 564k|  32 | 0.000000e+00 |      --      |    Inf |  98.48%
  227m|539500 |   128 | 94910k| 175.9 |   625M |  67 |1323 |6073 |3768 | 869k|  0 | 564k|  32 | 0.000000e+00 |      --      |    Inf |  98.48%
  227m|539600 |   108 | 94924k| 175.9 |   625M |  67 |1323 |6166 |3771 | 869k|  1 | 564k|  32 | 0.000000e+00 |      --      |    Inf |  98.48%
  227m|539700 |   127 | 94937k| 175.9 |   625M |  67 |1323 |6216 |3770 | 869k|  0 | 564k|  32 | 0.000000e+00 |      --      |    Inf |  98.48%
  227m|539800 |   128 | 94948k| 175.9 |   625M |  67 |1323 |6341 |3773 | 869k|  1 | 564k|  32 | 0.000000e+00 |      --      |    Inf |  98.48%
  227m|539900 |   124 | 94960k| 175.9 |   625M |  67 |1323 |6418 |3770 | 869k|  1 | 564k|  32 | 0.000000e+00 |      --      |    Inf |  98.48%
  227m|540000 |   121 | 94969k| 175.9 |   625M |  67 |1323 |6437 |3779 | 869k|  1 | 565k|  32 | 0.000000e+00 |      --      |    Inf |  98.48%
  227m|540100 |   120 | 94977k| 175.8 |   625M |  67 |1323 |6437 |3784 | 869k|  0 | 565k|  32 | 0.000000e+00 |      --      |    Inf |  98.48%
  227m|540200 |   120 | 94992k| 175.8 |   625M |  67 |1323 |6435 |3780 | 869k|  0 | 565k|  32 | 0.000000e+00 |      --      |    Inf |  98.48%
 time | node  | left  |LP iter|LP it/n|mem/heur|mdpt |vars |cons |rows |cuts |sepa|confs|strbr|  dualbound   | primalbound  |  gap   | compl. 
  227m|540300 |   110 | 95001k| 175.8 |   625M |  67 |1323 |6436 |3788 | 869k|  0 | 565k|  32 | 0.000000e+00 |      --      |    Inf |  98.48%
  227m|540400 |   113 | 95014k| 175.8 |   625M |  67 |1323 |6435 |3782 | 869k|  2 | 565k|  32 | 0.000000e+00 |      --      |    Inf |  98.48%
  227m|540500 |   112 | 95029k| 175.8 |   625M |  67 |1323 |6436 |3782 | 869k|  2 | 565k|  32 | 0.000000e+00 |      --      |    Inf |  98.48%
  227m|540600 |   109 | 95040k| 175.8 |   625M |  67 |1323 |6436 |3782 | 869k|  0 | 565k|  32 | 0.000000e+00 |      --      |    Inf |  98.48%
  227m|540700 |   109 | 95062k| 175.8 |   625M |  67 |1323 |6436 |3802 | 869k|  2 | 565k|  32 | 0.000000e+00 |      --      |    Inf |  98.48%
  227m|540800 |   114 | 95086k| 175.8 |   625M |  67 |1323 |6436 |3779 | 869k|  1 | 566k|  32 | 0.000000e+00 |      --      |    Inf |  98.48%
  227m|540900 |   121 | 95100k| 175.8 |   625M |  67 |1323 |6436 |3784 | 870k|  0 | 566k|  32 | 0.000000e+00 |      --      |    Inf |  98.48%
  227m|541000 |   107 | 95115k| 175.8 |   625M |  67 |1323 |6436 |3783 | 870k|  1 | 566k|  32 | 0.000000e+00 |      --      |    Inf |  98.48%
  227m|541100 |   114 | 95135k| 175.8 |   625M |  67 |1323 |6436 |3803 | 870k|  1 | 566k|  32 | 0.000000e+00 |      --      |    Inf |  98.48%
  227m|541200 |   108 | 95147k| 175.8 |   625M |  67 |1323 |6434 |3779 | 870k|  0 | 566k|  32 | 0.000000e+00 |      --      |    Inf |  98.48%
  227m|541300 |   116 | 95170k| 175.8 |   625M |  67 |1323 |6434 |3784 | 870k|  0 | 566k|  32 | 0.000000e+00 |      --      |    Inf |  98.48%
  227m|541400 |   124 | 95182k| 175.8 |   625M |  67 |1323 |6434 |3788 | 870k|  0 | 566k|  32 | 0.000000e+00 |      --      |    Inf |  98.48%
  227m|541500 |   131 | 95197k| 175.8 |   625M |  67 |1323 |6433 |3805 | 870k|  0 | 566k|  32 | 0.000000e+00 |      --      |    Inf |  98.48%
  227m|541600 |   105 | 95213k| 175.8 |   625M |  67 |1323 |6433 |3793 | 870k|  1 | 566k|  32 | 0.000000e+00 |      --      |    Inf |  98.48%
  228m|541700 |   108 | 95225k| 175.8 |   625M |  67 |1323 |6433 |3793 | 870k|  0 | 567k|  32 | 0.000000e+00 |      --      |    Inf |  98.48%
 time | node  | left  |LP iter|LP it/n|mem/heur|mdpt |vars |cons |rows |cuts |sepa|confs|strbr|  dualbound   | primalbound  |  gap   | compl. 
  228m|541800 |   109 | 95236k| 175.8 |   625M |  67 |1323 |6433 |   0 | 870k|  0 | 567k|  32 | 0.000000e+00 |      --      |    Inf |  98.48%
  228m|541900 |   110 | 95247k| 175.8 |   625M |  67 |1323 |6433 |3794 | 870k|  0 | 567k|  32 | 0.000000e+00 |      --      |    Inf |  98.48%
  228m|542000 |   106 | 95257k| 175.7 |   625M |  67 |1323 |6433 |3792 | 870k|  0 | 567k|  32 | 0.000000e+00 |      --      |    Inf |  98.48%
  228m|542100 |   105 | 95270k| 175.7 |   625M |  67 |1323 |6433 |3795 | 870k|  1 | 567k|  32 | 0.000000e+00 |      --      |    Inf |  98.48%
  228m|542200 |   110 | 95285k| 175.7 |   625M |  67 |1323 |6433 |3767 | 870k|  1 | 567k|  32 | 0.000000e+00 |      --      |    Inf |  98.48%
  228m|542300 |   110 | 95300k| 175.7 |   625M |  67 |1323 |6433 |3766 | 870k|  0 | 567k|  32 | 0.000000e+00 |      --      |    Inf |  98.48%
  228m|542400 |   118 | 95315k| 175.7 |   625M |  67 |1323 |6433 |3767 | 870k|  1 | 567k|  32 | 0.000000e+00 |      --      |    Inf |  98.48%
  228m|542500 |   117 | 95332k| 175.7 |   625M |  67 |1323 |6433 |3764 | 870k|  1 | 567k|  32 | 0.000000e+00 |      --      |    Inf |  98.48%
  228m|542600 |   119 | 95348k| 175.7 |   625M |  67 |1323 |6433 |3775 | 870k|  0 | 567k|  32 | 0.000000e+00 |      --      |    Inf |  98.48%
  228m|542700 |   120 | 95365k| 175.7 |   625M |  67 |1323 |6433 |3772 | 870k|  0 | 568k|  32 | 0.000000e+00 |      --      |    Inf |  98.48%
  228m|542800 |   119 | 95382k| 175.7 |   625M |  67 |1323 |6433 |3772 | 870k|  0 | 568k|  32 | 0.000000e+00 |      --      |    Inf |  98.48%
  228m|542900 |   121 | 95396k| 175.7 |   625M |  67 |1323 |6433 |3773 | 870k|  0 | 568k|  32 | 0.000000e+00 |      --      |    Inf |  98.48%
  228m|543000 |   117 | 95408k| 175.7 |   625M |  67 |1323 |6433 |3773 | 870k|  0 | 568k|  32 | 0.000000e+00 |      --      |    Inf |  98.48%
  228m|543100 |   117 | 95421k| 175.7 |   625M |  67 |1323 |6433 |3771 | 870k|  0 | 568k|  32 | 0.000000e+00 |      --      |    Inf |  98.48%
  228m|543200 |   119 | 95436k| 175.7 |   625M |  67 |1323 |6433 |3772 | 870k|  1 | 568k|  32 | 0.000000e+00 |      --      |    Inf |  98.48%
 time | node  | left  |LP iter|LP it/n|mem/heur|mdpt |vars |cons |rows |cuts |sepa|confs|strbr|  dualbound   | primalbound  |  gap   | compl. 
  228m|543300 |   117 | 95450k| 175.7 |   625M |  67 |1323 |6433 |3765 | 870k|  1 | 568k|  32 | 0.000000e+00 |      --      |    Inf |  98.48%
  228m|543400 |   114 | 95464k| 175.7 |   625M |  67 |1323 |6433 |3766 | 870k|  0 | 568k|  32 | 0.000000e+00 |      --      |    Inf |  98.48%
  228m|543500 |   115 | 95483k| 175.7 |   625M |  67 |1323 |6433 |4224 | 870k|  1 | 568k|  32 | 0.000000e+00 |      --      |    Inf |  98.48%
  228m|543600 |   114 | 95506k| 175.7 |   625M |  67 |1323 |6429 |4223 | 870k|  0 | 568k|  32 | 0.000000e+00 |      --      |    Inf |  98.48%
  228m|543700 |   111 | 95528k| 175.7 |   625M |  67 |1323 |6433 |4231 | 870k|  1 | 569k|  32 | 0.000000e+00 |      --      |    Inf |  98.48%
  228m|543800 |   112 | 95552k| 175.7 |   625M |  67 |1323 |6433 |4225 | 870k|  0 | 569k|  32 | 0.000000e+00 |      --      |    Inf |  98.48%
  228m|543900 |   107 | 95568k| 175.7 |   625M |  67 |1323 |6433 |4715 | 870k|  1 | 569k|  32 | 0.000000e+00 |      --      |    Inf |  98.48%
  228m|544000 |   104 | 95579k| 175.7 |   625M |  67 |1323 |6434 |3309 | 870k|  2 | 569k|  32 | 0.000000e+00 |      --      |    Inf |  98.48%
  228m|544100 |   106 | 95597k| 175.7 |   625M |  67 |1323 |6434 |3344 | 870k|  0 | 569k|  32 | 0.000000e+00 |      --      |    Inf |  98.48%
  228m|544200 |   103 | 95611k| 175.7 |   625M |  67 |1323 |6434 |3341 | 870k|  0 | 569k|  32 | 0.000000e+00 |      --      |    Inf |  98.48%
  228m|544300 |   103 | 95626k| 175.7 |   625M |  67 |1323 |6434 |3341 | 870k|  1 | 569k|  32 | 0.000000e+00 |      --      |    Inf |  98.48%
  228m|544400 |    96 | 95641k| 175.7 |   625M |  67 |1323 |6434 |3217 | 870k|  1 | 569k|  32 | 0.000000e+00 |      --      |    Inf |  98.48%
  228m|544500 |   102 | 95654k| 175.7 |   625M |  67 |1323 |6434 |3788 | 870k|  0 | 569k|  32 | 0.000000e+00 |      --      |    Inf |  98.55%
  228m|544600 |   109 | 95664k| 175.7 |   625M |  67 |1323 |6434 |3793 | 870k|  2 | 569k|  32 | 0.000000e+00 |      --      |    Inf |  98.55%
  228m|544700 |    91 | 95677k| 175.6 |   625M |  67 |1323 |6436 |3787 | 870k|  1 | 570k|  32 | 0.000000e+00 |      --      |    Inf |  98.58%
 time | node  | left  |LP iter|LP it/n|mem/heur|mdpt |vars |cons |rows |cuts |sepa|confs|strbr|  dualbound   | primalbound  |  gap   | compl. 
  229m|544800 |    92 | 95688k| 175.6 |   625M |  67 |1323 |6410 |2826 | 870k|  0 | 570k|  32 | 0.000000e+00 |      --      |    Inf |  98.60%
  229m|544900 |    90 | 95697k| 175.6 |   625M |  67 |1323 |6384 |3390 | 870k|  0 | 570k|  32 | 0.000000e+00 |      --      |    Inf |  98.60%
  229m|545000 |    84 | 95711k| 175.6 |   625M |  67 |1323 |6162 |4078 | 870k|  0 | 570k|  32 | 0.000000e+00 |      --      |    Inf |  98.61%
  229m|545100 |    87 | 95722k| 175.6 |   625M |  67 |1323 |6108 |4165 | 870k|  0 | 570k|  32 | 0.000000e+00 |      --      |    Inf |  98.61%
  229m|545200 |    99 | 95733k| 175.6 |   625M |  67 |1323 |6141 |4082 | 870k|  1 | 570k|  32 | 0.000000e+00 |      --      |    Inf |  98.61%
  229m|545300 |    91 | 95748k| 175.6 |   625M |  67 |1323 |6180 |4172 | 870k|  0 | 570k|  32 | 0.000000e+00 |      --      |    Inf |  98.61%
  229m|545400 |    87 | 95760k| 175.6 |   625M |  67 |1323 |6224 |4082 | 870k|  0 | 570k|  32 | 0.000000e+00 |      --      |    Inf |  98.61%
  229m|545500 |    83 | 95773k| 175.6 |   625M |  67 |1323 |6226 |2672 | 870k|  0 | 570k|  32 | 0.000000e+00 |      --      |    Inf |  98.61%
  229m|545600 |    80 | 95786k| 175.6 |   625M |  67 |1323 |5900 |2708 | 870k|  0 | 570k|  32 | 0.000000e+00 |      --      |    Inf |  98.62%
  229m|545700 |    79 | 95797k| 175.5 |   625M |  67 |1323 |5636 |2687 | 870k|  2 | 571k|  32 | 0.000000e+00 |      --      |    Inf |  98.62%
  229m|545800 |    83 | 95802k| 175.5 |   625M |  67 |1323 |5747 |2712 | 871k|  0 | 571k|  32 | 0.000000e+00 |      --      |    Inf |  98.62%
  229m|545900 |    83 | 95809k| 175.5 |   625M |  67 |1323 |5841 |2703 | 871k|  0 | 571k|  32 | 0.000000e+00 |      --      |    Inf |  98.62%
  229m|546000 |    81 | 95821k| 175.5 |   625M |  67 |1323 |5620 |3197 | 871k|  1 | 571k|  32 | 0.000000e+00 |      --      |    Inf |  98.63%
  229m|546100 |    71 | 95831k| 175.5 |   625M |  67 |1323 |5623 |3455 | 871k|  0 | 571k|  32 | 0.000000e+00 |      --      |    Inf |  98.64%
  229m|546200 |    75 | 95843k| 175.5 |   625M |  67 |1323 |5586 |4135 | 871k|  0 | 571k|  32 | 0.000000e+00 |      --      |    Inf |  98.64%
 time | node  | left  |LP iter|LP it/n|mem/heur|mdpt |vars |cons |rows |cuts |sepa|confs|strbr|  dualbound   | primalbound  |  gap   | compl. 
  229m|546300 |    67 | 95857k| 175.5 |   625M |  67 |1323 |5523 |2896 | 871k|  0 | 571k|  32 | 0.000000e+00 |      --      |    Inf |  98.64%
  229m|546400 |    68 | 95874k| 175.5 |   626M |  67 |1323 |5558 |4134 | 871k|  0 | 571k|  32 | 0.000000e+00 |      --      |    Inf |  98.64%
  229m|546500 |    71 | 95905k| 175.5 |   626M |  67 |1323 |5389 |3170 | 871k|  2 | 571k|  32 | 0.000000e+00 |      --      |    Inf |  99.13%
  229m|546600 |    78 | 95930k| 175.5 |   626M |  67 |1323 |5393 |3267 | 871k|  0 | 571k|  32 | 0.000000e+00 |      --      |    Inf |  99.14%
  229m|546700 |    85 | 95955k| 175.5 |   626M |  67 |1323 |5474 |3287 | 872k|  0 | 572k|  32 | 0.000000e+00 |      --      |    Inf |  99.14%
  229m|546800 |    73 | 95995k| 175.6 |   626M |  67 |1323 |5550 |3214 | 872k|  2 | 572k|  32 | 0.000000e+00 |      --      |    Inf |  99.14%
  229m|546900 |    66 | 96026k| 175.6 |   626M |  67 |1323 |5637 |3335 | 872k|  0 | 572k|  32 | 0.000000e+00 |      --      |    Inf |  99.14%
  229m|547000 |    66 | 96051k| 175.6 |   626M |  67 |1323 |5713 |3136 | 872k|  2 | 572k|  32 | 0.000000e+00 |      --      |    Inf |  99.14%
  229m|547100 |    74 | 96081k| 175.6 |   626M |  67 |1323 |5807 |3216 | 873k|  2 | 572k|  32 | 0.000000e+00 |      --      |    Inf |  99.14%
  229m|547200 |    67 | 96107k| 175.6 |   626M |  67 |1323 |5901 |3187 | 873k|  1 | 572k|  32 | 0.000000e+00 |      --      |    Inf |  99.14%
  229m|547300 |    66 | 96135k| 175.6 |   626M |  67 |1323 |5990 |3140 | 873k|  2 | 572k|  32 | 0.000000e+00 |      --      |    Inf |  99.14%
  229m|547400 |    76 | 96164k| 175.7 |   626M |  67 |1323 |5908 |3246 | 873k|  0 | 572k|  32 | 0.000000e+00 |      --      |    Inf |  99.16%
  229m|547500 |    73 | 96178k| 175.7 |   626M |  67 |1323 |5884 |3211 | 873k|  2 | 572k|  32 | 0.000000e+00 |      --      |    Inf |  99.16%
  229m|547600 |    81 | 96195k| 175.7 |   626M |  67 |1323 |5893 |3901 | 873k|  2 | 572k|  32 | 0.000000e+00 |      --      |    Inf |  99.16%
  230m|547700 |    85 | 96201k| 175.6 |   627M |  67 |1323 |5895 |3914 | 874k|  0 | 572k|  32 | 0.000000e+00 |      --      |    Inf |  99.16%
 time | node  | left  |LP iter|LP it/n|mem/heur|mdpt |vars |cons |rows |cuts |sepa|confs|strbr|  dualbound   | primalbound  |  gap   | compl. 
  230m|547800 |    89 | 96210k| 175.6 |   627M |  67 |1323 |5895 |3940 | 874k|  2 | 572k|  32 | 0.000000e+00 |      --      |    Inf |  99.16%
  230m|547900 |    75 | 96221k| 175.6 |   627M |  67 |1323 |5899 |3941 | 874k|  0 | 572k|  32 | 0.000000e+00 |      --      |    Inf |  99.16%
  230m|548000 |    66 | 96233k| 175.6 |   627M |  67 |1323 |5903 |3230 | 874k|  2 | 572k|  32 | 0.000000e+00 |      --      |    Inf |  99.16%
  230m|548100 |    74 | 96244k| 175.6 |   627M |  67 |1323 |5921 |3278 | 874k|  1 | 572k|  32 | 0.000000e+00 |      --      |    Inf |  99.16%
  230m|548200 |    86 | 96255k| 175.6 |   627M |  67 |1323 |5914 |3291 | 874k|  2 | 573k|  32 | 0.000000e+00 |      --      |    Inf |  99.16%
  230m|548300 |    84 | 96268k| 175.6 |   627M |  67 |1323 |5947 |3309 | 874k|  1 | 573k|  32 | 0.000000e+00 |      --      |    Inf |  99.16%
  230m|548400 |    82 | 96279k| 175.6 |   627M |  67 |1323 |5981 |3330 | 874k|  0 | 573k|  32 | 0.000000e+00 |      --      |    Inf |  99.16%
  230m|548500 |    86 | 96291k| 175.5 |   627M |  67 |1323 |5994 |3331 | 874k|  1 | 573k|  32 | 0.000000e+00 |      --      |    Inf |  99.16%
  230m|548600 |    83 | 96303k| 175.5 |   627M |  67 |1323 |5973 |3304 | 874k|  2 | 573k|  32 | 0.000000e+00 |      --      |    Inf |  99.16%
  230m|548700 |    79 | 96321k| 175.5 |   627M |  67 |1323 |5927 |3353 | 875k|  2 | 573k|  32 | 0.000000e+00 |      --      |    Inf |  99.16%
  230m|548800 |    84 | 96337k| 175.5 |   627M |  67 |1323 |5958 |3302 | 875k|  0 | 573k|  32 | 0.000000e+00 |      --      |    Inf |  99.16%
  230m|548900 |    79 | 96354k| 175.5 |   627M |  67 |1323 |5914 |3468 | 875k|  0 | 573k|  32 | 0.000000e+00 |      --      |    Inf |  99.16%
  230m|549000 |    77 | 96369k| 175.5 |   627M |  67 |1323 |5950 |3482 | 875k|  1 | 573k|  32 | 0.000000e+00 |      --      |    Inf |  99.16%
  230m|549100 |    74 | 96398k| 175.6 |   627M |  67 |1323 |5897 |3279 | 875k|  0 | 573k|  32 | 0.000000e+00 |      --      |    Inf |  99.16%
  230m|549200 |    81 | 96435k| 175.6 |   627M |  67 |1323 |5918 |3355 | 876k|  0 | 573k|  32 | 0.000000e+00 |      --      |    Inf |  99.16%
 time | node  | left  |LP iter|LP it/n|mem/heur|mdpt |vars |cons |rows |cuts |sepa|confs|strbr|  dualbound   | primalbound  |  gap   | compl. 
  230m|549300 |    92 | 96476k| 175.6 |   627M |  67 |1323 |5947 |3349 | 876k|  2 | 573k|  32 | 0.000000e+00 |      --      |    Inf |  99.16%
  230m|549400 |    94 | 96527k| 175.7 |   627M |  67 |1323 |6018 |3428 | 877k|  0 | 573k|  32 | 0.000000e+00 |      --      |    Inf |  99.16%
  230m|549500 |    83 | 96570k| 175.7 |   627M |  67 |1323 |6162 |3250 | 877k|  0 | 574k|  32 | 0.000000e+00 |      --      |    Inf |  99.16%
  230m|549600 |    84 | 96600k| 175.8 |   627M |  67 |1323 |6208 |3333 | 877k|  0 | 574k|  32 | 0.000000e+00 |      --      |    Inf |  99.16%
  230m|549700 |    87 | 96627k| 175.8 |   627M |  67 |1323 |6277 |   0 | 878k|  0 | 574k|  32 | 0.000000e+00 |      --      |    Inf |  99.16%
  230m|549800 |    90 | 96664k| 175.8 |   627M |  67 |1323 |6277 |3467 | 878k|  0 | 574k|  32 | 0.000000e+00 |      --      |    Inf |  99.16%
  230m|549900 |    85 | 96701k| 175.8 |   627M |  67 |1323 |6274 |3370 | 879k|  2 | 574k|  32 | 0.000000e+00 |      --      |    Inf |  99.16%
  231m|550000 |    87 | 96741k| 175.9 |   627M |  67 |1323 |6246 |3404 | 879k|  1 | 574k|  32 | 0.000000e+00 |      --      |    Inf |  99.16%
  231m|550100 |    88 | 96768k| 175.9 |   627M |  67 |1323 |6217 |3319 | 879k|  2 | 574k|  32 | 0.000000e+00 |      --      |    Inf |  99.16%
  231m|550200 |    90 | 96790k| 175.9 |   627M |  67 |1323 |6276 |3438 | 880k|  0 | 575k|  32 | 0.000000e+00 |      --      |    Inf |  99.17%
  231m|550300 |    88 | 96813k| 175.9 |   627M |  67 |1323 |6274 |3386 | 880k|  2 | 575k|  32 | 0.000000e+00 |      --      |    Inf |  99.17%
  231m|550400 |    87 | 96841k| 175.9 |   627M |  67 |1323 |6243 |3245 | 880k|  0 | 575k|  32 | 0.000000e+00 |      --      |    Inf |  99.17%
  231m|550500 |    90 | 96868k| 176.0 |   627M |  67 |1323 |6268 |3273 | 881k|  0 | 575k|  32 | 0.000000e+00 |      --      |    Inf |  99.17%
  231m|550600 |    87 | 96899k| 176.0 |   627M |  67 |1323 |6264 |3430 | 881k|  0 | 575k|  32 | 0.000000e+00 |      --      |    Inf |  99.17%
  231m|550700 |    93 | 96924k| 176.0 |   627M |  67 |1323 |6264 |3328 | 881k|  2 | 575k|  32 | 0.000000e+00 |      --      |    Inf |  99.17%
 time | node  | left  |LP iter|LP it/n|mem/heur|mdpt |vars |cons |rows |cuts |sepa|confs|strbr|  dualbound   | primalbound  |  gap   | compl. 
  231m|550800 |    93 | 96947k| 176.0 |   627M |  67 |1323 |6263 |3361 | 882k|  2 | 576k|  32 | 0.000000e+00 |      --      |    Inf |  99.17%
  231m|550900 |    90 | 96972k| 176.0 |   627M |  67 |1323 |6263 |3336 | 882k|  2 | 576k|  32 | 0.000000e+00 |      --      |    Inf |  99.17%
  231m|551000 |    82 | 96993k| 176.0 |   627M |  67 |1323 |6227 |3303 | 882k|  2 | 576k|  32 | 0.000000e+00 |      --      |    Inf |  99.17%
  231m|551100 |    75 | 97023k| 176.0 |   627M |  67 |1323 |5854 |3182 | 883k|  0 | 576k|  32 | 0.000000e+00 |      --      |    Inf |  99.17%
  231m|551200 |    64 | 97061k| 176.1 |   627M |  67 |1323 |5783 |3276 | 883k|  1 | 576k|  32 | 0.000000e+00 |      --      |    Inf |  99.17%
  231m|551300 |    86 | 97104k| 176.1 |   627M |  67 |1323 |5769 |3624 | 884k|  0 | 576k|  32 | 0.000000e+00 |      --      |    Inf |  99.17%
  231m|551400 |    85 | 97140k| 176.2 |   627M |  67 |1323 |5884 |3640 | 884k|  2 | 576k|  32 | 0.000000e+00 |      --      |    Inf |  99.17%
  231m|551500 |    82 | 97179k| 176.2 |   627M |  67 |1323 |6013 |3711 | 884k|  2 | 576k|  32 | 0.000000e+00 |      --      |    Inf |  99.17%
  231m|551600 |    85 | 97208k| 176.2 |   627M |  67 |1323 |6102 |   0 | 884k|  0 | 576k|  32 | 0.000000e+00 |      --      |    Inf |  99.17%
  231m|551700 |    80 | 97236k| 176.2 |   627M |  67 |1323 |6131 |3644 | 884k|  2 | 577k|  32 | 0.000000e+00 |      --      |    Inf |  99.17%
  232m|551800 |    84 | 97267k| 176.3 |   627M |  67 |1323 |6144 |3246 | 885k|  1 | 577k|  32 | 0.000000e+00 |      --      |    Inf |  99.17%
  232m|551900 |    86 | 97306k| 176.3 |   627M |  67 |1323 |6252 |3711 | 885k|  0 | 577k|  32 | 0.000000e+00 |      --      |    Inf |  99.17%
  232m|552000 |    80 | 97343k| 176.3 |   628M |  67 |1323 |6264 |3771 | 885k|  0 | 577k|  32 | 0.000000e+00 |      --      |    Inf |  99.17%
  232m|552100 |    82 | 97375k| 176.4 |   628M |  67 |1323 |6264 |3273 | 885k|  0 | 577k|  32 | 0.000000e+00 |      --      |    Inf |  99.17%
  232m|552200 |    77 | 97406k| 176.4 |   628M |  67 |1323 |6262 |3185 | 886k|  0 | 577k|  32 | 0.000000e+00 |      --      |    Inf |  99.17%
 time | node  | left  |LP iter|LP it/n|mem/heur|mdpt |vars |cons |rows |cuts |sepa|confs|strbr|  dualbound   | primalbound  |  gap   | compl. 
  232m|552300 |    77 | 97436k| 176.4 |   628M |  67 |1323 |6264 |3553 | 886k|  1 | 577k|  32 | 0.000000e+00 |      --      |    Inf |  99.17%
  232m|552400 |    81 | 97473k| 176.4 |   628M |  67 |1323 |6263 |3540 | 886k|  0 | 577k|  32 | 0.000000e+00 |      --      |    Inf |  99.17%
  232m|552500 |    78 | 97506k| 176.5 |   628M |  67 |1323 |6263 |3530 | 886k|  0 | 578k|  32 | 0.000000e+00 |      --      |    Inf |  99.17%
  232m|552600 |    77 | 97550k| 176.5 |   628M |  67 |1323 |6262 |3518 | 887k|  3 | 578k|  32 | 0.000000e+00 |      --      |    Inf |  99.17%
  232m|552700 |    89 | 97589k| 176.6 |   628M |  67 |1323 |6260 |3689 | 887k|  1 | 578k|  32 | 0.000000e+00 |      --      |    Inf |  99.17%
  232m|552800 |   101 | 97640k| 176.6 |   628M |  67 |1323 |6262 |3734 | 887k|  1 | 578k|  32 | 0.000000e+00 |      --      |    Inf |  99.17%
  232m|552900 |   112 | 97693k| 176.7 |   628M |  67 |1323 |6261 |3779 | 888k|  1 | 578k|  32 | 0.000000e+00 |      --      |    Inf |  99.17%
  232m|553000 |    99 | 97741k| 176.7 |   628M |  67 |1323 |6262 |3739 | 888k|  0 | 578k|  32 | 0.000000e+00 |      --      |    Inf |  99.17%
  233m|553100 |    97 | 97771k| 176.8 |   629M |  67 |1323 |6261 |3620 | 888k|  2 | 578k|  32 | 0.000000e+00 |      --      |    Inf |  99.17%
  233m|553200 |    98 | 97808k| 176.8 |   629M |  67 |1323 |6261 |3725 | 888k|  2 | 578k|  32 | 0.000000e+00 |      --      |    Inf |  99.17%
  233m|553300 |   101 | 97843k| 176.8 |   629M |  67 |1323 |6261 |3779 | 888k|  2 | 579k|  32 | 0.000000e+00 |      --      |    Inf |  99.17%
  233m|553400 |   107 | 97878k| 176.9 |   629M |  67 |1323 |6261 |3835 | 889k|  1 | 579k|  32 | 0.000000e+00 |      --      |    Inf |  99.17%
  233m|553500 |   100 | 97908k| 176.9 |   629M |  67 |1323 |6261 |3727 | 889k|  0 | 579k|  32 | 0.000000e+00 |      --      |    Inf |  99.17%
  233m|553600 |   101 | 97959k| 176.9 |   629M |  67 |1323 |6239 |3895 | 889k|  1 | 579k|  32 | 0.000000e+00 |      --      |    Inf |  99.17%
  233m|553700 |   104 | 98019k| 177.0 |   629M |  67 |1323 |6236 |3965 | 889k|  0 | 579k|  32 | 0.000000e+00 |      --      |    Inf |  99.17%
 time | node  | left  |LP iter|LP it/n|mem/heur|mdpt |vars |cons |rows |cuts |sepa|confs|strbr|  dualbound   | primalbound  |  gap   | compl. 
  233m|553800 |   102 | 98066k| 177.1 |   629M |  67 |1323 |6202 |3742 | 890k|  2 | 579k|  32 | 0.000000e+00 |      --      |    Inf |  99.17%
  233m|553900 |   105 | 98104k| 177.1 |   629M |  67 |1323 |6235 |   0 | 890k|  0 | 579k|  32 | 0.000000e+00 |      --      |    Inf |  99.17%
  233m|554000 |   100 | 98170k| 177.2 |   629M |  67 |1323 |6262 |3962 | 890k|  2 | 579k|  32 | 0.000000e+00 |      --      |    Inf |  99.17%
  233m|554100 |    97 | 98203k| 177.2 |   629M |  67 |1323 |6262 |3538 | 890k|  3 | 580k|  32 | 0.000000e+00 |      --      |    Inf |  99.17%
  233m|554200 |   102 | 98239k| 177.3 |   629M |  67 |1323 |6209 |3960 | 891k|  0 | 580k|  32 | 0.000000e+00 |      --      |    Inf |  99.18%
  234m|554300 |   125 | 98270k| 177.3 |   629M |  67 |1323 |6142 |3801 | 891k|  0 | 580k|  32 | 0.000000e+00 |      --      |    Inf |  99.18%
  234m|554400 |   127 | 98303k| 177.3 |   630M |  67 |1323 |6205 |3853 | 891k|  2 | 580k|  32 | 0.000000e+00 |      --      |    Inf |  99.18%
  234m|554500 |   131 | 98346k| 177.4 |   630M |  67 |1323 |6254 |3923 | 891k|  1 | 580k|  32 | 0.000000e+00 |      --      |    Inf |  99.18%
  234m|554600 |   128 | 98385k| 177.4 |   630M |  67 |1323 |6254 |3917 | 891k|  1 | 580k|  32 | 0.000000e+00 |      --      |    Inf |  99.18%
  234m|554700 |   128 | 98425k| 177.4 |   630M |  67 |1323 |6254 |3947 | 891k|  0 | 580k|  32 | 0.000000e+00 |      --      |    Inf |  99.18%
  234m|554800 |   120 | 98486k| 177.5 |   631M |  67 |1323 |6248 |3919 | 892k|  0 | 580k|  32 | 0.000000e+00 |      --      |    Inf |  99.18%
  234m|554900 |   131 | 98522k| 177.5 |   632M |  67 |1323 |6250 |3825 | 892k|  1 | 581k|  32 | 0.000000e+00 |      --      |    Inf |  99.18%
  234m|555000 |   120 | 98569k| 177.6 |   632M |  67 |1323 |6250 |3839 | 892k|  0 | 581k|  32 | 0.000000e+00 |      --      |    Inf |  99.18%
  234m|555100 |   122 | 98609k| 177.6 |   633M |  67 |1323 |6250 |3890 | 892k|  2 | 581k|  32 | 0.000000e+00 |      --      |    Inf |  99.18%
  234m|555200 |   120 | 98641k| 177.7 |   633M |  67 |1323 |6205 |3816 | 892k|  2 | 581k|  32 | 0.000000e+00 |      --      |    Inf |  99.18%
 time | node  | left  |LP iter|LP it/n|mem/heur|mdpt |vars |cons |rows |cuts |sepa|confs|strbr|  dualbound   | primalbound  |  gap   | compl. 
  234m|555300 |   120 | 98682k| 177.7 |   633M |  67 |1323 |6249 |3349 | 893k|  0 | 581k|  32 | 0.000000e+00 |      --      |    Inf |  99.18%
  234m|555400 |   120 | 98723k| 177.7 |   633M |  67 |1323 |6221 |3886 | 893k|  0 | 581k|  32 | 0.000000e+00 |      --      |    Inf |  99.18%
  235m|555500 |   121 | 98767k| 177.8 |   633M |  67 |1323 |6041 |3365 | 893k|  1 | 581k|  32 | 0.000000e+00 |      --      |    Inf |  99.18%
  235m|555600 |   108 | 98802k| 177.8 |   633M |  67 |1323 |6072 |3332 | 893k|  0 | 582k|  32 | 0.000000e+00 |      --      |    Inf |  99.18%
  235m|555700 |   114 | 98830k| 177.8 |   634M |  67 |1323 |6155 |3966 | 894k|  0 | 582k|  32 | 0.000000e+00 |      --      |    Inf |  99.18%
  235m|555800 |   114 | 98856k| 177.9 |   634M |  67 |1323 |6203 |3813 | 894k|  0 | 582k|  32 | 0.000000e+00 |      --      |    Inf |  99.18%
  235m|555900 |   108 | 98891k| 177.9 |   634M |  67 |1323 |6243 |3828 | 894k|  0 | 582k|  32 | 0.000000e+00 |      --      |    Inf |  99.18%
  235m|556000 |   108 | 98926k| 177.9 |   634M |  67 |1323 |6116 |3496 | 894k|  2 | 582k|  32 | 0.000000e+00 |      --      |    Inf |  99.18%
  235m|556100 |   110 | 98954k| 177.9 |   634M |  67 |1323 |6127 |3554 | 894k|  2 | 582k|  32 | 0.000000e+00 |      --      |    Inf |  99.18%
  235m|556200 |   108 | 98982k| 178.0 |   634M |  67 |1323 |6245 |3565 | 894k|  2 | 582k|  32 | 0.000000e+00 |      --      |    Inf |  99.18%
  235m|556300 |   105 | 99011k| 178.0 |   634M |  67 |1323 |6245 |3549 | 894k|  1 | 582k|  32 | 0.000000e+00 |      --      |    Inf |  99.18%
  235m|556400 |    98 | 99037k| 178.0 |   634M |  67 |1323 |6245 |3160 | 895k|  2 | 583k|  32 | 0.000000e+00 |      --      |    Inf |  99.18%
  235m|556500 |    83 | 99077k| 178.0 |   634M |  67 |1323 |6208 |3796 | 895k|  0 | 583k|  32 | 0.000000e+00 |      --      |    Inf |  99.18%
  235m|556600 |    84 | 99121k| 178.1 |   634M |  67 |1323 |6245 |3809 | 895k|  0 | 583k|  32 | 0.000000e+00 |      --      |    Inf |  99.18%
  235m|556700 |    93 | 99166k| 178.1 |   634M |  67 |1323 |6245 |3832 | 896k|  0 | 583k|  32 | 0.000000e+00 |      --      |    Inf |  99.18%
 time | node  | left  |LP iter|LP it/n|mem/heur|mdpt |vars |cons |rows |cuts |sepa|confs|strbr|  dualbound   | primalbound  |  gap   | compl. 
  235m|556800 |   100 | 99201k| 178.2 |   634M |  67 |1323 |6245 |3844 | 896k|  1 | 583k|  32 | 0.000000e+00 |      --      |    Inf |  99.18%
  236m|556900 |    84 | 99242k| 178.2 |   634M |  67 |1323 |6245 |3793 | 896k|  0 | 583k|  32 | 0.000000e+00 |      --      |    Inf |  99.18%
  236m|557000 |    84 | 99279k| 178.2 |   634M |  67 |1323 |6244 |3823 | 896k|  2 | 583k|  32 | 0.000000e+00 |      --      |    Inf |  99.18%
  236m|557100 |    86 | 99319k| 178.3 |   634M |  67 |1323 |6227 |3925 | 896k|  1 | 584k|  32 | 0.000000e+00 |      --      |    Inf |  99.18%
  236m|557200 |    87 | 99354k| 178.3 |   634M |  67 |1323 |6234 |3946 | 896k|  0 | 584k|  32 | 0.000000e+00 |      --      |    Inf |  99.18%
  236m|557300 |    76 | 99390k| 178.3 |   634M |  67 |1323 |6230 |3560 | 896k|  1 | 584k|  32 | 0.000000e+00 |      --      |    Inf |  99.18%
  236m|557400 |    73 | 99428k| 178.4 |   634M |  67 |1323 |6230 |3605 | 897k|  2 | 584k|  32 | 0.000000e+00 |      --      |    Inf |  99.18%
  236m|557500 |    85 | 99465k| 178.4 |   634M |  67 |1323 |6167 |3519 | 897k|  0 | 584k|  32 | 0.000000e+00 |      --      |    Inf |  99.18%
  236m|557600 |    74 | 99500k| 178.4 |   634M |  67 |1323 |6136 |3686 | 897k|  1 | 584k|  32 | 0.000000e+00 |      --      |    Inf |  99.18%
  236m|557700 |    78 | 99520k| 178.4 |   634M |  67 |1323 |6198 |3672 | 897k|  1 | 584k|  32 | 0.000000e+00 |      --      |    Inf |  99.18%
  236m|557800 |    76 | 99559k| 178.5 |   634M |  67 |1323 |6229 |3327 | 898k|  0 | 584k|  32 | 0.000000e+00 |      --      |    Inf |  99.18%
  236m|557900 |    74 | 99598k| 178.5 |   634M |  67 |1323 |6229 |3291 | 898k|  2 | 585k|  32 | 0.000000e+00 |      --      |    Inf |  99.18%
  236m|558000 |    79 | 99631k| 178.5 |   634M |  67 |1323 |6229 |3216 | 898k|  0 | 585k|  32 | 0.000000e+00 |      --      |    Inf |  99.18%
  236m|558100 |    73 | 99662k| 178.6 |   634M |  67 |1323 |6229 |3317 | 899k|  2 | 585k|  32 | 0.000000e+00 |      --      |    Inf |  99.19%
  236m|558200 |    71 | 99698k| 178.6 |   634M |  67 |1323 |6229 |3403 | 899k|  0 | 585k|  32 | 0.000000e+00 |      --      |    Inf |  99.19%
 time | node  | left  |LP iter|LP it/n|mem/heur|mdpt |vars |cons |rows |cuts |sepa|confs|strbr|  dualbound   | primalbound  |  gap   | compl. 
  236m|558300 |    68 | 99736k| 178.6 |   634M |  67 |1323 |6229 |   0 | 899k|  0 | 585k|  32 | 0.000000e+00 |      --      |    Inf |  99.19%
  237m|558400 |    65 | 99769k| 178.7 |   634M |  67 |1323 |6226 |3419 | 900k|  0 | 585k|  32 | 0.000000e+00 |      --      |    Inf |  99.19%
  237m|558500 |    72 | 99799k| 178.7 |   634M |  67 |1323 |6226 |3201 | 900k|  0 | 585k|  32 | 0.000000e+00 |      --      |    Inf |  99.19%
  237m|558600 |    67 | 99827k| 178.7 |   634M |  67 |1323 |6226 |3167 | 900k|  2 | 586k|  32 | 0.000000e+00 |      --      |    Inf |  99.19%
  237m|558700 |    75 | 99863k| 178.7 |   634M |  67 |1323 |6226 |3338 | 901k|  0 | 586k|  32 | 0.000000e+00 |      --      |    Inf |  99.20%
  237m|558800 |    75 | 99896k| 178.8 |   634M |  67 |1323 |6226 |3326 | 901k|  2 | 586k|  32 | 0.000000e+00 |      --      |    Inf |  99.20%
  237m|558900 |    69 | 99931k| 178.8 |   634M |  67 |1323 |6226 |3232 | 901k|  0 | 586k|  32 | 0.000000e+00 |      --      |    Inf |  99.20%
  237m|559000 |    83 | 99971k| 178.8 |   634M |  67 |1323 |6226 |3229 | 902k|  0 | 586k|  32 | 0.000000e+00 |      --      |    Inf |  99.20%
  237m|559100 |    81 |100007k| 178.9 |   634M |  67 |1323 |6226 |3303 | 902k|  2 | 586k|  32 | 0.000000e+00 |      --      |    Inf |  99.20%
  237m|559200 |    69 |100038k| 178.9 |   634M |  67 |1323 |6226 |   0 | 902k|  0 | 586k|  32 | 0.000000e+00 |      --      |    Inf |  99.20%
  237m|559300 |    73 |100074k| 178.9 |   634M |  67 |1323 |6226 |3315 | 903k|  2 | 587k|  32 | 0.000000e+00 |      --      |    Inf |  99.20%
  237m|559400 |    67 |100101k| 178.9 |   634M |  67 |1323 |6217 |3227 | 903k|  0 | 587k|  32 | 0.000000e+00 |      --      |    Inf |  99.20%
  237m|559500 |    73 |100137k| 179.0 |   634M |  67 |1323 |6226 |3457 | 903k|  1 | 587k|  32 | 0.000000e+00 |      --      |    Inf |  99.21%
  237m|559600 |    63 |100170k| 179.0 |   634M |  67 |1323 |6226 |3973 | 904k|  0 | 587k|  32 | 0.000000e+00 |      --      |    Inf |  99.21%
  237m|559700 |    59 |100202k| 179.0 |   634M |  67 |1323 |6224 |3131 | 904k|  2 | 587k|  32 | 0.000000e+00 |      --      |    Inf |  99.40%
 time | node  | left  |LP iter|LP it/n|mem/heur|mdpt |vars |cons |rows |cuts |sepa|confs|strbr|  dualbound   | primalbound  |  gap   | compl. 
  237m|559800 |    70 |100244k| 179.1 |   634M |  67 |1323 |6226 |4131 | 904k|  1 | 587k|  32 | 0.000000e+00 |      --      |    Inf |  99.40%
  238m|559900 |    80 |100276k| 179.1 |   634M |  67 |1323 |6225 |4247 | 904k|  0 | 587k|  32 | 0.000000e+00 |      --      |    Inf |  99.40%
  238m|560000 |    85 |100319k| 179.1 |   634M |  67 |1323 |6226 |4167 | 904k|  0 | 587k|  32 | 0.000000e+00 |      --      |    Inf |  99.40%
  238m|560100 |    83 |100357k| 179.2 |   634M |  67 |1323 |6219 |4164 | 904k|  1 | 587k|  32 | 0.000000e+00 |      --      |    Inf |  99.40%
  238m|560200 |    88 |100393k| 179.2 |   634M |  67 |1323 |6222 |4228 | 905k|  1 | 587k|  32 | 0.000000e+00 |      --      |    Inf |  99.40%
  238m|560300 |    96 |100419k| 179.2 |   634M |  67 |1323 |6194 |4165 | 905k|  2 | 588k|  32 | 0.000000e+00 |      --      |    Inf |  99.40%
  238m|560400 |    86 |100457k| 179.3 |   634M |  67 |1323 |6168 |4181 | 905k|  0 | 588k|  32 | 0.000000e+00 |      --      |    Inf |  99.40%
  238m|560500 |    66 |100490k| 179.3 |   634M |  67 |1323 |6137 |4210 | 905k|  1 | 588k|  32 | 0.000000e+00 |      --      |    Inf |  99.40%
  238m|560600 |    70 |100523k| 179.3 |   634M |  67 |1323 |6095 |4163 | 905k|  0 | 588k|  32 | 0.000000e+00 |      --      |    Inf |  99.40%
  238m|560700 |    63 |100541k| 179.3 |   634M |  67 |1323 |6122 |4130 | 905k|  1 | 588k|  32 | 0.000000e+00 |      --      |    Inf |  99.41%
  238m|560800 |    59 |100563k| 179.3 |   634M |  67 |1323 |6188 |3136 | 905k|  2 | 588k|  32 | 0.000000e+00 |      --      |    Inf |  99.41%
  238m|560900 |    77 |100579k| 179.3 |   634M |  67 |1323 |6231 |4080 | 905k|  1 | 588k|  32 | 0.000000e+00 |      --      |    Inf |  99.41%
  238m|561000 |    71 |100592k| 179.3 |   634M |  67 |1323 |6231 |4082 | 905k|  0 | 588k|  32 | 0.000000e+00 |      --      |    Inf |  99.41%
  238m|561100 |    81 |100607k| 179.3 |   634M |  67 |1323 |6231 |4084 | 905k|  1 | 588k|  32 | 0.000000e+00 |      --      |    Inf |  99.41%
  238m|561200 |    78 |100617k| 179.3 |   634M |  67 |1323 |6230 |4141 | 905k|  2 | 588k|  32 | 0.000000e+00 |      --      |    Inf |  99.41%
 time | node  | left  |LP iter|LP it/n|mem/heur|mdpt |vars |cons |rows |cuts |sepa|confs|strbr|  dualbound   | primalbound  |  gap   | compl. 
  238m|561300 |    69 |100633k| 179.3 |   635M |  67 |1323 |6230 |4087 | 905k|  0 | 588k|  32 | 0.000000e+00 |      --      |    Inf |  99.41%
  238m|561400 |    69 |100654k| 179.3 |   635M |  67 |1323 |6232 |4090 | 905k|  0 | 589k|  32 | 0.000000e+00 |      --      |    Inf |  99.41%
  238m|561500 |    65 |100675k| 179.3 |   635M |  67 |1323 |6232 |   0 | 905k|  0 | 589k|  32 | 0.000000e+00 |      --      |    Inf |  99.41%
  238m|561600 |    68 |100695k| 179.3 |   635M |  67 |1323 |6230 |4084 | 905k|  1 | 589k|  32 | 0.000000e+00 |      --      |    Inf |  99.41%
  238m|561700 |    68 |100709k| 179.3 |   635M |  67 |1323 |6231 |   0 | 906k|  0 | 589k|  32 | 0.000000e+00 |      --      |    Inf |  99.41%
  238m|561800 |    75 |100721k| 179.3 |   635M |  67 |1323 |6231 |   0 | 906k|  0 | 589k|  32 | 0.000000e+00 |      --      |    Inf |  99.41%
  239m|561900 |    81 |100745k| 179.3 |   635M |  67 |1323 |6230 |4131 | 906k|  0 | 589k|  32 | 0.000000e+00 |      --      |    Inf |  99.41%
  239m|562000 |    80 |100766k| 179.3 |   637M |  67 |1323 |6222 |4146 | 906k|  1 | 589k|  32 | 0.000000e+00 |      --      |    Inf |  99.41%
  239m|562100 |    75 |100785k| 179.3 |   637M |  67 |1323 |6231 |4104 | 906k|  2 | 589k|  32 | 0.000000e+00 |      --      |    Inf |  99.41%
  239m|562200 |    75 |100811k| 179.3 |   637M |  67 |1323 |6230 |4143 | 906k|  0 | 589k|  32 | 0.000000e+00 |      --      |    Inf |  99.41%
  239m|562300 |    76 |100832k| 179.3 |   637M |  67 |1323 |6232 |4096 | 906k|  0 | 589k|  32 | 0.000000e+00 |      --      |    Inf |  99.41%
  239m|562400 |    77 |100844k| 179.3 |   637M |  67 |1323 |6231 |4092 | 906k|  2 | 590k|  32 | 0.000000e+00 |      --      |    Inf |  99.41%
  239m|562500 |    74 |100857k| 179.3 |   637M |  67 |1323 |6228 |4089 | 906k|  1 | 590k|  32 | 0.000000e+00 |      --      |    Inf |  99.41%
  239m|562600 |    70 |100876k| 179.3 |   637M |  67 |1323 |6183 |4090 | 906k|  2 | 590k|  32 | 0.000000e+00 |      --      |    Inf |  99.41%
  239m|562700 |    66 |100898k| 179.3 |   637M |  67 |1323 |6231 |4093 | 906k|  1 | 590k|  32 | 0.000000e+00 |      --      |    Inf |  99.41%
 time | node  | left  |LP iter|LP it/n|mem/heur|mdpt |vars |cons |rows |cuts |sepa|confs|strbr|  dualbound   | primalbound  |  gap   | compl. 
  239m|562800 |    70 |100914k| 179.3 |   637M |  67 |1323 |6231 |4093 | 906k|  1 | 590k|  32 | 0.000000e+00 |      --      |    Inf |  99.41%
  239m|562900 |    65 |100931k| 179.3 |   637M |  67 |1323 |6231 |4088 | 906k|  2 | 590k|  32 | 0.000000e+00 |      --      |    Inf |  99.41%
  239m|563000 |    69 |100947k| 179.3 |   637M |  67 |1323 |6232 |4099 | 906k|  2 | 590k|  32 | 0.000000e+00 |      --      |    Inf |  99.41%
  239m|563100 |    65 |100967k| 179.3 |   637M |  67 |1323 |6231 |4089 | 906k|  1 | 590k|  32 | 0.000000e+00 |      --      |    Inf |  99.41%
  239m|563200 |    68 |100983k| 179.3 |   637M |  67 |1323 |6228 |4103 | 906k|  1 | 590k|  32 | 0.000000e+00 |      --      |    Inf |  99.41%
  239m|563300 |    67 |101003k| 179.3 |   637M |  67 |1323 |6229 |4082 | 907k|  1 | 591k|  32 | 0.000000e+00 |      --      |    Inf |  99.41%
  239m|563400 |    65 |101018k| 179.3 |   637M |  67 |1323 |6225 |4089 | 907k|  0 | 591k|  32 | 0.000000e+00 |      --      |    Inf |  99.41%
  239m|563500 |    69 |101034k| 179.3 |   637M |  67 |1323 |6225 |4086 | 907k|  1 | 591k|  32 | 0.000000e+00 |      --      |    Inf |  99.41%
  239m|563600 |    63 |101054k| 179.3 |   637M |  67 |1323 |6226 |4093 | 907k|  2 | 591k|  32 | 0.000000e+00 |      --      |    Inf |  99.41%
  239m|563700 |    66 |101069k| 179.3 |   637M |  67 |1323 |6191 |   0 | 907k|  0 | 591k|  32 | 0.000000e+00 |      --      |    Inf |  99.41%
  239m|563800 |    72 |101078k| 179.3 |   637M |  67 |1323 |6177 |4085 | 907k|  0 | 591k|  32 | 0.000000e+00 |      --      |    Inf |  99.41%
  239m|563900 |    74 |101093k| 179.3 |   637M |  67 |1323 |6186 |4091 | 907k|  1 | 591k|  32 | 0.000000e+00 |      --      |    Inf |  99.41%
  239m|564000 |    68 |101110k| 179.3 |   637M |  67 |1323 |6228 |   0 | 907k|  0 | 591k|  32 | 0.000000e+00 |      --      |    Inf |  99.41%
  239m|564100 |    71 |101120k| 179.3 |   637M |  67 |1323 |6221 |4096 | 907k|  2 | 591k|  32 | 0.000000e+00 |      --      |    Inf |  99.41%
  239m|564200 |    61 |101136k| 179.3 |   637M |  67 |1323 |6227 |4083 | 907k|  2 | 591k|  32 | 0.000000e+00 |      --      |    Inf |  99.41%
 time | node  | left  |LP iter|LP it/n|mem/heur|mdpt |vars |cons |rows |cuts |sepa|confs|strbr|  dualbound   | primalbound  |  gap   | compl. 
  239m|564300 |    58 |101152k| 179.2 |   637M |  67 |1323 |6226 |   0 | 907k|  0 | 592k|  32 | 0.000000e+00 |      --      |    Inf |  99.41%
  239m|564400 |    64 |101165k| 179.2 |   637M |  67 |1323 |6113 |4088 | 907k|  0 | 592k|  32 | 0.000000e+00 |      --      |    Inf |  99.41%
  239m|564500 |    66 |101178k| 179.2 |   637M |  67 |1323 |6098 |4098 | 907k|  2 | 592k|  32 | 0.000000e+00 |      --      |    Inf |  99.41%
  239m|564600 |    67 |101191k| 179.2 |   637M |  67 |1323 |6125 |4092 | 907k|  2 | 592k|  32 | 0.000000e+00 |      --      |    Inf |  99.41%
  239m|564700 |    73 |101206k| 179.2 |   637M |  67 |1323 |6157 |4157 | 907k|  2 | 592k|  32 | 0.000000e+00 |      --      |    Inf |  99.41%
  239m|564800 |    71 |101217k| 179.2 |   640M |  67 |1323 |6175 |4179 | 907k|  0 | 592k|  32 | 0.000000e+00 |      --      |    Inf |  99.41%
  240m|564900 |    60 |101229k| 179.2 |   640M |  67 |1323 |6187 |4102 | 907k|  1 | 592k|  32 | 0.000000e+00 |      --      |    Inf |  99.41%
  240m|565000 |    57 |101245k| 179.2 |   640M |  67 |1323 |6031 |3145 | 907k|  0 | 592k|  32 | 0.000000e+00 |      --      |    Inf |  99.41%
  240m|565100 |    61 |101264k| 179.2 |   640M |  67 |1323 |6083 |3106 | 908k|  2 | 592k|  32 | 0.000000e+00 |      --      |    Inf |  99.41%
  240m|565200 |    65 |101281k| 179.2 |   640M |  67 |1323 |6150 |3147 | 908k|  0 | 592k|  32 | 0.000000e+00 |      --      |    Inf |  99.41%
  240m|565300 |    66 |101304k| 179.2 |   640M |  67 |1323 |6217 |3151 | 908k|  1 | 592k|  32 | 0.000000e+00 |      --      |    Inf |  99.41%
  240m|565400 |    63 |101328k| 179.2 |   640M |  67 |1323 |6211 |3105 | 908k|  0 | 593k|  32 | 0.000000e+00 |      --      |    Inf |  99.41%
  240m|565500 |    60 |101351k| 179.2 |   640M |  67 |1323 |6210 |3139 | 908k|  1 | 593k|  32 | 0.000000e+00 |      --      |    Inf |  99.41%
  240m|565600 |    54 |101377k| 179.2 |   640M |  67 |1323 |6209 |3116 | 908k|  1 | 593k|  32 | 0.000000e+00 |      --      |    Inf |  99.41%
  240m|565700 |    53 |101397k| 179.2 |   640M |  67 |1323 |6207 |3677 | 908k|  0 | 593k|  32 | 0.000000e+00 |      --      |    Inf |  99.42%
 time | node  | left  |LP iter|LP it/n|mem/heur|mdpt |vars |cons |rows |cuts |sepa|confs|strbr|  dualbound   | primalbound  |  gap   | compl. 
  240m|565800 |    57 |101417k| 179.2 |   640M |  67 |1323 |6208 |3306 | 908k|  0 | 593k|  32 | 0.000000e+00 |      --      |    Inf |  99.42%
  240m|565900 |    61 |101437k| 179.2 |   640M |  67 |1323 |6207 |3285 | 908k|  2 | 593k|  32 | 0.000000e+00 |      --      |    Inf |  99.42%
  240m|566000 |    60 |101461k| 179.3 |   640M |  67 |1323 |6210 |3480 | 908k|  1 | 593k|  32 | 0.000000e+00 |      --      |    Inf |  99.42%
  240m|566100 |    49 |101483k| 179.3 |   640M |  67 |1323 |6210 |3194 | 908k|  0 | 593k|  32 | 0.000000e+00 |      --      |    Inf |  99.42%
  240m|566200 |    50 |101502k| 179.3 |   640M |  67 |1323 |6210 |3285 | 908k|  0 | 593k|  32 | 0.000000e+00 |      --      |    Inf |  99.42%
  240m|566300 |    47 |101530k| 179.3 |   640M |  67 |1323 |6210 |3288 | 908k|  0 | 593k|  32 | 0.000000e+00 |      --      |    Inf |  99.42%
  240m|566400 |    45 |101551k| 179.3 |   640M |  67 |1323 |6210 |3734 | 908k|  0 | 593k|  32 | 0.000000e+00 |      --      |    Inf |  99.42%
  240m|566500 |    46 |101578k| 179.3 |   640M |  67 |1323 |6210 |3472 | 908k|  1 | 593k|  32 | 0.000000e+00 |      --      |    Inf |  99.42%
  240m|566600 |    50 |101593k| 179.3 |   640M |  67 |1323 |6210 |4080 | 908k|  1 | 594k|  32 | 0.000000e+00 |      --      |    Inf |  99.42%
  240m|566700 |    45 |101611k| 179.3 |   640M |  67 |1323 |6119 |3353 | 908k|  0 | 594k|  32 | 0.000000e+00 |      --      |    Inf |  99.43%
  240m|566800 |    44 |101626k| 179.3 |   640M |  67 |1323 |6161 |3364 | 908k|  0 | 594k|  32 | 0.000000e+00 |      --      |    Inf |  99.43%
  240m|566900 |    42 |101641k| 179.3 |   640M |  67 |1323 |6212 |3356 | 908k|  0 | 594k|  32 | 0.000000e+00 |      --      |    Inf |  99.43%
  240m|567000 |    47 |101657k| 179.3 |   640M |  67 |1323 |6182 |3349 | 908k|  1 | 594k|  32 | 0.000000e+00 |      --      |    Inf |  99.43%
  240m|567100 |    45 |101670k| 179.3 |   640M |  67 |1323 |6213 |3350 | 908k|  0 | 594k|  32 | 0.000000e+00 |      --      |    Inf |  99.43%
  240m|567200 |    39 |101688k| 179.3 |   640M |  67 |1323 |6214 |3346 | 908k|  0 | 594k|  32 | 0.000000e+00 |      --      |    Inf |  99.43%
 time | node  | left  |LP iter|LP it/n|mem/heur|mdpt |vars |cons |rows |cuts |sepa|confs|strbr|  dualbound   | primalbound  |  gap   | compl. 
  240m|567300 |    43 |101702k| 179.3 |   640M |  67 |1323 |6213 |3367 | 908k|  1 | 594k|  32 | 0.000000e+00 |      --      |    Inf |  99.43%
  240m|567400 |    42 |101715k| 179.3 |   640M |  67 |1323 |6212 |3369 | 908k|  0 | 594k|  32 | 0.000000e+00 |      --      |    Inf |  99.43%
  241m|567500 |    35 |101739k| 179.3 |   640M |  67 |1323 |6147 |3846 | 908k|  0 | 595k|  32 | 0.000000e+00 |      --      |    Inf |  99.51%
  241m|567600 |    30 |101757k| 179.3 |   640M |  67 |1323 |6208 |3841 | 908k|  0 | 595k|  32 | 0.000000e+00 |      --      |    Inf |  99.51%
  241m|567700 |    33 |101775k| 179.3 |   640M |  67 |1323 |6108 |3846 | 909k|  2 | 595k|  32 | 0.000000e+00 |      --      |    Inf |  99.51%
  241m|567800 |    28 |101800k| 179.3 |   640M |  67 |1323 |6041 |3642 | 909k|  0 | 595k|  32 | 0.000000e+00 |      --      |    Inf |  99.53%
  241m|567900 |    27 |101819k| 179.3 |   640M |  67 |1323 |5978 |4076 | 909k|  1 | 595k|  32 | 0.000000e+00 |      --      |    Inf |  99.56%
  241m|568000 |    35 |101843k| 179.3 |   640M |  67 |1323 |5884 |4355 | 909k|  0 | 595k|  32 | 0.000000e+00 |      --      |    Inf |  99.57%
  241m|568100 |    31 |101867k| 179.3 |   640M |  67 |1323 |5884 |4446 | 909k|  1 | 595k|  32 | 0.000000e+00 |      --      |    Inf |  99.57%
  241m|568200 |    38 |101889k| 179.3 |   640M |  67 |1323 |5950 |4362 | 909k|  1 | 595k|  32 | 0.000000e+00 |      --      |    Inf |  99.57%
  241m|568300 |    36 |101910k| 179.3 |   640M |  67 |1323 |6025 |4358 | 909k|  0 | 595k|  32 | 0.000000e+00 |      --      |    Inf |  99.57%
  241m|568400 |    33 |101929k| 179.3 |   641M |  67 |1323 |6118 |4356 | 909k|  2 | 595k|  32 | 0.000000e+00 |      --      |    Inf |  99.57%
  241m|568500 |    46 |101951k| 179.3 |   641M |  67 |1323 |6208 |4365 | 909k|  1 | 595k|  32 | 0.000000e+00 |      --      |    Inf |  99.57%
  241m|568600 |    34 |101977k| 179.3 |   641M |  67 |1323 |6210 |4366 | 909k|  1 | 596k|  32 | 0.000000e+00 |      --      |    Inf |  99.57%
  241m|568700 |    31 |101999k| 179.4 |   643M |  67 |1323 |6212 |4367 | 909k|  1 | 596k|  32 | 0.000000e+00 |      --      |    Inf |  99.57%
 time | node  | left  |LP iter|LP it/n|mem/heur|mdpt |vars |cons |rows |cuts |sepa|confs|strbr|  dualbound   | primalbound  |  gap   | compl. 
  241m|568800 |    31 |102021k| 179.4 |   643M |  67 |1323 |6214 |4381 | 909k|  2 | 596k|  32 | 0.000000e+00 |      --      |    Inf |  99.57%
  241m|568900 |    33 |102038k| 179.4 |   643M |  67 |1323 |6176 |4672 | 909k|  0 | 596k|  32 | 0.000000e+00 |      --      |    Inf |  99.57%
  241m|569000 |    25 |102064k| 179.4 |   643M |  67 |1323 |6057 |4132 | 909k|  2 | 596k|  32 | 0.000000e+00 |      --      |    Inf |  99.67%
  241m|569100 |    26 |102083k| 179.4 |   643M |  67 |1323 |6079 |4136 | 909k|  0 | 596k|  32 | 0.000000e+00 |      --      |    Inf |  99.67%
  241m|569200 |    22 |102107k| 179.4 |   643M |  67 |1323 |6082 |3369 | 909k|  0 | 596k|  32 | 0.000000e+00 |      --      |    Inf |  99.67%
  241m|569300 |    23 |102126k| 179.4 |   643M |  67 |1323 |6055 |3125 | 909k|  1 | 596k|  32 | 0.000000e+00 |      --      |    Inf |  99.67%
  241m|569400 |    19 |102149k| 179.4 |   643M |  67 |1323 |5958 |3121 | 909k|  1 | 596k|  32 | 0.000000e+00 |      --      |    Inf |  99.67%
  241m|569500 |    20 |102169k| 179.4 |   643M |  67 |1323 |5886 |3295 | 909k|  0 | 596k|  32 | 0.000000e+00 |      --      |    Inf |  99.68%
  241m|569600 |    25 |102182k| 179.4 |   643M |  67 |1323 |5974 |4105 | 909k|  1 | 597k|  32 | 0.000000e+00 |      --      |    Inf |  99.68%
  242m|569700 |    19 |102205k| 179.4 |   643M |  67 |1323 |5973 |4423 | 909k|  0 | 597k|  32 | 0.000000e+00 |      --      |    Inf |  99.68%
  242m|569800 |    23 |102235k| 179.4 |   643M |  67 |1323 |6038 |4133 | 909k|  0 | 597k|  32 | 0.000000e+00 |      --      |    Inf |  99.68%
  242m|569900 |    27 |102261k| 179.4 |   643M |  67 |1323 |6106 |4133 | 909k|  0 | 597k|  32 | 0.000000e+00 |      --      |    Inf |  99.68%
  242m|570000 |    20 |102287k| 179.4 |   643M |  67 |1323 |6167 |4133 | 909k|  1 | 597k|  32 | 0.000000e+00 |      --      |    Inf |  99.68%
  242m|570100 |    15 |102317k| 179.5 |   643M |  67 |1323 |6204 |4143 | 909k|  1 | 597k|  32 | 0.000000e+00 |      --      |    Inf |  99.68%
  242m|570200 |    15 |102344k| 179.5 |   643M |  67 |1323 |6203 |4135 | 909k|  0 | 597k|  32 | 0.000000e+00 |      --      |    Inf |  99.68%
 time | node  | left  |LP iter|LP it/n|mem/heur|mdpt |vars |cons |rows |cuts |sepa|confs|strbr|  dualbound   | primalbound  |  gap   | compl. 
  242m|570300 |    17 |102370k| 179.5 |   643M |  67 |1323 |6203 |   0 | 910k|  0 | 597k|  32 | 0.000000e+00 |      --      |    Inf |  99.68%
  242m|570400 |    19 |102385k| 179.5 |   643M |  67 |1323 |6205 |4139 | 910k|  0 | 597k|  32 | 0.000000e+00 |      --      |    Inf |  99.77%
  242m|570500 |    21 |102414k| 179.5 |   643M |  67 |1323 |6207 |4137 | 910k|  2 | 597k|  32 | 0.000000e+00 |      --      |    Inf |  99.78%
  242m|570600 |    33 |102435k| 179.5 |   643M |  67 |1323 |6207 |3053 | 910k|  2 | 597k|  32 | 0.000000e+00 |      --      |    Inf |  99.78%
  242m|570700 |    23 |102456k| 179.5 |   643M |  67 |1323 |6208 |3044 | 910k|  1 | 597k|  32 | 0.000000e+00 |      --      |    Inf |  99.78%
  242m|570800 |    20 |102476k| 179.5 |   643M |  67 |1323 |6208 |3030 | 910k|  0 | 597k|  32 | 0.000000e+00 |      --      |    Inf |  99.79%
  242m|570900 |    17 |102499k| 179.5 |   643M |  67 |1323 |6207 |3035 | 910k|  2 | 598k|  32 | 0.000000e+00 |      --      |    Inf |  99.80%
  242m|571000 |    17 |102519k| 179.5 |   643M |  67 |1323 |6207 |3050 | 910k|  0 | 598k|  32 | 0.000000e+00 |      --      |    Inf |  99.80%
  242m|571100 |    30 |102540k| 179.5 |   643M |  67 |1323 |6207 |3080 | 910k|  1 | 598k|  32 | 0.000000e+00 |      --      |    Inf |  99.81%
  242m|571200 |    16 |102560k| 179.5 |   643M |  67 |1323 |6207 |3052 | 910k|  0 | 598k|  32 | 0.000000e+00 |      --      |    Inf |  99.82%
  242m|571300 |    18 |102582k| 179.6 |   643M |  67 |1323 |6207 |3036 | 910k|  1 | 598k|  32 | 0.000000e+00 |      --      |    Inf |  99.86%
  242m|571400 |    25 |102597k| 179.5 |   643M |  67 |1323 |6208 |3067 | 910k|  2 | 598k|  32 | 0.000000e+00 |      --      |    Inf |  99.86%
  242m|571500 |    18 |102619k| 179.6 |   643M |  67 |1323 |6208 |4168 | 911k|  1 | 598k|  32 | 0.000000e+00 |      --      |    Inf |  99.87%
  242m|571600 |    18 |102644k| 179.6 |   643M |  67 |1323 |6208 |4149 | 911k|  0 | 598k|  32 | 0.000000e+00 |      --      |    Inf |  99.87%
  242m|571700 |    19 |102664k| 179.6 |   645M |  67 |1323 |6208 |4147 | 911k|  1 | 598k|  32 | 0.000000e+00 |      --      |    Inf |  99.87%
 time | node  | left  |LP iter|LP it/n|mem/heur|mdpt |vars |cons |rows |cuts |sepa|confs|strbr|  dualbound   | primalbound  |  gap   | compl. 
  243m|571800 |    14 |102692k| 179.6 |   646M |  67 |1323 |6208 |4154 | 911k|  1 | 598k|  32 | 0.000000e+00 |      --      |    Inf |  99.87%
  243m|571900 |    20 |102713k| 179.6 |   646M |  67 |1323 |6206 |3028 | 911k|  2 | 599k|  32 | 0.000000e+00 |      --      |    Inf |  99.92%
  243m|572000 |    30 |102734k| 179.6 |   646M |  67 |1323 |6205 |3046 | 911k|  2 | 599k|  32 | 0.000000e+00 |      --      |    Inf |  99.94%
  243m|572100 |    12 |102757k| 179.6 |   646M |  67 |1323 |6204 |4141 | 911k|  1 | 599k|  32 | 0.000000e+00 |      --      |    Inf |  99.97%
  243m|572200 |    17 |102777k| 179.6 |   646M |  67 |1323 |6204 |3753 | 911k|  1 | 599k|  32 | 0.000000e+00 |      --      |    Inf |  99.97%
  243m|572300 |    11 |102795k| 179.6 |   646M |  67 |1323 |6205 |3748 | 911k|  0 | 599k|  32 | 0.000000e+00 |      --      |    Inf |  99.97%
  243m|572400 |    21 |102816k| 179.6 |   646M |  67 |1323 |6204 |3752 | 911k|  0 | 599k|  32 | 0.000000e+00 |      --      |    Inf |  99.97%
  243m|572500 |    12 |102842k| 179.6 |   646M |  67 |1323 |6205 |3746 | 911k|  1 | 599k|  32 | 0.000000e+00 |      --      |    Inf |  99.97%
  243m|572600 |     9 |102864k| 179.6 |   646M |  67 |1323 |6204 |2709 | 911k|  0 | 599k|  32 | 0.000000e+00 |      --      |    Inf |  99.97%

SCIP Status        : problem is solved [infeasible]
Solving Time (sec) : 14573.00
Solving Nodes      : 572691
Primal Bound       : +1.00000000000000e+20 (0 solutions)
Dual Bound         : +1.00000000000000e+20
Gap                : 0.00 %


no solution available

SCIP> 