SCIP version 10.0.1 [precision: 8 byte] [memory: block] [mode: optimized] [LP solver: SoPlex 8.0.1] [GitHash: 76a50c97d6]
Copyright (c) 2002-2026 Zuse Institute Berlin (ZIB)

External libraries: 
  SoPlex 8.0.1         Linear programming solver developed at Zuse Institute Berlin (soplex.zib.de) [GitHash: c69290aa]
  CppAD 20180000.0     Algorithmic Differentiation of C++ algorithms developed by B. Bell (github.com/coin-or/CppAD)
  ZLIB 1.3.1           General purpose compression library by J. Gailly and M. Adler (zlib.net)
  MPFR 4.2.2           GNU Multiple Precision Floating-Point Reliable Library (mpfr.org)
  Boost 1.89.0         Boost C++ Libraries (boost.org)
  TinyCThread 1.2      small portable implementation of the C11 threads API (tinycthread.github.io)
  GMP 6.3.0            GNU Multiple Precision Arithmetic Library developed by T. Granlund (gmplib.org)
  ZIMPL 3.7.0          Zuse Institute Mathematical Programming Language developed by T. Koch (zimpl.zib.de)
  AMPL/MP 4.0.4        AMPL .nl file reader library (github.com/ampl/mp)
  PaPILO 3.0.0         parallel presolve for integer and linear optimization (github.com/scipopt/papilo) (built with TBB) [GitHash: 4cbdc327]
  Nauty 2.8.8          Computing Graph Automorphism Groups by Brendan D. McKay (users.cecs.anu.edu.au/~bdm/nauty)
  sassy 2.0            Symmetry preprocessor by Markus Anders (github.com/markusa4/sassy)
  Ipopt 3.14.19        Interior Point Optimizer developed by A. Waechter et.al. (github.com/coin-or/Ipopt)

user parameter file <scip.set> not found - using default parameters


read problem <N22_R8_K3_0_21_split_21_fix0B_5_exact_fixrestA_wo_lem_str4_v8.lp>
============

original problem has 1948 variables (1925 bin, 23 int, 0 cont) and 6995 constraints
heuristics/padm/freq = -1
heuristics/ofins/freq = -1
heuristics/reoptsols/freq = -1
heuristics/trivialnegation/freq = -1
heuristics/trivial/freq = -1
heuristics/clique/freq = -1
heuristics/locks/freq = -1
heuristics/vbounds/freq = -1
heuristics/shiftandpropagate/freq = -1
heuristics/completesol/freq = -1
heuristics/simplerounding/freq = -1
heuristics/randrounding/freq = -1
heuristics/zirounding/freq = -1
heuristics/rounding/freq = -1
heuristics/shifting/freq = -1
heuristics/intshifting/freq = -1
heuristics/oneopt/freq = -1
heuristics/indicator/freq = -1
heuristics/adaptivediving/freq = -1
heuristics/indicatordiving/freq = -1
heuristics/farkasdiving/freq = -1
heuristics/feaspump/freq = -1
heuristics/conflictdiving/freq = -1
heuristics/pscostdiving/freq = -1
heuristics/fracdiving/freq = -1
heuristics/nlpdiving/freq = -1
heuristics/veclendiving/freq = -1
heuristics/distributiondiving/freq = -1
heuristics/objpscostdiving/freq = -1
heuristics/rootsoldiving/freq = -1
heuristics/linesearchdiving/freq = -1
heuristics/guideddiving/freq = -1
heuristics/rens/freq = -1
heuristics/alns/freq = -1
heuristics/rins/freq = -1
heuristics/gins/freq = -1
heuristics/crossover/freq = -1
heuristics/lpface/freq = -1
heuristics/undercover/freq = -1
heuristics/subnlp/freq = -1
heuristics/mpec/freq = -1
heuristics/multistart/freq = -1
heuristics/trysol/freq = -1
presolving/restartfac = 0.0125
presolving/restartminred = 0.06
constraints/setppc/cliquelifting = TRUE
presolving/boundshift/maxrounds = -1
presolving/qpkktref/maxrounds = -1
presolving/stuffing/maxrounds = -1
presolving/tworowbnd/maxrounds = -1
presolving/dualinfer/maxrounds = -1
presolving/dualagg/maxrounds = -1
presolving/implint/maxrounds = -1
presolving/redvub/maxrounds = -1
propagating/probing/maxuseless = 1500
propagating/probing/maxtotaluseless = 75
separating/closecuts/freq = 0
separating/rlt/freq = 20
separating/rlt/maxroundsroot = 15
separating/disjunctive/freq = 20
separating/disjunctive/maxroundsroot = 150
separating/gauge/freq = 0
separating/interminor/freq = 0
separating/convexproj/freq = 0
separating/gomory/maxroundsroot = 15
separating/gomory/maxsepacutsroot = 400
separating/aggregation/maxsepacutsroot = 1000
separating/clique/freq = 20
separating/zerohalf/maxroundsroot = 30
separating/zerohalf/maxsepacutsroot = 200
separating/lagromory/freq = 0
separating/mcf/freq = 20
separating/mcf/maxsepacutsroot = 400
separating/eccuts/freq = 0
separating/eccuts/maxroundsroot = 375
separating/eccuts/maxsepacutsroot = 100
separating/oddcycle/freq = 0
separating/oddcycle/maxroundsroot = 15
separating/oddcycle/maxsepacutsroot = 10000
constraints/benderslp/sepafreq = 0
constraints/integral/sepafreq = 0
constraints/SOS2/sepafreq = 10
constraints/varbound/sepafreq = 10
constraints/knapsack/sepafreq = 10
constraints/knapsack/maxsepacutsroot = 500
constraints/setppc/sepafreq = 10
constraints/or/sepafreq = 10
constraints/xor/sepafreq = 10
constraints/conjunction/sepafreq = 0
constraints/disjunction/sepafreq = 0
constraints/exactsol/sepafreq = 0
constraints/linear/sepafreq = 10
constraints/linear/maxsepacutsroot = 500
constraints/exactlinear/sepafreq = 10
constraints/exactlinear/maxsepacutsroot = 500
constraints/orbitope_full/sepafreq = 0
constraints/orbitope_pp/sepafreq = 0
constraints/logicor/sepafreq = 10
constraints/bounddisjunction/sepafreq = 0
constraints/pseudoboolean/sepafreq = 0
constraints/superindicator/sepafreq = 0
constraints/benders/sepafreq = 0
constraints/fixedvar/sepafreq = 0
constraints/countsols/sepafreq = 0
constraints/components/sepafreq = 0
cutselection/hybrid/minorthoroot = 0.1
separating/maxroundsrootsubrun = 5
separating/maxaddrounds = 5
separating/maxcutsroot = 5000
constraints/linear/separateall = TRUE
separating/aggregation/maxfailsroot = 200
separating/mcf/maxtestdelta = -1
separating/mcf/trynegscaling = TRUE
nodeselection/restartdfs/stdpriority = 100000
conflict/useinflp = b

presolving:
(round 1, fast)       867 del vars, 3139 del conss, 0 add conss, 876 chg bounds, 146 chg sides, 292 chg coeffs, 0 upgd conss, 0 impls, 2294 clqs, 0 implints
(round 2, fast)       883 del vars, 3424 del conss, 0 add conss, 888 chg bounds, 286 chg sides, 572 chg coeffs, 0 upgd conss, 0 impls, 2294 clqs, 0 implints
(round 3, fast)       883 del vars, 3424 del conss, 0 add conss, 896 chg bounds, 371 chg sides, 702 chg coeffs, 0 upgd conss, 0 impls, 2294 clqs, 0 implints
(round 4, fast)       883 del vars, 3424 del conss, 0 add conss, 901 chg bounds, 430 chg sides, 791 chg coeffs, 0 upgd conss, 0 impls, 2294 clqs, 0 implints
(round 5, fast)       883 del vars, 3424 del conss, 0 add conss, 902 chg bounds, 463 chg sides, 843 chg coeffs, 0 upgd conss, 0 impls, 2294 clqs, 0 implints
(round 6, fast)       883 del vars, 3424 del conss, 0 add conss, 902 chg bounds, 475 chg sides, 855 chg coeffs, 0 upgd conss, 0 impls, 2294 clqs, 0 implints
   (0.0s) running MILP presolver
   (0.0s) MILP presolver (2 rounds): 25 aggregations, 0 fixings, 0 bound changes
(round 7, medium)     908 del vars, 3424 del conss, 0 add conss, 902 chg bounds, 475 chg sides, 855 chg coeffs, 0 upgd conss, 0 impls, 2244 clqs, 0 implints
(round 8, fast)       908 del vars, 3474 del conss, 0 add conss, 902 chg bounds, 475 chg sides, 855 chg coeffs, 0 upgd conss, 0 impls, 2244 clqs, 0 implints
(round 9, exhaustive) 908 del vars, 3504 del conss, 0 add conss, 902 chg bounds, 475 chg sides, 855 chg coeffs, 0 upgd conss, 0 impls, 2244 clqs, 0 implints
(round 10, exhaustive) 908 del vars, 3504 del conss, 0 add conss, 902 chg bounds, 475 chg sides, 855 chg coeffs, 3173 upgd conss, 0 impls, 2244 clqs, 0 implints
(round 11, exhaustive) 908 del vars, 6496 del conss, 748 add conss, 902 chg bounds, 475 chg sides, 855 chg coeffs, 3173 upgd conss, 0 impls, 2244 clqs, 0 implints
(round 12, exhaustive) 908 del vars, 6496 del conss, 748 add conss, 902 chg bounds, 475 chg sides, 1017 chg coeffs, 3173 upgd conss, 0 impls, 2244 clqs, 0 implints
   (0.0s) probing: 968/1056 (91.7%) - 0 fixings, 0 aggregations, 1944 implications, 0 bound changes
   (0.0s) probing aborted: 75/75 successive totally useless probings
   (0.0s) symmetry computation started: requiring (bin +, int +, cont +), (fixed: bin -, int -, cont -)
   (0.0s) no symmetry present (symcode time: 0.00)
presolving (13 rounds: 13 fast, 6 medium, 5 exhaustive):
 908 deleted vars, 6496 deleted constraints, 748 added constraints, 902 tightened bounds, 0 added holes, 475 changed sides, 1017 changed coefficients
 1898 implications, 2290 cliques, 0 implied integral variables (0 bin, 0 int, 0 cont)
presolved problem has 1076 variables (1056 bin, 20 int, 0 cont) and 1247 constraints
     16 constraints of type <varbound>
    165 constraints of type <knapsack>
    748 constraints of type <and>
    318 constraints of type <linear>
transformed objective value is always integral (scale: 1)
Presolving Time: 0.00

 time | node  | left  |LP iter|LP it/n|mem/heur|mdpt |vars |cons |rows |cuts |sepa|confs|strbr|  dualbound   | primalbound  |  gap   | compl. 
  0.0s|     1 |     0 |  1737 |     - |    30M |   0 |1076 |1247 |1995 |   0 |  0 |   0 |   0 | 0.000000e+00 |      --      |    Inf | unknown
Computing relative interior point (time limit: 1e+20, iter limit: 17370) ...
  0.0s|     1 |     0 |  1861 |     - |    35M |   0 |1076 |1247 |2048 |  53 |  1 |   0 |   0 | 0.000000e+00 |      --      |    Inf | unknown
  1.0s|     1 |     0 |  1958 |     - |    62M |   0 |1076 |1247 |2314 | 319 |  2 |   0 |   0 | 0.000000e+00 |      --      |    Inf | unknown
  2.0s|     1 |     0 |  2032 |     - |    88M |   0 |1076 |1247 |2505 | 510 |  3 |   0 |   0 | 0.000000e+00 |      --      |    Inf | unknown
  3.0s|     1 |     0 |  2084 |     - |   107M |   0 |1076 |1247 |2757 | 762 |  4 |   0 |   0 | 0.000000e+00 |      --      |    Inf | unknown
  3.0s|     1 |     0 |  2157 |     - |   131M |   0 |1076 |1247 |2957 | 962 |  5 |   0 |   0 | 0.000000e+00 |      --      |    Inf | unknown
  4.0s|     1 |     0 |  2211 |     - |   160M |   0 |1076 |1247 |3119 |1124 |  6 |   0 |   0 | 0.000000e+00 |      --      |    Inf | unknown
  5.0s|     1 |     0 |  2312 |     - |   191M |   0 |1076 |1247 |3369 |1374 |  7 |   0 |   0 | 0.000000e+00 |      --      |    Inf | unknown
  6.0s|     1 |     0 |  2444 |     - |   217M |   0 |1076 |1247 |3592 |1597 |  8 |   0 |   0 | 0.000000e+00 |      --      |    Inf | unknown
  7.0s|     1 |     0 |  2570 |     - |   247M |   0 |1076 |1247 |3808 |1813 |  9 |   0 |   0 | 0.000000e+00 |      --      |    Inf | unknown
  8.0s|     1 |     0 |  2669 |     - |   285M |   0 |1076 |1247 |3918 |1923 | 10 |   0 |   0 | 0.000000e+00 |      --      |    Inf | unknown
  9.0s|     1 |     0 |  2742 |     - |   312M |   0 |1076 |1247 |4188 |2193 | 11 |   0 |   0 | 0.000000e+00 |      --      |    Inf | unknown
 10.0s|     1 |     0 |  2846 |     - |   345M |   0 |1076 |1247 |4396 |2401 | 12 |   0 |   0 | 0.000000e+00 |      --      |    Inf | unknown
 11.0s|     1 |     2 |  2960 |     - |   345M |   0 |1076 |1247 |4396 |2401 | 12 |   0 |  17 | 0.000000e+00 |      --      |    Inf | unknown
 13.0s|   100 |    99 | 14551 | 118.2 |   363M |  27 |1076 |1251 |2263 |3419 |  2 |   4 |  17 | 0.000000e+00 |      --      |    Inf | unknown
 time | node  | left  |LP iter|LP it/n|mem/heur|mdpt |vars |cons |rows |cuts |sepa|confs|strbr|  dualbound   | primalbound  |  gap   | compl. 
 14.0s|   200 |   121 | 33039 | 151.7 |   372M |  54 |1076 |1398 |2262 |3871 |  2 | 151 |  17 | 0.000000e+00 |      --      |    Inf | unknown
 15.0s|   300 |   171 | 49228 | 155.1 |   375M |  64 |1076 |1476 |2393 |4636 |  0 | 229 |  17 | 0.000000e+00 |      --      |    Inf | unknown
 16.0s|   400 |   198 | 65391 | 156.8 |   378M |  65 |1076 |1586 |2172 |5259 |  2 | 339 |  17 | 0.000000e+00 |      --      |    Inf | unknown
 18.0s|   500 |   249 | 83972 | 162.6 |   382M |  65 |1076 |1631 |   0 |6173 |  0 | 384 |  17 | 0.000000e+00 |      --      |    Inf | unknown
 20.0s|   600 |   285 |100953 | 163.8 |   337M |  65 |1076 |1709 |2284 |6928 |  2 | 462 |  17 | 0.000000e+00 |      --      |    Inf | unknown
 21.0s|   700 |   342 |116951 | 163.2 |   338M |  65 |1076 |1778 |2535 |7750 |  2 | 534 |  17 | 0.000000e+00 |      --      |    Inf | unknown
 23.0s|   800 |   378 |139109 | 170.5 |   340M |  65 |1076 |1871 |2315 |8666 |  2 | 629 |  17 | 0.000000e+00 |      --      |    Inf | unknown
 24.0s|   900 |   414 |162858 | 178.0 |   340M |  65 |1076 |1964 |2345 |9865 |  2 | 724 |  17 | 0.000000e+00 |      --      |    Inf | unknown
 26.0s|  1000 |   456 |180694 | 178.0 |   341M |  65 |1076 |2033 |2131 |  10k|  2 | 804 |  17 | 0.000000e+00 |      --      |    Inf | unknown
 28.0s|  1100 |   509 |202900 | 182.0 |   343M |  65 |1076 |2093 |2343 |  12k|  2 | 865 |  17 | 0.000000e+00 |      --      |    Inf |   0.92%
 29.0s|  1200 |   541 |227543 | 187.4 |   344M |  65 |1076 |2178 |2454 |  12k|  1 | 961 |  17 | 0.000000e+00 |      --      |    Inf |   0.92%
 31.0s|  1300 |   561 |247029 | 188.0 |   346M |  65 |1076 |2269 |2417 |  13k|  2 |1062 |  17 | 0.000000e+00 |      --      |    Inf |   0.92%
 33.0s|  1400 |   595 |267976 | 189.5 |   348M |  65 |1076 |2343 |2586 |  14k|  0 |1152 |  17 | 0.000000e+00 |      --      |    Inf |   0.92%
 34.0s|  1500 |   634 |289238 | 191.1 |   349M |  65 |1076 |2407 |2300 |  15k|  2 |1227 |  17 | 0.000000e+00 |      --      |    Inf |   0.93%
 36.0s|  1600 |   670 |308219 | 191.0 |   350M |  65 |1076 |2481 |2508 |  15k|  0 |1308 |  17 | 0.000000e+00 |      --      |    Inf |   0.93%
 time | node  | left  |LP iter|LP it/n|mem/heur|mdpt |vars |cons |rows |cuts |sepa|confs|strbr|  dualbound   | primalbound  |  gap   | compl. 
 38.0s|  1700 |   715 |329507 | 192.3 |   351M |  65 |1076 |2556 |2533 |  16k|  1 |1392 |  17 | 0.000000e+00 |      --      |    Inf |   0.93%
 39.0s|  1800 |   749 |351927 | 194.0 |   351M |  65 |1076 |2639 |2366 |  17k|  2 |1484 |  17 | 0.000000e+00 |      --      |    Inf |   0.93%
 45.0s|  1900 |   793 |426171 | 222.9 |   352M |  65 |1076 |2706 |2376 |  20k|  2 |1568 |  17 | 0.000000e+00 |      --      |    Inf |   0.94%
 49.0s|  2000 |   806 |483221 | 240.3 |   353M |  65 |1076 |2807 |2621 |  21k|  2 |1679 |  17 | 0.000000e+00 |      --      |    Inf |   0.94%
 53.0s|  2100 |   811 |534704 | 253.4 |   354M |  65 |1076 |2910 |2383 |  23k|  2 |1797 |  17 | 0.000000e+00 |      --      |    Inf |   0.94%
 57.0s|  2200 |   833 |596234 | 269.8 |   354M |  65 |1076 |3013 |2471 |  25k|  0 |1912 |  17 | 0.000000e+00 |      --      |    Inf |   0.97%
 62.0s|  2300 |   885 |660982 | 286.3 |   354M |  65 |1076 |3071 |2486 |  27k|  0 |1978 |  17 | 0.000000e+00 |      --      |    Inf |   0.97%
 67.0s|  2400 |   902 |723774 | 300.5 |   354M |  65 |1076 |3173 |2549 |  29k|  0 |2083 |  17 | 0.000000e+00 |      --      |    Inf |   0.97%
 71.0s|  2500 |   916 |774042 | 308.6 |   354M |  65 |1076 |3260 |2360 |  30k|  0 |2185 |  17 | 0.000000e+00 |      --      |    Inf |   0.97%
 76.0s|  2600 |   956 |842550 | 323.1 |   355M |  65 |1076 |3319 |2264 |  32k|  0 |2274 |  17 | 0.000000e+00 |      --      |    Inf |   0.97%
 81.0s|  2700 |   974 |907812 | 335.3 |   355M |  65 |1076 |3416 |2302 |  34k|  1 |2400 |  17 | 0.000000e+00 |      --      |    Inf |   0.98%
 85.0s|  2800 |   996 |971312 | 346.0 |   357M |  65 |1076 |3492 |2381 |  36k|  2 |2498 |  17 | 0.000000e+00 |      --      |    Inf |   0.98%
 90.0s|  2900 |  1015 |  1033k| 355.4 |   357M |  65 |1076 |3554 |2582 |  38k|  0 |2609 |  17 | 0.000000e+00 |      --      |    Inf |   0.98%
 95.0s|  3000 |  1038 |  1101k| 366.3 |   358M |  65 |1076 |3616 |2333 |  40k|  2 |2710 |  17 | 0.000000e+00 |      --      |    Inf |   0.98%
 99.0s|  3100 |  1050 |  1166k| 375.6 |   358M |  65 |1076 |3704 |2804 |  42k|  2 |2841 |  17 | 0.000000e+00 |      --      |    Inf |   0.98%
 time | node  | left  |LP iter|LP it/n|mem/heur|mdpt |vars |cons |rows |cuts |sepa|confs|strbr|  dualbound   | primalbound  |  gap   | compl. 
  103s|  3200 |  1053 |  1215k| 379.2 |   358M |  65 |1076 |3785 |2449 |  43k|  0 |2971 |  17 | 0.000000e+00 |      --      |    Inf |   0.98%
  109s|  3300 |  1107 |  1295k| 392.0 |   359M |  65 |1076 |3803 |2601 |  46k|  2 |3031 |  17 | 0.000000e+00 |      --      |    Inf |   1.08%
  112s|  3400 |  1135 |  1344k| 394.7 |   359M |  65 |1076 |3843 |2576 |  48k|  2 |3113 |  17 | 0.000000e+00 |      --      |    Inf |   1.08%
  117s|  3500 |  1145 |  1396k| 398.3 |   359M |  65 |1076 |3891 |2365 |  49k|  2 |3233 |  17 | 0.000000e+00 |      --      |    Inf |   1.08%
  123s|  3600 |  1143 |  1446k| 401.0 |   359M |  65 |1076 |3951 |3135 |  50k|  2 |3364 |  17 | 0.000000e+00 |      --      |    Inf |   1.08%
  128s|  3700 |  1186 |  1512k| 408.1 |   360M |  65 |1076 |3993 |2530 |  53k|  3 |3452 |  17 | 0.000000e+00 |      --      |    Inf |   1.08%
  138s|  3800 |  1209 |  1575k| 414.1 |   361M |  65 |1076 |4030 |2432 |  55k|  0 |3552 |  17 | 0.000000e+00 |      --      |    Inf |   1.28%
  143s|  3900 |  1222 |  1630k| 417.5 |   361M |  65 |1076 |4052 |2676 |  56k|  2 |3668 |  17 | 0.000000e+00 |      --      |    Inf |   1.29%
  151s|  4000 |  1252 |  1705k| 425.7 |   361M |  65 |1076 |4077 |2377 |  59k|  0 |3764 |  17 | 0.000000e+00 |      --      |    Inf |   1.29%
  162s|  4100 |  1293 |  1784k| 434.7 |   362M |  65 |1076 |4099 |2907 |  61k|  0 |3852 |  17 | 0.000000e+00 |      --      |    Inf |   1.29%
  166s|  4200 |  1302 |  1831k| 435.5 |   362M |  65 |1076 |4186 |2816 |  62k|  0 |3995 |  17 | 0.000000e+00 |      --      |    Inf |   1.29%
  167s|  4300 |  1316 |  1856k| 431.2 |   362M |  65 |1076 |4238 |2884 |  63k|  0 |4114 |  17 | 0.000000e+00 |      --      |    Inf |   1.29%
  170s|  4400 |  1315 |  1886k| 428.1 |   362M |  65 |1076 |4349 |2445 |  63k|  0 |4247 |  17 | 0.000000e+00 |      --      |    Inf |   1.29%
  172s|  4500 |  1333 |  1915k| 425.1 |   363M |  65 |1076 |4301 |2530 |  64k|  2 |4352 |  17 | 0.000000e+00 |      --      |    Inf |   1.29%
  174s|  4600 |  1328 |  1939k| 421.1 |   364M |  65 |1076 |4352 |2457 |  64k|  0 |4479 |  17 | 0.000000e+00 |      --      |    Inf |   1.29%
 time | node  | left  |LP iter|LP it/n|mem/heur|mdpt |vars |cons |rows |cuts |sepa|confs|strbr|  dualbound   | primalbound  |  gap   | compl. 
  176s|  4700 |  1367 |  1964k| 417.5 |   364M |  65 |1076 |4334 |2221 |  65k|  1 |4556 |  17 | 0.000000e+00 |      --      |    Inf |   1.30%
  178s|  4800 |  1402 |  1987k| 413.6 |   365M |  65 |1076 |4358 |2450 |  66k|  0 |4643 |  17 | 0.000000e+00 |      --      |    Inf |   1.30%
  180s|  4900 |  1438 |  2011k| 410.0 |   366M |  65 |1076 |4341 |2269 |  67k|  2 |4717 |  17 | 0.000000e+00 |      --      |    Inf |   1.37%
  181s|  5000 |  1516 |  2024k| 404.4 |   367M |  65 |1076 |4360 |2290 |  67k|  0 |4750 |  17 | 0.000000e+00 |      --      |    Inf |   1.37%
  183s|  5100 |  1538 |  2045k| 400.6 |   367M |  65 |1076 |4470 |2271 |  68k|  2 |4869 |  17 | 0.000000e+00 |      --      |    Inf |   1.37%
  185s|  5200 |  1574 |  2069k| 397.5 |   367M |  65 |1076 |4568 |2488 |  69k|  0 |4967 |  17 | 0.000000e+00 |      --      |    Inf |   1.37%
  187s|  5300 |  1590 |  2097k| 395.4 |   367M |  65 |1076 |4691 |2275 |  69k|  2 |5100 |  17 | 0.000000e+00 |      --      |    Inf |   1.37%
  190s|  5400 |  1585 |  2140k| 395.8 |   367M |  65 |1076 |4840 |2851 |  70k|  0 |5250 |  17 | 0.000000e+00 |      --      |    Inf |   1.37%
  193s|  5500 |  1581 |  2181k| 396.2 |   367M |  65 |1076 |4944 |2604 |  71k|  0 |5375 |  17 | 0.000000e+00 |      --      |    Inf |   1.37%
  198s|  5600 |  1587 |  2242k| 400.0 |   368M |  65 |1076 |4798 |2558 |  72k|  0 |5501 |  17 | 0.000000e+00 |      --      |    Inf |   1.37%
  209s|  5700 |  1612 |  2320k| 406.6 |   368M |  65 |1076 |4719 |2519 |  74k|  0 |5607 |  17 | 0.000000e+00 |      --      |    Inf |   1.38%
  213s|  5800 |  1632 |  2373k| 408.7 |   368M |  65 |1076 |4716 |2387 |  75k|  2 |5733 |  17 | 0.000000e+00 |      --      |    Inf |   1.39%
  218s|  5900 |  1640 |  2451k| 415.1 |   368M |  65 |1076 |4705 |2668 |  77k|  2 |5856 |  17 | 0.000000e+00 |      --      |    Inf |   1.39%
  221s|  6000 |  1663 |  2483k| 413.5 |   369M |  65 |1076 |4707 |3079 |  78k|  0 |5978 |  17 | 0.000000e+00 |      --      |    Inf |   1.41%
  223s|  6100 |  1660 |  2509k| 411.0 |   371M |  65 |1076 |4791 |3082 |  78k|  2 |6104 |  17 | 0.000000e+00 |      --      |    Inf |   1.41%
 time | node  | left  |LP iter|LP it/n|mem/heur|mdpt |vars |cons |rows |cuts |sepa|confs|strbr|  dualbound   | primalbound  |  gap   | compl. 
  225s|  6200 |  1664 |  2534k| 408.5 |   372M |  65 |1076 |4926 |3139 |  78k|  0 |6243 |  17 | 0.000000e+00 |      --      |    Inf |   1.41%
  229s|  6300 |  1673 |  2579k| 409.1 |   372M |  65 |1076 |4741 |2664 |  80k|  2 |6354 |  17 | 0.000000e+00 |      --      |    Inf |   1.42%
  234s|  6400 |  1696 |  2651k| 414.0 |   373M |  65 |1076 |4592 |2356 |  82k|  3 |6462 |  17 | 0.000000e+00 |      --      |    Inf |   1.42%
  239s|  6500 |  1733 |  2718k| 417.9 |   373M |  65 |1076 |4479 |2578 |  83k|  2 |6538 |  17 | 0.000000e+00 |      --      |    Inf |   1.43%
  245s|  6600 |  1761 |  2792k| 422.7 |   373M |  65 |1076 |4433 |2428 |  85k|  2 |6622 |  17 | 0.000000e+00 |      --      |    Inf |   1.43%
  249s|  6700 |  1773 |  2853k| 425.6 |   374M |  65 |1076 |4418 |2331 |  87k|  2 |6741 |  17 | 0.000000e+00 |      --      |    Inf |   1.64%
  254s|  6800 |  1791 |  2916k| 428.6 |   374M |  65 |1076 |4335 |2531 |  88k|  2 |6850 |  17 | 0.000000e+00 |      --      |    Inf |   1.64%
  260s|  6900 |  1813 |  2989k| 432.9 |   375M |  65 |1076 |4245 |2717 |  90k|  2 |6951 |  17 | 0.000000e+00 |      --      |    Inf |   1.80%
  265s|  7000 |  1846 |  3048k| 435.2 |   376M |  65 |1076 |4120 |2568 |  92k|  0 |7032 |  17 | 0.000000e+00 |      --      |    Inf |   1.84%
  268s|  7100 |  1849 |  3086k| 434.4 |   376M |  65 |1076 |4115 |2403 |  92k|  2 |7151 |  17 | 0.000000e+00 |      --      |    Inf |   1.84%
  272s|  7200 |  1858 |  3145k| 436.6 |   377M |  65 |1076 |3950 |3096 |  94k|  0 |7280 |  17 | 0.000000e+00 |      --      |    Inf |   1.85%
  279s|  7300 |  1888 |  3229k| 442.1 |   377M |  65 |1076 |3890 |3024 |  95k|  2 |7384 |  17 | 0.000000e+00 |      --      |    Inf |   1.85%
  284s|  7400 |  1917 |  3291k| 444.5 |   377M |  65 |1076 |3824 |3044 |  97k|  2 |7486 |  17 | 0.000000e+00 |      --      |    Inf |   1.85%
  286s|  7500 |  1954 |  3322k| 442.7 |   377M |  65 |1076 |3747 |3153 |  98k|  2 |7564 |  17 | 0.000000e+00 |      --      |    Inf |   1.85%
  288s|  7600 |  1983 |  3349k| 440.4 |   377M |  65 |1076 |3712 |2768 |  98k|  1 |7656 |  17 | 0.000000e+00 |      --      |    Inf |   1.85%
 time | node  | left  |LP iter|LP it/n|mem/heur|mdpt |vars |cons |rows |cuts |sepa|confs|strbr|  dualbound   | primalbound  |  gap   | compl. 
  291s|  7700 |  1993 |  3384k| 439.3 |   378M |  65 |1076 |3705 |2758 |  99k|  0 |7783 |  17 | 0.000000e+00 |      --      |    Inf |   1.86%
  293s|  7800 |  2000 |  3414k| 437.5 |   378M |  65 |1076 |3616 |2989 |  99k|  1 |7902 |  17 | 0.000000e+00 |      --      |    Inf |   1.86%
  295s|  7900 |  2017 |  3445k| 435.8 |   378M |  65 |1076 |3618 |2545 | 100k|  2 |8011 |  17 | 0.000000e+00 |      --      |    Inf |   1.86%
  299s|  8000 |  2070 |  3468k| 433.2 |   379M |  65 |1076 |3619 |2241 | 101k|  2 |8051 |  17 | 0.000000e+00 |      --      |    Inf |   1.87%
  303s|  8100 |  2101 |  3491k| 430.8 |   379M |  65 |1076 |3690 |2269 | 102k|  2 |8126 |  17 | 0.000000e+00 |      --      |    Inf |   1.87%
  307s|  8200 |  2122 |  3514k| 428.4 |   379M |  65 |1076 |3760 |2396 | 103k|  2 |8222 |  17 | 0.000000e+00 |      --      |    Inf |   1.87%
  310s|  8300 |  2152 |  3534k| 425.5 |   379M |  65 |1076 |3844 |2248 | 103k|  2 |8315 |  17 | 0.000000e+00 |      --      |    Inf |   1.87%
  315s|  8400 |  2168 |  3560k| 423.6 |   379M |  65 |1076 |3736 |2367 | 104k|  2 |8432 |  17 | 0.000000e+00 |      --      |    Inf |   1.89%
  320s|  8500 |  2187 |  3588k| 421.9 |   379M |  65 |1076 |3732 |2586 | 105k|  1 |8557 |  17 | 0.000000e+00 |      --      |    Inf |   1.89%
  325s|  8600 |  2202 |  3618k| 420.5 |   380M |  65 |1076 |3693 |3273 | 105k|  2 |8663 |  17 | 0.000000e+00 |      --      |    Inf |   1.89%
  330s|  8700 |  2210 |  3648k| 419.1 |   381M |  65 |1076 |3756 |3292 | 106k|  1 |8789 |  17 | 0.000000e+00 |      --      |    Inf |   1.89%
  334s|  8800 |  2226 |  3670k| 416.8 |   381M |  65 |1076 |3637 |2329 | 106k|  0 |8897 |  17 | 0.000000e+00 |      --      |    Inf |   1.89%
  339s|  8900 |  2250 |  3698k| 415.3 |   381M |  65 |1076 |3561 |3275 | 107k|  1 |8991 |  17 | 0.000000e+00 |      --      |    Inf |   1.90%
  344s|  9000 |  2281 |  3725k| 413.7 |   382M |  65 |1076 |3577 |2538 | 108k|  0 |9106 |  17 | 0.000000e+00 |      --      |    Inf |   1.90%
  349s|  9100 |  2284 |  3752k| 412.0 |   382M |  65 |1076 |3682 |2604 | 108k|  0 |9247 |  17 | 0.000000e+00 |      --      |    Inf |   1.90%
 time | node  | left  |LP iter|LP it/n|mem/heur|mdpt |vars |cons |rows |cuts |sepa|confs|strbr|  dualbound   | primalbound  |  gap   | compl. 
  353s|  9200 |  2301 |  3776k| 410.3 |   382M |  65 |1076 |3490 |2682 | 109k|  2 |9357 |  17 | 0.000000e+00 |      --      |    Inf |   1.90%
  356s|  9300 |  2324 |  3796k| 408.0 |   382M |  65 |1076 |3413 |3100 | 109k|  2 |9446 |  17 | 0.000000e+00 |      --      |    Inf |   1.90%
  361s|  9400 |  2329 |  3823k| 406.5 |   382M |  65 |1076 |3374 |2422 | 110k|  0 |9576 |  17 | 0.000000e+00 |      --      |    Inf |   1.90%
  365s|  9500 |  2360 |  3848k| 404.8 |   383M |  65 |1076 |3256 |2910 | 111k|  0 |9661 |  17 | 0.000000e+00 |      --      |    Inf |   1.91%
  370s|  9600 |  2394 |  3871k| 403.0 |   383M |  65 |1076 |3238 |2241 | 112k|  2 |9741 |  17 | 0.000000e+00 |      --      |    Inf |   1.92%
  375s|  9700 |  2400 |  3902k| 402.1 |   384M |  65 |1076 |3261 |2229 | 112k|  0 |9854 |  17 | 0.000000e+00 |      --      |    Inf |   1.92%
  378s|  9800 |  2436 |  3926k| 400.5 |   386M |  65 |1076 |3079 |3304 | 113k|  1 |9942 |  17 | 0.000000e+00 |      --      |    Inf |   1.92%
  381s|  9900 |  2460 |  3974k| 401.2 |   386M |  65 |1076 |3097 |2271 | 114k|  2 |  10k|  17 | 0.000000e+00 |      --      |    Inf |   1.92%
  386s| 10000 |  2475 |  4032k| 403.0 |   387M |  65 |1076 |3095 |2598 | 116k|  2 |  10k|  17 | 0.000000e+00 |      --      |    Inf |   1.92%
  390s| 10100 |  2507 |  4096k| 405.4 |   388M |  65 |1076 |3070 |2577 | 118k|  2 |  10k|  17 | 0.000000e+00 |      --      |    Inf |   1.92%
  400s| 10200 |  2535 |  4171k| 408.7 |   388M |  65 |1076 |3054 |2395 | 120k|  2 |  10k|  17 | 0.000000e+00 |      --      |    Inf |   1.92%
  410s| 10300 |  2533 |  4226k| 410.1 |   388M |  65 |1076 |3124 |2655 | 121k|  2 |  10k|  17 | 0.000000e+00 |      --      |    Inf |   1.92%
  418s| 10400 |  2540 |  4273k| 410.7 |   388M |  65 |1076 |3226 |3295 | 122k|  0 |  10k|  17 | 0.000000e+00 |      --      |    Inf |   1.92%
  428s| 10500 |  2542 |  4329k| 412.1 |   388M |  65 |1076 |3250 |2820 | 122k|  2 |  10k|  17 | 0.000000e+00 |      --      |    Inf |   1.92%
  441s| 10600 |  2553 |  4401k| 415.0 |   388M |  65 |1076 |3158 |2264 | 123k|  2 |  10k|  17 | 0.000000e+00 |      --      |    Inf |   1.92%
 time | node  | left  |LP iter|LP it/n|mem/heur|mdpt |vars |cons |rows |cuts |sepa|confs|strbr|  dualbound   | primalbound  |  gap   | compl. 
  453s| 10700 |  2573 |  4469k| 417.5 |   388M |  65 |1076 |3181 |2924 | 125k|  2 |  11k|  17 | 0.000000e+00 |      --      |    Inf |   1.93%
  471s| 10800 |  2585 |  4566k| 422.6 |   388M |  65 |1076 |3288 |3028 | 126k|  2 |  11k|  17 | 0.000000e+00 |      --      |    Inf |   1.93%
  477s| 10900 |  2583 |  4637k| 425.3 |   389M |  65 |1076 |3176 |2306 | 127k|  2 |  11k|  17 | 0.000000e+00 |      --      |    Inf |   2.02%
  482s| 11000 |  2612 |  4700k| 427.1 |   389M |  65 |1076 |3164 |3080 | 128k|  2 |  11k|  17 | 0.000000e+00 |      --      |    Inf |   2.07%
  486s| 11100 |  2625 |  4757k| 428.4 |   389M |  65 |1076 |3172 |3122 | 129k|  1 |  11k|  17 | 0.000000e+00 |      --      |    Inf |   2.08%
  491s| 11200 |  2610 |  4816k| 429.8 |   389M |  65 |1076 |3124 |3209 | 130k|  2 |  11k|  17 | 0.000000e+00 |      --      |    Inf |   2.08%
  495s| 11300 |  2630 |  4868k| 430.6 |   389M |  65 |1076 |3128 |2868 | 131k|  2 |  11k|  17 | 0.000000e+00 |      --      |    Inf |   2.08%
  498s| 11400 |  2639 |  4912k| 430.7 |   390M |  65 |1076 |3096 |2483 | 132k|  2 |  11k|  17 | 0.000000e+00 |      --      |    Inf |   2.14%
  501s| 11500 |  2641 |  4953k| 430.5 |   390M |  65 |1076 |3148 |2727 | 133k|  2 |  12k|  17 | 0.000000e+00 |      --      |    Inf |   2.14%
  505s| 11600 |  2655 |  5007k| 431.5 |   391M |  65 |1076 |3139 |2337 | 134k|  2 |  12k|  17 | 0.000000e+00 |      --      |    Inf |   2.14%
  510s| 11700 |  2670 |  5067k| 432.9 |   391M |  65 |1076 |3126 |3315 | 135k|  2 |  12k|  17 | 0.000000e+00 |      --      |    Inf |   2.14%
  520s| 11800 |  2706 |  5124k| 434.1 |   391M |  65 |1076 |3155 |2657 | 137k|  2 |  12k|  17 | 0.000000e+00 |      --      |    Inf |   2.14%
  532s| 11900 |  2706 |  5186k| 435.7 |   391M |  65 |1076 |3192 |3355 | 137k|  2 |  12k|  17 | 0.000000e+00 |      --      |    Inf |   2.14%
  542s| 12000 |  2729 |  5247k| 437.1 |   391M |  65 |1076 |3187 |2741 | 139k|  2 |  12k|  17 | 0.000000e+00 |      --      |    Inf |   2.15%
  551s| 12100 |  2729 |  5300k| 437.8 |   391M |  65 |1076 |3197 |2377 | 140k|  2 |  12k|  17 | 0.000000e+00 |      --      |    Inf |   2.15%
 time | node  | left  |LP iter|LP it/n|mem/heur|mdpt |vars |cons |rows |cuts |sepa|confs|strbr|  dualbound   | primalbound  |  gap   | compl. 
  564s| 12200 |  2752 |  5377k| 440.6 |   391M |  65 |1076 |3107 |3284 | 142k|  0 |  12k|  17 | 0.000000e+00 |      --      |    Inf |   2.16%
  569s| 12300 |  2776 |  5443k| 442.4 |   391M |  65 |1076 |3091 |2388 | 143k|  3 |  12k|  17 | 0.000000e+00 |      --      |    Inf |   2.17%
  574s| 12400 |  2774 |  5511k| 444.3 |   391M |  65 |1076 |3091 |2815 | 144k|  2 |  13k|  17 | 0.000000e+00 |      --      |    Inf |   2.17%
  579s| 12500 |  2779 |  5569k| 445.4 |   391M |  65 |1076 |3093 |3333 | 145k|  2 |  13k|  17 | 0.000000e+00 |      --      |    Inf |   2.17%
  583s| 12600 |  2782 |  5628k| 446.5 |   391M |  65 |1076 |3046 |3420 | 147k|  2 |  13k|  17 | 0.000000e+00 |      --      |    Inf |   2.17%
  593s| 12700 |  2788 |  5674k| 446.6 |   393M |  65 |1076 |3144 |2991 | 147k|  0 |  13k|  17 | 0.000000e+00 |      --      |    Inf |   2.17%
  605s| 12800 |  2803 |  5732k| 447.7 |   393M |  65 |1076 |3215 |3657 | 147k|  1 |  13k|  17 | 0.000000e+00 |      --      |    Inf |   2.17%
  617s| 12900 |  2806 |  5788k| 448.5 |   393M |  65 |1076 |3340 |3662 | 147k|  1 |  13k|  17 | 0.000000e+00 |      --      |    Inf |   2.17%
  631s| 13000 |  2820 |  5853k| 450.1 |   393M |  65 |1076 |3481 |3669 | 147k|  1 |  14k|  17 | 0.000000e+00 |      --      |    Inf |   2.17%
  647s| 13100 |  2820 |  5926k| 452.2 |   394M |  65 |1076 |3616 |3721 | 148k|  0 |  14k|  17 | 0.000000e+00 |      --      |    Inf |   2.17%
  660s| 13200 |  2833 |  6001k| 454.4 |   394M |  65 |1076 |3628 |2407 | 149k|  0 |  14k|  17 | 0.000000e+00 |      --      |    Inf |   2.17%
  672s| 13300 |  2836 |  6065k| 455.8 |   394M |  65 |1076 |3492 |3307 | 150k|  2 |  14k|  17 | 0.000000e+00 |      --      |    Inf |   3.74%
  682s| 13400 |  2838 |  6118k| 456.4 |   395M |  65 |1076 |3468 |3211 | 150k|  2 |  14k|  17 | 0.000000e+00 |      --      |    Inf |   4.03%
  695s| 13500 |  2861 |  6185k| 458.0 |   395M |  65 |1076 |3476 |2928 | 152k|  0 |  14k|  17 | 0.000000e+00 |      --      |    Inf |   4.03%
  708s| 13600 |  2884 |  6263k| 460.3 |   395M |  65 |1076 |3353 |2892 | 154k|  2 |  14k|  17 | 0.000000e+00 |      --      |    Inf |   4.03%
 time | node  | left  |LP iter|LP it/n|mem/heur|mdpt |vars |cons |rows |cuts |sepa|confs|strbr|  dualbound   | primalbound  |  gap   | compl. 
  718s| 13700 |  2891 |  6316k| 460.9 |   396M |  65 |1076 |3442 |2975 | 154k|  0 |  14k|  17 | 0.000000e+00 |      --      |    Inf |   4.03%
  728s| 13800 |  2880 |  6370k| 461.5 |   396M |  65 |1076 |3566 |3035 | 154k|  0 |  15k|  17 | 0.000000e+00 |      --      |    Inf |   4.03%
  737s| 13900 |  2879 |  6417k| 461.5 |   396M |  65 |1076 |3602 |   0 | 155k|  0 |  15k|  17 | 0.000000e+00 |      --      |    Inf |   4.03%
  747s| 14000 |  2885 |  6473k| 462.2 |   396M |  65 |1076 |3590 |3224 | 156k|  0 |  15k|  17 | 0.000000e+00 |      --      |    Inf |   4.03%
  757s| 14100 |  2876 |  6529k| 462.9 |   396M |  65 |1076 |3568 |2712 | 157k|  2 |  15k|  17 | 0.000000e+00 |      --      |    Inf |   4.06%
  767s| 14200 |  2881 |  6585k| 463.6 |   396M |  65 |1076 |3526 |3033 | 157k|  1 |  15k|  17 | 0.000000e+00 |      --      |    Inf |   4.06%
  775s| 14300 |  2885 |  6629k| 463.5 |   396M |  65 |1076 |3615 |3056 | 158k|  2 |  15k|  17 | 0.000000e+00 |      --      |    Inf |   4.06%
  782s| 14400 |  2873 |  6666k| 462.8 |   396M |  65 |1076 |3705 |3452 | 158k|  2 |  15k|  17 | 0.000000e+00 |      --      |    Inf |   4.06%
  792s| 14500 |  2901 |  6723k| 463.5 |   396M |  65 |1076 |3779 |2694 | 159k|  2 |  16k|  17 | 0.000000e+00 |      --      |    Inf |   4.06%
  802s| 14600 |  2894 |  6781k| 464.3 |   396M |  65 |1076 |3968 |3052 | 161k|  2 |  16k|  17 | 0.000000e+00 |      --      |    Inf |   4.06%
  808s| 14700 |  2893 |  6814k| 463.4 |   396M |  65 |1076 |4117 |3085 | 161k|  2 |  16k|  17 | 0.000000e+00 |      --      |    Inf |   4.06%
  817s| 14800 |  2892 |  6864k| 463.7 |   396M |  65 |1076 |4057 |2236 | 161k|  2 |  16k|  17 | 0.000000e+00 |      --      |    Inf |   4.06%
  829s| 14900 |  2896 |  6929k| 464.9 |   396M |  65 |1076 |3966 |2824 | 163k|  2 |  16k|  17 | 0.000000e+00 |      --      |    Inf |   4.06%
  838s| 15000 |  2910 |  6977k| 465.0 |   396M |  65 |1076 |4084 |2985 | 163k|  2 |  16k|  17 | 0.000000e+00 |      --      |    Inf |   4.06%
  846s| 15100 |  2916 |  7017k| 464.6 |   397M |  65 |1076 |4207 |3136 | 163k|  1 |  16k|  17 | 0.000000e+00 |      --      |    Inf |   4.06%
 time | node  | left  |LP iter|LP it/n|mem/heur|mdpt |vars |cons |rows |cuts |sepa|confs|strbr|  dualbound   | primalbound  |  gap   | compl. 
  857s| 15200 |  2920 |  7080k| 465.6 |   397M |  65 |1076 |4132 |2498 | 165k|  2 |  17k|  17 | 0.000000e+00 |      --      |    Inf |   4.06%
  868s| 15300 |  2932 |  7140k| 466.5 |   397M |  65 |1076 |4257 |3372 | 165k|  0 |  17k|  17 | 0.000000e+00 |      --      |    Inf |   4.06%
  878s| 15400 |  2935 |  7201k| 467.5 |   397M |  65 |1076 |4203 |3158 | 166k|  2 |  17k|  17 | 0.000000e+00 |      --      |    Inf |   4.06%
  884s| 15500 |  2936 |  7269k| 468.8 |   397M |  65 |1076 |4130 |2625 | 167k|  1 |  17k|  17 | 0.000000e+00 |      --      |    Inf |   4.07%
  887s| 15600 |  2948 |  7310k| 468.5 |   397M |  65 |1076 |4080 |3031 | 168k|  2 |  17k|  17 | 0.000000e+00 |      --      |    Inf |   4.08%
  899s| 15700 |  2973 |  7376k| 469.7 |   397M |  65 |1076 |4038 |3270 | 169k|  2 |  17k|  17 | 0.000000e+00 |      --      |    Inf |   4.08%
  904s| 15800 |  2980 |  7430k| 470.2 |   397M |  65 |1076 |4039 |3350 | 169k|  1 |  17k|  17 | 0.000000e+00 |      --      |    Inf |   4.08%
  908s| 15900 |  2980 |  7485k| 470.7 |   398M |  65 |1076 |4087 |2720 | 170k|  0 |  18k|  17 | 0.000000e+00 |      --      |    Inf |   4.08%
  915s| 16000 |  2989 |  7558k| 472.2 |   398M |  65 |1076 |4065 |2585 | 170k|  1 |  18k|  17 | 0.000000e+00 |      --      |    Inf |   4.08%
  919s| 16100 |  3014 |  7618k| 473.0 |   399M |  65 |1076 |3859 |2311 | 172k|  0 |  18k|  17 | 0.000000e+00 |      --      |    Inf |   4.08%
  924s| 16200 |  3023 |  7679k| 473.9 |   399M |  65 |1076 |3762 |3037 | 173k|  2 |  18k|  17 | 0.000000e+00 |      --      |    Inf |   4.08%
  928s| 16300 |  3028 |  7729k| 474.0 |   399M |  65 |1076 |3770 |2992 | 174k|  0 |  18k|  17 | 0.000000e+00 |      --      |    Inf |   4.08%
  933s| 16400 |  3069 |  7792k| 475.0 |   401M |  65 |1076 |3659 |3367 | 175k|  2 |  18k|  17 | 0.000000e+00 |      --      |    Inf |   4.08%
  937s| 16500 |  3080 |  7839k| 475.0 |   401M |  65 |1076 |3745 |3439 | 175k|  1 |  18k|  17 | 0.000000e+00 |      --      |    Inf |   4.08%
  941s| 16600 |  3079 |  7885k| 474.9 |   401M |  65 |1076 |3835 |3140 | 175k|  0 |  18k|  17 | 0.000000e+00 |      --      |    Inf |   4.08%
 time | node  | left  |LP iter|LP it/n|mem/heur|mdpt |vars |cons |rows |cuts |sepa|confs|strbr|  dualbound   | primalbound  |  gap   | compl. 
  946s| 16700 |  3087 |  7948k| 475.8 |   402M |  65 |1076 |3670 |3522 | 176k|  0 |  19k|  17 | 0.000000e+00 |      --      |    Inf |   4.09%
  951s| 16800 |  3093 |  8007k| 476.5 |   402M |  65 |1076 |3699 |3517 | 177k|  0 |  19k|  17 | 0.000000e+00 |      --      |    Inf |   4.14%
  955s| 16900 |  3104 |  8066k| 477.2 |   402M |  65 |1076 |3660 |2394 | 178k|  0 |  19k|  17 | 0.000000e+00 |      --      |    Inf |   4.14%
  965s| 17000 |  3131 |  8142k| 478.9 |   402M |  65 |1076 |3438 |2439 | 180k|  0 |  19k|  17 | 0.000000e+00 |      --      |    Inf |   4.20%
  976s| 17100 |  3129 |  8202k| 479.6 |   403M |  65 |1076 |3374 |3553 | 180k|  2 |  19k|  17 | 0.000000e+00 |      --      |    Inf |   4.20%
  992s| 17200 |  3139 |  8279k| 481.2 |   404M |  65 |1076 |3282 |2389 | 181k|  2 |  19k|  17 | 0.000000e+00 |      --      |    Inf |   4.20%
 1003s| 17300 |  3154 |  8342k| 482.1 |   405M |  65 |1076 |3181 |2308 | 183k|  0 |  19k|  17 | 0.000000e+00 |      --      |    Inf |   4.20%
 1016s| 17400 |  3173 |  8407k| 483.1 |   405M |  65 |1076 |3182 |2251 | 183k|  2 |  20k|  17 | 0.000000e+00 |      --      |    Inf |   4.21%
 1025s| 17500 |  3179 |  8459k| 483.2 |   406M |  65 |1076 |3177 |3183 | 184k|  0 |  20k|  17 | 0.000000e+00 |      --      |    Inf |   4.21%
 1034s| 17600 |  3194 |  8507k| 483.2 |   406M |  65 |1076 |3168 |2774 | 185k|  0 |  20k|  17 | 0.000000e+00 |      --      |    Inf |   4.21%
 1044s| 17700 |  3189 |  8567k| 483.9 |   406M |  65 |1076 |3184 |2789 | 186k|  1 |  20k|  17 | 0.000000e+00 |      --      |    Inf |   4.21%
 1051s| 17800 |  3204 |  8602k| 483.2 |   407M |  65 |1076 |3249 |2783 | 186k|  2 |  20k|  17 | 0.000000e+00 |      --      |    Inf |   4.21%
 1056s| 17900 |  3214 |  8631k| 482.1 |   408M |  65 |1076 |3332 |3132 | 187k|  3 |  20k|  17 | 0.000000e+00 |      --      |    Inf |   4.31%
 1062s| 18000 |  3216 |  8661k| 481.1 |   408M |  65 |1076 |3350 |2765 | 187k|  0 |  20k|  17 | 0.000000e+00 |      --      |    Inf |   4.31%
 1066s| 18100 |  3220 |  8686k| 479.8 |   408M |  65 |1076 |3350 |2591 | 188k|  1 |  20k|  17 | 0.000000e+00 |      --      |    Inf |   4.31%
 time | node  | left  |LP iter|LP it/n|mem/heur|mdpt |vars |cons |rows |cuts |sepa|confs|strbr|  dualbound   | primalbound  |  gap   | compl. 
 1071s| 18200 |  3226 |  8714k| 478.7 |   409M |  65 |1076 |3357 |2938 | 188k|  2 |  21k|  17 | 0.000000e+00 |      --      |    Inf |   4.31%
 1077s| 18300 |  3238 |  8744k| 477.7 |   409M |  65 |1076 |3327 |3246 | 189k|  1 |  21k|  17 | 0.000000e+00 |      --      |    Inf |   4.31%
 1081s| 18400 |  3278 |  8769k| 476.5 |   409M |  65 |1076 |3274 |2340 | 189k|  2 |  21k|  17 | 0.000000e+00 |      --      |    Inf |   4.31%
 1085s| 18500 |  3312 |  8790k| 475.0 |   409M |  65 |1076 |3335 |2418 | 190k|  2 |  21k|  17 | 0.000000e+00 |      --      |    Inf |   4.31%
 1090s| 18600 |  3313 |  8819k| 474.1 |   409M |  65 |1076 |3435 |2610 | 190k|  0 |  21k|  17 | 0.000000e+00 |      --      |    Inf |   4.31%
 1093s| 18700 |  3335 |  8843k| 472.8 |   409M |  65 |1076 |3516 |2678 | 191k|  0 |  21k|  17 | 0.000000e+00 |      --      |    Inf |   4.31%
 1098s| 18800 |  3343 |  8870k| 471.7 |   409M |  65 |1076 |3608 |2680 | 191k|  2 |  21k|  17 | 0.000000e+00 |      --      |    Inf |   4.31%
 1103s| 18900 |  3361 |  8900k| 470.8 |   409M |  65 |1076 |3721 |2801 | 191k|  2 |  21k|  17 | 0.000000e+00 |      --      |    Inf |   4.31%
 1109s| 19000 |  3356 |  8932k| 470.0 |   409M |  65 |1076 |3814 |2802 | 191k|  0 |  21k|  17 | 0.000000e+00 |      --      |    Inf |   4.31%
 1113s| 19100 |  3369 |  8958k| 468.9 |   409M |  65 |1076 |3888 |2648 | 192k|  1 |  22k|  17 | 0.000000e+00 |      --      |    Inf |   4.31%
 1117s| 19200 |  3366 |  8984k| 467.8 |   409M |  65 |1076 |3956 |2887 | 192k|  2 |  22k|  17 | 0.000000e+00 |      --      |    Inf |   4.31%
 1120s| 19300 |  3375 |  9007k| 466.6 |   409M |  65 |1076 |4018 |2356 | 192k|  2 |  22k|  17 | 0.000000e+00 |      --      |    Inf |   4.31%
 1121s| 19400 |  3412 |  9031k| 465.4 |   409M |  65 |1076 |4004 |2883 | 193k|  0 |  22k|  17 | 0.000000e+00 |      --      |    Inf |   4.31%
 1123s| 19500 |  3433 |  9058k| 464.4 |   409M |  65 |1076 |4009 |2527 | 193k|  2 |  22k|  17 | 0.000000e+00 |      --      |    Inf |   4.31%
 1125s| 19600 |  3456 |  9085k| 463.4 |   410M |  65 |1076 |4052 |2598 | 194k|  1 |  22k|  17 | 0.000000e+00 |      --      |    Inf |   4.31%
 time | node  | left  |LP iter|LP it/n|mem/heur|mdpt |vars |cons |rows |cuts |sepa|confs|strbr|  dualbound   | primalbound  |  gap   | compl. 
 1128s| 19700 |  3489 |  9116k| 462.6 |   410M |  65 |1076 |4101 |2679 | 195k|  2 |  22k|  17 | 0.000000e+00 |      --      |    Inf |   4.31%
 1130s| 19800 |  3478 |  9142k| 461.6 |   410M |  65 |1076 |4018 |2396 | 195k|  2 |  22k|  17 | 0.000000e+00 |      --      |    Inf |   4.31%
 1134s| 19900 |  3476 |  9169k| 460.7 |   410M |  65 |1076 |4059 |   0 | 196k|  0 |  23k|  17 | 0.000000e+00 |      --      |    Inf |   4.31%
 1138s| 20000 |  3478 |  9197k| 459.8 |   410M |  65 |1076 |4076 |2644 | 196k|  2 |  23k|  17 | 0.000000e+00 |      --      |    Inf |   4.31%
 1144s| 20100 |  3486 |  9232k| 459.2 |   410M |  65 |1076 |4163 |2674 | 197k|  2 |  23k|  17 | 0.000000e+00 |      --      |    Inf |   4.31%
 1149s| 20200 |  3488 |  9258k| 458.2 |   410M |  65 |1076 |4144 |2345 | 198k|  2 |  23k|  17 | 0.000000e+00 |      --      |    Inf |   4.31%
 1152s| 20300 |  3488 |  9279k| 457.0 |   410M |  65 |1076 |4173 |2863 | 198k|  0 |  23k|  17 | 0.000000e+00 |      --      |    Inf |   4.31%
 1157s| 20400 |  3489 |  9308k| 456.2 |   410M |  65 |1076 |4167 |2677 | 198k|  0 |  23k|  17 | 0.000000e+00 |      --      |    Inf |   4.31%
 1162s| 20500 |  3488 |  9335k| 455.3 |   410M |  65 |1076 |4224 |2659 | 199k|  0 |  23k|  17 | 0.000000e+00 |      --      |    Inf |   4.31%
 1166s| 20600 |  3488 |  9364k| 454.5 |   411M |  65 |1076 |4228 |2761 | 199k|  1 |  23k|  17 | 0.000000e+00 |      --      |    Inf |   4.31%
 1170s| 20700 |  3479 |  9384k| 453.3 |   411M |  65 |1076 |4305 |3033 | 199k|  2 |  24k|  17 | 0.000000e+00 |      --      |    Inf |   4.31%
 1175s| 20800 |  3477 |  9413k| 452.5 |   413M |  65 |1076 |4330 |2874 | 200k|  2 |  24k|  17 | 0.000000e+00 |      --      |    Inf |   4.31%
 1180s| 20900 |  3483 |  9443k| 451.7 |   413M |  65 |1076 |4345 |2617 | 200k|  2 |  24k|  17 | 0.000000e+00 |      --      |    Inf |   4.31%
 1184s| 21000 |  3492 |  9467k| 450.7 |   413M |  65 |1076 |4376 |2579 | 201k|  1 |  24k|  17 | 0.000000e+00 |      --      |    Inf |   4.31%
 1189s| 21100 |  3506 |  9496k| 449.9 |   413M |  65 |1076 |4455 |2639 | 202k|  0 |  24k|  17 | 0.000000e+00 |      --      |    Inf |   4.31%
 time | node  | left  |LP iter|LP it/n|mem/heur|mdpt |vars |cons |rows |cuts |sepa|confs|strbr|  dualbound   | primalbound  |  gap   | compl. 
 1193s| 21200 |  3499 |  9519k| 448.9 |   413M |  65 |1076 |4445 |   0 | 202k|  0 |  24k|  17 | 0.000000e+00 |      --      |    Inf |   4.31%
 1199s| 21300 |  3509 |  9546k| 448.1 |   413M |  65 |1076 |4382 |2983 | 202k|  1 |  24k|  17 | 0.000000e+00 |      --      |    Inf |   4.31%
 1202s| 21400 |  3506 |  9567k| 447.0 |   413M |  65 |1076 |4453 |   0 | 202k|  0 |  24k|  17 | 0.000000e+00 |      --      |    Inf |   4.31%
 1207s| 21500 |  3508 |  9594k| 446.1 |   413M |  65 |1076 |4507 |2658 | 203k|  0 |  24k|  17 | 0.000000e+00 |      --      |    Inf |   4.31%
 1211s| 21600 |  3505 |  9616k| 445.1 |   413M |  65 |1076 |4587 |2654 | 203k|  0 |  25k|  17 | 0.000000e+00 |      --      |    Inf |   4.31%
 1216s| 21700 |  3524 |  9648k| 444.5 |   413M |  65 |1076 |4593 |2983 | 204k|  2 |  25k|  17 | 0.000000e+00 |      --      |    Inf |   4.31%
 1222s| 21800 |  3541 |  9682k| 444.1 |   413M |  65 |1076 |4668 |3044 | 204k|  2 |  25k|  17 | 0.000000e+00 |      --      |    Inf |   4.31%
 1232s| 21900 |  3554 |  9731k| 444.2 |   413M |  65 |1076 |4753 |3117 | 204k|  0 |  25k|  17 | 0.000000e+00 |      --      |    Inf |   4.31%
 1249s| 22000 |  3554 |  9816k| 446.1 |   413M |  65 |1076 |4847 |3164 | 205k|  2 |  25k|  17 | 0.000000e+00 |      --      |    Inf |   4.31%
 1262s| 22100 |  3545 |  9884k| 447.1 |   413M |  65 |1076 |4961 |3169 | 205k|  0 |  25k|  17 | 0.000000e+00 |      --      |    Inf |   4.31%
 1275s| 22200 |  3534 |  9956k| 448.4 |   414M |  65 |1076 |5017 |3058 | 205k|  0 |  25k|  17 | 0.000000e+00 |      --      |    Inf |   4.31%
 1292s| 22300 |  3551 | 10041k| 450.2 |   414M |  65 |1076 |5077 |3271 | 206k|  0 |  25k|  17 | 0.000000e+00 |      --      |    Inf |   4.31%
 1308s| 22400 |  3548 | 10120k| 451.7 |   414M |  65 |1076 |5156 |   0 | 206k|  0 |  26k|  17 | 0.000000e+00 |      --      |    Inf |   4.31%
 1317s| 22500 |  3540 | 10214k| 453.9 |   414M |  65 |1076 |5157 |3288 | 207k|  1 |  26k|  17 | 0.000000e+00 |      --      |    Inf |   4.31%
 1326s| 22600 |  3548 | 10303k| 455.8 |   414M |  65 |1076 |5219 |3240 | 207k|  0 |  26k|  17 | 0.000000e+00 |      --      |    Inf |   4.31%
 time | node  | left  |LP iter|LP it/n|mem/heur|mdpt |vars |cons |rows |cuts |sepa|confs|strbr|  dualbound   | primalbound  |  gap   | compl. 
 1342s| 22700 |  3552 | 10384k| 457.3 |   414M |  65 |1076 |5346 |3066 | 208k|  2 |  26k|  17 | 0.000000e+00 |      --      |    Inf |   4.31%
 1353s| 22800 |  3563 | 10447k| 458.1 |   414M |  65 |1076 |5433 |3101 | 208k|  0 |  26k|  17 | 0.000000e+00 |      --      |    Inf |   4.31%
 1364s| 22900 |  3543 | 10507k| 458.7 |   414M |  65 |1076 |5333 |2802 | 209k|  2 |  26k|  17 | 0.000000e+00 |      --      |    Inf |   4.31%
 1378s| 23000 |  3549 | 10578k| 459.8 |   414M |  65 |1076 |4726 |2906 | 209k|  0 |  26k|  17 | 0.000000e+00 |      --      |    Inf |   4.32%
 1392s| 23100 |  3569 | 10654k| 461.1 |   415M |  65 |1076 |4361 |2729 | 210k|  3 |  27k|  17 | 0.000000e+00 |      --      |    Inf |   4.32%
 1406s| 23200 |  3569 | 10730k| 462.4 |   415M |  65 |1076 |4048 |3395 | 211k|  2 |  27k|  17 | 0.000000e+00 |      --      |    Inf |   4.32%
 1418s| 23300 |  3591 | 10801k| 463.5 |   416M |  65 |1076 |3592 |2625 | 212k|  2 |  27k|  17 | 0.000000e+00 |      --      |    Inf |   4.33%
 1424s| 23400 |  3611 | 10874k| 464.6 |   416M |  65 |1076 |3280 |2417 | 214k|  2 |  27k|  17 | 0.000000e+00 |      --      |    Inf |   4.38%
 1433s| 23500 |  3657 | 10984k| 467.3 |   416M |  65 |1076 |3228 |3195 | 215k|  0 |  27k|  17 | 0.000000e+00 |      --      |    Inf |   4.38%
 1442s| 23600 |  3683 | 11079k| 469.4 |   416M |  65 |1076 |3297 |3204 | 216k|  0 |  27k|  17 | 0.000000e+00 |      --      |    Inf |   4.38%
 1448s| 23700 |  3688 | 11155k| 470.6 |   416M |  65 |1076 |3400 |3057 | 216k|  2 |  27k|  17 | 0.000000e+00 |      --      |    Inf |   4.38%
 1454s| 23800 |  3693 | 11224k| 471.5 |   416M |  65 |1076 |3488 |3378 | 217k|  2 |  27k|  17 | 0.000000e+00 |      --      |    Inf |   4.38%
 1463s| 23900 |  3690 | 11320k| 473.6 |   416M |  65 |1076 |3601 |3413 | 217k|  0 |  27k|  17 | 0.000000e+00 |      --      |    Inf |   4.38%
 1472s| 24000 |  3696 | 11421k| 475.8 |   416M |  65 |1076 |3640 |3235 | 217k|  2 |  28k|  17 | 0.000000e+00 |      --      |    Inf |   4.38%
 1480s| 24100 |  3713 | 11509k| 477.5 |   416M |  65 |1076 |3690 |3200 | 218k|  2 |  28k|  17 | 0.000000e+00 |      --      |    Inf |   4.38%
 time | node  | left  |LP iter|LP it/n|mem/heur|mdpt |vars |cons |rows |cuts |sepa|confs|strbr|  dualbound   | primalbound  |  gap   | compl. 
 1486s| 24200 |  3731 | 11577k| 478.3 |   416M |  65 |1076 |3520 |3575 | 218k|  0 |  28k|  17 | 0.000000e+00 |      --      |    Inf |   4.38%
 1491s| 24300 |  3745 | 11647k| 479.2 |   416M |  65 |1076 |3212 |3093 | 219k|  2 |  28k|  17 | 0.000000e+00 |      --      |    Inf |   4.38%
 1496s| 24400 |  3758 | 11703k| 479.6 |   416M |  65 |1076 |3295 |3167 | 220k|  2 |  28k|  17 | 0.000000e+00 |      --      |    Inf |   4.38%
 1501s| 24500 |  3772 | 11767k| 480.2 |   417M |  65 |1076 |3193 |2456 | 221k|  2 |  28k|  17 | 0.000000e+00 |      --      |    Inf |   4.38%
 1504s| 24600 |  3769 | 11817k| 480.3 |   417M |  65 |1076 |3234 |3147 | 222k|  1 |  28k|  17 | 0.000000e+00 |      --      |    Inf |   4.38%
 1509s| 24700 |  3767 | 11870k| 480.5 |   417M |  65 |1076 |3169 |3263 | 223k|  2 |  28k|  17 | 0.000000e+00 |      --      |    Inf |   4.38%
 1513s| 24800 |  3785 | 11926k| 480.8 |   417M |  65 |1076 |3127 |2865 | 224k|  2 |  29k|  17 | 0.000000e+00 |      --      |    Inf |   4.38%
 1518s| 24900 |  3795 | 11990k| 481.5 |   417M |  65 |1076 |3137 |3232 | 226k|  2 |  29k|  17 | 0.000000e+00 |      --      |    Inf |   4.38%
 1523s| 25000 |  3814 | 12054k| 482.1 |   417M |  65 |1076 |3059 |2870 | 227k|  2 |  29k|  17 | 0.000000e+00 |      --      |    Inf |   4.38%
 1531s| 25100 |  3832 | 12147k| 483.9 |   418M |  65 |1076 |3112 |3071 | 229k|  1 |  29k|  17 | 0.000000e+00 |      --      |    Inf |   4.38%
 1536s| 25200 |  3830 | 12207k| 484.3 |   418M |  65 |1076 |3223 |3031 | 230k|  2 |  29k|  17 | 0.000000e+00 |      --      |    Inf |   4.38%
 1542s| 25300 |  3809 | 12278k| 485.2 |   419M |  65 |1076 |3243 |2969 | 231k|  2 |  29k|  17 | 0.000000e+00 |      --      |    Inf |   4.38%
 1546s| 25400 |  3805 | 12328k| 485.3 |   419M |  65 |1076 |3161 |3354 | 231k|  2 |  29k|  17 | 0.000000e+00 |      --      |    Inf |   4.39%
 1551s| 25500 |  3813 | 12392k| 485.9 |   419M |  65 |1076 |3100 |   0 | 232k|  0 |  29k|  17 | 0.000000e+00 |      --      |    Inf |   4.39%
 1558s| 25600 |  3814 | 12469k| 487.0 |   419M |  65 |1076 |2863 |3201 | 234k|  0 |  30k|  17 | 0.000000e+00 |      --      |    Inf |   4.39%
 time | node  | left  |LP iter|LP it/n|mem/heur|mdpt |vars |cons |rows |cuts |sepa|confs|strbr|  dualbound   | primalbound  |  gap   | compl. 
 1566s| 25700 |  3833 | 12562k| 488.7 |   419M |  65 |1076 |2905 |3412 | 235k|  2 |  30k|  17 | 0.000000e+00 |      --      |    Inf |   4.39%
 1573s| 25800 |  3828 | 12641k| 489.9 |   419M |  65 |1076 |3004 |3083 | 235k|  0 |  30k|  17 | 0.000000e+00 |      --      |    Inf |   4.39%
 1583s| 25900 |  3847 | 12707k| 490.5 |   420M |  65 |1076 |2937 |2491 | 236k|  0 |  30k|  17 | 0.000000e+00 |      --      |    Inf |   4.39%
 1597s| 26000 |  3875 | 12783k| 491.6 |   420M |  65 |1076 |2902 |3279 | 237k|  0 |  30k|  17 | 0.000000e+00 |      --      |    Inf |   4.39%
 1611s| 26100 |  3885 | 12854k| 492.4 |   420M |  65 |1076 |2776 |2707 | 238k|  0 |  30k|  17 | 0.000000e+00 |      --      |    Inf |   4.41%
 1624s| 26200 |  3894 | 12926k| 493.3 |   420M |  65 |1076 |2716 |3321 | 239k|  2 |  30k|  17 | 0.000000e+00 |      --      |    Inf |   4.41%
 1634s| 26300 |  3911 | 12984k| 493.6 |   420M |  65 |1076 |2751 |3473 | 240k|  1 |  30k|  17 | 0.000000e+00 |      --      |    Inf |   4.41%
 1645s| 26400 |  3921 | 13041k| 493.9 |   420M |  65 |1076 |2685 |2791 | 241k|  0 |  31k|  17 | 0.000000e+00 |      --      |    Inf |   4.42%
 1654s| 26500 |  3924 | 13093k| 494.0 |   421M |  65 |1076 |2747 |3094 | 242k|  2 |  31k|  17 | 0.000000e+00 |      --      |    Inf |   4.42%
 1667s| 26600 |  3958 | 13160k| 494.7 |   421M |  65 |1076 |2726 |3100 | 243k|  2 |  31k|  17 | 0.000000e+00 |      --      |    Inf |   4.42%
 1682s| 26700 |  3990 | 13235k| 495.6 |   421M |  65 |1076 |2650 |2935 | 244k|  0 |  31k|  17 | 0.000000e+00 |      --      |    Inf |   4.42%
 1696s| 26800 |  4005 | 13312k| 496.6 |   422M |  65 |1076 |2653 |3777 | 245k|  1 |  31k|  17 | 0.000000e+00 |      --      |    Inf |   4.42%
 1712s| 26900 |  4008 | 13385k| 497.5 |   422M |  65 |1076 |2704 |2569 | 245k|  2 |  31k|  17 | 0.000000e+00 |      --      |    Inf |   4.43%
 1724s| 27000 |  4014 | 13449k| 498.1 |   422M |  65 |1076 |2769 |3211 | 246k|  2 |  31k|  17 | 0.000000e+00 |      --      |    Inf |   4.43%
 1736s| 27100 |  4030 | 13515k| 498.6 |   422M |  65 |1076 |2782 |3117 | 247k|  2 |  31k|  17 | 0.000000e+00 |      --      |    Inf |   4.43%
 time | node  | left  |LP iter|LP it/n|mem/heur|mdpt |vars |cons |rows |cuts |sepa|confs|strbr|  dualbound   | primalbound  |  gap   | compl. 
 1752s| 27200 |  4041 | 13595k| 499.7 |   422M |  65 |1076 |2856 |3424 | 247k|  0 |  31k|  17 | 0.000000e+00 |      --      |    Inf |   4.43%
 1764s| 27300 |  4041 | 13671k| 500.7 |   422M |  65 |1076 |2867 |3319 | 248k|  0 |  32k|  17 | 0.000000e+00 |      --      |    Inf |   4.43%
 1770s| 27400 |  4046 | 13738k| 501.3 |   422M |  65 |1076 |2906 |3004 | 249k|  0 |  32k|  17 | 0.000000e+00 |      --      |    Inf |   4.43%
 1782s| 27500 |  4062 | 13808k| 502.0 |   422M |  65 |1076 |2939 |3033 | 250k|  1 |  32k|  17 | 0.000000e+00 |      --      |    Inf |   4.43%
 1795s| 27600 |  4070 | 13882k| 502.9 |   424M |  65 |1076 |2952 |3186 | 251k|  0 |  32k|  17 | 0.000000e+00 |      --      |    Inf |   4.43%
 1808s| 27700 |  4068 | 13954k| 503.7 |   425M |  65 |1076 |2882 |3363 | 252k|  0 |  32k|  17 | 0.000000e+00 |      --      |    Inf |   4.63%
 1824s| 27800 |  4087 | 14034k| 504.8 |   426M |  65 |1076 |2852 |3198 | 253k|  2 |  32k|  17 | 0.000000e+00 |      --      |    Inf |   4.63%
 1837s| 27900 |  4100 | 14102k| 505.4 |   426M |  65 |1076 |2835 |2582 | 254k|  0 |  32k|  17 | 0.000000e+00 |      --      |    Inf |   4.63%
 1848s| 28000 |  4097 | 14167k| 505.9 |   426M |  65 |1076 |2925 |2418 | 255k|  2 |  33k|  17 | 0.000000e+00 |      --      |    Inf |   4.63%
 1862s| 28100 |  4108 | 14244k| 506.9 |   428M |  65 |1076 |2956 |2627 | 257k|  2 |  33k|  17 | 0.000000e+00 |      --      |    Inf |   4.63%
 1873s| 28200 |  4128 | 14306k| 507.2 |   428M |  65 |1076 |3011 |3677 | 258k|  2 |  33k|  17 | 0.000000e+00 |      --      |    Inf |   4.63%
 1884s| 28300 |  4137 | 14365k| 507.5 |   428M |  65 |1076 |3066 |2723 | 258k|  0 |  33k|  17 | 0.000000e+00 |      --      |    Inf |   4.63%
 1897s| 28400 |  4134 | 14429k| 508.0 |   428M |  65 |1076 |3124 |3790 | 259k|  0 |  33k|  17 | 0.000000e+00 |      --      |    Inf |   4.63%
 1908s| 28500 |  4145 | 14490k| 508.4 |   428M |  65 |1076 |3029 |3233 | 259k|  0 |  33k|  17 | 0.000000e+00 |      --      |    Inf |   4.63%
 1920s| 28600 |  4150 | 14566k| 509.2 |   428M |  65 |1076 |3085 |3825 | 259k|  1 |  33k|  17 | 0.000000e+00 |      --      |    Inf |   4.63%
 time | node  | left  |LP iter|LP it/n|mem/heur|mdpt |vars |cons |rows |cuts |sepa|confs|strbr|  dualbound   | primalbound  |  gap   | compl. 
 1927s| 28700 |  4173 | 14648k| 510.3 |   428M |  65 |1076 |3160 |3824 | 260k|  0 |  33k|  17 | 0.000000e+00 |      --      |    Inf |   4.63%
 1934s| 28800 |  4169 | 14713k| 510.8 |   428M |  65 |1076 |3264 |   0 | 260k|  0 |  34k|  17 | 0.000000e+00 |      --      |    Inf |   4.63%
 1947s| 28900 |  4155 | 14776k| 511.2 |   428M |  65 |1076 |3185 |3678 | 260k|  2 |  34k|  17 | 0.000000e+00 |      --      |    Inf |   4.64%
 1955s| 29000 |  4156 | 14819k| 511.0 |   428M |  65 |1076 |3233 |3822 | 260k|  1 |  34k|  17 | 0.000000e+00 |      --      |    Inf |   4.64%
 1968s| 29100 |  4160 | 14882k| 511.3 |   428M |  65 |1076 |3214 |3529 | 261k|  0 |  34k|  17 | 0.000000e+00 |      --      |    Inf |   4.64%
 1981s| 29200 |  4170 | 14955k| 512.1 |   429M |  65 |1076 |3189 |3449 | 262k|  0 |  34k|  17 | 0.000000e+00 |      --      |    Inf |   4.64%
 1990s| 29300 |  4181 | 15006k| 512.1 |   429M |  65 |1076 |3072 |2854 | 263k|  0 |  34k|  17 | 0.000000e+00 |      --      |    Inf |   4.64%
 2003s| 29400 |  4192 | 15076k| 512.7 |   429M |  65 |1076 |3083 |2367 | 264k|  2 |  34k|  17 | 0.000000e+00 |      --      |    Inf |   4.64%
 2017s| 29500 |  4205 | 15149k| 513.5 |   429M |  65 |1076 |3021 |3657 | 265k|  2 |  35k|  17 | 0.000000e+00 |      --      |    Inf |   4.64%
 2031s| 29600 |  4223 | 15221k| 514.2 |   429M |  65 |1076 |3026 |3676 | 265k|  1 |  35k|  17 | 0.000000e+00 |      --      |    Inf |   4.64%
 2042s| 29700 |  4223 | 15279k| 514.4 |   430M |  65 |1076 |3069 |2307 | 266k|  0 |  35k|  17 | 0.000000e+00 |      --      |    Inf |   4.64%
 2052s| 29800 |  4240 | 15336k| 514.6 |   430M |  65 |1076 |3065 |3357 | 267k|  2 |  35k|  17 | 0.000000e+00 |      --      |    Inf |   4.64%
 2063s| 29900 |  4270 | 15394k| 514.8 |   430M |  65 |1076 |3031 |2907 | 268k|  0 |  35k|  17 | 0.000000e+00 |      --      |    Inf |   4.64%
 2071s| 30000 |  4285 | 15469k| 515.6 |   430M |  65 |1076 |3054 |   0 | 269k|  0 |  35k|  17 | 0.000000e+00 |      --      |    Inf |   4.64%
 2077s| 30100 |  4271 | 15531k| 515.9 |   430M |  65 |1076 |3026 |2897 | 269k|  0 |  35k|  17 | 0.000000e+00 |      --      |    Inf |   4.65%
 time | node  | left  |LP iter|LP it/n|mem/heur|mdpt |vars |cons |rows |cuts |sepa|confs|strbr|  dualbound   | primalbound  |  gap   | compl. 
 2083s| 30200 |  4280 | 15603k| 516.6 |   431M |  65 |1076 |2965 |3123 | 270k|  2 |  35k|  17 | 0.000000e+00 |      --      |    Inf |   4.65%
 2088s| 30300 |  4282 | 15668k| 517.0 |   431M |  65 |1076 |2967 |3285 | 270k|  2 |  36k|  17 | 0.000000e+00 |      --      |    Inf |   4.65%
 2094s| 30400 |  4284 | 15737k| 517.6 |   431M |  65 |1076 |3022 |2561 | 271k|  2 |  36k|  17 | 0.000000e+00 |      --      |    Inf |   4.65%
 2101s| 30500 |  4286 | 15811k| 518.3 |   431M |  65 |1076 |2977 |3388 | 272k|  0 |  36k|  17 | 0.000000e+00 |      --      |    Inf |   4.65%
 2107s| 30600 |  4284 | 15882k| 519.0 |   431M |  65 |1076 |3022 |2686 | 273k|  2 |  36k|  17 | 0.000000e+00 |      --      |    Inf |   4.65%
 2112s| 30700 |  4278 | 15943k| 519.3 |   431M |  65 |1076 |2997 |3736 | 273k|  1 |  36k|  17 | 0.000000e+00 |      --      |    Inf |   5.04%
 2117s| 30800 |  4276 | 16000k| 519.4 |   431M |  65 |1076 |3057 |2677 | 274k|  0 |  36k|  17 | 0.000000e+00 |      --      |    Inf |   5.04%
 2130s| 30900 |  4297 | 16087k| 520.6 |   432M |  65 |1076 |3053 |3884 | 274k|  0 |  36k|  17 | 0.000000e+00 |      --      |    Inf |   5.04%
 2141s| 31000 |  4308 | 16142k| 520.7 |   432M |  65 |1076 |3124 |3542 | 275k|  1 |  37k|  17 | 0.000000e+00 |      --      |    Inf |   5.04%
 2153s| 31100 |  4325 | 16203k| 520.9 |   432M |  65 |1076 |3139 |3212 | 275k|  0 |  37k|  17 | 0.000000e+00 |      --      |    Inf |   5.05%
 2164s| 31200 |  4326 | 16260k| 521.1 |   432M |  65 |1076 |3137 |2982 | 276k|  2 |  37k|  17 | 0.000000e+00 |      --      |    Inf |   5.05%
 2176s| 31300 |  4316 | 16319k| 521.3 |   432M |  65 |1076 |3086 |3252 | 276k|  2 |  37k|  17 | 0.000000e+00 |      --      |    Inf |   5.05%
 2186s| 31400 |  4307 | 16375k| 521.4 |   432M |  65 |1076 |3148 |3412 | 277k|  0 |  37k|  17 | 0.000000e+00 |      --      |    Inf |   5.05%
 2198s| 31500 |  4325 | 16439k| 521.8 |   432M |  65 |1076 |3182 |2589 | 278k|  2 |  37k|  17 | 0.000000e+00 |      --      |    Inf |   5.05%
 2209s| 31600 |  4339 | 16498k| 522.0 |   432M |  65 |1076 |3286 |2713 | 279k|  0 |  37k|  17 | 0.000000e+00 |      --      |    Inf |   5.05%
 time | node  | left  |LP iter|LP it/n|mem/heur|mdpt |vars |cons |rows |cuts |sepa|confs|strbr|  dualbound   | primalbound  |  gap   | compl. 
 2222s| 31700 |  4339 | 16572k| 522.7 |   432M |  65 |1076 |3297 |2894 | 280k|  0 |  38k|  17 | 0.000000e+00 |      --      |    Inf |   5.05%
 2236s| 31800 |  4367 | 16647k| 523.4 |   433M |  65 |1076 |3171 |2461 | 282k|  2 |  38k|  17 | 0.000000e+00 |      --      |    Inf |   5.05%
 2247s| 31900 |  4388 | 16712k| 523.8 |   433M |  65 |1076 |3157 |2258 | 283k|  2 |  38k|  17 | 0.000000e+00 |      --      |    Inf |   5.05%
 2261s| 32000 |  4415 | 16794k| 524.8 |   433M |  65 |1076 |3232 |3199 | 286k|  0 |  38k|  17 | 0.000000e+00 |      --      |    Inf |   5.05%
 2274s| 32100 |  4440 | 16863k| 525.3 |   433M |  65 |1076 |3119 |3396 | 286k|  2 |  38k|  17 | 0.000000e+00 |      --      |    Inf |   5.05%
 2285s| 32200 |  4445 | 16925k| 525.6 |   433M |  65 |1076 |3202 |2659 | 287k|  0 |  38k|  17 | 0.000000e+00 |      --      |    Inf |   5.05%
 2296s| 32300 |  4442 | 16983k| 525.7 |   434M |  65 |1076 |3145 |2548 | 288k|  0 |  38k|  17 | 0.000000e+00 |      --      |    Inf |   5.05%
 2307s| 32400 |  4442 | 17049k| 526.1 |   434M |  65 |1076 |3111 |3366 | 289k|  2 |  38k|  17 | 0.000000e+00 |      --      |    Inf |   5.06%
 2318s| 32500 |  4473 | 17117k| 526.6 |   434M |  65 |1076 |3213 |2549 | 291k|  2 |  38k|  17 | 0.000000e+00 |      --      |    Inf |   5.06%
 2330s| 32600 |  4487 | 17184k| 527.1 |   434M |  65 |1076 |3331 |2721 | 292k|  0 |  39k|  17 | 0.000000e+00 |      --      |    Inf |   5.06%
 2342s| 32700 |  4493 | 17250k| 527.5 |   434M |  65 |1076 |3316 |2672 | 293k|  0 |  39k|  17 | 0.000000e+00 |      --      |    Inf |   5.06%
 2355s| 32800 |  4505 | 17320k| 528.0 |   434M |  65 |1076 |3269 |3254 | 294k|  1 |  39k|  17 | 0.000000e+00 |      --      |    Inf |   5.06%
 2365s| 32900 |  4519 | 17368k| 527.9 |   434M |  65 |1076 |3337 |3757 | 295k|  0 |  39k|  17 | 0.000000e+00 |      --      |    Inf |   5.06%
 2372s| 33000 |  4511 | 17406k| 527.4 |   434M |  65 |1076 |3342 |3175 | 295k|  2 |  39k|  17 | 0.000000e+00 |      --      |    Inf |   5.06%
 2379s| 33100 |  4513 | 17443k| 526.9 |   435M |  65 |1076 |3412 |2963 | 295k|  2 |  39k|  17 | 0.000000e+00 |      --      |    Inf |   5.06%
 time | node  | left  |LP iter|LP it/n|mem/heur|mdpt |vars |cons |rows |cuts |sepa|confs|strbr|  dualbound   | primalbound  |  gap   | compl. 
 2384s| 33200 |  4522 | 17473k| 526.2 |   435M |  65 |1076 |3481 |3406 | 295k|  1 |  39k|  17 | 0.000000e+00 |      --      |    Inf |   5.06%
 2390s| 33300 |  4534 | 17505k| 525.6 |   435M |  65 |1076 |3542 |   0 | 296k|  0 |  40k|  17 | 0.000000e+00 |      --      |    Inf |   5.06%
 2397s| 33400 |  4532 | 17539k| 525.1 |   435M |  65 |1076 |3580 |3150 | 296k|  0 |  40k|  17 | 0.000000e+00 |      --      |    Inf |   5.06%
 2404s| 33500 |  4533 | 17582k| 524.8 |   435M |  65 |1076 |3564 |2607 | 296k|  2 |  40k|  17 | 0.000000e+00 |      --      |    Inf |   5.07%
 2410s| 33600 |  4556 | 17611k| 524.1 |   435M |  65 |1076 |3404 |2946 | 297k|  0 |  40k|  17 | 0.000000e+00 |      --      |    Inf |   5.07%
 2415s| 33700 |  4559 | 17642k| 523.5 |   435M |  65 |1076 |3301 |2479 | 297k|  2 |  40k|  17 | 0.000000e+00 |      --      |    Inf |   5.07%
 2421s| 33800 |  4562 | 17674k| 522.8 |   435M |  65 |1076 |3411 |3857 | 297k|  1 |  40k|  17 | 0.000000e+00 |      --      |    Inf |   5.07%
 2428s| 33900 |  4550 | 17713k| 522.5 |   437M |  65 |1076 |3478 |2747 | 298k|  0 |  40k|  17 | 0.000000e+00 |      --      |    Inf |   5.07%
 2433s| 34000 |  4566 | 17740k| 521.7 |   437M |  65 |1076 |3430 |2733 | 298k|  0 |  40k|  17 | 0.000000e+00 |      --      |    Inf |   5.07%
 2437s| 34100 |  4562 | 17763k| 520.9 |   437M |  65 |1076 |3527 |2757 | 298k|  0 |  41k|  17 | 0.000000e+00 |      --      |    Inf |   5.07%
 2443s| 34200 |  4554 | 17794k| 520.2 |   437M |  65 |1076 |3539 |2730 | 298k|  2 |  41k|  17 | 0.000000e+00 |      --      |    Inf |   5.07%
 2447s| 34300 |  4595 | 17818k| 519.4 |   437M |  65 |1076 |3470 |2535 | 299k|  1 |  41k|  17 | 0.000000e+00 |      --      |    Inf |   5.07%
 2451s| 34400 |  4615 | 17841k| 518.6 |   437M |  65 |1076 |3558 |3066 | 299k|  1 |  41k|  17 | 0.000000e+00 |      --      |    Inf |   5.07%
 2455s| 34500 |  4630 | 17860k| 517.6 |   437M |  65 |1076 |3656 |   0 | 300k|  0 |  41k|  17 | 0.000000e+00 |      --      |    Inf |   5.07%
 2459s| 34600 |  4637 | 17883k| 516.8 |   437M |  65 |1076 |3784 |2641 | 300k|  0 |  41k|  17 | 0.000000e+00 |      --      |    Inf |   5.07%
 time | node  | left  |LP iter|LP it/n|mem/heur|mdpt |vars |cons |rows |cuts |sepa|confs|strbr|  dualbound   | primalbound  |  gap   | compl. 
 2464s| 34700 |  4638 | 17912k| 516.1 |   437M |  65 |1076 |3887 |3098 | 301k|  0 |  41k|  17 | 0.000000e+00 |      --      |    Inf |   5.07%
 2474s| 34800 |  4654 | 17972k| 516.4 |   437M |  65 |1076 |3932 |2837 | 302k|  0 |  41k|  17 | 0.000000e+00 |      --      |    Inf |   5.07%
 2484s| 34900 |  4693 | 18031k| 516.6 |   437M |  65 |1076 |3965 |2852 | 304k|  2 |  42k|  17 | 0.000000e+00 |      --      |    Inf |   5.07%
 2488s| 35000 |  4686 | 18077k| 516.4 |   438M |  65 |1076 |4098 |2967 | 304k|  0 |  42k|  17 | 0.000000e+00 |      --      |    Inf |   5.07%
 2493s| 35100 |  4695 | 18133k| 516.6 |   438M |  65 |1076 |4139 |2766 | 305k|  2 |  42k|  17 | 0.000000e+00 |      --      |    Inf |   5.07%
 2498s| 35200 |  4705 | 18184k| 516.5 |   438M |  65 |1076 |4199 |2767 | 306k|  0 |  42k|  17 | 0.000000e+00 |      --      |    Inf |   5.07%
 2508s| 35300 |  4711 | 18240k| 516.6 |   438M |  65 |1076 |4203 |   0 | 307k|  0 |  42k|  17 | 0.000000e+00 |      --      |    Inf |   5.07%
 2516s| 35400 |  4713 | 18289k| 516.6 |   438M |  65 |1076 |4189 |2845 | 308k|  2 |  42k|  17 | 0.000000e+00 |      --      |    Inf |   5.07%
 2525s| 35500 |  4716 | 18337k| 516.5 |   438M |  65 |1076 |4185 |3519 | 308k|  0 |  42k|  17 | 0.000000e+00 |      --      |    Inf |   5.07%
 2534s| 35600 |  4726 | 18385k| 516.4 |   438M |  65 |1076 |4196 |3532 | 308k|  1 |  42k|  17 | 0.000000e+00 |      --      |    Inf |   5.07%
 2543s| 35700 |  4721 | 18431k| 516.2 |   438M |  65 |1076 |4241 |2959 | 309k|  0 |  43k|  17 | 0.000000e+00 |      --      |    Inf |   5.07%
 2550s| 35800 |  4718 | 18471k| 515.9 |   438M |  65 |1076 |4331 |3525 | 309k|  1 |  43k|  17 | 0.000000e+00 |      --      |    Inf |   5.07%
 2560s| 35900 |  4708 | 18526k| 516.0 |   438M |  65 |1076 |4261 |2849 | 310k|  0 |  43k|  17 | 0.000000e+00 |      --      |    Inf |   5.07%
 2572s| 36000 |  4708 | 18587k| 516.3 |   440M |  65 |1076 |4146 |3698 | 311k|  0 |  43k|  17 | 0.000000e+00 |      --      |    Inf |   5.08%
 2585s| 36100 |  4718 | 18655k| 516.7 |   440M |  65 |1076 |3875 |2323 | 312k|  0 |  43k|  17 | 0.000000e+00 |      --      |    Inf |   5.08%
 time | node  | left  |LP iter|LP it/n|mem/heur|mdpt |vars |cons |rows |cuts |sepa|confs|strbr|  dualbound   | primalbound  |  gap   | compl. 
 2601s| 36200 |  4730 | 18731k| 517.4 |   440M |  65 |1076 |3751 |2637 | 313k|  2 |  43k|  17 | 0.000000e+00 |      --      |    Inf |   5.08%
 2612s| 36300 |  4753 | 18788k| 517.5 |   440M |  65 |1076 |3638 |2856 | 313k|  2 |  43k|  17 | 0.000000e+00 |      --      |    Inf |   5.08%
 2623s| 36400 |  4773 | 18849k| 517.8 |   440M |  65 |1076 |3505 |3016 | 314k|  0 |  43k|  17 | 0.000000e+00 |      --      |    Inf |   5.08%
 2637s| 36500 |  4794 | 18920k| 518.3 |   440M |  65 |1076 |3411 |3072 | 315k|  2 |  43k|  17 | 0.000000e+00 |      --      |    Inf |   5.08%
 2648s| 36600 |  4802 | 18976k| 518.4 |   440M |  65 |1076 |3398 |2584 | 316k|  0 |  44k|  17 | 0.000000e+00 |      --      |    Inf |   5.08%
 2660s| 36700 |  4815 | 19040k| 518.8 |   441M |  65 |1076 |3309 |2803 | 317k|  2 |  44k|  17 | 0.000000e+00 |      --      |    Inf |   5.15%
 2673s| 36800 |  4834 | 19110k| 519.2 |   441M |  65 |1076 |3285 |3798 | 318k|  1 |  44k|  17 | 0.000000e+00 |      --      |    Inf |   5.15%
 2685s| 36900 |  4839 | 19168k| 519.4 |   441M |  65 |1076 |3363 |3025 | 319k|  0 |  44k|  17 | 0.000000e+00 |      --      |    Inf |   5.15%
 2696s| 37000 |  4854 | 19229k| 519.6 |   441M |  65 |1076 |3423 |3271 | 320k|  0 |  44k|  17 | 0.000000e+00 |      --      |    Inf |   5.15%
 2706s| 37100 |  4851 | 19279k| 519.6 |   441M |  65 |1076 |3441 |2687 | 320k|  2 |  44k|  17 | 0.000000e+00 |      --      |    Inf |   5.15%
 2716s| 37200 |  4860 | 19330k| 519.6 |   441M |  65 |1076 |3382 |2839 | 321k|  3 |  44k|  17 | 0.000000e+00 |      --      |    Inf |   5.16%
 2728s| 37300 |  4864 | 19394k| 519.9 |   441M |  65 |1076 |3406 |3505 | 321k|  2 |  44k|  17 | 0.000000e+00 |      --      |    Inf |   5.16%
 2740s| 37400 |  4860 | 19452k| 520.0 |   441M |  65 |1076 |3492 |3350 | 322k|  0 |  45k|  17 | 0.000000e+00 |      --      |    Inf |   5.16%
 2755s| 37500 |  4884 | 19526k| 520.6 |   441M |  65 |1076 |3534 |3967 | 322k|  1 |  45k|  17 | 0.000000e+00 |      --      |    Inf |   5.16%
 2767s| 37600 |  4897 | 19581k| 520.7 |   441M |  65 |1076 |3608 |2387 | 322k|  1 |  45k|  17 | 0.000000e+00 |      --      |    Inf |   5.16%
 time | node  | left  |LP iter|LP it/n|mem/heur|mdpt |vars |cons |rows |cuts |sepa|confs|strbr|  dualbound   | primalbound  |  gap   | compl. 
 2775s| 37700 |  4893 | 19626k| 520.5 |   441M |  65 |1076 |3596 |3510 | 323k|  2 |  45k|  17 | 0.000000e+00 |      --      |    Inf |   5.16%
 2785s| 37800 |  4899 | 19676k| 520.5 |   441M |  65 |1076 |3584 |2649 | 323k|  2 |  45k|  17 | 0.000000e+00 |      --      |    Inf |   5.16%
 2791s| 37900 |  4918 | 19708k| 519.9 |   442M |  65 |1076 |3479 |3287 | 323k|  0 |  45k|  17 | 0.000000e+00 |      --      |    Inf |   5.17%
 2797s| 38000 |  4920 | 19742k| 519.5 |   442M |  65 |1076 |3501 |3615 | 324k|  0 |  45k|  17 | 0.000000e+00 |      --      |    Inf |   5.17%
 2803s| 38100 |  4940 | 19772k| 518.9 |   442M |  65 |1076 |3492 |2378 | 324k|  2 |  46k|  17 | 0.000000e+00 |      --      |    Inf |   5.17%
 2808s| 38200 |  4936 | 19801k| 518.3 |   442M |  65 |1076 |3429 |3385 | 324k|  0 |  46k|  17 | 0.000000e+00 |      --      |    Inf |   5.17%
 2815s| 38300 |  4958 | 19836k| 517.9 |   442M |  65 |1076 |3452 |3713 | 325k|  2 |  46k|  17 | 0.000000e+00 |      --      |    Inf |   5.17%
 2819s| 38400 |  4972 | 19860k| 517.1 |   442M |  65 |1076 |3574 |3735 | 325k|  1 |  46k|  17 | 0.000000e+00 |      --      |    Inf |   5.17%
 2826s| 38500 |  4967 | 19895k| 516.7 |   442M |  65 |1076 |3576 |2988 | 325k|  0 |  46k|  17 | 0.000000e+00 |      --      |    Inf |   5.17%
 2832s| 38600 |  4969 | 19926k| 516.2 |   442M |  65 |1076 |3528 |2406 | 326k|  2 |  46k|  17 | 0.000000e+00 |      --      |    Inf |   5.17%
 2837s| 38700 |  4982 | 19952k| 515.5 |   443M |  65 |1076 |3540 |3734 | 326k|  0 |  46k|  17 | 0.000000e+00 |      --      |    Inf |   5.17%
 2846s| 38800 |  4996 | 19997k| 515.3 |   443M |  65 |1076 |3549 |3679 | 326k|  2 |  46k|  17 | 0.000000e+00 |      --      |    Inf |   5.17%
 2860s| 38900 |  4990 | 20066k| 515.8 |   443M |  65 |1076 |3605 |3773 | 327k|  0 |  47k|  17 | 0.000000e+00 |      --      |    Inf |   5.17%
 2872s| 39000 |  4994 | 20126k| 516.0 |   443M |  65 |1076 |3674 |4019 | 327k|  1 |  47k|  17 | 0.000000e+00 |      --      |    Inf |   5.17%
 2882s| 39100 |  5004 | 20180k| 516.1 |   443M |  65 |1076 |3664 |2422 | 328k|  2 |  47k|  17 | 0.000000e+00 |      --      |    Inf |   5.17%
 time | node  | left  |LP iter|LP it/n|mem/heur|mdpt |vars |cons |rows |cuts |sepa|confs|strbr|  dualbound   | primalbound  |  gap   | compl. 
 2894s| 39200 |  5000 | 20244k| 516.4 |   443M |  65 |1076 |3628 |2413 | 329k|  2 |  47k|  17 | 0.000000e+00 |      --      |    Inf |   5.17%
 2900s| 39300 |  5018 | 20300k| 516.5 |   443M |  65 |1076 |3624 |4101 | 329k|  1 |  47k|  17 | 0.000000e+00 |      --      |    Inf |   5.17%
 2905s| 39400 |  5021 | 20358k| 516.6 |   443M |  65 |1076 |3577 |3791 | 330k|  0 |  47k|  17 | 0.000000e+00 |      --      |    Inf |   5.21%
 2919s| 39500 |  5037 | 20429k| 517.1 |   443M |  65 |1076 |3355 |2336 | 330k|  0 |  47k|  17 | 0.000000e+00 |      --      |    Inf |   5.22%
 2934s| 39600 |  5054 | 20501k| 517.7 |   443M |  65 |1076 |3364 |3125 | 331k|  2 |  48k|  17 | 0.000000e+00 |      --      |    Inf |   5.22%
 2952s| 39700 |  5054 | 20590k| 518.6 |   444M |  65 |1076 |3435 |3515 | 331k|  2 |  48k|  17 | 0.000000e+00 |      --      |    Inf |   5.22%
 2965s| 39800 |  5049 | 20658k| 519.0 |   444M |  65 |1076 |3444 |3392 | 332k|  1 |  48k|  17 | 0.000000e+00 |      --      |    Inf |   5.22%
 2975s| 39900 |  5046 | 20711k| 519.0 |   444M |  65 |1076 |3412 |2943 | 332k|  0 |  48k|  17 | 0.000000e+00 |      --      |    Inf |   5.22%
 2983s| 40000 |  5061 | 20756k| 518.9 |   444M |  65 |1076 |3495 |3405 | 334k|  2 |  48k|  17 | 0.000000e+00 |      --      |    Inf |   5.22%
 2995s| 40100 |  5069 | 20821k| 519.2 |   444M |  65 |1076 |3480 |4015 | 334k|  1 |  48k|  17 | 0.000000e+00 |      --      |    Inf |   5.22%
 3009s| 40200 |  5092 | 20893k| 519.7 |   444M |  65 |1076 |3434 |4160 | 335k|  0 |  48k|  17 | 0.000000e+00 |      --      |    Inf |   5.22%
 3022s| 40300 |  5105 | 20957k| 520.0 |   444M |  65 |1076 |3482 |2883 | 335k|  0 |  48k|  17 | 0.000000e+00 |      --      |    Inf |   5.22%
 3034s| 40400 |  5112 | 21024k| 520.4 |   444M |  65 |1076 |3547 |2861 | 336k|  2 |  49k|  17 | 0.000000e+00 |      --      |    Inf |   5.22%
 3047s| 40500 |  5115 | 21092k| 520.7 |   446M |  65 |1076 |3542 |2861 | 337k|  0 |  49k|  17 | 0.000000e+00 |      --      |    Inf |   5.22%
 3058s| 40600 |  5132 | 21151k| 520.9 |   446M |  65 |1076 |3483 |2518 | 338k|  2 |  49k|  17 | 0.000000e+00 |      --      |    Inf |   5.22%
 time | node  | left  |LP iter|LP it/n|mem/heur|mdpt |vars |cons |rows |cuts |sepa|confs|strbr|  dualbound   | primalbound  |  gap   | compl. 
 3064s| 40700 |  5160 | 21211k| 521.1 |   446M |  65 |1076 |3512 |3555 | 339k|  1 |  49k|  17 | 0.000000e+00 |      --      |    Inf |   5.22%
 3071s| 40800 |  5187 | 21274k| 521.4 |   446M |  65 |1076 |3455 |2795 | 340k|  0 |  49k|  17 | 0.000000e+00 |      --      |    Inf |   5.22%
 3080s| 40900 |  5219 | 21333k| 521.6 |   447M |  65 |1076 |3384 |2513 | 341k|  2 |  49k|  17 | 0.000000e+00 |      --      |    Inf |   5.23%
 3088s| 41000 |  5227 | 21389k| 521.6 |   447M |  65 |1076 |3372 |2713 | 342k|  2 |  49k|  17 | 0.000000e+00 |      --      |    Inf |   5.23%
 3092s| 41100 |  5234 | 21433k| 521.4 |   448M |  65 |1076 |3468 |3699 | 342k|  1 |  49k|  17 | 0.000000e+00 |      --      |    Inf |   5.23%
 3102s| 41200 |  5242 | 21494k| 521.7 |   448M |  65 |1076 |3516 |3803 | 342k|  0 |  50k|  17 | 0.000000e+00 |      --      |    Inf |   5.23%
 3111s| 41300 |  5243 | 21557k| 521.9 |   448M |  65 |1076 |3415 |2621 | 343k|  0 |  50k|  17 | 0.000000e+00 |      --      |    Inf |   5.33%
 3117s| 41400 |  5259 | 21634k| 522.5 |   448M |  65 |1076 |3287 |3777 | 344k|  2 |  50k|  17 | 0.000000e+00 |      --      |    Inf |   5.33%
 3122s| 41500 |  5256 | 21694k| 522.7 |   448M |  65 |1076 |3200 |3672 | 345k|  0 |  50k|  17 | 0.000000e+00 |      --      |    Inf |   5.33%
 3128s| 41600 |  5268 | 21770k| 523.3 |   448M |  65 |1076 |3181 |4410 | 346k|  2 |  50k|  17 | 0.000000e+00 |      --      |    Inf |   5.33%
 3133s| 41700 |  5293 | 21825k| 523.3 |   448M |  65 |1076 |3217 |2589 | 347k|  2 |  50k|  17 | 0.000000e+00 |      --      |    Inf |   5.33%
 3138s| 41800 |  5294 | 21886k| 523.5 |   448M |  65 |1076 |3294 |3983 | 348k|  0 |  50k|  17 | 0.000000e+00 |      --      |    Inf |   5.33%
 3142s| 41900 |  5300 | 21945k| 523.7 |   449M |  65 |1076 |3270 |2713 | 349k|  2 |  50k|  17 | 0.000000e+00 |      --      |    Inf |   5.33%
 3147s| 42000 |  5300 | 22002k| 523.8 |   449M |  65 |1076 |3113 |3304 | 350k|  2 |  51k|  17 | 0.000000e+00 |      --      |    Inf |   5.33%
 3152s| 42100 |  5303 | 22057k| 523.9 |   449M |  65 |1076 |3137 |3665 | 350k|  1 |  51k|  17 | 0.000000e+00 |      --      |    Inf |   5.33%
 time | node  | left  |LP iter|LP it/n|mem/heur|mdpt |vars |cons |rows |cuts |sepa|confs|strbr|  dualbound   | primalbound  |  gap   | compl. 
 3157s| 42200 |  5308 | 22111k| 523.9 |   449M |  65 |1076 |3149 |3207 | 351k|  3 |  51k|  17 | 0.000000e+00 |      --      |    Inf |   5.33%
 3163s| 42300 |  5314 | 22179k| 524.3 |   449M |  65 |1076 |3117 |   0 | 351k|  0 |  51k|  17 | 0.000000e+00 |      --      |    Inf |   5.33%
 3168s| 42400 |  5309 | 22239k| 524.5 |   449M |  65 |1076 |3022 |3957 | 352k|  0 |  51k|  17 | 0.000000e+00 |      --      |    Inf |   5.36%
 3175s| 42500 |  5344 | 22307k| 524.8 |   449M |  65 |1076 |3046 |3961 | 352k|  1 |  51k|  17 | 0.000000e+00 |      --      |    Inf |   5.36%
 3178s| 42600 |  5351 | 22344k| 524.5 |   449M |  65 |1076 |3220 |3961 | 352k|  0 |  51k|  17 | 0.000000e+00 |      --      |    Inf |   5.36%
 3182s| 42700 |  5350 | 22383k| 524.1 |   449M |  65 |1076 |3340 |3957 | 352k|  0 |  52k|  17 | 0.000000e+00 |      --      |    Inf |   5.36%
 3186s| 42800 |  5352 | 22428k| 524.0 |   449M |  65 |1076 |3486 |3960 | 352k|  0 |  52k|  17 | 0.000000e+00 |      --      |    Inf |   5.36%
 3191s| 42900 |  5362 | 22488k| 524.1 |   449M |  65 |1076 |3402 |2829 | 353k|  2 |  52k|  17 | 0.000000e+00 |      --      |    Inf |   5.36%
 3196s| 43000 |  5358 | 22553k| 524.4 |   450M |  65 |1076 |3327 |3540 | 353k|  0 |  52k|  17 | 0.000000e+00 |      --      |    Inf |   5.36%
 3201s| 43100 |  5370 | 22608k| 524.5 |   450M |  65 |1076 |3337 |2877 | 354k|  0 |  52k|  17 | 0.000000e+00 |      --      |    Inf |   5.36%
 3205s| 43200 |  5374 | 22660k| 524.5 |   450M |  65 |1076 |3373 |3414 | 354k|  2 |  52k|  17 | 0.000000e+00 |      --      |    Inf |   5.36%
 3210s| 43300 |  5376 | 22724k| 524.8 |   450M |  65 |1076 |3426 |3390 | 355k|  0 |  53k|  17 | 0.000000e+00 |      --      |    Inf |   5.36%
 3215s| 43400 |  5385 | 22775k| 524.7 |   451M |  65 |1076 |3394 |3540 | 355k|  2 |  53k|  17 | 0.000000e+00 |      --      |    Inf |   5.36%
 3222s| 43500 |  5410 | 22862k| 525.5 |   451M |  65 |1076 |3233 |2440 | 356k|  0 |  53k|  17 | 0.000000e+00 |      --      |    Inf |   5.36%
 3227s| 43600 |  5408 | 22919k| 525.6 |   451M |  65 |1076 |3127 |2964 | 357k|  0 |  53k|  17 | 0.000000e+00 |      --      |    Inf |   5.36%
 time | node  | left  |LP iter|LP it/n|mem/heur|mdpt |vars |cons |rows |cuts |sepa|confs|strbr|  dualbound   | primalbound  |  gap   | compl. 
 3233s| 43700 |  5420 | 22980k| 525.8 |   451M |  65 |1076 |3223 |4138 | 357k|  1 |  53k|  17 | 0.000000e+00 |      --      |    Inf |   5.36%
 3239s| 43800 |  5417 | 23050k| 526.2 |   451M |  65 |1076 |3171 |3783 | 358k|  1 |  53k|  17 | 0.000000e+00 |      --      |    Inf |   5.37%
 3244s| 43900 |  5427 | 23114k| 526.5 |   451M |  65 |1076 |3208 |3172 | 358k|  2 |  53k|  17 | 0.000000e+00 |      --      |    Inf |   5.37%
 3250s| 44000 |  5440 | 23179k| 526.8 |   451M |  65 |1076 |3231 |2476 | 359k|  2 |  53k|  17 | 0.000000e+00 |      --      |    Inf |   5.37%
 3255s| 44100 |  5451 | 23245k| 527.1 |   451M |  65 |1076 |3143 |2994 | 360k|  0 |  54k|  17 | 0.000000e+00 |      --      |    Inf |   5.37%
 3262s| 44200 |  5472 | 23326k| 527.7 |   453M |  65 |1076 |3047 |4020 | 362k|  1 |  54k|  17 | 0.000000e+00 |      --      |    Inf |   5.37%
 3268s| 44300 |  5475 | 23402k| 528.2 |   453M |  65 |1076 |3060 |2866 | 363k|  0 |  54k|  17 | 0.000000e+00 |      --      |    Inf |   5.37%
 3275s| 44400 |  5495 | 23477k| 528.7 |   453M |  65 |1076 |2926 |2879 | 364k|  3 |  54k|  17 | 0.000000e+00 |      --      |    Inf |   5.37%
 3279s| 44500 |  5513 | 23529k| 528.7 |   454M |  65 |1076 |2915 |3768 | 365k|  1 |  54k|  17 | 0.000000e+00 |      --      |    Inf |   5.37%
 3284s| 44600 |  5495 | 23587k| 528.8 |   454M |  65 |1076 |2958 |3424 | 365k|  2 |  54k|  17 | 0.000000e+00 |      --      |    Inf |   5.38%
 3289s| 44700 |  5489 | 23639k| 528.8 |   454M |  65 |1076 |2948 |   0 | 366k|  0 |  54k|  17 | 0.000000e+00 |      --      |    Inf |   5.38%
 3294s| 44800 |  5497 | 23699k| 529.0 |   454M |  65 |1076 |2910 |3482 | 366k|  0 |  54k|  17 | 0.000000e+00 |      --      |    Inf |   5.38%
 3299s| 44900 |  5488 | 23759k| 529.1 |   454M |  65 |1076 |3007 |4116 | 367k|  0 |  55k|  17 | 0.000000e+00 |      --      |    Inf |   5.38%
 3304s| 45000 |  5500 | 23815k| 529.2 |   455M |  65 |1076 |3125 |3969 | 367k|  0 |  55k|  17 | 0.000000e+00 |      --      |    Inf |   5.38%
 3309s| 45100 |  5506 | 23867k| 529.2 |   455M |  65 |1076 |3255 |3966 | 367k|  0 |  55k|  17 | 0.000000e+00 |      --      |    Inf |   5.38%
 time | node  | left  |LP iter|LP it/n|mem/heur|mdpt |vars |cons |rows |cuts |sepa|confs|strbr|  dualbound   | primalbound  |  gap   | compl. 
 3314s| 45200 |  5496 | 23925k| 529.3 |   456M |  65 |1076 |3325 |2598 | 367k|  2 |  55k|  17 | 0.000000e+00 |      --      |    Inf |   5.38%
 3321s| 45300 |  5550 | 24007k| 529.9 |   456M |  65 |1076 |3305 |3613 | 368k|  2 |  55k|  17 | 0.000000e+00 |      --      |    Inf |   5.38%
 3326s| 45400 |  5566 | 24064k| 530.0 |   456M |  65 |1076 |3389 |3613 | 368k|  2 |  55k|  17 | 0.000000e+00 |      --      |    Inf |   5.38%
 3338s| 45500 |  5580 | 24121k| 530.1 |   456M |  65 |1076 |3390 |3431 | 368k|  2 |  55k|  17 | 0.000000e+00 |      --      |    Inf |   5.38%
 3350s| 45600 |  5571 | 24181k| 530.2 |   456M |  65 |1076 |3359 |2905 | 368k|  0 |  56k|  17 | 0.000000e+00 |      --      |    Inf |   5.38%
 3361s| 45700 |  5584 | 24239k| 530.4 |   457M |  65 |1076 |3342 |2586 | 369k|  2 |  56k|  17 | 0.000000e+00 |      --      |    Inf |   5.38%
 3372s| 45800 |  5599 | 24302k| 530.6 |   457M |  65 |1076 |3285 |2936 | 370k|  2 |  56k|  17 | 0.000000e+00 |      --      |    Inf |   5.38%
 3384s| 45900 |  5586 | 24364k| 530.8 |   460M |  65 |1076 |3374 |2914 | 370k|  0 |  56k|  17 | 0.000000e+00 |      --      |    Inf |   5.38%
 3390s| 46000 |  5597 | 24404k| 530.5 |   460M |  65 |1076 |3431 |3797 | 371k|  1 |  56k|  17 | 0.000000e+00 |      --      |    Inf |   5.38%
 3393s| 46100 |  5606 | 24439k| 530.1 |   460M |  65 |1076 |3379 |2303 | 371k|  2 |  56k|  17 | 0.000000e+00 |      --      |    Inf |   5.39%
 3396s| 46200 |  5614 | 24470k| 529.6 |   460M |  65 |1076 |3259 |2839 | 371k|  0 |  56k|  17 | 0.000000e+00 |      --      |    Inf |   5.39%
 3398s| 46300 |  5620 | 24505k| 529.2 |   460M |  65 |1076 |3277 |2789 | 372k|  0 |  56k|  17 | 0.000000e+00 |      --      |    Inf |   5.39%
 3400s| 46400 |  5634 | 24529k| 528.6 |   460M |  65 |1076 |3223 |2669 | 372k|  0 |  57k|  17 | 0.000000e+00 |      --      |    Inf |   5.39%
 3403s| 46500 |  5626 | 24556k| 528.1 |   460M |  65 |1076 |3214 |3961 | 372k|  1 |  57k|  17 | 0.000000e+00 |      --      |    Inf |   5.39%
 3405s| 46600 |  5633 | 24585k| 527.5 |   461M |  65 |1076 |3369 |3961 | 372k|  1 |  57k|  17 | 0.000000e+00 |      --      |    Inf |   5.39%
 time | node  | left  |LP iter|LP it/n|mem/heur|mdpt |vars |cons |rows |cuts |sepa|confs|strbr|  dualbound   | primalbound  |  gap   | compl. 
 3408s| 46700 |  5643 | 24619k| 527.1 |   461M |  65 |1076 |3343 |3159 | 373k|  0 |  57k|  17 | 0.000000e+00 |      --      |    Inf |   5.42%
 3410s| 46800 |  5624 | 24652k| 526.7 |   461M |  65 |1076 |3318 |2675 | 373k|  0 |  57k|  17 | 0.000000e+00 |      --      |    Inf |   5.42%
 3413s| 46900 |  5620 | 24684k| 526.3 |   461M |  65 |1076 |3343 |3628 | 374k|  1 |  57k|  17 | 0.000000e+00 |      --      |    Inf |   5.43%
 3415s| 47000 |  5624 | 24714k| 525.8 |   461M |  65 |1076 |3271 |2323 | 374k|  2 |  57k|  17 | 0.000000e+00 |      --      |    Inf |   5.43%
 3418s| 47100 |  5637 | 24746k| 525.4 |   461M |  65 |1076 |3274 |2675 | 374k|  0 |  58k|  17 | 0.000000e+00 |      --      |    Inf |   5.43%
 3420s| 47200 |  5632 | 24775k| 524.9 |   461M |  65 |1076 |3351 |3221 | 375k|  1 |  58k|  17 | 0.000000e+00 |      --      |    Inf |   5.43%
 3423s| 47300 |  5636 | 24805k| 524.4 |   462M |  65 |1076 |3301 |2899 | 375k|  2 |  58k|  17 | 0.000000e+00 |      --      |    Inf |   5.43%
 3425s| 47400 |  5644 | 24832k| 523.8 |   462M |  65 |1076 |3290 |3588 | 375k|  0 |  58k|  17 | 0.000000e+00 |      --      |    Inf |   5.43%
 3427s| 47500 |  5646 | 24864k| 523.4 |   462M |  65 |1076 |3275 |2947 | 376k|  1 |  58k|  17 | 0.000000e+00 |      --      |    Inf |   5.44%
 3429s| 47600 |  5653 | 24882k| 522.7 |   462M |  65 |1076 |3277 |2698 | 376k|  1 |  58k|  17 | 0.000000e+00 |      --      |    Inf |   5.44%
 3431s| 47700 |  5661 | 24904k| 522.1 |   462M |  65 |1076 |3354 |2843 | 376k|  1 |  58k|  17 | 0.000000e+00 |      --      |    Inf |   5.44%
 3433s| 47800 |  5664 | 24928k| 521.5 |   462M |  65 |1076 |3368 |3422 | 376k|  2 |  58k|  17 | 0.000000e+00 |      --      |    Inf |   5.44%
 3435s| 47900 |  5677 | 24960k| 521.0 |   462M |  65 |1076 |3435 |3427 | 376k|  1 |  59k|  17 | 0.000000e+00 |      --      |    Inf |   5.44%
 3438s| 48000 |  5676 | 24991k| 520.6 |   463M |  65 |1076 |3532 |3439 | 376k|  0 |  59k|  17 | 0.000000e+00 |      --      |    Inf |   5.44%
 3440s| 48100 |  5676 | 25021k| 520.1 |   463M |  65 |1076 |3640 |3425 | 376k|  2 |  59k|  17 | 0.000000e+00 |      --      |    Inf |   5.44%
 time | node  | left  |LP iter|LP it/n|mem/heur|mdpt |vars |cons |rows |cuts |sepa|confs|strbr|  dualbound   | primalbound  |  gap   | compl. 
 3442s| 48200 |  5693 | 25048k| 519.6 |   463M |  65 |1076 |3597 |3614 | 377k|  2 |  59k|  17 | 0.000000e+00 |      --      |    Inf |   5.44%
 3445s| 48300 |  5700 | 25080k| 519.2 |   463M |  65 |1076 |3555 |3691 | 377k|  2 |  59k|  17 | 0.000000e+00 |      --      |    Inf |   5.44%
 3448s| 48400 |  5728 | 25111k| 518.8 |   463M |  65 |1076 |3447 |2902 | 377k|  0 |  59k|  17 | 0.000000e+00 |      --      |    Inf |   5.44%
 3450s| 48500 |  5754 | 25140k| 518.3 |   463M |  65 |1076 |3359 |3670 | 377k|  2 |  59k|  17 | 0.000000e+00 |      --      |    Inf |   5.44%
 3453s| 48600 |  5804 | 25168k| 517.8 |   463M |  65 |1076 |3417 |3680 | 377k|  1 |  59k|  17 | 0.000000e+00 |      --      |    Inf |   5.44%
 3455s| 48700 |  5805 | 25191k| 517.2 |   463M |  65 |1076 |3531 |3676 | 377k|  1 |  60k|  17 | 0.000000e+00 |      --      |    Inf |   5.44%
 3457s| 48800 |  5828 | 25221k| 516.8 |   463M |  65 |1076 |3598 |3684 | 377k|  1 |  60k|  17 | 0.000000e+00 |      --      |    Inf |   5.44%
 3460s| 48900 |  5831 | 25252k| 516.4 |   463M |  65 |1076 |3661 |3695 | 377k|  1 |  60k|  17 | 0.000000e+00 |      --      |    Inf |   5.44%
 3463s| 49000 |  5827 | 25286k| 516.0 |   463M |  65 |1076 |3740 |3687 | 378k|  0 |  60k|  17 | 0.000000e+00 |      --      |    Inf |   5.44%
 3465s| 49100 |  5829 | 25314k| 515.5 |   463M |  65 |1076 |3782 |3691 | 378k|  2 |  60k|  17 | 0.000000e+00 |      --      |    Inf |   5.44%
 3467s| 49200 |  5858 | 25336k| 514.9 |   463M |  65 |1076 |3855 |3690 | 378k|  1 |  60k|  17 | 0.000000e+00 |      --      |    Inf |   5.44%
 3469s| 49300 |  5851 | 25360k| 514.4 |   464M |  65 |1076 |3977 |3688 | 378k|  0 |  60k|  17 | 0.000000e+00 |      --      |    Inf |   5.44%
 3471s| 49400 |  5860 | 25387k| 513.9 |   464M |  65 |1076 |4076 |3703 | 378k|  0 |  60k|  17 | 0.000000e+00 |      --      |    Inf |   5.44%
 3474s| 49500 |  5866 | 25417k| 513.4 |   466M |  65 |1076 |4167 |3704 | 378k|  1 |  60k|  17 | 0.000000e+00 |      --      |    Inf |   5.44%
 3477s| 49600 |  5857 | 25450k| 513.1 |   467M |  65 |1076 |4217 |3705 | 378k|  0 |  61k|  17 | 0.000000e+00 |      --      |    Inf |   5.44%
 time | node  | left  |LP iter|LP it/n|mem/heur|mdpt |vars |cons |rows |cuts |sepa|confs|strbr|  dualbound   | primalbound  |  gap   | compl. 
 3480s| 49700 |  5865 | 25481k| 512.6 |   467M |  65 |1076 |4239 |3690 | 378k|  0 |  61k|  17 | 0.000000e+00 |      --      |    Inf |   5.44%
 3482s| 49800 |  5872 | 25511k| 512.2 |   467M |  65 |1076 |4261 |3689 | 378k|  0 |  61k|  17 | 0.000000e+00 |      --      |    Inf |   5.44%
 3484s| 49900 |  5873 | 25536k| 511.7 |   467M |  65 |1076 |4256 |3678 | 378k|  0 |  61k|  17 | 0.000000e+00 |      --      |    Inf |   5.44%
 3487s| 50000 |  5860 | 25566k| 511.3 |   467M |  65 |1076 |4171 |3706 | 378k|  2 |  61k|  17 | 0.000000e+00 |      --      |    Inf |   5.44%
 3490s| 50100 |  5862 | 25602k| 511.0 |   467M |  65 |1076 |4234 |3707 | 378k|  2 |  61k|  17 | 0.000000e+00 |      --      |    Inf |   5.44%
 3492s| 50200 |  5860 | 25626k| 510.4 |   468M |  65 |1076 |4297 |3726 | 378k|  1 |  61k|  17 | 0.000000e+00 |      --      |    Inf |   5.44%
 3494s| 50300 |  5850 | 25650k| 509.9 |   469M |  65 |1076 |4308 |   0 | 378k|  0 |  62k|  17 | 0.000000e+00 |      --      |    Inf |   5.44%
 3496s| 50400 |  5853 | 25674k| 509.4 |   469M |  65 |1076 |4306 |3691 | 378k|  1 |  62k|  17 | 0.000000e+00 |      --      |    Inf |   5.44%
 3498s| 50500 |  5843 | 25695k| 508.8 |   469M |  65 |1076 |4262 |3523 | 378k|  0 |  62k|  17 | 0.000000e+00 |      --      |    Inf |   5.44%
 3500s| 50600 |  5839 | 25728k| 508.4 |   469M |  65 |1076 |4078 |2867 | 378k|  0 |  62k|  17 | 0.000000e+00 |      --      |    Inf |   5.44%
 3503s| 50700 |  5847 | 25760k| 508.0 |   469M |  65 |1076 |3810 |3679 | 378k|  0 |  62k|  17 | 0.000000e+00 |      --      |    Inf |   5.44%
 3506s| 50800 |  5841 | 25792k| 507.7 |   469M |  65 |1076 |3687 |3965 | 378k|  0 |  62k|  17 | 0.000000e+00 |      --      |    Inf |   5.44%
 3512s| 50900 |  5843 | 25851k| 507.8 |   469M |  65 |1076 |3228 |2795 | 378k|  0 |  62k|  17 | 0.000000e+00 |      --      |    Inf |   5.44%
 3518s| 51000 |  5851 | 25914k| 508.1 |   469M |  65 |1076 |2880 |3675 | 379k|  2 |  62k|  17 | 0.000000e+00 |      --      |    Inf |   5.44%
 3522s| 51100 |  5857 | 25969k| 508.2 |   469M |  65 |1076 |2789 |3988 | 380k|  1 |  63k|  17 | 0.000000e+00 |      --      |    Inf |   5.44%
 time | node  | left  |LP iter|LP it/n|mem/heur|mdpt |vars |cons |rows |cuts |sepa|confs|strbr|  dualbound   | primalbound  |  gap   | compl. 
 3527s| 51200 |  5853 | 26023k| 508.2 |   470M |  65 |1076 |2636 |2323 | 380k|  2 |  63k|  17 | 0.000000e+00 |      --      |    Inf |   5.44%
 3531s| 51300 |  5863 | 26065k| 508.1 |   470M |  65 |1076 |2613 |3699 | 380k|  0 |  63k|  17 | 0.000000e+00 |      --      |    Inf |   5.44%
 3535s| 51400 |  5855 | 26115k| 508.0 |   470M |  65 |1076 |2420 |2776 | 381k|  2 |  63k|  17 | 0.000000e+00 |      --      |    Inf |   5.44%
 3540s| 51500 |  5858 | 26166k| 508.0 |   471M |  65 |1076 |2398 |2345 | 381k|  2 |  63k|  17 | 0.000000e+00 |      --      |    Inf |   5.44%
 3545s| 51600 |  5866 | 26232k| 508.3 |   471M |  65 |1076 |2347 |3104 | 382k|  0 |  63k|  17 | 0.000000e+00 |      --      |    Inf |   5.44%
 3551s| 51700 |  5876 | 26304k| 508.8 |   472M |  65 |1076 |2318 |3769 | 383k|  0 |  63k|  17 | 0.000000e+00 |      --      |    Inf |   5.44%
 3556s| 51800 |  5886 | 26362k| 508.9 |   472M |  65 |1076 |2443 |3725 | 383k|  2 |  63k|  17 | 0.000000e+00 |      --      |    Inf |   5.44%
 3561s| 51900 |  5878 | 26422k| 509.1 |   472M |  65 |1076 |2488 |3430 | 384k|  2 |  64k|  17 | 0.000000e+00 |      --      |    Inf |   5.46%
 3566s| 52000 |  5885 | 26487k| 509.3 |   472M |  65 |1076 |2483 |3163 | 384k|  2 |  64k|  17 | 0.000000e+00 |      --      |    Inf |   5.46%
 3572s| 52100 |  5908 | 26553k| 509.6 |   473M |  65 |1076 |2447 |3066 | 385k|  2 |  64k|  17 | 0.000000e+00 |      --      |    Inf |   5.46%
 3578s| 52200 |  5902 | 26629k| 510.1 |   473M |  65 |1076 |2356 |3078 | 386k|  2 |  64k|  17 | 0.000000e+00 |      --      |    Inf |   5.46%
 3583s| 52300 |  5909 | 26685k| 510.2 |   473M |  65 |1076 |2346 |3331 | 387k|  2 |  64k|  17 | 0.000000e+00 |      --      |    Inf |   5.46%
 3592s| 52400 |  5916 | 26776k| 511.0 |   473M |  65 |1076 |2318 |3611 | 387k|  2 |  64k|  17 | 0.000000e+00 |      --      |    Inf |   5.46%
 3600s| 52500 |  5922 | 26864k| 511.7 |   473M |  65 |1076 |2338 |2927 | 387k|  0 |  64k|  17 | 0.000000e+00 |      --      |    Inf |   5.46%
 3605s| 52600 |  5935 | 26927k| 511.9 |   473M |  65 |1076 |2444 |3610 | 388k|  2 |  65k|  17 | 0.000000e+00 |      --      |    Inf |   5.46%
 time | node  | left  |LP iter|LP it/n|mem/heur|mdpt |vars |cons |rows |cuts |sepa|confs|strbr|  dualbound   | primalbound  |  gap   | compl. 
 3609s| 52700 |  5926 | 26976k| 511.8 |   473M |  65 |1076 |2477 |2491 | 388k|  0 |  65k|  17 | 0.000000e+00 |      --      |    Inf |   5.46%
 3615s| 52800 |  5916 | 27038k| 512.1 |   473M |  65 |1076 |2491 |3726 | 388k|  1 |  65k|  17 | 0.000000e+00 |      --      |    Inf |   5.49%
 3620s| 52900 |  5908 | 27099k| 512.2 |   474M |  65 |1076 |2527 |3490 | 388k|  0 |  65k|  17 | 0.000000e+00 |      --      |    Inf |   5.49%
 3627s| 53000 |  5924 | 27173k| 512.7 |   474M |  65 |1076 |2621 |3404 | 389k|  1 |  65k|  17 | 0.000000e+00 |      --      |    Inf |   5.49%
 3631s| 53100 |  5919 | 27227k| 512.7 |   474M |  65 |1076 |2634 |2322 | 389k|  0 |  65k|  17 | 0.000000e+00 |      --      |    Inf |   5.49%
 3638s| 53200 |  5918 | 27300k| 513.1 |   474M |  65 |1076 |2575 |3920 | 390k|  1 |  65k|  17 | 0.000000e+00 |      --      |    Inf |   5.50%
 3640s| 53300 |  5938 | 27327k| 512.7 |   474M |  65 |1076 |2611 |2672 | 390k|  0 |  66k|  17 | 0.000000e+00 |      --      |    Inf |   5.50%
 3642s| 53400 |  5934 | 27359k| 512.3 |   474M |  65 |1076 |2657 |2895 | 390k|  0 |  66k|  17 | 0.000000e+00 |      --      |    Inf |   5.50%
 3646s| 53500 |  5931 | 27399k| 512.1 |   474M |  65 |1076 |2703 |2312 | 391k|  0 |  66k|  17 | 0.000000e+00 |      --      |    Inf |   5.50%
 3649s| 53600 |  5922 | 27445k| 512.0 |   474M |  65 |1076 |2727 |2777 | 391k|  2 |  66k|  17 | 0.000000e+00 |      --      |    Inf |   5.50%
 3654s| 53700 |  5936 | 27503k| 512.1 |   474M |  65 |1076 |2784 |3452 | 392k|  2 |  66k|  17 | 0.000000e+00 |      --      |    Inf |   5.50%
 3659s| 53800 |  5933 | 27564k| 512.3 |   474M |  65 |1076 |2772 |3098 | 392k|  0 |  66k|  17 | 0.000000e+00 |      --      |    Inf |   5.50%
 3665s| 53900 |  5947 | 27631k| 512.6 |   474M |  65 |1076 |2677 |4401 | 393k|  1 |  66k|  17 | 0.000000e+00 |      --      |    Inf |   5.51%
 3670s| 54000 |  5972 | 27689k| 512.7 |   474M |  65 |1076 |2691 |2337 | 395k|  2 |  66k|  17 | 0.000000e+00 |      --      |    Inf |   5.51%
 3675s| 54100 |  5991 | 27754k| 513.0 |   474M |  65 |1076 |2443 |3826 | 396k|  1 |  67k|  17 | 0.000000e+00 |      --      |    Inf |   5.51%
 time | node  | left  |LP iter|LP it/n|mem/heur|mdpt |vars |cons |rows |cuts |sepa|confs|strbr|  dualbound   | primalbound  |  gap   | compl. 
 3681s| 54200 |  5997 | 27821k| 513.3 |   474M |  65 |1076 |2338 |3915 | 396k|  0 |  67k|  17 | 0.000000e+00 |      --      |    Inf |   5.51%
 3686s| 54300 |  5993 | 27879k| 513.4 |   474M |  65 |1076 |2352 |3963 | 396k|  0 |  67k|  17 | 0.000000e+00 |      --      |    Inf |   5.51%
 3690s| 54400 |  5995 | 27937k| 513.5 |   474M |  65 |1076 |2289 |2517 | 397k|  0 |  67k|  17 | 0.000000e+00 |      --      |    Inf |   5.52%
 3695s| 54500 |  5992 | 27996k| 513.7 |   474M |  65 |1076 |2265 |3650 | 397k|  0 |  67k|  17 | 0.000000e+00 |      --      |    Inf |   5.52%
 3700s| 54600 |  5995 | 28048k| 513.7 |   474M |  65 |1076 |2331 |3954 | 398k|  0 |  67k|  17 | 0.000000e+00 |      --      |    Inf |   5.52%
 3704s| 54700 |  5991 | 28105k| 513.8 |   474M |  65 |1076 |2390 |3163 | 398k|  0 |  67k|  17 | 0.000000e+00 |      --      |    Inf |   5.52%
 3710s| 54800 |  5994 | 28170k| 514.0 |   479M |  65 |1076 |2482 |3032 | 399k|  0 |  68k|  17 | 0.000000e+00 |      --      |    Inf |   5.52%
 3714s| 54900 |  5993 | 28228k| 514.1 |   479M |  65 |1076 |2592 |3137 | 400k|  2 |  68k|  17 | 0.000000e+00 |      --      |    Inf |   5.52%
 3719s| 55000 |  5991 | 28290k| 514.3 |   480M |  65 |1076 |2621 |3660 | 400k|  0 |  68k|  17 | 0.000000e+00 |      --      |    Inf |   5.52%
 3724s| 55100 |  5983 | 28345k| 514.4 |   480M |  65 |1076 |2562 |4416 | 401k|  0 |  68k|  17 | 0.000000e+00 |      --      |    Inf |   5.52%
 3732s| 55200 |  6009 | 28434k| 515.1 |   481M |  65 |1076 |2398 |2894 | 402k|  2 |  68k|  17 | 0.000000e+00 |      --      |    Inf |   5.52%
 3745s| 55300 |  6010 | 28501k| 515.3 |   481M |  65 |1076 |2468 |3745 | 403k|  0 |  68k|  17 | 0.000000e+00 |      --      |    Inf |   5.52%
 3759s| 55400 |  6011 | 28571k| 515.7 |   481M |  65 |1076 |2538 |2716 | 403k|  3 |  68k|  17 | 0.000000e+00 |      --      |    Inf |   5.52%
 3769s| 55500 |  6008 | 28624k| 515.7 |   481M |  65 |1076 |2454 |3790 | 403k|  0 |  69k|  17 | 0.000000e+00 |      --      |    Inf |   5.52%
 3781s| 55600 |  6006 | 28683k| 515.8 |   481M |  65 |1076 |2526 |3447 | 403k|  2 |  69k|  17 | 0.000000e+00 |      --      |    Inf |   5.52%
 time | node  | left  |LP iter|LP it/n|mem/heur|mdpt |vars |cons |rows |cuts |sepa|confs|strbr|  dualbound   | primalbound  |  gap   | compl. 
 3798s| 55700 |  6021 | 28769k| 516.5 |   481M |  65 |1076 |2409 |2901 | 404k|  2 |  69k|  17 | 0.000000e+00 |      --      |    Inf |   5.52%
 3810s| 55800 |  6023 | 28835k| 516.7 |   482M |  65 |1076 |2469 |2624 | 405k|  2 |  69k|  17 | 0.000000e+00 |      --      |    Inf |   5.52%
 3822s| 55900 |  6033 | 28899k| 516.9 |   482M |  65 |1076 |2322 |2427 | 406k|  2 |  69k|  17 | 0.000000e+00 |      --      |    Inf |   5.72%
 3840s| 56000 |  6049 | 28986k| 517.6 |   482M |  65 |1076 |2248 |2308 | 406k|  2 |  69k|  17 | 0.000000e+00 |      --      |    Inf |   5.72%
 3853s| 56100 |  6067 | 29047k| 517.7 |   482M |  65 |1076 |2231 |2712 | 407k|  0 |  69k|  17 | 0.000000e+00 |      --      |    Inf |   5.72%
 3867s| 56200 |  6083 | 29119k| 518.1 |   482M |  65 |1076 |2293 |3730 | 407k|  0 |  69k|  17 | 0.000000e+00 |      --      |    Inf |   5.73%
 3878s| 56300 |  6080 | 29174k| 518.2 |   482M |  65 |1076 |2369 |3731 | 407k|  0 |  70k|  17 | 0.000000e+00 |      --      |    Inf |   5.73%
 3890s| 56400 |  6086 | 29229k| 518.2 |   483M |  65 |1076 |2465 |3734 | 407k|  0 |  70k|  17 | 0.000000e+00 |      --      |    Inf |   5.73%
 3901s| 56500 |  6100 | 29285k| 518.3 |   484M |  65 |1076 |2542 |3756 | 407k|  2 |  70k|  17 | 0.000000e+00 |      --      |    Inf |   5.73%
 3914s| 56600 |  6076 | 29346k| 518.4 |   485M |  65 |1076 |2589 |3746 | 407k|  0 |  70k|  17 | 0.000000e+00 |      --      |    Inf |   5.73%
 3926s| 56700 |  6080 | 29404k| 518.5 |   485M |  65 |1076 |2517 |   0 | 408k|  0 |  70k|  17 | 0.000000e+00 |      --      |    Inf |   5.73%
 3937s| 56800 |  6086 | 29462k| 518.7 |   485M |  65 |1076 |2466 |2756 | 408k|  2 |  70k|  17 | 0.000000e+00 |      --      |    Inf |   5.73%
 3949s| 56900 |  6092 | 29524k| 518.8 |   485M |  65 |1076 |2457 |3310 | 409k|  1 |  70k|  17 | 0.000000e+00 |      --      |    Inf |   5.74%
 3959s| 57000 |  6093 | 29580k| 518.9 |   485M |  65 |1076 |2520 |3465 | 409k|  2 |  70k|  17 | 0.000000e+00 |      --      |    Inf |   5.74%
 3968s| 57100 |  6086 | 29625k| 518.8 |   485M |  65 |1076 |2481 |2990 | 410k|  2 |  71k|  17 | 0.000000e+00 |      --      |    Inf |   5.74%
 time | node  | left  |LP iter|LP it/n|mem/heur|mdpt |vars |cons |rows |cuts |sepa|confs|strbr|  dualbound   | primalbound  |  gap   | compl. 
 3986s| 57200 |  6101 | 29704k| 519.3 |   485M |  65 |1076 |2396 |4169 | 410k|  0 |  71k|  17 | 0.000000e+00 |      --      |    Inf |   5.74%
 3998s| 57300 |  6120 | 29767k| 519.5 |   486M |  65 |1076 |2328 |2312 | 411k|  0 |  71k|  17 | 0.000000e+00 |      --      |    Inf |   5.74%
 4007s| 57400 |  6126 | 29826k| 519.6 |   486M |  65 |1076 |2398 |2516 | 411k|  0 |  71k|  17 | 0.000000e+00 |      --      |    Inf |   5.74%
 4013s| 57500 |  6137 | 29893k| 519.9 |   486M |  65 |1076 |2420 |2749 | 412k|  2 |  71k|  17 | 0.000000e+00 |      --      |    Inf |   5.74%
 4017s| 57600 |  6139 | 29953k| 520.0 |   486M |  65 |1076 |2410 |2898 | 413k|  0 |  71k|  17 | 0.000000e+00 |      --      |    Inf |   5.74%
 4024s| 57700 |  6135 | 30023k| 520.3 |   486M |  65 |1076 |2412 |3344 | 414k|  2 |  71k|  17 | 0.000000e+00 |      --      |    Inf |   5.75%
 4030s| 57800 |  6139 | 30085k| 520.5 |   486M |  65 |1076 |2478 |4180 | 414k|  1 |  72k|  17 | 0.000000e+00 |      --      |    Inf |   5.75%
 4036s| 57900 |  6154 | 30155k| 520.8 |   487M |  65 |1076 |2435 |3881 | 414k|  2 |  72k|  17 | 0.000000e+00 |      --      |    Inf |   5.85%
 4043s| 58000 |  6171 | 30221k| 521.0 |   488M |  65 |1076 |2397 |2550 | 415k|  1 |  72k|  17 | 0.000000e+00 |      --      |    Inf |   5.85%
 4048s| 58100 |  6162 | 30280k| 521.1 |   488M |  65 |1076 |2422 |3984 | 415k|  0 |  72k|  17 | 0.000000e+00 |      --      |    Inf |   5.85%
 4053s| 58200 |  6175 | 30332k| 521.1 |   489M |  65 |1076 |2430 |3754 | 415k|  0 |  72k|  17 | 0.000000e+00 |      --      |    Inf |   5.85%
 4058s| 58300 |  6181 | 30393k| 521.3 |   489M |  65 |1076 |2341 |2954 | 416k|  2 |  72k|  17 | 0.000000e+00 |      --      |    Inf |   5.85%
 4065s| 58400 |  6203 | 30475k| 521.8 |   489M |  65 |1076 |2375 |4182 | 417k|  0 |  72k|  17 | 0.000000e+00 |      --      |    Inf |   5.85%
 4077s| 58500 |  6208 | 30550k| 522.2 |   490M |  65 |1076 |2521 |4186 | 417k|  1 |  72k|  17 | 0.000000e+00 |      --      |    Inf |   5.85%
 4086s| 58600 |  6203 | 30613k| 522.4 |   490M |  65 |1076 |2632 |4170 | 417k|  1 |  73k|  17 | 0.000000e+00 |      --      |    Inf |   5.85%
 time | node  | left  |LP iter|LP it/n|mem/heur|mdpt |vars |cons |rows |cuts |sepa|confs|strbr|  dualbound   | primalbound  |  gap   | compl. 
 4093s| 58700 |  6202 | 30669k| 522.4 |   490M |  65 |1076 |2612 |2956 | 417k|  2 |  73k|  17 | 0.000000e+00 |      --      |    Inf |   5.85%
 4099s| 58800 |  6207 | 30726k| 522.5 |   490M |  65 |1076 |2594 |3961 | 418k|  0 |  73k|  17 | 0.000000e+00 |      --      |    Inf |   5.85%
 4105s| 58900 |  6201 | 30777k| 522.5 |   490M |  65 |1076 |2698 |3748 | 418k|  0 |  73k|  17 | 0.000000e+00 |      --      |    Inf |   5.85%
 4110s| 59000 |  6203 | 30822k| 522.4 |   490M |  65 |1076 |2758 |   0 | 418k|  0 |  73k|  17 | 0.000000e+00 |      --      |    Inf |   5.86%
 4115s| 59100 |  6219 | 30874k| 522.4 |   490M |  65 |1076 |2781 |   0 | 418k|  0 |  73k|  17 | 0.000000e+00 |      --      |    Inf |   5.86%
 4120s| 59200 |  6207 | 30918k| 522.2 |   490M |  65 |1076 |2784 |3503 | 419k|  0 |  73k|  17 | 0.000000e+00 |      --      |    Inf |   5.95%
 4127s| 59300 |  6206 | 30984k| 522.5 |   490M |  65 |1076 |2762 |3621 | 419k|  0 |  74k|  17 | 0.000000e+00 |      --      |    Inf |   5.95%
 4136s| 59400 |  6223 | 31044k| 522.6 |   490M |  65 |1076 |2737 |3021 | 420k|  2 |  74k|  17 | 0.000000e+00 |      --      |    Inf |   5.96%
 4144s| 59500 |  6227 | 31115k| 522.9 |   490M |  65 |1076 |2827 |2454 | 421k|  2 |  74k|  17 | 0.000000e+00 |      --      |    Inf |   5.96%
 4152s| 59600 |  6242 | 31182k| 523.2 |   490M |  65 |1076 |2674 |4405 | 422k|  0 |  74k|  17 | 0.000000e+00 |      --      |    Inf |   5.99%
 4158s| 59700 |  6268 | 31233k| 523.1 |   490M |  65 |1076 |2677 |3663 | 422k|  2 |  74k|  17 | 0.000000e+00 |      --      |    Inf |   5.99%
 4163s| 59800 |  6267 | 31274k| 522.9 |   490M |  65 |1076 |2787 |   0 | 422k|  0 |  74k|  17 | 0.000000e+00 |      --      |    Inf |   5.99%
 4167s| 59900 |  6266 | 31325k| 522.9 |   491M |  65 |1076 |2865 |3646 | 422k|  2 |  74k|  17 | 0.000000e+00 |      --      |    Inf |   5.99%
 4172s| 60000 |  6265 | 31372k| 522.8 |   491M |  65 |1076 |2930 |3645 | 422k|  2 |  74k|  17 | 0.000000e+00 |      --      |    Inf |   5.99%
 4175s| 60100 |  6261 | 31413k| 522.6 |   491M |  65 |1076 |2980 |3638 | 422k|  1 |  74k|  17 | 0.000000e+00 |      --      |    Inf |   5.99%
 time | node  | left  |LP iter|LP it/n|mem/heur|mdpt |vars |cons |rows |cuts |sepa|confs|strbr|  dualbound   | primalbound  |  gap   | compl. 
 4179s| 60200 |  6263 | 31453k| 522.5 |   491M |  65 |1076 |3005 |3860 | 423k|  0 |  75k|  17 | 0.000000e+00 |      --      |    Inf |   5.99%
 4183s| 60300 |  6273 | 31503k| 522.4 |   491M |  65 |1076 |3079 |3675 | 423k|  1 |  75k|  17 | 0.000000e+00 |      --      |    Inf |   5.99%
 4188s| 60400 |  6278 | 31554k| 522.4 |   491M |  65 |1076 |3101 |3046 | 423k|  3 |  75k|  17 | 0.000000e+00 |      --      |    Inf |   5.99%
 4193s| 60500 |  6282 | 31616k| 522.5 |   491M |  65 |1076 |3186 |2625 | 425k|  0 |  75k|  17 | 0.000000e+00 |      --      |    Inf |   5.99%
 4200s| 60600 |  6278 | 31692k| 522.9 |   492M |  65 |1076 |3196 |3808 | 425k|  2 |  75k|  17 | 0.000000e+00 |      --      |    Inf |   5.99%
 4207s| 60700 |  6271 | 31762k| 523.2 |   492M |  65 |1076 |3273 |2990 | 425k|  2 |  75k|  17 | 0.000000e+00 |      --      |    Inf |   5.99%
 4212s| 60800 |  6274 | 31826k| 523.4 |   492M |  65 |1076 |3252 |2447 | 427k|  2 |  75k|  17 | 0.000000e+00 |      --      |    Inf |   5.99%
 4218s| 60900 |  6280 | 31895k| 523.7 |   492M |  65 |1076 |2987 |3894 | 427k|  2 |  76k|  17 | 0.000000e+00 |      --      |    Inf |   6.00%
 4224s| 61000 |  6271 | 31959k| 523.9 |   492M |  65 |1076 |2929 |2390 | 428k|  2 |  76k|  17 | 0.000000e+00 |      --      |    Inf |   6.00%
 4229s| 61100 |  6282 | 32023k| 524.1 |   492M |  65 |1076 |2900 |3209 | 429k|  0 |  76k|  17 | 0.000000e+00 |      --      |    Inf |   6.00%
 4235s| 61200 |  6294 | 32090k| 524.3 |   493M |  65 |1076 |2809 |2416 | 429k|  2 |  76k|  17 | 0.000000e+00 |      --      |    Inf |   6.00%
 4241s| 61300 |  6305 | 32154k| 524.5 |   493M |  65 |1076 |2802 |4102 | 430k|  0 |  76k|  17 | 0.000000e+00 |      --      |    Inf |   6.00%
 4246s| 61400 |  6313 | 32215k| 524.6 |   493M |  65 |1076 |2726 |2782 | 431k|  2 |  76k|  17 | 0.000000e+00 |      --      |    Inf |   6.00%
 4252s| 61500 |  6329 | 32277k| 524.8 |   493M |  65 |1076 |2656 |3122 | 431k|  2 |  76k|  17 | 0.000000e+00 |      --      |    Inf |   6.00%
 4259s| 61600 |  6337 | 32345k| 525.1 |   493M |  65 |1076 |2670 |3754 | 432k|  1 |  77k|  17 | 0.000000e+00 |      --      |    Inf |   6.00%
 time | node  | left  |LP iter|LP it/n|mem/heur|mdpt |vars |cons |rows |cuts |sepa|confs|strbr|  dualbound   | primalbound  |  gap   | compl. 
 4264s| 61700 |  6351 | 32403k| 525.1 |   493M |  65 |1076 |2666 |2918 | 433k|  2 |  77k|  17 | 0.000000e+00 |      --      |    Inf |   6.01%
 4268s| 61800 |  6364 | 32462k| 525.2 |   494M |  65 |1076 |2632 |2879 | 434k|  0 |  77k|  17 | 0.000000e+00 |      --      |    Inf |   6.01%
 4272s| 61900 |  6365 | 32508k| 525.1 |   494M |  65 |1076 |2710 |2824 | 434k|  0 |  77k|  17 | 0.000000e+00 |      --      |    Inf |   6.01%
 4278s| 62000 |  6378 | 32575k| 525.4 |   494M |  65 |1076 |2755 |3780 | 434k|  1 |  77k|  17 | 0.000000e+00 |      --      |    Inf |   6.01%
 4284s| 62100 |  6382 | 32637k| 525.5 |   494M |  65 |1076 |2800 |4083 | 434k|  0 |  77k|  17 | 0.000000e+00 |      --      |    Inf |   6.01%
 4290s| 62200 |  6380 | 32709k| 525.8 |   494M |  65 |1076 |2832 |2904 | 435k|  0 |  77k|  17 | 0.000000e+00 |      --      |    Inf |   6.01%
 4297s| 62300 |  6399 | 32787k| 526.3 |   496M |  65 |1076 |2769 |3855 | 436k|  1 |  77k|  17 | 0.000000e+00 |      --      |    Inf |   6.01%
 4303s| 62400 |  6412 | 32856k| 526.5 |   496M |  65 |1076 |2711 |2295 | 436k|  2 |  77k|  17 | 0.000000e+00 |      --      |    Inf |   6.01%
 4309s| 62500 |  6416 | 32923k| 526.7 |   496M |  65 |1076 |2672 |3376 | 437k|  2 |  78k|  17 | 0.000000e+00 |      --      |    Inf |   6.01%
 4314s| 62600 |  6426 | 32981k| 526.8 |   496M |  65 |1076 |2731 |2811 | 437k|  1 |  78k|  17 | 0.000000e+00 |      --      |    Inf |   6.02%
 4319s| 62700 |  6432 | 33050k| 527.1 |   496M |  65 |1076 |2820 |3170 | 438k|  0 |  78k|  17 | 0.000000e+00 |      --      |    Inf |   6.02%
 4325s| 62800 |  6437 | 33109k| 527.2 |   496M |  65 |1076 |2922 |3216 | 438k|  0 |  78k|  17 | 0.000000e+00 |      --      |    Inf |   6.02%
 4330s| 62900 |  6443 | 33167k| 527.3 |   497M |  65 |1076 |2970 |2965 | 439k|  2 |  78k|  17 | 0.000000e+00 |      --      |    Inf |   6.03%
 4335s| 63000 |  6440 | 33225k| 527.4 |   498M |  65 |1076 |3052 |3131 | 440k|  2 |  78k|  17 | 0.000000e+00 |      --      |    Inf |   6.03%
 4341s| 63100 |  6434 | 33294k| 527.6 |   498M |  65 |1076 |3005 |3543 | 440k|  2 |  78k|  17 | 0.000000e+00 |      --      |    Inf |   6.03%
 time | node  | left  |LP iter|LP it/n|mem/heur|mdpt |vars |cons |rows |cuts |sepa|confs|strbr|  dualbound   | primalbound  |  gap   | compl. 
 4348s| 63200 |  6438 | 33367k| 527.9 |   498M |  65 |1076 |3120 |3627 | 440k|  0 |  79k|  17 | 0.000000e+00 |      --      |    Inf |   6.03%
 4354s| 63300 |  6442 | 33428k| 528.1 |   498M |  65 |1076 |3209 |   0 | 441k|  0 |  79k|  17 | 0.000000e+00 |      --      |    Inf |   6.03%
 4359s| 63400 |  6435 | 33485k| 528.1 |   498M |  65 |1076 |3298 |3652 | 441k|  1 |  79k|  17 | 0.000000e+00 |      --      |    Inf |   6.03%
 4366s| 63500 |  6433 | 33553k| 528.4 |   498M |  65 |1076 |3176 |3804 | 441k|  1 |  79k|  17 | 0.000000e+00 |      --      |    Inf |   6.03%
 4372s| 63600 |  6451 | 33615k| 528.5 |   499M |  65 |1076 |3061 |3587 | 442k|  0 |  79k|  17 | 0.000000e+00 |      --      |    Inf |   6.04%
 4377s| 63700 |  6450 | 33678k| 528.7 |   499M |  65 |1076 |2989 |3141 | 442k|  2 |  79k|  17 | 0.000000e+00 |      --      |    Inf |   6.04%
 4383s| 63800 |  6457 | 33740k| 528.8 |   499M |  65 |1076 |3083 |3423 | 443k|  2 |  79k|  17 | 0.000000e+00 |      --      |    Inf |   6.04%
 4390s| 63900 |  6452 | 33798k| 528.9 |   499M |  65 |1076 |3081 |3412 | 443k|  0 |  80k|  17 | 0.000000e+00 |      --      |    Inf |   6.04%
 4397s| 64000 |  6469 | 33869k| 529.2 |   499M |  65 |1076 |3119 |   0 | 444k|  0 |  80k|  17 | 0.000000e+00 |      --      |    Inf |   6.04%
 4403s| 64100 |  6474 | 33934k| 529.4 |   499M |  65 |1076 |3186 |3132 | 444k|  2 |  80k|  17 | 0.000000e+00 |      --      |    Inf |   6.04%
 4409s| 64200 |  6483 | 33997k| 529.5 |   499M |  65 |1076 |3045 |2606 | 445k|  2 |  80k|  17 | 0.000000e+00 |      --      |    Inf |   6.14%
 4415s| 64300 |  6492 | 34060k| 529.7 |   499M |  65 |1076 |3137 |2893 | 446k|  0 |  80k|  17 | 0.000000e+00 |      --      |    Inf |   6.14%
 4420s| 64400 |  6505 | 34123k| 529.8 |   499M |  65 |1076 |3274 |2976 | 447k|  0 |  80k|  17 | 0.000000e+00 |      --      |    Inf |   6.14%
 4425s| 64500 |  6501 | 34181k| 529.9 |   499M |  65 |1076 |3410 |2971 | 447k|  2 |  80k|  17 | 0.000000e+00 |      --      |    Inf |   6.14%
 4431s| 64600 |  6509 | 34242k| 530.0 |   499M |  65 |1076 |3512 |   0 | 447k|  0 |  80k|  17 | 0.000000e+00 |      --      |    Inf |   6.14%
 time | node  | left  |LP iter|LP it/n|mem/heur|mdpt |vars |cons |rows |cuts |sepa|confs|strbr|  dualbound   | primalbound  |  gap   | compl. 
 4434s| 64700 |  6519 | 34282k| 529.8 |   499M |  65 |1076 |3603 |3096 | 447k|  2 |  81k|  17 | 0.000000e+00 |      --      |    Inf |   6.14%
 4437s| 64800 |  6496 | 34318k| 529.6 |   499M |  65 |1076 |3674 |2865 | 448k|  2 |  81k|  17 | 0.000000e+00 |      --      |    Inf |   6.14%
 4442s| 64900 |  6510 | 34376k| 529.6 |   499M |  65 |1076 |3646 |2902 | 448k|  0 |  81k|  17 | 0.000000e+00 |      --      |    Inf |   6.14%
 4447s| 65000 |  6514 | 34435k| 529.7 |   499M |  65 |1076 |3577 |2978 | 449k|  1 |  81k|  17 | 0.000000e+00 |      --      |    Inf |   6.14%
 4451s| 65100 |  6516 | 34475k| 529.5 |   499M |  65 |1076 |3571 |3338 | 449k|  0 |  81k|  17 | 0.000000e+00 |      --      |    Inf |   6.14%
 4457s| 65200 |  6522 | 34543k| 529.8 |   499M |  65 |1076 |3545 |2922 | 450k|  1 |  81k|  17 | 0.000000e+00 |      --      |    Inf |   6.14%
 4462s| 65300 |  6527 | 34594k| 529.7 |   500M |  65 |1076 |3521 |2471 | 450k|  2 |  81k|  17 | 0.000000e+00 |      --      |    Inf |   6.14%
 4468s| 65400 |  6563 | 34659k| 529.9 |   500M |  65 |1076 |3432 |3991 | 451k|  1 |  82k|  17 | 0.000000e+00 |      --      |    Inf |   6.14%
 4473s| 65500 |  6565 | 34711k| 529.9 |   500M |  65 |1076 |3460 |3016 | 451k|  0 |  82k|  17 | 0.000000e+00 |      --      |    Inf |   6.14%
 4481s| 65600 |  6570 | 34793k| 530.4 |   500M |  65 |1076 |3325 |3908 | 452k|  0 |  82k|  17 | 0.000000e+00 |      --      |    Inf |   6.14%
 4488s| 65700 |  6569 | 34864k| 530.6 |   500M |  65 |1076 |3284 |3087 | 452k|  2 |  82k|  17 | 0.000000e+00 |      --      |    Inf |   6.14%
 4493s| 65800 |  6587 | 34921k| 530.7 |   500M |  65 |1076 |3188 |2641 | 453k|  0 |  82k|  17 | 0.000000e+00 |      --      |    Inf |   6.15%
 4500s| 65900 |  6598 | 34995k| 531.0 |   500M |  65 |1076 |3008 |2530 | 455k|  0 |  82k|  17 | 0.000000e+00 |      --      |    Inf |   6.15%
 4505s| 66000 |  6605 | 35052k| 531.1 |   500M |  65 |1076 |2988 |3189 | 455k|  2 |  82k|  17 | 0.000000e+00 |      --      |    Inf |   6.15%
 4511s| 66100 |  6610 | 35113k| 531.2 |   500M |  65 |1076 |2974 |   0 | 455k|  0 |  83k|  17 | 0.000000e+00 |      --      |    Inf |   6.15%
 time | node  | left  |LP iter|LP it/n|mem/heur|mdpt |vars |cons |rows |cuts |sepa|confs|strbr|  dualbound   | primalbound  |  gap   | compl. 
 4517s| 66200 |  6614 | 35183k| 531.4 |   500M |  65 |1076 |2862 |2857 | 456k|  2 |  83k|  17 | 0.000000e+00 |      --      |    Inf |   6.15%
 4523s| 66300 |  6617 | 35246k| 531.6 |   500M |  65 |1076 |2796 |3883 | 457k|  2 |  83k|  17 | 0.000000e+00 |      --      |    Inf |   6.15%
 4530s| 66400 |  6637 | 35309k| 531.7 |   500M |  65 |1076 |2786 |3879 | 457k|  2 |  83k|  17 | 0.000000e+00 |      --      |    Inf |   6.15%
 4535s| 66500 |  6664 | 35363k| 531.8 |   500M |  65 |1076 |2807 |3887 | 457k|  0 |  83k|  17 | 0.000000e+00 |      --      |    Inf |   6.15%
 4539s| 66600 |  6701 | 35405k| 531.6 |   500M |  65 |1076 |2810 |3893 | 457k|  1 |  83k|  17 | 0.000000e+00 |      --      |    Inf |   6.15%
 4543s| 66700 |  6730 | 35442k| 531.3 |   501M |  65 |1076 |2893 |   0 | 457k|  0 |  83k|  17 | 0.000000e+00 |      --      |    Inf |   6.15%
 4545s| 66800 |  6734 | 35469k| 531.0 |   501M |  65 |1076 |2889 |2442 | 457k|  2 |  83k|  17 | 0.000000e+00 |      --      |    Inf |   6.15%
 4548s| 66900 |  6728 | 35503k| 530.7 |   501M |  65 |1076 |2960 |3941 | 457k|  1 |  83k|  17 | 0.000000e+00 |      --      |    Inf |   6.16%
 4551s| 67000 |  6748 | 35533k| 530.3 |   502M |  65 |1076 |2938 |3325 | 458k|  2 |  84k|  17 | 0.000000e+00 |      --      |    Inf |   6.16%
 4554s| 67100 |  6745 | 35564k| 530.0 |   502M |  65 |1076 |2979 |3877 | 458k|  1 |  84k|  17 | 0.000000e+00 |      --      |    Inf |   6.16%
 4558s| 67200 |  6770 | 35600k| 529.7 |   502M |  65 |1076 |2871 |2463 | 458k|  2 |  84k|  17 | 0.000000e+00 |      --      |    Inf |   6.16%
 4560s| 67300 |  6769 | 35634k| 529.5 |   502M |  65 |1076 |2911 |3626 | 459k|  2 |  84k|  17 | 0.000000e+00 |      --      |    Inf |   6.16%
 4564s| 67400 |  6767 | 35668k| 529.2 |   502M |  65 |1076 |2991 |3623 | 459k|  1 |  84k|  17 | 0.000000e+00 |      --      |    Inf |   6.16%
 4566s| 67500 |  6777 | 35698k| 528.8 |   502M |  65 |1076 |3055 |   0 | 460k|  0 |  84k|  17 | 0.000000e+00 |      --      |    Inf |   6.16%
 4569s| 67600 |  6785 | 35728k| 528.5 |   503M |  65 |1076 |3151 |2764 | 460k|  2 |  84k|  17 | 0.000000e+00 |      --      |    Inf |   6.16%
 time | node  | left  |LP iter|LP it/n|mem/heur|mdpt |vars |cons |rows |cuts |sepa|confs|strbr|  dualbound   | primalbound  |  gap   | compl. 
 4572s| 67700 |  6784 | 35761k| 528.2 |   503M |  65 |1076 |3214 |3836 | 460k|  0 |  85k|  17 | 0.000000e+00 |      --      |    Inf |   6.16%
 4575s| 67800 |  6787 | 35797k| 527.9 |   505M |  65 |1076 |3244 |3899 | 460k|  1 |  85k|  17 | 0.000000e+00 |      --      |    Inf |   6.16%
 4578s| 67900 |  6803 | 35826k| 527.6 |   505M |  65 |1076 |3287 |3694 | 460k|  0 |  85k|  17 | 0.000000e+00 |      --      |    Inf |   6.16%
 4580s| 68000 |  6795 | 35850k| 527.2 |   505M |  65 |1076 |3350 |2448 | 460k|  2 |  85k|  17 | 0.000000e+00 |      --      |    Inf |   6.16%
 4583s| 68100 |  6830 | 35878k| 526.8 |   505M |  65 |1076 |3383 |2944 | 461k|  2 |  85k|  17 | 0.000000e+00 |      --      |    Inf |   6.16%
 4586s| 68200 |  6838 | 35913k| 526.6 |   505M |  65 |1076 |3388 |3172 | 461k|  1 |  85k|  17 | 0.000000e+00 |      --      |    Inf |   6.16%
 4589s| 68300 |  6842 | 35948k| 526.3 |   505M |  65 |1076 |3452 |3954 | 461k|  0 |  85k|  17 | 0.000000e+00 |      --      |    Inf |   6.16%
 4592s| 68400 |  6850 | 35981k| 526.0 |   505M |  65 |1076 |3468 |2390 | 462k|  2 |  85k|  17 | 0.000000e+00 |      --      |    Inf |   6.16%
 4595s| 68500 |  6863 | 36013k| 525.7 |   506M |  65 |1076 |3395 |2792 | 462k|  1 |  86k|  17 | 0.000000e+00 |      --      |    Inf |   6.21%
 4599s| 68600 |  6872 | 36057k| 525.6 |   506M |  65 |1076 |3446 |3632 | 462k|  0 |  86k|  17 | 0.000000e+00 |      --      |    Inf |   6.21%
 4603s| 68700 |  6871 | 36098k| 525.4 |   506M |  65 |1076 |3494 |3754 | 463k|  0 |  86k|  17 | 0.000000e+00 |      --      |    Inf |   6.21%
 4608s| 68800 |  6868 | 36147k| 525.4 |   506M |  65 |1076 |3521 |3989 | 463k|  0 |  86k|  17 | 0.000000e+00 |      --      |    Inf |   6.21%
 4613s| 68900 |  6885 | 36192k| 525.3 |   507M |  65 |1076 |3526 |4163 | 463k|  0 |  86k|  17 | 0.000000e+00 |      --      |    Inf |   6.22%
 4617s| 69000 |  6892 | 36237k| 525.1 |   507M |  65 |1076 |3567 |3947 | 463k|  0 |  86k|  17 | 0.000000e+00 |      --      |    Inf |   6.22%
 4624s| 69100 |  6906 | 36306k| 525.4 |   507M |  65 |1076 |3396 |2853 | 463k|  2 |  86k|  17 | 0.000000e+00 |      --      |    Inf |   6.22%
 time | node  | left  |LP iter|LP it/n|mem/heur|mdpt |vars |cons |rows |cuts |sepa|confs|strbr|  dualbound   | primalbound  |  gap   | compl. 
 4629s| 69200 |  6915 | 36367k| 525.5 |   507M |  65 |1076 |3503 |2889 | 464k|  2 |  87k|  17 | 0.000000e+00 |      --      |    Inf |   6.22%
 4634s| 69300 |  6921 | 36420k| 525.5 |   507M |  65 |1076 |3607 |3049 | 465k|  2 |  87k|  17 | 0.000000e+00 |      --      |    Inf |   6.22%
 4639s| 69400 |  6919 | 36476k| 525.6 |   507M |  65 |1076 |3722 |2976 | 465k|  0 |  87k|  17 | 0.000000e+00 |      --      |    Inf |   6.22%
 4645s| 69500 |  6915 | 36539k| 525.7 |   507M |  65 |1076 |3764 |3660 | 466k|  2 |  87k|  17 | 0.000000e+00 |      --      |    Inf |   6.22%
 4654s| 69600 |  6939 | 36626k| 526.2 |   507M |  65 |1076 |3632 |3176 | 467k|  2 |  87k|  17 | 0.000000e+00 |      --      |    Inf |   6.22%
 4661s| 69700 |  6956 | 36700k| 526.5 |   507M |  65 |1076 |3637 |3665 | 468k|  0 |  87k|  17 | 0.000000e+00 |      --      |    Inf |   6.22%
 4666s| 69800 |  6964 | 36757k| 526.6 |   507M |  65 |1076 |3526 |3964 | 468k|  1 |  87k|  17 | 0.000000e+00 |      --      |    Inf |   6.22%
 4673s| 69900 |  6971 | 36822k| 526.8 |   507M |  65 |1076 |3438 |3627 | 469k|  2 |  87k|  17 | 0.000000e+00 |      --      |    Inf |   6.22%
 4677s| 70000 |  6984 | 36866k| 526.6 |   507M |  65 |1076 |3382 |4165 | 469k|  0 |  88k|  17 | 0.000000e+00 |      --      |    Inf |   6.23%
 4685s| 70100 |  6994 | 36945k| 527.0 |   508M |  65 |1076 |3273 |3574 | 470k|  0 |  88k|  17 | 0.000000e+00 |      --      |    Inf |   6.23%
 4690s| 70200 |  7008 | 36999k| 527.0 |   508M |  65 |1076 |3196 |2377 | 470k|  2 |  88k|  17 | 0.000000e+00 |      --      |    Inf |   6.23%
 4698s| 70300 |  7043 | 37077k| 527.4 |   508M |  65 |1076 |3206 |3461 | 470k|  0 |  88k|  17 | 0.000000e+00 |      --      |    Inf |   6.23%
 4705s| 70400 |  7035 | 37145k| 527.6 |   508M |  65 |1076 |3268 |4275 | 471k|  2 |  88k|  17 | 0.000000e+00 |      --      |    Inf |   6.23%
 4710s| 70500 |  7053 | 37203k| 527.7 |   508M |  65 |1076 |3174 |4038 | 471k|  0 |  88k|  17 | 0.000000e+00 |      --      |    Inf |   6.24%
 4718s| 70600 |  7051 | 37277k| 528.0 |   508M |  65 |1076 |3236 |2839 | 472k|  0 |  88k|  17 | 0.000000e+00 |      --      |    Inf |   6.24%
 time | node  | left  |LP iter|LP it/n|mem/heur|mdpt |vars |cons |rows |cuts |sepa|confs|strbr|  dualbound   | primalbound  |  gap   | compl. 
 4724s| 70700 |  7044 | 37344k| 528.2 |   508M |  65 |1076 |3158 |2493 | 472k|  2 |  88k|  17 | 0.000000e+00 |      --      |    Inf |   6.24%
 4728s| 70800 |  7037 | 37393k| 528.1 |   508M |  65 |1076 |3197 |3650 | 473k|  0 |  89k|  17 | 0.000000e+00 |      --      |    Inf |   6.24%
 4736s| 70900 |  7052 | 37474k| 528.5 |   508M |  65 |1076 |3218 |3917 | 473k|  1 |  89k|  17 | 0.000000e+00 |      --      |    Inf |   6.24%
 4743s| 71000 |  7031 | 37543k| 528.7 |   508M |  65 |1076 |3137 |2541 | 473k|  2 |  89k|  17 | 0.000000e+00 |      --      |    Inf |   6.24%
 4748s| 71100 |  7025 | 37599k| 528.8 |   508M |  65 |1076 |3149 |4476 | 473k|  1 |  89k|  17 | 0.000000e+00 |      --      |    Inf |   6.24%
 4754s| 71200 |  7045 | 37657k| 528.9 |   509M |  65 |1076 |3173 |3189 | 474k|  0 |  89k|  17 | 0.000000e+00 |      --      |    Inf |   6.25%
 4760s| 71300 |  7043 | 37727k| 529.1 |   509M |  65 |1076 |3169 |3823 | 474k|  1 |  89k|  17 | 0.000000e+00 |      --      |    Inf |   6.25%
 4767s| 71400 |  7058 | 37794k| 529.3 |   509M |  65 |1076 |3177 |3832 | 474k|  0 |  89k|  17 | 0.000000e+00 |      --      |    Inf |   6.25%
 4774s| 71500 |  7079 | 37863k| 529.5 |   509M |  65 |1076 |3167 |3736 | 474k|  1 |  90k|  17 | 0.000000e+00 |      --      |    Inf |   6.25%
 4780s| 71600 |  7062 | 37923k| 529.6 |   509M |  65 |1076 |3240 |3784 | 474k|  0 |  90k|  17 | 0.000000e+00 |      --      |    Inf |   6.26%
 4786s| 71700 |  7073 | 37997k| 529.9 |   509M |  65 |1076 |3214 |2403 | 475k|  2 |  90k|  17 | 0.000000e+00 |      --      |    Inf |   6.26%
 4791s| 71800 |  7073 | 38048k| 529.9 |   509M |  65 |1076 |3195 |3966 | 476k|  0 |  90k|  17 | 0.000000e+00 |      --      |    Inf |   6.28%
 4795s| 71900 |  7086 | 38095k| 529.8 |   509M |  65 |1076 |3278 |4166 | 476k|  1 |  90k|  17 | 0.000000e+00 |      --      |    Inf |   6.28%
 4799s| 72000 |  7088 | 38139k| 529.7 |   509M |  65 |1076 |3415 |4324 | 476k|  1 |  90k|  17 | 0.000000e+00 |      --      |    Inf |   6.28%
 4805s| 72100 |  7081 | 38194k| 529.7 |   509M |  65 |1076 |3404 |4566 | 476k|  0 |  90k|  17 | 0.000000e+00 |      --      |    Inf |   6.28%
 time | node  | left  |LP iter|LP it/n|mem/heur|mdpt |vars |cons |rows |cuts |sepa|confs|strbr|  dualbound   | primalbound  |  gap   | compl. 
 4810s| 72200 |  7088 | 38253k| 529.8 |   509M |  65 |1076 |3400 |2823 | 476k|  1 |  91k|  17 | 0.000000e+00 |      --      |    Inf |   6.28%
 4813s| 72300 |  7085 | 38295k| 529.6 |   509M |  65 |1076 |3502 |4373 | 477k|  1 |  91k|  17 | 0.000000e+00 |      --      |    Inf |   6.28%
 4819s| 72400 |  7084 | 38355k| 529.7 |   509M |  65 |1076 |3507 |2508 | 477k|  2 |  91k|  17 | 0.000000e+00 |      --      |    Inf |   6.28%
 4824s| 72500 |  7104 | 38411k| 529.8 |   509M |  65 |1076 |3472 |3983 | 477k|  2 |  91k|  17 | 0.000000e+00 |      --      |    Inf |   6.28%
 4829s| 72600 |  7110 | 38467k| 529.8 |   509M |  65 |1076 |3622 |3982 | 477k|  1 |  91k|  17 | 0.000000e+00 |      --      |    Inf |   6.28%
 4836s| 72700 |  7129 | 38540k| 530.1 |   509M |  65 |1076 |3655 |3140 | 478k|  0 |  91k|  17 | 0.000000e+00 |      --      |    Inf |   6.28%
 4841s| 72800 |  7126 | 38599k| 530.2 |   510M |  65 |1076 |3728 |2834 | 479k|  2 |  91k|  17 | 0.000000e+00 |      --      |    Inf |   6.28%
 4846s| 72900 |  7129 | 38661k| 530.3 |   511M |  65 |1076 |3649 |2735 | 479k|  0 |  91k|  17 | 0.000000e+00 |      --      |    Inf |   6.28%
 4850s| 73000 |  7130 | 38706k| 530.2 |   511M |  65 |1076 |3702 |3213 | 480k|  2 |  92k|  17 | 0.000000e+00 |      --      |    Inf |   6.28%
 4855s| 73100 |  7139 | 38768k| 530.3 |   511M |  65 |1076 |3660 |3174 | 481k|  2 |  92k|  17 | 0.000000e+00 |      --      |    Inf |   6.28%
 4864s| 73200 |  7152 | 38861k| 530.9 |   511M |  65 |1076 |3565 |3142 | 481k|  2 |  92k|  17 | 0.000000e+00 |      --      |    Inf |   6.28%
 4870s| 73300 |  7162 | 38933k| 531.1 |   511M |  65 |1076 |3639 |3348 | 482k|  0 |  92k|  17 | 0.000000e+00 |      --      |    Inf |   6.28%
 4877s| 73400 |  7162 | 39011k| 531.5 |   511M |  65 |1076 |3713 |2958 | 483k|  2 |  92k|  17 | 0.000000e+00 |      --      |    Inf |   6.28%
 4882s| 73500 |  7163 | 39065k| 531.5 |   511M |  65 |1076 |3729 |4076 | 483k|  0 |  92k|  17 | 0.000000e+00 |      --      |    Inf |   6.28%
 4888s| 73600 |  7156 | 39125k| 531.6 |   511M |  65 |1076 |3766 |4284 | 484k|  2 |  92k|  17 | 0.000000e+00 |      --      |    Inf |   6.28%
 time | node  | left  |LP iter|LP it/n|mem/heur|mdpt |vars |cons |rows |cuts |sepa|confs|strbr|  dualbound   | primalbound  |  gap   | compl. 
 4892s| 73700 |  7170 | 39178k| 531.6 |   511M |  65 |1076 |3601 |2390 | 484k|  2 |  93k|  17 | 0.000000e+00 |      --      |    Inf |   6.29%
 4898s| 73800 |  7178 | 39238k| 531.7 |   511M |  65 |1076 |3541 |3020 | 485k|  0 |  93k|  17 | 0.000000e+00 |      --      |    Inf |   6.29%
 4905s| 73900 |  7215 | 39307k| 531.9 |   511M |  65 |1076 |3417 |3709 | 486k|  1 |  93k|  17 | 0.000000e+00 |      --      |    Inf |   6.29%
 4909s| 74000 |  7208 | 39351k| 531.7 |   512M |  65 |1076 |3514 |4142 | 486k|  0 |  93k|  17 | 0.000000e+00 |      --      |    Inf |   6.29%
 4914s| 74100 |  7208 | 39405k| 531.8 |   512M |  65 |1076 |3483 |3823 | 486k|  1 |  93k|  17 | 0.000000e+00 |      --      |    Inf |   6.29%
 4920s| 74200 |  7212 | 39459k| 531.8 |   512M |  65 |1076 |3556 |3964 | 486k|  0 |  93k|  17 | 0.000000e+00 |      --      |    Inf |   6.29%
 4925s| 74300 |  7216 | 39515k| 531.8 |   512M |  65 |1076 |3554 |3777 | 487k|  0 |  93k|  17 | 0.000000e+00 |      --      |    Inf |   6.29%
 4931s| 74400 |  7219 | 39574k| 531.9 |   512M |  65 |1076 |3556 |3803 | 487k|  1 |  93k|  17 | 0.000000e+00 |      --      |    Inf |   6.29%
 4937s| 74500 |  7216 | 39628k| 531.9 |   513M |  65 |1076 |3542 |4468 | 487k|  1 |  94k|  17 | 0.000000e+00 |      --      |    Inf |   6.29%
 4943s| 74600 |  7220 | 39686k| 532.0 |   513M |  65 |1076 |3542 |2624 | 487k|  2 |  94k|  17 | 0.000000e+00 |      --      |    Inf |   6.29%
 4947s| 74700 |  7222 | 39737k| 531.9 |   513M |  65 |1076 |3533 |3694 | 488k|  0 |  94k|  17 | 0.000000e+00 |      --      |    Inf |   6.29%
 4954s| 74800 |  7229 | 39798k| 532.0 |   513M |  65 |1076 |3518 |4448 | 488k|  2 |  94k|  17 | 0.000000e+00 |      --      |    Inf |   6.29%
 4959s| 74900 |  7242 | 39861k| 532.2 |   513M |  65 |1076 |3519 |2375 | 489k|  0 |  94k|  17 | 0.000000e+00 |      --      |    Inf |   6.29%
 4966s| 75000 |  7240 | 39921k| 532.3 |   513M |  65 |1076 |3540 |3268 | 489k|  0 |  94k|  17 | 0.000000e+00 |      --      |    Inf |   6.29%
 4972s| 75100 |  7239 | 39983k| 532.4 |   513M |  65 |1076 |3518 |3134 | 489k|  0 |  94k|  17 | 0.000000e+00 |      --      |    Inf |   6.30%
 time | node  | left  |LP iter|LP it/n|mem/heur|mdpt |vars |cons |rows |cuts |sepa|confs|strbr|  dualbound   | primalbound  |  gap   | compl. 
 4978s| 75200 |  7237 | 40050k| 532.6 |   513M |  65 |1076 |3502 |3655 | 490k|  0 |  95k|  17 | 0.000000e+00 |      --      |    Inf |   6.30%
 4985s| 75300 |  7245 | 40120k| 532.8 |   513M |  65 |1076 |3433 |3019 | 491k|  2 |  95k|  17 | 0.000000e+00 |      --      |    Inf |   6.30%
 4992s| 75400 |  7268 | 40189k| 533.0 |   514M |  65 |1076 |3454 |3110 | 491k|  1 |  95k|  17 | 0.000000e+00 |      --      |    Inf |   6.30%
 4997s| 75500 |  7262 | 40246k| 533.0 |   514M |  65 |1076 |3483 |2909 | 492k|  0 |  95k|  17 | 0.000000e+00 |      --      |    Inf |   6.30%
 5003s| 75600 |  7260 | 40305k| 533.1 |   514M |  65 |1076 |3476 |3577 | 492k|  1 |  95k|  17 | 0.000000e+00 |      --      |    Inf |   6.30%
 5009s| 75700 |  7257 | 40368k| 533.2 |   516M |  65 |1076 |3398 |3842 | 492k|  0 |  95k|  17 | 0.000000e+00 |      --      |    Inf |   6.30%
 5016s| 75800 |  7269 | 40441k| 533.5 |   516M |  65 |1076 |3437 |3823 | 493k|  0 |  95k|  17 | 0.000000e+00 |      --      |    Inf |   6.30%
 5021s| 75900 |  7271 | 40495k| 533.5 |   516M |  65 |1076 |3555 |2949 | 493k|  2 |  96k|  17 | 0.000000e+00 |      --      |    Inf |   6.30%
 5027s| 76000 |  7268 | 40555k| 533.6 |   516M |  65 |1076 |3677 |2987 | 493k|  0 |  96k|  17 | 0.000000e+00 |      --      |    Inf |   6.30%
 5033s| 76100 |  7259 | 40614k| 533.7 |   516M |  65 |1076 |3715 |3820 | 494k|  0 |  96k|  17 | 0.000000e+00 |      --      |    Inf |   6.30%
 5040s| 76200 |  7274 | 40683k| 533.9 |   516M |  65 |1076 |3629 |2787 | 495k|  2 |  96k|  17 | 0.000000e+00 |      --      |    Inf |   6.30%
 5047s| 76300 |  7279 | 40764k| 534.2 |   516M |  65 |1076 |3583 |3609 | 496k|  0 |  96k|  17 | 0.000000e+00 |      --      |    Inf |   6.30%
 5053s| 76400 |  7284 | 40821k| 534.3 |   516M |  65 |1076 |3622 |3861 | 496k|  0 |  96k|  17 | 0.000000e+00 |      --      |    Inf |   6.30%
 5058s| 76500 |  7284 | 40866k| 534.2 |   516M |  65 |1076 |3706 |3854 | 496k|  0 |  96k|  17 | 0.000000e+00 |      --      |    Inf |   6.30%
 5063s| 76600 |  7286 | 40920k| 534.2 |   516M |  65 |1076 |3589 |2685 | 496k|  0 |  97k|  17 | 0.000000e+00 |      --      |    Inf |   6.30%
 time | node  | left  |LP iter|LP it/n|mem/heur|mdpt |vars |cons |rows |cuts |sepa|confs|strbr|  dualbound   | primalbound  |  gap   | compl. 
 5071s| 76700 |  7298 | 40992k| 534.4 |   516M |  65 |1076 |3500 |3150 | 497k|  0 |  97k|  17 | 0.000000e+00 |      --      |    Inf |   6.31%
 5077s| 76800 |  7311 | 41060k| 534.6 |   516M |  65 |1076 |3589 |3150 | 497k|  0 |  97k|  17 | 0.000000e+00 |      --      |    Inf |   6.31%
 5083s| 76900 |  7299 | 41117k| 534.7 |   516M |  65 |1076 |3701 |3117 | 497k|  0 |  97k|  17 | 0.000000e+00 |      --      |    Inf |   6.31%
 5088s| 77000 |  7302 | 41168k| 534.6 |   516M |  65 |1076 |3695 |2948 | 498k|  0 |  97k|  17 | 0.000000e+00 |      --      |    Inf |   6.31%
 5094s| 77100 |  7302 | 41231k| 534.8 |   516M |  65 |1076 |3721 |3838 | 498k|  0 |  97k|  17 | 0.000000e+00 |      --      |    Inf |   6.31%
 5101s| 77200 |  7333 | 41291k| 534.8 |   516M |  65 |1076 |3713 |4161 | 498k|  0 |  97k|  17 | 0.000000e+00 |      --      |    Inf |   6.31%
 5108s| 77300 |  7350 | 41355k| 535.0 |   517M |  65 |1076 |3796 |4156 | 498k|  1 |  97k|  17 | 0.000000e+00 |      --      |    Inf |   6.31%
 5115s| 77400 |  7359 | 41413k| 535.0 |   517M |  65 |1076 |3876 |4167 | 498k|  0 |  97k|  17 | 0.000000e+00 |      --      |    Inf |   6.31%
 5121s| 77500 |  7357 | 41462k| 535.0 |   517M |  65 |1076 |3916 |4169 | 498k|  2 |  98k|  17 | 0.000000e+00 |      --      |    Inf |   6.31%
 5127s| 77600 |  7351 | 41512k| 534.9 |   517M |  65 |1076 |3980 |   0 | 498k|  0 |  98k|  17 | 0.000000e+00 |      --      |    Inf |   6.31%
 5134s| 77700 |  7358 | 41589k| 535.2 |   517M |  65 |1076 |3755 |4002 | 499k|  2 |  98k|  17 | 0.000000e+00 |      --      |    Inf |   6.32%
 5140s| 77800 |  7362 | 41650k| 535.3 |   517M |  65 |1076 |3784 |2809 | 500k|  2 |  98k|  17 | 0.000000e+00 |      --      |    Inf |   6.32%
 5146s| 77900 |  7366 | 41711k| 535.4 |   517M |  65 |1076 |3800 |2781 | 501k|  0 |  98k|  17 | 0.000000e+00 |      --      |    Inf |   6.32%
 5153s| 78000 |  7367 | 41779k| 535.6 |   517M |  65 |1076 |3785 |3716 | 501k|  2 |  98k|  17 | 0.000000e+00 |      --      |    Inf |   6.32%
 5159s| 78100 |  7373 | 41834k| 535.6 |   517M |  65 |1076 |3705 |   0 | 501k|  0 |  98k|  17 | 0.000000e+00 |      --      |    Inf |   6.32%
 time | node  | left  |LP iter|LP it/n|mem/heur|mdpt |vars |cons |rows |cuts |sepa|confs|strbr|  dualbound   | primalbound  |  gap   | compl. 
 5166s| 78200 |  7360 | 41896k| 535.7 |   517M |  65 |1076 |3618 |3123 | 501k|  0 |  98k|  17 | 0.000000e+00 |      --      |    Inf |   6.32%
 5174s| 78300 |  7392 | 41973k| 536.0 |   517M |  65 |1076 |3615 |   0 | 502k|  0 |  98k|  17 | 0.000000e+00 |      --      |    Inf |   6.32%
 5180s| 78400 |  7402 | 42031k| 536.1 |   517M |  65 |1076 |3569 |3489 | 502k|  0 |  99k|  17 | 0.000000e+00 |      --      |    Inf |   6.32%
 5187s| 78500 |  7403 | 42094k| 536.2 |   518M |  65 |1076 |3560 |4380 | 502k|  0 |  99k|  17 | 0.000000e+00 |      --      |    Inf |   6.32%
 5192s| 78600 |  7403 | 42143k| 536.2 |   518M |  65 |1076 |3574 |3226 | 503k|  2 |  99k|  17 | 0.000000e+00 |      --      |    Inf |   6.32%
 5197s| 78700 |  7408 | 42198k| 536.2 |   518M |  65 |1076 |3635 |3087 | 503k|  0 |  99k|  17 | 0.000000e+00 |      --      |    Inf |   6.32%
 5204s| 78800 |  7424 | 42259k| 536.3 |   518M |  65 |1076 |3593 |3973 | 503k|  0 |  99k|  17 | 0.000000e+00 |      --      |    Inf |   6.33%
 5209s| 78900 |  7419 | 42307k| 536.2 |   518M |  65 |1076 |3600 |2635 | 504k|  2 |  99k|  17 | 0.000000e+00 |      --      |    Inf |   6.33%
 5214s| 79000 |  7423 | 42360k| 536.2 |   518M |  65 |1076 |3590 |3794 | 504k|  0 |  99k|  17 | 0.000000e+00 |      --      |    Inf |   6.33%
 5220s| 79100 |  7427 | 42415k| 536.2 |   518M |  65 |1076 |3652 |3966 | 504k|  1 |  99k|  17 | 0.000000e+00 |      --      |    Inf |   6.33%
 5225s| 79200 |  7430 | 42462k| 536.1 |   518M |  65 |1076 |3734 |2844 | 504k|  3 | 100k|  17 | 0.000000e+00 |      --      |    Inf |   6.33%
 5229s| 79300 |  7420 | 42503k| 536.0 |   518M |  65 |1076 |3780 |3154 | 505k|  0 | 100k|  17 | 0.000000e+00 |      --      |    Inf |   6.33%
 5236s| 79400 |  7427 | 42566k| 536.1 |   518M |  65 |1076 |3804 |3953 | 505k|  0 | 100k|  17 | 0.000000e+00 |      --      |    Inf |   6.33%
 5243s| 79500 |  7424 | 42632k| 536.2 |   518M |  65 |1076 |3795 |2712 | 506k|  0 | 100k|  17 | 0.000000e+00 |      --      |    Inf |   6.37%
 5250s| 79600 |  7438 | 42702k| 536.4 |   518M |  65 |1076 |3646 |4142 | 506k|  0 | 100k|  17 | 0.000000e+00 |      --      |    Inf |   6.37%
 time | node  | left  |LP iter|LP it/n|mem/heur|mdpt |vars |cons |rows |cuts |sepa|confs|strbr|  dualbound   | primalbound  |  gap   | compl. 
 5258s| 79700 |  7455 | 42782k| 536.8 |   518M |  65 |1076 |3729 |2770 | 508k|  0 | 100k|  17 | 0.000000e+00 |      --      |    Inf |   6.37%
 5264s| 79800 |  7461 | 42844k| 536.9 |   518M |  65 |1076 |3804 |4009 | 508k|  1 | 100k|  17 | 0.000000e+00 |      --      |    Inf |   6.37%
 5271s| 79900 |  7458 | 42900k| 536.9 |   518M |  65 |1076 |3929 |4005 | 508k|  1 | 101k|  17 | 0.000000e+00 |      --      |    Inf |   6.37%
 5276s| 80000 |  7441 | 42958k| 537.0 |   518M |  65 |1076 |3928 |3689 | 509k|  0 | 101k|  17 | 0.000000e+00 |      --      |    Inf |   6.37%
 5282s| 80100 |  7430 | 43014k| 537.0 |   518M |  65 |1076 |3746 |3856 | 509k|  1 | 101k|  17 | 0.000000e+00 |      --      |    Inf |   6.37%
 5288s| 80200 |  7443 | 43075k| 537.1 |   518M |  65 |1076 |3666 |3735 | 509k|  1 | 101k|  17 | 0.000000e+00 |      --      |    Inf |   6.37%
 5294s| 80300 |  7466 | 43127k| 537.0 |   518M |  65 |1076 |3755 |3752 | 510k|  2 | 101k|  17 | 0.000000e+00 |      --      |    Inf |   6.37%
 5301s| 80400 |  7467 | 43198k| 537.3 |   519M |  65 |1076 |3728 |2799 | 510k|  0 | 101k|  17 | 0.000000e+00 |      --      |    Inf |   6.39%
 5307s| 80500 |  7473 | 43267k| 537.5 |   519M |  65 |1076 |3696 |2826 | 511k|  2 | 101k|  17 | 0.000000e+00 |      --      |    Inf |   6.39%
 5311s| 80600 |  7474 | 43319k| 537.4 |   519M |  65 |1076 |3764 |2869 | 512k|  0 | 102k|  17 | 0.000000e+00 |      --      |    Inf |   6.39%
 5319s| 80700 |  7485 | 43402k| 537.8 |   519M |  65 |1076 |3758 |2898 | 513k|  2 | 102k|  17 | 0.000000e+00 |      --      |    Inf |   6.39%
 5329s| 80800 |  7479 | 43503k| 538.4 |   519M |  65 |1076 |3820 |2922 | 514k|  0 | 102k|  17 | 0.000000e+00 |      --      |    Inf |   6.39%
 5336s| 80900 |  7473 | 43566k| 538.5 |   519M |  65 |1076 |3712 |3833 | 514k|  2 | 102k|  17 | 0.000000e+00 |      --      |    Inf |   6.49%
 5342s| 81000 |  7475 | 43631k| 538.6 |   519M |  65 |1076 |3725 |4179 | 514k|  1 | 102k|  17 | 0.000000e+00 |      --      |    Inf |   6.49%
 5348s| 81100 |  7471 | 43695k| 538.8 |   519M |  65 |1076 |3643 |2616 | 515k|  2 | 102k|  17 | 0.000000e+00 |      --      |    Inf |   6.49%
 time | node  | left  |LP iter|LP it/n|mem/heur|mdpt |vars |cons |rows |cuts |sepa|confs|strbr|  dualbound   | primalbound  |  gap   | compl. 
 5354s| 81200 |  7484 | 43757k| 538.9 |   519M |  65 |1076 |3700 |2945 | 516k|  2 | 102k|  17 | 0.000000e+00 |      --      |    Inf |   6.49%
 5357s| 81300 |  7485 | 43795k| 538.7 |   519M |  65 |1076 |3786 |2875 | 517k|  2 | 102k|  17 | 0.000000e+00 |      --      |    Inf |   6.49%
 5362s| 81400 |  7491 | 43840k| 538.6 |   519M |  65 |1076 |3915 |2907 | 518k|  0 | 103k|  17 | 0.000000e+00 |      --      |    Inf |   6.49%
 5366s| 81500 |  7487 | 43887k| 538.5 |   519M |  65 |1076 |4034 |2946 | 518k|  2 | 103k|  17 | 0.000000e+00 |      --      |    Inf |   6.49%
 5371s| 81600 |  7479 | 43944k| 538.5 |   519M |  65 |1076 |4122 |   0 | 519k|  0 | 103k|  17 | 0.000000e+00 |      --      |    Inf |   6.49%
 5377s| 81700 |  7480 | 44012k| 538.7 |   519M |  65 |1076 |4178 |2929 | 520k|  1 | 103k|  17 | 0.000000e+00 |      --      |    Inf |   6.49%
 5382s| 81800 |  7466 | 44075k| 538.8 |   519M |  65 |1076 |4165 |3097 | 520k|  2 | 103k|  17 | 0.000000e+00 |      --      |    Inf |   6.49%
 5388s| 81900 |  7467 | 44135k| 538.9 |   520M |  65 |1076 |4113 |4221 | 521k|  0 | 103k|  17 | 0.000000e+00 |      --      |    Inf |   6.49%
 5394s| 82000 |  7462 | 44194k| 538.9 |   520M |  65 |1076 |4110 |3968 | 521k|  1 | 103k|  17 | 0.000000e+00 |      --      |    Inf |   6.49%
 5400s| 82100 |  7455 | 44245k| 538.9 |   520M |  65 |1076 |4065 |3822 | 521k|  0 | 104k|  17 | 0.000000e+00 |      --      |    Inf |   6.49%
 5405s| 82200 |  7454 | 44300k| 538.9 |   520M |  65 |1076 |3190 |2280 | 522k|  2 | 104k|  17 | 0.000000e+00 |      --      |    Inf |   6.49%
 5410s| 82300 |  7450 | 44352k| 538.9 |   520M |  65 |1076 |2669 |3807 | 522k|  1 | 104k|  17 | 0.000000e+00 |      --      |    Inf |   6.49%
 5416s| 82400 |  7447 | 44422k| 539.1 |   520M |  65 |1076 |2629 |4388 | 523k|  0 | 104k|  17 | 0.000000e+00 |      --      |    Inf |   6.49%
 5422s| 82500 |  7449 | 44482k| 539.2 |   520M |  65 |1076 |2600 |4632 | 523k|  1 | 104k|  17 | 0.000000e+00 |      --      |    Inf |   6.52%
 5429s| 82600 |  7480 | 44555k| 539.4 |   521M |  65 |1076 |2603 |3189 | 524k|  2 | 104k|  17 | 0.000000e+00 |      --      |    Inf |   6.52%
 time | node  | left  |LP iter|LP it/n|mem/heur|mdpt |vars |cons |rows |cuts |sepa|confs|strbr|  dualbound   | primalbound  |  gap   | compl. 
 5436s| 82700 |  7476 | 44621k| 539.5 |   521M |  65 |1076 |2700 |2693 | 525k|  2 | 104k|  17 | 0.000000e+00 |      --      |    Inf |   6.52%
 5442s| 82800 |  7467 | 44683k| 539.6 |   521M |  65 |1076 |2791 |   0 | 525k|  0 | 105k|  17 | 0.000000e+00 |      --      |    Inf |   6.52%
 5447s| 82900 |  7464 | 44730k| 539.5 |   521M |  65 |1076 |2898 |2776 | 525k|  0 | 105k|  17 | 0.000000e+00 |      --      |    Inf |   6.52%
 5453s| 83000 |  7469 | 44785k| 539.6 |   521M |  65 |1076 |2988 |3698 | 526k|  1 | 105k|  17 | 0.000000e+00 |      --      |    Inf |   6.52%
 5458s| 83100 |  7464 | 44839k| 539.6 |   521M |  65 |1076 |3054 |3695 | 526k|  1 | 105k|  17 | 0.000000e+00 |      --      |    Inf |   6.52%
 5466s| 83200 |  7457 | 44907k| 539.7 |   521M |  65 |1076 |3087 |3994 | 526k|  2 | 105k|  17 | 0.000000e+00 |      --      |    Inf |   6.52%
 5474s| 83300 |  7462 | 44978k| 539.9 |   521M |  65 |1076 |3131 |3270 | 526k|  2 | 105k|  17 | 0.000000e+00 |      --      |    Inf |   6.52%
 5481s| 83400 |  7458 | 45046k| 540.1 |   521M |  65 |1076 |3158 |3926 | 527k|  0 | 105k|  17 | 0.000000e+00 |      --      |    Inf |   6.52%
 5487s| 83500 |  7468 | 45110k| 540.2 |   521M |  65 |1076 |3198 |2673 | 527k|  0 | 106k|  17 | 0.000000e+00 |      --      |    Inf |   6.52%
 5493s| 83600 |  7460 | 45166k| 540.2 |   521M |  65 |1076 |3186 |3321 | 528k|  0 | 106k|  17 | 0.000000e+00 |      --      |    Inf |   6.53%
 5500s| 83700 |  7479 | 45231k| 540.4 |   521M |  65 |1076 |3159 |3882 | 528k|  2 | 106k|  17 | 0.000000e+00 |      --      |    Inf |   6.53%
 5506s| 83800 |  7492 | 45280k| 540.3 |   521M |  65 |1076 |3189 |2506 | 528k|  0 | 106k|  17 | 0.000000e+00 |      --      |    Inf |   6.53%
 5513s| 83900 |  7531 | 45354k| 540.6 |   521M |  65 |1076 |3102 |2476 | 530k|  2 | 106k|  17 | 0.000000e+00 |      --      |    Inf |   6.53%
 5518s| 84000 |  7547 | 45411k| 540.6 |   521M |  65 |1076 |3161 |2942 | 531k|  0 | 106k|  17 | 0.000000e+00 |      --      |    Inf |   6.53%
 5521s| 84100 |  7545 | 45450k| 540.4 |   521M |  65 |1076 |3255 |2967 | 532k|  2 | 106k|  17 | 0.000000e+00 |      --      |    Inf |   6.53%
 time | node  | left  |LP iter|LP it/n|mem/heur|mdpt |vars |cons |rows |cuts |sepa|confs|strbr|  dualbound   | primalbound  |  gap   | compl. 
 5527s| 84200 |  7552 | 45505k| 540.4 |   521M |  65 |1076 |3296 |3722 | 532k|  0 | 106k|  17 | 0.000000e+00 |      --      |    Inf |   6.53%
 5532s| 84300 |  7544 | 45553k| 540.3 |   521M |  65 |1076 |3321 |4138 | 532k|  1 | 106k|  17 | 0.000000e+00 |      --      |    Inf |   6.53%
 5536s| 84400 |  7549 | 45598k| 540.2 |   521M |  65 |1076 |3412 |2847 | 533k|  2 | 107k|  17 | 0.000000e+00 |      --      |    Inf |   6.53%
 5542s| 84500 |  7538 | 45655k| 540.3 |   521M |  65 |1076 |3405 |3226 | 533k|  2 | 107k|  17 | 0.000000e+00 |      --      |    Inf |   6.53%
 5548s| 84600 |  7545 | 45724k| 540.4 |   521M |  65 |1076 |3454 |2661 | 533k|  2 | 107k|  17 | 0.000000e+00 |      --      |    Inf |   6.53%
 5554s| 84700 |  7544 | 45781k| 540.5 |   521M |  65 |1076 |3461 |3397 | 534k|  2 | 107k|  17 | 0.000000e+00 |      --      |    Inf |   6.53%
 5561s| 84800 |  7541 | 45853k| 540.7 |   521M |  65 |1076 |3403 |4336 | 534k|  0 | 107k|  17 | 0.000000e+00 |      --      |    Inf |   6.53%
 5566s| 84900 |  7545 | 45898k| 540.6 |   521M |  65 |1076 |3384 |3118 | 535k|  0 | 107k|  17 | 0.000000e+00 |      --      |    Inf |   6.53%
 5570s| 85000 |  7563 | 45945k| 540.5 |   521M |  65 |1076 |3434 |2710 | 536k|  2 | 107k|  17 | 0.000000e+00 |      --      |    Inf |   6.53%
 5576s| 85100 |  7581 | 46006k| 540.6 |   521M |  65 |1076 |3465 |3498 | 536k|  1 | 107k|  17 | 0.000000e+00 |      --      |    Inf |   6.53%
 5582s| 85200 |  7588 | 46067k| 540.7 |   521M |  65 |1076 |3582 |3508 | 537k|  0 | 108k|  17 | 0.000000e+00 |      --      |    Inf |   6.53%
 5587s| 85300 |  7595 | 46116k| 540.6 |   521M |  65 |1076 |3703 |3526 | 537k|  2 | 108k|  17 | 0.000000e+00 |      --      |    Inf |   6.53%
 5593s| 85400 |  7596 | 46171k| 540.6 |   522M |  65 |1076 |3711 |3573 | 537k|  0 | 108k|  17 | 0.000000e+00 |      --      |    Inf |   6.53%
 5601s| 85500 |  7608 | 46253k| 540.9 |   522M |  65 |1076 |3578 |2738 | 538k|  0 | 108k|  17 | 0.000000e+00 |      --      |    Inf |   6.53%
 5606s| 85600 |  7612 | 46308k| 541.0 |   522M |  65 |1076 |3505 |4160 | 539k|  0 | 108k|  17 | 0.000000e+00 |      --      |    Inf |   6.53%
 time | node  | left  |LP iter|LP it/n|mem/heur|mdpt |vars |cons |rows |cuts |sepa|confs|strbr|  dualbound   | primalbound  |  gap   | compl. 
 5612s| 85700 |  7626 | 46371k| 541.1 |   522M |  65 |1076 |3471 |2884 | 540k|  2 | 108k|  17 | 0.000000e+00 |      --      |    Inf |   6.53%
 5618s| 85800 |  7622 | 46428k| 541.1 |   522M |  65 |1076 |3556 |2947 | 541k|  0 | 108k|  17 | 0.000000e+00 |      --      |    Inf |   6.53%
 5624s| 85900 |  7616 | 46499k| 541.3 |   522M |  65 |1076 |3586 |3956 | 541k|  0 | 109k|  17 | 0.000000e+00 |      --      |    Inf |   6.53%
 5630s| 86000 |  7618 | 46557k| 541.3 |   522M |  65 |1076 |3483 |3060 | 542k|  1 | 109k|  17 | 0.000000e+00 |      --      |    Inf |   6.53%
 5637s| 86100 |  7631 | 46625k| 541.5 |   522M |  65 |1076 |3522 |2936 | 543k|  2 | 109k|  17 | 0.000000e+00 |      --      |    Inf |   6.53%
 5644s| 86200 |  7635 | 46698k| 541.7 |   522M |  65 |1076 |3588 |2948 | 544k|  0 | 109k|  17 | 0.000000e+00 |      --      |    Inf |   6.53%
 5650s| 86300 |  7624 | 46766k| 541.9 |   523M |  65 |1076 |3613 |2348 | 544k|  2 | 109k|  17 | 0.000000e+00 |      --      |    Inf |   6.54%
 5659s| 86400 |  7635 | 46850k| 542.2 |   523M |  65 |1076 |3481 |3772 | 545k|  0 | 109k|  17 | 0.000000e+00 |      --      |    Inf |   6.54%
 5666s| 86500 |  7634 | 46916k| 542.4 |   523M |  65 |1076 |3547 |4598 | 545k|  1 | 109k|  17 | 0.000000e+00 |      --      |    Inf |   6.54%
 5672s| 86600 |  7640 | 46968k| 542.3 |   523M |  65 |1076 |3491 |4166 | 545k|  2 | 110k|  17 | 0.000000e+00 |      --      |    Inf |   6.54%
 5678s| 86700 |  7640 | 47018k| 542.3 |   523M |  65 |1076 |3478 |3980 | 546k|  0 | 110k|  17 | 0.000000e+00 |      --      |    Inf |   6.54%
 5683s| 86800 |  7634 | 47072k| 542.3 |   523M |  65 |1076 |3457 |3761 | 546k|  0 | 110k|  17 | 0.000000e+00 |      --      |    Inf |   6.54%
 5691s| 86900 |  7642 | 47150k| 542.6 |   523M |  65 |1076 |3291 |2845 | 548k|  2 | 110k|  17 | 0.000000e+00 |      --      |    Inf |   6.54%
 5696s| 87000 |  7655 | 47202k| 542.5 |   523M |  65 |1076 |3348 |   0 | 548k|  0 | 110k|  17 | 0.000000e+00 |      --      |    Inf |   6.54%
 5703s| 87100 |  7647 | 47264k| 542.6 |   523M |  65 |1076 |3416 |   0 | 548k|  0 | 110k|  17 | 0.000000e+00 |      --      |    Inf |   6.54%
 time | node  | left  |LP iter|LP it/n|mem/heur|mdpt |vars |cons |rows |cuts |sepa|confs|strbr|  dualbound   | primalbound  |  gap   | compl. 
 5709s| 87200 |  7648 | 47321k| 542.7 |   523M |  65 |1076 |3486 |3692 | 548k|  2 | 110k|  17 | 0.000000e+00 |      --      |    Inf |   6.54%
 5715s| 87300 |  7626 | 47379k| 542.7 |   523M |  65 |1076 |3459 |4212 | 548k|  0 | 111k|  17 | 0.000000e+00 |      --      |    Inf |   6.54%
 5723s| 87400 |  7661 | 47457k| 543.0 |   523M |  65 |1076 |3511 |2818 | 550k|  1 | 111k|  17 | 0.000000e+00 |      --      |    Inf |   6.54%
 5728s| 87500 |  7668 | 47509k| 542.9 |   524M |  65 |1076 |3646 |2839 | 551k|  1 | 111k|  17 | 0.000000e+00 |      --      |    Inf |   6.54%
 5733s| 87600 |  7669 | 47567k| 543.0 |   524M |  65 |1076 |3776 |3058 | 551k|  0 | 111k|  17 | 0.000000e+00 |      --      |    Inf |   6.54%
 5738s| 87700 |  7663 | 47614k| 542.9 |   524M |  65 |1076 |3844 |3018 | 552k|  2 | 111k|  17 | 0.000000e+00 |      --      |    Inf |   6.54%
 5745s| 87800 |  7659 | 47683k| 543.1 |   524M |  65 |1076 |3932 |3183 | 552k|  2 | 111k|  17 | 0.000000e+00 |      --      |    Inf |   6.54%
 5751s| 87900 |  7647 | 47750k| 543.2 |   524M |  65 |1076 |4014 |   0 | 553k|  0 | 111k|  17 | 0.000000e+00 |      --      |    Inf |   6.54%
 5758s| 88000 |  7656 | 47819k| 543.4 |   524M |  65 |1076 |4078 |2866 | 554k|  3 | 111k|  17 | 0.000000e+00 |      --      |    Inf |   6.54%
 5762s| 88100 |  7655 | 47866k| 543.3 |   524M |  65 |1076 |4045 |2620 | 555k|  0 | 112k|  17 | 0.000000e+00 |      --      |    Inf |   6.54%
 5766s| 88200 |  7650 | 47906k| 543.1 |   524M |  65 |1076 |3942 |   0 | 555k|  0 | 112k|  17 | 0.000000e+00 |      --      |    Inf |   6.54%
 5771s| 88300 |  7644 | 47955k| 543.1 |   524M |  65 |1076 |3742 |2911 | 555k|  0 | 112k|  17 | 0.000000e+00 |      --      |    Inf |   6.54%
 5776s| 88400 |  7651 | 48009k| 543.1 |   524M |  65 |1076 |3778 |3074 | 556k|  2 | 112k|  17 | 0.000000e+00 |      --      |    Inf |   6.54%
 5781s| 88500 |  7647 | 48063k| 543.1 |   524M |  65 |1076 |3805 |   0 | 556k|  0 | 112k|  17 | 0.000000e+00 |      --      |    Inf |   6.54%
 5787s| 88600 |  7652 | 48127k| 543.2 |   524M |  65 |1076 |3861 |3822 | 557k|  2 | 112k|  17 | 0.000000e+00 |      --      |    Inf |   6.54%
 time | node  | left  |LP iter|LP it/n|mem/heur|mdpt |vars |cons |rows |cuts |sepa|confs|strbr|  dualbound   | primalbound  |  gap   | compl. 
 5794s| 88700 |  7667 | 48195k| 543.3 |   524M |  65 |1076 |3933 |3826 | 557k|  1 | 112k|  17 | 0.000000e+00 |      --      |    Inf |   6.54%
 5801s| 88800 |  7676 | 48266k| 543.5 |   524M |  65 |1076 |4024 |2782 | 558k|  2 | 113k|  17 | 0.000000e+00 |      --      |    Inf |   6.54%
 5807s| 88900 |  7673 | 48339k| 543.7 |   524M |  65 |1076 |4182 |2707 | 559k|  0 | 113k|  17 | 0.000000e+00 |      --      |    Inf |   6.54%
 5814s| 89000 |  7668 | 48409k| 543.9 |   524M |  65 |1076 |4054 |3626 | 560k|  0 | 113k|  17 | 0.000000e+00 |      --      |    Inf |   6.54%
 5820s| 89100 |  7659 | 48470k| 544.0 |   524M |  65 |1076 |4011 |4001 | 560k|  0 | 113k|  17 | 0.000000e+00 |      --      |    Inf |   6.54%
 5828s| 89200 |  7660 | 48544k| 544.2 |   525M |  65 |1076 |3880 |3909 | 561k|  0 | 113k|  17 | 0.000000e+00 |      --      |    Inf |   6.69%
 5834s| 89300 |  7647 | 48608k| 544.3 |   525M |  65 |1076 |3880 |4409 | 561k|  0 | 113k|  17 | 0.000000e+00 |      --      |    Inf |   6.69%
 5840s| 89400 |  7651 | 48667k| 544.4 |   525M |  65 |1076 |3895 |4219 | 562k|  0 | 113k|  17 | 0.000000e+00 |      --      |    Inf |   6.69%
 5845s| 89500 |  7647 | 48720k| 544.3 |   525M |  65 |1076 |3765 |   0 | 563k|  0 | 114k|  17 | 0.000000e+00 |      --      |    Inf |   6.69%
 5851s| 89600 |  7644 | 48775k| 544.3 |   525M |  65 |1076 |3835 |3703 | 563k|  0 | 114k|  17 | 0.000000e+00 |      --      |    Inf |   6.69%
 5857s| 89700 |  7648 | 48836k| 544.4 |   526M |  65 |1076 |3742 |3937 | 563k|  0 | 114k|  17 | 0.000000e+00 |      --      |    Inf |   6.72%
 5865s| 89800 |  7630 | 48905k| 544.6 |   526M |  65 |1076 |3457 |3612 | 564k|  2 | 114k|  17 | 0.000000e+00 |      --      |    Inf |   6.73%
 5871s| 89900 |  7634 | 48958k| 544.6 |   527M |  65 |1076 |3488 |3714 | 564k|  0 | 114k|  17 | 0.000000e+00 |      --      |    Inf |   6.73%
 5877s| 90000 |  7642 | 49022k| 544.7 |   527M |  65 |1076 |3421 |3551 | 564k|  0 | 114k|  17 | 0.000000e+00 |      --      |    Inf |   6.73%
 5882s| 90100 |  7654 | 49070k| 544.6 |   527M |  65 |1076 |3498 |3585 | 565k|  0 | 114k|  17 | 0.000000e+00 |      --      |    Inf |   6.73%
 time | node  | left  |LP iter|LP it/n|mem/heur|mdpt |vars |cons |rows |cuts |sepa|confs|strbr|  dualbound   | primalbound  |  gap   | compl. 
 5886s| 90200 |  7655 | 49112k| 544.5 |   527M |  65 |1076 |3617 |3571 | 565k|  0 | 115k|  17 | 0.000000e+00 |      --      |    Inf |   6.73%
 5892s| 90300 |  7653 | 49170k| 544.5 |   527M |  65 |1076 |3641 |3781 | 565k|  0 | 115k|  17 | 0.000000e+00 |      --      |    Inf |   6.73%
 5899s| 90400 |  7658 | 49240k| 544.7 |   527M |  65 |1076 |3684 |3226 | 565k|  2 | 115k|  17 | 0.000000e+00 |      --      |    Inf |   6.73%
 5904s| 90500 |  7651 | 49297k| 544.7 |   527M |  65 |1076 |3702 |2921 | 565k|  2 | 115k|  17 | 0.000000e+00 |      --      |    Inf |   6.73%
 5911s| 90600 |  7672 | 49367k| 544.9 |   527M |  65 |1076 |3591 |3487 | 566k|  0 | 115k|  17 | 0.000000e+00 |      --      |    Inf |   6.73%
 5917s| 90700 |  7676 | 49437k| 545.0 |   527M |  65 |1076 |3648 |3664 | 567k|  2 | 115k|  17 | 0.000000e+00 |      --      |    Inf |   6.73%
 5922s| 90800 |  7673 | 49489k| 545.0 |   527M |  65 |1076 |3641 |3509 | 567k|  1 | 115k|  17 | 0.000000e+00 |      --      |    Inf |   6.73%
 5929s| 90900 |  7699 | 49555k| 545.1 |   527M |  65 |1076 |3553 |3663 | 567k|  0 | 115k|  17 | 0.000000e+00 |      --      |    Inf |   6.73%
 5935s| 91000 |  7683 | 49615k| 545.2 |   527M |  65 |1076 |3607 |2721 | 568k|  0 | 116k|  17 | 0.000000e+00 |      --      |    Inf |   6.73%
 5939s| 91100 |  7683 | 49663k| 545.1 |   527M |  65 |1076 |3686 |4417 | 568k|  0 | 116k|  17 | 0.000000e+00 |      --      |    Inf |   6.73%
 5946s| 91200 |  7700 | 49740k| 545.4 |   527M |  65 |1076 |3688 |4133 | 569k|  0 | 116k|  17 | 0.000000e+00 |      --      |    Inf |   6.73%
 5951s| 91300 |  7701 | 49789k| 545.3 |   527M |  65 |1076 |3725 |3957 | 570k|  0 | 116k|  17 | 0.000000e+00 |      --      |    Inf |   6.73%
 5954s| 91400 |  7717 | 49820k| 545.1 |   527M |  65 |1076 |3781 |3956 | 570k|  1 | 116k|  17 | 0.000000e+00 |      --      |    Inf |   6.73%
 5956s| 91500 |  7721 | 49850k| 544.8 |   527M |  65 |1076 |3717 |3244 | 570k|  1 | 116k|  17 | 0.000000e+00 |      --      |    Inf |   6.73%
 5959s| 91600 |  7718 | 49879k| 544.5 |   528M |  65 |1076 |3824 |3449 | 570k|  0 | 117k|  17 | 0.000000e+00 |      --      |    Inf |   6.73%
 time | node  | left  |LP iter|LP it/n|mem/heur|mdpt |vars |cons |rows |cuts |sepa|confs|strbr|  dualbound   | primalbound  |  gap   | compl. 
 5962s| 91700 |  7718 | 49912k| 544.3 |   528M |  65 |1076 |3725 |2990 | 570k|  2 | 117k|  17 | 0.000000e+00 |      --      |    Inf |   6.73%
 5965s| 91800 |  7716 | 49939k| 544.0 |   528M |  65 |1076 |3802 |4634 | 571k|  0 | 117k|  17 | 0.000000e+00 |      --      |    Inf |   6.74%
 5968s| 91900 |  7714 | 49969k| 543.7 |   528M |  65 |1076 |3677 |   0 | 571k|  0 | 117k|  17 | 0.000000e+00 |      --      |    Inf |   6.74%
 5971s| 92000 |  7721 | 50002k| 543.5 |   528M |  65 |1076 |3644 |3233 | 571k|  2 | 117k|  17 | 0.000000e+00 |      --      |    Inf |   6.74%
 5975s| 92100 |  7719 | 50050k| 543.4 |   528M |  65 |1076 |3649 |3357 | 571k|  2 | 117k|  17 | 0.000000e+00 |      --      |    Inf |   6.74%
 5981s| 92200 |  7715 | 50108k| 543.5 |   528M |  65 |1076 |3627 |4251 | 572k|  0 | 117k|  17 | 0.000000e+00 |      --      |    Inf |   6.74%
 5986s| 92300 |  7714 | 50159k| 543.4 |   528M |  65 |1076 |3649 |3773 | 573k|  0 | 117k|  17 | 0.000000e+00 |      --      |    Inf |   6.74%
 5992s| 92400 |  7716 | 50229k| 543.6 |   528M |  65 |1076 |3691 |4568 | 573k|  1 | 118k|  17 | 0.000000e+00 |      --      |    Inf |   6.74%
 6000s| 92500 |  7719 | 50299k| 543.7 |   528M |  65 |1076 |3797 |4164 | 573k|  0 | 118k|  17 | 0.000000e+00 |      --      |    Inf |   6.74%
 6008s| 92600 |  7721 | 50378k| 544.0 |   528M |  65 |1076 |3844 |3812 | 573k|  1 | 118k|  17 | 0.000000e+00 |      --      |    Inf |   6.74%
 6015s| 92700 |  7729 | 50444k| 544.1 |   528M |  65 |1076 |3889 |4179 | 573k|  1 | 118k|  17 | 0.000000e+00 |      --      |    Inf |   6.74%
 6021s| 92800 |  7723 | 50498k| 544.1 |   528M |  65 |1076 |4014 |4179 | 573k|  0 | 118k|  17 | 0.000000e+00 |      --      |    Inf |   6.74%
 6028s| 92900 |  7729 | 50566k| 544.3 |   528M |  65 |1076 |4061 |4187 | 573k|  1 | 118k|  17 | 0.000000e+00 |      --      |    Inf |   6.74%
 6033s| 93000 |  7723 | 50619k| 544.3 |   528M |  65 |1076 |4067 |4366 | 574k|  0 | 118k|  17 | 0.000000e+00 |      --      |    Inf |   6.74%
 6039s| 93100 |  7739 | 50681k| 544.3 |   528M |  65 |1076 |4039 |4177 | 574k|  1 | 119k|  17 | 0.000000e+00 |      --      |    Inf |   6.74%
 time | node  | left  |LP iter|LP it/n|mem/heur|mdpt |vars |cons |rows |cuts |sepa|confs|strbr|  dualbound   | primalbound  |  gap   | compl. 
 6045s| 93200 |  7731 | 50742k| 544.4 |   528M |  65 |1076 |4001 |3470 | 575k|  2 | 119k|  17 | 0.000000e+00 |      --      |    Inf |   6.74%
 6051s| 93300 |  7736 | 50811k| 544.6 |   528M |  65 |1076 |4086 |2922 | 575k|  0 | 119k|  17 | 0.000000e+00 |      --      |    Inf |   6.74%
 6057s| 93400 |  7729 | 50879k| 544.7 |   528M |  65 |1076 |4013 |2621 | 576k|  0 | 119k|  17 | 0.000000e+00 |      --      |    Inf |   6.74%
 6062s| 93500 |  7741 | 50936k| 544.8 |   528M |  65 |1076 |3995 |2697 | 577k|  1 | 119k|  17 | 0.000000e+00 |      --      |    Inf |   6.75%
 6068s| 93600 |  7734 | 50997k| 544.8 |   528M |  65 |1076 |4094 |4302 | 578k|  0 | 119k|  17 | 0.000000e+00 |      --      |    Inf |   6.75%
 6075s| 93700 |  7740 | 51070k| 545.0 |   528M |  65 |1076 |4112 |3320 | 578k|  0 | 119k|  17 | 0.000000e+00 |      --      |    Inf |   6.75%
 6080s| 93800 |  7744 | 51127k| 545.0 |   529M |  65 |1076 |4064 |3065 | 579k|  0 | 120k|  17 | 0.000000e+00 |      --      |    Inf |   6.75%
 6085s| 93900 |  7742 | 51179k| 545.0 |   529M |  65 |1076 |4102 |4308 | 579k|  2 | 120k|  17 | 0.000000e+00 |      --      |    Inf |   6.75%
 6091s| 94000 |  7751 | 51226k| 544.9 |   529M |  65 |1076 |4222 |4523 | 579k|  0 | 120k|  17 | 0.000000e+00 |      --      |    Inf |   6.75%
 6096s| 94100 |  7739 | 51271k| 544.8 |   529M |  65 |1076 |4293 |4676 | 579k|  0 | 120k|  17 | 0.000000e+00 |      --      |    Inf |   6.75%
 6103s| 94200 |  7737 | 51336k| 544.9 |   529M |  65 |1076 |4266 |4005 | 579k|  0 | 120k|  17 | 0.000000e+00 |      --      |    Inf |   6.75%
 6109s| 94300 |  7737 | 51400k| 545.1 |   529M |  65 |1076 |4213 |3960 | 580k|  1 | 120k|  17 | 0.000000e+00 |      --      |    Inf |   6.75%
 6115s| 94400 |  7731 | 51461k| 545.1 |   529M |  65 |1076 |4180 |2430 | 580k|  0 | 120k|  17 | 0.000000e+00 |      --      |    Inf |   6.75%
 6122s| 94500 |  7738 | 51530k| 545.3 |   529M |  65 |1076 |4237 |4151 | 580k|  1 | 121k|  17 | 0.000000e+00 |      --      |    Inf |   6.75%
 6127s| 94600 |  7737 | 51584k| 545.3 |   529M |  65 |1076 |4148 |2651 | 581k|  2 | 121k|  17 | 0.000000e+00 |      --      |    Inf |   6.75%
 time | node  | left  |LP iter|LP it/n|mem/heur|mdpt |vars |cons |rows |cuts |sepa|confs|strbr|  dualbound   | primalbound  |  gap   | compl. 
 6130s| 94700 |  7738 | 51629k| 545.2 |   529M |  65 |1076 |4218 |4265 | 581k|  0 | 121k|  17 | 0.000000e+00 |      --      |    Inf |   6.75%
 6134s| 94800 |  7741 | 51673k| 545.1 |   529M |  65 |1076 |4271 |2705 | 582k|  2 | 121k|  17 | 0.000000e+00 |      --      |    Inf |   6.75%
 6138s| 94900 |  7745 | 51716k| 544.9 |   529M |  65 |1076 |4236 |3705 | 582k|  2 | 121k|  17 | 0.000000e+00 |      --      |    Inf |   6.76%
 6143s| 95000 |  7739 | 51774k| 545.0 |   529M |  65 |1076 |4069 |3420 | 582k|  2 | 121k|  17 | 0.000000e+00 |      --      |    Inf |   6.76%
 6149s| 95100 |  7732 | 51840k| 545.1 |   530M |  65 |1076 |3870 |4901 | 583k|  0 | 121k|  17 | 0.000000e+00 |      --      |    Inf |   6.86%
 6158s| 95200 |  7750 | 51931k| 545.5 |   530M |  65 |1076 |3824 |2880 | 584k|  2 | 122k|  17 | 0.000000e+00 |      --      |    Inf |   6.86%
 6164s| 95300 |  7745 | 51996k| 545.6 |   530M |  65 |1076 |3791 |3792 | 584k|  0 | 122k|  17 | 0.000000e+00 |      --      |    Inf |   6.91%
 6171s| 95400 |  7755 | 52055k| 545.6 |   530M |  65 |1076 |3836 |4901 | 584k|  1 | 122k|  17 | 0.000000e+00 |      --      |    Inf |   6.91%
 6178s| 95500 |  7766 | 52119k| 545.7 |   530M |  65 |1076 |3946 |3753 | 584k|  0 | 122k|  17 | 0.000000e+00 |      --      |    Inf |   6.91%
 6184s| 95600 |  7781 | 52181k| 545.8 |   530M |  65 |1076 |3867 |3917 | 585k|  0 | 122k|  17 | 0.000000e+00 |      --      |    Inf |   6.91%
 6190s| 95700 |  7796 | 52243k| 545.9 |   530M |  65 |1076 |3790 |3739 | 585k|  0 | 122k|  17 | 0.000000e+00 |      --      |    Inf |   6.92%
 6196s| 95800 |  7801 | 52297k| 545.9 |   530M |  65 |1076 |3732 |3952 | 585k|  2 | 122k|  17 | 0.000000e+00 |      --      |    Inf |   6.92%
 6202s| 95900 |  7810 | 52357k| 545.9 |   530M |  65 |1076 |3732 |3732 | 585k|  1 | 122k|  17 | 0.000000e+00 |      --      |    Inf |   6.92%
 6206s| 96000 |  7809 | 52399k| 545.8 |   530M |  65 |1076 |3785 |2814 | 586k|  2 | 123k|  17 | 0.000000e+00 |      --      |    Inf |   6.92%
 6212s| 96100 |  7801 | 52466k| 545.9 |   530M |  65 |1076 |3827 |3757 | 586k|  0 | 123k|  17 | 0.000000e+00 |      --      |    Inf |   6.92%
 time | node  | left  |LP iter|LP it/n|mem/heur|mdpt |vars |cons |rows |cuts |sepa|confs|strbr|  dualbound   | primalbound  |  gap   | compl. 
 6217s| 96200 |  7801 | 52517k| 545.9 |   530M |  65 |1076 |3841 |   0 | 586k|  0 | 123k|  17 | 0.000000e+00 |      --      |    Inf |   6.92%
 6223s| 96300 |  7803 | 52573k| 545.9 |   530M |  65 |1076 |3914 |2866 | 586k|  0 | 123k|  17 | 0.000000e+00 |      --      |    Inf |   6.92%
 6230s| 96400 |  7806 | 52653k| 546.2 |   530M |  65 |1076 |3813 |4057 | 588k|  0 | 123k|  17 | 0.000000e+00 |      --      |    Inf |   6.93%
 6236s| 96500 |  7806 | 52715k| 546.2 |   530M |  65 |1076 |3749 |3250 | 588k|  0 | 123k|  17 | 0.000000e+00 |      --      |    Inf |   6.93%
 6242s| 96600 |  7809 | 52782k| 546.4 |   530M |  65 |1076 |3709 |2690 | 589k|  2 | 124k|  17 | 0.000000e+00 |      --      |    Inf |   6.93%
 6247s| 96700 |  7819 | 52845k| 546.5 |   530M |  65 |1076 |3801 |3036 | 590k|  0 | 124k|  17 | 0.000000e+00 |      --      |    Inf |   6.93%
 6252s| 96800 |  7824 | 52900k| 546.5 |   530M |  65 |1076 |3927 |3047 | 590k|  2 | 124k|  17 | 0.000000e+00 |      --      |    Inf |   6.93%
 6257s| 96900 |  7828 | 52961k| 546.5 |   530M |  65 |1076 |4032 |3115 | 591k|  2 | 124k|  17 | 0.000000e+00 |      --      |    Inf |   6.93%
 6262s| 97000 |  7813 | 53016k| 546.5 |   530M |  65 |1076 |4102 |3149 | 591k|  0 | 124k|  17 | 0.000000e+00 |      --      |    Inf |   6.93%
 6267s| 97100 |  7828 | 53075k| 546.6 |   530M |  65 |1076 |3962 |3278 | 592k|  1 | 124k|  17 | 0.000000e+00 |      --      |    Inf |   6.93%
 6272s| 97200 |  7832 | 53126k| 546.5 |   530M |  65 |1076 |3887 |2838 | 592k|  2 | 124k|  17 | 0.000000e+00 |      --      |    Inf |   6.93%
 6277s| 97300 |  7818 | 53181k| 546.6 |   530M |  65 |1076 |3883 |3061 | 592k|  2 | 124k|  17 | 0.000000e+00 |      --      |    Inf |   6.93%
 6281s| 97400 |  7816 | 53226k| 546.5 |   530M |  65 |1076 |3947 |4070 | 592k|  0 | 125k|  17 | 0.000000e+00 |      --      |    Inf |   6.93%
 6286s| 97500 |  7812 | 53278k| 546.4 |   530M |  65 |1076 |3908 |3962 | 593k|  0 | 125k|  17 | 0.000000e+00 |      --      |    Inf |   6.93%
 6291s| 97600 |  7818 | 53339k| 546.5 |   530M |  65 |1076 |3878 |2437 | 594k|  1 | 125k|  17 | 0.000000e+00 |      --      |    Inf |   6.93%
 time | node  | left  |LP iter|LP it/n|mem/heur|mdpt |vars |cons |rows |cuts |sepa|confs|strbr|  dualbound   | primalbound  |  gap   | compl. 
 6299s| 97700 |  7823 | 53411k| 546.7 |   530M |  65 |1076 |3922 |3816 | 594k|  2 | 125k|  17 | 0.000000e+00 |      --      |    Inf |   6.93%
 6304s| 97800 |  7821 | 53470k| 546.7 |   530M |  65 |1076 |3883 |3850 | 594k|  0 | 125k|  17 | 0.000000e+00 |      --      |    Inf |   6.94%
 6310s| 97900 |  7835 | 53527k| 546.7 |   530M |  65 |1076 |3911 |3636 | 594k|  2 | 125k|  17 | 0.000000e+00 |      --      |    Inf |   6.94%
 6316s| 98000 |  7843 | 53593k| 546.8 |   530M |  65 |1076 |3900 |3802 | 594k|  1 | 125k|  17 | 0.000000e+00 |      --      |    Inf |   6.94%
 6323s| 98100 |  7837 | 53655k| 546.9 |   530M |  65 |1076 |4003 |3461 | 594k|  1 | 126k|  17 | 0.000000e+00 |      --      |    Inf |   6.94%
 6327s| 98200 |  7845 | 53704k| 546.9 |   530M |  65 |1076 |4102 |2909 | 595k|  0 | 126k|  17 | 0.000000e+00 |      --      |    Inf |   6.94%
 6332s| 98300 |  7838 | 53749k| 546.8 |   530M |  65 |1076 |4140 |3813 | 595k|  1 | 126k|  17 | 0.000000e+00 |      --      |    Inf |   6.94%
 6338s| 98400 |  7838 | 53809k| 546.8 |   530M |  65 |1076 |4086 |3668 | 595k|  2 | 126k|  17 | 0.000000e+00 |      --      |    Inf |   6.94%
 6345s| 98500 |  7835 | 53878k| 547.0 |   530M |  65 |1076 |4108 |   0 | 595k|  0 | 126k|  17 | 0.000000e+00 |      --      |    Inf |   6.94%
 6351s| 98600 |  7822 | 53939k| 547.0 |   531M |  65 |1076 |3998 |2552 | 596k|  2 | 126k|  17 | 0.000000e+00 |      --      |    Inf |   6.94%
 6357s| 98700 |  7841 | 54002k| 547.1 |   531M |  65 |1076 |4018 |3773 | 597k|  2 | 126k|  17 | 0.000000e+00 |      --      |    Inf |   6.94%
 6364s| 98800 |  7846 | 54068k| 547.2 |   531M |  65 |1076 |4168 |3775 | 597k|  1 | 126k|  17 | 0.000000e+00 |      --      |    Inf |   6.94%
 6370s| 98900 |  7850 | 54122k| 547.2 |   531M |  65 |1076 |4331 |3800 | 597k|  2 | 127k|  17 | 0.000000e+00 |      --      |    Inf |   6.94%
 6376s| 99000 |  7843 | 54185k| 547.3 |   531M |  65 |1076 |4465 |3787 | 597k|  0 | 127k|  17 | 0.000000e+00 |      --      |    Inf |   6.94%
 6382s| 99100 |  7835 | 54239k| 547.3 |   533M |  65 |1076 |4559 |   0 | 597k|  0 | 127k|  17 | 0.000000e+00 |      --      |    Inf |   6.94%
 time | node  | left  |LP iter|LP it/n|mem/heur|mdpt |vars |cons |rows |cuts |sepa|confs|strbr|  dualbound   | primalbound  |  gap   | compl. 
 6389s| 99200 |  7846 | 54306k| 547.4 |   533M |  65 |1076 |4599 |3868 | 597k|  1 | 127k|  17 | 0.000000e+00 |      --      |    Inf |   6.94%
 6395s| 99300 |  7835 | 54360k| 547.4 |   533M |  65 |1076 |4655 |3794 | 597k|  0 | 127k|  17 | 0.000000e+00 |      --      |    Inf |   6.94%
 6399s| 99400 |  7835 | 54407k| 547.3 |   533M |  65 |1076 |4655 |4038 | 597k|  0 | 127k|  17 | 0.000000e+00 |      --      |    Inf |   6.94%
 6407s| 99500 |  7847 | 54472k| 547.4 |   533M |  65 |1076 |4634 |3864 | 597k|  0 | 128k|  17 | 0.000000e+00 |      --      |    Inf |   6.94%
 6414s| 99600 |  7843 | 54542k| 547.6 |   533M |  65 |1076 |4765 |3853 | 597k|  0 | 128k|  17 | 0.000000e+00 |      --      |    Inf |   6.94%
 6420s| 99700 |  7858 | 54598k| 547.6 |   533M |  65 |1076 |4895 |3871 | 597k|  0 | 128k|  17 | 0.000000e+00 |      --      |    Inf |   6.94%
 6427s| 99800 |  7859 | 54664k| 547.7 |   533M |  65 |1076 |5006 |3857 | 597k|  2 | 128k|  17 | 0.000000e+00 |      --      |    Inf |   6.94%
 6431s| 99900 |  7873 | 54707k| 547.6 |   533M |  65 |1076 |5142 |3859 | 598k|  1 | 128k|  17 | 0.000000e+00 |      --      |    Inf |   6.94%
 6436s|100000 |  7870 | 54758k| 547.6 |   533M |  65 |1076 |5281 |3883 | 598k|  1 | 128k|  17 | 0.000000e+00 |      --      |    Inf |   6.94%
 6442s|100100 |  7872 | 54815k| 547.6 |   533M |  65 |1076 |5392 |3882 | 598k|  1 | 129k|  17 | 0.000000e+00 |      --      |    Inf |   6.94%
 6446s|100200 |  7874 | 54858k| 547.5 |   534M |  65 |1076 |5539 |3882 | 598k|  1 | 129k|  17 | 0.000000e+00 |      --      |    Inf |   6.94%
 6451s|100300 |  7877 | 54911k| 547.5 |   534M |  65 |1076 |5690 |3884 | 598k|  0 | 129k|  17 | 0.000000e+00 |      --      |    Inf |   6.94%
 6459s|100400 |  7876 | 54981k| 547.6 |   534M |  65 |1076 |5761 |3883 | 598k|  1 | 129k|  17 | 0.000000e+00 |      --      |    Inf |   6.94%
 6463s|100500 |  7871 | 55031k| 547.6 |   534M |  65 |1076 |5849 |3882 | 598k|  0 | 129k|  17 | 0.000000e+00 |      --      |    Inf |   6.94%
 6469s|100600 |  7868 | 55086k| 547.6 |   534M |  65 |1076 |5875 |3878 | 598k|  0 | 129k|  17 | 0.000000e+00 |      --      |    Inf |   6.94%
 time | node  | left  |LP iter|LP it/n|mem/heur|mdpt |vars |cons |rows |cuts |sepa|confs|strbr|  dualbound   | primalbound  |  gap   | compl. 
 6477s|100700 |  7869 | 55156k| 547.7 |   534M |  65 |1076 |6033 |3887 | 598k|  0 | 130k|  17 | 0.000000e+00 |      --      |    Inf |   6.94%
 6484s|100800 |  7862 | 55225k| 547.8 |   534M |  65 |1076 |6158 |   0 | 598k|  0 | 130k|  17 | 0.000000e+00 |      --      |    Inf |   6.94%
 6490s|100900 |  7862 | 55289k| 547.9 |   534M |  65 |1076 |5812 |   0 | 598k|  0 | 130k|  17 | 0.000000e+00 |      --      |    Inf |   6.94%
 6495s|101000 |  7877 | 55335k| 547.9 |   534M |  65 |1076 |5516 |4264 | 598k|  1 | 130k|  17 | 0.000000e+00 |      --      |    Inf |   6.94%
 6500s|101100 |  7872 | 55382k| 547.8 |   534M |  65 |1076 |5348 |2306 | 598k|  2 | 130k|  17 | 0.000000e+00 |      --      |    Inf |   6.94%
 6506s|101200 |  7880 | 55451k| 547.9 |   534M |  65 |1076 |4917 |3446 | 599k|  2 | 130k|  17 | 0.000000e+00 |      --      |    Inf |   6.95%
 6514s|101300 |  7875 | 55526k| 548.1 |   534M |  65 |1076 |4668 |4589 | 599k|  2 | 130k|  17 | 0.000000e+00 |      --      |    Inf |   6.95%
 6521s|101400 |  7881 | 55592k| 548.2 |   534M |  65 |1076 |4584 |2782 | 600k|  0 | 131k|  17 | 0.000000e+00 |      --      |    Inf |   6.95%
 6525s|101500 |  7881 | 55644k| 548.2 |   534M |  65 |1076 |4532 |3157 | 601k|  0 | 131k|  17 | 0.000000e+00 |      --      |    Inf |   6.95%
 6532s|101600 |  7886 | 55705k| 548.3 |   534M |  65 |1076 |4429 |4681 | 601k|  0 | 131k|  17 | 0.000000e+00 |      --      |    Inf |   6.95%
 6538s|101700 |  7886 | 55772k| 548.4 |   534M |  65 |1076 |4311 |4188 | 601k|  2 | 131k|  17 | 0.000000e+00 |      --      |    Inf |   6.95%
 6547s|101800 |  7933 | 55848k| 548.6 |   534M |  65 |1076 |4267 |4189 | 601k|  1 | 131k|  17 | 0.000000e+00 |      --      |    Inf |   6.95%
 6552s|101900 |  7916 | 55902k| 548.6 |   534M |  65 |1076 |4259 |3882 | 602k|  0 | 131k|  17 | 0.000000e+00 |      --      |    Inf |   6.95%
 6559s|102000 |  7916 | 55968k| 548.7 |   534M |  65 |1076 |4165 |4034 | 602k|  1 | 131k|  17 | 0.000000e+00 |      --      |    Inf |   6.95%
 6565s|102100 |  7928 | 56035k| 548.8 |   534M |  65 |1076 |3909 |2994 | 603k|  2 | 132k|  17 | 0.000000e+00 |      --      |    Inf |   6.95%
 time | node  | left  |LP iter|LP it/n|mem/heur|mdpt |vars |cons |rows |cuts |sepa|confs|strbr|  dualbound   | primalbound  |  gap   | compl. 
 6570s|102200 |  7926 | 56094k| 548.8 |   535M |  65 |1076 |3934 |3138 | 604k|  0 | 132k|  17 | 0.000000e+00 |      --      |    Inf |   6.95%
 6576s|102300 |  7926 | 56155k| 548.9 |   535M |  65 |1076 |4004 |   0 | 604k|  0 | 132k|  17 | 0.000000e+00 |      --      |    Inf |   6.95%
 6580s|102400 |  7946 | 56206k| 548.9 |   535M |  65 |1076 |4081 |2798 | 605k|  2 | 132k|  17 | 0.000000e+00 |      --      |    Inf |   6.95%
 6585s|102500 |  7951 | 56263k| 548.9 |   535M |  65 |1076 |4214 |2829 | 606k|  0 | 132k|  17 | 0.000000e+00 |      --      |    Inf |   6.95%
 6589s|102600 |  7962 | 56311k| 548.8 |   535M |  65 |1076 |4250 |2784 | 607k|  2 | 132k|  17 | 0.000000e+00 |      --      |    Inf |   6.95%
 6593s|102700 |  7972 | 56371k| 548.9 |   535M |  65 |1076 |4342 |2871 | 608k|  2 | 132k|  17 | 0.000000e+00 |      --      |    Inf |   6.95%
 6599s|102800 |  7981 | 56439k| 549.0 |   535M |  65 |1076 |4432 |3001 | 609k|  2 | 133k|  17 | 0.000000e+00 |      --      |    Inf |   6.95%
 6604s|102900 |  7973 | 56493k| 549.0 |   535M |  65 |1076 |4553 |2815 | 609k|  2 | 133k|  17 | 0.000000e+00 |      --      |    Inf |   6.95%
 6609s|103000 |  7976 | 56561k| 549.1 |   535M |  65 |1076 |4652 |2994 | 610k|  0 | 133k|  17 | 0.000000e+00 |      --      |    Inf |   6.95%
 6614s|103100 |  7980 | 56624k| 549.2 |   535M |  65 |1076 |4790 |2938 | 611k|  0 | 133k|  17 | 0.000000e+00 |      --      |    Inf |   6.95%
 6618s|103200 |  7976 | 56664k| 549.1 |   536M |  65 |1076 |4841 |   0 | 611k|  0 | 133k|  17 | 0.000000e+00 |      --      |    Inf |   6.95%
 6622s|103300 |  7980 | 56719k| 549.1 |   536M |  65 |1076 |4789 |2851 | 612k|  2 | 133k|  17 | 0.000000e+00 |      --      |    Inf |   6.95%
 6627s|103400 |  7980 | 56774k| 549.1 |   536M |  65 |1076 |4792 |2840 | 613k|  0 | 133k|  17 | 0.000000e+00 |      --      |    Inf |   6.95%
 6631s|103500 |  7979 | 56819k| 549.0 |   536M |  65 |1076 |4848 |   0 | 613k|  0 | 133k|  17 | 0.000000e+00 |      --      |    Inf |   6.95%
 6635s|103600 |  7978 | 56868k| 548.9 |   536M |  65 |1076 |4893 |3130 | 614k|  1 | 134k|  17 | 0.000000e+00 |      --      |    Inf |   6.95%
 time | node  | left  |LP iter|LP it/n|mem/heur|mdpt |vars |cons |rows |cuts |sepa|confs|strbr|  dualbound   | primalbound  |  gap   | compl. 
 6639s|103700 |  7978 | 56918k| 548.9 |   537M |  65 |1076 |5010 |2919 | 614k|  2 | 134k|  17 | 0.000000e+00 |      --      |    Inf |   6.95%
 6643s|103800 |  7995 | 56968k| 548.8 |   537M |  65 |1076 |5091 |2884 | 615k|  3 | 134k|  17 | 0.000000e+00 |      --      |    Inf |   6.95%
 6648s|103900 |  7988 | 57021k| 548.8 |   537M |  65 |1076 |5212 |3005 | 616k|  2 | 134k|  17 | 0.000000e+00 |      --      |    Inf |   6.95%
 6653s|104000 |  7999 | 57088k| 548.9 |   537M |  65 |1076 |5296 |2986 | 617k|  0 | 134k|  17 | 0.000000e+00 |      --      |    Inf |   6.95%
 6658s|104100 |  7998 | 57138k| 548.9 |   538M |  65 |1076 |5482 |   0 | 618k|  0 | 134k|  17 | 0.000000e+00 |      --      |    Inf |   6.95%
 6661s|104200 |  7992 | 57183k| 548.8 |   538M |  65 |1076 |5618 |2901 | 619k|  2 | 135k|  17 | 0.000000e+00 |      --      |    Inf |   6.95%
 6665s|104300 |  7985 | 57220k| 548.6 |   538M |  65 |1076 |5507 |   0 | 619k|  0 | 135k|  17 | 0.000000e+00 |      --      |    Inf |   6.95%
 6669s|104400 |  7979 | 57272k| 548.6 |   538M |  65 |1076 |5441 |   0 | 620k|  0 | 135k|  17 | 0.000000e+00 |      --      |    Inf |   6.95%
 6673s|104500 |  7979 | 57321k| 548.5 |   538M |  65 |1076 |5481 |2726 | 621k|  2 | 135k|  17 | 0.000000e+00 |      --      |    Inf |   6.95%
 6677s|104600 |  7978 | 57367k| 548.4 |   538M |  65 |1076 |5375 |2833 | 621k|  2 | 135k|  17 | 0.000000e+00 |      --      |    Inf |   6.95%
 6682s|104700 |  7980 | 57427k| 548.5 |   538M |  65 |1076 |5405 |2843 | 622k|  2 | 135k|  17 | 0.000000e+00 |      --      |    Inf |   6.95%
 6686s|104800 |  7980 | 57472k| 548.4 |   538M |  65 |1076 |5526 |   0 | 623k|  0 | 135k|  17 | 0.000000e+00 |      --      |    Inf |   6.95%
 6691s|104900 |  7974 | 57527k| 548.4 |   538M |  65 |1076 |5208 |2963 | 623k|  2 | 136k|  17 | 0.000000e+00 |      --      |    Inf |   6.95%
 6697s|105000 |  7970 | 57589k| 548.5 |   538M |  65 |1076 |4960 |3826 | 624k|  1 | 136k|  17 | 0.000000e+00 |      --      |    Inf |   6.96%
 6704s|105100 |  7971 | 57648k| 548.5 |   538M |  65 |1076 |4740 |3701 | 624k|  1 | 136k|  17 | 0.000000e+00 |      --      |    Inf |   6.96%
 time | node  | left  |LP iter|LP it/n|mem/heur|mdpt |vars |cons |rows |cuts |sepa|confs|strbr|  dualbound   | primalbound  |  gap   | compl. 
 6710s|105200 |  7976 | 57713k| 548.6 |   538M |  65 |1076 |4537 |3082 | 624k|  2 | 136k|  17 | 0.000000e+00 |      --      |    Inf |   6.96%
 6715s|105300 |  7988 | 57767k| 548.6 |   538M |  65 |1076 |4602 |3046 | 625k|  0 | 136k|  17 | 0.000000e+00 |      --      |    Inf |   6.96%
 6720s|105400 |  7978 | 57821k| 548.6 |   538M |  65 |1076 |4671 |3053 | 625k|  0 | 136k|  17 | 0.000000e+00 |      --      |    Inf |   6.96%
 6725s|105500 |  7970 | 57878k| 548.6 |   538M |  65 |1076 |4487 |2992 | 625k|  2 | 136k|  17 | 0.000000e+00 |      --      |    Inf |   6.96%
 6729s|105600 |  7968 | 57927k| 548.5 |   538M |  65 |1076 |4306 |3146 | 625k|  2 | 136k|  17 | 0.000000e+00 |      --      |    Inf |   6.96%
 6737s|105700 |  7993 | 58012k| 548.8 |   538M |  65 |1076 |4300 |3219 | 626k|  0 | 137k|  17 | 0.000000e+00 |      --      |    Inf |   6.96%
 6743s|105800 |  7986 | 58076k| 548.9 |   538M |  65 |1076 |4174 |3333 | 626k|  1 | 137k|  17 | 0.000000e+00 |      --      |    Inf |   6.96%
 6748s|105900 |  7978 | 58130k| 548.9 |   538M |  65 |1076 |4246 |3935 | 626k|  1 | 137k|  17 | 0.000000e+00 |      --      |    Inf |   6.96%
 6755s|106000 |  7982 | 58193k| 549.0 |   538M |  65 |1076 |4253 |3935 | 626k|  1 | 137k|  17 | 0.000000e+00 |      --      |    Inf |   6.96%
 6760s|106100 |  7969 | 58246k| 549.0 |   538M |  65 |1076 |4261 |3807 | 627k|  2 | 137k|  17 | 0.000000e+00 |      --      |    Inf |   6.96%
 6766s|106200 |  7968 | 58300k| 548.9 |   538M |  65 |1076 |4092 |3505 | 627k|  0 | 137k|  17 | 0.000000e+00 |      --      |    Inf |   6.96%
 6773s|106300 |  7972 | 58370k| 549.1 |   538M |  65 |1076 |3981 |3471 | 627k|  0 | 137k|  17 | 0.000000e+00 |      --      |    Inf |   6.97%
 6779s|106400 |  7962 | 58435k| 549.2 |   538M |  65 |1076 |3956 |3259 | 627k|  0 | 138k|  17 | 0.000000e+00 |      --      |    Inf |   6.97%
 6784s|106500 |  7959 | 58491k| 549.2 |   538M |  65 |1076 |3780 |2964 | 628k|  2 | 138k|  17 | 0.000000e+00 |      --      |    Inf |   6.97%
 6790s|106600 |  7967 | 58554k| 549.3 |   538M |  65 |1076 |3562 |3416 | 628k|  2 | 138k|  17 | 0.000000e+00 |      --      |    Inf |   6.97%
 time | node  | left  |LP iter|LP it/n|mem/heur|mdpt |vars |cons |rows |cuts |sepa|confs|strbr|  dualbound   | primalbound  |  gap   | compl. 
 6797s|106700 |  7975 | 58624k| 549.4 |   538M |  65 |1076 |3610 |3750 | 628k|  1 | 138k|  17 | 0.000000e+00 |      --      |    Inf |   6.97%
 6804s|106800 |  7977 | 58692k| 549.5 |   538M |  65 |1076 |3699 |2829 | 629k|  0 | 138k|  17 | 0.000000e+00 |      --      |    Inf |   6.97%
 6810s|106900 |  7981 | 58757k| 549.6 |   538M |  65 |1076 |3579 |4167 | 629k|  1 | 138k|  17 | 0.000000e+00 |      --      |    Inf |   6.99%
 6815s|107000 |  7982 | 58809k| 549.6 |   538M |  65 |1076 |3571 |3762 | 629k|  0 | 138k|  17 | 0.000000e+00 |      --      |    Inf |   6.99%
 6822s|107100 |  8008 | 58875k| 549.7 |   539M |  65 |1076 |3442 |4025 | 629k|  1 | 139k|  17 | 0.000000e+00 |      --      |    Inf |   6.99%
 6827s|107200 |  8008 | 58930k| 549.7 |   539M |  65 |1076 |3492 |3972 | 630k|  0 | 139k|  17 | 0.000000e+00 |      --      |    Inf |   6.99%
 6834s|107300 |  8012 | 59000k| 549.8 |   539M |  65 |1076 |3545 |3820 | 630k|  1 | 139k|  17 | 0.000000e+00 |      --      |    Inf |   6.99%
 6838s|107400 |  8010 | 59052k| 549.8 |   539M |  65 |1076 |3587 |3755 | 631k|  0 | 139k|  17 | 0.000000e+00 |      --      |    Inf |   6.99%
 6844s|107500 |  8019 | 59115k| 549.9 |   539M |  65 |1076 |3575 |3742 | 631k|  0 | 139k|  17 | 0.000000e+00 |      --      |    Inf |   6.99%
 6851s|107600 |  8019 | 59179k| 550.0 |   539M |  65 |1076 |3671 |3733 | 631k|  1 | 139k|  17 | 0.000000e+00 |      --      |    Inf |   6.99%
 6857s|107700 |  8030 | 59238k| 550.0 |   539M |  65 |1076 |3713 |3696 | 631k|  1 | 139k|  17 | 0.000000e+00 |      --      |    Inf |   6.99%
 6862s|107800 |  8031 | 59294k| 550.0 |   539M |  65 |1076 |3778 |3708 | 631k|  2 | 139k|  17 | 0.000000e+00 |      --      |    Inf |   6.99%
 6868s|107900 |  8027 | 59347k| 550.0 |   539M |  65 |1076 |3810 |3721 | 632k|  2 | 139k|  17 | 0.000000e+00 |      --      |    Inf |   6.99%
 6872s|108000 |  8019 | 59396k| 549.9 |   539M |  65 |1076 |3870 |3993 | 632k|  1 | 140k|  17 | 0.000000e+00 |      --      |    Inf |   6.99%
 6879s|108100 |  8023 | 59466k| 550.1 |   539M |  65 |1076 |3837 |3425 | 632k|  2 | 140k|  17 | 0.000000e+00 |      --      |    Inf |   6.99%
 time | node  | left  |LP iter|LP it/n|mem/heur|mdpt |vars |cons |rows |cuts |sepa|confs|strbr|  dualbound   | primalbound  |  gap   | compl. 
 6885s|108200 |  8019 | 59520k| 550.1 |   539M |  65 |1076 |3888 |2379 | 632k|  0 | 140k|  17 | 0.000000e+00 |      --      |    Inf |   6.99%
 6891s|108300 |  8020 | 59578k| 550.1 |   539M |  65 |1076 |3839 |2917 | 632k|  0 | 140k|  17 | 0.000000e+00 |      --      |    Inf |   6.99%
 6897s|108400 |  8020 | 59637k| 550.1 |   540M |  65 |1076 |3766 |4293 | 633k|  0 | 140k|  17 | 0.000000e+00 |      --      |    Inf |   7.02%
 6903s|108500 |  8021 | 59698k| 550.2 |   541M |  65 |1076 |3674 |4061 | 633k|  2 | 140k|  17 | 0.000000e+00 |      --      |    Inf |   7.02%
 6909s|108600 |  8018 | 59763k| 550.3 |   541M |  65 |1076 |3609 |3710 | 633k|  1 | 140k|  17 | 0.000000e+00 |      --      |    Inf |   7.07%
 6914s|108700 |  8019 | 59814k| 550.3 |   541M |  65 |1076 |3627 |3362 | 633k|  0 | 141k|  17 | 0.000000e+00 |      --      |    Inf |   7.07%
 6919s|108800 |  8023 | 59862k| 550.2 |   541M |  65 |1076 |3725 |3965 | 634k|  1 | 141k|  17 | 0.000000e+00 |      --      |    Inf |   7.07%
 6923s|108900 |  8019 | 59902k| 550.0 |   541M |  65 |1076 |3865 |4121 | 634k|  0 | 141k|  17 | 0.000000e+00 |      --      |    Inf |   7.07%
 6929s|109000 |  8016 | 59967k| 550.1 |   541M |  65 |1076 |3869 |3724 | 634k|  2 | 141k|  17 | 0.000000e+00 |      --      |    Inf |   7.07%
 6935s|109100 |  8019 | 60025k| 550.2 |   541M |  65 |1076 |3889 |4320 | 634k|  1 | 141k|  17 | 0.000000e+00 |      --      |    Inf |   7.07%
 6941s|109200 |  8022 | 60085k| 550.2 |   541M |  65 |1076 |3890 |4213 | 634k|  1 | 141k|  17 | 0.000000e+00 |      --      |    Inf |   7.07%
 6947s|109300 |  8018 | 60138k| 550.2 |   541M |  65 |1076 |3849 |4144 | 634k|  1 | 142k|  17 | 0.000000e+00 |      --      |    Inf |   7.07%
 6954s|109400 |  8014 | 60208k| 550.3 |   541M |  65 |1076 |3879 |3207 | 634k|  0 | 142k|  17 | 0.000000e+00 |      --      |    Inf |   7.07%
 6959s|109500 |  8014 | 60270k| 550.4 |   541M |  65 |1076 |3817 |4382 | 635k|  1 | 142k|  17 | 0.000000e+00 |      --      |    Inf |   7.07%
 6965s|109600 |  8022 | 60318k| 550.3 |   542M |  65 |1076 |3940 |   0 | 635k|  0 | 142k|  17 | 0.000000e+00 |      --      |    Inf |   7.07%
 time | node  | left  |LP iter|LP it/n|mem/heur|mdpt |vars |cons |rows |cuts |sepa|confs|strbr|  dualbound   | primalbound  |  gap   | compl. 
 6970s|109700 |  8006 | 60372k| 550.3 |   542M |  65 |1076 |3949 |3974 | 635k|  2 | 142k|  17 | 0.000000e+00 |      --      |    Inf |   7.07%
 6974s|109800 |  8002 | 60414k| 550.2 |   542M |  65 |1076 |3993 |2253 | 635k|  2 | 142k|  17 | 0.000000e+00 |      --      |    Inf |   7.07%
 6982s|109900 |  8023 | 60494k| 550.4 |   542M |  65 |1076 |3949 |3892 | 635k|  2 | 142k|  17 | 0.000000e+00 |      --      |    Inf |   7.08%
 6987s|110000 |  8024 | 60551k| 550.4 |   542M |  65 |1076 |4056 |3906 | 635k|  0 | 142k|  17 | 0.000000e+00 |      --      |    Inf |   7.08%
 6992s|110100 |  8038 | 60602k| 550.4 |   542M |  65 |1076 |4161 |3942 | 636k|  2 | 143k|  17 | 0.000000e+00 |      --      |    Inf |   7.08%
 6998s|110200 |  8037 | 60663k| 550.5 |   542M |  65 |1076 |4263 |   0 | 636k|  0 | 143k|  17 | 0.000000e+00 |      --      |    Inf |   7.08%
 7004s|110300 |  8035 | 60719k| 550.5 |   542M |  65 |1076 |4156 |2692 | 636k|  2 | 143k|  17 | 0.000000e+00 |      --      |    Inf |   7.09%
 7010s|110400 |  8027 | 60785k| 550.6 |   543M |  65 |1076 |4084 |4224 | 637k|  0 | 143k|  17 | 0.000000e+00 |      --      |    Inf |   7.09%
 7016s|110500 |  8015 | 60849k| 550.7 |   543M |  65 |1076 |3970 |4053 | 637k|  0 | 143k|  17 | 0.000000e+00 |      --      |    Inf |   7.09%
 7018s|110600 |  8039 | 60875k| 550.4 |   543M |  65 |1076 |4004 |2501 | 638k|  0 | 143k|  17 | 0.000000e+00 |      --      |    Inf |   7.09%
 7020s|110700 |  8042 | 60895k| 550.1 |   543M |  65 |1076 |4104 |2476 | 638k|  2 | 143k|  17 | 0.000000e+00 |      --      |    Inf |   7.09%
 7022s|110800 |  8042 | 60912k| 549.7 |   544M |  65 |1076 |4196 |2495 | 638k|  0 | 144k|  17 | 0.000000e+00 |      --      |    Inf |   7.09%
 7024s|110900 |  8032 | 60937k| 549.5 |   544M |  65 |1076 |4303 |3918 | 638k|  1 | 144k|  17 | 0.000000e+00 |      --      |    Inf |   7.09%
 7026s|111000 |  8028 | 60962k| 549.2 |   544M |  65 |1076 |4383 |2459 | 639k|  0 | 144k|  17 | 0.000000e+00 |      --      |    Inf |   7.09%
 7028s|111100 |  8028 | 60983k| 548.9 |   546M |  65 |1076 |4356 |3476 | 639k|  2 | 144k|  17 | 0.000000e+00 |      --      |    Inf |   7.09%
 time | node  | left  |LP iter|LP it/n|mem/heur|mdpt |vars |cons |rows |cuts |sepa|confs|strbr|  dualbound   | primalbound  |  gap   | compl. 
 7031s|111200 |  8023 | 61015k| 548.7 |   546M |  65 |1076 |4199 |2989 | 639k|  2 | 144k|  17 | 0.000000e+00 |      --      |    Inf |   7.09%
 7035s|111300 |  8016 | 61052k| 548.5 |   546M |  65 |1076 |4214 |4058 | 639k|  1 | 144k|  17 | 0.000000e+00 |      --      |    Inf |   7.09%
 7037s|111400 |  8020 | 61081k| 548.3 |   546M |  65 |1076 |4133 |3595 | 639k|  1 | 144k|  17 | 0.000000e+00 |      --      |    Inf |   7.10%
 7040s|111500 |  8036 | 61106k| 548.0 |   546M |  65 |1076 |4205 |3694 | 639k|  1 | 144k|  17 | 0.000000e+00 |      --      |    Inf |   7.10%
 7043s|111600 |  8047 | 61137k| 547.8 |   546M |  65 |1076 |4313 |3705 | 639k|  2 | 145k|  17 | 0.000000e+00 |      --      |    Inf |   7.10%
 7047s|111700 |  8040 | 61174k| 547.6 |   546M |  65 |1076 |4373 |3698 | 639k|  1 | 145k|  17 | 0.000000e+00 |      --      |    Inf |   7.10%
 7051s|111800 |  8035 | 61211k| 547.5 |   546M |  65 |1076 |4324 |4021 | 639k|  1 | 145k|  17 | 0.000000e+00 |      --      |    Inf |   7.10%
 7054s|111900 |  8025 | 61243k| 547.3 |   546M |  65 |1076 |4209 |3763 | 640k|  0 | 145k|  17 | 0.000000e+00 |      --      |    Inf |   7.11%
 7057s|112000 |  8048 | 61268k| 547.0 |   547M |  65 |1076 |4102 |3734 | 640k|  0 | 145k|  17 | 0.000000e+00 |      --      |    Inf |   7.11%
 7061s|112100 |  8045 | 61303k| 546.8 |   547M |  65 |1076 |4228 |3737 | 640k|  1 | 145k|  17 | 0.000000e+00 |      --      |    Inf |   7.11%
 7067s|112200 |  8079 | 61359k| 546.9 |   547M |  65 |1076 |4326 |3767 | 640k|  2 | 145k|  17 | 0.000000e+00 |      --      |    Inf |   7.11%
 7072s|112300 |  8076 | 61411k| 546.8 |   547M |  65 |1076 |4499 |3794 | 640k|  0 | 146k|  17 | 0.000000e+00 |      --      |    Inf |   7.11%
 7079s|112400 |  8077 | 61476k| 546.9 |   547M |  65 |1076 |4541 |3422 | 640k|  0 | 146k|  17 | 0.000000e+00 |      --      |    Inf |   7.11%
 7086s|112500 |  8086 | 61544k| 547.0 |   547M |  65 |1076 |4350 |3436 | 641k|  2 | 146k|  17 | 0.000000e+00 |      --      |    Inf |   7.11%
 7095s|112600 |  8096 | 61627k| 547.3 |   547M |  65 |1076 |4358 |3640 | 641k|  1 | 146k|  17 | 0.000000e+00 |      --      |    Inf |   7.11%
 time | node  | left  |LP iter|LP it/n|mem/heur|mdpt |vars |cons |rows |cuts |sepa|confs|strbr|  dualbound   | primalbound  |  gap   | compl. 
 7101s|112700 |  8089 | 61688k| 547.3 |   548M |  65 |1076 |4232 |3866 | 642k|  1 | 146k|  17 | 0.000000e+00 |      --      |    Inf |   7.11%
 7107s|112800 |  8095 | 61743k| 547.4 |   548M |  65 |1076 |4231 |3024 | 642k|  0 | 146k|  17 | 0.000000e+00 |      --      |    Inf |   7.12%
 7113s|112900 |  8092 | 61808k| 547.4 |   548M |  65 |1076 |4096 |   0 | 643k|  0 | 146k|  17 | 0.000000e+00 |      --      |    Inf |   7.12%
 7119s|113000 |  8091 | 61868k| 547.5 |   548M |  65 |1076 |3887 |3418 | 643k|  0 | 147k|  17 | 0.000000e+00 |      --      |    Inf |   7.12%
 7124s|113100 |  8094 | 61926k| 547.5 |   548M |  65 |1076 |3784 |3179 | 644k|  2 | 147k|  17 | 0.000000e+00 |      --      |    Inf |   7.12%
 7133s|113200 |  8108 | 61995k| 547.6 |   548M |  65 |1076 |3737 |3710 | 644k|  1 | 147k|  17 | 0.000000e+00 |      --      |    Inf |   7.12%
 7141s|113300 |  8097 | 62054k| 547.7 |   548M |  65 |1076 |3792 |   0 | 644k|  0 | 147k|  17 | 0.000000e+00 |      --      |    Inf |   7.12%
 7149s|113400 |  8111 | 62124k| 547.8 |   548M |  65 |1076 |3762 |2990 | 645k|  2 | 147k|  17 | 0.000000e+00 |      --      |    Inf |   7.12%
 7156s|113500 |  8127 | 62183k| 547.8 |   548M |  65 |1076 |3734 |3165 | 645k|  2 | 147k|  17 | 0.000000e+00 |      --      |    Inf |   7.12%
 7165s|113600 |  8135 | 62254k| 548.0 |   548M |  65 |1076 |3681 |3432 | 646k|  2 | 147k|  17 | 0.000000e+00 |      --      |    Inf |   7.12%
 7173s|113700 |  8145 | 62318k| 548.1 |   548M |  65 |1076 |3563 |2928 | 646k|  2 | 147k|  17 | 0.000000e+00 |      --      |    Inf |   7.12%
 7183s|113800 |  8171 | 62393k| 548.3 |   548M |  65 |1076 |3632 |3641 | 646k|  3 | 147k|  17 | 0.000000e+00 |      --      |    Inf |   7.13%
 7192s|113900 |  8170 | 62458k| 548.3 |   548M |  65 |1076 |3559 |4736 | 646k|  0 | 148k|  17 | 0.000000e+00 |      --      |    Inf |   7.13%
 7200s|114000 |  8174 | 62520k| 548.4 |   548M |  65 |1076 |3514 |   0 | 647k|  0 | 148k|  17 | 0.000000e+00 |      --      |    Inf |   7.13%
 7207s|114100 |  8178 | 62570k| 548.4 |   548M |  65 |1076 |3659 |3576 | 647k|  1 | 148k|  17 | 0.000000e+00 |      --      |    Inf |   7.13%
 time | node  | left  |LP iter|LP it/n|mem/heur|mdpt |vars |cons |rows |cuts |sepa|confs|strbr|  dualbound   | primalbound  |  gap   | compl. 
 7214s|114200 |  8179 | 62618k| 548.3 |   548M |  65 |1076 |3446 |   0 | 647k|  0 | 148k|  17 | 0.000000e+00 |      --      |    Inf |   7.13%
 7221s|114300 |  8179 | 62691k| 548.5 |   548M |  65 |1076 |2970 |3701 | 647k|  1 | 148k|  17 | 0.000000e+00 |      --      |    Inf |   7.13%
 7226s|114400 |  8181 | 62744k| 548.5 |   548M |  65 |1076 |2864 |2992 | 648k|  2 | 148k|  17 | 0.000000e+00 |      --      |    Inf |   7.13%
 7231s|114500 |  8186 | 62795k| 548.4 |   548M |  65 |1076 |2848 |   0 | 648k|  0 | 148k|  17 | 0.000000e+00 |      --      |    Inf |   7.13%
 7238s|114600 |  8195 | 62865k| 548.5 |   549M |  65 |1076 |2725 |2341 | 649k|  2 | 148k|  17 | 0.000000e+00 |      --      |    Inf |   7.13%
 7243s|114700 |  8192 | 62912k| 548.5 |   549M |  65 |1076 |2632 |3023 | 649k|  2 | 149k|  17 | 0.000000e+00 |      --      |    Inf |   7.15%
 7248s|114800 |  8188 | 62961k| 548.4 |   549M |  65 |1076 |2492 |4182 | 649k|  0 | 149k|  17 | 0.000000e+00 |      --      |    Inf |   7.17%
 7254s|114900 |  8196 | 63021k| 548.5 |   549M |  65 |1076 |2556 |3641 | 649k|  0 | 149k|  17 | 0.000000e+00 |      --      |    Inf |   7.17%
 7259s|115000 |  8197 | 63075k| 548.5 |   549M |  65 |1076 |2504 |4078 | 650k|  1 | 149k|  17 | 0.000000e+00 |      --      |    Inf |   7.17%
 7265s|115100 |  8205 | 63127k| 548.4 |   549M |  65 |1076 |2548 |2783 | 650k|  0 | 149k|  17 | 0.000000e+00 |      --      |    Inf |   7.17%
 7273s|115200 |  8204 | 63204k| 548.6 |   549M |  65 |1076 |2615 |3522 | 650k|  0 | 149k|  17 | 0.000000e+00 |      --      |    Inf |   7.17%
 7280s|115300 |  8194 | 63275k| 548.8 |   549M |  65 |1076 |2674 |4082 | 650k|  0 | 149k|  17 | 0.000000e+00 |      --      |    Inf |   7.18%
 7286s|115400 |  8200 | 63331k| 548.8 |   549M |  65 |1076 |2759 |3894 | 650k|  1 | 150k|  17 | 0.000000e+00 |      --      |    Inf |   7.18%
 7291s|115500 |  8195 | 63379k| 548.7 |   549M |  65 |1076 |2824 |   0 | 650k|  0 | 150k|  17 | 0.000000e+00 |      --      |    Inf |   7.18%
 7301s|115600 |  8201 | 63459k| 548.9 |   549M |  65 |1076 |2934 |4389 | 650k|  1 | 150k|  17 | 0.000000e+00 |      --      |    Inf |   7.18%
 time | node  | left  |LP iter|LP it/n|mem/heur|mdpt |vars |cons |rows |cuts |sepa|confs|strbr|  dualbound   | primalbound  |  gap   | compl. 
 7309s|115700 |  8201 | 63527k| 549.1 |   549M |  65 |1076 |3050 |4565 | 651k|  0 | 150k|  17 | 0.000000e+00 |      --      |    Inf |   7.18%
 7316s|115800 |  8188 | 63595k| 549.2 |   549M |  65 |1076 |3136 |4176 | 651k|  1 | 150k|  17 | 0.000000e+00 |      --      |    Inf |   7.18%
 7321s|115900 |  8193 | 63644k| 549.1 |   549M |  65 |1076 |3183 |   0 | 651k|  0 | 150k|  17 | 0.000000e+00 |      --      |    Inf |   7.18%
 7329s|116000 |  8183 | 63717k| 549.3 |   549M |  65 |1076 |3165 |4777 | 651k|  1 | 150k|  17 | 0.000000e+00 |      --      |    Inf |   7.18%
 7333s|116100 |  8192 | 63757k| 549.1 |   549M |  65 |1076 |3145 |2484 | 651k|  2 | 151k|  17 | 0.000000e+00 |      --      |    Inf |   7.18%
 7335s|116200 |  8189 | 63785k| 548.9 |   549M |  65 |1076 |3202 |2596 | 652k|  0 | 151k|  17 | 0.000000e+00 |      --      |    Inf |   7.18%
 7338s|116300 |  8176 | 63813k| 548.7 |   549M |  65 |1076 |3212 |3376 | 652k|  1 | 151k|  17 | 0.000000e+00 |      --      |    Inf |   7.18%
 7341s|116400 |  8176 | 63848k| 548.5 |   549M |  65 |1076 |3189 |3786 | 652k|  1 | 151k|  17 | 0.000000e+00 |      --      |    Inf |   7.18%
 7343s|116500 |  8183 | 63873k| 548.3 |   549M |  65 |1076 |3128 |3641 | 653k|  1 | 151k|  17 | 0.000000e+00 |      --      |    Inf |   7.18%
 7346s|116600 |  8188 | 63902k| 548.0 |   549M |  65 |1076 |3041 |4417 | 653k|  0 | 151k|  17 | 0.000000e+00 |      --      |    Inf |   7.18%
 7348s|116700 |  8209 | 63924k| 547.7 |   549M |  65 |1076 |3055 |3700 | 653k|  1 | 151k|  17 | 0.000000e+00 |      --      |    Inf |   7.18%
 7351s|116800 |  8205 | 63955k| 547.5 |   549M |  65 |1076 |3208 |   0 | 653k|  0 | 151k|  17 | 0.000000e+00 |      --      |    Inf |   7.18%
 7354s|116900 |  8203 | 63986k| 547.3 |   550M |  65 |1076 |3296 |3192 | 653k|  0 | 152k|  17 | 0.000000e+00 |      --      |    Inf |   7.18%
 7357s|117000 |  8209 | 64022k| 547.2 |   550M |  65 |1076 |3311 |3696 | 653k|  1 | 152k|  17 | 0.000000e+00 |      --      |    Inf |   7.18%
 7360s|117100 |  8211 | 64052k| 547.0 |   550M |  65 |1076 |3296 |3907 | 653k|  1 | 152k|  17 | 0.000000e+00 |      --      |    Inf |   7.18%
 time | node  | left  |LP iter|LP it/n|mem/heur|mdpt |vars |cons |rows |cuts |sepa|confs|strbr|  dualbound   | primalbound  |  gap   | compl. 
 7363s|117200 |  8205 | 64084k| 546.8 |   550M |  65 |1076 |3274 |2869 | 653k|  0 | 152k|  17 | 0.000000e+00 |      --      |    Inf |   7.18%
 7367s|117300 |  8208 | 64118k| 546.6 |   550M |  65 |1076 |3323 |2968 | 654k|  2 | 152k|  17 | 0.000000e+00 |      --      |    Inf |   7.18%
 7370s|117400 |  8211 | 64153k| 546.4 |   550M |  65 |1076 |3210 |3690 | 654k|  1 | 152k|  17 | 0.000000e+00 |      --      |    Inf |   7.18%
 7374s|117500 |  8216 | 64197k| 546.3 |   550M |  65 |1076 |3167 |3225 | 654k|  2 | 152k|  17 | 0.000000e+00 |      --      |    Inf |   7.18%
 7384s|117600 |  8213 | 64290k| 546.7 |   550M |  65 |1076 |3239 |3956 | 655k|  2 | 153k|  17 | 0.000000e+00 |      --      |    Inf |   7.18%
 7390s|117700 |  8224 | 64345k| 546.7 |   550M |  65 |1076 |3343 |3957 | 655k|  0 | 153k|  17 | 0.000000e+00 |      --      |    Inf |   7.18%
 7396s|117800 |  8223 | 64409k| 546.8 |   550M |  65 |1076 |3336 |3625 | 655k|  2 | 153k|  17 | 0.000000e+00 |      --      |    Inf |   7.18%
 7402s|117900 |  8229 | 64467k| 546.8 |   550M |  65 |1076 |3349 |4053 | 655k|  0 | 153k|  17 | 0.000000e+00 |      --      |    Inf |   7.18%
 7407s|118000 |  8237 | 64516k| 546.7 |   550M |  65 |1076 |3315 |3135 | 655k|  2 | 153k|  17 | 0.000000e+00 |      --      |    Inf |   7.18%
 7411s|118100 |  8235 | 64560k| 546.6 |   550M |  65 |1076 |3433 |3108 | 655k|  0 | 153k|  17 | 0.000000e+00 |      --      |    Inf |   7.18%
 7416s|118200 |  8230 | 64612k| 546.6 |   550M |  65 |1076 |3444 |3799 | 656k|  0 | 153k|  17 | 0.000000e+00 |      --      |    Inf |   7.18%
 7421s|118300 |  8234 | 64670k| 546.6 |   553M |  65 |1076 |3472 |4305 | 656k|  1 | 153k|  17 | 0.000000e+00 |      --      |    Inf |   7.19%
 7427s|118400 |  8237 | 64733k| 546.7 |   553M |  65 |1076 |3378 |3872 | 656k|  2 | 154k|  17 | 0.000000e+00 |      --      |    Inf |   7.19%
 7434s|118500 |  8223 | 64797k| 546.8 |   553M |  65 |1076 |3304 |4162 | 656k|  0 | 154k|  17 | 0.000000e+00 |      --      |    Inf |   7.19%
 7440s|118600 |  8235 | 64862k| 546.9 |   553M |  65 |1076 |3432 |3384 | 656k|  0 | 154k|  17 | 0.000000e+00 |      --      |    Inf |   7.19%
 time | node  | left  |LP iter|LP it/n|mem/heur|mdpt |vars |cons |rows |cuts |sepa|confs|strbr|  dualbound   | primalbound  |  gap   | compl. 
 7445s|118700 |  8232 | 64919k| 546.9 |   553M |  65 |1076 |3581 |3371 | 657k|  0 | 154k|  17 | 0.000000e+00 |      --      |    Inf |   7.19%
 7450s|118800 |  8237 | 64973k| 546.9 |   554M |  65 |1076 |3717 |   0 | 657k|  0 | 154k|  17 | 0.000000e+00 |      --      |    Inf |   7.19%
 7456s|118900 |  8243 | 65038k| 547.0 |   555M |  65 |1076 |3888 |3389 | 657k|  0 | 154k|  17 | 0.000000e+00 |      --      |    Inf |   7.19%
 7462s|119000 |  8241 | 65098k| 547.0 |   557M |  65 |1076 |4086 |3372 | 657k|  0 | 155k|  17 | 0.000000e+00 |      --      |    Inf |   7.19%
 7466s|119100 |  8232 | 65143k| 546.9 |   557M |  65 |1076 |4167 |3416 | 657k|  2 | 155k|  17 | 0.000000e+00 |      --      |    Inf |   7.19%
 7471s|119200 |  8223 | 65196k| 546.9 |   558M |  65 |1076 |4203 |3460 | 658k|  0 | 155k|  17 | 0.000000e+00 |      --      |    Inf |   7.19%
 7479s|119300 |  8245 | 65279k| 547.2 |   558M |  65 |1076 |4052 |3103 | 658k|  2 | 155k|  17 | 0.000000e+00 |      --      |    Inf |   7.19%
 7485s|119400 |  8248 | 65341k| 547.2 |   558M |  65 |1076 |4090 |3792 | 658k|  1 | 155k|  17 | 0.000000e+00 |      --      |    Inf |   7.19%
 7490s|119500 |  8248 | 65393k| 547.2 |   558M |  65 |1076 |4040 |3954 | 658k|  1 | 155k|  17 | 0.000000e+00 |      --      |    Inf |   7.19%
 7497s|119600 |  8258 | 65467k| 547.4 |   558M |  65 |1076 |4119 |2683 | 659k|  2 | 156k|  17 | 0.000000e+00 |      --      |    Inf |   7.19%
 7501s|119700 |  8255 | 65518k| 547.3 |   559M |  65 |1076 |4228 |2747 | 660k|  0 | 156k|  17 | 0.000000e+00 |      --      |    Inf |   7.19%
 7506s|119800 |  8252 | 65574k| 547.3 |   559M |  65 |1076 |4191 |2650 | 661k|  2 | 156k|  17 | 0.000000e+00 |      --      |    Inf |   7.19%
 7511s|119900 |  8248 | 65628k| 547.3 |   559M |  65 |1076 |4166 |3202 | 661k|  0 | 156k|  17 | 0.000000e+00 |      --      |    Inf |   7.19%
 7517s|120000 |  8249 | 65686k| 547.4 |   559M |  65 |1076 |4096 |3564 | 662k|  1 | 156k|  17 | 0.000000e+00 |      --      |    Inf |   7.20%
 7523s|120100 |  8246 | 65746k| 547.4 |   559M |  65 |1076 |4026 |3668 | 662k|  1 | 156k|  17 | 0.000000e+00 |      --      |    Inf |   7.20%
 time | node  | left  |LP iter|LP it/n|mem/heur|mdpt |vars |cons |rows |cuts |sepa|confs|strbr|  dualbound   | primalbound  |  gap   | compl. 
 7529s|120200 |  8244 | 65808k| 547.5 |   559M |  65 |1076 |4076 |3318 | 662k|  0 | 156k|  17 | 0.000000e+00 |      --      |    Inf |   7.20%
 7534s|120300 |  8248 | 65863k| 547.5 |   559M |  65 |1076 |3891 |3682 | 662k|  0 | 157k|  17 | 0.000000e+00 |      --      |    Inf |   7.20%
 7539s|120400 |  8261 | 65917k| 547.5 |   559M |  65 |1076 |3902 |3025 | 662k|  0 | 157k|  17 | 0.000000e+00 |      --      |    Inf |   7.20%
 7545s|120500 |  8250 | 65986k| 547.6 |   560M |  65 |1076 |3611 |2439 | 664k|  0 | 157k|  17 | 0.000000e+00 |      --      |    Inf |   7.24%
 7551s|120600 |  8249 | 66047k| 547.6 |   560M |  65 |1076 |3569 |3925 | 664k|  0 | 157k|  17 | 0.000000e+00 |      --      |    Inf |   7.24%
 7557s|120700 |  8252 | 66110k| 547.7 |   560M |  65 |1076 |3723 |2945 | 664k|  1 | 157k|  17 | 0.000000e+00 |      --      |    Inf |   7.24%
 7562s|120800 |  8258 | 66166k| 547.7 |   560M |  65 |1076 |3831 |3395 | 665k|  2 | 157k|  17 | 0.000000e+00 |      --      |    Inf |   7.24%
 7565s|120900 |  8264 | 66205k| 547.6 |   560M |  65 |1076 |3938 |3444 | 665k|  2 | 158k|  17 | 0.000000e+00 |      --      |    Inf |   7.24%
 7569s|121000 |  8258 | 66245k| 547.5 |   560M |  65 |1076 |4041 |3391 | 666k|  2 | 158k|  17 | 0.000000e+00 |      --      |    Inf |   7.24%
 7574s|121100 |  8267 | 66299k| 547.5 |   560M |  65 |1076 |4000 |4166 | 666k|  1 | 158k|  17 | 0.000000e+00 |      --      |    Inf |   7.24%
 7580s|121200 |  8268 | 66361k| 547.5 |   560M |  65 |1076 |4006 |3826 | 666k|  0 | 158k|  17 | 0.000000e+00 |      --      |    Inf |   7.24%
 7586s|121300 |  8267 | 66422k| 547.6 |   560M |  65 |1076 |3992 |2909 | 666k|  2 | 158k|  17 | 0.000000e+00 |      --      |    Inf |   7.24%
 7592s|121400 |  8273 | 66482k| 547.6 |   560M |  65 |1076 |3897 |3720 | 666k|  2 | 158k|  17 | 0.000000e+00 |      --      |    Inf |   7.24%
 7600s|121500 |  8280 | 66556k| 547.8 |   560M |  65 |1076 |3711 |4003 | 667k|  0 | 158k|  17 | 0.000000e+00 |      --      |    Inf |   7.24%
 7605s|121600 |  8277 | 66613k| 547.8 |   560M |  65 |1076 |3631 |3466 | 667k|  0 | 158k|  17 | 0.000000e+00 |      --      |    Inf |   7.25%
 time | node  | left  |LP iter|LP it/n|mem/heur|mdpt |vars |cons |rows |cuts |sepa|confs|strbr|  dualbound   | primalbound  |  gap   | compl. 
 7611s|121700 |  8279 | 66676k| 547.9 |   561M |  65 |1076 |3473 |4339 | 668k|  0 | 159k|  17 | 0.000000e+00 |      --      |    Inf |   7.35%
 7618s|121800 |  8288 | 66750k| 548.0 |   561M |  65 |1076 |3298 |4363 | 669k|  2 | 159k|  17 | 0.000000e+00 |      --      |    Inf |   7.35%
 7624s|121900 |  8300 | 66800k| 548.0 |   561M |  65 |1076 |3315 |4346 | 669k|  1 | 159k|  17 | 0.000000e+00 |      --      |    Inf |   7.35%
 7629s|122000 |  8288 | 66846k| 547.9 |   561M |  65 |1076 |3366 |3087 | 669k|  2 | 159k|  17 | 0.000000e+00 |      --      |    Inf |   7.35%
 7635s|122100 |  8288 | 66911k| 548.0 |   561M |  65 |1076 |3419 |4065 | 669k|  1 | 159k|  17 | 0.000000e+00 |      --      |    Inf |   7.35%
 7642s|122200 |  8296 | 66981k| 548.1 |   561M |  65 |1076 |3507 |2644 | 670k|  2 | 159k|  17 | 0.000000e+00 |      --      |    Inf |   7.35%
 7648s|122300 |  8293 | 67042k| 548.2 |   562M |  65 |1076 |3587 |4179 | 670k|  2 | 159k|  17 | 0.000000e+00 |      --      |    Inf |   7.35%
 7654s|122400 |  8301 | 67099k| 548.2 |   562M |  65 |1076 |3565 |4043 | 671k|  1 | 160k|  17 | 0.000000e+00 |      --      |    Inf |   7.35%
 7660s|122500 |  8320 | 67172k| 548.3 |   562M |  65 |1076 |3599 |2630 | 672k|  0 | 160k|  17 | 0.000000e+00 |      --      |    Inf |   7.35%
 7665s|122600 |  8337 | 67232k| 548.4 |   562M |  65 |1076 |3560 |3804 | 673k|  1 | 160k|  17 | 0.000000e+00 |      --      |    Inf |   7.35%
 7670s|122700 |  8324 | 67284k| 548.3 |   562M |  65 |1076 |3593 |2885 | 673k|  0 | 160k|  17 | 0.000000e+00 |      --      |    Inf |   7.35%
 7676s|122800 |  8333 | 67348k| 548.4 |   563M |  65 |1076 |3355 |3009 | 673k|  2 | 160k|  17 | 0.000000e+00 |      --      |    Inf |   7.36%
 7683s|122900 |  8340 | 67432k| 548.7 |   563M |  65 |1076 |3435 |2930 | 675k|  2 | 160k|  17 | 0.000000e+00 |      --      |    Inf |   7.36%
 7692s|123000 |  8340 | 67520k| 548.9 |   563M |  65 |1076 |3502 |4071 | 675k|  0 | 160k|  17 | 0.000000e+00 |      --      |    Inf |   7.36%
 7698s|123100 |  8335 | 67576k| 548.9 |   563M |  65 |1076 |3541 |3138 | 675k|  2 | 161k|  17 | 0.000000e+00 |      --      |    Inf |   7.36%
 time | node  | left  |LP iter|LP it/n|mem/heur|mdpt |vars |cons |rows |cuts |sepa|confs|strbr|  dualbound   | primalbound  |  gap   | compl. 
 7704s|123200 |  8336 | 67640k| 549.0 |   563M |  65 |1076 |3638 |3251 | 676k|  2 | 161k|  17 | 0.000000e+00 |      --      |    Inf |   7.36%
 7710s|123300 |  8338 | 67698k| 549.0 |   563M |  65 |1076 |3652 |2748 | 676k|  0 | 161k|  17 | 0.000000e+00 |      --      |    Inf |   7.36%
 7716s|123400 |  8326 | 67761k| 549.1 |   563M |  65 |1076 |3563 |3658 | 676k|  0 | 161k|  17 | 0.000000e+00 |      --      |    Inf |   7.36%
 7722s|123500 |  8329 | 67822k| 549.1 |   563M |  65 |1076 |3414 |3967 | 677k|  1 | 161k|  17 | 0.000000e+00 |      --      |    Inf |   7.36%
 7727s|123600 |  8335 | 67875k| 549.1 |   563M |  65 |1076 |3301 |4152 | 677k|  1 | 161k|  17 | 0.000000e+00 |      --      |    Inf |   7.36%
 7736s|123700 |  8354 | 67952k| 549.3 |   563M |  65 |1076 |3406 |4162 | 677k|  1 | 161k|  17 | 0.000000e+00 |      --      |    Inf |   7.36%
 7742s|123800 |  8347 | 68012k| 549.4 |   563M |  65 |1076 |3532 |4167 | 677k|  1 | 162k|  17 | 0.000000e+00 |      --      |    Inf |   7.36%
 7748s|123900 |  8347 | 68077k| 549.4 |   563M |  65 |1076 |3398 |4265 | 678k|  0 | 162k|  17 | 0.000000e+00 |      --      |    Inf |   7.36%
 7755s|124000 |  8348 | 68137k| 549.5 |   563M |  65 |1076 |3456 |4169 | 678k|  1 | 162k|  17 | 0.000000e+00 |      --      |    Inf |   7.36%
 7761s|124100 |  8358 | 68196k| 549.5 |   563M |  65 |1076 |3567 |3522 | 678k|  2 | 162k|  17 | 0.000000e+00 |      --      |    Inf |   7.36%
 7767s|124200 |  8347 | 68258k| 549.6 |   563M |  65 |1076 |3694 |3564 | 678k|  1 | 162k|  17 | 0.000000e+00 |      --      |    Inf |   7.36%
 7774s|124300 |  8358 | 68330k| 549.7 |   563M |  65 |1076 |3720 |3694 | 678k|  2 | 162k|  17 | 0.000000e+00 |      --      |    Inf |   7.36%
 7781s|124400 |  8358 | 68392k| 549.8 |   563M |  65 |1076 |3812 |3675 | 678k|  1 | 162k|  17 | 0.000000e+00 |      --      |    Inf |   7.36%
 7788s|124500 |  8351 | 68459k| 549.9 |   563M |  65 |1076 |3757 |3555 | 679k|  0 | 163k|  17 | 0.000000e+00 |      --      |    Inf |   7.37%
 7794s|124600 |  8358 | 68527k| 550.0 |   563M |  65 |1076 |3758 |3777 | 679k|  0 | 163k|  17 | 0.000000e+00 |      --      |    Inf |   7.37%
 time | node  | left  |LP iter|LP it/n|mem/heur|mdpt |vars |cons |rows |cuts |sepa|confs|strbr|  dualbound   | primalbound  |  gap   | compl. 
 7800s|124700 |  8367 | 68582k| 550.0 |   563M |  65 |1076 |3796 |3775 | 679k|  2 | 163k|  17 | 0.000000e+00 |      --      |    Inf |   7.37%
 7804s|124800 |  8364 | 68633k| 549.9 |   563M |  65 |1076 |3863 |2967 | 679k|  0 | 163k|  17 | 0.000000e+00 |      --      |    Inf |   7.37%
 7808s|124900 |  8362 | 68679k| 549.9 |   564M |  65 |1076 |3864 |4167 | 680k|  0 | 163k|  17 | 0.000000e+00 |      --      |    Inf |   7.56%
 7815s|125000 |  8365 | 68746k| 550.0 |   564M |  65 |1076 |3785 |3923 | 680k|  1 | 163k|  17 | 0.000000e+00 |      --      |    Inf |   7.56%
 7822s|125100 |  8371 | 68819k| 550.1 |   564M |  65 |1076 |3723 |3397 | 680k|  2 | 163k|  17 | 0.000000e+00 |      --      |    Inf |   7.56%
 7828s|125200 |  8377 | 68877k| 550.1 |   564M |  65 |1076 |3723 |3998 | 680k|  0 | 163k|  17 | 0.000000e+00 |      --      |    Inf |   7.56%
 7834s|125300 |  8383 | 68934k| 550.1 |   564M |  65 |1076 |3792 |4013 | 681k|  1 | 164k|  17 | 0.000000e+00 |      --      |    Inf |   7.56%
 7838s|125400 |  8382 | 68980k| 550.1 |   564M |  65 |1076 |3900 |4000 | 681k|  0 | 164k|  17 | 0.000000e+00 |      --      |    Inf |   7.56%
 7844s|125500 |  8385 | 69033k| 550.1 |   564M |  65 |1076 |4024 |4005 | 681k|  0 | 164k|  17 | 0.000000e+00 |      --      |    Inf |   7.56%
 7848s|125600 |  8383 | 69084k| 550.0 |   564M |  65 |1076 |4033 |2451 | 681k|  0 | 164k|  17 | 0.000000e+00 |      --      |    Inf |   7.56%
 7856s|125700 |  8398 | 69158k| 550.2 |   564M |  65 |1076 |3902 |2239 | 681k|  2 | 164k|  17 | 0.000000e+00 |      --      |    Inf |   7.60%
 7863s|125800 |  8412 | 69234k| 550.3 |   564M |  65 |1076 |3866 |3915 | 683k|  2 | 164k|  17 | 0.000000e+00 |      --      |    Inf |   7.60%
 7870s|125900 |  8408 | 69305k| 550.5 |   564M |  65 |1076 |3660 |3779 | 683k|  0 | 164k|  17 | 0.000000e+00 |      --      |    Inf |   7.69%
 7877s|126000 |  8414 | 69375k| 550.6 |   564M |  65 |1076 |3565 |4262 | 684k|  1 | 164k|  17 | 0.000000e+00 |      --      |    Inf |   7.69%
 7885s|126100 |  8425 | 69452k| 550.8 |   564M |  65 |1076 |3580 |4253 | 684k|  2 | 165k|  17 | 0.000000e+00 |      --      |    Inf |   7.70%
 time | node  | left  |LP iter|LP it/n|mem/heur|mdpt |vars |cons |rows |cuts |sepa|confs|strbr|  dualbound   | primalbound  |  gap   | compl. 
 7891s|126200 |  8416 | 69510k| 550.8 |   564M |  65 |1076 |3678 |   0 | 684k|  0 | 165k|  17 | 0.000000e+00 |      --      |    Inf |   7.70%
 7899s|126300 |  8416 | 69589k| 551.0 |   564M |  65 |1076 |3800 |3702 | 684k|  0 | 165k|  17 | 0.000000e+00 |      --      |    Inf |   7.70%
 7907s|126400 |  8414 | 69658k| 551.1 |   564M |  65 |1076 |3871 |3704 | 684k|  0 | 165k|  17 | 0.000000e+00 |      --      |    Inf |   7.70%
 7912s|126500 |  8415 | 69714k| 551.1 |   564M |  65 |1076 |3882 |3693 | 684k|  0 | 165k|  17 | 0.000000e+00 |      --      |    Inf |   7.70%
 7918s|126600 |  8432 | 69777k| 551.2 |   564M |  65 |1076 |3925 |3709 | 685k|  0 | 165k|  17 | 0.000000e+00 |      --      |    Inf |   7.70%
 7923s|126700 |  8433 | 69824k| 551.1 |   564M |  65 |1076 |4008 |   0 | 685k|  0 | 165k|  17 | 0.000000e+00 |      --      |    Inf |   7.70%
 7927s|126800 |  8425 | 69868k| 551.0 |   564M |  65 |1076 |4052 |3708 | 685k|  1 | 165k|  17 | 0.000000e+00 |      --      |    Inf |   7.70%
 7931s|126900 |  8418 | 69910k| 550.9 |   564M |  65 |1076 |4114 |   0 | 685k|  0 | 166k|  17 | 0.000000e+00 |      --      |    Inf |   7.70%
 7936s|127000 |  8422 | 69961k| 550.9 |   564M |  65 |1076 |3939 |2654 | 685k|  0 | 166k|  17 | 0.000000e+00 |      --      |    Inf |   7.70%
 7940s|127100 |  8424 | 70006k| 550.8 |   564M |  65 |1076 |3886 |2637 | 686k|  0 | 166k|  17 | 0.000000e+00 |      --      |    Inf |   7.70%
 7947s|127200 |  8428 | 70078k| 550.9 |   564M |  65 |1076 |3914 |3916 | 686k|  1 | 166k|  17 | 0.000000e+00 |      --      |    Inf |   7.70%
 7952s|127300 |  8431 | 70131k| 550.9 |   565M |  65 |1076 |3967 |2538 | 686k|  2 | 166k|  17 | 0.000000e+00 |      --      |    Inf |   7.70%
 7955s|127400 |  8433 | 70176k| 550.8 |   565M |  65 |1076 |4054 |2726 | 687k|  2 | 166k|  17 | 0.000000e+00 |      --      |    Inf |   7.70%
 7959s|127500 |  8432 | 70219k| 550.7 |   565M |  65 |1076 |4107 |2547 | 688k|  0 | 166k|  17 | 0.000000e+00 |      --      |    Inf |   7.70%
 7963s|127600 |  8445 | 70269k| 550.7 |   565M |  65 |1076 |4086 |3697 | 688k|  2 | 167k|  17 | 0.000000e+00 |      --      |    Inf |   7.70%
 time | node  | left  |LP iter|LP it/n|mem/heur|mdpt |vars |cons |rows |cuts |sepa|confs|strbr|  dualbound   | primalbound  |  gap   | compl. 
 7970s|127700 |  8446 | 70338k| 550.8 |   565M |  65 |1076 |4170 |3696 | 688k|  1 | 167k|  17 | 0.000000e+00 |      --      |    Inf |   7.70%
 7974s|127800 |  8444 | 70385k| 550.7 |   565M |  65 |1076 |4280 |3692 | 688k|  0 | 167k|  17 | 0.000000e+00 |      --      |    Inf |   7.70%
 7980s|127900 |  8442 | 70446k| 550.8 |   565M |  65 |1076 |4350 |3682 | 688k|  0 | 167k|  17 | 0.000000e+00 |      --      |    Inf |   7.70%
 7985s|128000 |  8445 | 70498k| 550.8 |   565M |  65 |1076 |4172 |2741 | 689k|  2 | 167k|  17 | 0.000000e+00 |      --      |    Inf |   7.71%
 7992s|128100 |  8446 | 70568k| 550.9 |   565M |  65 |1076 |4123 |3845 | 689k|  1 | 167k|  17 | 0.000000e+00 |      --      |    Inf |   7.71%
 7999s|128200 |  8462 | 70634k| 551.0 |   565M |  65 |1076 |4205 |3864 | 689k|  1 | 167k|  17 | 0.000000e+00 |      --      |    Inf |   7.71%
 8003s|128300 |  8459 | 70683k| 550.9 |   565M |  65 |1076 |4329 |3831 | 689k|  1 | 168k|  17 | 0.000000e+00 |      --      |    Inf |   7.71%
 8006s|128400 |  8446 | 70713k| 550.7 |   565M |  65 |1076 |4433 |2803 | 689k|  2 | 168k|  17 | 0.000000e+00 |      --      |    Inf |   7.71%
 8011s|128500 |  8446 | 70769k| 550.7 |   565M |  65 |1076 |3801 |4182 | 689k|  2 | 168k|  17 | 0.000000e+00 |      --      |    Inf |   7.71%
 8017s|128600 |  8447 | 70827k| 550.7 |   565M |  65 |1076 |3528 |   0 | 690k|  0 | 168k|  17 | 0.000000e+00 |      --      |    Inf |   7.71%
 8022s|128700 |  8441 | 70892k| 550.8 |   565M |  65 |1076 |3396 |2751 | 690k|  0 | 168k|  17 | 0.000000e+00 |      --      |    Inf |   7.71%
 8028s|128800 |  8453 | 70951k| 550.9 |   567M |  65 |1076 |2890 |4571 | 690k|  1 | 168k|  17 | 0.000000e+00 |      --      |    Inf |   7.71%
 8034s|128900 |  8456 | 71013k| 550.9 |   567M |  65 |1076 |2821 |   0 | 691k|  0 | 168k|  17 | 0.000000e+00 |      --      |    Inf |   7.71%
 8040s|129000 |  8479 | 71073k| 550.9 |   567M |  65 |1076 |2745 |3612 | 691k|  0 | 169k|  17 | 0.000000e+00 |      --      |    Inf |   7.71%
 8045s|129100 |  8486 | 71120k| 550.9 |   567M |  65 |1076 |2777 |   0 | 691k|  0 | 169k|  17 | 0.000000e+00 |      --      |    Inf |   7.71%
 time | node  | left  |LP iter|LP it/n|mem/heur|mdpt |vars |cons |rows |cuts |sepa|confs|strbr|  dualbound   | primalbound  |  gap   | compl. 
 8050s|129200 |  8485 | 71177k| 550.9 |   567M |  65 |1076 |2804 |3579 | 692k|  0 | 169k|  17 | 0.000000e+00 |      --      |    Inf |   7.71%
 8056s|129300 |  8504 | 71253k| 551.1 |   567M |  65 |1076 |2759 |3605 | 693k|  1 | 169k|  17 | 0.000000e+00 |      --      |    Inf |   7.71%
 8061s|129400 |  8502 | 71296k| 551.0 |   569M |  65 |1076 |2845 |3987 | 693k|  1 | 169k|  17 | 0.000000e+00 |      --      |    Inf |   7.71%
 8065s|129500 |  8491 | 71343k| 550.9 |   569M |  65 |1076 |2867 |4297 | 693k|  0 | 169k|  17 | 0.000000e+00 |      --      |    Inf |   7.71%
 8070s|129600 |  8488 | 71397k| 550.9 |   569M |  65 |1076 |2854 |4369 | 694k|  1 | 169k|  17 | 0.000000e+00 |      --      |    Inf |   7.81%
 8075s|129700 |  8486 | 71455k| 550.9 |   569M |  65 |1076 |2887 |3144 | 694k|  0 | 169k|  17 | 0.000000e+00 |      --      |    Inf |   7.81%
 8082s|129800 |  8486 | 71520k| 551.0 |   569M |  65 |1076 |2939 |3769 | 695k|  2 | 170k|  17 | 0.000000e+00 |      --      |    Inf |   7.81%
 8088s|129900 |  8489 | 71590k| 551.1 |   569M |  65 |1076 |2996 |3148 | 695k|  2 | 170k|  17 | 0.000000e+00 |      --      |    Inf |   7.81%
 8096s|130000 |  8490 | 71663k| 551.2 |   569M |  65 |1076 |3070 |3958 | 696k|  2 | 170k|  17 | 0.000000e+00 |      --      |    Inf |   7.81%
 8100s|130100 |  8500 | 71709k| 551.2 |   569M |  65 |1076 |3189 |3461 | 696k|  0 | 170k|  17 | 0.000000e+00 |      --      |    Inf |   7.81%
 8104s|130200 |  8487 | 71756k| 551.1 |   569M |  65 |1076 |3285 |3741 | 696k|  0 | 170k|  17 | 0.000000e+00 |      --      |    Inf |   7.81%
 8109s|130300 |  8481 | 71805k| 551.1 |   569M |  65 |1076 |3314 |2498 | 696k|  2 | 170k|  17 | 0.000000e+00 |      --      |    Inf |   7.81%
 8116s|130400 |  8494 | 71876k| 551.2 |   569M |  65 |1076 |3348 |3600 | 697k|  2 | 170k|  17 | 0.000000e+00 |      --      |    Inf |   7.81%
 8122s|130500 |  8495 | 71941k| 551.3 |   569M |  65 |1076 |3424 |3710 | 697k|  1 | 171k|  17 | 0.000000e+00 |      --      |    Inf |   7.81%
 8128s|130600 |  8478 | 71998k| 551.3 |   569M |  65 |1076 |3525 |2876 | 698k|  0 | 171k|  17 | 0.000000e+00 |      --      |    Inf |   7.81%
 time | node  | left  |LP iter|LP it/n|mem/heur|mdpt |vars |cons |rows |cuts |sepa|confs|strbr|  dualbound   | primalbound  |  gap   | compl. 
 8133s|130700 |  8475 | 72048k| 551.2 |   569M |  65 |1076 |3528 |3629 | 698k|  0 | 171k|  17 | 0.000000e+00 |      --      |    Inf |   7.82%
 8136s|130800 |  8468 | 72090k| 551.1 |   570M |  65 |1076 |3620 |3670 | 698k|  0 | 171k|  17 | 0.000000e+00 |      --      |    Inf |   7.82%
 8142s|130900 |  8464 | 72155k| 551.2 |   570M |  65 |1076 |3503 |3268 | 698k|  0 | 171k|  17 | 0.000000e+00 |      --      |    Inf |   7.92%
 8148s|131000 |  8467 | 72215k| 551.2 |   570M |  65 |1076 |3449 |   0 | 699k|  0 | 171k|  17 | 0.000000e+00 |      --      |    Inf |   7.92%
 8153s|131100 |  8461 | 72270k| 551.2 |   570M |  65 |1076 |3343 |3945 | 699k|  2 | 171k|  17 | 0.000000e+00 |      --      |    Inf |   7.92%
 8159s|131200 |  8463 | 72336k| 551.3 |   570M |  65 |1076 |3418 |2857 | 700k|  0 | 172k|  17 | 0.000000e+00 |      --      |    Inf |   7.92%
 8165s|131300 |  8510 | 72399k| 551.4 |   570M |  65 |1076 |3432 |3793 | 700k|  0 | 172k|  17 | 0.000000e+00 |      --      |    Inf |   7.92%
 8171s|131400 |  8512 | 72461k| 551.4 |   570M |  65 |1076 |3604 |3823 | 700k|  0 | 172k|  17 | 0.000000e+00 |      --      |    Inf |   7.92%
 8177s|131500 |  8510 | 72523k| 551.5 |   570M |  65 |1076 |3713 |3588 | 700k|  1 | 172k|  17 | 0.000000e+00 |      --      |    Inf |   7.92%
 8183s|131600 |  8513 | 72589k| 551.6 |   571M |  65 |1076 |3784 |3856 | 701k|  0 | 172k|  17 | 0.000000e+00 |      --      |    Inf |   7.92%
 8189s|131700 |  8507 | 72649k| 551.6 |   571M |  65 |1076 |3885 |3006 | 701k|  0 | 172k|  17 | 0.000000e+00 |      --      |    Inf |   7.92%
 8197s|131800 |  8515 | 72726k| 551.8 |   571M |  65 |1076 |3882 |3725 | 701k|  2 | 172k|  17 | 0.000000e+00 |      --      |    Inf |   7.92%
 8206s|131900 |  8529 | 72816k| 552.0 |   571M |  65 |1076 |3986 |3691 | 701k|  2 | 173k|  17 | 0.000000e+00 |      --      |    Inf |   7.92%
 8214s|132000 |  8544 | 72896k| 552.2 |   571M |  65 |1076 |4088 |3766 | 702k|  0 | 173k|  17 | 0.000000e+00 |      --      |    Inf |   7.92%
 8223s|132100 |  8548 | 72978k| 552.4 |   571M |  65 |1076 |4084 |3757 | 702k|  0 | 173k|  17 | 0.000000e+00 |      --      |    Inf |   7.92%
 time | node  | left  |LP iter|LP it/n|mem/heur|mdpt |vars |cons |rows |cuts |sepa|confs|strbr|  dualbound   | primalbound  |  gap   | compl. 
 8228s|132200 |  8544 | 73031k| 552.4 |   571M |  65 |1076 |4032 |3809 | 702k|  2 | 173k|  17 | 0.000000e+00 |      --      |    Inf |   7.93%
 8235s|132300 |  8566 | 73115k| 552.6 |   571M |  65 |1076 |3901 |3973 | 703k|  0 | 173k|  17 | 0.000000e+00 |      --      |    Inf |   7.94%
 8240s|132400 |  8556 | 73167k| 552.6 |   571M |  65 |1076 |3704 |3894 | 703k|  2 | 173k|  17 | 0.000000e+00 |      --      |    Inf |   7.99%
 8245s|132500 |  8558 | 73222k| 552.6 |   571M |  65 |1076 |3694 |3506 | 703k|  0 | 173k|  17 | 0.000000e+00 |      --      |    Inf |   7.99%
 8251s|132600 |  8560 | 73282k| 552.6 |   571M |  65 |1076 |3864 |3535 | 703k|  2 | 174k|  17 | 0.000000e+00 |      --      |    Inf |   7.99%
 8256s|132700 |  8554 | 73338k| 552.6 |   571M |  65 |1076 |3999 |3919 | 703k|  1 | 174k|  17 | 0.000000e+00 |      --      |    Inf |   8.08%
 8262s|132800 |  8563 | 73409k| 552.8 |   571M |  65 |1076 |3907 |2647 | 705k|  0 | 174k|  17 | 0.000000e+00 |      --      |    Inf |   8.09%
 8268s|132900 |  8564 | 73470k| 552.8 |   571M |  65 |1076 |3891 |   0 | 705k|  0 | 174k|  17 | 0.000000e+00 |      --      |    Inf |   8.09%
 8274s|133000 |  8557 | 73527k| 552.8 |   571M |  65 |1076 |3868 |4256 | 705k|  1 | 174k|  17 | 0.000000e+00 |      --      |    Inf |   8.09%
 8279s|133100 |  8575 | 73578k| 552.8 |   571M |  65 |1076 |3900 |4525 | 705k|  0 | 174k|  17 | 0.000000e+00 |      --      |    Inf |   8.09%
 8286s|133200 |  8597 | 73640k| 552.8 |   571M |  65 |1076 |3990 |4571 | 705k|  1 | 175k|  17 | 0.000000e+00 |      --      |    Inf |   8.09%
 8291s|133300 |  8595 | 73689k| 552.8 |   571M |  65 |1076 |4125 |4525 | 705k|  1 | 175k|  17 | 0.000000e+00 |      --      |    Inf |   8.09%
 8297s|133400 |  8593 | 73755k| 552.9 |   571M |  65 |1076 |4123 |   0 | 705k|  0 | 175k|  17 | 0.000000e+00 |      --      |    Inf |   8.09%
 8303s|133500 |  8578 | 73813k| 552.9 |   571M |  65 |1076 |4048 |3560 | 705k|  0 | 175k|  17 | 0.000000e+00 |      --      |    Inf |   8.09%
 8309s|133600 |  8578 | 73868k| 552.9 |   571M |  65 |1076 |3963 |4266 | 705k|  0 | 175k|  17 | 0.000000e+00 |      --      |    Inf |   8.09%
 time | node  | left  |LP iter|LP it/n|mem/heur|mdpt |vars |cons |rows |cuts |sepa|confs|strbr|  dualbound   | primalbound  |  gap   | compl. 
 8314s|133700 |  8587 | 73924k| 552.9 |   571M |  65 |1076 |3763 |2859 | 706k|  2 | 175k|  17 | 0.000000e+00 |      --      |    Inf |   8.10%
 8318s|133800 |  8588 | 73973k| 552.8 |   571M |  65 |1076 |3784 |   0 | 707k|  0 | 175k|  17 | 0.000000e+00 |      --      |    Inf |   8.10%
 8325s|133900 |  8580 | 74041k| 552.9 |   571M |  65 |1076 |3766 |4149 | 707k|  0 | 176k|  17 | 0.000000e+00 |      --      |    Inf |   8.12%
 8331s|134000 |  8586 | 74103k| 553.0 |   571M |  65 |1076 |3851 |4162 | 707k|  0 | 176k|  17 | 0.000000e+00 |      --      |    Inf |   8.12%
 8337s|134100 |  8584 | 74162k| 553.0 |   571M |  65 |1076 |3875 |3833 | 707k|  2 | 176k|  17 | 0.000000e+00 |      --      |    Inf |   8.12%
 8344s|134200 |  8585 | 74229k| 553.1 |   571M |  65 |1076 |3897 |4253 | 707k|  0 | 176k|  17 | 0.000000e+00 |      --      |    Inf |   8.12%
 8352s|134300 |  8601 | 74320k| 553.4 |   571M |  65 |1076 |3906 |2847 | 709k|  2 | 176k|  17 | 0.000000e+00 |      --      |    Inf |   8.13%
 8359s|134400 |  8603 | 74387k| 553.5 |   571M |  65 |1076 |3792 |3747 | 709k|  0 | 176k|  17 | 0.000000e+00 |      --      |    Inf |   8.13%
 8366s|134500 |  8601 | 74456k| 553.6 |   571M |  65 |1076 |3898 |3728 | 709k|  2 | 176k|  17 | 0.000000e+00 |      --      |    Inf |   8.13%
 8375s|134600 |  8616 | 74534k| 553.7 |   571M |  65 |1076 |4014 |3749 | 710k|  0 | 176k|  17 | 0.000000e+00 |      --      |    Inf |   8.13%
 8381s|134700 |  8609 | 74602k| 553.8 |   571M |  65 |1076 |4135 |3734 | 710k|  2 | 177k|  17 | 0.000000e+00 |      --      |    Inf |   8.13%
 8391s|134800 |  8614 | 74698k| 554.1 |   571M |  65 |1076 |4207 |3755 | 710k|  2 | 177k|  17 | 0.000000e+00 |      --      |    Inf |   8.13%
 8398s|134900 |  8616 | 74767k| 554.2 |   571M |  65 |1076 |4389 |3746 | 710k|  0 | 177k|  17 | 0.000000e+00 |      --      |    Inf |   8.13%
 8406s|135000 |  8620 | 74844k| 554.4 |   571M |  65 |1076 |4535 |3758 | 710k|  0 | 177k|  17 | 0.000000e+00 |      --      |    Inf |   8.13%
 8414s|135100 |  8621 | 74918k| 554.5 |   571M |  65 |1076 |4632 |3772 | 710k|  0 | 177k|  17 | 0.000000e+00 |      --      |    Inf |   8.13%
 time | node  | left  |LP iter|LP it/n|mem/heur|mdpt |vars |cons |rows |cuts |sepa|confs|strbr|  dualbound   | primalbound  |  gap   | compl. 
 8421s|135200 |  8614 | 74989k| 554.6 |   571M |  65 |1076 |4812 |3724 | 710k|  0 | 177k|  17 | 0.000000e+00 |      --      |    Inf |   8.13%
 8427s|135300 |  8618 | 75052k| 554.7 |   571M |  65 |1076 |4899 |3778 | 710k|  1 | 178k|  17 | 0.000000e+00 |      --      |    Inf |   8.13%
 8434s|135400 |  8615 | 75121k| 554.8 |   571M |  65 |1076 |4966 |3820 | 710k|  1 | 178k|  17 | 0.000000e+00 |      --      |    Inf |   8.13%
 8440s|135500 |  8633 | 75185k| 554.9 |   571M |  65 |1076 |4880 |3996 | 710k|  1 | 178k|  17 | 0.000000e+00 |      --      |    Inf |   8.13%
 8446s|135600 |  8636 | 75239k| 554.8 |   571M |  65 |1076 |5042 |3994 | 710k|  0 | 178k|  17 | 0.000000e+00 |      --      |    Inf |   8.13%
 8450s|135700 |  8627 | 75291k| 554.8 |   572M |  65 |1076 |5202 |3993 | 710k|  0 | 178k|  17 | 0.000000e+00 |      --      |    Inf |   8.13%
 8455s|135800 |  8624 | 75340k| 554.8 |   572M |  65 |1076 |5275 |3984 | 710k|  1 | 178k|  17 | 0.000000e+00 |      --      |    Inf |   8.13%
 8461s|135900 |  8617 | 75398k| 554.8 |   572M |  65 |1076 |5344 |3984 | 710k|  0 | 179k|  17 | 0.000000e+00 |      --      |    Inf |   8.13%
 8466s|136000 |  8624 | 75455k| 554.8 |   572M |  65 |1076 |5251 |3895 | 710k|  0 | 179k|  17 | 0.000000e+00 |      --      |    Inf |   8.13%
 8472s|136100 |  8645 | 75513k| 554.8 |   572M |  65 |1076 |5097 |3375 | 711k|  0 | 179k|  17 | 0.000000e+00 |      --      |    Inf |   8.13%
 8477s|136200 |  8652 | 75568k| 554.8 |   572M |  65 |1076 |5029 |2687 | 711k|  2 | 179k|  17 | 0.000000e+00 |      --      |    Inf |   8.13%
 8483s|136300 |  8670 | 75633k| 554.9 |   572M |  65 |1076 |5069 |3702 | 711k|  0 | 179k|  17 | 0.000000e+00 |      --      |    Inf |   8.13%
 8488s|136400 |  8661 | 75687k| 554.9 |   572M |  65 |1076 |5104 |3696 | 712k|  1 | 179k|  17 | 0.000000e+00 |      --      |    Inf |   8.13%
 8494s|136500 |  8670 | 75747k| 554.9 |   572M |  65 |1076 |5068 |3706 | 712k|  0 | 179k|  17 | 0.000000e+00 |      --      |    Inf |   8.13%
 8501s|136600 |  8665 | 75806k| 554.9 |   572M |  65 |1076 |5152 |3739 | 712k|  1 | 180k|  17 | 0.000000e+00 |      --      |    Inf |   8.13%
 time | node  | left  |LP iter|LP it/n|mem/heur|mdpt |vars |cons |rows |cuts |sepa|confs|strbr|  dualbound   | primalbound  |  gap   | compl. 
 8506s|136700 |  8668 | 75863k| 554.9 |   572M |  65 |1076 |5171 |   0 | 712k|  0 | 180k|  17 | 0.000000e+00 |      --      |    Inf |   8.13%
 8512s|136800 |  8666 | 75926k| 555.0 |   572M |  65 |1076 |5266 |3202 | 712k|  2 | 180k|  17 | 0.000000e+00 |      --      |    Inf |   8.13%
 8516s|136900 |  8662 | 75971k| 554.9 |   572M |  65 |1076 |5329 |2780 | 713k|  2 | 180k|  17 | 0.000000e+00 |      --      |    Inf |   8.13%
 8521s|137000 |  8661 | 76025k| 554.9 |   572M |  65 |1076 |5177 |3756 | 713k|  0 | 180k|  17 | 0.000000e+00 |      --      |    Inf |   8.13%
 8527s|137100 |  8667 | 76085k| 554.9 |   572M |  65 |1076 |5277 |3781 | 713k|  0 | 180k|  17 | 0.000000e+00 |      --      |    Inf |   8.13%
 8533s|137200 |  8660 | 76141k| 554.9 |   572M |  65 |1076 |5149 |4527 | 713k|  0 | 180k|  17 | 0.000000e+00 |      --      |    Inf |   8.14%
 8541s|137300 |  8666 | 76212k| 555.1 |   572M |  65 |1076 |4953 |4246 | 713k|  0 | 181k|  17 | 0.000000e+00 |      --      |    Inf |   8.14%
 8546s|137400 |  8668 | 76267k| 555.1 |   572M |  65 |1076 |5069 |4166 | 713k|  0 | 181k|  17 | 0.000000e+00 |      --      |    Inf |   8.14%
 8551s|137500 |  8669 | 76315k| 555.0 |   572M |  65 |1076 |5193 |4168 | 713k|  0 | 181k|  17 | 0.000000e+00 |      --      |    Inf |   8.14%
 8558s|137600 |  8665 | 76380k| 555.1 |   572M |  65 |1076 |5316 |4250 | 713k|  0 | 181k|  17 | 0.000000e+00 |      --      |    Inf |   8.14%
 8565s|137700 |  8666 | 76446k| 555.1 |   572M |  65 |1076 |5425 |4170 | 713k|  0 | 181k|  17 | 0.000000e+00 |      --      |    Inf |   8.14%
 8571s|137800 |  8670 | 76503k| 555.2 |   572M |  65 |1076 |5540 |4174 | 713k|  0 | 181k|  17 | 0.000000e+00 |      --      |    Inf |   8.14%
 8579s|137900 |  8668 | 76579k| 555.3 |   572M |  65 |1076 |5649 |4172 | 713k|  1 | 181k|  17 | 0.000000e+00 |      --      |    Inf |   8.14%
 8585s|138000 |  8669 | 76641k| 555.4 |   572M |  65 |1076 |5714 |4169 | 713k|  0 | 181k|  17 | 0.000000e+00 |      --      |    Inf |   8.14%
 8591s|138100 |  8671 | 76697k| 555.4 |   572M |  65 |1076 |5805 |4170 | 713k|  1 | 182k|  17 | 0.000000e+00 |      --      |    Inf |   8.14%
 time | node  | left  |LP iter|LP it/n|mem/heur|mdpt |vars |cons |rows |cuts |sepa|confs|strbr|  dualbound   | primalbound  |  gap   | compl. 
 8598s|138200 |  8666 | 76761k| 555.4 |   572M |  65 |1076 |5817 |4169 | 713k|  1 | 182k|  17 | 0.000000e+00 |      --      |    Inf |   8.14%
 8605s|138300 |  8674 | 76831k| 555.5 |   572M |  65 |1076 |5866 |4169 | 713k|  1 | 182k|  17 | 0.000000e+00 |      --      |    Inf |   8.14%
 8613s|138400 |  8666 | 76905k| 555.7 |   572M |  65 |1076 |6085 |4167 | 713k|  0 | 182k|  17 | 0.000000e+00 |      --      |    Inf |   8.14%
 8621s|138500 |  8676 | 76977k| 555.8 |   572M |  65 |1076 |6182 |4170 | 713k|  1 | 182k|  17 | 0.000000e+00 |      --      |    Inf |   8.14%
 8627s|138600 |  8667 | 77040k| 555.8 |   572M |  65 |1076 |6404 |4169 | 713k|  0 | 183k|  17 | 0.000000e+00 |      --      |    Inf |   8.14%
 8635s|138700 |  8665 | 77113k| 556.0 |   572M |  65 |1076 |6610 |4176 | 713k|  0 | 183k|  17 | 0.000000e+00 |      --      |    Inf |   8.14%
 8642s|138800 |  8663 | 77184k| 556.1 |   572M |  65 |1076 |6549 |   0 | 713k|  0 | 183k|  17 | 0.000000e+00 |      --      |    Inf |   8.14%
 8647s|138900 |  8661 | 77245k| 556.1 |   572M |  65 |1076 |6272 |3736 | 714k|  1 | 183k|  17 | 0.000000e+00 |      --      |    Inf |   8.14%
 8653s|139000 |  8663 | 77308k| 556.2 |   572M |  65 |1076 |5918 |4152 | 714k|  0 | 183k|  17 | 0.000000e+00 |      --      |    Inf |   8.14%
 8660s|139100 |  8672 | 77370k| 556.2 |   572M |  65 |1076 |5935 |4170 | 714k|  0 | 183k|  17 | 0.000000e+00 |      --      |    Inf |   8.14%
 8665s|139200 |  8676 | 77420k| 556.2 |   572M |  65 |1076 |6044 |4170 | 714k|  0 | 184k|  17 | 0.000000e+00 |      --      |    Inf |   8.14%
 8671s|139300 |  8695 | 77487k| 556.2 |   572M |  65 |1076 |6142 |4176 | 714k|  1 | 184k|  17 | 0.000000e+00 |      --      |    Inf |   8.14%
 8677s|139400 |  8695 | 77541k| 556.2 |   572M |  65 |1076 |6278 |4176 | 714k|  0 | 184k|  17 | 0.000000e+00 |      --      |    Inf |   8.14%
 8683s|139500 |  8698 | 77597k| 556.2 |   572M |  65 |1076 |6407 |4188 | 714k|  1 | 184k|  17 | 0.000000e+00 |      --      |    Inf |   8.14%
 8689s|139600 |  8708 | 77658k| 556.3 |   572M |  65 |1076 |6546 |4194 | 714k|  1 | 184k|  17 | 0.000000e+00 |      --      |    Inf |   8.14%
 time | node  | left  |LP iter|LP it/n|mem/heur|mdpt |vars |cons |rows |cuts |sepa|confs|strbr|  dualbound   | primalbound  |  gap   | compl. 
 8694s|139700 |  8710 | 77710k| 556.3 |   572M |  65 |1076 |6678 |4192 | 714k|  0 | 184k|  17 | 0.000000e+00 |      --      |    Inf |   8.14%
 8699s|139800 |  8716 | 77759k| 556.2 |   572M |  65 |1076 |6805 |4194 | 714k|  1 | 184k|  17 | 0.000000e+00 |      --      |    Inf |   8.14%
 8705s|139900 |  8715 | 77815k| 556.2 |   572M |  65 |1076 |6912 |4193 | 714k|  1 | 184k|  17 | 0.000000e+00 |      --      |    Inf |   8.14%
 8711s|140000 |  8713 | 77875k| 556.2 |   573M |  65 |1076 |7030 |4196 | 714k|  1 | 185k|  17 | 0.000000e+00 |      --      |    Inf |   8.14%
 8716s|140100 |  8714 | 77925k| 556.2 |   573M |  65 |1076 |7082 |4197 | 714k|  1 | 185k|  17 | 0.000000e+00 |      --      |    Inf |   8.14%
 8722s|140200 |  8711 | 77980k| 556.2 |   573M |  65 |1076 |7068 |4194 | 714k|  1 | 185k|  17 | 0.000000e+00 |      --      |    Inf |   8.14%
 8728s|140300 |  8712 | 78040k| 556.2 |   574M |  65 |1076 |7108 |4196 | 714k|  1 | 185k|  17 | 0.000000e+00 |      --      |    Inf |   8.14%
 8734s|140400 |  8703 | 78095k| 556.2 |   574M |  65 |1076 |7008 |4194 | 714k|  0 | 185k|  17 | 0.000000e+00 |      --      |    Inf |   8.14%
 8740s|140500 |  8691 | 78155k| 556.3 |   574M |  65 |1076 |6923 |4198 | 714k|  1 | 185k|  17 | 0.000000e+00 |      --      |    Inf |   8.14%
 8746s|140600 |  8683 | 78206k| 556.2 |   574M |  65 |1076 |6971 |4169 | 714k|  1 | 185k|  17 | 0.000000e+00 |      --      |    Inf |   8.14%
 8752s|140700 |  8692 | 78266k| 556.2 |   574M |  65 |1076 |7015 |4169 | 714k|  0 | 186k|  17 | 0.000000e+00 |      --      |    Inf |   8.14%
 8758s|140800 |  8698 | 78325k| 556.3 |   574M |  65 |1076 |7113 |4169 | 714k|  0 | 186k|  17 | 0.000000e+00 |      --      |    Inf |   8.14%
 8765s|140900 |  8710 | 78389k| 556.3 |   574M |  65 |1076 |7042 |4177 | 714k|  1 | 186k|  17 | 0.000000e+00 |      --      |    Inf |   8.14%
 8771s|141000 |  8707 | 78448k| 556.4 |   574M |  65 |1076 |7155 |4183 | 714k|  0 | 186k|  17 | 0.000000e+00 |      --      |    Inf |   8.14%
 8776s|141100 |  8706 | 78501k| 556.3 |   574M |  65 |1076 |7242 |4184 | 714k|  1 | 186k|  17 | 0.000000e+00 |      --      |    Inf |   8.14%
 time | node  | left  |LP iter|LP it/n|mem/heur|mdpt |vars |cons |rows |cuts |sepa|confs|strbr|  dualbound   | primalbound  |  gap   | compl. 
 8782s|141200 |  8708 | 78561k| 556.4 |   574M |  65 |1076 |7338 |4175 | 714k|  0 | 186k|  17 | 0.000000e+00 |      --      |    Inf |   8.14%
 8791s|141300 |  8708 | 78639k| 556.5 |   574M |  65 |1076 |7426 |4173 | 714k|  1 | 186k|  17 | 0.000000e+00 |      --      |    Inf |   8.14%
 8797s|141400 |  8706 | 78701k| 556.6 |   574M |  65 |1076 |7499 |4178 | 714k|  0 | 186k|  17 | 0.000000e+00 |      --      |    Inf |   8.14%
 8803s|141500 |  8707 | 78759k| 556.6 |   574M |  65 |1076 |7411 |4171 | 714k|  2 | 187k|  17 | 0.000000e+00 |      --      |    Inf |   8.14%
 8808s|141600 |  8696 | 78810k| 556.6 |   574M |  65 |1076 |7402 |4181 | 714k|  0 | 187k|  17 | 0.000000e+00 |      --      |    Inf |   8.14%
 8814s|141700 |  8679 | 78865k| 556.5 |   574M |  65 |1076 |7210 |4179 | 714k|  1 | 187k|  17 | 0.000000e+00 |      --      |    Inf |   8.14%
 8820s|141800 |  8683 | 78924k| 556.6 |   574M |  65 |1076 |7273 |4172 | 714k|  1 | 187k|  17 | 0.000000e+00 |      --      |    Inf |   8.14%
 8825s|141900 |  8670 | 78973k| 556.5 |   574M |  65 |1076 |7116 |3757 | 715k|  1 | 187k|  17 | 0.000000e+00 |      --      |    Inf |   8.14%
 8831s|142000 |  8673 | 79040k| 556.6 |   574M |  65 |1076 |6439 |   0 | 715k|  0 | 187k|  17 | 0.000000e+00 |      --      |    Inf |   8.15%
 8836s|142100 |  8666 | 79087k| 556.5 |   574M |  65 |1076 |6496 |3607 | 715k|  0 | 187k|  17 | 0.000000e+00 |      --      |    Inf |   8.15%
 8842s|142200 |  8664 | 79143k| 556.5 |   574M |  65 |1076 |5807 |3344 | 715k|  0 | 188k|  17 | 0.000000e+00 |      --      |    Inf |   8.15%
 8846s|142300 |  8667 | 79187k| 556.5 |   574M |  65 |1076 |5663 |4672 | 715k|  1 | 188k|  17 | 0.000000e+00 |      --      |    Inf |   8.15%
 8851s|142400 |  8674 | 79236k| 556.4 |   574M |  65 |1076 |5516 |3051 | 716k|  2 | 188k|  17 | 0.000000e+00 |      --      |    Inf |   8.15%
 8856s|142500 |  8669 | 79286k| 556.4 |   574M |  65 |1076 |5533 |4031 | 716k|  0 | 188k|  17 | 0.000000e+00 |      --      |    Inf |   8.15%
 8861s|142600 |  8676 | 79339k| 556.4 |   574M |  65 |1076 |5513 |4027 | 716k|  1 | 188k|  17 | 0.000000e+00 |      --      |    Inf |   8.15%
 time | node  | left  |LP iter|LP it/n|mem/heur|mdpt |vars |cons |rows |cuts |sepa|confs|strbr|  dualbound   | primalbound  |  gap   | compl. 
 8866s|142700 |  8679 | 79384k| 556.3 |   574M |  65 |1076 |5563 |4028 | 716k|  1 | 188k|  17 | 0.000000e+00 |      --      |    Inf |   8.15%
 8871s|142800 |  8680 | 79428k| 556.2 |   574M |  65 |1076 |5654 |4029 | 716k|  0 | 188k|  17 | 0.000000e+00 |      --      |    Inf |   8.15%
 8875s|142900 |  8674 | 79468k| 556.1 |   574M |  65 |1076 |5708 |4391 | 716k|  0 | 188k|  17 | 0.000000e+00 |      --      |    Inf |   8.15%
 8880s|143000 |  8687 | 79520k| 556.1 |   574M |  65 |1076 |5556 |2436 | 716k|  0 | 188k|  17 | 0.000000e+00 |      --      |    Inf |   8.15%
 8885s|143100 |  8678 | 79577k| 556.1 |   574M |  65 |1076 |5142 |4132 | 717k|  0 | 189k|  17 | 0.000000e+00 |      --      |    Inf |   8.15%
 8890s|143200 |  8672 | 79634k| 556.1 |   574M |  65 |1076 |4842 |2829 | 717k|  2 | 189k|  17 | 0.000000e+00 |      --      |    Inf |   8.15%
 8895s|143300 |  8676 | 79687k| 556.1 |   575M |  65 |1076 |4685 |5084 | 717k|  1 | 189k|  17 | 0.000000e+00 |      --      |    Inf |   8.15%
 8900s|143400 |  8681 | 79734k| 556.0 |   575M |  65 |1076 |4629 |4051 | 717k|  0 | 189k|  17 | 0.000000e+00 |      --      |    Inf |   8.15%
 8907s|143500 |  8677 | 79789k| 556.0 |   575M |  65 |1076 |4543 |2916 | 718k|  0 | 189k|  17 | 0.000000e+00 |      --      |    Inf |   8.15%
 8912s|143600 |  8675 | 79848k| 556.0 |   577M |  65 |1076 |4600 |3030 | 719k|  3 | 189k|  17 | 0.000000e+00 |      --      |    Inf |   8.15%
 8917s|143700 |  8675 | 79900k| 556.0 |   577M |  65 |1076 |4571 |2880 | 720k|  0 | 189k|  17 | 0.000000e+00 |      --      |    Inf |   8.15%
 8921s|143800 |  8675 | 79950k| 556.0 |   577M |  65 |1076 |4574 |4027 | 720k|  0 | 190k|  17 | 0.000000e+00 |      --      |    Inf |   8.15%
 8925s|143900 |  8674 | 79989k| 555.9 |   577M |  65 |1076 |4593 |4029 | 720k|  2 | 190k|  17 | 0.000000e+00 |      --      |    Inf |   8.15%
 8929s|144000 |  8678 | 80032k| 555.8 |   577M |  65 |1076 |4467 |3846 | 720k|  2 | 190k|  17 | 0.000000e+00 |      --      |    Inf |   8.15%
 8934s|144100 |  8674 | 80089k| 555.8 |   577M |  65 |1076 |4401 |2896 | 721k|  2 | 190k|  17 | 0.000000e+00 |      --      |    Inf |   8.15%
 time | node  | left  |LP iter|LP it/n|mem/heur|mdpt |vars |cons |rows |cuts |sepa|confs|strbr|  dualbound   | primalbound  |  gap   | compl. 
 8939s|144200 |  8677 | 80150k| 555.8 |   577M |  65 |1076 |4369 |3205 | 721k|  2 | 190k|  17 | 0.000000e+00 |      --      |    Inf |   8.15%
 8945s|144300 |  8687 | 80208k| 555.8 |   577M |  65 |1076 |4343 |4028 | 721k|  1 | 190k|  17 | 0.000000e+00 |      --      |    Inf |   8.15%
 8949s|144400 |  8684 | 80250k| 555.7 |   577M |  65 |1076 |4388 |4025 | 721k|  1 | 190k|  17 | 0.000000e+00 |      --      |    Inf |   8.15%
 8953s|144500 |  8680 | 80292k| 555.6 |   577M |  65 |1076 |4440 |3978 | 721k|  1 | 190k|  17 | 0.000000e+00 |      --      |    Inf |   8.15%
 8958s|144600 |  8685 | 80342k| 555.6 |   577M |  65 |1076 |4523 |4007 | 721k|  0 | 190k|  17 | 0.000000e+00 |      --      |    Inf |   8.15%
 8962s|144700 |  8689 | 80377k| 555.5 |   577M |  65 |1076 |4552 |   0 | 721k|  0 | 191k|  17 | 0.000000e+00 |      --      |    Inf |   8.15%
 8967s|144800 |  8689 | 80430k| 555.4 |   577M |  65 |1076 |4545 |   0 | 722k|  0 | 191k|  17 | 0.000000e+00 |      --      |    Inf |   8.15%
 8973s|144900 |  8695 | 80494k| 555.5 |   577M |  65 |1076 |4689 |3775 | 722k|  0 | 191k|  17 | 0.000000e+00 |      --      |    Inf |   8.15%
 8981s|145000 |  8722 | 80564k| 555.6 |   577M |  65 |1076 |4714 |3756 | 722k|  0 | 191k|  17 | 0.000000e+00 |      --      |    Inf |   8.15%
 8988s|145100 |  8734 | 80629k| 555.7 |   578M |  65 |1076 |4776 |4043 | 722k|  1 | 191k|  17 | 0.000000e+00 |      --      |    Inf |   8.15%
 8994s|145200 |  8719 | 80689k| 555.7 |   578M |  65 |1076 |4805 |3445 | 722k|  2 | 191k|  17 | 0.000000e+00 |      --      |    Inf |   8.15%
 8998s|145300 |  8724 | 80736k| 555.6 |   578M |  65 |1076 |4893 |   0 | 722k|  0 | 191k|  17 | 0.000000e+00 |      --      |    Inf |   8.15%
 9002s|145400 |  8741 | 80786k| 555.6 |   578M |  65 |1076 |4730 |3062 | 723k|  2 | 191k|  17 | 0.000000e+00 |      --      |    Inf |   8.16%
 9007s|145500 |  8765 | 80835k| 555.6 |   578M |  65 |1076 |4688 |3018 | 724k|  2 | 192k|  17 | 0.000000e+00 |      --      |    Inf |   8.16%
 9011s|145600 |  8790 | 80883k| 555.5 |   578M |  65 |1076 |4667 |3002 | 725k|  2 | 192k|  17 | 0.000000e+00 |      --      |    Inf |   8.16%
 time | node  | left  |LP iter|LP it/n|mem/heur|mdpt |vars |cons |rows |cuts |sepa|confs|strbr|  dualbound   | primalbound  |  gap   | compl. 
 9016s|145700 |  8810 | 80943k| 555.5 |   578M |  65 |1076 |4716 |3042 | 726k|  0 | 192k|  17 | 0.000000e+00 |      --      |    Inf |   8.16%
 9021s|145800 |  8825 | 81000k| 555.5 |   578M |  65 |1076 |4810 |2966 | 726k|  2 | 192k|  17 | 0.000000e+00 |      --      |    Inf |   8.16%
 9025s|145900 |  8835 | 81052k| 555.5 |   578M |  65 |1076 |4898 |   0 | 727k|  0 | 192k|  17 | 0.000000e+00 |      --      |    Inf |   8.16%
 9029s|146000 |  8837 | 81096k| 555.4 |   578M |  65 |1076 |4976 |3197 | 727k|  0 | 192k|  17 | 0.000000e+00 |      --      |    Inf |   8.16%
 9034s|146100 |  8847 | 81153k| 555.4 |   578M |  65 |1076 |5082 |2971 | 728k|  2 | 192k|  17 | 0.000000e+00 |      --      |    Inf |   8.16%
 9038s|146200 |  8849 | 81193k| 555.3 |   578M |  65 |1076 |5137 |2986 | 728k|  0 | 192k|  17 | 0.000000e+00 |      --      |    Inf |   8.16%
 9042s|146300 |  8851 | 81238k| 555.3 |   578M |  65 |1076 |5137 |3885 | 729k|  1 | 192k|  17 | 0.000000e+00 |      --      |    Inf |   8.16%
 9048s|146400 |  8855 | 81305k| 555.3 |   578M |  65 |1076 |5025 |2801 | 730k|  2 | 192k|  17 | 0.000000e+00 |      --      |    Inf |   8.16%
 9055s|146500 |  8857 | 81380k| 555.5 |   578M |  65 |1076 |5066 |2316 | 731k|  0 | 193k|  17 | 0.000000e+00 |      --      |    Inf |   8.17%
 9061s|146600 |  8871 | 81452k| 555.6 |   578M |  65 |1076 |5028 |2731 | 732k|  2 | 193k|  17 | 0.000000e+00 |      --      |    Inf |   8.17%
 9066s|146700 |  8866 | 81504k| 555.6 |   578M |  65 |1076 |5020 |4401 | 732k|  0 | 193k|  17 | 0.000000e+00 |      --      |    Inf |   8.17%
 9071s|146800 |  8873 | 81553k| 555.5 |   578M |  65 |1076 |4878 |3526 | 733k|  0 | 193k|  17 | 0.000000e+00 |      --      |    Inf |   8.17%
 9077s|146900 |  8870 | 81620k| 555.6 |   578M |  65 |1076 |4676 |2791 | 734k|  0 | 193k|  17 | 0.000000e+00 |      --      |    Inf |   8.18%
 9083s|147000 |  8856 | 81680k| 555.6 |   578M |  65 |1076 |4543 |3535 | 734k|  2 | 193k|  17 | 0.000000e+00 |      --      |    Inf |   8.18%
 9089s|147100 |  8862 | 81747k| 555.7 |   578M |  65 |1076 |4596 |3152 | 735k|  2 | 193k|  17 | 0.000000e+00 |      --      |    Inf |   8.18%
 time | node  | left  |LP iter|LP it/n|mem/heur|mdpt |vars |cons |rows |cuts |sepa|confs|strbr|  dualbound   | primalbound  |  gap   | compl. 
 9094s|147200 |  8852 | 81799k| 555.7 |   578M |  65 |1076 |4434 |4445 | 735k|  1 | 194k|  17 | 0.000000e+00 |      --      |    Inf |   8.18%
 9100s|147300 |  8857 | 81859k| 555.7 |   578M |  65 |1076 |4285 |3735 | 736k|  2 | 194k|  17 | 0.000000e+00 |      --      |    Inf |   8.19%
 9105s|147400 |  8860 | 81916k| 555.7 |   578M |  65 |1076 |4192 |3959 | 737k|  0 | 194k|  17 | 0.000000e+00 |      --      |    Inf |   8.19%
 9111s|147500 |  8857 | 81979k| 555.8 |   578M |  65 |1076 |4022 |4642 | 737k|  0 | 194k|  17 | 0.000000e+00 |      --      |    Inf |   8.39%
 9119s|147600 |  8865 | 82050k| 555.9 |   578M |  65 |1076 |4120 |4192 | 737k|  0 | 194k|  17 | 0.000000e+00 |      --      |    Inf |   8.40%
 9126s|147700 |  8865 | 82117k| 556.0 |   578M |  65 |1076 |4259 |4186 | 737k|  0 | 194k|  17 | 0.000000e+00 |      --      |    Inf |   8.40%
 9132s|147800 |  8867 | 82167k| 555.9 |   578M |  65 |1076 |4372 |4187 | 737k|  0 | 194k|  17 | 0.000000e+00 |      --      |    Inf |   8.40%
 9138s|147900 |  8867 | 82223k| 555.9 |   578M |  65 |1076 |4478 |4192 | 737k|  1 | 195k|  17 | 0.000000e+00 |      --      |    Inf |   8.40%
 9143s|148000 |  8874 | 82275k| 555.9 |   579M |  65 |1076 |4553 |4189 | 737k|  1 | 195k|  17 | 0.000000e+00 |      --      |    Inf |   8.40%
 9148s|148100 |  8857 | 82323k| 555.9 |   579M |  65 |1076 |4418 |3633 | 737k|  2 | 195k|  17 | 0.000000e+00 |      --      |    Inf |   8.41%
 9154s|148200 |  8853 | 82375k| 555.8 |   579M |  65 |1076 |4464 |4571 | 737k|  1 | 195k|  17 | 0.000000e+00 |      --      |    Inf |   8.41%
 9159s|148300 |  8859 | 82429k| 555.8 |   579M |  65 |1076 |4455 |3089 | 738k|  0 | 195k|  17 | 0.000000e+00 |      --      |    Inf |   8.41%
 9164s|148400 |  8857 | 82489k| 555.8 |   579M |  65 |1076 |4509 |2955 | 738k|  2 | 195k|  17 | 0.000000e+00 |      --      |    Inf |   8.41%
 9170s|148500 |  8870 | 82549k| 555.9 |   579M |  65 |1076 |4550 |3634 | 738k|  2 | 195k|  17 | 0.000000e+00 |      --      |    Inf |   8.41%
 9175s|148600 |  8864 | 82599k| 555.8 |   579M |  65 |1076 |4620 |3090 | 739k|  2 | 195k|  17 | 0.000000e+00 |      --      |    Inf |   8.41%
 time | node  | left  |LP iter|LP it/n|mem/heur|mdpt |vars |cons |rows |cuts |sepa|confs|strbr|  dualbound   | primalbound  |  gap   | compl. 
 9180s|148700 |  8862 | 82653k| 555.8 |   579M |  65 |1076 |4584 |   0 | 739k|  0 | 196k|  17 | 0.000000e+00 |      --      |    Inf |   8.41%
 9186s|148800 |  8858 | 82717k| 555.9 |   579M |  65 |1076 |4365 |3824 | 739k|  2 | 196k|  17 | 0.000000e+00 |      --      |    Inf |   8.41%
 9193s|148900 |  8858 | 82785k| 556.0 |   579M |  65 |1076 |4267 |4434 | 739k|  1 | 196k|  17 | 0.000000e+00 |      --      |    Inf |   8.42%
 9198s|149000 |  8853 | 82838k| 555.9 |   579M |  65 |1076 |4289 |2950 | 740k|  0 | 196k|  17 | 0.000000e+00 |      --      |    Inf |   8.42%
 9205s|149100 |  8876 | 82906k| 556.0 |   579M |  65 |1076 |4260 |3959 | 740k|  1 | 196k|  17 | 0.000000e+00 |      --      |    Inf |   8.42%
 9212s|149200 |  8878 | 82963k| 556.0 |   579M |  65 |1076 |4262 |4097 | 740k|  2 | 196k|  17 | 0.000000e+00 |      --      |    Inf |   8.42%
 9218s|149300 |  8885 | 83026k| 556.1 |   579M |  65 |1076 |4294 |4105 | 740k|  0 | 196k|  17 | 0.000000e+00 |      --      |    Inf |   8.42%
 9224s|149400 |  8885 | 83072k| 556.0 |   579M |  65 |1076 |4346 |   0 | 740k|  0 | 196k|  17 | 0.000000e+00 |      --      |    Inf |   8.42%
 9232s|149500 |  8884 | 83149k| 556.2 |   579M |  65 |1076 |4430 |4903 | 740k|  0 | 197k|  17 | 0.000000e+00 |      --      |    Inf |   8.42%
 9238s|149600 |  8872 | 83211k| 556.2 |   579M |  65 |1076 |4346 |2522 | 741k|  2 | 197k|  17 | 0.000000e+00 |      --      |    Inf |   8.42%
 9245s|149700 |  8890 | 83284k| 556.3 |   579M |  65 |1076 |4193 |3888 | 741k|  2 | 197k|  17 | 0.000000e+00 |      --      |    Inf |   8.43%
 9251s|149800 |  8901 | 83343k| 556.3 |   579M |  65 |1076 |4189 |3971 | 742k|  1 | 197k|  17 | 0.000000e+00 |      --      |    Inf |   8.43%
 9256s|149900 |  8901 | 83397k| 556.3 |   579M |  65 |1076 |4314 |3975 | 742k|  2 | 197k|  17 | 0.000000e+00 |      --      |    Inf |   8.43%
 9262s|150000 |  8889 | 83454k| 556.3 |   579M |  65 |1076 |4336 |2906 | 742k|  2 | 197k|  17 | 0.000000e+00 |      --      |    Inf |   8.43%
 9268s|150100 |  8895 | 83523k| 556.4 |   579M |  65 |1076 |4321 |2994 | 743k|  2 | 197k|  17 | 0.000000e+00 |      --      |    Inf |   8.43%
 time | node  | left  |LP iter|LP it/n|mem/heur|mdpt |vars |cons |rows |cuts |sepa|confs|strbr|  dualbound   | primalbound  |  gap   | compl. 
 9272s|150200 |  8895 | 83575k| 556.4 |   579M |  65 |1076 |4381 |3245 | 743k|  1 | 198k|  17 | 0.000000e+00 |      --      |    Inf |   8.43%
 9277s|150300 |  8890 | 83620k| 556.3 |   579M |  65 |1076 |4509 |3223 | 744k|  2 | 198k|  17 | 0.000000e+00 |      --      |    Inf |   8.43%
 9283s|150400 |  8893 | 83682k| 556.4 |   579M |  65 |1076 |4446 |4045 | 744k|  2 | 198k|  17 | 0.000000e+00 |      --      |    Inf |   8.43%
 9292s|150500 |  8914 | 83760k| 556.5 |   579M |  65 |1076 |4369 |3494 | 744k|  2 | 198k|  17 | 0.000000e+00 |      --      |    Inf |   8.43%
 9297s|150600 |  8917 | 83816k| 556.5 |   579M |  65 |1076 |4231 |3877 | 744k|  0 | 198k|  17 | 0.000000e+00 |      --      |    Inf |   8.43%
 9302s|150700 |  8918 | 83870k| 556.5 |   579M |  65 |1076 |4204 |3116 | 745k|  0 | 198k|  17 | 0.000000e+00 |      --      |    Inf |   8.44%
 9310s|150800 |  8922 | 83944k| 556.6 |   579M |  65 |1076 |4341 |3229 | 745k|  2 | 198k|  17 | 0.000000e+00 |      --      |    Inf |   8.44%
 9315s|150900 |  8920 | 84001k| 556.7 |   579M |  65 |1076 |4261 |4081 | 745k|  1 | 199k|  17 | 0.000000e+00 |      --      |    Inf |   8.44%
 9320s|151000 |  8915 | 84049k| 556.6 |   579M |  65 |1076 |4154 |3766 | 745k|  2 | 199k|  17 | 0.000000e+00 |      --      |    Inf |   8.44%
 9327s|151100 |  8920 | 84118k| 556.7 |   579M |  65 |1076 |4152 |2768 | 746k|  0 | 199k|  17 | 0.000000e+00 |      --      |    Inf |   8.44%
 9332s|151200 |  8918 | 84180k| 556.7 |   580M |  65 |1076 |4136 |2938 | 747k|  2 | 199k|  17 | 0.000000e+00 |      --      |    Inf |   8.45%
 9338s|151300 |  8928 | 84239k| 556.8 |   580M |  65 |1076 |4196 |4088 | 747k|  0 | 199k|  17 | 0.000000e+00 |      --      |    Inf |   8.45%
 9343s|151400 |  8934 | 84280k| 556.7 |   580M |  65 |1076 |4327 |4093 | 747k|  0 | 199k|  17 | 0.000000e+00 |      --      |    Inf |   8.45%
 9347s|151500 |  8924 | 84321k| 556.6 |   580M |  65 |1076 |4466 |4093 | 747k|  1 | 199k|  17 | 0.000000e+00 |      --      |    Inf |   8.45%
 9352s|151600 |  8935 | 84371k| 556.5 |   580M |  65 |1076 |4568 |4059 | 747k|  0 | 200k|  17 | 0.000000e+00 |      --      |    Inf |   8.45%
 time | node  | left  |LP iter|LP it/n|mem/heur|mdpt |vars |cons |rows |cuts |sepa|confs|strbr|  dualbound   | primalbound  |  gap   | compl. 
 9356s|151700 |  8939 | 84414k| 556.4 |   580M |  65 |1076 |4671 |4057 | 747k|  0 | 200k|  17 | 0.000000e+00 |      --      |    Inf |   8.45%
 9363s|151800 |  8919 | 84473k| 556.5 |   580M |  65 |1076 |4736 |4257 | 747k|  2 | 200k|  17 | 0.000000e+00 |      --      |    Inf |   8.45%
 9369s|151900 |  8918 | 84538k| 556.5 |   580M |  65 |1076 |4783 |3895 | 747k|  2 | 200k|  17 | 0.000000e+00 |      --      |    Inf |   8.45%
 9377s|152000 |  8923 | 84611k| 556.6 |   580M |  65 |1076 |4677 |2491 | 747k|  0 | 200k|  17 | 0.000000e+00 |      --      |    Inf |   8.45%
 9384s|152100 |  8934 | 84680k| 556.7 |   580M |  65 |1076 |4641 |4755 | 747k|  1 | 200k|  17 | 0.000000e+00 |      --      |    Inf |   8.45%
 9391s|152200 |  8943 | 84754k| 556.8 |   580M |  65 |1076 |4424 |3329 | 748k|  0 | 200k|  17 | 0.000000e+00 |      --      |    Inf |   8.45%
 9398s|152300 |  8945 | 84815k| 556.9 |   580M |  65 |1076 |4307 |3184 | 748k|  1 | 201k|  17 | 0.000000e+00 |      --      |    Inf |   8.45%
 9404s|152400 |  8970 | 84882k| 557.0 |   581M |  65 |1076 |4301 |3924 | 749k|  0 | 201k|  17 | 0.000000e+00 |      --      |    Inf |   8.45%
 9410s|152500 |  8976 | 84934k| 556.9 |   581M |  65 |1076 |4356 |4419 | 749k|  1 | 201k|  17 | 0.000000e+00 |      --      |    Inf |   8.45%
 9415s|152600 |  8966 | 84984k| 556.9 |   581M |  65 |1076 |4501 |4420 | 749k|  0 | 201k|  17 | 0.000000e+00 |      --      |    Inf |   8.45%
 9422s|152700 |  8971 | 85057k| 557.0 |   581M |  65 |1076 |4464 |2949 | 749k|  0 | 201k|  17 | 0.000000e+00 |      --      |    Inf |   8.45%
 9429s|152800 |  8974 | 85129k| 557.1 |   581M |  65 |1076 |4239 |3564 | 750k|  2 | 201k|  17 | 0.000000e+00 |      --      |    Inf |   8.45%
 9435s|152900 |  8974 | 85191k| 557.2 |   581M |  65 |1076 |4081 |4326 | 750k|  1 | 201k|  17 | 0.000000e+00 |      --      |    Inf |   8.45%
 9441s|153000 |  8973 | 85256k| 557.2 |   581M |  65 |1076 |3971 |4139 | 750k|  1 | 202k|  17 | 0.000000e+00 |      --      |    Inf |   8.46%
 9446s|153100 |  8987 | 85309k| 557.2 |   581M |  65 |1076 |3954 |3723 | 750k|  0 | 202k|  17 | 0.000000e+00 |      --      |    Inf |   8.46%
 time | node  | left  |LP iter|LP it/n|mem/heur|mdpt |vars |cons |rows |cuts |sepa|confs|strbr|  dualbound   | primalbound  |  gap   | compl. 
 9451s|153200 |  8981 | 85372k| 557.2 |   582M |  65 |1076 |4023 |2603 | 751k|  0 | 202k|  17 | 0.000000e+00 |      --      |    Inf |   8.46%
 9457s|153300 |  8980 | 85435k| 557.3 |   582M |  65 |1076 |3942 |3039 | 751k|  2 | 202k|  17 | 0.000000e+00 |      --      |    Inf |   8.46%
 9463s|153400 |  8987 | 85498k| 557.3 |   582M |  65 |1076 |3932 |4352 | 751k|  1 | 202k|  17 | 0.000000e+00 |      --      |    Inf |   8.47%
 9468s|153500 |  8982 | 85549k| 557.3 |   582M |  65 |1076 |3903 |3613 | 751k|  2 | 202k|  17 | 0.000000e+00 |      --      |    Inf |   8.47%
 9473s|153600 |  8971 | 85607k| 557.3 |   582M |  65 |1076 |3882 |3911 | 752k|  0 | 202k|  17 | 0.000000e+00 |      --      |    Inf |   8.47%
 9479s|153700 |  8992 | 85667k| 557.4 |   582M |  65 |1076 |3874 |3753 | 752k|  2 | 203k|  17 | 0.000000e+00 |      --      |    Inf |   8.47%
 9487s|153800 |  8995 | 85747k| 557.5 |   582M |  65 |1076 |3947 |3735 | 752k|  0 | 203k|  17 | 0.000000e+00 |      --      |    Inf |   8.47%
 9495s|153900 |  8993 | 85814k| 557.6 |   582M |  65 |1076 |4083 |3757 | 752k|  1 | 203k|  17 | 0.000000e+00 |      --      |    Inf |   8.47%
 9503s|154000 |  8989 | 85879k| 557.6 |   582M |  65 |1076 |4213 |3761 | 752k|  0 | 203k|  17 | 0.000000e+00 |      --      |    Inf |   8.47%
 9509s|154100 |  8980 | 85930k| 557.6 |   582M |  65 |1076 |4286 |3382 | 752k|  1 | 203k|  17 | 0.000000e+00 |      --      |    Inf |   8.47%
 9519s|154200 |  8984 | 86005k| 557.7 |   582M |  65 |1076 |4082 |3126 | 753k|  0 | 203k|  17 | 0.000000e+00 |      --      |    Inf |   8.47%
 9532s|154300 |  9009 | 86112k| 558.1 |   582M |  65 |1076 |4142 |3185 | 754k|  0 | 203k|  17 | 0.000000e+00 |      --      |    Inf |   8.47%
 9538s|154400 |  9018 | 86163k| 558.0 |   582M |  65 |1076 |4276 |3265 | 754k|  1 | 203k|  17 | 0.000000e+00 |      --      |    Inf |   8.47%
 9546s|154500 |  9028 | 86235k| 558.1 |   582M |  65 |1076 |4384 |3184 | 755k|  2 | 204k|  17 | 0.000000e+00 |      --      |    Inf |   8.47%
 9554s|154600 |  9029 | 86305k| 558.2 |   582M |  65 |1076 |4487 |   0 | 755k|  0 | 204k|  17 | 0.000000e+00 |      --      |    Inf |   8.47%
 time | node  | left  |LP iter|LP it/n|mem/heur|mdpt |vars |cons |rows |cuts |sepa|confs|strbr|  dualbound   | primalbound  |  gap   | compl. 
 9563s|154700 |  9038 | 86377k| 558.3 |   582M |  65 |1076 |4607 |3215 | 756k|  2 | 204k|  17 | 0.000000e+00 |      --      |    Inf |   8.47%
 9569s|154800 |  9044 | 86438k| 558.4 |   582M |  65 |1076 |4731 |3316 | 756k|  0 | 204k|  17 | 0.000000e+00 |      --      |    Inf |   8.47%
 9576s|154900 |  9052 | 86512k| 558.5 |   582M |  65 |1076 |4867 |3316 | 756k|  0 | 204k|  17 | 0.000000e+00 |      --      |    Inf |   8.47%
 9585s|155000 |  9034 | 86583k| 558.6 |   582M |  65 |1076 |4996 |3353 | 756k|  2 | 204k|  17 | 0.000000e+00 |      --      |    Inf |   8.47%
 9596s|155100 |  9026 | 86666k| 558.8 |   582M |  65 |1076 |4988 |2866 | 757k|  0 | 204k|  17 | 0.000000e+00 |      --      |    Inf |   8.47%
 9606s|155200 |  9023 | 86734k| 558.8 |   582M |  65 |1076 |4905 |3813 | 757k|  2 | 204k|  17 | 0.000000e+00 |      --      |    Inf |   8.48%
 9614s|155300 |  9021 | 86801k| 558.9 |   582M |  65 |1076 |4720 |3537 | 757k|  1 | 205k|  17 | 0.000000e+00 |      --      |    Inf |   8.48%
 9622s|155400 |  9017 | 86861k| 558.9 |   582M |  65 |1076 |4724 |3805 | 758k|  0 | 205k|  17 | 0.000000e+00 |      --      |    Inf |   8.48%
 9628s|155500 |  9041 | 86914k| 558.9 |   582M |  65 |1076 |4679 |2700 | 759k|  0 | 205k|  17 | 0.000000e+00 |      --      |    Inf |   8.48%
 9634s|155600 |  9050 | 86968k| 558.9 |   582M |  65 |1076 |4725 |2864 | 760k|  2 | 205k|  17 | 0.000000e+00 |      --      |    Inf |   8.48%
 9642s|155700 |  9046 | 87032k| 559.0 |   584M |  65 |1076 |4864 |2759 | 760k|  0 | 205k|  17 | 0.000000e+00 |      --      |    Inf |   8.48%
 9648s|155800 |  9043 | 87087k| 559.0 |   584M |  65 |1076 |4967 |2783 | 761k|  2 | 205k|  17 | 0.000000e+00 |      --      |    Inf |   8.48%
 9655s|155900 |  9035 | 87142k| 558.9 |   584M |  65 |1076 |4994 |4198 | 761k|  1 | 205k|  17 | 0.000000e+00 |      --      |    Inf |   8.48%
 9662s|156000 |  9043 | 87193k| 558.9 |   584M |  65 |1076 |4878 |2664 | 762k|  2 | 206k|  17 | 0.000000e+00 |      --      |    Inf |   8.48%
 9670s|156100 |  9044 | 87255k| 559.0 |   584M |  65 |1076 |4833 |3857 | 762k|  2 | 206k|  17 | 0.000000e+00 |      --      |    Inf |   8.48%
 time | node  | left  |LP iter|LP it/n|mem/heur|mdpt |vars |cons |rows |cuts |sepa|confs|strbr|  dualbound   | primalbound  |  gap   | compl. 
 9678s|156200 |  9042 | 87333k| 559.1 |   585M |  65 |1076 |4721 |3850 | 763k|  0 | 206k|  17 | 0.000000e+00 |      --      |    Inf |   8.67%
 9686s|156300 |  9043 | 87386k| 559.1 |   585M |  65 |1076 |4576 |4017 | 763k|  0 | 206k|  17 | 0.000000e+00 |      --      |    Inf |   8.68%
 9695s|156400 |  9043 | 87440k| 559.1 |   585M |  65 |1076 |4541 |5243 | 763k|  0 | 206k|  17 | 0.000000e+00 |      --      |    Inf |   8.68%
 9704s|156500 |  9038 | 87489k| 559.0 |   585M |  65 |1076 |4419 |4358 | 763k|  0 | 206k|  17 | 0.000000e+00 |      --      |    Inf |   8.68%
 9712s|156600 |  9065 | 87551k| 559.1 |   585M |  65 |1076 |4284 |4487 | 763k|  1 | 206k|  17 | 0.000000e+00 |      --      |    Inf |   8.68%
 9721s|156700 |  9083 | 87616k| 559.1 |   585M |  65 |1076 |4371 |4490 | 763k|  1 | 206k|  17 | 0.000000e+00 |      --      |    Inf |   8.68%
 9732s|156800 |  9093 | 87679k| 559.2 |   585M |  65 |1076 |4235 |3777 | 763k|  0 | 207k|  17 | 0.000000e+00 |      --      |    Inf |   8.68%
 9740s|156900 |  9094 | 87730k| 559.1 |   585M |  65 |1076 |4413 |4560 | 763k|  0 | 207k|  17 | 0.000000e+00 |      --      |    Inf |   8.68%
 9747s|157000 |  9094 | 87781k| 559.1 |   585M |  65 |1076 |4432 |3775 | 764k|  0 | 207k|  17 | 0.000000e+00 |      --      |    Inf |   8.68%
 9753s|157100 |  9093 | 87822k| 559.0 |   585M |  65 |1076 |4494 |2675 | 764k|  0 | 207k|  17 | 0.000000e+00 |      --      |    Inf |   8.68%
 9760s|157200 |  9090 | 87874k| 559.0 |   585M |  65 |1076 |4632 |2639 | 765k|  2 | 207k|  17 | 0.000000e+00 |      --      |    Inf |   8.68%
 9768s|157300 |  9112 | 87932k| 559.0 |   585M |  65 |1076 |4712 |   0 | 766k|  0 | 207k|  17 | 0.000000e+00 |      --      |    Inf |   8.68%
 9774s|157400 |  9103 | 87980k| 558.9 |   585M |  65 |1076 |4806 |2712 | 767k|  2 | 208k|  17 | 0.000000e+00 |      --      |    Inf |   8.68%
 9781s|157500 |  9102 | 88032k| 558.9 |   585M |  65 |1076 |4853 |3736 | 767k|  1 | 208k|  17 | 0.000000e+00 |      --      |    Inf |   8.68%
 9788s|157600 |  9111 | 88073k| 558.8 |   585M |  65 |1076 |4998 |3764 | 767k|  1 | 208k|  17 | 0.000000e+00 |      --      |    Inf |   8.68%
 time | node  | left  |LP iter|LP it/n|mem/heur|mdpt |vars |cons |rows |cuts |sepa|confs|strbr|  dualbound   | primalbound  |  gap   | compl. 
 9796s|157700 |  9098 | 88123k| 558.8 |   585M |  65 |1076 |5000 |2900 | 767k|  0 | 208k|  17 | 0.000000e+00 |      --      |    Inf |   8.68%
 9805s|157800 |  9100 | 88187k| 558.8 |   585M |  65 |1076 |4867 |2672 | 768k|  0 | 208k|  17 | 0.000000e+00 |      --      |    Inf |   8.68%
 9815s|157900 |  9115 | 88252k| 558.9 |   585M |  65 |1076 |4626 |3756 | 768k|  0 | 208k|  17 | 0.000000e+00 |      --      |    Inf |   8.68%
 9827s|158000 |  9123 | 88325k| 559.0 |   585M |  65 |1076 |4683 |4160 | 768k|  0 | 208k|  17 | 0.000000e+00 |      --      |    Inf |   8.68%
 9835s|158100 |  9123 | 88388k| 559.1 |   585M |  65 |1076 |4647 |4304 | 768k|  1 | 209k|  17 | 0.000000e+00 |      --      |    Inf |   8.68%
 9845s|158200 |  9129 | 88447k| 559.1 |   585M |  65 |1076 |4721 |4303 | 768k|  1 | 209k|  17 | 0.000000e+00 |      --      |    Inf |   8.68%
 9853s|158300 |  9137 | 88503k| 559.1 |   585M |  65 |1076 |4796 |4299 | 768k|  1 | 209k|  17 | 0.000000e+00 |      --      |    Inf |   8.68%
 9860s|158400 |  9138 | 88560k| 559.1 |   585M |  65 |1076 |4913 |4299 | 768k|  0 | 209k|  17 | 0.000000e+00 |      --      |    Inf |   8.68%
 9868s|158500 |  9140 | 88617k| 559.1 |   585M |  65 |1076 |5024 |4300 | 768k|  1 | 209k|  17 | 0.000000e+00 |      --      |    Inf |   8.68%
 9878s|158600 |  9139 | 88677k| 559.1 |   585M |  65 |1076 |5076 |4301 | 768k|  1 | 209k|  17 | 0.000000e+00 |      --      |    Inf |   8.68%
 9888s|158700 |  9126 | 88737k| 559.1 |   585M |  65 |1076 |5020 |4297 | 768k|  1 | 209k|  17 | 0.000000e+00 |      --      |    Inf |   8.68%
 9894s|158800 |  9132 | 88775k| 559.0 |   585M |  65 |1076 |5001 |4297 | 768k|  0 | 209k|  17 | 0.000000e+00 |      --      |    Inf |   8.68%
 9900s|158900 |  9124 | 88815k| 558.9 |   585M |  65 |1076 |5052 |4299 | 768k|  0 | 210k|  17 | 0.000000e+00 |      --      |    Inf |   8.68%
 9909s|159000 |  9139 | 88872k| 558.9 |   585M |  65 |1076 |5123 |4302 | 768k|  0 | 210k|  17 | 0.000000e+00 |      --      |    Inf |   8.68%
 9919s|159100 |  9138 | 88932k| 559.0 |   585M |  65 |1076 |5230 |4301 | 768k|  1 | 210k|  17 | 0.000000e+00 |      --      |    Inf |   8.68%
 time | node  | left  |LP iter|LP it/n|mem/heur|mdpt |vars |cons |rows |cuts |sepa|confs|strbr|  dualbound   | primalbound  |  gap   | compl. 
 9924s|159200 |  9139 | 88971k| 558.9 |   585M |  65 |1076 |5312 |4298 | 768k|  0 | 210k|  17 | 0.000000e+00 |      --      |    Inf |   8.68%
 9930s|159300 |  9130 | 89016k| 558.8 |   585M |  65 |1076 |5382 |4306 | 768k|  1 | 210k|  17 | 0.000000e+00 |      --      |    Inf |   8.68%
 9937s|159400 |  9122 | 89063k| 558.7 |   585M |  65 |1076 |5433 |4304 | 768k|  0 | 210k|  17 | 0.000000e+00 |      --      |    Inf |   8.68%
 9943s|159500 |  9125 | 89114k| 558.7 |   585M |  65 |1076 |5535 |4301 | 768k|  1 | 210k|  17 | 0.000000e+00 |      --      |    Inf |   8.68%
 9951s|159600 |  9116 | 89169k| 558.7 |   585M |  65 |1076 |5613 |   0 | 768k|  0 | 210k|  17 | 0.000000e+00 |      --      |    Inf |   8.68%
 9961s|159700 |  9115 | 89249k| 558.8 |   585M |  65 |1076 |5399 |   0 | 768k|  0 | 211k|  17 | 0.000000e+00 |      --      |    Inf |   8.68%
 9967s|159800 |  9112 | 89305k| 558.8 |   585M |  65 |1076 |5055 |3975 | 769k|  1 | 211k|  17 | 0.000000e+00 |      --      |    Inf |   8.69%
 9973s|159900 |  9109 | 89353k| 558.8 |   586M |  65 |1076 |5059 |3456 | 769k|  0 | 211k|  17 | 0.000000e+00 |      --      |    Inf |   8.69%
 9979s|160000 |  9107 | 89402k| 558.8 |   586M |  65 |1076 |5002 |3560 | 769k|  2 | 211k|  17 | 0.000000e+00 |      --      |    Inf |   8.69%
 9986s|160100 |  9110 | 89455k| 558.7 |   586M |  65 |1076 |4985 |4241 | 769k|  0 | 211k|  17 | 0.000000e+00 |      --      |    Inf |   8.69%
 9993s|160200 |  9116 | 89515k| 558.8 |   586M |  65 |1076 |4850 |4126 | 769k|  1 | 211k|  17 | 0.000000e+00 |      --      |    Inf |   8.69%
  167m|160300 |  9117 | 89570k| 558.8 |   586M |  65 |1076 |4713 |3913 | 769k|  2 | 211k|  17 | 0.000000e+00 |      --      |    Inf |   8.69%
  167m|160400 |  9129 | 89632k| 558.8 |   586M |  65 |1076 |4651 |3089 | 770k|  0 | 211k|  17 | 0.000000e+00 |      --      |    Inf |   8.89%
  167m|160500 |  9121 | 89685k| 558.8 |   586M |  65 |1076 |4506 |2789 | 770k|  0 | 212k|  17 | 0.000000e+00 |      --      |    Inf |   8.89%
  167m|160600 |  9125 | 89746k| 558.8 |   586M |  65 |1076 |4525 |3715 | 770k|  1 | 212k|  17 | 0.000000e+00 |      --      |    Inf |   8.89%
 time | node  | left  |LP iter|LP it/n|mem/heur|mdpt |vars |cons |rows |cuts |sepa|confs|strbr|  dualbound   | primalbound  |  gap   | compl. 
  167m|160700 |  9125 | 89794k| 558.8 |   586M |  65 |1076 |4362 |4902 | 770k|  1 | 212k|  17 | 0.000000e+00 |      --      |    Inf |   8.89%
  167m|160800 |  9129 | 89846k| 558.7 |   586M |  65 |1076 |4369 |4030 | 771k|  0 | 212k|  17 | 0.000000e+00 |      --      |    Inf |   8.89%
  167m|160900 |  9131 | 89912k| 558.8 |   586M |  65 |1076 |4285 |2682 | 771k|  2 | 212k|  17 | 0.000000e+00 |      --      |    Inf |   8.90%
  168m|161000 |  9142 | 89994k| 559.0 |   586M |  65 |1076 |4320 |3749 | 771k|  0 | 212k|  17 | 0.000000e+00 |      --      |    Inf |   8.90%
  168m|161100 |  9142 | 90055k| 559.0 |   586M |  65 |1076 |4323 |2920 | 772k|  2 | 212k|  17 | 0.000000e+00 |      --      |    Inf |   8.90%
  168m|161200 |  9148 | 90121k| 559.1 |   586M |  65 |1076 |4415 |3095 | 772k|  2 | 213k|  17 | 0.000000e+00 |      --      |    Inf |   8.90%
  168m|161300 |  9147 | 90179k| 559.1 |   586M |  65 |1076 |4481 |   0 | 772k|  0 | 213k|  17 | 0.000000e+00 |      --      |    Inf |   8.90%
  168m|161400 |  9133 | 90234k| 559.1 |   587M |  65 |1076 |4461 |4007 | 772k|  2 | 213k|  17 | 0.000000e+00 |      --      |    Inf |   8.90%
  168m|161500 |  9136 | 90283k| 559.0 |   587M |  65 |1076 |4528 |2739 | 773k|  2 | 213k|  17 | 0.000000e+00 |      --      |    Inf |   8.90%
  168m|161600 |  9139 | 90331k| 559.0 |   587M |  65 |1076 |4472 |3740 | 773k|  2 | 213k|  17 | 0.000000e+00 |      --      |    Inf |   8.90%
  168m|161700 |  9142 | 90390k| 559.0 |   587M |  65 |1076 |4503 |3808 | 773k|  0 | 213k|  17 | 0.000000e+00 |      --      |    Inf |   8.90%
  168m|161800 |  9134 | 90455k| 559.0 |   587M |  65 |1076 |4533 |2508 | 773k|  2 | 213k|  17 | 0.000000e+00 |      --      |    Inf |   8.90%
  169m|161900 |  9138 | 90513k| 559.1 |   587M |  65 |1076 |4631 |2646 | 774k|  2 | 214k|  17 | 0.000000e+00 |      --      |    Inf |   8.90%
  169m|162000 |  9137 | 90569k| 559.1 |   587M |  65 |1076 |4685 |4269 | 775k|  1 | 214k|  17 | 0.000000e+00 |      --      |    Inf |   8.90%
  169m|162100 |  9134 | 90625k| 559.1 |   587M |  65 |1076 |4606 |4192 | 776k|  0 | 214k|  17 | 0.000000e+00 |      --      |    Inf |   8.90%
 time | node  | left  |LP iter|LP it/n|mem/heur|mdpt |vars |cons |rows |cuts |sepa|confs|strbr|  dualbound   | primalbound  |  gap   | compl. 
  169m|162200 |  9155 | 90695k| 559.1 |   588M |  65 |1076 |4520 |4215 | 776k|  1 | 214k|  17 | 0.000000e+00 |      --      |    Inf |   8.91%
  169m|162300 |  9154 | 90745k| 559.1 |   588M |  65 |1076 |4533 |3702 | 777k|  2 | 214k|  17 | 0.000000e+00 |      --      |    Inf |   8.91%
  169m|162400 |  9154 | 90805k| 559.1 |   588M |  65 |1076 |4516 |4336 | 777k|  1 | 214k|  17 | 0.000000e+00 |      --      |    Inf |   8.91%
  169m|162500 |  9153 | 90853k| 559.1 |   588M |  65 |1076 |4589 |2268 | 777k|  2 | 214k|  17 | 0.000000e+00 |      --      |    Inf |   8.91%
  169m|162600 |  9159 | 90921k| 559.2 |   588M |  65 |1076 |4465 |2915 | 778k|  2 | 214k|  17 | 0.000000e+00 |      --      |    Inf |   8.91%
  170m|162700 |  9160 | 90965k| 559.1 |   588M |  65 |1076 |4529 |4469 | 778k|  1 | 215k|  17 | 0.000000e+00 |      --      |    Inf |   8.91%
  170m|162800 |  9150 | 91025k| 559.1 |   588M |  65 |1076 |4533 |4457 | 779k|  0 | 215k|  17 | 0.000000e+00 |      --      |    Inf |   8.91%
  170m|162900 |  9155 | 91071k| 559.0 |   588M |  65 |1076 |4417 |4246 | 779k|  2 | 215k|  17 | 0.000000e+00 |      --      |    Inf |   8.91%
  170m|163000 |  9177 | 91138k| 559.1 |   588M |  65 |1076 |4341 |4161 | 779k|  2 | 215k|  17 | 0.000000e+00 |      --      |    Inf |   8.92%
  170m|163100 |  9192 | 91201k| 559.2 |   588M |  65 |1076 |4476 |4171 | 779k|  1 | 215k|  17 | 0.000000e+00 |      --      |    Inf |   8.92%
  170m|163200 |  9198 | 91261k| 559.2 |   588M |  65 |1076 |4614 |4164 | 779k|  1 | 215k|  17 | 0.000000e+00 |      --      |    Inf |   8.92%
  170m|163300 |  9190 | 91316k| 559.2 |   588M |  65 |1076 |4771 |4170 | 779k|  1 | 215k|  17 | 0.000000e+00 |      --      |    Inf |   8.92%
  171m|163400 |  9205 | 91406k| 559.4 |   588M |  65 |1076 |4765 |4182 | 779k|  0 | 216k|  17 | 0.000000e+00 |      --      |    Inf |   8.92%
  171m|163500 |  9210 | 91457k| 559.4 |   588M |  65 |1076 |4701 |3803 | 780k|  1 | 216k|  17 | 0.000000e+00 |      --      |    Inf |   8.92%
  171m|163600 |  9215 | 91518k| 559.4 |   588M |  65 |1076 |4608 |4207 | 780k|  1 | 216k|  17 | 0.000000e+00 |      --      |    Inf |   8.92%
 time | node  | left  |LP iter|LP it/n|mem/heur|mdpt |vars |cons |rows |cuts |sepa|confs|strbr|  dualbound   | primalbound  |  gap   | compl. 
  171m|163700 |  9234 | 91573k| 559.4 |   588M |  65 |1076 |4559 |3677 | 780k|  0 | 216k|  17 | 0.000000e+00 |      --      |    Inf |   8.92%
  171m|163800 |  9233 | 91615k| 559.3 |   588M |  65 |1076 |4674 |3891 | 780k|  0 | 216k|  17 | 0.000000e+00 |      --      |    Inf |   8.92%
  171m|163900 |  9221 | 91680k| 559.4 |   588M |  65 |1076 |4688 |4145 | 781k|  1 | 216k|  17 | 0.000000e+00 |      --      |    Inf |   8.92%
  172m|164000 |  9222 | 91746k| 559.4 |   589M |  65 |1076 |4505 |3528 | 781k|  2 | 216k|  17 | 0.000000e+00 |      --      |    Inf |   8.94%
  172m|164100 |  9230 | 91804k| 559.4 |   589M |  65 |1076 |4508 |2898 | 781k|  2 | 217k|  17 | 0.000000e+00 |      --      |    Inf |   8.94%
  172m|164200 |  9221 | 91857k| 559.4 |   589M |  65 |1076 |4360 |4393 | 782k|  0 | 217k|  17 | 0.000000e+00 |      --      |    Inf |   8.94%
  172m|164300 |  9232 | 91919k| 559.5 |   589M |  65 |1076 |4291 |3542 | 782k|  0 | 217k|  17 | 0.000000e+00 |      --      |    Inf |   8.94%
  172m|164400 |  9228 | 91979k| 559.5 |   589M |  65 |1076 |4314 |3870 | 782k|  0 | 217k|  17 | 0.000000e+00 |      --      |    Inf |   8.95%
  172m|164500 |  9235 | 92044k| 559.5 |   589M |  65 |1076 |4284 |3724 | 782k|  2 | 217k|  17 | 0.000000e+00 |      --      |    Inf |   8.95%
  172m|164600 |  9233 | 92091k| 559.5 |   589M |  65 |1076 |4329 |4152 | 782k|  1 | 217k|  17 | 0.000000e+00 |      --      |    Inf |   8.95%
  173m|164700 |  9245 | 92158k| 559.5 |   589M |  65 |1076 |4391 |3700 | 782k|  2 | 217k|  17 | 0.000000e+00 |      --      |    Inf |   8.95%
  173m|164800 |  9231 | 92232k| 559.6 |   589M |  65 |1076 |4344 |2903 | 783k|  0 | 218k|  17 | 0.000000e+00 |      --      |    Inf |   8.95%
  173m|164900 |  9237 | 92280k| 559.6 |   589M |  65 |1076 |4447 |4492 | 783k|  0 | 218k|  17 | 0.000000e+00 |      --      |    Inf |   8.95%
  173m|165000 |  9247 | 92341k| 559.6 |   589M |  65 |1076 |4467 |3167 | 783k|  2 | 218k|  17 | 0.000000e+00 |      --      |    Inf |   8.95%
  173m|165100 |  9254 | 92418k| 559.8 |   589M |  65 |1076 |4557 |3245 | 784k|  2 | 218k|  17 | 0.000000e+00 |      --      |    Inf |   8.95%
 time | node  | left  |LP iter|LP it/n|mem/heur|mdpt |vars |cons |rows |cuts |sepa|confs|strbr|  dualbound   | primalbound  |  gap   | compl. 
  173m|165200 |  9262 | 92486k| 559.8 |   589M |  65 |1076 |4628 |2513 | 784k|  2 | 218k|  17 | 0.000000e+00 |      --      |    Inf |   8.95%
  174m|165300 |  9266 | 92546k| 559.9 |   589M |  65 |1076 |4686 |3714 | 785k|  0 | 218k|  17 | 0.000000e+00 |      --      |    Inf |   8.95%
  174m|165400 |  9271 | 92608k| 559.9 |   589M |  65 |1076 |4661 |3220 | 785k|  1 | 218k|  17 | 0.000000e+00 |      --      |    Inf |   8.95%
  174m|165500 |  9267 | 92678k| 560.0 |   589M |  65 |1076 |4686 |   0 | 785k|  0 | 218k|  17 | 0.000000e+00 |      --      |    Inf |   8.95%
  174m|165600 |  9269 | 92734k| 560.0 |   589M |  65 |1076 |4692 |3622 | 785k|  1 | 219k|  17 | 0.000000e+00 |      --      |    Inf |   8.95%
  174m|165700 |  9267 | 92791k| 560.0 |   589M |  65 |1076 |4602 |3817 | 786k|  2 | 219k|  17 | 0.000000e+00 |      --      |    Inf |   8.95%
  174m|165800 |  9276 | 92859k| 560.1 |   589M |  65 |1076 |4527 |3877 | 786k|  1 | 219k|  17 | 0.000000e+00 |      --      |    Inf |   8.95%
  174m|165900 |  9281 | 92919k| 560.1 |   589M |  65 |1076 |4590 |3271 | 787k|  2 | 219k|  17 | 0.000000e+00 |      --      |    Inf |   8.95%
  175m|166000 |  9286 | 92995k| 560.2 |   589M |  65 |1076 |4551 |2447 | 787k|  2 | 219k|  17 | 0.000000e+00 |      --      |    Inf |   8.95%
  175m|166100 |  9282 | 93050k| 560.2 |   589M |  65 |1076 |4500 |3783 | 787k|  2 | 219k|  17 | 0.000000e+00 |      --      |    Inf |   8.95%
  175m|166200 |  9288 | 93105k| 560.2 |   589M |  65 |1076 |4348 |3756 | 787k|  1 | 219k|  17 | 0.000000e+00 |      --      |    Inf |   8.95%
  175m|166300 |  9281 | 93171k| 560.2 |   589M |  65 |1076 |4287 |2859 | 788k|  2 | 220k|  17 | 0.000000e+00 |      --      |    Inf |   8.95%
  175m|166400 |  9288 | 93220k| 560.2 |   589M |  65 |1076 |4385 |3006 | 788k|  1 | 220k|  17 | 0.000000e+00 |      --      |    Inf |   8.95%
  175m|166500 |  9285 | 93273k| 560.2 |   589M |  65 |1076 |4536 |2993 | 789k|  2 | 220k|  17 | 0.000000e+00 |      --      |    Inf |   8.95%
  175m|166600 |  9289 | 93340k| 560.3 |   589M |  65 |1076 |4437 |4072 | 789k|  0 | 220k|  17 | 0.000000e+00 |      --      |    Inf |   8.95%
 time | node  | left  |LP iter|LP it/n|mem/heur|mdpt |vars |cons |rows |cuts |sepa|confs|strbr|  dualbound   | primalbound  |  gap   | compl. 
  175m|166700 |  9303 | 93401k| 560.3 |   589M |  65 |1076 |4319 |3188 | 789k|  2 | 220k|  17 | 0.000000e+00 |      --      |    Inf |   8.95%
  176m|166800 |  9305 | 93471k| 560.4 |   589M |  65 |1076 |4335 |3273 | 790k|  0 | 220k|  17 | 0.000000e+00 |      --      |    Inf |   8.96%
  176m|166900 |  9304 | 93523k| 560.3 |   589M |  65 |1076 |4359 |2607 | 790k|  2 | 220k|  17 | 0.000000e+00 |      --      |    Inf |   8.96%
  176m|167000 |  9305 | 93578k| 560.3 |   589M |  65 |1076 |4314 |3192 | 791k|  2 | 221k|  17 | 0.000000e+00 |      --      |    Inf |   8.96%
  176m|167100 |  9302 | 93638k| 560.4 |   590M |  65 |1076 |4051 |4295 | 792k|  1 | 221k|  17 | 0.000000e+00 |      --      |    Inf |   9.02%
  176m|167200 |  9308 | 93695k| 560.4 |   590M |  65 |1076 |4083 |4295 | 792k|  1 | 221k|  17 | 0.000000e+00 |      --      |    Inf |   9.02%
  176m|167300 |  9302 | 93755k| 560.4 |   590M |  65 |1076 |4044 |4560 | 792k|  1 | 221k|  17 | 0.000000e+00 |      --      |    Inf |   9.02%
  176m|167400 |  9295 | 93821k| 560.4 |   590M |  65 |1076 |4045 |3263 | 792k|  0 | 221k|  17 | 0.000000e+00 |      --      |    Inf |   9.02%
  177m|167500 |  9293 | 93881k| 560.5 |   590M |  65 |1076 |4052 |4120 | 793k|  0 | 221k|  17 | 0.000000e+00 |      --      |    Inf |   9.02%
  177m|167600 |  9293 | 93931k| 560.4 |   590M |  65 |1076 |4107 |3777 | 793k|  1 | 221k|  17 | 0.000000e+00 |      --      |    Inf |   9.02%
  177m|167700 |  9288 | 93997k| 560.5 |   590M |  65 |1076 |4148 |   0 | 794k|  0 | 222k|  17 | 0.000000e+00 |      --      |    Inf |   9.02%
  177m|167800 |  9289 | 94051k| 560.5 |   590M |  65 |1076 |4201 |3645 | 794k|  1 | 222k|  17 | 0.000000e+00 |      --      |    Inf |   9.02%
  177m|167900 |  9278 | 94110k| 560.5 |   590M |  65 |1076 |4213 |3661 | 794k|  2 | 222k|  17 | 0.000000e+00 |      --      |    Inf |   9.02%
  177m|168000 |  9292 | 94163k| 560.5 |   590M |  65 |1076 |4166 |2745 | 794k|  2 | 222k|  17 | 0.000000e+00 |      --      |    Inf |   9.02%
  177m|168100 |  9295 | 94225k| 560.5 |   590M |  65 |1076 |4181 |4102 | 795k|  0 | 222k|  17 | 0.000000e+00 |      --      |    Inf |   9.03%
 time | node  | left  |LP iter|LP it/n|mem/heur|mdpt |vars |cons |rows |cuts |sepa|confs|strbr|  dualbound   | primalbound  |  gap   | compl. 
  177m|168200 |  9297 | 94281k| 560.5 |   590M |  65 |1076 |4143 |3601 | 795k|  1 | 222k|  17 | 0.000000e+00 |      --      |    Inf |   9.03%
  177m|168300 |  9301 | 94340k| 560.5 |   590M |  65 |1076 |4143 |3759 | 796k|  0 | 222k|  17 | 0.000000e+00 |      --      |    Inf |   9.03%
  178m|168400 |  9295 | 94406k| 560.6 |   590M |  65 |1076 |4249 |4210 | 796k|  0 | 223k|  17 | 0.000000e+00 |      --      |    Inf |   9.03%
  178m|168500 |  9291 | 94447k| 560.5 |   592M |  65 |1076 |4311 |2923 | 796k|  0 | 223k|  17 | 0.000000e+00 |      --      |    Inf |   9.03%
  178m|168600 |  9288 | 94509k| 560.5 |   593M |  65 |1076 |4258 |3883 | 796k|  2 | 223k|  17 | 0.000000e+00 |      --      |    Inf |   9.03%
  178m|168700 |  9284 | 94552k| 560.5 |   593M |  65 |1076 |4312 |3822 | 796k|  0 | 223k|  17 | 0.000000e+00 |      --      |    Inf |   9.04%
  178m|168800 |  9285 | 94606k| 560.4 |   593M |  65 |1076 |4258 |4009 | 797k|  2 | 223k|  17 | 0.000000e+00 |      --      |    Inf |   9.05%
  178m|168900 |  9291 | 94657k| 560.4 |   593M |  65 |1076 |4121 |3683 | 797k|  2 | 223k|  17 | 0.000000e+00 |      --      |    Inf |   9.06%
  178m|169000 |  9305 | 94698k| 560.3 |   593M |  65 |1076 |4196 |3713 | 797k|  1 | 223k|  17 | 0.000000e+00 |      --      |    Inf |   9.06%
  178m|169100 |  9315 | 94775k| 560.5 |   593M |  65 |1076 |4140 |2592 | 798k|  2 | 224k|  17 | 0.000000e+00 |      --      |    Inf |   9.06%
  179m|169200 |  9330 | 94833k| 560.5 |   593M |  65 |1076 |4084 |3445 | 798k|  2 | 224k|  17 | 0.000000e+00 |      --      |    Inf |   9.06%
  179m|169300 |  9323 | 94881k| 560.4 |   593M |  65 |1076 |4105 |3727 | 798k|  0 | 224k|  17 | 0.000000e+00 |      --      |    Inf |   9.06%
  179m|169400 |  9347 | 94968k| 560.6 |   593M |  65 |1076 |3973 |4339 | 799k|  0 | 224k|  17 | 0.000000e+00 |      --      |    Inf |   9.07%
  179m|169500 |  9343 | 95024k| 560.6 |   594M |  65 |1076 |3993 |4326 | 799k|  1 | 224k|  17 | 0.000000e+00 |      --      |    Inf |   9.07%
  179m|169600 |  9350 | 95086k| 560.6 |   594M |  65 |1076 |4035 |3539 | 799k|  2 | 224k|  17 | 0.000000e+00 |      --      |    Inf |   9.07%
 time | node  | left  |LP iter|LP it/n|mem/heur|mdpt |vars |cons |rows |cuts |sepa|confs|strbr|  dualbound   | primalbound  |  gap   | compl. 
  179m|169700 |  9359 | 95146k| 560.7 |   594M |  65 |1076 |3912 |4105 | 800k|  1 | 224k|  17 | 0.000000e+00 |      --      |    Inf |   9.07%
  179m|169800 |  9359 | 95196k| 560.6 |   594M |  65 |1076 |3905 |2846 | 801k|  2 | 224k|  17 | 0.000000e+00 |      --      |    Inf |   9.07%
  180m|169900 |  9368 | 95267k| 560.7 |   595M |  65 |1076 |3932 |3050 | 802k|  2 | 225k|  17 | 0.000000e+00 |      --      |    Inf |   9.07%
  180m|170000 |  9366 | 95329k| 560.7 |   595M |  65 |1076 |4091 |3160 | 802k|  0 | 225k|  17 | 0.000000e+00 |      --      |    Inf |   9.07%
  180m|170100 |  9369 | 95387k| 560.8 |   595M |  65 |1076 |4158 |2698 | 803k|  0 | 225k|  17 | 0.000000e+00 |      --      |    Inf |   9.07%
  180m|170200 |  9372 | 95450k| 560.8 |   595M |  65 |1076 |4253 |   0 | 803k|  0 | 225k|  17 | 0.000000e+00 |      --      |    Inf |   9.08%
  180m|170300 |  9375 | 95505k| 560.8 |   595M |  65 |1076 |4273 |4207 | 804k|  2 | 225k|  17 | 0.000000e+00 |      --      |    Inf |   9.08%
  180m|170400 |  9377 | 95550k| 560.7 |   595M |  65 |1076 |4387 |2800 | 804k|  2 | 225k|  17 | 0.000000e+00 |      --      |    Inf |   9.08%
  180m|170500 |  9382 | 95605k| 560.7 |   595M |  65 |1076 |4313 |4261 | 805k|  1 | 225k|  17 | 0.000000e+00 |      --      |    Inf |   9.08%
  180m|170600 |  9378 | 95663k| 560.7 |   595M |  65 |1076 |4153 |4296 | 806k|  2 | 226k|  17 | 0.000000e+00 |      --      |    Inf |   9.09%
  181m|170700 |  9364 | 95727k| 560.8 |   595M |  65 |1076 |3986 |2595 | 806k|  2 | 226k|  17 | 0.000000e+00 |      --      |    Inf |   9.09%
  181m|170800 |  9371 | 95777k| 560.7 |   595M |  65 |1076 |3939 |3754 | 806k|  2 | 226k|  17 | 0.000000e+00 |      --      |    Inf |   9.09%
  181m|170900 |  9364 | 95833k| 560.7 |   595M |  65 |1076 |3995 |   0 | 806k|  0 | 226k|  17 | 0.000000e+00 |      --      |    Inf |   9.09%
  181m|171000 |  9366 | 95892k| 560.8 |   595M |  65 |1076 |3958 |3352 | 807k|  2 | 226k|  17 | 0.000000e+00 |      --      |    Inf |   9.09%
  181m|171100 |  9359 | 95947k| 560.8 |   595M |  65 |1076 |3914 |4000 | 807k|  1 | 226k|  17 | 0.000000e+00 |      --      |    Inf |   9.09%
 time | node  | left  |LP iter|LP it/n|mem/heur|mdpt |vars |cons |rows |cuts |sepa|confs|strbr|  dualbound   | primalbound  |  gap   | compl. 
  181m|171200 |  9359 | 96015k| 560.8 |   595M |  65 |1076 |3941 |3756 | 807k|  2 | 226k|  17 | 0.000000e+00 |      --      |    Inf |   9.09%
  182m|171300 |  9348 | 96073k| 560.8 |   595M |  65 |1076 |4001 |   0 | 807k|  0 | 227k|  17 | 0.000000e+00 |      --      |    Inf |   9.10%
  182m|171400 |  9331 | 96127k| 560.8 |   595M |  65 |1076 |3894 |4871 | 808k|  0 | 227k|  17 | 0.000000e+00 |      --      |    Inf |   9.10%
  182m|171500 |  9352 | 96210k| 561.0 |   595M |  65 |1076 |3826 |4554 | 808k|  1 | 227k|  17 | 0.000000e+00 |      --      |    Inf |   9.10%
  182m|171600 |  9380 | 96274k| 561.0 |   595M |  65 |1076 |3947 |   0 | 808k|  0 | 227k|  17 | 0.000000e+00 |      --      |    Inf |   9.10%
  182m|171700 |  9412 | 96339k| 561.1 |   595M |  65 |1076 |4035 |   0 | 808k|  0 | 227k|  17 | 0.000000e+00 |      --      |    Inf |   9.10%
  182m|171800 |  9418 | 96395k| 561.1 |   595M |  65 |1076 |4203 |4630 | 808k|  0 | 227k|  17 | 0.000000e+00 |      --      |    Inf |   9.10%
  183m|171900 |  9413 | 96461k| 561.1 |   595M |  65 |1076 |4232 |3535 | 808k|  0 | 227k|  17 | 0.000000e+00 |      --      |    Inf |   9.10%
  183m|172000 |  9408 | 96526k| 561.2 |   595M |  65 |1076 |4189 |3717 | 808k|  1 | 228k|  17 | 0.000000e+00 |      --      |    Inf |   9.10%
  183m|172100 |  9410 | 96583k| 561.2 |   595M |  65 |1076 |4131 |2937 | 808k|  2 | 228k|  17 | 0.000000e+00 |      --      |    Inf |   9.10%
  183m|172200 |  9402 | 96646k| 561.2 |   596M |  65 |1076 |3979 |4883 | 809k|  0 | 228k|  17 | 0.000000e+00 |      --      |    Inf |   9.11%
  183m|172300 |  9397 | 96702k| 561.2 |   596M |  65 |1076 |4000 |4839 | 809k|  1 | 228k|  17 | 0.000000e+00 |      --      |    Inf |   9.11%
  183m|172400 |  9384 | 96763k| 561.3 |   596M |  65 |1076 |3855 |2786 | 809k|  2 | 228k|  17 | 0.000000e+00 |      --      |    Inf |   9.11%
  183m|172500 |  9383 | 96811k| 561.2 |   596M |  65 |1076 |3987 |3940 | 809k|  0 | 228k|  17 | 0.000000e+00 |      --      |    Inf |   9.11%
  184m|172600 |  9384 | 96872k| 561.2 |   596M |  65 |1076 |3977 |3652 | 810k|  0 | 228k|  17 | 0.000000e+00 |      --      |    Inf |   9.11%
 time | node  | left  |LP iter|LP it/n|mem/heur|mdpt |vars |cons |rows |cuts |sepa|confs|strbr|  dualbound   | primalbound  |  gap   | compl. 
  184m|172700 |  9377 | 96936k| 561.3 |   596M |  65 |1076 |3912 |4088 | 810k|  0 | 229k|  17 | 0.000000e+00 |      --      |    Inf |   9.12%
  184m|172800 |  9372 | 96995k| 561.3 |   596M |  65 |1076 |3902 |3162 | 810k|  0 | 229k|  17 | 0.000000e+00 |      --      |    Inf |   9.12%
  184m|172900 |  9375 | 97083k| 561.5 |   596M |  65 |1076 |3931 |3788 | 810k|  1 | 229k|  17 | 0.000000e+00 |      --      |    Inf |   9.12%
  184m|173000 |  9384 | 97142k| 561.5 |   596M |  65 |1076 |3949 |   0 | 810k|  0 | 229k|  17 | 0.000000e+00 |      --      |    Inf |   9.12%
  184m|173100 |  9379 | 97195k| 561.5 |   596M |  65 |1076 |4020 |   0 | 810k|  0 | 229k|  17 | 0.000000e+00 |      --      |    Inf |   9.12%
  185m|173200 |  9383 | 97256k| 561.5 |   596M |  65 |1076 |4130 |4387 | 810k|  1 | 229k|  17 | 0.000000e+00 |      --      |    Inf |   9.12%
  185m|173300 |  9374 | 97317k| 561.5 |   596M |  65 |1076 |4150 |3374 | 811k|  2 | 229k|  17 | 0.000000e+00 |      --      |    Inf |   9.12%
  185m|173400 |  9371 | 97367k| 561.5 |   596M |  65 |1076 |4185 |4445 | 811k|  0 | 230k|  17 | 0.000000e+00 |      --      |    Inf |   9.12%
  185m|173500 |  9363 | 97421k| 561.5 |   596M |  65 |1076 |4102 |2916 | 811k|  2 | 230k|  17 | 0.000000e+00 |      --      |    Inf |   9.12%
  185m|173600 |  9358 | 97480k| 561.5 |   596M |  65 |1076 |3996 |4628 | 812k|  1 | 230k|  17 | 0.000000e+00 |      --      |    Inf |   9.13%
  185m|173700 |  9359 | 97528k| 561.5 |   596M |  65 |1076 |3952 |4121 | 812k|  1 | 230k|  17 | 0.000000e+00 |      --      |    Inf |   9.13%
  185m|173800 |  9367 | 97566k| 561.4 |   596M |  65 |1076 |4023 |   0 | 812k|  0 | 230k|  17 | 0.000000e+00 |      --      |    Inf |   9.13%
  186m|173900 |  9365 | 97644k| 561.5 |   596M |  65 |1076 |4067 |3885 | 812k|  1 | 230k|  17 | 0.000000e+00 |      --      |    Inf |   9.13%
  186m|174000 |  9363 | 97710k| 561.5 |   596M |  65 |1076 |4081 |3896 | 812k|  0 | 230k|  17 | 0.000000e+00 |      --      |    Inf |   9.13%
  186m|174100 |  9371 | 97770k| 561.6 |   596M |  65 |1076 |4133 |4350 | 812k|  1 | 231k|  17 | 0.000000e+00 |      --      |    Inf |   9.13%
 time | node  | left  |LP iter|LP it/n|mem/heur|mdpt |vars |cons |rows |cuts |sepa|confs|strbr|  dualbound   | primalbound  |  gap   | compl. 
  186m|174200 |  9379 | 97843k| 561.7 |   596M |  65 |1076 |3929 |4493 | 813k|  0 | 231k|  17 | 0.000000e+00 |      --      |    Inf |   9.13%
  186m|174300 |  9371 | 97899k| 561.7 |   598M |  65 |1076 |3970 |4025 | 814k|  2 | 231k|  17 | 0.000000e+00 |      --      |    Inf |   9.13%
  186m|174400 |  9383 | 97956k| 561.7 |   598M |  65 |1076 |3913 |3527 | 814k|  2 | 231k|  17 | 0.000000e+00 |      --      |    Inf |   9.13%
  186m|174500 |  9379 | 98027k| 561.7 |   598M |  65 |1076 |3943 |3960 | 815k|  0 | 231k|  17 | 0.000000e+00 |      --      |    Inf |   9.13%
  187m|174600 |  9370 | 98096k| 561.8 |   598M |  65 |1076 |3815 |3999 | 815k|  2 | 231k|  17 | 0.000000e+00 |      --      |    Inf |   9.13%
  187m|174700 |  9374 | 98166k| 561.9 |   598M |  65 |1076 |3765 |3267 | 815k|  0 | 231k|  17 | 0.000000e+00 |      --      |    Inf |   9.16%
  187m|174800 |  9363 | 98227k| 561.9 |   598M |  65 |1076 |3729 |2743 | 816k|  2 | 232k|  17 | 0.000000e+00 |      --      |    Inf |   9.16%
  187m|174900 |  9367 | 98278k| 561.9 |   598M |  65 |1076 |3800 |3972 | 816k|  1 | 232k|  17 | 0.000000e+00 |      --      |    Inf |   9.16%
  187m|175000 |  9365 | 98330k| 561.9 |   598M |  65 |1076 |3743 |3881 | 817k|  1 | 232k|  17 | 0.000000e+00 |      --      |    Inf |   9.16%
  187m|175100 |  9375 | 98397k| 561.9 |   598M |  65 |1076 |3802 |2896 | 817k|  0 | 232k|  17 | 0.000000e+00 |      --      |    Inf |   9.16%
  188m|175200 |  9370 | 98463k| 562.0 |   598M |  65 |1076 |3889 |3149 | 818k|  2 | 232k|  17 | 0.000000e+00 |      --      |    Inf |   9.16%
  188m|175300 |  9365 | 98521k| 562.0 |   598M |  65 |1076 |3915 |4542 | 819k|  1 | 232k|  17 | 0.000000e+00 |      --      |    Inf |   9.16%
  188m|175400 |  9359 | 98579k| 562.0 |   598M |  65 |1076 |3857 |4199 | 819k|  0 | 232k|  17 | 0.000000e+00 |      --      |    Inf |   9.16%
  188m|175500 |  9352 | 98629k| 562.0 |   598M |  65 |1076 |3824 |3295 | 819k|  2 | 233k|  17 | 0.000000e+00 |      --      |    Inf |   9.17%
  188m|175600 |  9344 | 98695k| 562.0 |   598M |  65 |1076 |3739 |4048 | 819k|  1 | 233k|  17 | 0.000000e+00 |      --      |    Inf |   9.17%
 time | node  | left  |LP iter|LP it/n|mem/heur|mdpt |vars |cons |rows |cuts |sepa|confs|strbr|  dualbound   | primalbound  |  gap   | compl. 
  188m|175700 |  9341 | 98760k| 562.1 |   598M |  65 |1076 |3816 |4046 | 819k|  2 | 233k|  17 | 0.000000e+00 |      --      |    Inf |   9.17%
  188m|175800 |  9347 | 98823k| 562.1 |   598M |  65 |1076 |3950 |4050 | 819k|  0 | 233k|  17 | 0.000000e+00 |      --      |    Inf |   9.17%
  189m|175900 |  9341 | 98885k| 562.2 |   598M |  65 |1076 |4072 |4086 | 819k|  0 | 233k|  17 | 0.000000e+00 |      --      |    Inf |   9.17%
  189m|176000 |  9341 | 98939k| 562.1 |   598M |  65 |1076 |4144 |2850 | 819k|  0 | 233k|  17 | 0.000000e+00 |      --      |    Inf |   9.17%
  189m|176100 |  9345 | 99001k| 562.2 |   598M |  65 |1076 |4097 |2672 | 821k|  0 | 233k|  17 | 0.000000e+00 |      --      |    Inf |   9.17%
  189m|176200 |  9341 | 99055k| 562.2 |   598M |  65 |1076 |3982 |3688 | 821k|  0 | 234k|  17 | 0.000000e+00 |      --      |    Inf |   9.17%
  189m|176300 |  9359 | 99118k| 562.2 |   598M |  65 |1076 |3989 |2737 | 823k|  2 | 234k|  17 | 0.000000e+00 |      --      |    Inf |   9.18%
  189m|176400 |  9363 | 99190k| 562.3 |   598M |  65 |1076 |4108 |2869 | 824k|  0 | 234k|  17 | 0.000000e+00 |      --      |    Inf |   9.18%
  189m|176500 |  9365 | 99262k| 562.4 |   598M |  65 |1076 |4273 |2714 | 824k|  3 | 234k|  17 | 0.000000e+00 |      --      |    Inf |   9.18%
  190m|176600 |  9360 | 99332k| 562.5 |   598M |  65 |1076 |4367 |2878 | 825k|  0 | 234k|  17 | 0.000000e+00 |      --      |    Inf |   9.18%
  190m|176700 |  9362 | 99398k| 562.5 |   598M |  65 |1076 |4439 |2796 | 826k|  0 | 234k|  17 | 0.000000e+00 |      --      |    Inf |   9.18%
  190m|176800 |  9360 | 99463k| 562.6 |   598M |  65 |1076 |4517 |2825 | 827k|  0 | 234k|  17 | 0.000000e+00 |      --      |    Inf |   9.18%
  190m|176900 |  9368 | 99517k| 562.6 |   598M |  65 |1076 |4468 |4001 | 828k|  0 | 235k|  17 | 0.000000e+00 |      --      |    Inf |   9.18%
  190m|177000 |  9367 | 99579k| 562.6 |   598M |  65 |1076 |4344 |3650 | 828k|  0 | 235k|  17 | 0.000000e+00 |      --      |    Inf |   9.18%
  190m|177100 |  9371 | 99643k| 562.6 |   598M |  65 |1076 |4350 |3297 | 829k|  0 | 235k|  17 | 0.000000e+00 |      --      |    Inf |   9.18%
 time | node  | left  |LP iter|LP it/n|mem/heur|mdpt |vars |cons |rows |cuts |sepa|confs|strbr|  dualbound   | primalbound  |  gap   | compl. 
  190m|177200 |  9353 | 99707k| 562.7 |   598M |  65 |1076 |4180 |4819 | 829k|  0 | 235k|  17 | 0.000000e+00 |      --      |    Inf |   9.18%
  191m|177300 |  9361 | 99768k| 562.7 |   600M |  65 |1076 |4187 |4293 | 829k|  1 | 235k|  17 | 0.000000e+00 |      --      |    Inf |   9.18%
  191m|177400 |  9357 | 99815k| 562.6 |   600M |  65 |1076 |4146 |3763 | 830k|  2 | 235k|  17 | 0.000000e+00 |      --      |    Inf |   9.18%
  191m|177500 |  9360 | 99871k| 562.6 |   600M |  65 |1076 |4094 |4194 | 830k|  1 | 235k|  17 | 0.000000e+00 |      --      |    Inf |   9.19%
  191m|177600 |  9343 | 99927k| 562.6 |   600M |  65 |1076 |3959 |3823 | 830k|  1 | 236k|  17 | 0.000000e+00 |      --      |    Inf |   9.19%
  191m|177700 |  9338 | 99975k| 562.6 |   601M |  65 |1076 |4009 |3639 | 830k|  0 | 236k|  17 | 0.000000e+00 |      --      |    Inf |   9.19%
  191m|177800 |  9362 |100043k| 562.7 |   601M |  65 |1076 |3948 |3883 | 831k|  1 | 236k|  17 | 0.000000e+00 |      --      |    Inf |   9.19%
  191m|177900 |  9365 |100086k| 562.6 |   601M |  65 |1076 |4009 |3417 | 831k|  2 | 236k|  17 | 0.000000e+00 |      --      |    Inf |   9.19%
  191m|178000 |  9357 |100137k| 562.6 |   601M |  65 |1076 |4042 |3902 | 831k|  0 | 236k|  17 | 0.000000e+00 |      --      |    Inf |   9.19%
  191m|178100 |  9358 |100184k| 562.5 |   601M |  65 |1076 |4075 |4084 | 831k|  1 | 236k|  17 | 0.000000e+00 |      --      |    Inf |   9.19%
  191m|178200 |  9353 |100244k| 562.5 |   601M |  65 |1076 |4118 |3957 | 832k|  0 | 236k|  17 | 0.000000e+00 |      --      |    Inf |   9.19%
  191m|178300 |  9358 |100290k| 562.5 |   601M |  65 |1076 |4254 |3961 | 832k|  1 | 237k|  17 | 0.000000e+00 |      --      |    Inf |   9.19%
  191m|178400 |  9353 |100347k| 562.5 |   601M |  65 |1076 |4306 |3016 | 832k|  0 | 237k|  17 | 0.000000e+00 |      --      |    Inf |   9.19%
  192m|178500 |  9383 |100432k| 562.6 |   601M |  65 |1076 |4258 |3799 | 833k|  0 | 237k|  17 | 0.000000e+00 |      --      |    Inf |   9.20%
  192m|178600 |  9401 |100495k| 562.7 |   601M |  65 |1076 |4363 |   0 | 833k|  0 | 237k|  17 | 0.000000e+00 |      --      |    Inf |   9.20%
 time | node  | left  |LP iter|LP it/n|mem/heur|mdpt |vars |cons |rows |cuts |sepa|confs|strbr|  dualbound   | primalbound  |  gap   | compl. 
  192m|178700 |  9418 |100559k| 562.7 |   601M |  65 |1076 |4520 |3803 | 833k|  0 | 237k|  17 | 0.000000e+00 |      --      |    Inf |   9.20%
  192m|178800 |  9432 |100630k| 562.8 |   601M |  65 |1076 |4534 |2639 | 835k|  2 | 237k|  17 | 0.000000e+00 |      --      |    Inf |   9.20%
  192m|178900 |  9437 |100692k| 562.8 |   601M |  65 |1076 |4617 |   0 | 835k|  0 | 237k|  17 | 0.000000e+00 |      --      |    Inf |   9.22%
  192m|179000 |  9443 |100758k| 562.9 |   601M |  65 |1076 |4504 |3043 | 836k|  2 | 238k|  17 | 0.000000e+00 |      --      |    Inf |   9.22%
  192m|179100 |  9464 |100831k| 563.0 |   601M |  65 |1076 |4426 |3595 | 837k|  2 | 238k|  17 | 0.000000e+00 |      --      |    Inf |   9.22%
  192m|179200 |  9465 |100887k| 563.0 |   601M |  65 |1076 |4520 |3597 | 837k|  1 | 238k|  17 | 0.000000e+00 |      --      |    Inf |   9.22%
  192m|179300 |  9465 |100939k| 563.0 |   601M |  65 |1076 |4535 |3924 | 837k|  2 | 238k|  17 | 0.000000e+00 |      --      |    Inf |   9.22%
  192m|179400 |  9472 |101014k| 563.1 |   601M |  65 |1076 |4627 |2727 | 839k|  2 | 238k|  17 | 0.000000e+00 |      --      |    Inf |   9.22%
  193m|179500 |  9465 |101072k| 563.1 |   601M |  65 |1076 |4590 |3863 | 839k|  0 | 238k|  17 | 0.000000e+00 |      --      |    Inf |   9.23%
  193m|179600 |  9470 |101122k| 563.0 |   601M |  65 |1076 |4521 |3852 | 839k|  1 | 238k|  17 | 0.000000e+00 |      --      |    Inf |   9.23%
  193m|179700 |  9483 |101175k| 563.0 |   601M |  65 |1076 |4558 |3167 | 839k|  0 | 239k|  17 | 0.000000e+00 |      --      |    Inf |   9.23%
  193m|179800 |  9474 |101223k| 563.0 |   601M |  65 |1076 |4514 |4589 | 839k|  1 | 239k|  17 | 0.000000e+00 |      --      |    Inf |   9.23%
  193m|179900 |  9480 |101281k| 563.0 |   601M |  65 |1076 |4395 |2926 | 840k|  2 | 239k|  17 | 0.000000e+00 |      --      |    Inf |   9.24%
  193m|180000 |  9485 |101348k| 563.0 |   601M |  65 |1076 |4294 |3469 | 840k|  0 | 239k|  17 | 0.000000e+00 |      --      |    Inf |   9.24%
  193m|180100 |  9477 |101415k| 563.1 |   601M |  65 |1076 |4195 |4267 | 841k|  2 | 239k|  17 | 0.000000e+00 |      --      |    Inf |   9.24%
 time | node  | left  |LP iter|LP it/n|mem/heur|mdpt |vars |cons |rows |cuts |sepa|confs|strbr|  dualbound   | primalbound  |  gap   | compl. 
  193m|180200 |  9485 |101473k| 563.1 |   601M |  65 |1076 |4216 |2480 | 841k|  2 | 239k|  17 | 0.000000e+00 |      --      |    Inf |   9.24%
  193m|180300 |  9485 |101538k| 563.2 |   601M |  65 |1076 |4265 |4236 | 842k|  0 | 239k|  17 | 0.000000e+00 |      --      |    Inf |   9.24%
  193m|180400 |  9507 |101609k| 563.2 |   601M |  65 |1076 |4245 |3837 | 843k|  2 | 239k|  17 | 0.000000e+00 |      --      |    Inf |   9.24%
  193m|180500 |  9513 |101662k| 563.2 |   601M |  65 |1076 |4233 |3991 | 843k|  2 | 240k|  17 | 0.000000e+00 |      --      |    Inf |   9.24%
  194m|180600 |  9520 |101728k| 563.3 |   601M |  65 |1076 |4214 |3088 | 843k|  0 | 240k|  17 | 0.000000e+00 |      --      |    Inf |   9.24%
  194m|180700 |  9526 |101786k| 563.3 |   602M |  65 |1076 |4319 |3756 | 843k|  0 | 240k|  17 | 0.000000e+00 |      --      |    Inf |   9.24%
  194m|180800 |  9512 |101838k| 563.3 |   602M |  65 |1076 |4376 |3468 | 843k|  2 | 240k|  17 | 0.000000e+00 |      --      |    Inf |   9.24%
  194m|180900 |  9512 |101893k| 563.2 |   602M |  65 |1076 |4371 |3293 | 844k|  2 | 240k|  17 | 0.000000e+00 |      --      |    Inf |   9.24%
  194m|181000 |  9512 |101974k| 563.4 |   602M |  65 |1076 |4294 |3680 | 846k|  0 | 240k|  17 | 0.000000e+00 |      --      |    Inf |   9.25%
  194m|181100 |  9515 |102045k| 563.5 |   602M |  65 |1076 |4299 |3661 | 846k|  0 | 241k|  17 | 0.000000e+00 |      --      |    Inf |   9.25%
  194m|181200 |  9524 |102101k| 563.5 |   602M |  65 |1076 |4313 |3814 | 846k|  0 | 241k|  17 | 0.000000e+00 |      --      |    Inf |   9.25%
  194m|181300 |  9531 |102155k| 563.4 |   602M |  65 |1076 |4420 |3773 | 846k|  1 | 241k|  17 | 0.000000e+00 |      --      |    Inf |   9.25%
  195m|181400 |  9523 |102191k| 563.3 |   602M |  65 |1076 |4536 |3776 | 846k|  0 | 241k|  17 | 0.000000e+00 |      --      |    Inf |   9.25%
  195m|181500 |  9522 |102244k| 563.3 |   602M |  65 |1076 |4601 |2804 | 847k|  2 | 241k|  17 | 0.000000e+00 |      --      |    Inf |   9.25%
  195m|181600 |  9515 |102285k| 563.2 |   603M |  65 |1076 |4642 |3856 | 847k|  0 | 241k|  17 | 0.000000e+00 |      --      |    Inf |   9.25%
 time | node  | left  |LP iter|LP it/n|mem/heur|mdpt |vars |cons |rows |cuts |sepa|confs|strbr|  dualbound   | primalbound  |  gap   | compl. 
  195m|181700 |  9523 |102370k| 563.4 |   603M |  65 |1076 |4578 |2987 | 847k|  2 | 241k|  17 | 0.000000e+00 |      --      |    Inf |   9.25%
  195m|181800 |  9530 |102445k| 563.5 |   603M |  65 |1076 |4518 |2596 | 848k|  2 | 241k|  17 | 0.000000e+00 |      --      |    Inf |   9.26%
  195m|181900 |  9526 |102513k| 563.6 |   603M |  65 |1076 |4343 |4327 | 848k|  2 | 242k|  17 | 0.000000e+00 |      --      |    Inf |   9.28%
  195m|182000 |  9547 |102572k| 563.6 |   603M |  65 |1076 |4269 |4330 | 849k|  1 | 242k|  17 | 0.000000e+00 |      --      |    Inf |   9.28%
  195m|182100 |  9545 |102617k| 563.5 |   603M |  65 |1076 |4310 |4329 | 849k|  0 | 242k|  17 | 0.000000e+00 |      --      |    Inf |   9.28%
  195m|182200 |  9550 |102675k| 563.5 |   603M |  65 |1076 |4283 |3590 | 849k|  0 | 242k|  17 | 0.000000e+00 |      --      |    Inf |   9.28%
  195m|182300 |  9546 |102730k| 563.5 |   603M |  65 |1076 |4389 |3621 | 849k|  0 | 242k|  17 | 0.000000e+00 |      --      |    Inf |   9.28%
  195m|182400 |  9546 |102774k| 563.4 |   603M |  65 |1076 |4525 |2886 | 849k|  2 | 242k|  17 | 0.000000e+00 |      --      |    Inf |   9.28%
  196m|182500 |  9539 |102814k| 563.4 |   603M |  65 |1076 |4539 |2507 | 849k|  0 | 242k|  17 | 0.000000e+00 |      --      |    Inf |   9.29%
  196m|182600 |  9541 |102859k| 563.3 |   603M |  65 |1076 |4539 |3719 | 850k|  2 | 243k|  17 | 0.000000e+00 |      --      |    Inf |   9.29%
  196m|182700 |  9542 |102943k| 563.4 |   603M |  65 |1076 |4482 |3753 | 850k|  0 | 243k|  17 | 0.000000e+00 |      --      |    Inf |   9.29%
  196m|182800 |  9545 |103004k| 563.5 |   603M |  65 |1076 |4455 |3944 | 850k|  0 | 243k|  17 | 0.000000e+00 |      --      |    Inf |   9.29%
  196m|182900 |  9546 |103065k| 563.5 |   604M |  65 |1076 |4364 |   0 | 850k|  0 | 243k|  17 | 0.000000e+00 |      --      |    Inf |   9.29%
  196m|183000 |  9528 |103115k| 563.5 |   604M |  65 |1076 |4252 |4329 | 851k|  0 | 243k|  17 | 0.000000e+00 |      --      |    Inf |   9.29%
  196m|183100 |  9549 |103179k| 563.5 |   604M |  65 |1076 |4161 |3595 | 851k|  1 | 243k|  17 | 0.000000e+00 |      --      |    Inf |   9.30%
 time | node  | left  |LP iter|LP it/n|mem/heur|mdpt |vars |cons |rows |cuts |sepa|confs|strbr|  dualbound   | primalbound  |  gap   | compl. 
  196m|183200 |  9579 |103256k| 563.6 |   604M |  65 |1076 |4040 |3618 | 851k|  0 | 243k|  17 | 0.000000e+00 |      --      |    Inf |   9.30%
  196m|183300 |  9582 |103308k| 563.6 |   604M |  65 |1076 |4086 |3643 | 851k|  2 | 244k|  17 | 0.000000e+00 |      --      |    Inf |   9.30%
  196m|183400 |  9591 |103357k| 563.6 |   604M |  65 |1076 |4107 |2840 | 852k|  2 | 244k|  17 | 0.000000e+00 |      --      |    Inf |   9.30%
  196m|183500 |  9623 |103430k| 563.6 |   604M |  65 |1076 |4108 |   0 | 853k|  0 | 244k|  17 | 0.000000e+00 |      --      |    Inf |   9.30%
  197m|183600 |  9606 |103480k| 563.6 |   604M |  65 |1076 |4153 |2902 | 853k|  2 | 244k|  17 | 0.000000e+00 |      --      |    Inf |   9.30%
  197m|183700 |  9621 |103566k| 563.8 |   604M |  65 |1076 |4181 |3572 | 854k|  2 | 244k|  17 | 0.000000e+00 |      --      |    Inf |   9.30%
  197m|183800 |  9628 |103661k| 564.0 |   604M |  65 |1076 |4267 |3575 | 854k|  2 | 244k|  17 | 0.000000e+00 |      --      |    Inf |   9.30%
  197m|183900 |  9626 |103757k| 564.2 |   604M |  65 |1076 |4410 |3603 | 854k|  0 | 244k|  17 | 0.000000e+00 |      --      |    Inf |   9.30%
  197m|184000 |  9622 |103841k| 564.3 |   604M |  65 |1076 |4535 |3606 | 854k|  0 | 244k|  17 | 0.000000e+00 |      --      |    Inf |   9.30%
  197m|184100 |  9616 |103907k| 564.4 |   604M |  65 |1076 |4528 |2628 | 855k|  1 | 245k|  17 | 0.000000e+00 |      --      |    Inf |   9.30%
  197m|184200 |  9611 |103954k| 564.3 |   604M |  65 |1076 |4675 |2799 | 855k|  0 | 245k|  17 | 0.000000e+00 |      --      |    Inf |   9.30%
  197m|184300 |  9616 |104010k| 564.3 |   604M |  65 |1076 |4617 |3041 | 855k|  2 | 245k|  17 | 0.000000e+00 |      --      |    Inf |   9.30%
  198m|184400 |  9618 |104067k| 564.3 |   604M |  65 |1076 |4596 |4616 | 855k|  0 | 245k|  17 | 0.000000e+00 |      --      |    Inf |   9.30%
  198m|184500 |  9626 |104119k| 564.3 |   604M |  65 |1076 |4599 |3768 | 855k|  1 | 245k|  17 | 0.000000e+00 |      --      |    Inf |   9.31%
  198m|184600 |  9624 |104176k| 564.3 |   604M |  65 |1076 |4559 |3834 | 856k|  2 | 245k|  17 | 0.000000e+00 |      --      |    Inf |   9.31%
 time | node  | left  |LP iter|LP it/n|mem/heur|mdpt |vars |cons |rows |cuts |sepa|confs|strbr|  dualbound   | primalbound  |  gap   | compl. 
  198m|184700 |  9624 |104240k| 564.4 |   604M |  65 |1076 |4589 |3481 | 856k|  2 | 246k|  17 | 0.000000e+00 |      --      |    Inf |   9.31%
  198m|184800 |  9623 |104292k| 564.3 |   604M |  65 |1076 |4394 |2659 | 856k|  0 | 246k|  17 | 0.000000e+00 |      --      |    Inf |   9.31%
  198m|184900 |  9630 |104357k| 564.4 |   604M |  65 |1076 |4316 |3225 | 857k|  1 | 246k|  17 | 0.000000e+00 |      --      |    Inf |   9.31%
  198m|185000 |  9628 |104420k| 564.4 |   604M |  65 |1076 |4324 |   0 | 857k|  0 | 246k|  17 | 0.000000e+00 |      --      |    Inf |   9.31%
  198m|185100 |  9637 |104497k| 564.5 |   604M |  65 |1076 |4333 |3444 | 858k|  1 | 246k|  17 | 0.000000e+00 |      --      |    Inf |   9.31%
  198m|185200 |  9640 |104550k| 564.5 |   604M |  65 |1076 |4442 |4418 | 858k|  0 | 246k|  17 | 0.000000e+00 |      --      |    Inf |   9.31%
  198m|185300 |  9633 |104613k| 564.6 |   604M |  65 |1076 |4434 |3873 | 858k|  0 | 246k|  17 | 0.000000e+00 |      --      |    Inf |   9.36%
  199m|185400 |  9645 |104688k| 564.6 |   604M |  65 |1076 |4344 |3843 | 859k|  0 | 247k|  17 | 0.000000e+00 |      --      |    Inf |   9.36%
  199m|185500 |  9684 |104753k| 564.7 |   604M |  65 |1076 |4341 |4131 | 859k|  1 | 247k|  17 | 0.000000e+00 |      --      |    Inf |   9.36%
  199m|185600 |  9694 |104827k| 564.8 |   604M |  65 |1076 |4468 |4114 | 859k|  1 | 247k|  17 | 0.000000e+00 |      --      |    Inf |   9.36%
  199m|185700 |  9708 |104891k| 564.8 |   604M |  65 |1076 |4560 |4134 | 859k|  1 | 247k|  17 | 0.000000e+00 |      --      |    Inf |   9.36%
  199m|185800 |  9712 |104951k| 564.9 |   604M |  65 |1076 |4632 |4119 | 859k|  0 | 247k|  17 | 0.000000e+00 |      --      |    Inf |   9.36%
  199m|185900 |  9718 |105020k| 564.9 |   604M |  65 |1076 |4641 |   0 | 859k|  0 | 247k|  17 | 0.000000e+00 |      --      |    Inf |   9.36%
  199m|186000 |  9717 |105081k| 564.9 |   604M |  65 |1076 |4653 |4120 | 859k|  1 | 247k|  17 | 0.000000e+00 |      --      |    Inf |   9.36%
  199m|186100 |  9716 |105143k| 565.0 |   604M |  65 |1076 |4711 |   0 | 859k|  0 | 247k|  17 | 0.000000e+00 |      --      |    Inf |   9.36%
 time | node  | left  |LP iter|LP it/n|mem/heur|mdpt |vars |cons |rows |cuts |sepa|confs|strbr|  dualbound   | primalbound  |  gap   | compl. 
  199m|186200 |  9725 |105196k| 565.0 |   604M |  65 |1076 |4792 |4126 | 859k|  0 | 247k|  17 | 0.000000e+00 |      --      |    Inf |   9.36%
  200m|186300 |  9720 |105256k| 565.0 |   604M |  65 |1076 |4914 |4124 | 859k|  0 | 248k|  17 | 0.000000e+00 |      --      |    Inf |   9.36%
  200m|186400 |  9687 |105308k| 564.9 |   604M |  65 |1076 |4803 |3722 | 860k|  1 | 248k|  17 | 0.000000e+00 |      --      |    Inf |   9.36%
  200m|186500 |  9686 |105368k| 565.0 |   604M |  65 |1076 |4723 |3866 | 860k|  0 | 248k|  17 | 0.000000e+00 |      --      |    Inf |   9.36%
  200m|186600 |  9701 |105445k| 565.1 |   604M |  65 |1076 |4773 |   0 | 860k|  0 | 248k|  17 | 0.000000e+00 |      --      |    Inf |   9.36%
  200m|186700 |  9696 |105503k| 565.1 |   604M |  65 |1076 |4823 |3855 | 860k|  2 | 248k|  17 | 0.000000e+00 |      --      |    Inf |   9.36%
  200m|186800 |  9688 |105559k| 565.1 |   604M |  65 |1076 |4700 |4171 | 860k|  2 | 248k|  17 | 0.000000e+00 |      --      |    Inf |   9.36%
  200m|186900 |  9693 |105615k| 565.1 |   604M |  65 |1076 |4651 |3692 | 860k|  1 | 248k|  17 | 0.000000e+00 |      --      |    Inf |   9.36%
  200m|187000 |  9681 |105671k| 565.1 |   604M |  65 |1076 |4489 |3018 | 861k|  2 | 249k|  17 | 0.000000e+00 |      --      |    Inf |   9.36%
  200m|187100 |  9690 |105737k| 565.1 |   604M |  65 |1076 |4341 |3975 | 861k|  1 | 249k|  17 | 0.000000e+00 |      --      |    Inf |   9.37%
  201m|187200 |  9688 |105795k| 565.1 |   604M |  65 |1076 |4343 |4916 | 861k|  0 | 249k|  17 | 0.000000e+00 |      --      |    Inf |   9.37%
  201m|187300 |  9703 |105861k| 565.2 |   604M |  65 |1076 |4208 |4357 | 861k|  1 | 249k|  17 | 0.000000e+00 |      --      |    Inf |   9.39%
  201m|187400 |  9715 |105926k| 565.2 |   604M |  65 |1076 |4330 |4357 | 861k|  1 | 249k|  17 | 0.000000e+00 |      --      |    Inf |   9.39%
  201m|187500 |  9709 |105984k| 565.2 |   604M |  65 |1076 |4409 |3005 | 861k|  2 | 249k|  17 | 0.000000e+00 |      --      |    Inf |   9.39%
  201m|187600 |  9709 |106049k| 565.3 |   604M |  65 |1076 |4314 |3627 | 862k|  0 | 249k|  17 | 0.000000e+00 |      --      |    Inf |   9.39%
 time | node  | left  |LP iter|LP it/n|mem/heur|mdpt |vars |cons |rows |cuts |sepa|confs|strbr|  dualbound   | primalbound  |  gap   | compl. 
  201m|187700 |  9699 |106121k| 565.4 |   604M |  65 |1076 |4156 |4295 | 862k|  0 | 250k|  17 | 0.000000e+00 |      --      |    Inf |   9.39%
  201m|187800 |  9698 |106185k| 565.4 |   604M |  65 |1076 |4079 |2979 | 862k|  2 | 250k|  17 | 0.000000e+00 |      --      |    Inf |   9.40%
  201m|187900 |  9703 |106247k| 565.4 |   604M |  65 |1076 |4205 |2630 | 863k|  0 | 250k|  17 | 0.000000e+00 |      --      |    Inf |   9.40%
  201m|188000 |  9707 |106300k| 565.4 |   604M |  65 |1076 |4252 |2562 | 864k|  2 | 250k|  17 | 0.000000e+00 |      --      |    Inf |   9.40%
  202m|188100 |  9702 |106356k| 565.4 |   604M |  65 |1076 |4333 |2588 | 865k|  2 | 250k|  17 | 0.000000e+00 |      --      |    Inf |   9.40%
  202m|188200 |  9711 |106417k| 565.4 |   604M |  65 |1076 |4413 |2859 | 866k|  2 | 250k|  17 | 0.000000e+00 |      --      |    Inf |   9.40%
  202m|188300 |  9724 |106471k| 565.4 |   605M |  65 |1076 |4499 |2772 | 866k|  2 | 250k|  17 | 0.000000e+00 |      --      |    Inf |   9.40%
  202m|188400 |  9718 |106535k| 565.5 |   606M |  65 |1076 |4590 |2851 | 867k|  2 | 251k|  17 | 0.000000e+00 |      --      |    Inf |   9.40%
  202m|188500 |  9724 |106590k| 565.5 |   606M |  65 |1076 |4629 |2753 | 868k|  2 | 251k|  17 | 0.000000e+00 |      --      |    Inf |   9.40%
  202m|188600 |  9729 |106661k| 565.5 |   607M |  65 |1076 |4724 |   0 | 868k|  0 | 251k|  17 | 0.000000e+00 |      --      |    Inf |   9.40%
  202m|188700 |  9723 |106716k| 565.5 |   607M |  65 |1076 |4819 |2821 | 869k|  0 | 251k|  17 | 0.000000e+00 |      --      |    Inf |   9.40%
  202m|188800 |  9717 |106777k| 565.5 |   607M |  65 |1076 |4929 |3047 | 870k|  1 | 251k|  17 | 0.000000e+00 |      --      |    Inf |   9.40%
  202m|188900 |  9711 |106833k| 565.5 |   607M |  65 |1076 |4833 |2903 | 871k|  0 | 251k|  17 | 0.000000e+00 |      --      |    Inf |   9.40%
  202m|189000 |  9708 |106890k| 565.5 |   607M |  65 |1076 |4922 |2759 | 871k|  1 | 251k|  17 | 0.000000e+00 |      --      |    Inf |   9.40%
  202m|189100 |  9715 |106948k| 565.6 |   607M |  65 |1076 |4735 |4095 | 872k|  1 | 251k|  17 | 0.000000e+00 |      --      |    Inf |   9.40%
 time | node  | left  |LP iter|LP it/n|mem/heur|mdpt |vars |cons |rows |cuts |sepa|confs|strbr|  dualbound   | primalbound  |  gap   | compl. 
  202m|189200 |  9721 |106992k| 565.5 |   607M |  65 |1076 |4746 |4105 | 872k|  0 | 252k|  17 | 0.000000e+00 |      --      |    Inf |   9.40%
  203m|189300 |  9729 |107042k| 565.5 |   607M |  65 |1076 |4734 |   0 | 872k|  0 | 252k|  17 | 0.000000e+00 |      --      |    Inf |   9.40%
  203m|189400 |  9725 |107091k| 565.4 |   607M |  65 |1076 |4580 |4123 | 872k|  1 | 252k|  17 | 0.000000e+00 |      --      |    Inf |   9.40%
  203m|189500 |  9731 |107157k| 565.5 |   607M |  65 |1076 |4418 |3760 | 873k|  2 | 252k|  17 | 0.000000e+00 |      --      |    Inf |   9.40%
  203m|189600 |  9737 |107236k| 565.6 |   607M |  65 |1076 |4427 |4052 | 873k|  2 | 252k|  17 | 0.000000e+00 |      --      |    Inf |   9.40%
  203m|189700 |  9727 |107310k| 565.7 |   607M |  65 |1076 |4220 |3145 | 873k|  0 | 252k|  17 | 0.000000e+00 |      --      |    Inf |   9.40%
  203m|189800 |  9732 |107386k| 565.8 |   607M |  65 |1076 |4159 |3624 | 874k|  0 | 252k|  17 | 0.000000e+00 |      --      |    Inf |   9.41%
  203m|189900 |  9738 |107443k| 565.8 |   607M |  65 |1076 |4267 |4280 | 874k|  0 | 252k|  17 | 0.000000e+00 |      --      |    Inf |   9.41%
  203m|190000 |  9732 |107498k| 565.8 |   607M |  65 |1076 |4297 |4431 | 874k|  1 | 253k|  17 | 0.000000e+00 |      --      |    Inf |   9.41%
  203m|190100 |  9737 |107542k| 565.7 |   608M |  65 |1076 |4415 |4431 | 874k|  1 | 253k|  17 | 0.000000e+00 |      --      |    Inf |   9.41%
  203m|190200 |  9732 |107593k| 565.7 |   608M |  65 |1076 |4543 |4431 | 874k|  1 | 253k|  17 | 0.000000e+00 |      --      |    Inf |   9.41%
  204m|190300 |  9729 |107647k| 565.7 |   609M |  65 |1076 |4604 |4365 | 874k|  1 | 253k|  17 | 0.000000e+00 |      --      |    Inf |   9.41%
  204m|190400 |  9738 |107709k| 565.7 |   609M |  65 |1076 |4561 |3783 | 874k|  2 | 253k|  17 | 0.000000e+00 |      --      |    Inf |   9.41%
  204m|190500 |  9732 |107755k| 565.6 |   609M |  65 |1076 |4654 |3955 | 874k|  1 | 253k|  17 | 0.000000e+00 |      --      |    Inf |   9.41%
  204m|190600 |  9736 |107805k| 565.6 |   609M |  65 |1076 |4629 |3490 | 875k|  0 | 253k|  17 | 0.000000e+00 |      --      |    Inf |   9.41%
 time | node  | left  |LP iter|LP it/n|mem/heur|mdpt |vars |cons |rows |cuts |sepa|confs|strbr|  dualbound   | primalbound  |  gap   | compl. 
  204m|190700 |  9738 |107879k| 565.7 |   609M |  65 |1076 |4444 |3881 | 876k|  2 | 253k|  17 | 0.000000e+00 |      --      |    Inf |   9.41%
  204m|190800 |  9737 |107938k| 565.7 |   609M |  65 |1076 |4361 |3965 | 876k|  0 | 254k|  17 | 0.000000e+00 |      --      |    Inf |   9.42%
  204m|190900 |  9768 |108004k| 565.8 |   609M |  65 |1076 |4423 |3984 | 876k|  2 | 254k|  17 | 0.000000e+00 |      --      |    Inf |   9.42%
  204m|191000 |  9756 |108060k| 565.7 |   609M |  65 |1076 |4562 |3997 | 876k|  1 | 254k|  17 | 0.000000e+00 |      --      |    Inf |   9.42%
  204m|191100 |  9758 |108118k| 565.8 |   609M |  65 |1076 |4671 |3995 | 876k|  1 | 254k|  17 | 0.000000e+00 |      --      |    Inf |   9.42%
  204m|191200 |  9744 |108173k| 565.7 |   609M |  65 |1076 |4765 |3993 | 876k|  2 | 254k|  17 | 0.000000e+00 |      --      |    Inf |   9.42%
  205m|191300 |  9751 |108241k| 565.8 |   609M |  65 |1076 |4659 |4341 | 876k|  1 | 254k|  17 | 0.000000e+00 |      --      |    Inf |   9.42%
  205m|191400 |  9770 |108309k| 565.9 |   609M |  65 |1076 |4616 |4345 | 876k|  1 | 254k|  17 | 0.000000e+00 |      --      |    Inf |   9.42%
  205m|191500 |  9774 |108363k| 565.9 |   609M |  65 |1076 |4648 |4351 | 876k|  0 | 255k|  17 | 0.000000e+00 |      --      |    Inf |   9.42%
  205m|191600 |  9777 |108412k| 565.8 |   609M |  65 |1076 |4713 |4343 | 876k|  1 | 255k|  17 | 0.000000e+00 |      --      |    Inf |   9.42%
  205m|191700 |  9775 |108479k| 565.9 |   609M |  65 |1076 |4825 |4344 | 876k|  1 | 255k|  17 | 0.000000e+00 |      --      |    Inf |   9.42%
  205m|191800 |  9781 |108542k| 565.9 |   609M |  65 |1076 |4891 |4345 | 876k|  1 | 255k|  17 | 0.000000e+00 |      --      |    Inf |   9.42%
  205m|191900 |  9773 |108597k| 565.9 |   609M |  65 |1076 |4933 |4347 | 876k|  1 | 255k|  17 | 0.000000e+00 |      --      |    Inf |   9.42%
  205m|192000 |  9785 |108651k| 565.9 |   609M |  65 |1076 |5033 |4338 | 876k|  0 | 255k|  17 | 0.000000e+00 |      --      |    Inf |   9.42%
  205m|192100 |  9781 |108706k| 565.9 |   609M |  65 |1076 |5114 |4351 | 876k|  1 | 255k|  17 | 0.000000e+00 |      --      |    Inf |   9.42%
 time | node  | left  |LP iter|LP it/n|mem/heur|mdpt |vars |cons |rows |cuts |sepa|confs|strbr|  dualbound   | primalbound  |  gap   | compl. 
  205m|192200 |  9779 |108766k| 565.9 |   609M |  65 |1076 |5236 |4352 | 876k|  0 | 255k|  17 | 0.000000e+00 |      --      |    Inf |   9.42%
  206m|192300 |  9764 |108820k| 565.9 |   609M |  65 |1076 |5250 |5201 | 876k|  1 | 256k|  17 | 0.000000e+00 |      --      |    Inf |   9.42%
  206m|192400 |  9762 |108872k| 565.9 |   610M |  65 |1076 |5076 |3939 | 876k|  1 | 256k|  17 | 0.000000e+00 |      --      |    Inf |   9.42%
  206m|192500 |  9756 |108902k| 565.7 |   610M |  65 |1076 |4874 |4707 | 876k|  1 | 256k|  17 | 0.000000e+00 |      --      |    Inf |   9.42%
  206m|192600 |  9753 |108935k| 565.6 |   610M |  65 |1076 |4859 |4707 | 876k|  1 | 256k|  17 | 0.000000e+00 |      --      |    Inf |   9.42%
  206m|192700 |  9755 |108961k| 565.4 |   610M |  65 |1076 |4651 |2916 | 876k|  2 | 256k|  17 | 0.000000e+00 |      --      |    Inf |   9.42%
  206m|192800 |  9782 |108988k| 565.3 |   610M |  65 |1076 |4495 |3747 | 876k|  1 | 256k|  17 | 0.000000e+00 |      --      |    Inf |   9.42%
  206m|192900 |  9783 |109022k| 565.2 |   610M |  65 |1076 |4552 |3751 | 877k|  1 | 256k|  17 | 0.000000e+00 |      --      |    Inf |   9.42%
  206m|193000 |  9778 |109050k| 565.0 |   610M |  65 |1076 |4619 |2735 | 877k|  0 | 256k|  17 | 0.000000e+00 |      --      |    Inf |   9.42%
  206m|193100 |  9782 |109102k| 565.0 |   610M |  65 |1076 |4700 |3860 | 878k|  0 | 257k|  17 | 0.000000e+00 |      --      |    Inf |   9.42%
  206m|193200 |  9777 |109159k| 565.0 |   610M |  65 |1076 |4851 |2896 | 878k|  0 | 257k|  17 | 0.000000e+00 |      --      |    Inf |   9.42%
  206m|193300 |  9802 |109228k| 565.1 |   610M |  65 |1076 |4817 |4736 | 879k|  2 | 257k|  17 | 0.000000e+00 |      --      |    Inf |   9.42%
  206m|193400 |  9809 |109296k| 565.1 |   610M |  65 |1076 |4765 |3972 | 879k|  1 | 257k|  17 | 0.000000e+00 |      --      |    Inf |   9.42%
  206m|193500 |  9814 |109363k| 565.2 |   610M |  65 |1076 |4614 |3822 | 879k|  0 | 257k|  17 | 0.000000e+00 |      --      |    Inf |   9.43%
  207m|193600 |  9795 |109416k| 565.2 |   610M |  65 |1076 |4462 |4475 | 879k|  0 | 257k|  17 | 0.000000e+00 |      --      |    Inf |   9.43%
 time | node  | left  |LP iter|LP it/n|mem/heur|mdpt |vars |cons |rows |cuts |sepa|confs|strbr|  dualbound   | primalbound  |  gap   | compl. 
  207m|193700 |  9800 |109480k| 565.2 |   611M |  65 |1076 |4371 |2671 | 879k|  2 | 257k|  17 | 0.000000e+00 |      --      |    Inf |   9.43%
  207m|193800 |  9815 |109532k| 565.2 |   611M |  65 |1076 |4394 |3035 | 880k|  0 | 258k|  17 | 0.000000e+00 |      --      |    Inf |   9.45%
  207m|193900 |  9799 |109589k| 565.2 |   611M |  65 |1076 |4272 |2519 | 880k|  1 | 258k|  17 | 0.000000e+00 |      --      |    Inf |   9.45%
  207m|194000 |  9808 |109657k| 565.2 |   611M |  65 |1076 |4244 |3816 | 881k|  0 | 258k|  17 | 0.000000e+00 |      --      |    Inf |   9.45%
  207m|194100 |  9806 |109729k| 565.3 |   611M |  65 |1076 |4374 |3804 | 881k|  0 | 258k|  17 | 0.000000e+00 |      --      |    Inf |   9.45%
  207m|194200 |  9816 |109804k| 565.4 |   611M |  65 |1076 |4458 |3042 | 881k|  2 | 258k|  17 | 0.000000e+00 |      --      |    Inf |   9.45%
  207m|194300 |  9818 |109882k| 565.5 |   611M |  65 |1076 |4574 |3006 | 882k|  2 | 258k|  17 | 0.000000e+00 |      --      |    Inf |   9.45%
  207m|194400 |  9808 |109958k| 565.6 |   611M |  65 |1076 |4701 |2895 | 883k|  2 | 259k|  17 | 0.000000e+00 |      --      |    Inf |   9.45%
  208m|194500 |  9813 |110030k| 565.7 |   611M |  65 |1076 |4805 |3041 | 884k|  2 | 259k|  17 | 0.000000e+00 |      --      |    Inf |   9.45%
  208m|194600 |  9823 |110093k| 565.7 |   611M |  65 |1076 |4967 |3031 | 884k|  2 | 259k|  17 | 0.000000e+00 |      --      |    Inf |   9.45%
  208m|194700 |  9809 |110147k| 565.7 |   611M |  65 |1076 |5058 |   0 | 885k|  0 | 259k|  17 | 0.000000e+00 |      --      |    Inf |   9.45%
  208m|194800 |  9802 |110191k| 565.7 |   611M |  65 |1076 |5013 |3483 | 885k|  1 | 259k|  17 | 0.000000e+00 |      --      |    Inf |   9.45%
  208m|194900 |  9801 |110239k| 565.6 |   611M |  65 |1076 |4874 |4279 | 885k|  2 | 259k|  17 | 0.000000e+00 |      --      |    Inf |   9.45%
  208m|195000 |  9795 |110300k| 565.6 |   611M |  65 |1076 |4895 |   0 | 885k|  0 | 259k|  17 | 0.000000e+00 |      --      |    Inf |   9.45%
  208m|195100 |  9795 |110363k| 565.7 |   611M |  65 |1076 |4736 |2736 | 886k|  2 | 260k|  17 | 0.000000e+00 |      --      |    Inf |   9.45%
 time | node  | left  |LP iter|LP it/n|mem/heur|mdpt |vars |cons |rows |cuts |sepa|confs|strbr|  dualbound   | primalbound  |  gap   | compl. 
  208m|195200 |  9794 |110414k| 565.6 |   611M |  65 |1076 |4824 |3037 | 887k|  0 | 260k|  17 | 0.000000e+00 |      --      |    Inf |   9.45%
  208m|195300 |  9795 |110472k| 565.6 |   611M |  65 |1076 |4909 |4239 | 887k|  1 | 260k|  17 | 0.000000e+00 |      --      |    Inf |   9.45%
  208m|195400 |  9798 |110532k| 565.7 |   611M |  65 |1076 |4936 |3497 | 887k|  1 | 260k|  17 | 0.000000e+00 |      --      |    Inf |   9.45%
  208m|195500 |  9800 |110589k| 565.7 |   611M |  65 |1076 |5024 |3502 | 887k|  0 | 260k|  17 | 0.000000e+00 |      --      |    Inf |   9.45%
  209m|195600 |  9809 |110650k| 565.7 |   611M |  65 |1076 |5084 |3529 | 887k|  2 | 260k|  17 | 0.000000e+00 |      --      |    Inf |   9.45%
  209m|195700 |  9809 |110710k| 565.7 |   611M |  65 |1076 |5197 |3512 | 887k|  0 | 260k|  17 | 0.000000e+00 |      --      |    Inf |   9.45%
  209m|195800 |  9808 |110760k| 565.7 |   612M |  65 |1076 |5299 |3512 | 887k|  0 | 261k|  17 | 0.000000e+00 |      --      |    Inf |   9.45%
  209m|195900 |  9808 |110819k| 565.7 |   612M |  65 |1076 |5379 |   0 | 887k|  0 | 261k|  17 | 0.000000e+00 |      --      |    Inf |   9.45%
  209m|196000 |  9810 |110878k| 565.7 |   612M |  65 |1076 |5354 |3540 | 887k|  2 | 261k|  17 | 0.000000e+00 |      --      |    Inf |   9.45%
  209m|196100 |  9809 |110945k| 565.7 |   612M |  65 |1076 |5411 |3475 | 888k|  2 | 261k|  17 | 0.000000e+00 |      --      |    Inf |   9.45%
  209m|196200 |  9805 |110992k| 565.7 |   612M |  65 |1076 |5466 |3495 | 888k|  0 | 261k|  17 | 0.000000e+00 |      --      |    Inf |   9.45%
  209m|196300 |  9807 |111037k| 565.6 |   612M |  65 |1076 |5516 |3537 | 888k|  1 | 261k|  17 | 0.000000e+00 |      --      |    Inf |   9.45%
  209m|196400 |  9803 |111099k| 565.7 |   612M |  65 |1076 |5575 |3497 | 888k|  1 | 261k|  17 | 0.000000e+00 |      --      |    Inf |   9.45%
  209m|196500 |  9803 |111151k| 565.6 |   612M |  65 |1076 |5669 |3521 | 888k|  2 | 261k|  17 | 0.000000e+00 |      --      |    Inf |   9.45%
  209m|196600 |  9803 |111215k| 565.7 |   612M |  65 |1076 |5720 |3503 | 888k|  2 | 262k|  17 | 0.000000e+00 |      --      |    Inf |   9.45%
 time | node  | left  |LP iter|LP it/n|mem/heur|mdpt |vars |cons |rows |cuts |sepa|confs|strbr|  dualbound   | primalbound  |  gap   | compl. 
  209m|196700 |  9798 |111269k| 565.7 |   612M |  65 |1076 |5810 |3475 | 888k|  1 | 262k|  17 | 0.000000e+00 |      --      |    Inf |   9.45%
  210m|196800 |  9798 |111326k| 565.7 |   612M |  65 |1076 |5819 |3473 | 888k|  0 | 262k|  17 | 0.000000e+00 |      --      |    Inf |   9.46%
  210m|196900 |  9797 |111373k| 565.6 |   612M |  65 |1076 |5885 |3928 | 888k|  2 | 262k|  17 | 0.000000e+00 |      --      |    Inf |   9.46%
  210m|197000 |  9808 |111432k| 565.6 |   612M |  65 |1076 |5607 |3808 | 889k|  1 | 262k|  17 | 0.000000e+00 |      --      |    Inf |   9.46%
  210m|197100 |  9815 |111499k| 565.7 |   612M |  65 |1076 |5243 |4900 | 889k|  1 | 262k|  17 | 0.000000e+00 |      --      |    Inf |   9.46%
  210m|197200 |  9815 |111549k| 565.7 |   612M |  65 |1076 |5230 |3438 | 889k|  0 | 262k|  17 | 0.000000e+00 |      --      |    Inf |   9.46%
  210m|197300 |  9815 |111609k| 565.7 |   612M |  65 |1076 |5300 |3445 | 889k|  0 | 262k|  17 | 0.000000e+00 |      --      |    Inf |   9.46%
  210m|197400 |  9821 |111657k| 565.6 |   612M |  65 |1076 |5216 |3735 | 889k|  1 | 263k|  17 | 0.000000e+00 |      --      |    Inf |   9.46%
  210m|197500 |  9810 |111711k| 565.6 |   612M |  65 |1076 |4884 |4978 | 890k|  0 | 263k|  17 | 0.000000e+00 |      --      |    Inf |   9.46%
  210m|197600 |  9839 |111790k| 565.7 |   612M |  65 |1076 |4366 |3792 | 890k|  1 | 263k|  17 | 0.000000e+00 |      --      |    Inf |   9.47%
  210m|197700 |  9854 |111861k| 565.8 |   612M |  65 |1076 |4456 |3790 | 891k|  2 | 263k|  17 | 0.000000e+00 |      --      |    Inf |   9.47%
  211m|197800 |  9875 |111930k| 565.9 |   612M |  65 |1076 |4570 |3800 | 891k|  0 | 263k|  17 | 0.000000e+00 |      --      |    Inf |   9.47%
  211m|197900 |  9862 |111999k| 565.9 |   612M |  65 |1076 |4718 |   0 | 891k|  0 | 263k|  17 | 0.000000e+00 |      --      |    Inf |   9.47%
  211m|198000 |  9849 |112048k| 565.9 |   612M |  65 |1076 |4682 |2840 | 891k|  0 | 263k|  17 | 0.000000e+00 |      --      |    Inf |   9.47%
  211m|198100 |  9857 |112114k| 565.9 |   612M |  65 |1076 |4464 |4239 | 891k|  0 | 263k|  17 | 0.000000e+00 |      --      |    Inf |   9.47%
 time | node  | left  |LP iter|LP it/n|mem/heur|mdpt |vars |cons |rows |cuts |sepa|confs|strbr|  dualbound   | primalbound  |  gap   | compl. 
  211m|198200 |  9864 |112184k| 566.0 |   612M |  65 |1076 |4348 |3284 | 891k|  1 | 264k|  17 | 0.000000e+00 |      --      |    Inf |   9.47%
  211m|198300 |  9859 |112243k| 566.0 |   612M |  65 |1076 |4331 |4199 | 892k|  0 | 264k|  17 | 0.000000e+00 |      --      |    Inf |   9.47%
  211m|198400 |  9865 |112310k| 566.1 |   612M |  65 |1076 |4275 |3349 | 892k|  0 | 264k|  17 | 0.000000e+00 |      --      |    Inf |   9.47%
  211m|198500 |  9886 |112397k| 566.2 |   612M |  65 |1076 |4227 |3119 | 893k|  2 | 264k|  17 | 0.000000e+00 |      --      |    Inf |   9.47%
  211m|198600 |  9878 |112447k| 566.2 |   612M |  65 |1076 |4256 |3675 | 893k|  0 | 264k|  17 | 0.000000e+00 |      --      |    Inf |   9.47%
  212m|198700 |  9875 |112522k| 566.3 |   612M |  65 |1076 |4241 |3032 | 894k|  2 | 264k|  17 | 0.000000e+00 |      --      |    Inf |   9.47%
  212m|198800 |  9888 |112591k| 566.3 |   612M |  65 |1076 |4198 |2863 | 895k|  2 | 264k|  17 | 0.000000e+00 |      --      |    Inf |   9.47%
  212m|198900 |  9889 |112649k| 566.3 |   612M |  65 |1076 |4046 |2638 | 896k|  2 | 264k|  17 | 0.000000e+00 |      --      |    Inf |   9.48%
  212m|199000 |  9881 |112712k| 566.4 |   612M |  65 |1076 |4031 |3688 | 897k|  0 | 265k|  17 | 0.000000e+00 |      --      |    Inf |   9.48%
  212m|199100 |  9879 |112777k| 566.4 |   612M |  65 |1076 |4083 |3272 | 897k|  2 | 265k|  17 | 0.000000e+00 |      --      |    Inf |   9.48%
  212m|199200 |  9892 |112839k| 566.5 |   612M |  65 |1076 |4086 |   0 | 897k|  0 | 265k|  17 | 0.000000e+00 |      --      |    Inf |   9.48%
  212m|199300 |  9878 |112896k| 566.5 |   612M |  65 |1076 |4068 |3754 | 897k|  2 | 265k|  17 | 0.000000e+00 |      --      |    Inf |   9.48%
  212m|199400 |  9879 |112945k| 566.4 |   612M |  65 |1076 |4109 |2642 | 898k|  0 | 265k|  17 | 0.000000e+00 |      --      |    Inf |   9.48%
  212m|199500 |  9896 |113006k| 566.4 |   612M |  65 |1076 |4208 |3461 | 898k|  1 | 265k|  17 | 0.000000e+00 |      --      |    Inf |   9.48%
  212m|199600 |  9911 |113074k| 566.5 |   612M |  65 |1076 |3957 |3589 | 898k|  2 | 265k|  17 | 0.000000e+00 |      --      |    Inf |   9.48%
 time | node  | left  |LP iter|LP it/n|mem/heur|mdpt |vars |cons |rows |cuts |sepa|confs|strbr|  dualbound   | primalbound  |  gap   | compl. 
  213m|199700 |  9945 |113125k| 566.5 |   612M |  65 |1076 |3891 |3579 | 899k|  2 | 265k|  17 | 0.000000e+00 |      --      |    Inf |   9.48%
  213m|199800 |  9968 |113176k| 566.4 |   612M |  65 |1076 |3938 |   0 | 899k|  0 | 265k|  17 | 0.000000e+00 |      --      |    Inf |   9.48%
  213m|199900 | 10009 |113225k| 566.4 |   612M |  65 |1076 |3994 |3579 | 899k|  1 | 266k|  17 | 0.000000e+00 |      --      |    Inf |   9.48%
  213m|200000 | 10020 |113272k| 566.4 |   612M |  65 |1076 |4046 |4302 | 899k|  0 | 266k|  17 | 0.000000e+00 |      --      |    Inf |   9.48%
  213m|200100 | 10024 |113336k| 566.4 |   612M |  65 |1076 |4092 |3902 | 899k|  1 | 266k|  17 | 0.000000e+00 |      --      |    Inf |   9.48%
  213m|200200 | 10022 |113386k| 566.4 |   612M |  65 |1076 |4158 |3188 | 899k|  0 | 266k|  17 | 0.000000e+00 |      --      |    Inf |   9.48%
  213m|200300 | 10026 |113452k| 566.4 |   612M |  65 |1076 |4086 |3623 | 900k|  2 | 266k|  17 | 0.000000e+00 |      --      |    Inf |   9.50%
  213m|200400 | 10035 |113512k| 566.4 |   612M |  65 |1076 |4016 |3099 | 900k|  0 | 266k|  17 | 0.000000e+00 |      --      |    Inf |   9.50%
  213m|200500 | 10046 |113566k| 566.4 |   612M |  65 |1076 |4086 |4710 | 900k|  0 | 266k|  17 | 0.000000e+00 |      --      |    Inf |   9.50%
  213m|200600 | 10043 |113615k| 566.4 |   612M |  65 |1076 |4173 |3751 | 900k|  2 | 266k|  17 | 0.000000e+00 |      --      |    Inf |   9.50%
  213m|200700 | 10040 |113669k| 566.4 |   612M |  65 |1076 |4158 |4723 | 900k|  0 | 267k|  17 | 0.000000e+00 |      --      |    Inf |   9.50%
  214m|200800 | 10036 |113734k| 566.4 |   612M |  65 |1076 |4236 |   0 | 901k|  0 | 267k|  17 | 0.000000e+00 |      --      |    Inf |   9.51%
  214m|200900 | 10030 |113790k| 566.4 |   612M |  65 |1076 |4365 |4387 | 901k|  0 | 267k|  17 | 0.000000e+00 |      --      |    Inf |   9.51%
  214m|201000 | 10037 |113857k| 566.4 |   612M |  65 |1076 |4402 |3427 | 901k|  2 | 267k|  17 | 0.000000e+00 |      --      |    Inf |   9.51%
  214m|201100 | 10038 |113924k| 566.5 |   612M |  65 |1076 |4398 |2680 | 901k|  2 | 267k|  17 | 0.000000e+00 |      --      |    Inf |   9.51%
 time | node  | left  |LP iter|LP it/n|mem/heur|mdpt |vars |cons |rows |cuts |sepa|confs|strbr|  dualbound   | primalbound  |  gap   | compl. 
  214m|201200 | 10023 |113984k| 566.5 |   612M |  65 |1076 |4349 |3863 | 901k|  0 | 267k|  17 | 0.000000e+00 |      --      |    Inf |   9.51%
  214m|201300 | 10024 |114039k| 566.5 |   612M |  65 |1076 |4234 |3487 | 902k|  0 | 268k|  17 | 0.000000e+00 |      --      |    Inf |   9.51%
  214m|201400 | 10027 |114098k| 566.5 |   612M |  65 |1076 |4200 |2717 | 902k|  0 | 268k|  17 | 0.000000e+00 |      --      |    Inf |   9.51%
  214m|201500 | 10036 |114175k| 566.6 |   613M |  65 |1076 |4027 |2714 | 903k|  2 | 268k|  17 | 0.000000e+00 |      --      |    Inf |   9.51%
  214m|201600 | 10033 |114253k| 566.7 |   613M |  65 |1076 |4067 |2821 | 904k|  2 | 268k|  17 | 0.000000e+00 |      --      |    Inf |   9.51%
  214m|201700 | 10026 |114312k| 566.7 |   613M |  65 |1076 |4054 |3442 | 905k|  2 | 268k|  17 | 0.000000e+00 |      --      |    Inf |   9.51%
  215m|201800 | 10028 |114357k| 566.7 |   613M |  65 |1076 |4109 |2886 | 905k|  0 | 268k|  17 | 0.000000e+00 |      --      |    Inf |   9.51%
  215m|201900 | 10031 |114413k| 566.7 |   613M |  65 |1076 |4231 |2915 | 906k|  3 | 268k|  17 | 0.000000e+00 |      --      |    Inf |   9.51%
  215m|202000 | 10023 |114463k| 566.6 |   613M |  65 |1076 |4309 |4942 | 907k|  1 | 269k|  17 | 0.000000e+00 |      --      |    Inf |   9.51%
  215m|202100 | 10028 |114523k| 566.7 |   613M |  65 |1076 |4207 |3170 | 907k|  0 | 269k|  17 | 0.000000e+00 |      --      |    Inf |   9.51%
  215m|202200 | 10025 |114567k| 566.6 |   613M |  65 |1076 |4195 |4604 | 907k|  1 | 269k|  17 | 0.000000e+00 |      --      |    Inf |   9.51%
  215m|202300 | 10021 |114628k| 566.6 |   613M |  65 |1076 |4198 |3779 | 908k|  2 | 269k|  17 | 0.000000e+00 |      --      |    Inf |   9.51%
  215m|202400 | 10030 |114697k| 566.7 |   613M |  65 |1076 |4183 |2555 | 908k|  2 | 269k|  17 | 0.000000e+00 |      --      |    Inf |   9.51%
  215m|202500 | 10028 |114745k| 566.6 |   613M |  65 |1076 |4171 |4336 | 908k|  1 | 269k|  17 | 0.000000e+00 |      --      |    Inf |   9.51%
  215m|202600 | 10036 |114809k| 566.7 |   613M |  65 |1076 |4260 |3751 | 908k|  1 | 269k|  17 | 0.000000e+00 |      --      |    Inf |   9.51%
 time | node  | left  |LP iter|LP it/n|mem/heur|mdpt |vars |cons |rows |cuts |sepa|confs|strbr|  dualbound   | primalbound  |  gap   | compl. 
  215m|202700 | 10034 |114857k| 566.6 |   613M |  65 |1076 |4407 |3753 | 908k|  1 | 270k|  17 | 0.000000e+00 |      --      |    Inf |   9.51%
  215m|202800 | 10025 |114916k| 566.6 |   614M |  65 |1076 |4435 |4129 | 909k|  1 | 270k|  17 | 0.000000e+00 |      --      |    Inf |   9.51%
  216m|202900 | 10024 |114970k| 566.6 |   614M |  65 |1076 |4380 |3315 | 909k|  2 | 270k|  17 | 0.000000e+00 |      --      |    Inf |   9.51%
  216m|203000 | 10031 |115023k| 566.6 |   614M |  65 |1076 |4289 |3807 | 909k|  2 | 270k|  17 | 0.000000e+00 |      --      |    Inf |   9.51%
  216m|203100 | 10026 |115074k| 566.6 |   614M |  65 |1076 |4279 |4590 | 909k|  1 | 270k|  17 | 0.000000e+00 |      --      |    Inf |   9.52%
  216m|203200 | 10038 |115130k| 566.6 |   614M |  65 |1076 |4268 |3802 | 910k|  1 | 270k|  17 | 0.000000e+00 |      --      |    Inf |   9.52%
  216m|203300 | 10041 |115187k| 566.6 |   614M |  65 |1076 |4246 |4128 | 910k|  1 | 270k|  17 | 0.000000e+00 |      --      |    Inf |   9.52%
  216m|203400 | 10034 |115242k| 566.6 |   614M |  65 |1076 |4326 |4122 | 910k|  1 | 271k|  17 | 0.000000e+00 |      --      |    Inf |   9.52%
  216m|203500 | 10029 |115291k| 566.5 |   614M |  65 |1076 |4338 |2585 | 910k|  2 | 271k|  17 | 0.000000e+00 |      --      |    Inf |   9.52%
  216m|203600 | 10042 |115355k| 566.6 |   614M |  65 |1076 |4280 |   0 | 911k|  0 | 271k|  17 | 0.000000e+00 |      --      |    Inf |   9.52%
  216m|203700 | 10041 |115417k| 566.6 |   614M |  65 |1076 |4227 |3953 | 912k|  1 | 271k|  17 | 0.000000e+00 |      --      |    Inf |   9.52%
  216m|203800 | 10054 |115471k| 566.6 |   614M |  65 |1076 |4220 |3906 | 912k|  2 | 271k|  17 | 0.000000e+00 |      --      |    Inf |   9.52%
  216m|203900 | 10041 |115525k| 566.6 |   614M |  65 |1076 |4301 |3795 | 912k|  1 | 271k|  17 | 0.000000e+00 |      --      |    Inf |   9.52%
  217m|204000 | 10036 |115579k| 566.6 |   615M |  65 |1076 |4301 |4168 | 912k|  0 | 271k|  17 | 0.000000e+00 |      --      |    Inf |   9.52%
  217m|204100 | 10035 |115638k| 566.6 |   615M |  65 |1076 |4238 |2611 | 912k|  2 | 271k|  17 | 0.000000e+00 |      --      |    Inf |   9.52%
 time | node  | left  |LP iter|LP it/n|mem/heur|mdpt |vars |cons |rows |cuts |sepa|confs|strbr|  dualbound   | primalbound  |  gap   | compl. 
  217m|204200 | 10049 |115707k| 566.6 |   615M |  65 |1076 |4253 |3740 | 913k|  2 | 272k|  17 | 0.000000e+00 |      --      |    Inf |   9.53%
  217m|204300 | 10058 |115777k| 566.7 |   615M |  65 |1076 |4292 |3841 | 913k|  0 | 272k|  17 | 0.000000e+00 |      --      |    Inf |   9.53%
  217m|204400 | 10075 |115849k| 566.8 |   615M |  65 |1076 |4188 |3678 | 913k|  2 | 272k|  17 | 0.000000e+00 |      --      |    Inf |   9.54%
  217m|204500 | 10074 |115906k| 566.8 |   615M |  65 |1076 |4179 |2995 | 913k|  2 | 272k|  17 | 0.000000e+00 |      --      |    Inf |   9.54%
  217m|204600 | 10067 |115974k| 566.8 |   615M |  65 |1076 |4081 |3997 | 914k|  0 | 272k|  17 | 0.000000e+00 |      --      |    Inf |   9.54%
  217m|204700 | 10057 |116029k| 566.8 |   615M |  65 |1076 |4025 |4384 | 914k|  1 | 272k|  17 | 0.000000e+00 |      --      |    Inf |   9.54%
  217m|204800 | 10063 |116079k| 566.8 |   615M |  65 |1076 |4032 |2989 | 914k|  0 | 272k|  17 | 0.000000e+00 |      --      |    Inf |   9.54%
  217m|204900 | 10068 |116104k| 566.6 |   615M |  65 |1076 |4122 |4515 | 914k|  1 | 273k|  17 | 0.000000e+00 |      --      |    Inf |   9.54%
  218m|205000 | 10055 |116125k| 566.5 |   615M |  65 |1076 |4136 |3359 | 914k|  2 | 273k|  17 | 0.000000e+00 |      --      |    Inf |   9.54%
  218m|205100 | 10056 |116153k| 566.3 |   615M |  65 |1076 |4224 |4512 | 914k|  1 | 273k|  17 | 0.000000e+00 |      --      |    Inf |   9.54%
  218m|205200 | 10045 |116179k| 566.2 |   615M |  65 |1076 |4244 |2450 | 914k|  2 | 273k|  17 | 0.000000e+00 |      --      |    Inf |   9.54%
  218m|205300 | 10042 |116209k| 566.0 |   615M |  65 |1076 |4192 |4379 | 914k|  0 | 273k|  17 | 0.000000e+00 |      --      |    Inf |   9.54%
  218m|205400 | 10046 |116242k| 565.9 |   615M |  65 |1076 |4274 |2877 | 915k|  0 | 273k|  17 | 0.000000e+00 |      --      |    Inf |   9.54%
  218m|205500 | 10051 |116280k| 565.8 |   615M |  65 |1076 |4217 |3756 | 916k|  1 | 273k|  17 | 0.000000e+00 |      --      |    Inf |   9.55%
  218m|205600 | 10055 |116310k| 565.7 |   615M |  65 |1076 |4233 |3959 | 916k|  0 | 274k|  17 | 0.000000e+00 |      --      |    Inf |   9.55%
 time | node  | left  |LP iter|LP it/n|mem/heur|mdpt |vars |cons |rows |cuts |sepa|confs|strbr|  dualbound   | primalbound  |  gap   | compl. 
  218m|205700 | 10062 |116333k| 565.5 |   615M |  65 |1076 |4367 |4220 | 916k|  0 | 274k|  17 | 0.000000e+00 |      --      |    Inf |   9.55%
  218m|205800 | 10062 |116359k| 565.4 |   615M |  65 |1076 |4467 |4221 | 916k|  1 | 274k|  17 | 0.000000e+00 |      --      |    Inf |   9.55%
  218m|205900 | 10070 |116383k| 565.2 |   615M |  65 |1076 |4482 |   0 | 916k|  0 | 274k|  17 | 0.000000e+00 |      --      |    Inf |   9.56%
  218m|206000 | 10058 |116419k| 565.1 |   615M |  65 |1076 |4419 |2958 | 917k|  2 | 274k|  17 | 0.000000e+00 |      --      |    Inf |   9.57%
  218m|206100 | 10057 |116458k| 565.0 |   615M |  65 |1076 |4298 |4180 | 918k|  0 | 274k|  17 | 0.000000e+00 |      --      |    Inf |   9.57%
  218m|206200 | 10060 |116506k| 565.0 |   615M |  65 |1076 |4281 |2669 | 918k|  2 | 274k|  17 | 0.000000e+00 |      --      |    Inf |   9.57%
  218m|206300 | 10058 |116555k| 565.0 |   615M |  65 |1076 |4267 |2716 | 919k|  0 | 274k|  17 | 0.000000e+00 |      --      |    Inf |   9.57%
  218m|206400 | 10058 |116589k| 564.9 |   615M |  65 |1076 |4250 |2378 | 919k|  2 | 275k|  17 | 0.000000e+00 |      --      |    Inf |   9.57%
  218m|206500 | 10063 |116623k| 564.7 |   615M |  65 |1076 |4196 |4184 | 919k|  2 | 275k|  17 | 0.000000e+00 |      --      |    Inf |   9.57%
  218m|206600 | 10068 |116658k| 564.6 |   615M |  65 |1076 |4164 |3139 | 919k|  0 | 275k|  17 | 0.000000e+00 |      --      |    Inf |   9.57%
  218m|206700 | 10057 |116685k| 564.5 |   615M |  65 |1076 |4101 |4915 | 919k|  0 | 275k|  17 | 0.000000e+00 |      --      |    Inf |   9.57%
  218m|206800 | 10047 |116717k| 564.4 |   615M |  65 |1076 |4120 |4349 | 919k|  0 | 275k|  17 | 0.000000e+00 |      --      |    Inf |   9.58%
  218m|206900 | 10051 |116747k| 564.3 |   615M |  65 |1076 |4064 |3620 | 919k|  1 | 275k|  17 | 0.000000e+00 |      --      |    Inf |   9.58%
  219m|207000 | 10046 |116774k| 564.1 |   615M |  65 |1076 |4023 |3631 | 920k|  0 | 276k|  17 | 0.000000e+00 |      --      |    Inf |   9.58%
  219m|207100 | 10053 |116798k| 564.0 |   615M |  65 |1076 |4051 |2567 | 920k|  2 | 276k|  17 | 0.000000e+00 |      --      |    Inf |   9.58%
 time | node  | left  |LP iter|LP it/n|mem/heur|mdpt |vars |cons |rows |cuts |sepa|confs|strbr|  dualbound   | primalbound  |  gap   | compl. 
  219m|207200 | 10058 |116857k| 564.0 |   616M |  65 |1076 |4060 |4177 | 920k|  0 | 276k|  17 | 0.000000e+00 |      --      |    Inf |   9.62%
  219m|207300 | 10066 |116910k| 564.0 |   616M |  65 |1076 |4184 |4189 | 920k|  1 | 276k|  17 | 0.000000e+00 |      --      |    Inf |   9.62%
  219m|207400 | 10057 |116973k| 564.0 |   618M |  65 |1076 |4152 |3879 | 921k|  2 | 276k|  17 | 0.000000e+00 |      --      |    Inf |   9.62%
  219m|207500 | 10061 |117028k| 564.0 |   618M |  65 |1076 |3995 |3629 | 921k|  0 | 276k|  17 | 0.000000e+00 |      --      |    Inf |   9.62%
  219m|207600 | 10066 |117085k| 564.0 |   618M |  65 |1076 |4025 |3254 | 921k|  0 | 276k|  17 | 0.000000e+00 |      --      |    Inf |   9.62%
  219m|207700 | 10072 |117162k| 564.1 |   618M |  65 |1076 |4093 |3761 | 921k|  2 | 277k|  17 | 0.000000e+00 |      --      |    Inf |   9.62%
  219m|207800 | 10106 |117243k| 564.2 |   618M |  65 |1076 |4183 |3790 | 922k|  2 | 277k|  17 | 0.000000e+00 |      --      |    Inf |   9.62%
  219m|207900 | 10085 |117313k| 564.3 |   618M |  65 |1076 |4246 |4005 | 922k|  0 | 277k|  17 | 0.000000e+00 |      --      |    Inf |   9.62%
  220m|208000 | 10088 |117389k| 564.4 |   618M |  65 |1076 |4276 |3755 | 922k|  0 | 277k|  17 | 0.000000e+00 |      --      |    Inf |   9.62%
  220m|208100 | 10089 |117441k| 564.3 |   618M |  65 |1076 |4338 |   0 | 922k|  0 | 277k|  17 | 0.000000e+00 |      --      |    Inf |   9.62%
  220m|208200 | 10088 |117495k| 564.3 |   618M |  65 |1076 |4259 |2732 | 923k|  1 | 277k|  17 | 0.000000e+00 |      --      |    Inf |   9.73%
  220m|208300 | 10100 |117568k| 564.4 |   619M |  65 |1076 |4126 |2658 | 924k|  2 | 277k|  17 | 0.000000e+00 |      --      |    Inf |   9.74%
  220m|208400 | 10092 |117626k| 564.4 |   620M |  65 |1076 |4034 |3432 | 924k|  2 | 278k|  17 | 0.000000e+00 |      --      |    Inf |   9.75%
  220m|208500 | 10095 |117698k| 564.5 |   620M |  65 |1076 |3859 |3659 | 925k|  0 | 278k|  17 | 0.000000e+00 |      --      |    Inf |   9.75%
  220m|208600 | 10114 |117795k| 564.7 |   620M |  65 |1076 |3718 |   0 | 926k|  0 | 278k|  17 | 0.000000e+00 |      --      |    Inf |   9.75%
 time | node  | left  |LP iter|LP it/n|mem/heur|mdpt |vars |cons |rows |cuts |sepa|confs|strbr|  dualbound   | primalbound  |  gap   | compl. 
  220m|208700 | 10123 |117855k| 564.7 |   620M |  65 |1076 |3834 |3483 | 926k|  2 | 278k|  17 | 0.000000e+00 |      --      |    Inf |   9.75%
  220m|208800 | 10126 |117918k| 564.7 |   620M |  65 |1076 |3970 |3486 | 926k|  1 | 278k|  17 | 0.000000e+00 |      --      |    Inf |   9.75%
  221m|208900 | 10126 |117976k| 564.7 |   620M |  65 |1076 |4106 |3538 | 926k|  1 | 278k|  17 | 0.000000e+00 |      --      |    Inf |   9.75%
  221m|209000 | 10119 |118033k| 564.7 |   620M |  65 |1076 |4210 |3503 | 926k|  2 | 278k|  17 | 0.000000e+00 |      --      |    Inf |   9.75%
  221m|209100 | 10115 |118102k| 564.8 |   620M |  65 |1076 |4083 |4125 | 926k|  1 | 278k|  17 | 0.000000e+00 |      --      |    Inf |   9.77%
  221m|209200 | 10119 |118148k| 564.8 |   620M |  65 |1076 |4073 |2723 | 928k|  2 | 279k|  17 | 0.000000e+00 |      --      |    Inf |   9.77%
  221m|209300 | 10118 |118210k| 564.8 |   620M |  65 |1076 |4090 |4515 | 928k|  1 | 279k|  17 | 0.000000e+00 |      --      |    Inf |   9.77%
  221m|209400 | 10113 |118255k| 564.7 |   620M |  65 |1076 |4111 |3258 | 928k|  0 | 279k|  17 | 0.000000e+00 |      --      |    Inf |   9.77%
  221m|209500 | 10112 |118310k| 564.7 |   620M |  65 |1076 |4061 |3669 | 929k|  0 | 279k|  17 | 0.000000e+00 |      --      |    Inf |   9.77%
  221m|209600 | 10127 |118387k| 564.8 |   620M |  65 |1076 |3933 |2872 | 929k|  2 | 279k|  17 | 0.000000e+00 |      --      |    Inf |   9.78%
  221m|209700 | 10132 |118440k| 564.8 |   620M |  65 |1076 |4049 |3012 | 930k|  0 | 279k|  17 | 0.000000e+00 |      --      |    Inf |   9.78%
  221m|209800 | 10132 |118492k| 564.8 |   620M |  65 |1076 |4045 |4118 | 930k|  1 | 279k|  17 | 0.000000e+00 |      --      |    Inf |   9.78%
  221m|209900 | 10141 |118558k| 564.8 |   620M |  65 |1076 |4150 |3932 | 930k|  1 | 279k|  17 | 0.000000e+00 |      --      |    Inf |   9.78%
  222m|210000 | 10136 |118625k| 564.9 |   620M |  65 |1076 |4086 |2381 | 930k|  0 | 280k|  17 | 0.000000e+00 |      --      |    Inf |   9.78%
  222m|210100 | 10132 |118674k| 564.8 |   620M |  65 |1076 |4030 |3578 | 930k|  1 | 280k|  17 | 0.000000e+00 |      --      |    Inf |   9.78%
 time | node  | left  |LP iter|LP it/n|mem/heur|mdpt |vars |cons |rows |cuts |sepa|confs|strbr|  dualbound   | primalbound  |  gap   | compl. 
  222m|210200 | 10122 |118729k| 564.8 |   620M |  65 |1076 |4004 |2937 | 931k|  0 | 280k|  17 | 0.000000e+00 |      --      |    Inf |   9.78%
  222m|210300 | 10128 |118791k| 564.9 |   621M |  65 |1076 |3991 |3548 | 931k|  1 | 280k|  17 | 0.000000e+00 |      --      |    Inf |   9.78%
  222m|210400 | 10133 |118869k| 565.0 |   621M |  65 |1076 |4011 |3137 | 931k|  2 | 280k|  17 | 0.000000e+00 |      --      |    Inf |   9.78%
  222m|210500 | 10147 |118956k| 565.1 |   621M |  65 |1076 |4082 |3210 | 932k|  2 | 280k|  17 | 0.000000e+00 |      --      |    Inf |   9.78%
  222m|210600 | 10154 |119047k| 565.3 |   621M |  65 |1076 |4172 |3121 | 933k|  2 | 280k|  17 | 0.000000e+00 |      --      |    Inf |   9.78%
  222m|210700 | 10162 |119136k| 565.4 |   621M |  65 |1076 |4288 |3239 | 934k|  0 | 281k|  17 | 0.000000e+00 |      --      |    Inf |   9.78%
  223m|210800 | 10162 |119220k| 565.6 |   621M |  65 |1076 |4416 |3451 | 934k|  2 | 281k|  17 | 0.000000e+00 |      --      |    Inf |   9.78%
  223m|210900 | 10168 |119279k| 565.6 |   622M |  65 |1076 |4538 |3448 | 934k|  0 | 281k|  17 | 0.000000e+00 |      --      |    Inf |   9.78%
  223m|211000 | 10167 |119333k| 565.6 |   622M |  65 |1076 |4663 |3460 | 934k|  1 | 281k|  17 | 0.000000e+00 |      --      |    Inf |   9.78%
  223m|211100 | 10165 |119392k| 565.6 |   622M |  65 |1076 |4802 |3357 | 934k|  0 | 281k|  17 | 0.000000e+00 |      --      |    Inf |   9.78%
  223m|211200 | 10171 |119453k| 565.6 |   622M |  65 |1076 |4915 |   0 | 934k|  0 | 281k|  17 | 0.000000e+00 |      --      |    Inf |   9.78%
  223m|211300 | 10159 |119507k| 565.6 |   622M |  65 |1076 |4999 |3222 | 935k|  0 | 281k|  17 | 0.000000e+00 |      --      |    Inf |   9.78%
  223m|211400 | 10152 |119571k| 565.6 |   622M |  65 |1076 |5093 |3358 | 935k|  0 | 282k|  17 | 0.000000e+00 |      --      |    Inf |   9.78%
  223m|211500 | 10146 |119631k| 565.6 |   622M |  65 |1076 |5048 |2632 | 935k|  0 | 282k|  17 | 0.000000e+00 |      --      |    Inf |   9.78%
  223m|211600 | 10141 |119696k| 565.7 |   622M |  65 |1076 |4977 |2969 | 936k|  0 | 282k|  17 | 0.000000e+00 |      --      |    Inf |   9.79%
 time | node  | left  |LP iter|LP it/n|mem/heur|mdpt |vars |cons |rows |cuts |sepa|confs|strbr|  dualbound   | primalbound  |  gap   | compl. 
  223m|211700 | 10131 |119764k| 565.7 |   622M |  65 |1076 |4773 |3766 | 936k|  0 | 282k|  17 | 0.000000e+00 |      --      |    Inf |   9.80%
  224m|211800 | 10136 |119816k| 565.7 |   622M |  65 |1076 |4796 |4558 | 936k|  0 | 282k|  17 | 0.000000e+00 |      --      |    Inf |   9.80%
  224m|211900 | 10139 |119861k| 565.6 |   622M |  65 |1076 |4877 |3927 | 936k|  0 | 282k|  17 | 0.000000e+00 |      --      |    Inf |   9.80%
  224m|212000 | 10134 |119910k| 565.6 |   622M |  65 |1076 |4829 |4351 | 936k|  0 | 282k|  17 | 0.000000e+00 |      --      |    Inf |   9.80%
  224m|212100 | 10129 |119954k| 565.5 |   622M |  65 |1076 |4750 |2702 | 936k|  1 | 283k|  17 | 0.000000e+00 |      --      |    Inf |   9.80%
  224m|212200 | 10132 |119991k| 565.5 |   622M |  65 |1076 |4579 |3644 | 936k|  0 | 283k|  17 | 0.000000e+00 |      --      |    Inf |   9.80%
  224m|212300 | 10145 |120032k| 565.4 |   622M |  65 |1076 |4323 |3715 | 937k|  0 | 283k|  17 | 0.000000e+00 |      --      |    Inf |   9.81%
  224m|212400 | 10138 |120069k| 565.3 |   623M |  65 |1076 |4315 |3743 | 937k|  0 | 283k|  17 | 0.000000e+00 |      --      |    Inf |   9.81%
  224m|212500 | 10137 |120107k| 565.2 |   623M |  65 |1076 |4296 |4365 | 937k|  1 | 283k|  17 | 0.000000e+00 |      --      |    Inf |   9.81%
  224m|212600 | 10142 |120143k| 565.1 |   623M |  65 |1076 |4365 |4365 | 937k|  0 | 283k|  17 | 0.000000e+00 |      --      |    Inf |   9.81%
  224m|212700 | 10141 |120171k| 565.0 |   624M |  65 |1076 |4439 |4143 | 937k|  0 | 283k|  17 | 0.000000e+00 |      --      |    Inf |   9.81%
  224m|212800 | 10145 |120204k| 564.9 |   626M |  65 |1076 |4463 |3981 | 938k|  1 | 284k|  17 | 0.000000e+00 |      --      |    Inf |   9.81%
  224m|212900 | 10138 |120233k| 564.7 |   628M |  65 |1076 |4481 |3691 | 938k|  1 | 284k|  17 | 0.000000e+00 |      --      |    Inf |   9.83%
  224m|213000 | 10144 |120263k| 564.6 |   628M |  65 |1076 |4543 |3981 | 938k|  1 | 284k|  17 | 0.000000e+00 |      --      |    Inf |   9.83%
  224m|213100 | 10140 |120290k| 564.5 |   628M |  65 |1076 |4596 |4504 | 938k|  0 | 284k|  17 | 0.000000e+00 |      --      |    Inf |   9.83%
 time | node  | left  |LP iter|LP it/n|mem/heur|mdpt |vars |cons |rows |cuts |sepa|confs|strbr|  dualbound   | primalbound  |  gap   | compl. 
  224m|213200 | 10132 |120319k| 564.3 |   628M |  65 |1076 |4521 |   0 | 938k|  0 | 284k|  17 | 0.000000e+00 |      --      |    Inf |   9.83%
  224m|213300 | 10140 |120353k| 564.2 |   629M |  65 |1076 |4578 |4433 | 938k|  0 | 284k|  17 | 0.000000e+00 |      --      |    Inf |   9.83%
  224m|213400 | 10141 |120381k| 564.1 |   629M |  65 |1076 |4559 |2859 | 938k|  0 | 284k|  17 | 0.000000e+00 |      --      |    Inf |   9.83%
  224m|213500 | 10159 |120409k| 564.0 |   629M |  65 |1076 |4532 |   0 | 938k|  0 | 285k|  17 | 0.000000e+00 |      --      |    Inf |   9.83%
  225m|213600 | 10171 |120476k| 564.0 |   629M |  65 |1076 |4567 |2992 | 939k|  2 | 285k|  17 | 0.000000e+00 |      --      |    Inf |   9.83%
  225m|213700 | 10159 |120545k| 564.1 |   629M |  65 |1076 |4578 |3619 | 939k|  0 | 285k|  17 | 0.000000e+00 |      --      |    Inf |   9.83%
  225m|213800 | 10166 |120597k| 564.1 |   629M |  65 |1076 |4525 |3896 | 940k|  2 | 285k|  17 | 0.000000e+00 |      --      |    Inf |   9.83%
  225m|213900 | 10152 |120650k| 564.0 |   629M |  65 |1076 |4357 |4170 | 940k|  1 | 285k|  17 | 0.000000e+00 |      --      |    Inf |   9.83%
  225m|214000 | 10158 |120696k| 564.0 |   629M |  65 |1076 |4315 |4012 | 940k|  1 | 285k|  17 | 0.000000e+00 |      --      |    Inf |   9.83%
  225m|214100 | 10167 |120745k| 564.0 |   629M |  65 |1076 |4412 |4019 | 940k|  0 | 285k|  17 | 0.000000e+00 |      --      |    Inf |   9.83%
  225m|214200 | 10159 |120788k| 563.9 |   629M |  65 |1076 |4572 |   0 | 940k|  0 | 286k|  17 | 0.000000e+00 |      --      |    Inf |   9.83%
  225m|214300 | 10147 |120850k| 563.9 |   629M |  65 |1076 |4343 |3837 | 940k|  2 | 286k|  17 | 0.000000e+00 |      --      |    Inf |   9.93%
  225m|214400 | 10144 |120904k| 563.9 |   630M |  65 |1076 |4200 |2669 | 941k|  0 | 286k|  17 | 0.000000e+00 |      --      |    Inf |  10.05%
  225m|214500 | 10157 |120974k| 564.0 |   630M |  65 |1076 |4074 |2346 | 942k|  0 | 286k|  17 | 0.000000e+00 |      --      |    Inf |  10.05%
  225m|214600 | 10159 |121018k| 563.9 |   630M |  65 |1076 |4088 |3812 | 942k|  1 | 286k|  17 | 0.000000e+00 |      --      |    Inf |  10.06%
 time | node  | left  |LP iter|LP it/n|mem/heur|mdpt |vars |cons |rows |cuts |sepa|confs|strbr|  dualbound   | primalbound  |  gap   | compl. 
  226m|214700 | 10166 |121092k| 564.0 |   630M |  65 |1076 |4056 |3203 | 943k|  0 | 286k|  17 | 0.000000e+00 |      --      |    Inf |  10.06%
  226m|214800 | 10168 |121151k| 564.0 |   630M |  65 |1076 |4208 |3352 | 943k|  0 | 286k|  17 | 0.000000e+00 |      --      |    Inf |  10.06%
  226m|214900 | 10163 |121206k| 564.0 |   630M |  65 |1076 |4234 |4206 | 944k|  1 | 287k|  17 | 0.000000e+00 |      --      |    Inf |  10.06%
  226m|215000 | 10165 |121263k| 564.0 |   630M |  65 |1076 |4244 |3765 | 944k|  1 | 287k|  17 | 0.000000e+00 |      --      |    Inf |  10.06%
  226m|215100 | 10159 |121339k| 564.1 |   630M |  65 |1076 |4255 |   0 | 945k|  0 | 287k|  17 | 0.000000e+00 |      --      |    Inf |  10.06%
  226m|215200 | 10169 |121405k| 564.1 |   630M |  65 |1076 |4332 |   0 | 946k|  0 | 287k|  17 | 0.000000e+00 |      --      |    Inf |  10.06%
  226m|215300 | 10163 |121452k| 564.1 |   630M |  65 |1076 |4308 |   0 | 946k|  0 | 287k|  17 | 0.000000e+00 |      --      |    Inf |  10.06%
  226m|215400 | 10156 |121508k| 564.1 |   630M |  65 |1076 |4368 |3791 | 946k|  0 | 287k|  17 | 0.000000e+00 |      --      |    Inf |  10.06%
  226m|215500 | 10143 |121563k| 564.1 |   630M |  65 |1076 |4267 |   0 | 946k|  0 | 287k|  17 | 0.000000e+00 |      --      |    Inf |  10.06%
  226m|215600 | 10135 |121617k| 564.1 |   630M |  65 |1076 |4197 |2731 | 947k|  0 | 288k|  17 | 0.000000e+00 |      --      |    Inf |  10.06%
  226m|215700 | 10129 |121672k| 564.1 |   630M |  65 |1076 |4091 |3948 | 947k|  2 | 288k|  17 | 0.000000e+00 |      --      |    Inf |  10.09%
  227m|215800 | 10141 |121720k| 564.0 |   630M |  65 |1076 |4097 |4153 | 947k|  1 | 288k|  17 | 0.000000e+00 |      --      |    Inf |  10.09%
  227m|215900 | 10130 |121779k| 564.0 |   630M |  65 |1076 |3994 |4025 | 947k|  0 | 288k|  17 | 0.000000e+00 |      --      |    Inf |  10.09%
  227m|216000 | 10141 |121838k| 564.1 |   631M |  65 |1076 |3952 |2935 | 948k|  2 | 288k|  17 | 0.000000e+00 |      --      |    Inf |  10.09%
  227m|216100 | 10137 |121885k| 564.0 |   631M |  65 |1076 |4064 |3288 | 948k|  2 | 288k|  17 | 0.000000e+00 |      --      |    Inf |  10.09%
 time | node  | left  |LP iter|LP it/n|mem/heur|mdpt |vars |cons |rows |cuts |sepa|confs|strbr|  dualbound   | primalbound  |  gap   | compl. 
  227m|216200 | 10135 |121944k| 564.0 |   631M |  65 |1076 |4087 |3881 | 948k|  2 | 288k|  17 | 0.000000e+00 |      --      |    Inf |  10.09%
  227m|216300 | 10191 |122025k| 564.1 |   631M |  65 |1076 |4075 |3894 | 948k|  1 | 288k|  17 | 0.000000e+00 |      --      |    Inf |  10.09%
  227m|216400 | 10198 |122076k| 564.1 |   631M |  65 |1076 |4173 |3909 | 949k|  1 | 288k|  17 | 0.000000e+00 |      --      |    Inf |  10.10%
  227m|216500 | 10202 |122141k| 564.2 |   631M |  65 |1076 |4276 |3879 | 949k|  0 | 289k|  17 | 0.000000e+00 |      --      |    Inf |  10.10%
  227m|216600 | 10218 |122198k| 564.2 |   631M |  65 |1076 |4384 |3890 | 949k|  0 | 289k|  17 | 0.000000e+00 |      --      |    Inf |  10.10%
  227m|216700 | 10225 |122248k| 564.1 |   631M |  65 |1076 |4481 |3896 | 949k|  0 | 289k|  17 | 0.000000e+00 |      --      |    Inf |  10.10%
  228m|216800 | 10237 |122294k| 564.1 |   631M |  65 |1076 |4587 |3899 | 949k|  1 | 289k|  17 | 0.000000e+00 |      --      |    Inf |  10.10%
  228m|216900 | 10237 |122352k| 564.1 |   631M |  65 |1076 |4688 |3890 | 949k|  1 | 289k|  17 | 0.000000e+00 |      --      |    Inf |  10.10%
  228m|217000 | 10256 |122406k| 564.1 |   631M |  65 |1076 |4738 |5004 | 949k|  1 | 289k|  17 | 0.000000e+00 |      --      |    Inf |  10.10%
  228m|217100 | 10238 |122458k| 564.1 |   631M |  65 |1076 |4798 |5004 | 949k|  0 | 289k|  17 | 0.000000e+00 |      --      |    Inf |  10.10%
  228m|217200 | 10238 |122525k| 564.1 |   631M |  65 |1076 |4630 |3945 | 949k|  2 | 289k|  17 | 0.000000e+00 |      --      |    Inf |  10.10%
  228m|217300 | 10241 |122589k| 564.1 |   631M |  65 |1076 |4536 |3195 | 949k|  2 | 290k|  17 | 0.000000e+00 |      --      |    Inf |  10.15%
  228m|217400 | 10238 |122637k| 564.1 |   631M |  65 |1076 |4627 |3267 | 949k|  0 | 290k|  17 | 0.000000e+00 |      --      |    Inf |  10.15%
  228m|217500 | 10234 |122702k| 564.1 |   631M |  65 |1076 |4662 |3781 | 950k|  2 | 290k|  17 | 0.000000e+00 |      --      |    Inf |  10.15%
  228m|217600 | 10225 |122762k| 564.2 |   631M |  65 |1076 |4562 |4166 | 950k|  1 | 290k|  17 | 0.000000e+00 |      --      |    Inf |  10.15%
 time | node  | left  |LP iter|LP it/n|mem/heur|mdpt |vars |cons |rows |cuts |sepa|confs|strbr|  dualbound   | primalbound  |  gap   | compl. 
  228m|217700 | 10228 |122813k| 564.1 |   631M |  65 |1076 |4594 |4604 | 950k|  0 | 290k|  17 | 0.000000e+00 |      --      |    Inf |  10.15%
  229m|217800 | 10246 |122875k| 564.2 |   631M |  65 |1076 |4620 |3673 | 950k|  1 | 290k|  17 | 0.000000e+00 |      --      |    Inf |  10.15%
  229m|217900 | 10225 |122934k| 564.2 |   631M |  65 |1076 |4734 |3172 | 950k|  2 | 290k|  17 | 0.000000e+00 |      --      |    Inf |  10.15%
  229m|218000 | 10223 |122981k| 564.1 |   631M |  65 |1076 |4647 |3944 | 951k|  1 | 291k|  17 | 0.000000e+00 |      --      |    Inf |  10.15%
  229m|218100 | 10226 |123027k| 564.1 |   631M |  65 |1076 |4580 |2479 | 951k|  0 | 291k|  17 | 0.000000e+00 |      --      |    Inf |  10.15%
  229m|218200 | 10245 |123097k| 564.1 |   631M |  65 |1076 |4559 |3953 | 951k|  2 | 291k|  17 | 0.000000e+00 |      --      |    Inf |  10.15%
  229m|218300 | 10245 |123174k| 564.2 |   631M |  65 |1076 |4572 |3236 | 951k|  2 | 291k|  17 | 0.000000e+00 |      --      |    Inf |  10.15%
  229m|218400 | 10239 |123241k| 564.3 |   631M |  65 |1076 |4662 |3356 | 952k|  2 | 291k|  17 | 0.000000e+00 |      --      |    Inf |  10.15%
  229m|218500 | 10230 |123311k| 564.3 |   631M |  65 |1076 |4574 |4617 | 952k|  0 | 291k|  17 | 0.000000e+00 |      --      |    Inf |  10.15%
  229m|218600 | 10240 |123385k| 564.4 |   631M |  65 |1076 |4624 |3701 | 952k|  0 | 291k|  17 | 0.000000e+00 |      --      |    Inf |  10.15%
  229m|218700 | 10243 |123444k| 564.4 |   631M |  65 |1076 |4669 |2675 | 952k|  2 | 292k|  17 | 0.000000e+00 |      --      |    Inf |  10.16%
  230m|218800 | 10234 |123510k| 564.5 |   631M |  65 |1076 |4566 |3815 | 952k|  2 | 292k|  17 | 0.000000e+00 |      --      |    Inf |  10.16%
  230m|218900 | 10226 |123568k| 564.5 |   631M |  65 |1076 |4354 |4153 | 952k|  1 | 292k|  17 | 0.000000e+00 |      --      |    Inf |  10.25%
  230m|219000 | 10228 |123623k| 564.5 |   631M |  65 |1076 |4455 |5167 | 952k|  0 | 292k|  17 | 0.000000e+00 |      --      |    Inf |  10.25%
  230m|219100 | 10234 |123677k| 564.5 |   631M |  65 |1076 |4503 |5193 | 953k|  1 | 292k|  17 | 0.000000e+00 |      --      |    Inf |  10.26%
 time | node  | left  |LP iter|LP it/n|mem/heur|mdpt |vars |cons |rows |cuts |sepa|confs|strbr|  dualbound   | primalbound  |  gap   | compl. 
  230m|219200 | 10222 |123726k| 564.4 |   631M |  65 |1076 |4500 |3761 | 953k|  0 | 292k|  17 | 0.000000e+00 |      --      |    Inf |  10.26%
  230m|219300 | 10230 |123781k| 564.4 |   631M |  65 |1076 |4420 |2774 | 953k|  2 | 293k|  17 | 0.000000e+00 |      --      |    Inf |  10.26%
  230m|219400 | 10234 |123853k| 564.5 |   631M |  65 |1076 |4373 |3904 | 954k|  0 | 293k|  17 | 0.000000e+00 |      --      |    Inf |  10.26%
  230m|219500 | 10226 |123922k| 564.6 |   631M |  65 |1076 |4408 |3240 | 954k|  2 | 293k|  17 | 0.000000e+00 |      --      |    Inf |  10.26%
  230m|219600 | 10228 |123990k| 564.6 |   631M |  65 |1076 |4304 |4256 | 954k|  1 | 293k|  17 | 0.000000e+00 |      --      |    Inf |  10.26%
  230m|219700 | 10219 |124036k| 564.6 |   631M |  65 |1076 |4185 |2643 | 955k|  2 | 293k|  17 | 0.000000e+00 |      --      |    Inf |  10.27%
  231m|219800 | 10225 |124101k| 564.6 |   631M |  65 |1076 |4111 |4350 | 955k|  1 | 293k|  17 | 0.000000e+00 |      --      |    Inf |  10.47%
  231m|219900 | 10218 |124150k| 564.6 |   631M |  65 |1076 |4218 |3262 | 955k|  0 | 293k|  17 | 0.000000e+00 |      --      |    Inf |  10.47%
  231m|220000 | 10217 |124209k| 564.6 |   631M |  65 |1076 |4239 |2722 | 956k|  2 | 293k|  17 | 0.000000e+00 |      --      |    Inf |  10.47%
  231m|220100 | 10222 |124277k| 564.6 |   631M |  65 |1076 |4182 |4922 | 956k|  1 | 294k|  17 | 0.000000e+00 |      --      |    Inf |  10.47%
  231m|220200 | 10248 |124337k| 564.6 |   631M |  65 |1076 |4257 |4930 | 956k|  1 | 294k|  17 | 0.000000e+00 |      --      |    Inf |  10.47%
  231m|220300 | 10246 |124398k| 564.7 |   631M |  65 |1076 |4416 |4920 | 956k|  1 | 294k|  17 | 0.000000e+00 |      --      |    Inf |  10.47%
  231m|220400 | 10260 |124463k| 564.7 |   631M |  65 |1076 |4523 |4924 | 956k|  1 | 294k|  17 | 0.000000e+00 |      --      |    Inf |  10.47%
  231m|220500 | 10270 |124538k| 564.8 |   631M |  65 |1076 |4588 |4921 | 956k|  1 | 294k|  17 | 0.000000e+00 |      --      |    Inf |  10.47%
  231m|220600 | 10267 |124590k| 564.8 |   631M |  65 |1076 |4689 |4922 | 956k|  1 | 294k|  17 | 0.000000e+00 |      --      |    Inf |  10.47%
 time | node  | left  |LP iter|LP it/n|mem/heur|mdpt |vars |cons |rows |cuts |sepa|confs|strbr|  dualbound   | primalbound  |  gap   | compl. 
  232m|220700 | 10270 |124645k| 564.8 |   631M |  65 |1076 |4672 |3817 | 956k|  1 | 295k|  17 | 0.000000e+00 |      --      |    Inf |  10.47%
  232m|220800 | 10265 |124700k| 564.8 |   631M |  65 |1076 |4540 |3907 | 957k|  2 | 295k|  17 | 0.000000e+00 |      --      |    Inf |  10.47%
  232m|220900 | 10265 |124743k| 564.7 |   631M |  65 |1076 |4600 |3154 | 957k|  0 | 295k|  17 | 0.000000e+00 |      --      |    Inf |  10.48%
  232m|221000 | 10267 |124800k| 564.7 |   631M |  65 |1076 |4544 |3605 | 957k|  0 | 295k|  17 | 0.000000e+00 |      --      |    Inf |  10.48%
  232m|221100 | 10272 |124865k| 564.7 |   631M |  65 |1076 |4313 |3998 | 958k|  1 | 295k|  17 | 0.000000e+00 |      --      |    Inf |  10.48%
  232m|221200 | 10282 |124924k| 564.7 |   631M |  65 |1076 |4342 |3789 | 958k|  1 | 295k|  17 | 0.000000e+00 |      --      |    Inf |  10.48%
  232m|221300 | 10303 |124984k| 564.8 |   631M |  65 |1076 |4434 |3811 | 958k|  0 | 295k|  17 | 0.000000e+00 |      --      |    Inf |  10.48%
  232m|221400 | 10295 |125046k| 564.8 |   632M |  65 |1076 |4564 |3806 | 958k|  0 | 295k|  17 | 0.000000e+00 |      --      |    Inf |  10.48%
  232m|221500 | 10280 |125109k| 564.8 |   633M |  65 |1076 |4671 |3832 | 958k|  0 | 296k|  17 | 0.000000e+00 |      --      |    Inf |  10.48%
  232m|221600 | 10278 |125165k| 564.8 |   633M |  65 |1076 |4752 |3588 | 958k|  2 | 296k|  17 | 0.000000e+00 |      --      |    Inf |  10.48%
  233m|221700 | 10276 |125219k| 564.8 |   633M |  65 |1076 |4843 |4008 | 958k|  0 | 296k|  17 | 0.000000e+00 |      --      |    Inf |  10.48%
  233m|221800 | 10279 |125269k| 564.8 |   633M |  65 |1076 |4831 |4248 | 958k|  1 | 296k|  17 | 0.000000e+00 |      --      |    Inf |  10.48%
  233m|221900 | 10274 |125317k| 564.7 |   633M |  65 |1076 |4825 |3168 | 958k|  0 | 296k|  17 | 0.000000e+00 |      --      |    Inf |  10.48%
  233m|222000 | 10262 |125384k| 564.8 |   633M |  65 |1076 |4695 |2821 | 959k|  2 | 296k|  17 | 0.000000e+00 |      --      |    Inf |  10.49%
  233m|222100 | 10281 |125444k| 564.8 |   633M |  65 |1076 |4694 |4250 | 959k|  1 | 296k|  17 | 0.000000e+00 |      --      |    Inf |  10.49%
 time | node  | left  |LP iter|LP it/n|mem/heur|mdpt |vars |cons |rows |cuts |sepa|confs|strbr|  dualbound   | primalbound  |  gap   | compl. 
  233m|222200 | 10285 |125499k| 564.8 |   633M |  65 |1076 |4776 |4121 | 959k|  1 | 297k|  17 | 0.000000e+00 |      --      |    Inf |  10.49%
  233m|222300 | 10285 |125558k| 564.8 |   633M |  65 |1076 |4837 |4130 | 959k|  1 | 297k|  17 | 0.000000e+00 |      --      |    Inf |  10.49%
  233m|222400 | 10261 |125614k| 564.8 |   633M |  65 |1076 |4735 |4406 | 959k|  2 | 297k|  17 | 0.000000e+00 |      --      |    Inf |  10.49%
  233m|222500 | 10256 |125667k| 564.8 |   634M |  65 |1076 |4655 |3744 | 959k|  2 | 297k|  17 | 0.000000e+00 |      --      |    Inf |  10.49%
  233m|222600 | 10256 |125732k| 564.8 |   634M |  65 |1076 |4532 |3929 | 959k|  1 | 297k|  17 | 0.000000e+00 |      --      |    Inf |  10.49%
  234m|222700 | 10257 |125792k| 564.8 |   634M |  65 |1076 |4473 |3772 | 960k|  0 | 297k|  17 | 0.000000e+00 |      --      |    Inf |  10.49%
  234m|222800 | 10244 |125844k| 564.8 |   634M |  65 |1076 |4435 |2402 | 960k|  2 | 297k|  17 | 0.000000e+00 |      --      |    Inf |  10.49%
  234m|222900 | 10244 |125917k| 564.9 |   634M |  65 |1076 |4297 |3035 | 961k|  2 | 297k|  17 | 0.000000e+00 |      --      |    Inf |  10.49%
  234m|223000 | 10258 |126006k| 565.0 |   634M |  65 |1076 |4348 |3202 | 961k|  0 | 298k|  17 | 0.000000e+00 |      --      |    Inf |  10.49%
  234m|223100 | 10256 |126075k| 565.1 |   634M |  65 |1076 |4432 |3047 | 962k|  2 | 298k|  17 | 0.000000e+00 |      --      |    Inf |  10.49%
  234m|223200 | 10263 |126148k| 565.2 |   634M |  65 |1076 |4468 |3401 | 963k|  0 | 298k|  17 | 0.000000e+00 |      --      |    Inf |  10.49%
  234m|223300 | 10249 |126207k| 565.2 |   634M |  65 |1076 |4559 |4074 | 963k|  0 | 298k|  17 | 0.000000e+00 |      --      |    Inf |  10.49%
  234m|223400 | 10253 |126261k| 565.2 |   634M |  65 |1076 |4578 |3110 | 963k|  0 | 298k|  17 | 0.000000e+00 |      --      |    Inf |  10.49%
  234m|223500 | 10255 |126320k| 565.2 |   634M |  65 |1076 |4586 |3862 | 963k|  0 | 298k|  17 | 0.000000e+00 |      --      |    Inf |  10.49%
  234m|223600 | 10264 |126366k| 565.1 |   634M |  65 |1076 |4603 |   0 | 964k|  0 | 299k|  17 | 0.000000e+00 |      --      |    Inf |  10.50%
 time | node  | left  |LP iter|LP it/n|mem/heur|mdpt |vars |cons |rows |cuts |sepa|confs|strbr|  dualbound   | primalbound  |  gap   | compl. 
  235m|223700 | 10247 |126421k| 565.1 |   634M |  65 |1076 |4642 |4001 | 964k|  1 | 299k|  17 | 0.000000e+00 |      --      |    Inf |  10.50%
  235m|223800 | 10264 |126489k| 565.2 |   634M |  65 |1076 |4725 |3110 | 964k|  2 | 299k|  17 | 0.000000e+00 |      --      |    Inf |  10.50%
  235m|223900 | 10278 |126547k| 565.2 |   634M |  65 |1076 |4713 |2779 | 965k|  2 | 299k|  17 | 0.000000e+00 |      --      |    Inf |  10.50%
  235m|224000 | 10282 |126613k| 565.2 |   634M |  65 |1076 |4799 |3476 | 965k|  2 | 299k|  17 | 0.000000e+00 |      --      |    Inf |  10.50%
  235m|224100 | 10280 |126667k| 565.2 |   634M |  65 |1076 |4877 |3498 | 965k|  0 | 299k|  17 | 0.000000e+00 |      --      |    Inf |  10.50%
  235m|224200 | 10288 |126722k| 565.2 |   634M |  65 |1076 |4914 |   0 | 966k|  0 | 299k|  17 | 0.000000e+00 |      --      |    Inf |  10.50%
  235m|224300 | 10280 |126779k| 565.2 |   634M |  65 |1076 |4846 |3082 | 966k|  0 | 299k|  17 | 0.000000e+00 |      --      |    Inf |  10.50%
  235m|224400 | 10284 |126847k| 565.3 |   634M |  65 |1076 |4907 |2768 | 967k|  0 | 300k|  17 | 0.000000e+00 |      --      |    Inf |  10.50%
  235m|224500 | 10297 |126920k| 565.3 |   634M |  65 |1076 |4887 |4218 | 968k|  1 | 300k|  17 | 0.000000e+00 |      --      |    Inf |  10.50%
  235m|224600 | 10304 |126966k| 565.3 |   634M |  65 |1076 |4918 |4805 | 968k|  0 | 300k|  17 | 0.000000e+00 |      --      |    Inf |  10.50%
  236m|224700 | 10299 |127012k| 565.2 |   634M |  65 |1076 |5054 |4804 | 968k|  0 | 300k|  17 | 0.000000e+00 |      --      |    Inf |  10.50%
  236m|224800 | 10298 |127061k| 565.2 |   634M |  65 |1076 |5177 |4223 | 968k|  0 | 300k|  17 | 0.000000e+00 |      --      |    Inf |  10.50%
  236m|224900 | 10293 |127131k| 565.3 |   634M |  65 |1076 |5176 |3086 | 969k|  0 | 300k|  17 | 0.000000e+00 |      --      |    Inf |  10.50%
  236m|225000 | 10294 |127190k| 565.3 |   634M |  65 |1076 |5085 |3757 | 969k|  2 | 300k|  17 | 0.000000e+00 |      --      |    Inf |  10.50%
  236m|225100 | 10311 |127232k| 565.2 |   634M |  65 |1076 |5165 |3782 | 969k|  2 | 300k|  17 | 0.000000e+00 |      --      |    Inf |  10.50%
 time | node  | left  |LP iter|LP it/n|mem/heur|mdpt |vars |cons |rows |cuts |sepa|confs|strbr|  dualbound   | primalbound  |  gap   | compl. 
  236m|225200 | 10318 |127280k| 565.2 |   634M |  65 |1076 |5282 |3780 | 969k|  0 | 301k|  17 | 0.000000e+00 |      --      |    Inf |  10.50%
  236m|225300 | 10320 |127329k| 565.1 |   635M |  65 |1076 |5408 |3790 | 969k|  1 | 301k|  17 | 0.000000e+00 |      --      |    Inf |  10.50%
  236m|225400 | 10313 |127385k| 565.1 |   635M |  65 |1076 |5361 |2741 | 969k|  2 | 301k|  17 | 0.000000e+00 |      --      |    Inf |  10.50%
  236m|225500 | 10305 |127441k| 565.1 |   635M |  65 |1076 |5264 |3274 | 970k|  0 | 301k|  17 | 0.000000e+00 |      --      |    Inf |  10.50%
  236m|225600 | 10288 |127491k| 565.1 |   635M |  65 |1076 |5035 |4266 | 970k|  0 | 301k|  17 | 0.000000e+00 |      --      |    Inf |  10.50%
  236m|225700 | 10302 |127551k| 565.1 |   635M |  65 |1076 |5020 |4214 | 970k|  0 | 301k|  17 | 0.000000e+00 |      --      |    Inf |  10.50%
  237m|225800 | 10296 |127598k| 565.1 |   635M |  65 |1076 |4987 |3244 | 970k|  0 | 301k|  17 | 0.000000e+00 |      --      |    Inf |  10.50%
  237m|225900 | 10300 |127671k| 565.2 |   635M |  65 |1076 |4941 |4360 | 971k|  0 | 302k|  17 | 0.000000e+00 |      --      |    Inf |  10.50%
  237m|226000 | 10292 |127721k| 565.1 |   635M |  65 |1076 |4773 |4601 | 971k|  0 | 302k|  17 | 0.000000e+00 |      --      |    Inf |  10.51%
  237m|226100 | 10299 |127779k| 565.1 |   635M |  65 |1076 |4646 |4342 | 971k|  1 | 302k|  17 | 0.000000e+00 |      --      |    Inf |  10.51%
  237m|226200 | 10305 |127812k| 565.0 |   635M |  65 |1076 |4669 |   0 | 971k|  0 | 302k|  17 | 0.000000e+00 |      --      |    Inf |  10.51%
  237m|226300 | 10290 |127848k| 564.9 |   635M |  65 |1076 |4644 |2739 | 971k|  2 | 302k|  17 | 0.000000e+00 |      --      |    Inf |  10.51%
  237m|226400 | 10296 |127905k| 564.9 |   635M |  65 |1076 |4695 |3797 | 971k|  1 | 302k|  17 | 0.000000e+00 |      --      |    Inf |  10.51%
  237m|226500 | 10302 |127952k| 564.9 |   635M |  65 |1076 |4774 |3733 | 971k|  1 | 302k|  17 | 0.000000e+00 |      --      |    Inf |  10.51%
  237m|226600 | 10301 |128014k| 564.9 |   635M |  65 |1076 |4883 |3965 | 972k|  1 | 302k|  17 | 0.000000e+00 |      --      |    Inf |  10.51%
 time | node  | left  |LP iter|LP it/n|mem/heur|mdpt |vars |cons |rows |cuts |sepa|confs|strbr|  dualbound   | primalbound  |  gap   | compl. 
  237m|226700 | 10305 |128076k| 564.9 |   636M |  65 |1076 |4666 |3472 | 972k|  0 | 303k|  17 | 0.000000e+00 |      --      |    Inf |  10.68%
  237m|226800 | 10312 |128139k| 565.0 |   636M |  65 |1076 |4484 |4256 | 972k|  1 | 303k|  17 | 0.000000e+00 |      --      |    Inf |  10.68%
  238m|226900 | 10324 |128198k| 565.0 |   636M |  65 |1076 |4433 |3751 | 972k|  0 | 303k|  17 | 0.000000e+00 |      --      |    Inf |  10.68%
  238m|227000 | 10330 |128270k| 565.1 |   636M |  65 |1076 |4382 |2856 | 974k|  3 | 303k|  17 | 0.000000e+00 |      --      |    Inf |  10.70%
  238m|227100 | 10329 |128343k| 565.1 |   636M |  65 |1076 |4311 |2841 | 975k|  2 | 303k|  17 | 0.000000e+00 |      --      |    Inf |  10.70%
  238m|227200 | 10347 |128431k| 565.3 |   636M |  65 |1076 |4317 |3006 | 976k|  0 | 303k|  17 | 0.000000e+00 |      --      |    Inf |  10.71%
  238m|227300 | 10340 |128495k| 565.3 |   636M |  65 |1076 |4415 |3096 | 977k|  0 | 303k|  17 | 0.000000e+00 |      --      |    Inf |  10.72%
  238m|227400 | 10339 |128551k| 565.3 |   636M |  65 |1076 |4504 |2990 | 977k|  2 | 303k|  17 | 0.000000e+00 |      --      |    Inf |  10.72%
  238m|227500 | 10331 |128623k| 565.4 |   636M |  65 |1076 |4439 |4162 | 978k|  1 | 304k|  17 | 0.000000e+00 |      --      |    Inf |  10.72%
  238m|227600 | 10337 |128698k| 565.4 |   636M |  65 |1076 |4461 |2889 | 979k|  2 | 304k|  17 | 0.000000e+00 |      --      |    Inf |  10.75%
  238m|227700 | 10345 |128752k| 565.4 |   636M |  65 |1076 |4568 |2964 | 979k|  0 | 304k|  17 | 0.000000e+00 |      --      |    Inf |  10.75%
  239m|227800 | 10332 |128821k| 565.5 |   636M |  65 |1076 |4466 |3667 | 980k|  0 | 304k|  17 | 0.000000e+00 |      --      |    Inf |  10.96%
  239m|227900 | 10315 |128876k| 565.5 |   636M |  65 |1076 |4397 |4588 | 980k|  0 | 304k|  17 | 0.000000e+00 |      --      |    Inf |  10.97%
  239m|228000 | 10335 |128946k| 565.5 |   636M |  65 |1076 |4435 |3995 | 980k|  1 | 304k|  17 | 0.000000e+00 |      --      |    Inf |  10.97%
  239m|228100 | 10364 |129018k| 565.6 |   636M |  65 |1076 |4465 |4699 | 980k|  1 | 304k|  17 | 0.000000e+00 |      --      |    Inf |  10.97%
 time | node  | left  |LP iter|LP it/n|mem/heur|mdpt |vars |cons |rows |cuts |sepa|confs|strbr|  dualbound   | primalbound  |  gap   | compl. 
  239m|228200 | 10394 |129076k| 565.6 |   636M |  65 |1076 |4575 |4701 | 980k|  2 | 305k|  17 | 0.000000e+00 |      --      |    Inf |  10.97%
  239m|228300 | 10401 |129133k| 565.6 |   636M |  65 |1076 |4628 |4016 | 980k|  1 | 305k|  17 | 0.000000e+00 |      --      |    Inf |  10.98%
  239m|228400 | 10419 |129183k| 565.6 |   636M |  65 |1076 |4707 |3766 | 980k|  2 | 305k|  17 | 0.000000e+00 |      --      |    Inf |  10.98%
  239m|228500 | 10416 |129241k| 565.6 |   636M |  65 |1076 |4796 |3757 | 980k|  0 | 305k|  17 | 0.000000e+00 |      --      |    Inf |  10.98%
  239m|228600 | 10426 |129297k| 565.6 |   636M |  65 |1076 |4930 |   0 | 980k|  0 | 305k|  17 | 0.000000e+00 |      --      |    Inf |  10.98%
  239m|228700 | 10418 |129355k| 565.6 |   636M |  65 |1076 |5051 |3778 | 980k|  0 | 305k|  17 | 0.000000e+00 |      --      |    Inf |  10.98%
  240m|228800 | 10416 |129417k| 565.6 |   636M |  65 |1076 |5171 |3781 | 981k|  0 | 305k|  17 | 0.000000e+00 |      --      |    Inf |  10.98%
  240m|228900 | 10401 |129483k| 565.7 |   636M |  65 |1076 |5294 |3753 | 981k|  0 | 306k|  17 | 0.000000e+00 |      --      |    Inf |  10.98%
  240m|229000 | 10416 |129542k| 565.7 |   636M |  65 |1076 |5231 |3771 | 981k|  0 | 306k|  17 | 0.000000e+00 |      --      |    Inf |  10.98%
  240m|229100 | 10414 |129603k| 565.7 |   636M |  65 |1076 |5384 |   0 | 981k|  0 | 306k|  17 | 0.000000e+00 |      --      |    Inf |  10.98%
  240m|229200 | 10417 |129668k| 565.7 |   636M |  65 |1076 |5471 |   0 | 981k|  0 | 306k|  17 | 0.000000e+00 |      --      |    Inf |  10.98%
  240m|229300 | 10416 |129727k| 565.7 |   636M |  65 |1076 |5594 |3772 | 981k|  1 | 306k|  17 | 0.000000e+00 |      --      |    Inf |  10.98%
  240m|229400 | 10413 |129778k| 565.7 |   636M |  65 |1076 |5612 |3773 | 981k|  0 | 306k|  17 | 0.000000e+00 |      --      |    Inf |  10.98%
  240m|229500 | 10402 |129845k| 565.8 |   636M |  65 |1076 |5478 |2557 | 981k|  2 | 306k|  17 | 0.000000e+00 |      --      |    Inf |  10.98%
  240m|229600 | 10397 |129920k| 565.8 |   636M |  65 |1076 |5431 |4285 | 982k|  2 | 307k|  17 | 0.000000e+00 |      --      |    Inf |  10.98%
 time | node  | left  |LP iter|LP it/n|mem/heur|mdpt |vars |cons |rows |cuts |sepa|confs|strbr|  dualbound   | primalbound  |  gap   | compl. 
  241m|229700 | 10405 |129981k| 565.9 |   637M |  65 |1076 |5482 |2807 | 982k|  2 | 307k|  17 | 0.000000e+00 |      --      |    Inf |  10.98%
  241m|229800 | 10393 |130033k| 565.8 |   637M |  65 |1076 |5379 |3623 | 983k|  0 | 307k|  17 | 0.000000e+00 |      --      |    Inf |  10.98%
  241m|229900 | 10415 |130107k| 565.9 |   637M |  65 |1076 |5273 |3201 | 983k|  1 | 307k|  17 | 0.000000e+00 |      --      |    Inf |  10.98%
  241m|230000 | 10410 |130149k| 565.9 |   637M |  65 |1076 |5253 |2695 | 983k|  0 | 307k|  17 | 0.000000e+00 |      --      |    Inf |  10.98%
  241m|230100 | 10426 |130205k| 565.9 |   637M |  65 |1076 |5139 |2808 | 984k|  2 | 307k|  17 | 0.000000e+00 |      --      |    Inf |  10.98%
  241m|230200 | 10419 |130257k| 565.8 |   637M |  65 |1076 |5101 |3974 | 984k|  0 | 307k|  17 | 0.000000e+00 |      --      |    Inf |  10.98%
  241m|230300 | 10431 |130320k| 565.9 |   637M |  65 |1076 |5067 |3863 | 984k|  1 | 307k|  17 | 0.000000e+00 |      --      |    Inf |  10.98%
  241m|230400 | 10439 |130367k| 565.8 |   637M |  65 |1076 |5145 |3866 | 984k|  1 | 307k|  17 | 0.000000e+00 |      --      |    Inf |  10.98%
  241m|230500 | 10437 |130438k| 565.9 |   637M |  65 |1076 |5279 |3887 | 984k|  0 | 308k|  17 | 0.000000e+00 |      --      |    Inf |  10.98%
  241m|230600 | 10438 |130504k| 565.9 |   637M |  65 |1076 |5388 |   0 | 985k|  0 | 308k|  17 | 0.000000e+00 |      --      |    Inf |  10.98%
  241m|230700 | 10448 |130567k| 566.0 |   637M |  65 |1076 |5479 |3894 | 985k|  0 | 308k|  17 | 0.000000e+00 |      --      |    Inf |  10.98%
  242m|230800 | 10442 |130630k| 566.0 |   637M |  65 |1076 |5600 |3898 | 985k|  1 | 308k|  17 | 0.000000e+00 |      --      |    Inf |  10.98%
  242m|230900 | 10437 |130687k| 566.0 |   637M |  65 |1076 |5623 |3884 | 985k|  2 | 308k|  17 | 0.000000e+00 |      --      |    Inf |  10.98%
  242m|231000 | 10436 |130752k| 566.0 |   637M |  65 |1076 |5604 |3873 | 985k|  1 | 308k|  17 | 0.000000e+00 |      --      |    Inf |  10.98%
  242m|231100 | 10433 |130818k| 566.1 |   637M |  65 |1076 |5647 |3871 | 985k|  2 | 308k|  17 | 0.000000e+00 |      --      |    Inf |  10.98%
 time | node  | left  |LP iter|LP it/n|mem/heur|mdpt |vars |cons |rows |cuts |sepa|confs|strbr|  dualbound   | primalbound  |  gap   | compl. 
  242m|231200 | 10444 |130894k| 566.1 |   637M |  65 |1076 |5757 |3870 | 985k|  1 | 308k|  17 | 0.000000e+00 |      --      |    Inf |  10.98%
  242m|231300 | 10448 |130947k| 566.1 |   637M |  65 |1076 |5828 |3865 | 985k|  2 | 309k|  17 | 0.000000e+00 |      --      |    Inf |  10.98%
  242m|231400 | 10445 |131014k| 566.2 |   637M |  65 |1076 |5939 |3874 | 985k|  0 | 309k|  17 | 0.000000e+00 |      --      |    Inf |  10.98%
  242m|231500 | 10436 |131076k| 566.2 |   637M |  65 |1076 |6034 |   0 | 985k|  0 | 309k|  17 | 0.000000e+00 |      --      |    Inf |  10.98%
  243m|231600 | 10431 |131140k| 566.2 |   637M |  65 |1076 |5994 |3864 | 985k|  0 | 309k|  17 | 0.000000e+00 |      --      |    Inf |  10.98%
  243m|231700 | 10455 |131231k| 566.4 |   637M |  65 |1076 |6060 |3879 | 985k|  0 | 309k|  17 | 0.000000e+00 |      --      |    Inf |  10.98%
  243m|231800 | 10446 |131302k| 566.4 |   637M |  65 |1076 |6170 |3870 | 985k|  0 | 309k|  17 | 0.000000e+00 |      --      |    Inf |  10.98%
  243m|231900 | 10443 |131378k| 566.5 |   637M |  65 |1076 |6177 |   0 | 985k|  0 | 309k|  17 | 0.000000e+00 |      --      |    Inf |  10.98%
  243m|232000 | 10438 |131448k| 566.6 |   637M |  65 |1076 |6095 |   0 | 985k|  0 | 309k|  17 | 0.000000e+00 |      --      |    Inf |  10.98%
  243m|232100 | 10436 |131515k| 566.6 |   637M |  65 |1076 |6002 |3869 | 985k|  2 | 309k|  17 | 0.000000e+00 |      --      |    Inf |  10.98%
  243m|232200 | 10441 |131572k| 566.6 |   637M |  65 |1076 |6050 |   0 | 986k|  0 | 310k|  17 | 0.000000e+00 |      --      |    Inf |  10.98%
  243m|232300 | 10441 |131629k| 566.6 |   637M |  65 |1076 |6131 |3874 | 986k|  1 | 310k|  17 | 0.000000e+00 |      --      |    Inf |  10.98%
  244m|232400 | 10434 |131681k| 566.6 |   637M |  65 |1076 |5942 |3184 | 986k|  2 | 310k|  17 | 0.000000e+00 |      --      |    Inf |  10.98%
  244m|232500 | 10423 |131746k| 566.6 |   637M |  65 |1076 |5810 |4183 | 986k|  0 | 310k|  17 | 0.000000e+00 |      --      |    Inf |  10.98%
  244m|232600 | 10430 |131808k| 566.7 |   637M |  65 |1076 |5655 |3849 | 987k|  1 | 310k|  17 | 0.000000e+00 |      --      |    Inf |  10.98%
 time | node  | left  |LP iter|LP it/n|mem/heur|mdpt |vars |cons |rows |cuts |sepa|confs|strbr|  dualbound   | primalbound  |  gap   | compl. 
  244m|232700 | 10452 |131861k| 566.7 |   637M |  65 |1076 |5672 |3487 | 987k|  0 | 310k|  17 | 0.000000e+00 |      --      |    Inf |  10.98%
  244m|232800 | 10446 |131919k| 566.7 |   637M |  65 |1076 |5431 |3950 | 987k|  2 | 310k|  17 | 0.000000e+00 |      --      |    Inf |  10.99%
  244m|232900 | 10452 |131978k| 566.7 |   637M |  65 |1076 |5325 |3938 | 987k|  2 | 310k|  17 | 0.000000e+00 |      --      |    Inf |  10.99%
  244m|233000 | 10460 |132031k| 566.7 |   637M |  65 |1076 |5309 |3953 | 988k|  2 | 310k|  17 | 0.000000e+00 |      --      |    Inf |  11.00%
  244m|233100 | 10466 |132115k| 566.8 |   639M |  65 |1076 |5096 |2427 | 989k|  2 | 311k|  17 | 0.000000e+00 |      --      |    Inf |  11.00%
  244m|233200 | 10474 |132175k| 566.8 |   639M |  65 |1076 |5098 |3748 | 991k|  1 | 311k|  17 | 0.000000e+00 |      --      |    Inf |  11.00%
  244m|233300 | 10476 |132230k| 566.8 |   639M |  65 |1076 |5083 |2979 | 991k|  2 | 311k|  17 | 0.000000e+00 |      --      |    Inf |  11.01%
  244m|233400 | 10471 |132284k| 566.8 |   639M |  65 |1076 |4784 |2997 | 991k|  2 | 311k|  17 | 0.000000e+00 |      --      |    Inf |  11.01%
  245m|233500 | 10464 |132351k| 566.8 |   639M |  65 |1076 |4659 |3462 | 992k|  2 | 311k|  17 | 0.000000e+00 |      --      |    Inf |  11.01%
  245m|233600 | 10473 |132405k| 566.8 |   639M |  65 |1076 |4592 |3431 | 992k|  0 | 311k|  17 | 0.000000e+00 |      --      |    Inf |  11.01%
  245m|233700 | 10480 |132448k| 566.7 |   639M |  65 |1076 |4571 |   0 | 993k|  0 | 311k|  17 | 0.000000e+00 |      --      |    Inf |  11.01%
  245m|233800 | 10482 |132493k| 566.7 |   639M |  65 |1076 |4619 |4998 | 993k|  0 | 312k|  17 | 0.000000e+00 |      --      |    Inf |  11.01%
  245m|233900 | 10476 |132531k| 566.6 |   639M |  65 |1076 |4677 |   0 | 993k|  0 | 312k|  17 | 0.000000e+00 |      --      |    Inf |  11.01%
  245m|234000 | 10484 |132576k| 566.6 |   639M |  65 |1076 |4753 |3430 | 994k|  1 | 312k|  17 | 0.000000e+00 |      --      |    Inf |  11.01%
  245m|234100 | 10480 |132614k| 566.5 |   639M |  65 |1076 |4828 |   0 | 994k|  0 | 312k|  17 | 0.000000e+00 |      --      |    Inf |  11.01%
 time | node  | left  |LP iter|LP it/n|mem/heur|mdpt |vars |cons |rows |cuts |sepa|confs|strbr|  dualbound   | primalbound  |  gap   | compl. 
  245m|234200 | 10481 |132671k| 566.5 |   639M |  65 |1076 |4870 |   0 | 994k|  0 | 312k|  17 | 0.000000e+00 |      --      |    Inf |  11.01%
  245m|234300 | 10489 |132714k| 566.4 |   639M |  65 |1076 |4906 |3450 | 995k|  2 | 312k|  17 | 0.000000e+00 |      --      |    Inf |  11.01%
  245m|234400 | 10485 |132754k| 566.4 |   639M |  65 |1076 |4860 |3639 | 995k|  2 | 312k|  17 | 0.000000e+00 |      --      |    Inf |  11.01%
  245m|234500 | 10482 |132825k| 566.4 |   639M |  65 |1076 |4970 |4735 | 995k|  1 | 312k|  17 | 0.000000e+00 |      --      |    Inf |  11.01%
  245m|234600 | 10490 |132887k| 566.4 |   639M |  65 |1076 |5116 |4734 | 995k|  0 | 313k|  17 | 0.000000e+00 |      --      |    Inf |  11.01%
  246m|234700 | 10475 |132942k| 566.4 |   639M |  65 |1076 |4942 |4921 | 995k|  0 | 313k|  17 | 0.000000e+00 |      --      |    Inf |  11.01%
  246m|234800 | 10482 |132993k| 566.4 |   639M |  65 |1076 |4814 |4162 | 996k|  1 | 313k|  17 | 0.000000e+00 |      --      |    Inf |  11.01%
  246m|234900 | 10480 |133061k| 566.4 |   639M |  65 |1076 |4838 |4268 | 996k|  0 | 313k|  17 | 0.000000e+00 |      --      |    Inf |  11.01%
  246m|235000 | 10497 |133117k| 566.4 |   639M |  65 |1076 |4782 |4270 | 996k|  1 | 313k|  17 | 0.000000e+00 |      --      |    Inf |  11.01%
  246m|235100 | 10501 |133175k| 566.5 |   639M |  65 |1076 |4721 |4641 | 996k|  1 | 313k|  17 | 0.000000e+00 |      --      |    Inf |  11.01%
  246m|235200 | 10508 |133243k| 566.5 |   639M |  65 |1076 |4688 |2747 | 996k|  2 | 313k|  17 | 0.000000e+00 |      --      |    Inf |  11.02%
  246m|235300 | 10521 |133327k| 566.6 |   639M |  65 |1076 |4768 |4088 | 998k|  0 | 313k|  17 | 0.000000e+00 |      --      |    Inf |  11.02%
  246m|235400 | 10537 |133403k| 566.7 |   639M |  65 |1076 |4739 |3160 | 998k|  2 | 314k|  17 | 0.000000e+00 |      --      |    Inf |  11.02%
  246m|235500 | 10525 |133457k| 566.7 |   639M |  65 |1076 |4795 |2619 | 999k|  0 | 314k|  17 | 0.000000e+00 |      --      |    Inf |  11.02%
  246m|235600 | 10531 |133516k| 566.7 |   639M |  65 |1076 |4837 |2959 | 999k|  0 | 314k|  17 | 0.000000e+00 |      --      |    Inf |  11.02%
 time | node  | left  |LP iter|LP it/n|mem/heur|mdpt |vars |cons |rows |cuts |sepa|confs|strbr|  dualbound   | primalbound  |  gap   | compl. 
  247m|235700 | 10530 |133578k| 566.7 |   639M |  65 |1076 |4905 |3674 | 999k|  0 | 314k|  17 | 0.000000e+00 |      --      |    Inf |  11.02%
  247m|235800 | 10525 |133624k| 566.7 |   639M |  65 |1076 |4940 |3915 |1000k|  0 | 314k|  17 | 0.000000e+00 |      --      |    Inf |  11.02%
  247m|235900 | 10516 |133667k| 566.6 |   639M |  65 |1076 |4853 |4759 |1000k|  0 | 314k|  17 | 0.000000e+00 |      --      |    Inf |  11.02%
  247m|236000 | 10529 |133725k| 566.6 |   639M |  65 |1076 |4726 |3531 |1000k|  2 | 314k|  17 | 0.000000e+00 |      --      |    Inf |  11.02%
  247m|236100 | 10533 |133784k| 566.6 |   639M |  65 |1076 |4691 |2618 |1001k|  0 | 315k|  17 | 0.000000e+00 |      --      |    Inf |  11.02%
  247m|236200 | 10526 |133847k| 566.7 |   639M |  65 |1076 |4705 |4206 |1002k|  0 | 315k|  17 | 0.000000e+00 |      --      |    Inf |  11.02%
  247m|236300 | 10515 |133903k| 566.7 |   639M |  65 |1076 |4641 |3554 |1002k|  2 | 315k|  17 | 0.000000e+00 |      --      |    Inf |  11.02%
  247m|236400 | 10518 |133977k| 566.7 |   639M |  65 |1076 |4645 |3909 |1002k|  2 | 315k|  17 | 0.000000e+00 |      --      |    Inf |  11.02%
  247m|236500 | 10518 |134027k| 566.7 |   639M |  65 |1076 |4603 |3917 |1002k|  1 | 315k|  17 | 0.000000e+00 |      --      |    Inf |  11.02%
  247m|236600 | 10514 |134086k| 566.7 |   639M |  65 |1076 |4715 |4258 |1002k|  1 | 315k|  17 | 0.000000e+00 |      --      |    Inf |  11.02%
  248m|236700 | 10512 |134147k| 566.7 |   639M |  65 |1076 |4756 |3723 |1003k|  2 | 316k|  17 | 0.000000e+00 |      --      |    Inf |  11.02%
  248m|236800 | 10520 |134211k| 566.8 |   639M |  65 |1076 |4813 |3964 |1003k|  1 | 316k|  17 | 0.000000e+00 |      --      |    Inf |  11.02%
  248m|236900 | 10516 |134290k| 566.9 |   639M |  65 |1076 |4910 |   0 |1003k|  0 | 316k|  17 | 0.000000e+00 |      --      |    Inf |  11.02%
  248m|237000 | 10501 |134352k| 566.9 |   639M |  65 |1076 |4696 |4474 |1003k|  1 | 316k|  17 | 0.000000e+00 |      --      |    Inf |  11.02%
  248m|237100 | 10493 |134404k| 566.9 |   639M |  65 |1076 |4708 |4397 |1004k|  0 | 316k|  17 | 0.000000e+00 |      --      |    Inf |  11.02%
 time | node  | left  |LP iter|LP it/n|mem/heur|mdpt |vars |cons |rows |cuts |sepa|confs|strbr|  dualbound   | primalbound  |  gap   | compl. 
  248m|237200 | 10497 |134463k| 566.9 |   639M |  65 |1076 |4803 |4339 |1004k|  0 | 316k|  17 | 0.000000e+00 |      --      |    Inf |  11.02%
  248m|237300 | 10493 |134519k| 566.9 |   639M |  65 |1076 |4866 |3387 |1004k|  1 | 316k|  17 | 0.000000e+00 |      --      |    Inf |  11.02%
  248m|237400 | 10489 |134583k| 566.9 |   639M |  65 |1076 |4763 |2944 |1004k|  2 | 317k|  17 | 0.000000e+00 |      --      |    Inf |  11.02%
  248m|237500 | 10498 |134649k| 566.9 |   639M |  65 |1076 |4687 |2719 |1005k|  2 | 317k|  17 | 0.000000e+00 |      --      |    Inf |  11.03%
  248m|237600 | 10495 |134698k| 566.9 |   639M |  65 |1076 |4804 |2733 |1005k|  2 | 317k|  17 | 0.000000e+00 |      --      |    Inf |  11.03%
  249m|237700 | 10503 |134758k| 566.9 |   639M |  65 |1076 |4711 |3567 |1005k|  2 | 317k|  17 | 0.000000e+00 |      --      |    Inf |  11.03%
  249m|237800 | 10519 |134816k| 566.9 |   639M |  65 |1076 |4720 |2562 |1006k|  0 | 317k|  17 | 0.000000e+00 |      --      |    Inf |  11.03%
  249m|237900 | 10532 |134883k| 567.0 |   639M |  65 |1076 |4773 |2738 |1008k|  2 | 317k|  17 | 0.000000e+00 |      --      |    Inf |  11.03%
  249m|238000 | 10527 |134938k| 567.0 |   639M |  65 |1076 |4865 |2568 |1009k|  2 | 317k|  17 | 0.000000e+00 |      --      |    Inf |  11.03%
  249m|238100 | 10537 |135007k| 567.0 |   639M |  65 |1076 |4898 |2527 |1010k|  2 | 318k|  17 | 0.000000e+00 |      --      |    Inf |  11.03%
  249m|238200 | 10542 |135071k| 567.0 |   639M |  65 |1076 |4934 |2913 |1011k|  0 | 318k|  17 | 0.000000e+00 |      --      |    Inf |  11.03%
  249m|238300 | 10540 |135129k| 567.0 |   640M |  65 |1076 |4706 |4230 |1012k|  1 | 318k|  17 | 0.000000e+00 |      --      |    Inf |  11.06%
  249m|238400 | 10547 |135187k| 567.1 |   640M |  65 |1076 |4599 |4160 |1012k|  0 | 318k|  17 | 0.000000e+00 |      --      |    Inf |  11.06%
  249m|238500 | 10546 |135246k| 567.1 |   640M |  65 |1076 |4387 |4392 |1013k|  1 | 318k|  17 | 0.000000e+00 |      --      |    Inf |  11.06%
  249m|238600 | 10546 |135307k| 567.1 |   640M |  65 |1076 |4289 |3383 |1013k|  0 | 318k|  17 | 0.000000e+00 |      --      |    Inf |  11.06%
 time | node  | left  |LP iter|LP it/n|mem/heur|mdpt |vars |cons |rows |cuts |sepa|confs|strbr|  dualbound   | primalbound  |  gap   | compl. 
  249m|238700 | 10544 |135366k| 567.1 |   640M |  65 |1076 |4356 |3424 |1013k|  0 | 318k|  17 | 0.000000e+00 |      --      |    Inf |  11.06%
  250m|238800 | 10546 |135426k| 567.1 |   640M |  65 |1076 |4446 |3446 |1014k|  0 | 318k|  17 | 0.000000e+00 |      --      |    Inf |  11.06%
  250m|238900 | 10545 |135496k| 567.2 |   640M |  65 |1076 |4516 |3411 |1014k|  0 | 319k|  17 | 0.000000e+00 |      --      |    Inf |  11.06%
  250m|239000 | 10541 |135566k| 567.2 |   640M |  65 |1076 |4576 |3321 |1014k|  2 | 319k|  17 | 0.000000e+00 |      --      |    Inf |  11.06%
  250m|239100 | 10551 |135610k| 567.2 |   640M |  65 |1076 |4543 |4260 |1015k|  0 | 319k|  17 | 0.000000e+00 |      --      |    Inf |  11.06%
  250m|239200 | 10552 |135666k| 567.2 |   640M |  65 |1076 |4635 |   0 |1015k|  0 | 319k|  17 | 0.000000e+00 |      --      |    Inf |  11.06%
  250m|239300 | 10549 |135717k| 567.1 |   640M |  65 |1076 |4751 |4256 |1015k|  1 | 319k|  17 | 0.000000e+00 |      --      |    Inf |  11.06%
  250m|239400 | 10538 |135768k| 567.1 |   640M |  65 |1076 |4724 |4359 |1015k|  0 | 319k|  17 | 0.000000e+00 |      --      |    Inf |  11.06%
  250m|239500 | 10544 |135820k| 567.1 |   640M |  65 |1076 |4536 |2937 |1015k|  2 | 319k|  17 | 0.000000e+00 |      --      |    Inf |  11.07%
  250m|239600 | 10570 |135918k| 567.3 |   640M |  65 |1076 |4425 |3339 |1016k|  0 | 320k|  17 | 0.000000e+00 |      --      |    Inf |  11.07%
  250m|239700 | 10576 |135990k| 567.3 |   640M |  65 |1076 |4567 |3412 |1016k|  2 | 320k|  17 | 0.000000e+00 |      --      |    Inf |  11.07%
  251m|239800 | 10571 |136040k| 567.3 |   640M |  65 |1076 |4579 |4094 |1017k|  0 | 320k|  17 | 0.000000e+00 |      --      |    Inf |  11.07%
  251m|239900 | 10598 |136099k| 567.3 |   640M |  65 |1076 |4518 |4622 |1017k|  2 | 320k|  17 | 0.000000e+00 |      --      |    Inf |  11.07%
  251m|240000 | 10600 |136142k| 567.3 |   640M |  65 |1076 |4652 |4621 |1017k|  2 | 320k|  17 | 0.000000e+00 |      --      |    Inf |  11.07%
  251m|240100 | 10597 |136208k| 567.3 |   641M |  65 |1076 |4704 |4110 |1017k|  1 | 320k|  17 | 0.000000e+00 |      --      |    Inf |  11.07%
 time | node  | left  |LP iter|LP it/n|mem/heur|mdpt |vars |cons |rows |cuts |sepa|confs|strbr|  dualbound   | primalbound  |  gap   | compl. 
  251m|240200 | 10584 |136261k| 567.3 |   641M |  65 |1076 |4621 |5182 |1017k|  1 | 320k|  17 | 0.000000e+00 |      --      |    Inf |  11.07%
  251m|240300 | 10593 |136325k| 567.3 |   641M |  65 |1076 |4538 |3641 |1018k|  2 | 321k|  17 | 0.000000e+00 |      --      |    Inf |  11.07%
  251m|240400 | 10590 |136388k| 567.3 |   641M |  65 |1076 |4621 |2578 |1018k|  3 | 321k|  17 | 0.000000e+00 |      --      |    Inf |  11.07%
  251m|240500 | 10593 |136438k| 567.3 |   641M |  65 |1076 |4564 |4860 |1018k|  1 | 321k|  17 | 0.000000e+00 |      --      |    Inf |  11.07%
  251m|240600 | 10598 |136489k| 567.3 |   641M |  65 |1076 |4535 |3097 |1018k|  0 | 321k|  17 | 0.000000e+00 |      --      |    Inf |  11.07%
  251m|240700 | 10596 |136558k| 567.3 |   641M |  65 |1076 |4580 |4461 |1018k|  0 | 321k|  17 | 0.000000e+00 |      --      |    Inf |  11.08%
  252m|240800 | 10583 |136622k| 567.4 |   641M |  65 |1076 |4511 |3376 |1019k|  0 | 321k|  17 | 0.000000e+00 |      --      |    Inf |  11.08%
  252m|240900 | 10584 |136681k| 567.4 |   642M |  65 |1076 |4605 |4941 |1019k|  1 | 321k|  17 | 0.000000e+00 |      --      |    Inf |  11.08%
  252m|241000 | 10597 |136762k| 567.5 |   644M |  65 |1076 |4611 |3373 |1019k|  2 | 322k|  17 | 0.000000e+00 |      --      |    Inf |  11.08%
  252m|241100 | 10598 |136820k| 567.5 |   644M |  65 |1076 |4682 |3426 |1019k|  0 | 322k|  17 | 0.000000e+00 |      --      |    Inf |  11.08%
  252m|241200 | 10597 |136876k| 567.5 |   644M |  65 |1076 |4742 |4097 |1020k|  0 | 322k|  17 | 0.000000e+00 |      --      |    Inf |  11.08%
  252m|241300 | 10605 |136929k| 567.5 |   644M |  65 |1076 |4791 |   0 |1020k|  0 | 322k|  17 | 0.000000e+00 |      --      |    Inf |  11.08%
  252m|241400 | 10599 |136978k| 567.4 |   644M |  65 |1076 |4894 |4103 |1020k|  0 | 322k|  17 | 0.000000e+00 |      --      |    Inf |  11.08%
  252m|241500 | 10596 |137038k| 567.4 |   644M |  65 |1076 |4932 |5168 |1020k|  0 | 322k|  17 | 0.000000e+00 |      --      |    Inf |  11.08%
  252m|241600 | 10584 |137095k| 567.4 |   644M |  65 |1076 |4805 |3506 |1020k|  2 | 322k|  17 | 0.000000e+00 |      --      |    Inf |  11.08%
 time | node  | left  |LP iter|LP it/n|mem/heur|mdpt |vars |cons |rows |cuts |sepa|confs|strbr|  dualbound   | primalbound  |  gap   | compl. 
  252m|241700 | 10591 |137173k| 567.5 |   644M |  65 |1076 |4776 |3561 |1020k|  2 | 323k|  17 | 0.000000e+00 |      --      |    Inf |  11.08%
  253m|241800 | 10600 |137231k| 567.5 |   644M |  65 |1076 |4738 |2434 |1021k|  2 | 323k|  17 | 0.000000e+00 |      --      |    Inf |  11.12%
  253m|241900 | 10594 |137289k| 567.5 |   644M |  65 |1076 |4807 |2820 |1022k|  2 | 323k|  17 | 0.000000e+00 |      --      |    Inf |  11.15%
  253m|242000 | 10601 |137348k| 567.5 |   644M |  65 |1076 |4625 |3567 |1023k|  2 | 323k|  17 | 0.000000e+00 |      --      |    Inf |  11.15%
  253m|242100 | 10602 |137403k| 567.5 |   644M |  65 |1076 |4530 |4602 |1023k|  1 | 323k|  17 | 0.000000e+00 |      --      |    Inf |  11.16%
  253m|242200 | 10602 |137459k| 567.5 |   644M |  65 |1076 |4508 |2944 |1023k|  2 | 323k|  17 | 0.000000e+00 |      --      |    Inf |  11.16%
  253m|242300 | 10603 |137511k| 567.5 |   644M |  65 |1076 |4513 |3836 |1023k|  1 | 323k|  17 | 0.000000e+00 |      --      |    Inf |  11.16%
  253m|242400 | 10606 |137566k| 567.5 |   644M |  65 |1076 |4500 |4828 |1023k|  1 | 323k|  17 | 0.000000e+00 |      --      |    Inf |  11.16%
  253m|242500 | 10636 |137641k| 567.6 |   644M |  65 |1076 |4454 |   0 |1023k|  0 | 323k|  17 | 0.000000e+00 |      --      |    Inf |  11.16%
  253m|242600 | 10624 |137683k| 567.5 |   644M |  65 |1076 |4482 |4153 |1023k|  1 | 324k|  17 | 0.000000e+00 |      --      |    Inf |  11.20%
  253m|242700 | 10616 |137745k| 567.5 |   644M |  65 |1076 |4480 |2401 |1024k|  2 | 324k|  17 | 0.000000e+00 |      --      |    Inf |  11.20%
  253m|242800 | 10606 |137783k| 567.5 |   645M |  65 |1076 |4467 |4152 |1024k|  1 | 324k|  17 | 0.000000e+00 |      --      |    Inf |  11.42%
  254m|242900 | 10616 |137810k| 567.3 |   645M |  65 |1076 |4534 |4154 |1024k|  0 | 324k|  17 | 0.000000e+00 |      --      |    Inf |  11.42%
  254m|243000 | 10642 |137844k| 567.3 |   645M |  65 |1076 |4455 |3975 |1024k|  0 | 324k|  17 | 0.000000e+00 |      --      |    Inf |  11.42%
  254m|243100 | 10644 |137871k| 567.1 |   645M |  65 |1076 |4570 |3972 |1024k|  0 | 324k|  17 | 0.000000e+00 |      --      |    Inf |  11.42%
 time | node  | left  |LP iter|LP it/n|mem/heur|mdpt |vars |cons |rows |cuts |sepa|confs|strbr|  dualbound   | primalbound  |  gap   | compl. 
  254m|243200 | 10643 |137897k| 567.0 |   645M |  65 |1076 |4677 |3984 |1024k|  2 | 324k|  17 | 0.000000e+00 |      --      |    Inf |  11.42%
  254m|243300 | 10645 |137929k| 566.9 |   645M |  65 |1076 |4808 |3990 |1024k|  1 | 325k|  17 | 0.000000e+00 |      --      |    Inf |  11.42%
  254m|243400 | 10627 |137964k| 566.8 |   645M |  65 |1076 |4863 |4216 |1025k|  2 | 325k|  17 | 0.000000e+00 |      --      |    Inf |  11.42%
  254m|243500 | 10623 |138030k| 566.9 |   645M |  65 |1076 |4728 |   0 |1025k|  0 | 325k|  17 | 0.000000e+00 |      --      |    Inf |  11.42%
  254m|243600 | 10628 |138072k| 566.8 |   646M |  65 |1076 |4792 |3081 |1025k|  2 | 325k|  17 | 0.000000e+00 |      --      |    Inf |  11.42%
  254m|243700 | 10623 |138122k| 566.8 |   646M |  65 |1076 |4839 |4095 |1025k|  1 | 325k|  17 | 0.000000e+00 |      --      |    Inf |  11.42%
  254m|243800 | 10614 |138184k| 566.8 |   646M |  65 |1076 |4873 |4730 |1025k|  1 | 325k|  17 | 0.000000e+00 |      --      |    Inf |  11.43%
  254m|243900 | 10632 |138246k| 566.8 |   646M |  65 |1076 |5035 |4731 |1025k|  0 | 325k|  17 | 0.000000e+00 |      --      |    Inf |  11.43%
  254m|244000 | 10616 |138303k| 566.8 |   646M |  65 |1076 |5197 |4732 |1025k|  0 | 326k|  17 | 0.000000e+00 |      --      |    Inf |  11.43%
  254m|244100 | 10612 |138358k| 566.8 |   646M |  65 |1076 |5221 |4350 |1025k|  1 | 326k|  17 | 0.000000e+00 |      --      |    Inf |  11.43%
  255m|244200 | 10620 |138414k| 566.8 |   646M |  65 |1076 |5241 |   0 |1025k|  0 | 326k|  17 | 0.000000e+00 |      --      |    Inf |  11.43%
  255m|244300 | 10616 |138473k| 566.8 |   646M |  65 |1076 |5245 |   0 |1025k|  0 | 326k|  17 | 0.000000e+00 |      --      |    Inf |  11.43%
  255m|244400 | 10633 |138528k| 566.8 |   646M |  65 |1076 |5021 |4152 |1025k|  0 | 326k|  17 | 0.000000e+00 |      --      |    Inf |  11.43%
  255m|244500 | 10634 |138579k| 566.8 |   646M |  65 |1076 |4688 |3883 |1026k|  0 | 326k|  17 | 0.000000e+00 |      --      |    Inf |  11.43%
  255m|244600 | 10631 |138633k| 566.8 |   646M |  65 |1076 |4655 |4257 |1026k|  0 | 326k|  17 | 0.000000e+00 |      --      |    Inf |  11.43%
 time | node  | left  |LP iter|LP it/n|mem/heur|mdpt |vars |cons |rows |cuts |sepa|confs|strbr|  dualbound   | primalbound  |  gap   | compl. 
  255m|244700 | 10634 |138675k| 566.7 |   646M |  65 |1076 |4735 |4257 |1026k|  1 | 327k|  17 | 0.000000e+00 |      --      |    Inf |  11.43%
  255m|244800 | 10630 |138731k| 566.7 |   646M |  65 |1076 |4754 |5168 |1026k|  0 | 327k|  17 | 0.000000e+00 |      --      |    Inf |  11.43%
  255m|244900 | 10638 |138787k| 566.7 |   646M |  65 |1076 |4738 |4309 |1026k|  0 | 327k|  17 | 0.000000e+00 |      --      |    Inf |  11.43%
  255m|245000 | 10635 |138839k| 566.7 |   646M |  65 |1076 |4743 |3755 |1026k|  0 | 327k|  17 | 0.000000e+00 |      --      |    Inf |  11.43%
  255m|245100 | 10630 |138907k| 566.7 |   646M |  65 |1076 |4630 |4030 |1026k|  1 | 327k|  17 | 0.000000e+00 |      --      |    Inf |  11.44%
  255m|245200 | 10636 |138947k| 566.7 |   646M |  65 |1076 |4556 |2554 |1027k|  2 | 327k|  17 | 0.000000e+00 |      --      |    Inf |  11.44%
  256m|245300 | 10620 |139000k| 566.6 |   646M |  65 |1076 |4539 |3838 |1027k|  2 | 327k|  17 | 0.000000e+00 |      --      |    Inf |  11.44%
  256m|245400 | 10622 |139070k| 566.7 |   646M |  65 |1076 |4513 |   0 |1027k|  0 | 328k|  17 | 0.000000e+00 |      --      |    Inf |  11.44%
  256m|245500 | 10623 |139127k| 566.7 |   646M |  65 |1076 |4501 |4383 |1027k|  0 | 328k|  17 | 0.000000e+00 |      --      |    Inf |  11.44%
  256m|245600 | 10621 |139190k| 566.7 |   646M |  65 |1076 |4512 |3702 |1027k|  0 | 328k|  17 | 0.000000e+00 |      --      |    Inf |  11.44%
  256m|245700 | 10615 |139245k| 566.7 |   646M |  65 |1076 |4531 |4121 |1027k|  1 | 328k|  17 | 0.000000e+00 |      --      |    Inf |  11.45%
  256m|245800 | 10607 |139300k| 566.7 |   646M |  65 |1076 |4502 |4609 |1028k|  1 | 328k|  17 | 0.000000e+00 |      --      |    Inf |  11.45%
  256m|245900 | 10613 |139354k| 566.7 |   646M |  65 |1076 |4489 |3580 |1028k|  0 | 328k|  17 | 0.000000e+00 |      --      |    Inf |  11.45%
  256m|246000 | 10623 |139417k| 566.7 |   646M |  65 |1076 |4459 |4300 |1028k|  0 | 328k|  17 | 0.000000e+00 |      --      |    Inf |  11.45%
  256m|246100 | 10618 |139466k| 566.7 |   646M |  65 |1076 |4469 |4159 |1028k|  0 | 328k|  17 | 0.000000e+00 |      --      |    Inf |  11.45%
 time | node  | left  |LP iter|LP it/n|mem/heur|mdpt |vars |cons |rows |cuts |sepa|confs|strbr|  dualbound   | primalbound  |  gap   | compl. 
  256m|246200 | 10606 |139518k| 566.7 |   646M |  65 |1076 |4366 |4139 |1028k|  0 | 329k|  17 | 0.000000e+00 |      --      |    Inf |  11.45%
  257m|246300 | 10592 |139578k| 566.7 |   647M |  65 |1076 |4237 |4285 |1028k|  1 | 329k|  17 | 0.000000e+00 |      --      |    Inf |  11.46%
  257m|246400 | 10603 |139633k| 566.7 |   647M |  65 |1076 |4251 |3199 |1028k|  0 | 329k|  17 | 0.000000e+00 |      --      |    Inf |  11.46%
  257m|246500 | 10592 |139682k| 566.7 |   647M |  65 |1076 |4293 |4340 |1028k|  1 | 329k|  17 | 0.000000e+00 |      --      |    Inf |  11.46%
  257m|246600 | 10606 |139739k| 566.7 |   647M |  65 |1076 |4215 |2464 |1030k|  2 | 329k|  17 | 0.000000e+00 |      --      |    Inf |  11.46%
  257m|246700 | 10632 |139802k| 566.7 |   647M |  65 |1076 |4259 |2649 |1032k|  2 | 329k|  17 | 0.000000e+00 |      --      |    Inf |  11.46%
  257m|246800 | 10648 |139869k| 566.7 |   647M |  65 |1076 |4314 |2765 |1033k|  0 | 329k|  17 | 0.000000e+00 |      --      |    Inf |  11.46%
  257m|246900 | 10632 |139924k| 566.7 |   647M |  65 |1076 |4255 |5282 |1034k|  1 | 329k|  17 | 0.000000e+00 |      --      |    Inf |  11.46%
  257m|247000 | 10626 |139989k| 566.7 |   647M |  65 |1076 |4114 |4141 |1034k|  1 | 330k|  17 | 0.000000e+00 |      --      |    Inf |  11.46%
  257m|247100 | 10611 |140036k| 566.7 |   647M |  65 |1076 |4050 |2990 |1034k|  2 | 330k|  17 | 0.000000e+00 |      --      |    Inf |  11.46%
  257m|247200 | 10589 |140110k| 566.8 |   647M |  65 |1076 |4006 |2843 |1035k|  2 | 330k|  17 | 0.000000e+00 |      --      |    Inf |  11.46%
  257m|247300 | 10596 |140161k| 566.8 |   647M |  65 |1076 |4094 |4234 |1035k|  0 | 330k|  17 | 0.000000e+00 |      --      |    Inf |  11.46%
  258m|247400 | 10585 |140222k| 566.8 |   647M |  65 |1076 |4076 |2592 |1035k|  0 | 330k|  17 | 0.000000e+00 |      --      |    Inf |  11.46%
  258m|247500 | 10593 |140288k| 566.8 |   647M |  65 |1076 |3944 |2946 |1037k|  2 | 330k|  17 | 0.000000e+00 |      --      |    Inf |  11.46%
  258m|247600 | 10583 |140348k| 566.8 |   647M |  65 |1076 |3838 |2762 |1038k|  2 | 330k|  17 | 0.000000e+00 |      --      |    Inf |  11.46%
 time | node  | left  |LP iter|LP it/n|mem/heur|mdpt |vars |cons |rows |cuts |sepa|confs|strbr|  dualbound   | primalbound  |  gap   | compl. 
  258m|247700 | 10594 |140411k| 566.9 |   647M |  65 |1076 |3895 |3485 |1038k|  2 | 330k|  17 | 0.000000e+00 |      --      |    Inf |  11.46%
  258m|247800 | 10581 |140464k| 566.8 |   647M |  65 |1076 |4024 |4006 |1038k|  0 | 331k|  17 | 0.000000e+00 |      --      |    Inf |  11.46%
  258m|247900 | 10578 |140533k| 566.9 |   647M |  65 |1076 |3994 |4812 |1038k|  0 | 331k|  17 | 0.000000e+00 |      --      |    Inf |  11.47%
  258m|248000 | 10566 |140570k| 566.8 |   647M |  65 |1076 |4037 |4867 |1038k|  0 | 331k|  17 | 0.000000e+00 |      --      |    Inf |  11.47%
  258m|248100 | 10573 |140635k| 566.8 |   647M |  65 |1076 |3979 |2948 |1039k|  0 | 331k|  17 | 0.000000e+00 |      --      |    Inf |  11.47%
  258m|248200 | 10593 |140693k| 566.8 |   647M |  65 |1076 |3979 |3816 |1039k|  1 | 331k|  17 | 0.000000e+00 |      --      |    Inf |  11.47%
  258m|248300 | 10582 |140743k| 566.8 |   647M |  65 |1076 |4074 |2723 |1039k|  2 | 331k|  17 | 0.000000e+00 |      --      |    Inf |  11.47%
  259m|248400 | 10574 |140809k| 566.9 |   647M |  65 |1076 |4081 |2877 |1039k|  0 | 331k|  17 | 0.000000e+00 |      --      |    Inf |  11.47%
  259m|248500 | 10569 |140862k| 566.8 |   647M |  65 |1076 |4082 |3453 |1040k|  0 | 332k|  17 | 0.000000e+00 |      --      |    Inf |  11.47%
  259m|248600 | 10587 |140951k| 567.0 |   647M |  65 |1076 |4060 |3172 |1042k|  2 | 332k|  17 | 0.000000e+00 |      --      |    Inf |  11.47%
  259m|248700 | 10588 |141008k| 567.0 |   647M |  65 |1076 |4061 |4053 |1042k|  0 | 332k|  17 | 0.000000e+00 |      --      |    Inf |  11.47%
  259m|248800 | 10587 |141059k| 567.0 |   647M |  65 |1076 |4124 |3212 |1042k|  2 | 332k|  17 | 0.000000e+00 |      --      |    Inf |  11.47%
  259m|248900 | 10601 |141116k| 566.9 |   647M |  65 |1076 |4094 |3860 |1042k|  1 | 332k|  17 | 0.000000e+00 |      --      |    Inf |  11.48%
  259m|249000 | 10607 |141173k| 567.0 |   647M |  65 |1076 |4166 |3866 |1042k|  0 | 332k|  17 | 0.000000e+00 |      --      |    Inf |  11.48%
  259m|249100 | 10622 |141245k| 567.0 |   647M |  65 |1076 |4245 |3865 |1042k|  1 | 332k|  17 | 0.000000e+00 |      --      |    Inf |  11.48%
 time | node  | left  |LP iter|LP it/n|mem/heur|mdpt |vars |cons |rows |cuts |sepa|confs|strbr|  dualbound   | primalbound  |  gap   | compl. 
  259m|249200 | 10623 |141315k| 567.1 |   647M |  65 |1076 |4350 |   0 |1042k|  0 | 333k|  17 | 0.000000e+00 |      --      |    Inf |  11.48%
  259m|249300 | 10637 |141374k| 567.1 |   647M |  65 |1076 |4462 |   0 |1042k|  0 | 333k|  17 | 0.000000e+00 |      --      |    Inf |  11.48%
  260m|249400 | 10616 |141429k| 567.1 |   647M |  65 |1076 |4588 |3878 |1042k|  0 | 333k|  17 | 0.000000e+00 |      --      |    Inf |  11.48%
  260m|249500 | 10611 |141496k| 567.1 |   647M |  65 |1076 |4696 |3890 |1042k|  1 | 333k|  17 | 0.000000e+00 |      --      |    Inf |  11.48%
  260m|249600 | 10620 |141568k| 567.2 |   647M |  65 |1076 |4772 |3867 |1042k|  1 | 333k|  17 | 0.000000e+00 |      --      |    Inf |  11.48%
  260m|249700 | 10621 |141643k| 567.2 |   647M |  65 |1076 |4871 |3871 |1042k|  1 | 333k|  17 | 0.000000e+00 |      --      |    Inf |  11.48%
  260m|249800 | 10615 |141709k| 567.3 |   647M |  65 |1076 |4805 |3664 |1042k|  0 | 333k|  17 | 0.000000e+00 |      --      |    Inf |  11.48%
  260m|249900 | 10606 |141765k| 567.3 |   647M |  65 |1076 |4695 |4178 |1043k|  1 | 334k|  17 | 0.000000e+00 |      --      |    Inf |  11.49%
  260m|250000 | 10600 |141817k| 567.3 |   647M |  65 |1076 |4686 |2940 |1043k|  2 | 334k|  17 | 0.000000e+00 |      --      |    Inf |  11.49%
  260m|250100 | 10604 |141862k| 567.2 |   647M |  65 |1076 |4604 |4140 |1043k|  1 | 334k|  17 | 0.000000e+00 |      --      |    Inf |  11.49%
  260m|250200 | 10598 |141907k| 567.2 |   647M |  65 |1076 |4646 |4201 |1043k|  0 | 334k|  17 | 0.000000e+00 |      --      |    Inf |  11.49%
  260m|250300 | 10598 |141961k| 567.2 |   647M |  65 |1076 |4544 |4479 |1043k|  2 | 334k|  17 | 0.000000e+00 |      --      |    Inf |  11.49%
  261m|250400 | 10598 |142002k| 567.1 |   647M |  65 |1076 |4620 |4477 |1043k|  1 | 334k|  17 | 0.000000e+00 |      --      |    Inf |  11.49%
  261m|250500 | 10616 |142048k| 567.0 |   647M |  65 |1076 |4725 |4483 |1043k|  1 | 334k|  17 | 0.000000e+00 |      --      |    Inf |  11.49%
  261m|250600 | 10623 |142100k| 567.0 |   647M |  65 |1076 |4722 |4395 |1043k|  2 | 334k|  17 | 0.000000e+00 |      --      |    Inf |  11.49%
 time | node  | left  |LP iter|LP it/n|mem/heur|mdpt |vars |cons |rows |cuts |sepa|confs|strbr|  dualbound   | primalbound  |  gap   | compl. 
  261m|250700 | 10607 |142147k| 567.0 |   647M |  65 |1076 |4645 |2407 |1044k|  2 | 335k|  17 | 0.000000e+00 |      --      |    Inf |  11.49%
  261m|250800 | 10616 |142209k| 567.0 |   647M |  65 |1076 |4591 |3767 |1044k|  2 | 335k|  17 | 0.000000e+00 |      --      |    Inf |  11.50%
  261m|250900 | 10618 |142273k| 567.0 |   647M |  65 |1076 |4548 |3944 |1044k|  0 | 335k|  17 | 0.000000e+00 |      --      |    Inf |  11.50%
  261m|251000 | 10626 |142323k| 567.0 |   647M |  65 |1076 |4538 |3055 |1044k|  0 | 335k|  17 | 0.000000e+00 |      --      |    Inf |  11.50%
  261m|251100 | 10620 |142371k| 567.0 |   647M |  65 |1076 |4432 |4652 |1044k|  2 | 335k|  17 | 0.000000e+00 |      --      |    Inf |  11.50%
  261m|251200 | 10615 |142431k| 567.0 |   647M |  65 |1076 |4394 |   0 |1045k|  0 | 335k|  17 | 0.000000e+00 |      --      |    Inf |  11.50%
  261m|251300 | 10613 |142477k| 567.0 |   647M |  65 |1076 |4395 |4094 |1045k|  0 | 335k|  17 | 0.000000e+00 |      --      |    Inf |  11.50%
  261m|251400 | 10619 |142536k| 567.0 |   647M |  65 |1076 |4334 |3134 |1046k|  0 | 336k|  17 | 0.000000e+00 |      --      |    Inf |  11.50%
  262m|251500 | 10614 |142606k| 567.0 |   647M |  65 |1076 |4380 |3692 |1046k|  1 | 336k|  17 | 0.000000e+00 |      --      |    Inf |  11.50%
  262m|251600 | 10617 |142657k| 567.0 |   647M |  65 |1076 |4350 |4205 |1046k|  2 | 336k|  17 | 0.000000e+00 |      --      |    Inf |  11.50%
  262m|251700 | 10614 |142724k| 567.0 |   647M |  65 |1076 |4395 |4436 |1046k|  0 | 336k|  17 | 0.000000e+00 |      --      |    Inf |  11.50%
  262m|251800 | 10610 |142783k| 567.0 |   647M |  65 |1076 |4482 |3866 |1046k|  1 | 336k|  17 | 0.000000e+00 |      --      |    Inf |  11.50%
  262m|251900 | 10604 |142840k| 567.0 |   648M |  65 |1076 |4441 |2646 |1047k|  0 | 336k|  17 | 0.000000e+00 |      --      |    Inf |  11.50%
  262m|252000 | 10605 |142895k| 567.0 |   648M |  65 |1076 |4512 |4567 |1047k|  0 | 336k|  17 | 0.000000e+00 |      --      |    Inf |  11.50%
  262m|252100 | 10610 |142954k| 567.0 |   648M |  65 |1076 |4533 |   0 |1047k|  0 | 337k|  17 | 0.000000e+00 |      --      |    Inf |  11.50%
 time | node  | left  |LP iter|LP it/n|mem/heur|mdpt |vars |cons |rows |cuts |sepa|confs|strbr|  dualbound   | primalbound  |  gap   | compl. 
  262m|252200 | 10633 |143031k| 567.1 |   648M |  65 |1076 |4530 |4348 |1047k|  1 | 337k|  17 | 0.000000e+00 |      --      |    Inf |  11.50%
  262m|252300 | 10677 |143086k| 567.1 |   648M |  65 |1076 |4578 |4349 |1047k|  1 | 337k|  17 | 0.000000e+00 |      --      |    Inf |  11.50%
  262m|252400 | 10689 |143140k| 567.1 |   648M |  65 |1076 |4644 |3179 |1047k|  2 | 337k|  17 | 0.000000e+00 |      --      |    Inf |  11.51%
  263m|252500 | 10684 |143206k| 567.1 |   649M |  65 |1076 |4403 |4779 |1048k|  0 | 337k|  17 | 0.000000e+00 |      --      |    Inf |  11.51%
  263m|252600 | 10733 |143304k| 567.3 |   649M |  65 |1076 |4412 |3801 |1048k|  1 | 337k|  17 | 0.000000e+00 |      --      |    Inf |  11.51%
  263m|252700 | 10757 |143382k| 567.4 |   649M |  65 |1076 |4514 |3824 |1048k|  0 | 337k|  17 | 0.000000e+00 |      --      |    Inf |  11.51%
  263m|252800 | 10778 |143453k| 567.4 |   649M |  65 |1076 |4563 |3815 |1048k|  2 | 337k|  17 | 0.000000e+00 |      --      |    Inf |  11.51%
  263m|252900 | 10809 |143542k| 567.6 |   649M |  65 |1076 |4645 |3820 |1049k|  0 | 337k|  17 | 0.000000e+00 |      --      |    Inf |  11.51%
  263m|253000 | 10819 |143619k| 567.7 |   649M |  65 |1076 |4752 |   0 |1049k|  0 | 338k|  17 | 0.000000e+00 |      --      |    Inf |  11.51%
  263m|253100 | 10824 |143680k| 567.7 |   649M |  65 |1076 |4849 |3839 |1049k|  0 | 338k|  17 | 0.000000e+00 |      --      |    Inf |  11.51%
  264m|253200 | 10818 |143760k| 567.8 |   649M |  65 |1076 |4874 |3836 |1049k|  0 | 338k|  17 | 0.000000e+00 |      --      |    Inf |  11.51%
  264m|253300 | 10825 |143819k| 567.8 |   649M |  65 |1076 |4748 |3380 |1050k|  2 | 338k|  17 | 0.000000e+00 |      --      |    Inf |  11.51%
  264m|253400 | 10837 |143867k| 567.7 |   649M |  65 |1076 |4745 |4459 |1050k|  0 | 338k|  17 | 0.000000e+00 |      --      |    Inf |  11.51%
  264m|253500 | 10840 |143928k| 567.8 |   649M |  65 |1076 |4800 |4462 |1050k|  0 | 338k|  17 | 0.000000e+00 |      --      |    Inf |  11.51%
  264m|253600 | 10835 |143992k| 567.8 |   649M |  65 |1076 |4896 |4524 |1050k|  2 | 338k|  17 | 0.000000e+00 |      --      |    Inf |  11.51%
 time | node  | left  |LP iter|LP it/n|mem/heur|mdpt |vars |cons |rows |cuts |sepa|confs|strbr|  dualbound   | primalbound  |  gap   | compl. 
  264m|253700 | 10835 |144054k| 567.8 |   649M |  65 |1076 |4815 |2596 |1050k|  2 | 339k|  17 | 0.000000e+00 |      --      |    Inf |  11.51%
  264m|253800 | 10829 |144114k| 567.8 |   649M |  65 |1076 |4848 |2374 |1050k|  2 | 339k|  17 | 0.000000e+00 |      --      |    Inf |  11.51%
  264m|253900 | 10842 |144186k| 567.9 |   649M |  65 |1076 |4807 |4575 |1051k|  0 | 339k|  17 | 0.000000e+00 |      --      |    Inf |  11.51%
  264m|254000 | 10849 |144243k| 567.9 |   649M |  65 |1076 |4859 |4993 |1051k|  1 | 339k|  17 | 0.000000e+00 |      --      |    Inf |  11.51%
  265m|254100 | 10836 |144299k| 567.9 |   649M |  65 |1076 |4965 |4434 |1051k|  0 | 339k|  17 | 0.000000e+00 |      --      |    Inf |  11.51%
  265m|254200 | 10839 |144366k| 567.9 |   649M |  65 |1076 |4899 |3804 |1051k|  2 | 339k|  17 | 0.000000e+00 |      --      |    Inf |  11.51%
  265m|254300 | 10844 |144437k| 568.0 |   649M |  65 |1076 |4863 |2848 |1051k|  0 | 339k|  17 | 0.000000e+00 |      --      |    Inf |  11.51%
  265m|254400 | 10846 |144502k| 568.0 |   649M |  65 |1076 |4796 |5062 |1052k|  0 | 340k|  17 | 0.000000e+00 |      --      |    Inf |  11.52%
  265m|254500 | 10849 |144569k| 568.0 |   649M |  65 |1076 |4525 |3423 |1052k|  1 | 340k|  17 | 0.000000e+00 |      --      |    Inf |  11.52%
  265m|254600 | 10838 |144628k| 568.1 |   649M |  65 |1076 |4464 |4079 |1052k|  0 | 340k|  17 | 0.000000e+00 |      --      |    Inf |  11.57%
  265m|254700 | 10854 |144681k| 568.0 |   649M |  65 |1076 |4445 |4543 |1052k|  0 | 340k|  17 | 0.000000e+00 |      --      |    Inf |  11.57%
  265m|254800 | 10858 |144732k| 568.0 |   649M |  65 |1076 |4474 |4237 |1053k|  0 | 340k|  17 | 0.000000e+00 |      --      |    Inf |  11.57%
  265m|254900 | 10879 |144800k| 568.1 |   649M |  65 |1076 |4552 |4851 |1053k|  0 | 340k|  17 | 0.000000e+00 |      --      |    Inf |  11.57%
  266m|255000 | 10875 |144870k| 568.1 |   649M |  65 |1076 |4507 |4351 |1053k|  0 | 340k|  17 | 0.000000e+00 |      --      |    Inf |  11.57%
  266m|255100 | 10873 |144924k| 568.1 |   649M |  65 |1076 |4443 |3095 |1053k|  0 | 340k|  17 | 0.000000e+00 |      --      |    Inf |  11.58%
 time | node  | left  |LP iter|LP it/n|mem/heur|mdpt |vars |cons |rows |cuts |sepa|confs|strbr|  dualbound   | primalbound  |  gap   | compl. 
  266m|255200 | 10872 |144987k| 568.1 |   649M |  65 |1076 |4442 |   0 |1054k|  0 | 341k|  17 | 0.000000e+00 |      --      |    Inf |  11.58%
  266m|255300 | 10902 |145038k| 568.1 |   650M |  65 |1076 |4490 |3994 |1054k|  1 | 341k|  17 | 0.000000e+00 |      --      |    Inf |  11.58%
  266m|255400 | 10914 |145093k| 568.1 |   650M |  65 |1076 |4561 |4348 |1054k|  1 | 341k|  17 | 0.000000e+00 |      --      |    Inf |  11.58%
  266m|255500 | 10923 |145153k| 568.1 |   650M |  65 |1076 |4548 |3845 |1054k|  1 | 341k|  17 | 0.000000e+00 |      --      |    Inf |  11.58%
  266m|255600 | 10933 |145226k| 568.2 |   650M |  65 |1076 |4614 |   0 |1054k|  0 | 341k|  17 | 0.000000e+00 |      --      |    Inf |  11.58%
  266m|255700 | 10928 |145282k| 568.2 |   650M |  65 |1076 |4682 |3848 |1054k|  0 | 341k|  17 | 0.000000e+00 |      --      |    Inf |  11.58%
  266m|255800 | 10949 |145363k| 568.3 |   650M |  65 |1076 |4750 |3868 |1054k|  1 | 341k|  17 | 0.000000e+00 |      --      |    Inf |  11.58%
  267m|255900 | 10955 |145426k| 568.3 |   650M |  65 |1076 |4847 |3876 |1054k|  2 | 341k|  17 | 0.000000e+00 |      --      |    Inf |  11.58%
  267m|256000 | 10969 |145495k| 568.3 |   650M |  65 |1076 |4932 |3887 |1054k|  2 | 342k|  17 | 0.000000e+00 |      --      |    Inf |  11.58%
  267m|256100 | 10936 |145547k| 568.3 |   650M |  65 |1076 |5015 |3846 |1054k|  2 | 342k|  17 | 0.000000e+00 |      --      |    Inf |  11.58%
  267m|256200 | 10954 |145610k| 568.3 |   650M |  65 |1076 |5049 |3854 |1054k|  1 | 342k|  17 | 0.000000e+00 |      --      |    Inf |  11.58%
  267m|256300 | 10947 |145660k| 568.3 |   650M |  65 |1076 |5128 |3867 |1054k|  1 | 342k|  17 | 0.000000e+00 |      --      |    Inf |  11.58%
  267m|256400 | 10955 |145723k| 568.3 |   650M |  65 |1076 |5203 |   0 |1054k|  0 | 342k|  17 | 0.000000e+00 |      --      |    Inf |  11.58%
  267m|256500 | 10948 |145778k| 568.3 |   650M |  65 |1076 |5266 |3860 |1054k|  2 | 342k|  17 | 0.000000e+00 |      --      |    Inf |  11.58%
  267m|256600 | 10943 |145852k| 568.4 |   650M |  65 |1076 |5191 |   0 |1055k|  0 | 342k|  17 | 0.000000e+00 |      --      |    Inf |  11.58%
 time | node  | left  |LP iter|LP it/n|mem/heur|mdpt |vars |cons |rows |cuts |sepa|confs|strbr|  dualbound   | primalbound  |  gap   | compl. 
  267m|256700 | 10953 |145910k| 568.4 |   650M |  65 |1076 |5097 |3562 |1055k|  2 | 342k|  17 | 0.000000e+00 |      --      |    Inf |  11.58%
  268m|256800 | 10947 |145968k| 568.4 |   650M |  65 |1076 |4871 |3869 |1055k|  0 | 343k|  17 | 0.000000e+00 |      --      |    Inf |  11.59%
  268m|256900 | 10950 |146031k| 568.4 |   650M |  65 |1076 |4596 |4936 |1055k|  1 | 343k|  17 | 0.000000e+00 |      --      |    Inf |  11.59%
  268m|257000 | 10950 |146082k| 568.4 |   650M |  65 |1076 |4613 |4937 |1055k|  1 | 343k|  17 | 0.000000e+00 |      --      |    Inf |  11.59%
  268m|257100 | 10951 |146155k| 568.5 |   650M |  65 |1076 |4514 |   0 |1056k|  0 | 343k|  17 | 0.000000e+00 |      --      |    Inf |  11.59%
  268m|257200 | 10951 |146216k| 568.5 |   650M |  65 |1076 |4517 |   0 |1056k|  0 | 343k|  17 | 0.000000e+00 |      --      |    Inf |  11.59%
  268m|257300 | 10959 |146256k| 568.4 |   650M |  65 |1076 |4480 |3456 |1057k|  2 | 343k|  17 | 0.000000e+00 |      --      |    Inf |  11.59%
  268m|257400 | 10946 |146315k| 568.4 |   650M |  65 |1076 |4368 |5235 |1057k|  1 | 343k|  17 | 0.000000e+00 |      --      |    Inf |  11.59%
  268m|257500 | 10953 |146390k| 568.5 |   650M |  65 |1076 |4372 |5577 |1057k|  0 | 343k|  17 | 0.000000e+00 |      --      |    Inf |  11.60%
  268m|257600 | 10963 |146448k| 568.5 |   650M |  65 |1076 |4444 |3786 |1057k|  1 | 344k|  17 | 0.000000e+00 |      --      |    Inf |  11.60%
  268m|257700 | 10976 |146505k| 568.5 |   650M |  65 |1076 |4529 |3712 |1058k|  2 | 344k|  17 | 0.000000e+00 |      --      |    Inf |  11.60%
  269m|257800 | 10981 |146554k| 568.5 |   650M |  65 |1076 |4568 |3808 |1058k|  2 | 344k|  17 | 0.000000e+00 |      --      |    Inf |  11.60%
  269m|257900 | 10974 |146617k| 568.5 |   650M |  65 |1076 |4540 |3744 |1058k|  0 | 344k|  17 | 0.000000e+00 |      --      |    Inf |  11.60%
  269m|258000 | 10993 |146668k| 568.5 |   650M |  65 |1076 |4623 |3994 |1058k|  2 | 344k|  17 | 0.000000e+00 |      --      |    Inf |  11.60%
  269m|258100 | 10999 |146731k| 568.5 |   650M |  65 |1076 |4695 |3755 |1058k|  0 | 344k|  17 | 0.000000e+00 |      --      |    Inf |  11.60%
 time | node  | left  |LP iter|LP it/n|mem/heur|mdpt |vars |cons |rows |cuts |sepa|confs|strbr|  dualbound   | primalbound  |  gap   | compl. 
  269m|258200 | 11005 |146778k| 568.5 |   650M |  65 |1076 |4768 |4024 |1058k|  1 | 344k|  17 | 0.000000e+00 |      --      |    Inf |  11.60%
  269m|258300 | 11019 |146843k| 568.5 |   650M |  65 |1076 |4844 |4028 |1058k|  1 | 344k|  17 | 0.000000e+00 |      --      |    Inf |  11.60%
  269m|258400 | 11023 |146887k| 568.4 |   650M |  65 |1076 |4911 |2985 |1058k|  0 | 345k|  17 | 0.000000e+00 |      --      |    Inf |  11.60%
  269m|258500 | 11044 |146953k| 568.5 |   650M |  65 |1076 |4816 |5373 |1058k|  0 | 345k|  17 | 0.000000e+00 |      --      |    Inf |  11.60%
  269m|258600 | 11049 |146992k| 568.4 |   650M |  65 |1076 |4880 |5348 |1058k|  1 | 345k|  17 | 0.000000e+00 |      --      |    Inf |  11.60%
  269m|258700 | 11088 |147044k| 568.4 |   650M |  65 |1076 |4949 |5349 |1058k|  1 | 345k|  17 | 0.000000e+00 |      --      |    Inf |  11.62%
  270m|258800 | 11101 |147091k| 568.4 |   650M |  65 |1076 |5054 |5345 |1058k|  1 | 345k|  17 | 0.000000e+00 |      --      |    Inf |  11.62%
  270m|258900 | 11100 |147145k| 568.3 |   650M |  65 |1076 |5140 |2753 |1058k|  2 | 345k|  17 | 0.000000e+00 |      --      |    Inf |  11.63%
  270m|259000 | 11100 |147193k| 568.3 |   650M |  65 |1076 |5064 |5622 |1059k|  1 | 345k|  17 | 0.000000e+00 |      --      |    Inf |  11.63%
  270m|259100 | 11079 |147244k| 568.3 |   651M |  65 |1076 |5003 |5324 |1059k|  0 | 345k|  17 | 0.000000e+00 |      --      |    Inf |  11.63%
  270m|259200 | 11091 |147292k| 568.2 |   651M |  65 |1076 |5042 |3864 |1059k|  1 | 346k|  17 | 0.000000e+00 |      --      |    Inf |  11.63%
  270m|259300 | 11094 |147358k| 568.3 |   651M |  65 |1076 |4928 |2549 |1060k|  2 | 346k|  17 | 0.000000e+00 |      --      |    Inf |  11.63%
  270m|259400 | 11127 |147444k| 568.4 |   651M |  65 |1076 |4879 |4492 |1060k|  1 | 346k|  17 | 0.000000e+00 |      --      |    Inf |  11.63%
  270m|259500 | 11146 |147523k| 568.5 |   652M |  65 |1076 |4847 |   0 |1061k|  0 | 346k|  17 | 0.000000e+00 |      --      |    Inf |  11.66%
  270m|259600 | 11149 |147582k| 568.5 |   652M |  65 |1076 |4800 |4225 |1061k|  2 | 346k|  17 | 0.000000e+00 |      --      |    Inf |  11.66%
 time | node  | left  |LP iter|LP it/n|mem/heur|mdpt |vars |cons |rows |cuts |sepa|confs|strbr|  dualbound   | primalbound  |  gap   | compl. 
  271m|259700 | 11147 |147635k| 568.5 |   652M |  65 |1076 |4703 |5188 |1061k|  0 | 346k|  17 | 0.000000e+00 |      --      |    Inf |  11.66%
  271m|259800 | 11142 |147702k| 568.5 |   652M |  65 |1076 |4557 |2443 |1062k|  2 | 346k|  17 | 0.000000e+00 |      --      |    Inf |  11.66%
  271m|259900 | 11139 |147766k| 568.5 |   652M |  65 |1076 |4556 |2639 |1063k|  0 | 346k|  17 | 0.000000e+00 |      --      |    Inf |  11.66%
  271m|260000 | 11136 |147840k| 568.6 |   652M |  65 |1076 |4495 |3457 |1063k|  0 | 347k|  17 | 0.000000e+00 |      --      |    Inf |  11.66%
  271m|260100 | 11131 |147894k| 568.6 |   652M |  65 |1076 |4530 |2967 |1064k|  0 | 347k|  17 | 0.000000e+00 |      --      |    Inf |  11.67%
  271m|260200 | 11139 |147959k| 568.6 |   652M |  65 |1076 |4484 |3863 |1064k|  2 | 347k|  17 | 0.000000e+00 |      --      |    Inf |  11.67%
  271m|260300 | 11133 |148030k| 568.7 |   652M |  65 |1076 |4428 |2993 |1064k|  2 | 347k|  17 | 0.000000e+00 |      --      |    Inf |  11.67%
  271m|260400 | 11149 |148104k| 568.7 |   652M |  65 |1076 |4477 |3170 |1065k|  0 | 347k|  17 | 0.000000e+00 |      --      |    Inf |  11.67%
  271m|260500 | 11147 |148173k| 568.8 |   652M |  65 |1076 |4593 |3223 |1065k|  0 | 347k|  17 | 0.000000e+00 |      --      |    Inf |  11.67%
  272m|260600 | 11153 |148244k| 568.8 |   652M |  65 |1076 |4698 |3315 |1065k|  2 | 347k|  17 | 0.000000e+00 |      --      |    Inf |  11.67%
  272m|260700 | 11150 |148308k| 568.9 |   652M |  65 |1076 |4790 |3596 |1065k|  0 | 347k|  17 | 0.000000e+00 |      --      |    Inf |  11.67%
  272m|260800 | 11162 |148376k| 568.9 |   653M |  65 |1076 |4751 |3739 |1066k|  1 | 348k|  17 | 0.000000e+00 |      --      |    Inf |  11.69%
  272m|260900 | 11154 |148431k| 568.9 |   653M |  65 |1076 |4796 |3740 |1066k|  1 | 348k|  17 | 0.000000e+00 |      --      |    Inf |  11.69%
  272m|261000 | 11149 |148498k| 569.0 |   654M |  65 |1076 |4797 |3862 |1066k|  0 | 348k|  17 | 0.000000e+00 |      --      |    Inf |  11.69%
  272m|261100 | 11154 |148558k| 569.0 |   654M |  65 |1076 |4870 |   0 |1066k|  0 | 348k|  17 | 0.000000e+00 |      --      |    Inf |  11.69%
 time | node  | left  |LP iter|LP it/n|mem/heur|mdpt |vars |cons |rows |cuts |sepa|confs|strbr|  dualbound   | primalbound  |  gap   | compl. 
  272m|261200 | 11154 |148619k| 569.0 |   654M |  65 |1076 |4959 |3871 |1066k|  1 | 348k|  17 | 0.000000e+00 |      --      |    Inf |  11.69%
  272m|261300 | 11148 |148679k| 569.0 |   654M |  65 |1076 |4932 |3919 |1066k|  1 | 348k|  17 | 0.000000e+00 |      --      |    Inf |  11.69%
  272m|261400 | 11171 |148734k| 569.0 |   654M |  65 |1076 |4868 |4323 |1066k|  1 | 348k|  17 | 0.000000e+00 |      --      |    Inf |  11.70%
  272m|261500 | 11172 |148780k| 568.9 |   654M |  65 |1076 |4937 |4325 |1066k|  1 | 348k|  17 | 0.000000e+00 |      --      |    Inf |  11.70%
  273m|261600 | 11188 |148831k| 568.9 |   654M |  65 |1076 |4999 |4345 |1066k|  0 | 349k|  17 | 0.000000e+00 |      --      |    Inf |  11.70%
  273m|261700 | 11191 |148887k| 568.9 |   654M |  65 |1076 |5122 |4349 |1066k|  0 | 349k|  17 | 0.000000e+00 |      --      |    Inf |  11.70%
  273m|261800 | 11181 |148941k| 568.9 |   654M |  65 |1076 |5064 |3818 |1066k|  2 | 349k|  17 | 0.000000e+00 |      --      |    Inf |  11.70%
  273m|261900 | 11193 |148996k| 568.9 |   654M |  65 |1076 |4989 |3850 |1067k|  2 | 349k|  17 | 0.000000e+00 |      --      |    Inf |  11.70%
  273m|262000 | 11199 |149049k| 568.9 |   654M |  65 |1076 |5058 |3856 |1067k|  2 | 349k|  17 | 0.000000e+00 |      --      |    Inf |  11.70%
  273m|262100 | 11181 |149098k| 568.9 |   654M |  65 |1076 |5000 |3020 |1067k|  0 | 349k|  17 | 0.000000e+00 |      --      |    Inf |  11.70%
  273m|262200 | 11177 |149163k| 568.9 |   655M |  65 |1076 |4939 |3960 |1067k|  0 | 349k|  17 | 0.000000e+00 |      --      |    Inf |  11.70%
  273m|262300 | 11176 |149220k| 568.9 |   655M |  65 |1076 |4988 |3540 |1068k|  0 | 349k|  17 | 0.000000e+00 |      --      |    Inf |  11.70%
  273m|262400 | 11175 |149273k| 568.9 |   655M |  65 |1076 |4818 |4760 |1068k|  2 | 350k|  17 | 0.000000e+00 |      --      |    Inf |  11.73%
  273m|262500 | 11172 |149318k| 568.8 |   655M |  65 |1076 |4823 |4816 |1068k|  1 | 350k|  17 | 0.000000e+00 |      --      |    Inf |  11.73%
  274m|262600 | 11166 |149376k| 568.8 |   655M |  65 |1076 |4692 |3435 |1068k|  0 | 350k|  17 | 0.000000e+00 |      --      |    Inf |  11.74%
 time | node  | left  |LP iter|LP it/n|mem/heur|mdpt |vars |cons |rows |cuts |sepa|confs|strbr|  dualbound   | primalbound  |  gap   | compl. 
  274m|262700 | 11187 |149428k| 568.8 |   655M |  65 |1076 |4779 |4328 |1068k|  1 | 350k|  17 | 0.000000e+00 |      --      |    Inf |  11.74%
  274m|262800 | 11190 |149476k| 568.8 |   655M |  65 |1076 |4897 |4349 |1068k|  0 | 350k|  17 | 0.000000e+00 |      --      |    Inf |  11.74%
  274m|262900 | 11182 |149522k| 568.7 |   655M |  65 |1076 |5022 |4349 |1068k|  0 | 350k|  17 | 0.000000e+00 |      --      |    Inf |  11.74%
  274m|263000 | 11174 |149571k| 568.7 |   655M |  65 |1076 |5120 |4351 |1068k|  0 | 350k|  17 | 0.000000e+00 |      --      |    Inf |  11.74%
  274m|263100 | 11182 |149628k| 568.7 |   655M |  65 |1076 |5234 |4325 |1068k|  1 | 351k|  17 | 0.000000e+00 |      --      |    Inf |  11.74%
  274m|263200 | 11168 |149685k| 568.7 |   655M |  65 |1076 |5092 |4318 |1069k|  2 | 351k|  17 | 0.000000e+00 |      --      |    Inf |  11.74%
  274m|263300 | 11167 |149736k| 568.7 |   655M |  65 |1076 |5190 |3959 |1069k|  0 | 351k|  17 | 0.000000e+00 |      --      |    Inf |  11.74%
  274m|263400 | 11172 |149794k| 568.7 |   655M |  65 |1076 |5138 |3035 |1069k|  2 | 351k|  17 | 0.000000e+00 |      --      |    Inf |  11.74%
  274m|263500 | 11171 |149849k| 568.7 |   655M |  65 |1076 |5168 |3119 |1069k|  2 | 351k|  17 | 0.000000e+00 |      --      |    Inf |  11.74%
  274m|263600 | 11163 |149895k| 568.6 |   655M |  65 |1076 |5094 |4194 |1069k|  1 | 351k|  17 | 0.000000e+00 |      --      |    Inf |  11.74%
  275m|263700 | 11194 |149962k| 568.7 |   655M |  65 |1076 |4977 |3504 |1070k|  0 | 351k|  17 | 0.000000e+00 |      --      |    Inf |  11.74%
  275m|263800 | 11200 |150013k| 568.7 |   655M |  65 |1076 |4985 |4546 |1070k|  0 | 351k|  17 | 0.000000e+00 |      --      |    Inf |  11.74%
  275m|263900 | 11204 |150059k| 568.6 |   655M |  65 |1076 |5103 |3508 |1070k|  2 | 352k|  17 | 0.000000e+00 |      --      |    Inf |  11.74%
  275m|264000 | 11193 |150103k| 568.6 |   655M |  65 |1076 |5048 |3876 |1070k|  2 | 352k|  17 | 0.000000e+00 |      --      |    Inf |  11.74%
  275m|264100 | 11198 |150200k| 568.7 |   655M |  65 |1076 |5016 |3183 |1071k|  2 | 352k|  17 | 0.000000e+00 |      --      |    Inf |  11.74%
 time | node  | left  |LP iter|LP it/n|mem/heur|mdpt |vars |cons |rows |cuts |sepa|confs|strbr|  dualbound   | primalbound  |  gap   | compl. 
  275m|264200 | 11182 |150265k| 568.7 |   655M |  65 |1076 |4894 |4607 |1072k|  1 | 352k|  17 | 0.000000e+00 |      --      |    Inf |  11.74%
  275m|264300 | 11188 |150328k| 568.8 |   655M |  65 |1076 |4943 |4295 |1072k|  0 | 352k|  17 | 0.000000e+00 |      --      |    Inf |  11.74%
  275m|264400 | 11190 |150387k| 568.8 |   655M |  65 |1076 |5075 |4297 |1072k|  0 | 352k|  17 | 0.000000e+00 |      --      |    Inf |  11.74%
  275m|264500 | 11186 |150446k| 568.8 |   655M |  65 |1076 |5185 |4295 |1072k|  0 | 352k|  17 | 0.000000e+00 |      --      |    Inf |  11.74%
  275m|264600 | 11188 |150502k| 568.8 |   655M |  65 |1076 |5278 |3992 |1072k|  1 | 352k|  17 | 0.000000e+00 |      --      |    Inf |  11.74%
  276m|264700 | 11179 |150576k| 568.8 |   655M |  65 |1076 |5225 |   0 |1073k|  0 | 353k|  17 | 0.000000e+00 |      --      |    Inf |  11.74%
  276m|264800 | 11181 |150616k| 568.8 |   656M |  65 |1076 |5177 |4298 |1073k|  1 | 353k|  17 | 0.000000e+00 |      --      |    Inf |  11.74%
  276m|264900 | 11185 |150675k| 568.8 |   656M |  65 |1076 |5116 |4879 |1073k|  0 | 353k|  17 | 0.000000e+00 |      --      |    Inf |  11.74%
  276m|265000 | 11190 |150754k| 568.9 |   656M |  65 |1076 |5153 |4889 |1073k|  0 | 353k|  17 | 0.000000e+00 |      --      |    Inf |  11.74%
  276m|265100 | 11187 |150835k| 569.0 |   656M |  65 |1076 |5227 |4888 |1073k|  1 | 353k|  17 | 0.000000e+00 |      --      |    Inf |  11.74%
  276m|265200 | 11179 |150910k| 569.0 |   656M |  65 |1076 |5111 |2361 |1074k|  2 | 353k|  17 | 0.000000e+00 |      --      |    Inf |  11.75%
  276m|265300 | 11187 |150994k| 569.1 |   656M |  65 |1076 |5028 |3220 |1074k|  2 | 353k|  17 | 0.000000e+00 |      --      |    Inf |  11.75%
  277m|265400 | 11183 |151076k| 569.2 |   656M |  65 |1076 |4998 |3466 |1075k|  2 | 354k|  17 | 0.000000e+00 |      --      |    Inf |  11.75%
  277m|265500 | 11188 |151127k| 569.2 |   656M |  65 |1076 |5140 |4253 |1075k|  0 | 354k|  17 | 0.000000e+00 |      --      |    Inf |  11.75%
  277m|265600 | 11179 |151179k| 569.2 |   656M |  65 |1076 |5197 |2850 |1075k|  0 | 354k|  17 | 0.000000e+00 |      --      |    Inf |  11.75%
 time | node  | left  |LP iter|LP it/n|mem/heur|mdpt |vars |cons |rows |cuts |sepa|confs|strbr|  dualbound   | primalbound  |  gap   | compl. 
  277m|265700 | 11178 |151232k| 569.2 |   656M |  65 |1076 |5090 |3808 |1075k|  2 | 354k|  17 | 0.000000e+00 |      --      |    Inf |  11.75%
  277m|265800 | 11169 |151293k| 569.2 |   656M |  65 |1076 |5065 |4121 |1075k|  0 | 354k|  17 | 0.000000e+00 |      --      |    Inf |  11.75%
  277m|265900 | 11167 |151344k| 569.2 |   656M |  65 |1076 |5015 |3961 |1075k|  0 | 354k|  17 | 0.000000e+00 |      --      |    Inf |  11.75%
  277m|266000 | 11169 |151392k| 569.1 |   656M |  65 |1076 |5133 |   0 |1075k|  0 | 354k|  17 | 0.000000e+00 |      --      |    Inf |  11.75%
  277m|266100 | 11168 |151451k| 569.1 |   656M |  65 |1076 |4868 |4258 |1076k|  1 | 355k|  17 | 0.000000e+00 |      --      |    Inf |  11.75%
  277m|266200 | 11165 |151506k| 569.1 |   657M |  65 |1076 |4796 |4284 |1076k|  1 | 355k|  17 | 0.000000e+00 |      --      |    Inf |  11.76%
  277m|266300 | 11159 |151556k| 569.1 |   657M |  65 |1076 |4762 |3850 |1076k|  0 | 355k|  17 | 0.000000e+00 |      --      |    Inf |  11.76%
  277m|266400 | 11164 |151617k| 569.1 |   657M |  65 |1076 |4714 |5366 |1077k|  1 | 355k|  17 | 0.000000e+00 |      --      |    Inf |  11.76%
  278m|266500 | 11169 |151682k| 569.2 |   657M |  65 |1076 |4787 |5367 |1077k|  1 | 355k|  17 | 0.000000e+00 |      --      |    Inf |  11.76%
  278m|266600 | 11166 |151742k| 569.2 |   657M |  65 |1076 |4906 |5366 |1077k|  0 | 355k|  17 | 0.000000e+00 |      --      |    Inf |  11.76%
  278m|266700 | 11169 |151795k| 569.2 |   657M |  65 |1076 |4993 |5368 |1077k|  1 | 355k|  17 | 0.000000e+00 |      --      |    Inf |  11.76%
  278m|266800 | 11166 |151861k| 569.2 |   657M |  65 |1076 |5090 |5366 |1077k|  0 | 356k|  17 | 0.000000e+00 |      --      |    Inf |  11.76%
  278m|266900 | 11157 |151919k| 569.2 |   657M |  65 |1076 |5062 |   0 |1077k|  0 | 356k|  17 | 0.000000e+00 |      --      |    Inf |  11.76%
  278m|267000 | 11161 |151984k| 569.2 |   657M |  65 |1076 |4913 |4802 |1077k|  1 | 356k|  17 | 0.000000e+00 |      --      |    Inf |  11.76%
  278m|267100 | 11155 |152040k| 569.2 |   657M |  65 |1076 |4877 |3844 |1077k|  2 | 356k|  17 | 0.000000e+00 |      --      |    Inf |  11.76%
 time | node  | left  |LP iter|LP it/n|mem/heur|mdpt |vars |cons |rows |cuts |sepa|confs|strbr|  dualbound   | primalbound  |  gap   | compl. 
  278m|267200 | 11147 |152105k| 569.2 |   657M |  65 |1076 |4727 |3766 |1078k|  0 | 356k|  17 | 0.000000e+00 |      --      |    Inf |  11.76%
  279m|267300 | 11141 |152175k| 569.3 |   657M |  65 |1076 |4564 |4494 |1078k|  0 | 356k|  17 | 0.000000e+00 |      --      |    Inf |  11.77%
  279m|267400 | 11127 |152235k| 569.3 |   657M |  65 |1076 |4412 |3323 |1078k|  2 | 356k|  17 | 0.000000e+00 |      --      |    Inf |  11.80%
  279m|267500 | 11126 |152288k| 569.3 |   657M |  65 |1076 |4335 |4082 |1078k|  0 | 357k|  17 | 0.000000e+00 |      --      |    Inf |  11.80%
  279m|267600 | 11147 |152345k| 569.3 |   657M |  65 |1076 |4345 |3232 |1078k|  2 | 357k|  17 | 0.000000e+00 |      --      |    Inf |  11.80%
  279m|267700 | 11138 |152402k| 569.3 |   657M |  65 |1076 |4472 |3606 |1078k|  2 | 357k|  17 | 0.000000e+00 |      --      |    Inf |  11.80%
  279m|267800 | 11132 |152452k| 569.3 |   657M |  65 |1076 |4602 |3635 |1079k|  0 | 357k|  17 | 0.000000e+00 |      --      |    Inf |  11.80%
  279m|267900 | 11129 |152514k| 569.3 |   657M |  65 |1076 |4516 |   0 |1079k|  0 | 357k|  17 | 0.000000e+00 |      --      |    Inf |  11.80%
  279m|268000 | 11139 |152572k| 569.3 |   657M |  65 |1076 |4302 |3681 |1079k|  1 | 357k|  17 | 0.000000e+00 |      --      |    Inf |  11.81%
  279m|268100 | 11146 |152638k| 569.3 |   658M |  65 |1076 |4207 |3142 |1080k|  2 | 357k|  17 | 0.000000e+00 |      --      |    Inf |  12.29%
  279m|268200 | 11157 |152702k| 569.4 |   658M |  65 |1076 |4206 |2726 |1081k|  1 | 357k|  17 | 0.000000e+00 |      --      |    Inf |  12.30%
  280m|268300 | 11158 |152772k| 569.4 |   658M |  65 |1076 |4178 |3806 |1082k|  0 | 358k|  17 | 0.000000e+00 |      --      |    Inf |  12.31%
  280m|268400 | 11151 |152824k| 569.4 |   658M |  65 |1076 |4074 |4218 |1082k|  1 | 358k|  17 | 0.000000e+00 |      --      |    Inf |  12.32%
  280m|268500 | 11163 |152871k| 569.3 |   658M |  65 |1076 |4186 |4220 |1082k|  1 | 358k|  17 | 0.000000e+00 |      --      |    Inf |  12.32%
  280m|268600 | 11158 |152918k| 569.3 |   658M |  65 |1076 |4267 |4447 |1082k|  1 | 358k|  17 | 0.000000e+00 |      --      |    Inf |  12.32%
 time | node  | left  |LP iter|LP it/n|mem/heur|mdpt |vars |cons |rows |cuts |sepa|confs|strbr|  dualbound   | primalbound  |  gap   | compl. 
  280m|268700 | 11159 |152973k| 569.3 |   659M |  65 |1076 |4387 |4449 |1082k|  1 | 358k|  17 | 0.000000e+00 |      --      |    Inf |  12.32%
  280m|268800 | 11153 |153028k| 569.3 |   659M |  65 |1076 |4318 |4027 |1082k|  2 | 358k|  17 | 0.000000e+00 |      --      |    Inf |  12.32%
  280m|268900 | 11152 |153083k| 569.3 |   659M |  65 |1076 |4385 |4188 |1083k|  1 | 358k|  17 | 0.000000e+00 |      --      |    Inf |  12.32%
  280m|269000 | 11129 |153141k| 569.3 |   659M |  65 |1076 |4223 |4372 |1083k|  0 | 359k|  17 | 0.000000e+00 |      --      |    Inf |  12.32%
  280m|269100 | 11135 |153209k| 569.3 |   661M |  65 |1076 |4021 |3690 |1083k|  2 | 359k|  17 | 0.000000e+00 |      --      |    Inf |  12.32%
  280m|269200 | 11139 |153272k| 569.4 |   661M |  65 |1076 |4072 |4262 |1084k|  0 | 359k|  17 | 0.000000e+00 |      --      |    Inf |  12.32%
  281m|269300 | 11144 |153334k| 569.4 |   661M |  65 |1076 |4157 |4108 |1084k|  0 | 359k|  17 | 0.000000e+00 |      --      |    Inf |  12.32%
  281m|269400 | 11152 |153397k| 569.4 |   661M |  65 |1076 |4247 |   0 |1084k|  0 | 359k|  17 | 0.000000e+00 |      --      |    Inf |  12.32%
  281m|269500 | 11148 |153480k| 569.5 |   661M |  65 |1076 |4191 |3763 |1085k|  2 | 359k|  17 | 0.000000e+00 |      --      |    Inf |  12.33%
  281m|269600 | 11151 |153551k| 569.5 |   661M |  65 |1076 |4371 |3837 |1085k|  1 | 359k|  17 | 0.000000e+00 |      --      |    Inf |  12.33%
  281m|269700 | 11146 |153621k| 569.6 |   661M |  65 |1076 |4308 |2904 |1085k|  2 | 360k|  17 | 0.000000e+00 |      --      |    Inf |  12.33%
  281m|269800 | 11144 |153680k| 569.6 |   661M |  65 |1076 |4312 |3198 |1086k|  2 | 360k|  17 | 0.000000e+00 |      --      |    Inf |  12.33%
  281m|269900 | 11143 |153753k| 569.7 |   661M |  65 |1076 |4319 |3604 |1086k|  0 | 360k|  17 | 0.000000e+00 |      --      |    Inf |  12.33%
  281m|270000 | 11150 |153817k| 569.7 |   661M |  65 |1076 |4352 |3599 |1087k|  2 | 360k|  17 | 0.000000e+00 |      --      |    Inf |  12.33%
  281m|270100 | 11152 |153870k| 569.7 |   661M |  65 |1076 |4529 |3617 |1087k|  0 | 360k|  17 | 0.000000e+00 |      --      |    Inf |  12.33%
 time | node  | left  |LP iter|LP it/n|mem/heur|mdpt |vars |cons |rows |cuts |sepa|confs|strbr|  dualbound   | primalbound  |  gap   | compl. 
  282m|270200 | 11152 |153929k| 569.7 |   661M |  65 |1076 |4685 |3617 |1087k|  0 | 360k|  17 | 0.000000e+00 |      --      |    Inf |  12.33%
  282m|270300 | 11167 |153980k| 569.7 |   661M |  65 |1076 |4801 |3630 |1087k|  0 | 360k|  17 | 0.000000e+00 |      --      |    Inf |  12.33%
  282m|270400 | 11149 |154034k| 569.6 |   661M |  65 |1076 |4983 |3635 |1087k|  0 | 361k|  17 | 0.000000e+00 |      --      |    Inf |  12.33%
  282m|270500 | 11167 |154089k| 569.6 |   661M |  65 |1076 |5127 |3644 |1087k|  2 | 361k|  17 | 0.000000e+00 |      --      |    Inf |  12.33%
  282m|270600 | 11154 |154146k| 569.6 |   661M |  65 |1076 |5266 |3629 |1087k|  0 | 361k|  17 | 0.000000e+00 |      --      |    Inf |  12.33%
  282m|270700 | 11152 |154202k| 569.6 |   661M |  65 |1076 |5234 |3608 |1087k|  1 | 361k|  17 | 0.000000e+00 |      --      |    Inf |  12.33%
  282m|270800 | 11148 |154268k| 569.7 |   661M |  65 |1076 |5296 |3612 |1087k|  0 | 361k|  17 | 0.000000e+00 |      --      |    Inf |  12.33%
  282m|270900 | 11153 |154330k| 569.7 |   661M |  65 |1076 |5449 |3640 |1087k|  0 | 362k|  17 | 0.000000e+00 |      --      |    Inf |  12.33%
  282m|271000 | 11155 |154400k| 569.7 |   661M |  65 |1076 |5553 |3620 |1087k|  2 | 362k|  17 | 0.000000e+00 |      --      |    Inf |  12.33%
  282m|271100 | 11164 |154474k| 569.8 |   662M |  65 |1076 |5691 |3675 |1087k|  0 | 362k|  17 | 0.000000e+00 |      --      |    Inf |  12.33%
  283m|271200 | 11159 |154550k| 569.9 |   662M |  65 |1076 |5828 |3697 |1087k|  0 | 362k|  17 | 0.000000e+00 |      --      |    Inf |  12.33%
  283m|271300 | 11167 |154619k| 569.9 |   662M |  65 |1076 |5940 |3698 |1087k|  2 | 362k|  17 | 0.000000e+00 |      --      |    Inf |  12.33%
  283m|271400 | 11177 |154676k| 569.9 |   662M |  65 |1076 |6005 |3699 |1087k|  0 | 362k|  17 | 0.000000e+00 |      --      |    Inf |  12.33%
  283m|271500 | 11160 |154734k| 569.9 |   662M |  65 |1076 |6179 |3698 |1087k|  0 | 363k|  17 | 0.000000e+00 |      --      |    Inf |  12.33%
  283m|271600 | 11153 |154795k| 569.9 |   662M |  65 |1076 |6290 |3708 |1087k|  1 | 363k|  17 | 0.000000e+00 |      --      |    Inf |  12.33%
 time | node  | left  |LP iter|LP it/n|mem/heur|mdpt |vars |cons |rows |cuts |sepa|confs|strbr|  dualbound   | primalbound  |  gap   | compl. 
  283m|271700 | 11151 |154853k| 569.9 |   663M |  65 |1076 |6451 |3662 |1087k|  1 | 363k|  17 | 0.000000e+00 |      --      |    Inf |  12.33%
  283m|271800 | 11159 |154935k| 570.0 |   663M |  65 |1076 |6168 |3635 |1088k|  2 | 363k|  17 | 0.000000e+00 |      --      |    Inf |  12.34%
  283m|271900 | 11190 |155016k| 570.1 |   663M |  65 |1076 |6081 |3609 |1088k|  2 | 363k|  17 | 0.000000e+00 |      --      |    Inf |  12.34%
  284m|272000 | 11207 |155099k| 570.2 |   663M |  65 |1076 |6074 |3639 |1088k|  2 | 363k|  17 | 0.000000e+00 |      --      |    Inf |  12.34%
  284m|272100 | 11219 |155158k| 570.2 |   663M |  65 |1076 |6215 |3642 |1088k|  0 | 363k|  17 | 0.000000e+00 |      --      |    Inf |  12.34%
  284m|272200 | 11240 |155232k| 570.3 |   663M |  65 |1076 |6289 |3629 |1088k|  1 | 363k|  17 | 0.000000e+00 |      --      |    Inf |  12.34%
  284m|272300 | 11251 |155303k| 570.3 |   663M |  65 |1076 |6331 |3629 |1088k|  1 | 364k|  17 | 0.000000e+00 |      --      |    Inf |  12.34%
  284m|272400 | 11249 |155358k| 570.3 |   663M |  65 |1076 |6479 |3627 |1089k|  1 | 364k|  17 | 0.000000e+00 |      --      |    Inf |  12.34%
  284m|272500 | 11257 |155417k| 570.3 |   663M |  65 |1076 |6624 |3639 |1089k|  0 | 364k|  17 | 0.000000e+00 |      --      |    Inf |  12.34%
  284m|272600 | 11265 |155480k| 570.4 |   663M |  65 |1076 |6780 |3644 |1089k|  2 | 364k|  17 | 0.000000e+00 |      --      |    Inf |  12.34%
  284m|272700 | 11284 |155559k| 570.4 |   663M |  65 |1076 |6819 |3675 |1089k|  1 | 364k|  17 | 0.000000e+00 |      --      |    Inf |  12.34%
  284m|272800 | 11286 |155633k| 570.5 |   663M |  65 |1076 |6952 |3674 |1089k|  0 | 364k|  17 | 0.000000e+00 |      --      |    Inf |  12.34%
  285m|272900 | 11280 |155709k| 570.6 |   663M |  65 |1076 |6921 |3665 |1089k|  2 | 364k|  17 | 0.000000e+00 |      --      |    Inf |  12.35%
  285m|273000 | 11289 |155773k| 570.6 |   663M |  65 |1076 |6907 |3631 |1089k|  1 | 365k|  17 | 0.000000e+00 |      --      |    Inf |  12.35%
  285m|273100 | 11296 |155827k| 570.6 |   663M |  65 |1076 |7003 |3647 |1089k|  1 | 365k|  17 | 0.000000e+00 |      --      |    Inf |  12.35%
 time | node  | left  |LP iter|LP it/n|mem/heur|mdpt |vars |cons |rows |cuts |sepa|confs|strbr|  dualbound   | primalbound  |  gap   | compl. 
  285m|273200 | 11309 |155910k| 570.7 |   663M |  65 |1076 |6998 |3646 |1089k|  0 | 365k|  17 | 0.000000e+00 |      --      |    Inf |  12.35%
  285m|273300 | 11305 |155964k| 570.7 |   663M |  65 |1076 |7125 |3614 |1090k|  2 | 365k|  17 | 0.000000e+00 |      --      |    Inf |  12.35%
  285m|273400 | 11335 |156042k| 570.7 |   663M |  65 |1076 |7106 |   0 |1090k|  0 | 365k|  17 | 0.000000e+00 |      --      |    Inf |  12.35%
  285m|273500 | 11335 |156101k| 570.7 |   663M |  65 |1076 |7085 |3678 |1090k|  1 | 365k|  17 | 0.000000e+00 |      --      |    Inf |  12.35%
  285m|273600 | 11341 |156170k| 570.8 |   663M |  65 |1076 |7063 |3639 |1090k|  2 | 365k|  17 | 0.000000e+00 |      --      |    Inf |  12.35%
  285m|273700 | 11321 |156227k| 570.8 |   663M |  65 |1076 |7040 |3643 |1090k|  0 | 365k|  17 | 0.000000e+00 |      --      |    Inf |  12.35%
  286m|273800 | 11342 |156305k| 570.9 |   663M |  65 |1076 |6954 |3648 |1090k|  2 | 365k|  17 | 0.000000e+00 |      --      |    Inf |  12.35%
  286m|273900 | 11358 |156380k| 570.9 |   663M |  65 |1076 |7068 |3658 |1090k|  2 | 366k|  17 | 0.000000e+00 |      --      |    Inf |  12.35%
  286m|274000 | 11357 |156453k| 571.0 |   663M |  65 |1076 |7197 |3659 |1090k|  2 | 366k|  17 | 0.000000e+00 |      --      |    Inf |  12.35%
  286m|274100 | 11365 |156517k| 571.0 |   663M |  65 |1076 |7356 |3677 |1090k|  0 | 366k|  17 | 0.000000e+00 |      --      |    Inf |  12.35%
  286m|274200 | 11363 |156573k| 571.0 |   663M |  65 |1076 |7443 |3639 |1091k|  1 | 366k|  17 | 0.000000e+00 |      --      |    Inf |  12.35%
  286m|274300 | 11383 |156651k| 571.1 |   663M |  65 |1076 |7553 |3656 |1091k|  1 | 366k|  17 | 0.000000e+00 |      --      |    Inf |  12.35%
  286m|274400 | 11377 |156701k| 571.1 |   663M |  65 |1076 |7768 |3657 |1091k|  0 | 366k|  17 | 0.000000e+00 |      --      |    Inf |  12.35%
  286m|274500 | 11376 |156771k| 571.1 |   663M |  65 |1076 |7880 |3647 |1091k|  0 | 367k|  17 | 0.000000e+00 |      --      |    Inf |  12.35%
  287m|274600 | 11381 |156834k| 571.1 |   663M |  65 |1076 |7991 |3605 |1091k|  2 | 367k|  17 | 0.000000e+00 |      --      |    Inf |  12.35%
 time | node  | left  |LP iter|LP it/n|mem/heur|mdpt |vars |cons |rows |cuts |sepa|confs|strbr|  dualbound   | primalbound  |  gap   | compl. 
  287m|274700 | 11385 |156897k| 571.2 |   663M |  65 |1076 |8137 |3618 |1091k|  0 | 367k|  17 | 0.000000e+00 |      --      |    Inf |  12.35%
  287m|274800 | 11384 |156972k| 571.2 |   663M |  65 |1076 |8167 |3622 |1091k|  2 | 367k|  17 | 0.000000e+00 |      --      |    Inf |  12.35%
  287m|274900 | 11376 |157039k| 571.3 |   663M |  65 |1076 |7779 |3634 |1091k|  1 | 367k|  17 | 0.000000e+00 |      --      |    Inf |  12.36%
  287m|275000 | 11386 |157116k| 571.3 |   663M |  65 |1076 |7629 |3677 |1091k|  0 | 367k|  17 | 0.000000e+00 |      --      |    Inf |  12.36%
  287m|275100 | 11403 |157198k| 571.4 |   663M |  65 |1076 |7741 |3673 |1091k|  1 | 368k|  17 | 0.000000e+00 |      --      |    Inf |  12.36%
  287m|275200 | 11402 |157249k| 571.4 |   663M |  65 |1076 |7956 |3687 |1092k|  1 | 368k|  17 | 0.000000e+00 |      --      |    Inf |  12.36%
  287m|275300 | 11408 |157304k| 571.4 |   663M |  65 |1076 |8173 |3704 |1092k|  2 | 368k|  17 | 0.000000e+00 |      --      |    Inf |  12.36%
  287m|275400 | 11407 |157363k| 571.4 |   664M |  65 |1076 |8373 |3727 |1092k|  2 | 368k|  17 | 0.000000e+00 |      --      |    Inf |  12.36%
  288m|275500 | 11404 |157414k| 571.4 |   664M |  65 |1076 |8560 |3745 |1092k|  1 | 368k|  17 | 0.000000e+00 |      --      |    Inf |  12.36%
  288m|275600 | 11402 |157474k| 571.4 |   664M |  65 |1076 |8795 |3680 |1092k|  1 | 369k|  17 | 0.000000e+00 |      --      |    Inf |  12.36%
  288m|275700 | 11397 |157524k| 571.4 |   664M |  65 |1076 |8939 |3659 |1092k|  0 | 369k|  17 | 0.000000e+00 |      --      |    Inf |  12.36%
  288m|275800 | 11402 |157581k| 571.4 |   664M |  65 |1076 |8568 |3651 |1092k|  1 | 369k|  17 | 0.000000e+00 |      --      |    Inf |  12.36%
  288m|275900 | 11396 |157640k| 571.4 |   664M |  65 |1076 |8348 |3679 |1092k|  1 | 369k|  17 | 0.000000e+00 |      --      |    Inf |  12.36%
  288m|276000 | 11383 |157689k| 571.3 |   664M |  65 |1076 |8193 |3726 |1092k|  1 | 369k|  17 | 0.000000e+00 |      --      |    Inf |  12.36%
  288m|276100 | 11388 |157762k| 571.4 |   664M |  65 |1076 |8118 |3731 |1092k|  1 | 370k|  17 | 0.000000e+00 |      --      |    Inf |  12.36%
 time | node  | left  |LP iter|LP it/n|mem/heur|mdpt |vars |cons |rows |cuts |sepa|confs|strbr|  dualbound   | primalbound  |  gap   | compl. 
  288m|276200 | 11394 |157823k| 571.4 |   664M |  65 |1076 |8004 |3733 |1092k|  0 | 370k|  17 | 0.000000e+00 |      --      |    Inf |  12.36%
  288m|276300 | 11412 |157859k| 571.3 |   664M |  65 |1076 |7945 |   0 |1092k|  0 | 370k|  17 | 0.000000e+00 |      --      |    Inf |  12.36%
  288m|276400 | 11411 |157886k| 571.2 |   664M |  65 |1076 |7830 |3620 |1092k|  0 | 370k|  17 | 0.000000e+00 |      --      |    Inf |  12.36%
  288m|276500 | 11414 |157915k| 571.1 |   664M |  65 |1076 |7627 |3670 |1092k|  0 | 370k|  17 | 0.000000e+00 |      --      |    Inf |  12.36%
  288m|276600 | 11416 |157947k| 571.0 |   664M |  65 |1076 |7583 |3643 |1092k|  2 | 370k|  17 | 0.000000e+00 |      --      |    Inf |  12.36%
  288m|276700 | 11396 |157978k| 570.9 |   664M |  65 |1076 |7454 |3572 |1092k|  2 | 370k|  17 | 0.000000e+00 |      --      |    Inf |  12.36%
  289m|276800 | 11410 |158019k| 570.9 |   664M |  65 |1076 |7585 |3594 |1092k|  0 | 370k|  17 | 0.000000e+00 |      --      |    Inf |  12.36%
  289m|276900 | 11413 |158060k| 570.8 |   664M |  65 |1076 |7756 |3598 |1092k|  0 | 371k|  17 | 0.000000e+00 |      --      |    Inf |  12.36%
  289m|277000 | 11409 |158096k| 570.7 |   664M |  65 |1076 |7909 |3588 |1092k|  0 | 371k|  17 | 0.000000e+00 |      --      |    Inf |  12.36%
  289m|277100 | 11403 |158134k| 570.7 |   664M |  65 |1076 |7991 |3624 |1092k|  1 | 371k|  17 | 0.000000e+00 |      --      |    Inf |  12.36%
  289m|277200 | 11394 |158168k| 570.6 |   664M |  65 |1076 |7028 |4622 |1093k|  0 | 371k|  17 | 0.000000e+00 |      --      |    Inf |  12.36%
  289m|277300 | 11395 |158205k| 570.5 |   664M |  65 |1076 |6708 |2607 |1093k|  0 | 371k|  17 | 0.000000e+00 |      --      |    Inf |  12.36%
  289m|277400 | 11401 |158266k| 570.5 |   664M |  65 |1076 |6193 |3728 |1093k|  1 | 371k|  17 | 0.000000e+00 |      --      |    Inf |  12.37%
  289m|277500 | 11406 |158308k| 570.5 |   664M |  65 |1076 |5880 |3070 |1093k|  0 | 371k|  17 | 0.000000e+00 |      --      |    Inf |  12.37%
  289m|277600 | 11406 |158380k| 570.5 |   664M |  65 |1076 |5552 |2881 |1094k|  0 | 372k|  17 | 0.000000e+00 |      --      |    Inf |  12.37%
 time | node  | left  |LP iter|LP it/n|mem/heur|mdpt |vars |cons |rows |cuts |sepa|confs|strbr|  dualbound   | primalbound  |  gap   | compl. 
  289m|277700 | 11402 |158473k| 570.7 |   664M |  65 |1076 |5252 |5007 |1094k|  0 | 372k|  17 | 0.000000e+00 |      --      |    Inf |  12.37%
  289m|277800 | 11410 |158546k| 570.7 |   664M |  65 |1076 |5005 |3088 |1095k|  2 | 372k|  17 | 0.000000e+00 |      --      |    Inf |  12.40%
  289m|277900 | 11416 |158611k| 570.7 |   664M |  65 |1076 |5111 |3755 |1095k|  2 | 372k|  17 | 0.000000e+00 |      --      |    Inf |  12.40%
  290m|278000 | 11411 |158679k| 570.8 |   664M |  65 |1076 |5310 |3738 |1095k|  0 | 372k|  17 | 0.000000e+00 |      --      |    Inf |  12.40%
  290m|278100 | 11404 |158733k| 570.8 |   664M |  65 |1076 |5222 |3847 |1095k|  0 | 372k|  17 | 0.000000e+00 |      --      |    Inf |  12.40%
  290m|278200 | 11394 |158794k| 570.8 |   664M |  65 |1076 |5043 |4653 |1095k|  0 | 373k|  17 | 0.000000e+00 |      --      |    Inf |  12.40%
  290m|278300 | 11394 |158869k| 570.8 |   664M |  65 |1076 |4726 |3980 |1095k|  0 | 373k|  17 | 0.000000e+00 |      --      |    Inf |  12.40%
  290m|278400 | 11393 |158928k| 570.9 |   664M |  65 |1076 |4511 |4656 |1095k|  1 | 373k|  17 | 0.000000e+00 |      --      |    Inf |  12.40%
  290m|278500 | 11397 |158996k| 570.9 |   664M |  65 |1076 |4225 |3021 |1095k|  2 | 373k|  17 | 0.000000e+00 |      --      |    Inf |  12.41%
  290m|278600 | 11391 |159051k| 570.9 |   665M |  65 |1076 |4062 |2621 |1096k|  2 | 373k|  17 | 0.000000e+00 |      --      |    Inf |  12.41%
  290m|278700 | 11387 |159118k| 570.9 |   665M |  65 |1076 |3972 |   0 |1096k|  0 | 373k|  17 | 0.000000e+00 |      --      |    Inf |  12.41%
  291m|278800 | 11388 |159191k| 571.0 |   666M |  65 |1076 |3819 |4170 |1096k|  0 | 373k|  17 | 0.000000e+00 |      --      |    Inf |  12.47%
  291m|278900 | 11380 |159259k| 571.0 |   666M |  65 |1076 |3778 |3970 |1096k|  2 | 374k|  17 | 0.000000e+00 |      --      |    Inf |  12.47%
  291m|279000 | 11373 |159324k| 571.0 |   666M |  65 |1076 |3667 |   0 |1097k|  0 | 374k|  17 | 0.000000e+00 |      --      |    Inf |  12.52%
  291m|279100 | 11360 |159381k| 571.0 |   666M |  65 |1076 |3592 |2804 |1097k|  2 | 374k|  17 | 0.000000e+00 |      --      |    Inf |  12.53%
 time | node  | left  |LP iter|LP it/n|mem/heur|mdpt |vars |cons |rows |cuts |sepa|confs|strbr|  dualbound   | primalbound  |  gap   | compl. 
  291m|279200 | 11364 |159452k| 571.1 |   666M |  65 |1076 |3689 |4490 |1097k|  1 | 374k|  17 | 0.000000e+00 |      --      |    Inf |  12.54%
  291m|279300 | 11366 |159505k| 571.1 |   666M |  65 |1076 |3775 |2754 |1097k|  0 | 374k|  17 | 0.000000e+00 |      --      |    Inf |  12.54%
  291m|279400 | 11367 |159556k| 571.1 |   666M |  65 |1076 |3835 |2856 |1098k|  0 | 374k|  17 | 0.000000e+00 |      --      |    Inf |  12.54%
  291m|279500 | 11364 |159621k| 571.1 |   666M |  65 |1076 |3917 |4492 |1098k|  0 | 374k|  17 | 0.000000e+00 |      --      |    Inf |  12.54%
  291m|279600 | 11357 |159673k| 571.1 |   666M |  65 |1076 |3887 |3317 |1098k|  0 | 375k|  17 | 0.000000e+00 |      --      |    Inf |  12.54%
  291m|279700 | 11367 |159730k| 571.1 |   666M |  65 |1076 |3957 |3833 |1098k|  1 | 375k|  17 | 0.000000e+00 |      --      |    Inf |  12.54%
  292m|279800 | 11362 |159779k| 571.0 |   666M |  65 |1076 |4017 |4493 |1099k|  1 | 375k|  17 | 0.000000e+00 |      --      |    Inf |  12.54%
  292m|279900 | 11350 |159841k| 571.1 |   666M |  65 |1076 |4051 |4008 |1099k|  2 | 375k|  17 | 0.000000e+00 |      --      |    Inf |  12.54%
  292m|280000 | 11344 |159912k| 571.1 |   666M |  65 |1076 |4052 |3388 |1099k|  0 | 375k|  17 | 0.000000e+00 |      --      |    Inf |  12.55%
  292m|280100 | 11349 |159967k| 571.1 |   666M |  65 |1076 |4039 |4116 |1099k|  0 | 375k|  17 | 0.000000e+00 |      --      |    Inf |  12.55%
  292m|280200 | 11356 |160041k| 571.2 |   666M |  65 |1076 |4127 |3805 |1100k|  0 | 375k|  17 | 0.000000e+00 |      --      |    Inf |  12.55%
  292m|280300 | 11344 |160093k| 571.1 |   666M |  65 |1076 |4120 |4484 |1100k|  0 | 376k|  17 | 0.000000e+00 |      --      |    Inf |  12.55%
  292m|280400 | 11362 |160157k| 571.2 |   666M |  65 |1076 |4162 |2941 |1101k|  0 | 376k|  17 | 0.000000e+00 |      --      |    Inf |  12.55%
  292m|280500 | 11368 |160211k| 571.2 |   666M |  65 |1076 |4252 |2761 |1102k|  0 | 376k|  17 | 0.000000e+00 |      --      |    Inf |  12.56%
  292m|280600 | 11368 |160283k| 571.2 |   666M |  65 |1076 |4383 |3321 |1102k|  2 | 376k|  17 | 0.000000e+00 |      --      |    Inf |  12.56%
 time | node  | left  |LP iter|LP it/n|mem/heur|mdpt |vars |cons |rows |cuts |sepa|confs|strbr|  dualbound   | primalbound  |  gap   | compl. 
  292m|280700 | 11358 |160352k| 571.3 |   666M |  65 |1076 |4473 |   0 |1102k|  0 | 376k|  17 | 0.000000e+00 |      --      |    Inf |  12.56%
  293m|280800 | 11359 |160429k| 571.3 |   666M |  65 |1076 |4387 |4166 |1103k|  0 | 376k|  17 | 0.000000e+00 |      --      |    Inf |  12.56%
  293m|280900 | 11363 |160493k| 571.3 |   666M |  65 |1076 |4507 |4724 |1103k|  1 | 376k|  17 | 0.000000e+00 |      --      |    Inf |  12.56%
  293m|281000 | 11371 |160559k| 571.4 |   666M |  65 |1076 |4658 |4709 |1103k|  1 | 377k|  17 | 0.000000e+00 |      --      |    Inf |  12.56%
  293m|281100 | 11370 |160634k| 571.4 |   666M |  65 |1076 |4829 |4711 |1103k|  0 | 377k|  17 | 0.000000e+00 |      --      |    Inf |  12.56%
  293m|281200 | 11361 |160698k| 571.5 |   666M |  65 |1076 |4932 |4724 |1103k|  1 | 377k|  17 | 0.000000e+00 |      --      |    Inf |  12.56%
  293m|281300 | 11359 |160749k| 571.4 |   666M |  65 |1076 |4784 |2854 |1103k|  2 | 377k|  17 | 0.000000e+00 |      --      |    Inf |  12.57%
  293m|281400 | 11362 |160815k| 571.5 |   667M |  65 |1076 |4766 |4769 |1104k|  0 | 377k|  17 | 0.000000e+00 |      --      |    Inf |  12.57%
  293m|281500 | 11369 |160867k| 571.5 |   667M |  65 |1076 |4824 |3831 |1104k|  0 | 377k|  17 | 0.000000e+00 |      --      |    Inf |  12.57%
  294m|281600 | 11375 |160900k| 571.4 |   667M |  65 |1076 |4939 |3834 |1104k|  1 | 378k|  17 | 0.000000e+00 |      --      |    Inf |  12.57%
  294m|281700 | 11372 |160922k| 571.2 |   667M |  65 |1076 |5065 |3838 |1104k|  1 | 378k|  17 | 0.000000e+00 |      --      |    Inf |  12.59%
  294m|281800 | 11370 |160968k| 571.2 |   667M |  65 |1076 |5000 |3560 |1104k|  1 | 378k|  17 | 0.000000e+00 |      --      |    Inf |  12.59%
  294m|281900 | 11377 |161020k| 571.2 |   667M |  65 |1076 |4919 |4117 |1104k|  1 | 378k|  17 | 0.000000e+00 |      --      |    Inf |  12.64%
  294m|282000 | 11372 |161087k| 571.2 |   667M |  65 |1076 |4917 |3446 |1105k|  2 | 378k|  17 | 0.000000e+00 |      --      |    Inf |  12.64%
  294m|282100 | 11369 |161140k| 571.2 |   667M |  65 |1076 |4735 |2485 |1105k|  2 | 378k|  17 | 0.000000e+00 |      --      |    Inf |  12.65%
 time | node  | left  |LP iter|LP it/n|mem/heur|mdpt |vars |cons |rows |cuts |sepa|confs|strbr|  dualbound   | primalbound  |  gap   | compl. 
  294m|282200 | 11377 |161180k| 571.1 |   667M |  65 |1076 |4706 |2503 |1106k|  2 | 378k|  17 | 0.000000e+00 |      --      |    Inf |  12.65%
  294m|282300 | 11361 |161239k| 571.2 |   667M |  65 |1076 |4463 |4355 |1106k|  0 | 379k|  17 | 0.000000e+00 |      --      |    Inf |  12.65%
  294m|282400 | 11370 |161302k| 571.2 |   667M |  65 |1076 |4570 |4176 |1106k|  1 | 379k|  17 | 0.000000e+00 |      --      |    Inf |  12.65%
  294m|282500 | 11366 |161354k| 571.2 |   667M |  65 |1076 |4794 |4176 |1106k|  1 | 379k|  17 | 0.000000e+00 |      --      |    Inf |  12.65%
  294m|282600 | 11370 |161402k| 571.1 |   667M |  65 |1076 |4989 |4180 |1106k|  1 | 379k|  17 | 0.000000e+00 |      --      |    Inf |  12.65%
  294m|282700 | 11366 |161452k| 571.1 |   667M |  65 |1076 |5102 |2606 |1107k|  2 | 379k|  17 | 0.000000e+00 |      --      |    Inf |  12.65%
  295m|282800 | 11368 |161518k| 571.1 |   667M |  65 |1076 |5102 |3987 |1107k|  0 | 379k|  17 | 0.000000e+00 |      --      |    Inf |  12.65%
  295m|282900 | 11347 |161589k| 571.2 |   667M |  65 |1076 |4827 |4702 |1107k|  2 | 380k|  17 | 0.000000e+00 |      --      |    Inf |  12.68%
  295m|283000 | 11353 |161653k| 571.2 |   667M |  65 |1076 |4784 |3394 |1107k|  0 | 380k|  17 | 0.000000e+00 |      --      |    Inf |  12.68%
  295m|283100 | 11363 |161706k| 571.2 |   667M |  65 |1076 |4747 |4160 |1107k|  2 | 380k|  17 | 0.000000e+00 |      --      |    Inf |  12.69%
  295m|283200 | 11368 |161766k| 571.2 |   667M |  65 |1076 |4731 |3914 |1108k|  2 | 380k|  17 | 0.000000e+00 |      --      |    Inf |  12.69%
  295m|283300 | 11371 |161813k| 571.2 |   667M |  65 |1076 |4786 |3921 |1108k|  1 | 380k|  17 | 0.000000e+00 |      --      |    Inf |  12.69%
  295m|283400 | 11364 |161873k| 571.2 |   667M |  65 |1076 |4779 |3805 |1108k|  0 | 380k|  17 | 0.000000e+00 |      --      |    Inf |  12.69%
  295m|283500 | 11362 |161929k| 571.2 |   667M |  65 |1076 |4801 |3910 |1108k|  0 | 380k|  17 | 0.000000e+00 |      --      |    Inf |  12.69%
  295m|283600 | 11369 |161988k| 571.2 |   667M |  65 |1076 |4778 |3909 |1108k|  2 | 380k|  17 | 0.000000e+00 |      --      |    Inf |  12.69%
 time | node  | left  |LP iter|LP it/n|mem/heur|mdpt |vars |cons |rows |cuts |sepa|confs|strbr|  dualbound   | primalbound  |  gap   | compl. 
  296m|283700 | 11382 |162053k| 571.2 |   668M |  65 |1076 |4821 |3930 |1108k|  2 | 381k|  17 | 0.000000e+00 |      --      |    Inf |  12.69%
  296m|283800 | 11398 |162110k| 571.2 |   669M |  65 |1076 |4909 |3922 |1108k|  1 | 381k|  17 | 0.000000e+00 |      --      |    Inf |  12.69%
  296m|283900 | 11396 |162171k| 571.2 |   669M |  65 |1076 |5013 |3923 |1108k|  0 | 381k|  17 | 0.000000e+00 |      --      |    Inf |  12.69%
  296m|284000 | 11383 |162243k| 571.3 |   669M |  65 |1076 |5046 |2543 |1108k|  2 | 381k|  17 | 0.000000e+00 |      --      |    Inf |  12.69%
  296m|284100 | 11369 |162307k| 571.3 |   669M |  65 |1076 |4809 |2750 |1108k|  2 | 381k|  17 | 0.000000e+00 |      --      |    Inf |  12.69%
  296m|284200 | 11360 |162367k| 571.3 |   669M |  65 |1076 |4716 |3767 |1109k|  2 | 381k|  17 | 0.000000e+00 |      --      |    Inf |  12.70%
  296m|284300 | 11366 |162439k| 571.4 |   669M |  65 |1076 |4599 |2669 |1109k|  2 | 381k|  17 | 0.000000e+00 |      --      |    Inf |  12.70%
  296m|284400 | 11356 |162488k| 571.3 |   669M |  65 |1076 |4614 |4476 |1110k|  1 | 382k|  17 | 0.000000e+00 |      --      |    Inf |  12.70%
  296m|284500 | 11346 |162545k| 571.3 |   669M |  65 |1076 |4577 |3488 |1110k|  2 | 382k|  17 | 0.000000e+00 |      --      |    Inf |  12.70%
  296m|284600 | 11352 |162603k| 571.3 |   669M |  65 |1076 |4651 |4589 |1110k|  0 | 382k|  17 | 0.000000e+00 |      --      |    Inf |  12.70%
  297m|284700 | 11355 |162669k| 571.4 |   669M |  65 |1076 |4691 |2691 |1110k|  2 | 382k|  17 | 0.000000e+00 |      --      |    Inf |  12.70%
  297m|284800 | 11353 |162734k| 571.4 |   669M |  65 |1076 |4782 |4284 |1111k|  0 | 382k|  17 | 0.000000e+00 |      --      |    Inf |  12.70%
  297m|284900 | 11367 |162796k| 571.4 |   669M |  65 |1076 |4871 |4282 |1111k|  1 | 382k|  17 | 0.000000e+00 |      --      |    Inf |  12.70%
  297m|285000 | 11358 |162861k| 571.4 |   669M |  65 |1076 |5000 |4281 |1111k|  1 | 382k|  17 | 0.000000e+00 |      --      |    Inf |  12.70%
  297m|285100 | 11360 |162915k| 571.4 |   669M |  65 |1076 |5073 |4283 |1111k|  1 | 382k|  17 | 0.000000e+00 |      --      |    Inf |  12.70%
 time | node  | left  |LP iter|LP it/n|mem/heur|mdpt |vars |cons |rows |cuts |sepa|confs|strbr|  dualbound   | primalbound  |  gap   | compl. 
  297m|285200 | 11354 |162970k| 571.4 |   669M |  65 |1076 |4970 |3039 |1112k|  2 | 383k|  17 | 0.000000e+00 |      --      |    Inf |  12.70%
  297m|285300 | 11355 |163039k| 571.5 |   669M |  65 |1076 |4903 |2792 |1112k|  2 | 383k|  17 | 0.000000e+00 |      --      |    Inf |  12.70%
  297m|285400 | 11347 |163114k| 571.5 |   669M |  65 |1076 |4973 |4263 |1113k|  0 | 383k|  17 | 0.000000e+00 |      --      |    Inf |  12.70%
  297m|285500 | 11359 |163188k| 571.6 |   670M |  65 |1076 |4485 |2587 |1113k|  2 | 383k|  17 | 0.000000e+00 |      --      |    Inf |  12.74%
  298m|285600 | 11390 |163252k| 571.6 |   670M |  65 |1076 |4446 |3500 |1114k|  0 | 383k|  17 | 0.000000e+00 |      --      |    Inf |  12.74%
  298m|285700 | 11378 |163302k| 571.6 |   670M |  65 |1076 |4547 |4298 |1114k|  1 | 383k|  17 | 0.000000e+00 |      --      |    Inf |  12.74%
  298m|285800 | 11372 |163376k| 571.6 |   670M |  65 |1076 |4444 |3740 |1114k|  1 | 383k|  17 | 0.000000e+00 |      --      |    Inf |  12.74%
  298m|285900 | 11355 |163440k| 571.7 |   670M |  65 |1076 |4369 |4933 |1114k|  0 | 384k|  17 | 0.000000e+00 |      --      |    Inf |  12.75%
  298m|286000 | 11363 |163521k| 571.7 |   670M |  65 |1076 |4313 |3163 |1115k|  0 | 384k|  17 | 0.000000e+00 |      --      |    Inf |  12.76%
  298m|286100 | 11380 |163589k| 571.8 |   670M |  65 |1076 |4380 |3191 |1115k|  0 | 384k|  17 | 0.000000e+00 |      --      |    Inf |  12.76%
  298m|286200 | 11375 |163646k| 571.8 |   670M |  65 |1076 |4475 |3582 |1115k|  2 | 384k|  17 | 0.000000e+00 |      --      |    Inf |  12.76%
  298m|286300 | 11368 |163714k| 571.8 |   670M |  65 |1076 |4409 |4425 |1115k|  0 | 384k|  17 | 0.000000e+00 |      --      |    Inf |  12.76%
  299m|286400 | 11361 |163774k| 571.8 |   670M |  65 |1076 |4285 |   0 |1116k|  0 | 384k|  17 | 0.000000e+00 |      --      |    Inf |  12.76%
  299m|286500 | 11364 |163839k| 571.9 |   670M |  65 |1076 |4233 |2814 |1117k|  1 | 384k|  17 | 0.000000e+00 |      --      |    Inf |  12.77%
  299m|286600 | 11359 |163889k| 571.8 |   670M |  65 |1076 |4364 |2920 |1117k|  0 | 385k|  17 | 0.000000e+00 |      --      |    Inf |  12.77%
 time | node  | left  |LP iter|LP it/n|mem/heur|mdpt |vars |cons |rows |cuts |sepa|confs|strbr|  dualbound   | primalbound  |  gap   | compl. 
  299m|286700 | 11364 |163948k| 571.8 |   670M |  65 |1076 |4379 |4193 |1117k|  1 | 385k|  17 | 0.000000e+00 |      --      |    Inf |  12.77%
  299m|286800 | 11381 |164011k| 571.9 |   670M |  65 |1076 |4378 |4194 |1117k|  0 | 385k|  17 | 0.000000e+00 |      --      |    Inf |  12.77%
  299m|286900 | 11371 |164064k| 571.8 |   670M |  65 |1076 |4432 |4207 |1117k|  1 | 385k|  17 | 0.000000e+00 |      --      |    Inf |  12.77%
  299m|287000 | 11361 |164112k| 571.8 |   670M |  65 |1076 |4428 |4350 |1117k|  0 | 385k|  17 | 0.000000e+00 |      --      |    Inf |  12.78%
  299m|287100 | 11362 |164172k| 571.8 |   670M |  65 |1076 |4468 |4310 |1118k|  0 | 385k|  17 | 0.000000e+00 |      --      |    Inf |  12.78%
  299m|287200 | 11355 |164235k| 571.8 |   670M |  65 |1076 |4291 |4346 |1118k|  1 | 385k|  17 | 0.000000e+00 |      --      |    Inf |  12.79%
  300m|287300 | 11365 |164308k| 571.9 |   670M |  65 |1076 |4188 |3380 |1119k|  2 | 385k|  17 | 0.000000e+00 |      --      |    Inf |  12.79%
  300m|287400 | 11366 |164366k| 571.9 |   670M |  65 |1076 |4252 |4130 |1119k|  2 | 386k|  17 | 0.000000e+00 |      --      |    Inf |  12.79%
  300m|287500 | 11372 |164436k| 571.9 |   670M |  65 |1076 |4361 |4185 |1119k|  2 | 386k|  17 | 0.000000e+00 |      --      |    Inf |  12.79%
  300m|287600 | 11379 |164491k| 571.9 |   670M |  65 |1076 |4483 |5687 |1119k|  1 | 386k|  17 | 0.000000e+00 |      --      |    Inf |  12.79%
  300m|287700 | 11376 |164552k| 572.0 |   670M |  65 |1076 |4609 |5684 |1119k|  1 | 386k|  17 | 0.000000e+00 |      --      |    Inf |  12.79%
  300m|287800 | 11365 |164609k| 571.9 |   671M |  65 |1076 |4563 |4589 |1119k|  0 | 386k|  17 | 0.000000e+00 |      --      |    Inf |  12.80%
  300m|287900 | 11366 |164669k| 572.0 |   671M |  65 |1076 |4532 |4412 |1119k|  1 | 386k|  17 | 0.000000e+00 |      --      |    Inf |  12.80%
  301m|288000 | 11372 |164734k| 572.0 |   672M |  65 |1076 |4534 |2893 |1120k|  2 | 386k|  17 | 0.000000e+00 |      --      |    Inf |  12.80%
  301m|288100 | 11364 |164800k| 572.0 |   672M |  65 |1076 |4393 |   0 |1120k|  0 | 387k|  17 | 0.000000e+00 |      --      |    Inf |  12.80%
 time | node  | left  |LP iter|LP it/n|mem/heur|mdpt |vars |cons |rows |cuts |sepa|confs|strbr|  dualbound   | primalbound  |  gap   | compl. 
  301m|288200 | 11371 |164850k| 572.0 |   672M |  65 |1076 |4478 |3863 |1120k|  0 | 387k|  17 | 0.000000e+00 |      --      |    Inf |  12.80%
  301m|288300 | 11370 |164912k| 572.0 |   672M |  65 |1076 |4320 |4656 |1120k|  1 | 387k|  17 | 0.000000e+00 |      --      |    Inf |  12.81%
  301m|288400 | 11361 |164968k| 572.0 |   672M |  65 |1076 |4184 |4019 |1121k|  0 | 387k|  17 | 0.000000e+00 |      --      |    Inf |  12.81%
  301m|288500 | 11363 |165035k| 572.0 |   672M |  65 |1076 |4000 |3446 |1121k|  2 | 387k|  17 | 0.000000e+00 |      --      |    Inf |  12.81%
  301m|288600 | 11364 |165109k| 572.1 |   672M |  65 |1076 |3899 |4368 |1121k|  0 | 387k|  17 | 0.000000e+00 |      --      |    Inf |  12.82%
  302m|288700 | 11381 |165188k| 572.2 |   672M |  65 |1076 |3950 |4364 |1121k|  1 | 387k|  17 | 0.000000e+00 |      --      |    Inf |  12.82%
  302m|288800 | 11392 |165256k| 572.2 |   672M |  65 |1076 |3906 |3794 |1121k|  1 | 388k|  17 | 0.000000e+00 |      --      |    Inf |  12.82%
  302m|288900 | 11388 |165337k| 572.3 |   672M |  65 |1076 |3979 |3804 |1121k|  0 | 388k|  17 | 0.000000e+00 |      --      |    Inf |  12.82%
  302m|289000 | 11390 |165416k| 572.4 |   672M |  65 |1076 |4056 |5194 |1121k|  0 | 388k|  17 | 0.000000e+00 |      --      |    Inf |  12.82%
  302m|289100 | 11383 |165475k| 572.4 |   672M |  65 |1076 |4062 |3793 |1121k|  0 | 388k|  17 | 0.000000e+00 |      --      |    Inf |  12.82%
  302m|289200 | 11385 |165537k| 572.4 |   672M |  65 |1076 |4058 |4735 |1121k|  0 | 388k|  17 | 0.000000e+00 |      --      |    Inf |  12.82%
  303m|289300 | 11389 |165593k| 572.4 |   673M |  65 |1076 |3953 |4385 |1121k|  1 | 388k|  17 | 0.000000e+00 |      --      |    Inf |  12.84%
  303m|289400 | 11406 |165671k| 572.5 |   673M |  65 |1076 |3949 |4832 |1121k|  0 | 388k|  17 | 0.000000e+00 |      --      |    Inf |  12.84%
  303m|289500 | 11397 |165738k| 572.5 |   674M |  65 |1076 |4049 |4831 |1121k|  1 | 389k|  17 | 0.000000e+00 |      --      |    Inf |  12.84%
  303m|289600 | 11411 |165800k| 572.5 |   674M |  65 |1076 |4025 |4394 |1122k|  1 | 389k|  17 | 0.000000e+00 |      --      |    Inf |  12.84%
 time | node  | left  |LP iter|LP it/n|mem/heur|mdpt |vars |cons |rows |cuts |sepa|confs|strbr|  dualbound   | primalbound  |  gap   | compl. 
  303m|289700 | 11409 |165848k| 572.5 |   674M |  65 |1076 |4101 |3429 |1122k|  2 | 389k|  17 | 0.000000e+00 |      --      |    Inf |  12.84%
  303m|289800 | 11406 |165923k| 572.5 |   674M |  65 |1076 |4066 |3778 |1122k|  0 | 389k|  17 | 0.000000e+00 |      --      |    Inf |  12.85%
  303m|289900 | 11390 |165981k| 572.5 |   674M |  65 |1076 |4004 |3729 |1122k|  0 | 389k|  17 | 0.000000e+00 |      --      |    Inf |  12.85%
  303m|290000 | 11395 |166039k| 572.5 |   674M |  65 |1076 |3966 |4950 |1123k|  1 | 389k|  17 | 0.000000e+00 |      --      |    Inf |  12.85%
  304m|290100 | 11395 |166091k| 572.5 |   674M |  65 |1076 |3987 |4389 |1123k|  0 | 389k|  17 | 0.000000e+00 |      --      |    Inf |  12.85%
  304m|290200 | 11405 |166158k| 572.6 |   674M |  65 |1076 |3966 |4626 |1123k|  2 | 390k|  17 | 0.000000e+00 |      --      |    Inf |  12.85%
  304m|290300 | 11389 |166212k| 572.5 |   674M |  65 |1076 |4044 |2572 |1123k|  0 | 390k|  17 | 0.000000e+00 |      --      |    Inf |  12.86%
  304m|290400 | 11380 |166272k| 572.6 |   674M |  65 |1076 |4075 |2524 |1123k|  2 | 390k|  17 | 0.000000e+00 |      --      |    Inf |  12.86%
  304m|290500 | 11388 |166327k| 572.5 |   674M |  65 |1076 |3988 |4156 |1123k|  0 | 390k|  17 | 0.000000e+00 |      --      |    Inf |  12.86%
  304m|290600 | 11402 |166376k| 572.5 |   674M |  65 |1076 |4078 |4956 |1123k|  1 | 390k|  17 | 0.000000e+00 |      --      |    Inf |  12.86%
  304m|290700 | 11372 |166429k| 572.5 |   675M |  65 |1076 |3982 |3576 |1123k|  2 | 390k|  17 | 0.000000e+00 |      --      |    Inf |  12.86%
  304m|290800 | 11370 |166489k| 572.5 |   675M |  65 |1076 |3886 |4248 |1124k|  0 | 391k|  17 | 0.000000e+00 |      --      |    Inf |  12.86%
  305m|290900 | 11404 |166562k| 572.6 |   675M |  65 |1076 |3894 |   0 |1124k|  0 | 391k|  17 | 0.000000e+00 |      --      |    Inf |  12.86%
  305m|291000 | 11407 |166628k| 572.6 |   675M |  65 |1076 |3970 |3687 |1124k|  0 | 391k|  17 | 0.000000e+00 |      --      |    Inf |  12.86%
  305m|291100 | 11387 |166690k| 572.6 |   675M |  65 |1076 |3865 |4199 |1124k|  1 | 391k|  17 | 0.000000e+00 |      --      |    Inf |  12.87%
 time | node  | left  |LP iter|LP it/n|mem/heur|mdpt |vars |cons |rows |cuts |sepa|confs|strbr|  dualbound   | primalbound  |  gap   | compl. 
  305m|291200 | 11371 |166742k| 572.6 |   675M |  65 |1076 |3827 |4259 |1124k|  1 | 391k|  17 | 0.000000e+00 |      --      |    Inf |  12.87%
  305m|291300 | 11371 |166800k| 572.6 |   675M |  65 |1076 |3847 |2758 |1125k|  2 | 391k|  17 | 0.000000e+00 |      --      |    Inf |  12.87%
  305m|291400 | 11368 |166868k| 572.6 |   675M |  65 |1076 |3916 |4444 |1126k|  1 | 391k|  17 | 0.000000e+00 |      --      |    Inf |  12.87%
  305m|291500 | 11370 |166949k| 572.7 |   676M |  65 |1076 |3827 |3521 |1126k|  2 | 392k|  17 | 0.000000e+00 |      --      |    Inf |  12.87%
  305m|291600 | 11366 |167023k| 572.8 |   676M |  65 |1076 |3860 |3331 |1126k|  1 | 392k|  17 | 0.000000e+00 |      --      |    Inf |  12.87%
  306m|291700 | 11372 |167080k| 572.8 |   676M |  65 |1076 |3833 |   0 |1126k|  0 | 392k|  17 | 0.000000e+00 |      --      |    Inf |  12.87%
  306m|291800 | 11379 |167167k| 572.9 |   676M |  65 |1076 |3879 |3547 |1126k|  2 | 392k|  17 | 0.000000e+00 |      --      |    Inf |  12.88%
  306m|291900 | 11377 |167234k| 572.9 |   676M |  65 |1076 |3965 |3585 |1126k|  2 | 392k|  17 | 0.000000e+00 |      --      |    Inf |  12.88%
  306m|292000 | 11398 |167298k| 572.9 |   676M |  65 |1076 |4036 |3600 |1127k|  0 | 392k|  17 | 0.000000e+00 |      --      |    Inf |  12.88%
  306m|292100 | 11391 |167342k| 572.9 |   676M |  65 |1076 |4102 |3608 |1127k|  1 | 392k|  17 | 0.000000e+00 |      --      |    Inf |  12.88%
  306m|292200 | 11390 |167408k| 572.9 |   676M |  65 |1076 |4117 |4921 |1127k|  1 | 392k|  17 | 0.000000e+00 |      --      |    Inf |  12.88%
  306m|292300 | 11398 |167473k| 572.9 |   676M |  65 |1076 |4159 |3591 |1127k|  0 | 392k|  17 | 0.000000e+00 |      --      |    Inf |  12.88%
  307m|292400 | 11394 |167524k| 572.9 |   676M |  65 |1076 |4187 |4600 |1127k|  1 | 393k|  17 | 0.000000e+00 |      --      |    Inf |  12.88%
  307m|292500 | 11392 |167591k| 573.0 |   677M |  65 |1076 |4201 |3508 |1127k|  2 | 393k|  17 | 0.000000e+00 |      --      |    Inf |  12.88%
  307m|292600 | 11392 |167649k| 573.0 |   677M |  65 |1076 |4244 |5049 |1127k|  1 | 393k|  17 | 0.000000e+00 |      --      |    Inf |  12.88%
 time | node  | left  |LP iter|LP it/n|mem/heur|mdpt |vars |cons |rows |cuts |sepa|confs|strbr|  dualbound   | primalbound  |  gap   | compl. 
  307m|292700 | 11390 |167696k| 572.9 |   677M |  65 |1076 |4369 |3210 |1127k|  0 | 393k|  17 | 0.000000e+00 |      --      |    Inf |  12.88%
  307m|292800 | 11385 |167749k| 572.9 |   677M |  65 |1076 |4475 |3293 |1127k|  1 | 393k|  17 | 0.000000e+00 |      --      |    Inf |  12.88%
  307m|292900 | 11388 |167800k| 572.9 |   677M |  65 |1076 |4515 |3416 |1128k|  2 | 393k|  17 | 0.000000e+00 |      --      |    Inf |  12.88%
  307m|293000 | 11386 |167868k| 572.9 |   677M |  65 |1076 |4568 |4922 |1128k|  0 | 393k|  17 | 0.000000e+00 |      --      |    Inf |  12.88%
  307m|293100 | 11382 |167937k| 573.0 |   677M |  65 |1076 |4664 |3931 |1128k|  0 | 394k|  17 | 0.000000e+00 |      --      |    Inf |  12.89%
  308m|293200 | 11380 |167992k| 573.0 |   677M |  65 |1076 |4607 |4133 |1128k|  1 | 394k|  17 | 0.000000e+00 |      --      |    Inf |  12.89%
  308m|293300 | 11376 |168054k| 573.0 |   677M |  65 |1076 |4524 |3758 |1128k|  2 | 394k|  17 | 0.000000e+00 |      --      |    Inf |  12.89%
  308m|293400 | 11363 |168122k| 573.0 |   677M |  65 |1076 |4347 |2895 |1128k|  1 | 394k|  17 | 0.000000e+00 |      --      |    Inf |  12.90%
  308m|293500 | 11360 |168184k| 573.0 |   677M |  65 |1076 |4300 |4748 |1128k|  2 | 394k|  17 | 0.000000e+00 |      --      |    Inf |  12.90%
  308m|293600 | 11367 |168250k| 573.1 |   677M |  65 |1076 |4261 |4549 |1128k|  0 | 394k|  17 | 0.000000e+00 |      --      |    Inf |  12.90%
  308m|293700 | 11374 |168306k| 573.0 |   677M |  65 |1076 |4202 |5313 |1129k|  0 | 394k|  17 | 0.000000e+00 |      --      |    Inf |  12.90%
  308m|293800 | 11377 |168373k| 573.1 |   677M |  65 |1076 |4258 |3225 |1129k|  0 | 394k|  17 | 0.000000e+00 |      --      |    Inf |  12.90%
  308m|293900 | 11376 |168434k| 573.1 |   677M |  65 |1076 |4171 |4524 |1129k|  0 | 395k|  17 | 0.000000e+00 |      --      |    Inf |  12.91%
  309m|294000 | 11378 |168506k| 573.1 |   677M |  65 |1076 |4129 |4317 |1129k|  1 | 395k|  17 | 0.000000e+00 |      --      |    Inf |  12.91%
  309m|294100 | 11372 |168579k| 573.2 |   677M |  65 |1076 |4062 |5576 |1130k|  0 | 395k|  17 | 0.000000e+00 |      --      |    Inf |  12.91%
 time | node  | left  |LP iter|LP it/n|mem/heur|mdpt |vars |cons |rows |cuts |sepa|confs|strbr|  dualbound   | primalbound  |  gap   | compl. 
  309m|294200 | 11363 |168653k| 573.3 |   677M |  65 |1076 |3936 |2871 |1131k|  0 | 395k|  17 | 0.000000e+00 |      --      |    Inf |  12.92%
  309m|294300 | 11356 |168712k| 573.3 |   677M |  65 |1076 |3907 |2773 |1131k|  2 | 395k|  17 | 0.000000e+00 |      --      |    Inf |  12.92%
  309m|294400 | 11368 |168782k| 573.3 |   677M |  65 |1076 |3932 |3028 |1131k|  2 | 395k|  17 | 0.000000e+00 |      --      |    Inf |  12.92%
  309m|294500 | 11362 |168836k| 573.3 |   677M |  65 |1076 |3898 |4801 |1131k|  0 | 395k|  17 | 0.000000e+00 |      --      |    Inf |  12.92%
  309m|294600 | 11365 |168901k| 573.3 |   677M |  65 |1076 |3986 |4814 |1131k|  1 | 396k|  17 | 0.000000e+00 |      --      |    Inf |  12.92%
  310m|294700 | 11378 |168971k| 573.4 |   677M |  65 |1076 |4074 |4563 |1131k|  1 | 396k|  17 | 0.000000e+00 |      --      |    Inf |  12.93%
  310m|294800 | 11378 |169043k| 573.4 |   677M |  65 |1076 |4180 |4730 |1131k|  0 | 396k|  17 | 0.000000e+00 |      --      |    Inf |  12.93%
  310m|294900 | 11410 |169120k| 573.5 |   677M |  65 |1076 |4266 |4728 |1131k|  1 | 396k|  17 | 0.000000e+00 |      --      |    Inf |  12.93%
  310m|295000 | 11410 |169185k| 573.5 |   677M |  65 |1076 |4394 |4735 |1131k|  0 | 396k|  17 | 0.000000e+00 |      --      |    Inf |  12.93%
  310m|295100 | 11412 |169251k| 573.5 |   677M |  65 |1076 |4536 |   0 |1131k|  0 | 396k|  17 | 0.000000e+00 |      --      |    Inf |  12.93%
  311m|295200 | 11424 |169324k| 573.6 |   677M |  65 |1076 |4621 |4564 |1132k|  0 | 396k|  17 | 0.000000e+00 |      --      |    Inf |  12.93%
  311m|295300 | 11418 |169385k| 573.6 |   677M |  65 |1076 |4596 |3934 |1132k|  0 | 397k|  17 | 0.000000e+00 |      --      |    Inf |  12.93%
  311m|295400 | 11429 |169447k| 573.6 |   677M |  65 |1076 |4639 |4148 |1132k|  0 | 397k|  17 | 0.000000e+00 |      --      |    Inf |  12.93%
  311m|295500 | 11433 |169492k| 573.6 |   677M |  65 |1076 |4749 |4157 |1132k|  1 | 397k|  17 | 0.000000e+00 |      --      |    Inf |  12.93%
  311m|295600 | 11432 |169544k| 573.6 |   677M |  65 |1076 |4890 |4160 |1132k|  1 | 397k|  17 | 0.000000e+00 |      --      |    Inf |  12.93%
 time | node  | left  |LP iter|LP it/n|mem/heur|mdpt |vars |cons |rows |cuts |sepa|confs|strbr|  dualbound   | primalbound  |  gap   | compl. 
  311m|295700 | 11428 |169597k| 573.5 |   677M |  65 |1076 |5019 |4152 |1132k|  0 | 397k|  17 | 0.000000e+00 |      --      |    Inf |  12.93%
  311m|295800 | 11427 |169655k| 573.5 |   677M |  65 |1076 |5107 |4146 |1132k|  0 | 397k|  17 | 0.000000e+00 |      --      |    Inf |  12.93%
  311m|295900 | 11432 |169712k| 573.5 |   677M |  65 |1076 |5229 |4163 |1132k|  1 | 397k|  17 | 0.000000e+00 |      --      |    Inf |  12.93%
  311m|296000 | 11436 |169775k| 573.6 |   677M |  65 |1076 |5157 |2837 |1132k|  2 | 397k|  17 | 0.000000e+00 |      --      |    Inf |  12.93%
  312m|296100 | 11436 |169836k| 573.6 |   677M |  65 |1076 |4990 |2941 |1133k|  0 | 398k|  17 | 0.000000e+00 |      --      |    Inf |  12.93%
  312m|296200 | 11441 |169896k| 573.6 |   677M |  65 |1076 |4786 |3123 |1133k|  0 | 398k|  17 | 0.000000e+00 |      --      |    Inf |  12.93%
  312m|296300 | 11442 |169974k| 573.7 |   677M |  65 |1076 |4672 |3664 |1133k|  0 | 398k|  17 | 0.000000e+00 |      --      |    Inf |  12.94%
  312m|296400 | 11424 |170047k| 573.7 |   677M |  65 |1076 |4636 |4411 |1133k|  0 | 398k|  17 | 0.000000e+00 |      --      |    Inf |  12.95%
  312m|296500 | 11423 |170119k| 573.7 |   677M |  65 |1076 |4427 |2711 |1134k|  0 | 398k|  17 | 0.000000e+00 |      --      |    Inf |  12.97%
  312m|296600 | 11428 |170201k| 573.8 |   677M |  65 |1076 |4238 |3890 |1135k|  2 | 398k|  17 | 0.000000e+00 |      --      |    Inf |  12.99%
  312m|296700 | 11422 |170255k| 573.8 |   677M |  65 |1076 |4215 |4378 |1135k|  0 | 398k|  17 | 0.000000e+00 |      --      |    Inf |  12.99%
  313m|296800 | 11420 |170318k| 573.8 |   677M |  65 |1076 |4252 |3913 |1135k|  1 | 399k|  17 | 0.000000e+00 |      --      |    Inf |  13.00%
  313m|296900 | 11430 |170367k| 573.8 |   678M |  65 |1076 |4345 |   0 |1135k|  0 | 399k|  17 | 0.000000e+00 |      --      |    Inf |  13.00%
  313m|297000 | 11425 |170416k| 573.8 |   678M |  65 |1076 |4479 |2886 |1136k|  2 | 399k|  17 | 0.000000e+00 |      --      |    Inf |  13.00%
  313m|297100 | 11435 |170476k| 573.8 |   678M |  65 |1076 |4525 |3734 |1136k|  0 | 399k|  17 | 0.000000e+00 |      --      |    Inf |  13.00%
 time | node  | left  |LP iter|LP it/n|mem/heur|mdpt |vars |cons |rows |cuts |sepa|confs|strbr|  dualbound   | primalbound  |  gap   | compl. 
  313m|297200 | 11434 |170537k| 573.8 |   678M |  65 |1076 |4444 |2755 |1136k|  0 | 399k|  17 | 0.000000e+00 |      --      |    Inf |  13.00%
  313m|297300 | 11431 |170598k| 573.8 |   678M |  65 |1076 |4426 |5115 |1136k|  0 | 399k|  17 | 0.000000e+00 |      --      |    Inf |  13.01%
  313m|297400 | 11427 |170663k| 573.8 |   678M |  65 |1076 |4463 |3419 |1136k|  1 | 399k|  17 | 0.000000e+00 |      --      |    Inf |  13.01%
  313m|297500 | 11430 |170714k| 573.8 |   678M |  65 |1076 |4448 |2590 |1137k|  0 | 400k|  17 | 0.000000e+00 |      --      |    Inf |  13.01%
  313m|297600 | 11419 |170772k| 573.8 |   678M |  65 |1076 |4494 |3892 |1137k|  0 | 400k|  17 | 0.000000e+00 |      --      |    Inf |  13.01%
  314m|297700 | 11410 |170842k| 573.9 |   678M |  65 |1076 |4537 |5297 |1137k|  1 | 400k|  17 | 0.000000e+00 |      --      |    Inf |  13.01%
  314m|297800 | 11396 |170899k| 573.9 |   678M |  65 |1076 |4516 |2822 |1138k|  0 | 400k|  17 | 0.000000e+00 |      --      |    Inf |  13.01%
  314m|297900 | 11403 |170993k| 574.0 |   678M |  65 |1076 |4557 |2822 |1139k|  2 | 400k|  17 | 0.000000e+00 |      --      |    Inf |  13.02%
  314m|298000 | 11395 |171051k| 574.0 |   678M |  65 |1076 |4521 |2902 |1139k|  2 | 400k|  17 | 0.000000e+00 |      --      |    Inf |  13.02%
  314m|298100 | 11401 |171111k| 574.0 |   678M |  65 |1076 |4457 |3189 |1140k|  2 | 400k|  17 | 0.000000e+00 |      --      |    Inf |  13.02%
  314m|298200 | 11395 |171175k| 574.0 |   678M |  65 |1076 |4413 |4086 |1140k|  2 | 401k|  17 | 0.000000e+00 |      --      |    Inf |  13.02%
  314m|298300 | 11386 |171239k| 574.0 |   678M |  65 |1076 |4370 |2472 |1140k|  0 | 401k|  17 | 0.000000e+00 |      --      |    Inf |  13.02%
  315m|298400 | 11379 |171296k| 574.0 |   678M |  65 |1076 |4222 |3810 |1140k|  1 | 401k|  17 | 0.000000e+00 |      --      |    Inf |  13.03%
  315m|298500 | 11395 |171363k| 574.1 |   678M |  65 |1076 |4200 |4242 |1140k|  1 | 401k|  17 | 0.000000e+00 |      --      |    Inf |  13.03%
  315m|298600 | 11395 |171438k| 574.1 |   678M |  65 |1076 |4212 |3755 |1141k|  1 | 401k|  17 | 0.000000e+00 |      --      |    Inf |  13.03%
 time | node  | left  |LP iter|LP it/n|mem/heur|mdpt |vars |cons |rows |cuts |sepa|confs|strbr|  dualbound   | primalbound  |  gap   | compl. 
  315m|298700 | 11392 |171488k| 574.1 |   678M |  65 |1076 |4116 |4382 |1141k|  0 | 401k|  17 | 0.000000e+00 |      --      |    Inf |  13.03%
  315m|298800 | 11408 |171547k| 574.1 |   678M |  65 |1076 |4204 |3966 |1141k|  0 | 401k|  17 | 0.000000e+00 |      --      |    Inf |  13.04%
  315m|298900 | 11422 |171608k| 574.1 |   678M |  65 |1076 |4187 |4491 |1141k|  1 | 402k|  17 | 0.000000e+00 |      --      |    Inf |  13.04%
  315m|299000 | 11418 |171656k| 574.1 |   678M |  65 |1076 |4260 |3747 |1141k|  2 | 402k|  17 | 0.000000e+00 |      --      |    Inf |  13.04%
  316m|299100 | 11438 |171725k| 574.1 |   678M |  65 |1076 |4355 |4150 |1141k|  1 | 402k|  17 | 0.000000e+00 |      --      |    Inf |  13.04%
  316m|299200 | 11438 |171789k| 574.2 |   678M |  65 |1076 |4491 |4155 |1141k|  0 | 402k|  17 | 0.000000e+00 |      --      |    Inf |  13.04%
  316m|299300 | 11434 |171855k| 574.2 |   678M |  65 |1076 |4638 |4149 |1141k|  0 | 402k|  17 | 0.000000e+00 |      --      |    Inf |  13.04%
  316m|299400 | 11449 |171922k| 574.2 |   678M |  65 |1076 |4779 |4149 |1141k|  1 | 402k|  17 | 0.000000e+00 |      --      |    Inf |  13.04%
  316m|299500 | 11472 |171995k| 574.3 |   678M |  65 |1076 |4838 |4160 |1141k|  0 | 402k|  17 | 0.000000e+00 |      --      |    Inf |  13.04%
  316m|299600 | 11488 |172067k| 574.3 |   678M |  65 |1076 |4930 |   0 |1142k|  0 | 403k|  17 | 0.000000e+00 |      --      |    Inf |  13.04%
  316m|299700 | 11493 |172133k| 574.3 |   679M |  65 |1076 |4983 |4160 |1142k|  1 | 403k|  17 | 0.000000e+00 |      --      |    Inf |  13.04%
  316m|299800 | 11486 |172191k| 574.3 |   679M |  65 |1076 |5028 |4161 |1142k|  0 | 403k|  17 | 0.000000e+00 |      --      |    Inf |  13.04%
  317m|299900 | 11500 |172258k| 574.4 |   679M |  65 |1076 |5081 |   0 |1142k|  0 | 403k|  17 | 0.000000e+00 |      --      |    Inf |  13.04%
  317m|300000 | 11507 |172313k| 574.4 |   679M |  65 |1076 |5137 |4175 |1142k|  0 | 403k|  17 | 0.000000e+00 |      --      |    Inf |  13.04%
  317m|300100 | 11505 |172372k| 574.4 |   679M |  65 |1076 |5263 |4176 |1142k|  0 | 403k|  17 | 0.000000e+00 |      --      |    Inf |  13.04%
 time | node  | left  |LP iter|LP it/n|mem/heur|mdpt |vars |cons |rows |cuts |sepa|confs|strbr|  dualbound   | primalbound  |  gap   | compl. 
  317m|300200 | 11489 |172423k| 574.4 |   679M |  65 |1076 |5308 |4164 |1142k|  2 | 403k|  17 | 0.000000e+00 |      --      |    Inf |  13.04%
  317m|300300 | 11497 |172499k| 574.4 |   679M |  65 |1076 |5400 |4155 |1142k|  1 | 404k|  17 | 0.000000e+00 |      --      |    Inf |  13.04%
  317m|300400 | 11499 |172578k| 574.5 |   679M |  65 |1076 |5392 |3536 |1142k|  2 | 404k|  17 | 0.000000e+00 |      --      |    Inf |  13.04%
  317m|300500 | 11497 |172651k| 574.5 |   679M |  65 |1076 |5143 |4167 |1142k|  2 | 404k|  17 | 0.000000e+00 |      --      |    Inf |  13.04%
  317m|300600 | 11503 |172715k| 574.6 |   679M |  65 |1076 |5216 |4162 |1142k|  0 | 404k|  17 | 0.000000e+00 |      --      |    Inf |  13.04%
  318m|300700 | 11500 |172771k| 574.6 |   679M |  65 |1076 |4980 |3267 |1142k|  2 | 404k|  17 | 0.000000e+00 |      --      |    Inf |  13.04%
  318m|300800 | 11493 |172825k| 574.5 |   679M |  65 |1076 |4821 |3887 |1142k|  2 | 404k|  17 | 0.000000e+00 |      --      |    Inf |  13.09%
  318m|300900 | 11505 |172892k| 574.6 |   679M |  65 |1076 |4596 |   0 |1142k|  0 | 404k|  17 | 0.000000e+00 |      --      |    Inf |  13.10%
  318m|301000 | 11504 |172962k| 574.6 |   679M |  65 |1076 |4487 |4965 |1143k|  0 | 405k|  17 | 0.000000e+00 |      --      |    Inf |  13.11%
  318m|301100 | 11511 |173031k| 574.7 |   679M |  65 |1076 |4507 |5006 |1144k|  2 | 405k|  17 | 0.000000e+00 |      --      |    Inf |  13.11%
  318m|301200 | 11514 |173085k| 574.6 |   679M |  65 |1076 |4552 |2686 |1145k|  2 | 405k|  17 | 0.000000e+00 |      --      |    Inf |  13.11%
  318m|301300 | 11520 |173164k| 574.7 |   679M |  65 |1076 |4433 |3142 |1145k|  0 | 405k|  17 | 0.000000e+00 |      --      |    Inf |  13.11%
  319m|301400 | 11527 |173255k| 574.8 |   679M |  65 |1076 |4315 |4444 |1146k|  1 | 405k|  17 | 0.000000e+00 |      --      |    Inf |  13.11%
  319m|301500 | 11538 |173334k| 574.9 |   679M |  65 |1076 |4322 |   0 |1146k|  0 | 405k|  17 | 0.000000e+00 |      --      |    Inf |  13.12%
  319m|301600 | 11535 |173391k| 574.9 |   679M |  65 |1076 |4437 |4181 |1146k|  1 | 405k|  17 | 0.000000e+00 |      --      |    Inf |  13.12%
 time | node  | left  |LP iter|LP it/n|mem/heur|mdpt |vars |cons |rows |cuts |sepa|confs|strbr|  dualbound   | primalbound  |  gap   | compl. 
  319m|301700 | 11544 |173443k| 574.9 |   681M |  65 |1076 |4553 |4183 |1146k|  0 | 405k|  17 | 0.000000e+00 |      --      |    Inf |  13.12%
  319m|301800 | 11541 |173484k| 574.8 |   681M |  65 |1076 |4683 |4187 |1146k|  1 | 406k|  17 | 0.000000e+00 |      --      |    Inf |  13.12%
  319m|301900 | 11516 |173534k| 574.8 |   681M |  65 |1076 |4591 |3908 |1146k|  1 | 406k|  17 | 0.000000e+00 |      --      |    Inf |  13.12%
  319m|302000 | 11520 |173608k| 574.9 |   681M |  65 |1076 |4348 |4621 |1146k|  0 | 406k|  17 | 0.000000e+00 |      --      |    Inf |  13.12%
  319m|302100 | 11509 |173676k| 574.9 |   681M |  65 |1076 |4136 |3029 |1146k|  0 | 406k|  17 | 0.000000e+00 |      --      |    Inf |  13.13%
  320m|302200 | 11522 |173737k| 574.9 |   681M |  65 |1076 |4126 |   0 |1147k|  0 | 406k|  17 | 0.000000e+00 |      --      |    Inf |  13.13%
  320m|302300 | 11528 |173798k| 574.9 |   681M |  65 |1076 |4283 |4053 |1147k|  1 | 406k|  17 | 0.000000e+00 |      --      |    Inf |  13.13%
  320m|302400 | 11533 |173850k| 574.9 |   681M |  65 |1076 |4353 |4122 |1147k|  0 | 406k|  17 | 0.000000e+00 |      --      |    Inf |  13.13%
  320m|302500 | 11526 |173901k| 574.9 |   681M |  65 |1076 |4372 |   0 |1147k|  0 | 407k|  17 | 0.000000e+00 |      --      |    Inf |  13.13%
  320m|302600 | 11528 |173964k| 574.9 |   681M |  65 |1076 |4383 |4833 |1147k|  0 | 407k|  17 | 0.000000e+00 |      --      |    Inf |  13.13%
  320m|302700 | 11532 |174022k| 574.9 |   681M |  65 |1076 |4509 |4833 |1147k|  1 | 407k|  17 | 0.000000e+00 |      --      |    Inf |  13.13%
  320m|302800 | 11532 |174071k| 574.9 |   681M |  65 |1076 |4605 |   0 |1147k|  0 | 407k|  17 | 0.000000e+00 |      --      |    Inf |  13.13%
  320m|302900 | 11517 |174127k| 574.9 |   681M |  65 |1076 |4489 |4083 |1147k|  1 | 407k|  17 | 0.000000e+00 |      --      |    Inf |  13.13%
  320m|303000 | 11507 |174181k| 574.8 |   681M |  65 |1076 |4298 |4190 |1147k|  2 | 407k|  17 | 0.000000e+00 |      --      |    Inf |  13.14%
  320m|303100 | 11513 |174247k| 574.9 |   681M |  65 |1076 |4194 |2704 |1148k|  2 | 408k|  17 | 0.000000e+00 |      --      |    Inf |  13.14%
 time | node  | left  |LP iter|LP it/n|mem/heur|mdpt |vars |cons |rows |cuts |sepa|confs|strbr|  dualbound   | primalbound  |  gap   | compl. 
  321m|303200 | 11521 |174296k| 574.8 |   681M |  65 |1076 |4294 |4827 |1148k|  0 | 408k|  17 | 0.000000e+00 |      --      |    Inf |  13.14%
  321m|303300 | 11531 |174361k| 574.9 |   681M |  65 |1076 |4392 |2688 |1149k|  0 | 408k|  17 | 0.000000e+00 |      --      |    Inf |  13.14%
  321m|303400 | 11539 |174434k| 574.9 |   681M |  65 |1076 |4584 |3100 |1150k|  2 | 408k|  17 | 0.000000e+00 |      --      |    Inf |  13.14%
  321m|303500 | 11541 |174492k| 574.9 |   681M |  65 |1076 |4754 |2792 |1150k|  0 | 408k|  17 | 0.000000e+00 |      --      |    Inf |  13.14%
  321m|303600 | 11539 |174559k| 575.0 |   681M |  65 |1076 |4892 |3177 |1151k|  2 | 408k|  17 | 0.000000e+00 |      --      |    Inf |  13.14%
  321m|303700 | 11535 |174611k| 574.9 |   681M |  65 |1076 |5012 |3250 |1152k|  1 | 408k|  17 | 0.000000e+00 |      --      |    Inf |  13.14%
  321m|303800 | 11538 |174675k| 575.0 |   681M |  65 |1076 |5123 |4874 |1152k|  2 | 409k|  17 | 0.000000e+00 |      --      |    Inf |  13.14%
  321m|303900 | 11532 |174729k| 575.0 |   681M |  65 |1076 |5240 |4989 |1152k|  0 | 409k|  17 | 0.000000e+00 |      --      |    Inf |  13.14%
  321m|304000 | 11528 |174772k| 574.9 |   681M |  65 |1076 |5337 |4989 |1152k|  0 | 409k|  17 | 0.000000e+00 |      --      |    Inf |  13.14%
  322m|304100 | 11526 |174823k| 574.9 |   681M |  65 |1076 |5423 |4944 |1152k|  1 | 409k|  17 | 0.000000e+00 |      --      |    Inf |  13.14%
  322m|304200 | 11538 |174897k| 574.9 |   681M |  65 |1076 |5323 |5154 |1152k|  0 | 409k|  17 | 0.000000e+00 |      --      |    Inf |  13.14%
  322m|304300 | 11542 |174974k| 575.0 |   681M |  65 |1076 |5236 |3072 |1153k|  2 | 409k|  17 | 0.000000e+00 |      --      |    Inf |  13.14%
  322m|304400 | 11543 |175051k| 575.1 |   681M |  65 |1076 |5215 |3403 |1153k|  1 | 409k|  17 | 0.000000e+00 |      --      |    Inf |  13.14%
  322m|304500 | 11545 |175137k| 575.2 |   681M |  65 |1076 |5272 |3379 |1153k|  0 | 409k|  17 | 0.000000e+00 |      --      |    Inf |  13.14%
  322m|304600 | 11544 |175206k| 575.2 |   681M |  65 |1076 |5225 |3857 |1153k|  2 | 410k|  17 | 0.000000e+00 |      --      |    Inf |  13.14%
 time | node  | left  |LP iter|LP it/n|mem/heur|mdpt |vars |cons |rows |cuts |sepa|confs|strbr|  dualbound   | primalbound  |  gap   | compl. 
  323m|304700 | 11549 |175252k| 575.2 |   681M |  65 |1076 |5363 |3854 |1153k|  2 | 410k|  17 | 0.000000e+00 |      --      |    Inf |  13.14%
  323m|304800 | 11538 |175289k| 575.1 |   681M |  65 |1076 |5482 |3853 |1153k|  2 | 410k|  17 | 0.000000e+00 |      --      |    Inf |  13.14%
  323m|304900 | 11530 |175356k| 575.1 |   681M |  65 |1076 |5328 |4737 |1154k|  1 | 410k|  17 | 0.000000e+00 |      --      |    Inf |  13.24%
  323m|305000 | 11521 |175401k| 575.1 |   681M |  65 |1076 |5283 |   0 |1154k|  0 | 410k|  17 | 0.000000e+00 |      --      |    Inf |  13.24%
  323m|305100 | 11539 |175470k| 575.1 |   681M |  65 |1076 |5073 |2506 |1154k|  3 | 410k|  17 | 0.000000e+00 |      --      |    Inf |  13.24%
  323m|305200 | 11540 |175539k| 575.2 |   681M |  65 |1076 |4965 |   0 |1155k|  0 | 410k|  17 | 0.000000e+00 |      --      |    Inf |  13.25%
  323m|305300 | 11538 |175612k| 575.2 |   681M |  65 |1076 |4567 |4968 |1155k|  1 | 411k|  17 | 0.000000e+00 |      --      |    Inf |  13.25%
  323m|305400 | 11536 |175669k| 575.2 |   681M |  65 |1076 |4521 |5540 |1155k|  0 | 411k|  17 | 0.000000e+00 |      --      |    Inf |  13.27%
  323m|305500 | 11530 |175726k| 575.2 |   681M |  65 |1076 |4531 |3016 |1155k|  2 | 411k|  17 | 0.000000e+00 |      --      |    Inf |  13.27%
  324m|305600 | 11534 |175790k| 575.2 |   681M |  65 |1076 |4537 |3768 |1156k|  2 | 411k|  17 | 0.000000e+00 |      --      |    Inf |  13.27%
  324m|305700 | 11536 |175842k| 575.2 |   681M |  65 |1076 |4582 |4883 |1156k|  1 | 411k|  17 | 0.000000e+00 |      --      |    Inf |  13.27%
  324m|305800 | 11534 |175914k| 575.3 |   681M |  65 |1076 |4488 |4248 |1156k|  1 | 411k|  17 | 0.000000e+00 |      --      |    Inf |  13.27%
  324m|305900 | 11517 |175973k| 575.3 |   681M |  65 |1076 |4369 |3932 |1156k|  0 | 411k|  17 | 0.000000e+00 |      --      |    Inf |  13.28%
  324m|306000 | 11511 |176042k| 575.3 |   681M |  65 |1076 |4353 |3773 |1157k|  1 | 412k|  17 | 0.000000e+00 |      --      |    Inf |  13.28%
  324m|306100 | 11523 |176112k| 575.3 |   681M |  65 |1076 |4297 |2966 |1157k|  2 | 412k|  17 | 0.000000e+00 |      --      |    Inf |  13.29%
 time | node  | left  |LP iter|LP it/n|mem/heur|mdpt |vars |cons |rows |cuts |sepa|confs|strbr|  dualbound   | primalbound  |  gap   | compl. 
  324m|306200 | 11534 |176173k| 575.3 |   681M |  65 |1076 |4297 |3848 |1158k|  0 | 412k|  17 | 0.000000e+00 |      --      |    Inf |  13.29%
  324m|306300 | 11530 |176229k| 575.3 |   681M |  65 |1076 |4308 |2788 |1158k|  0 | 412k|  17 | 0.000000e+00 |      --      |    Inf |  13.29%
  324m|306400 | 11528 |176290k| 575.4 |   681M |  65 |1076 |4185 |3558 |1158k|  2 | 412k|  17 | 0.000000e+00 |      --      |    Inf |  13.29%
  325m|306500 | 11521 |176353k| 575.4 |   681M |  65 |1076 |3988 |2314 |1158k|  0 | 412k|  17 | 0.000000e+00 |      --      |    Inf |  13.29%
  325m|306600 | 11522 |176420k| 575.4 |   681M |  65 |1076 |3856 |4292 |1158k|  1 | 412k|  17 | 0.000000e+00 |      --      |    Inf |  13.30%
  325m|306700 | 11521 |176481k| 575.4 |   681M |  65 |1076 |3766 |4287 |1159k|  0 | 413k|  17 | 0.000000e+00 |      --      |    Inf |  13.31%
  325m|306800 | 11511 |176546k| 575.4 |   682M |  65 |1076 |3747 |2415 |1159k|  0 | 413k|  17 | 0.000000e+00 |      --      |    Inf |  13.32%
  325m|306900 | 11529 |176623k| 575.5 |   682M |  65 |1076 |3764 |3278 |1159k|  1 | 413k|  17 | 0.000000e+00 |      --      |    Inf |  13.32%
  325m|307000 | 11522 |176677k| 575.5 |   683M |  65 |1076 |3921 |3235 |1160k|  0 | 413k|  17 | 0.000000e+00 |      --      |    Inf |  13.32%
  325m|307100 | 11532 |176737k| 575.5 |   683M |  65 |1076 |3987 |3614 |1160k|  0 | 413k|  17 | 0.000000e+00 |      --      |    Inf |  13.32%
  325m|307200 | 11546 |176797k| 575.5 |   683M |  65 |1076 |3974 |5503 |1160k|  1 | 413k|  17 | 0.000000e+00 |      --      |    Inf |  13.33%
  325m|307300 | 11528 |176865k| 575.5 |   683M |  65 |1076 |3901 |4850 |1161k|  1 | 413k|  17 | 0.000000e+00 |      --      |    Inf |  13.33%
  326m|307400 | 11541 |176932k| 575.6 |   683M |  65 |1076 |3883 |4700 |1161k|  1 | 413k|  17 | 0.000000e+00 |      --      |    Inf |  13.33%
  326m|307500 | 11552 |176974k| 575.5 |   683M |  65 |1076 |3894 |   0 |1161k|  0 | 413k|  17 | 0.000000e+00 |      --      |    Inf |  13.33%
  326m|307600 | 11542 |177021k| 575.5 |   683M |  65 |1076 |3904 |   0 |1161k|  0 | 413k|  17 | 0.000000e+00 |      --      |    Inf |  13.33%
 time | node  | left  |LP iter|LP it/n|mem/heur|mdpt |vars |cons |rows |cuts |sepa|confs|strbr|  dualbound   | primalbound  |  gap   | compl. 
  326m|307700 | 11536 |177062k| 575.4 |   683M |  65 |1076 |3900 |4700 |1161k|  0 | 413k|  17 | 0.000000e+00 |      --      |    Inf |  13.33%
  326m|307800 | 11536 |177107k| 575.4 |   683M |  65 |1076 |3917 |4699 |1161k|  0 | 414k|  17 | 0.000000e+00 |      --      |    Inf |  13.33%
  326m|307900 | 11538 |177167k| 575.4 |   683M |  65 |1076 |3886 |2938 |1161k|  1 | 414k|  17 | 0.000000e+00 |      --      |    Inf |  13.33%
  326m|308000 | 11547 |177223k| 575.4 |   683M |  65 |1076 |3966 |4262 |1162k|  0 | 414k|  17 | 0.000000e+00 |      --      |    Inf |  13.33%
  326m|308100 | 11556 |177277k| 575.4 |   683M |  65 |1076 |4049 |4725 |1162k|  1 | 414k|  17 | 0.000000e+00 |      --      |    Inf |  13.33%
  326m|308200 | 11548 |177327k| 575.4 |   683M |  65 |1076 |4158 |5340 |1162k|  1 | 414k|  17 | 0.000000e+00 |      --      |    Inf |  13.33%
  326m|308300 | 11553 |177396k| 575.4 |   683M |  65 |1076 |4127 |4589 |1163k|  0 | 414k|  17 | 0.000000e+00 |      --      |    Inf |  13.34%
  327m|308400 | 11553 |177483k| 575.5 |   683M |  65 |1076 |4147 |2764 |1164k|  2 | 414k|  17 | 0.000000e+00 |      --      |    Inf |  13.34%
  327m|308500 | 11557 |177552k| 575.5 |   683M |  65 |1076 |4222 |4708 |1164k|  0 | 414k|  17 | 0.000000e+00 |      --      |    Inf |  13.34%
  327m|308600 | 11543 |177617k| 575.6 |   683M |  65 |1076 |4335 |4714 |1164k|  0 | 415k|  17 | 0.000000e+00 |      --      |    Inf |  13.34%
  327m|308700 | 11561 |177687k| 575.6 |   683M |  65 |1076 |4403 |5075 |1164k|  1 | 415k|  17 | 0.000000e+00 |      --      |    Inf |  13.34%
  327m|308800 | 11593 |177755k| 575.6 |   683M |  65 |1076 |4515 |5046 |1164k|  1 | 415k|  17 | 0.000000e+00 |      --      |    Inf |  13.34%
  327m|308900 | 11594 |177819k| 575.6 |   683M |  65 |1076 |4661 |4007 |1164k|  0 | 415k|  17 | 0.000000e+00 |      --      |    Inf |  13.34%
  327m|309000 | 11639 |177909k| 575.8 |   683M |  65 |1076 |4639 |3817 |1164k|  2 | 415k|  17 | 0.000000e+00 |      --      |    Inf |  13.34%
  328m|309100 | 11636 |177971k| 575.8 |   683M |  65 |1076 |4675 |3250 |1164k|  0 | 415k|  17 | 0.000000e+00 |      --      |    Inf |  13.34%
 time | node  | left  |LP iter|LP it/n|mem/heur|mdpt |vars |cons |rows |cuts |sepa|confs|strbr|  dualbound   | primalbound  |  gap   | compl. 
  328m|309200 | 11649 |178037k| 575.8 |   683M |  65 |1076 |4692 |4384 |1164k|  0 | 415k|  17 | 0.000000e+00 |      --      |    Inf |  13.34%
  328m|309300 | 11652 |178108k| 575.8 |   683M |  65 |1076 |4752 |5046 |1165k|  1 | 416k|  17 | 0.000000e+00 |      --      |    Inf |  13.35%
  328m|309400 | 11649 |178167k| 575.8 |   683M |  65 |1076 |4792 |2452 |1165k|  1 | 416k|  17 | 0.000000e+00 |      --      |    Inf |  13.35%
  328m|309500 | 11646 |178231k| 575.9 |   683M |  65 |1076 |4728 |4530 |1166k|  1 | 416k|  17 | 0.000000e+00 |      --      |    Inf |  13.35%
  328m|309600 | 11657 |178293k| 575.9 |   683M |  65 |1076 |4737 |3730 |1166k|  2 | 416k|  17 | 0.000000e+00 |      --      |    Inf |  13.35%
  328m|309700 | 11651 |178354k| 575.9 |   683M |  65 |1076 |4683 |3117 |1166k|  0 | 416k|  17 | 0.000000e+00 |      --      |    Inf |  13.35%
  328m|309800 | 11653 |178410k| 575.9 |   683M |  65 |1076 |4693 |3713 |1166k|  2 | 416k|  17 | 0.000000e+00 |      --      |    Inf |  13.36%
  328m|309900 | 11645 |178479k| 575.9 |   684M |  65 |1076 |4593 |4220 |1167k|  1 | 416k|  17 | 0.000000e+00 |      --      |    Inf |  13.38%
  329m|310000 | 11637 |178537k| 575.9 |   684M |  65 |1076 |4467 |4484 |1167k|  1 | 417k|  17 | 0.000000e+00 |      --      |    Inf |  13.40%
  329m|310100 | 11651 |178618k| 576.0 |   684M |  65 |1076 |4469 |3176 |1167k|  1 | 417k|  17 | 0.000000e+00 |      --      |    Inf |  13.40%
  329m|310200 | 11646 |178691k| 576.0 |   684M |  65 |1076 |4634 |3289 |1168k|  2 | 417k|  17 | 0.000000e+00 |      --      |    Inf |  13.40%
  329m|310300 | 11661 |178763k| 576.1 |   684M |  65 |1076 |4737 |3865 |1168k|  2 | 417k|  17 | 0.000000e+00 |      --      |    Inf |  13.40%
  329m|310400 | 11653 |178820k| 576.1 |   684M |  65 |1076 |4832 |2644 |1169k|  2 | 417k|  17 | 0.000000e+00 |      --      |    Inf |  13.40%
  329m|310500 | 11647 |178880k| 576.1 |   684M |  65 |1076 |4765 |4268 |1170k|  1 | 417k|  17 | 0.000000e+00 |      --      |    Inf |  13.41%
  329m|310600 | 11676 |178950k| 576.1 |   684M |  65 |1076 |4773 |4968 |1170k|  0 | 417k|  17 | 0.000000e+00 |      --      |    Inf |  13.41%
 time | node  | left  |LP iter|LP it/n|mem/heur|mdpt |vars |cons |rows |cuts |sepa|confs|strbr|  dualbound   | primalbound  |  gap   | compl. 
  329m|310700 | 11667 |179010k| 576.1 |   684M |  65 |1076 |4805 |3896 |1170k|  0 | 418k|  17 | 0.000000e+00 |      --      |    Inf |  13.41%
  329m|310800 | 11666 |179084k| 576.2 |   684M |  65 |1076 |4702 |4257 |1170k|  1 | 418k|  17 | 0.000000e+00 |      --      |    Inf |  13.41%
  330m|310900 | 11653 |179156k| 576.2 |   684M |  65 |1076 |4638 |4976 |1170k|  0 | 418k|  17 | 0.000000e+00 |      --      |    Inf |  13.41%
  330m|311000 | 11661 |179211k| 576.2 |   684M |  65 |1076 |4602 |4364 |1170k|  1 | 418k|  17 | 0.000000e+00 |      --      |    Inf |  13.41%
  330m|311100 | 11651 |179276k| 576.3 |   684M |  65 |1076 |4675 |3855 |1170k|  0 | 418k|  17 | 0.000000e+00 |      --      |    Inf |  13.41%
  330m|311200 | 11648 |179340k| 576.3 |   684M |  65 |1076 |4505 |2581 |1171k|  2 | 418k|  17 | 0.000000e+00 |      --      |    Inf |  13.42%
  330m|311300 | 11643 |179392k| 576.3 |   684M |  65 |1076 |4583 |3320 |1171k|  2 | 419k|  17 | 0.000000e+00 |      --      |    Inf |  13.42%
  330m|311400 | 11638 |179437k| 576.2 |   684M |  65 |1076 |4622 |3719 |1172k|  0 | 419k|  17 | 0.000000e+00 |      --      |    Inf |  13.42%
  330m|311500 | 11650 |179523k| 576.3 |   684M |  65 |1076 |4513 |4786 |1172k|  0 | 419k|  17 | 0.000000e+00 |      --      |    Inf |  13.43%
  330m|311600 | 11672 |179601k| 576.4 |   684M |  65 |1076 |4519 |3817 |1172k|  2 | 419k|  17 | 0.000000e+00 |      --      |    Inf |  13.43%
  330m|311700 | 11679 |179659k| 576.4 |   684M |  65 |1076 |4623 |4581 |1172k|  0 | 419k|  17 | 0.000000e+00 |      --      |    Inf |  13.43%
  331m|311800 | 11671 |179707k| 576.3 |   684M |  65 |1076 |4712 |5229 |1172k|  1 | 419k|  17 | 0.000000e+00 |      --      |    Inf |  13.43%
  331m|311900 | 11665 |179765k| 576.3 |   685M |  65 |1076 |4621 |3794 |1172k|  0 | 419k|  17 | 0.000000e+00 |      --      |    Inf |  13.53%
  331m|312000 | 11690 |179835k| 576.4 |   685M |  65 |1076 |4686 |4851 |1172k|  0 | 419k|  17 | 0.000000e+00 |      --      |    Inf |  13.53%
  331m|312100 | 11691 |179893k| 576.4 |   685M |  65 |1076 |4670 |4818 |1173k|  1 | 420k|  17 | 0.000000e+00 |      --      |    Inf |  13.53%
 time | node  | left  |LP iter|LP it/n|mem/heur|mdpt |vars |cons |rows |cuts |sepa|confs|strbr|  dualbound   | primalbound  |  gap   | compl. 
  331m|312200 | 11684 |179953k| 576.4 |   685M |  65 |1076 |4684 |5527 |1173k|  0 | 420k|  17 | 0.000000e+00 |      --      |    Inf |  13.54%
  331m|312300 | 11675 |180007k| 576.4 |   686M |  65 |1076 |4778 |3537 |1173k|  0 | 420k|  17 | 0.000000e+00 |      --      |    Inf |  13.54%
  331m|312400 | 11678 |180065k| 576.4 |   686M |  65 |1076 |4790 |2431 |1173k|  2 | 420k|  17 | 0.000000e+00 |      --      |    Inf |  13.54%
  331m|312500 | 11695 |180129k| 576.4 |   686M |  65 |1076 |4837 |4155 |1174k|  1 | 420k|  17 | 0.000000e+00 |      --      |    Inf |  13.54%
  332m|312600 | 11690 |180186k| 576.4 |   686M |  65 |1076 |4979 |4159 |1174k|  0 | 420k|  17 | 0.000000e+00 |      --      |    Inf |  13.54%
  332m|312700 | 11685 |180243k| 576.4 |   687M |  65 |1076 |4962 |5009 |1174k|  2 | 421k|  17 | 0.000000e+00 |      --      |    Inf |  13.54%
  332m|312800 | 11691 |180305k| 576.4 |   687M |  65 |1076 |5026 |5014 |1174k|  0 | 421k|  17 | 0.000000e+00 |      --      |    Inf |  13.54%
  332m|312900 | 11683 |180368k| 576.4 |   687M |  65 |1076 |5134 |3869 |1174k|  2 | 421k|  17 | 0.000000e+00 |      --      |    Inf |  13.54%
  332m|313000 | 11697 |180427k| 576.4 |   687M |  65 |1076 |5130 |5517 |1174k|  1 | 421k|  17 | 0.000000e+00 |      --      |    Inf |  13.54%
  332m|313100 | 11701 |180492k| 576.5 |   687M |  65 |1076 |5100 |5519 |1174k|  1 | 421k|  17 | 0.000000e+00 |      --      |    Inf |  13.54%
  332m|313200 | 11707 |180537k| 576.4 |   687M |  65 |1076 |5159 |5519 |1174k|  1 | 421k|  17 | 0.000000e+00 |      --      |    Inf |  13.54%
  332m|313300 | 11700 |180589k| 576.4 |   687M |  65 |1076 |5285 |5516 |1174k|  1 | 421k|  17 | 0.000000e+00 |      --      |    Inf |  13.54%
  333m|313400 | 11704 |180644k| 576.4 |   687M |  65 |1076 |5369 |5522 |1174k|  1 | 422k|  17 | 0.000000e+00 |      --      |    Inf |  13.54%
  333m|313500 | 11702 |180703k| 576.4 |   687M |  65 |1076 |5469 |5521 |1174k|  0 | 422k|  17 | 0.000000e+00 |      --      |    Inf |  13.54%
  333m|313600 | 11696 |180757k| 576.4 |   688M |  65 |1076 |5477 |3763 |1174k|  1 | 422k|  17 | 0.000000e+00 |      --      |    Inf |  13.54%
 time | node  | left  |LP iter|LP it/n|mem/heur|mdpt |vars |cons |rows |cuts |sepa|confs|strbr|  dualbound   | primalbound  |  gap   | compl. 
  333m|313700 | 11699 |180819k| 576.4 |   688M |  65 |1076 |5361 |4382 |1174k|  0 | 422k|  17 | 0.000000e+00 |      --      |    Inf |  13.54%
  333m|313800 | 11697 |180873k| 576.4 |   688M |  65 |1076 |5494 |4384 |1174k|  1 | 422k|  17 | 0.000000e+00 |      --      |    Inf |  13.54%
  333m|313900 | 11688 |180946k| 576.4 |   688M |  65 |1076 |5409 |3959 |1174k|  1 | 422k|  17 | 0.000000e+00 |      --      |    Inf |  13.55%
  333m|314000 | 11685 |181012k| 576.5 |   688M |  65 |1076 |5064 |2612 |1175k|  2 | 422k|  17 | 0.000000e+00 |      --      |    Inf |  13.55%
  333m|314100 | 11686 |181058k| 576.4 |   688M |  65 |1076 |5250 |3083 |1176k|  0 | 423k|  17 | 0.000000e+00 |      --      |    Inf |  13.55%
  333m|314200 | 11689 |181104k| 576.4 |   688M |  65 |1076 |5429 |3082 |1176k|  2 | 423k|  17 | 0.000000e+00 |      --      |    Inf |  13.55%
  334m|314300 | 11678 |181154k| 576.4 |   688M |  65 |1076 |5509 |3783 |1176k|  2 | 423k|  17 | 0.000000e+00 |      --      |    Inf |  13.56%
  334m|314400 | 11696 |181213k| 576.4 |   688M |  65 |1076 |5491 |3803 |1176k|  1 | 423k|  17 | 0.000000e+00 |      --      |    Inf |  13.56%
  334m|314500 | 11679 |181271k| 576.4 |   688M |  65 |1076 |5387 |   0 |1177k|  0 | 423k|  17 | 0.000000e+00 |      --      |    Inf |  13.57%
  334m|314600 | 11684 |181323k| 576.4 |   688M |  65 |1076 |5441 |3367 |1178k|  2 | 424k|  17 | 0.000000e+00 |      --      |    Inf |  13.57%
  334m|314700 | 11706 |181396k| 576.4 |   688M |  65 |1076 |5421 |3310 |1178k|  0 | 424k|  17 | 0.000000e+00 |      --      |    Inf |  13.58%
  334m|314800 | 11710 |181453k| 576.4 |   688M |  65 |1076 |5507 |4973 |1178k|  1 | 424k|  17 | 0.000000e+00 |      --      |    Inf |  13.58%
  334m|314900 | 11703 |181507k| 576.4 |   688M |  65 |1076 |5521 |4340 |1179k|  1 | 424k|  17 | 0.000000e+00 |      --      |    Inf |  13.58%
  334m|315000 | 11709 |181576k| 576.4 |   688M |  65 |1076 |5349 |4167 |1180k|  1 | 424k|  17 | 0.000000e+00 |      --      |    Inf |  13.58%
  334m|315100 | 11695 |181641k| 576.4 |   688M |  65 |1076 |5280 |2977 |1180k|  2 | 424k|  17 | 0.000000e+00 |      --      |    Inf |  13.60%
 time | node  | left  |LP iter|LP it/n|mem/heur|mdpt |vars |cons |rows |cuts |sepa|confs|strbr|  dualbound   | primalbound  |  gap   | compl. 
  335m|315200 | 11682 |181694k| 576.4 |   688M |  65 |1076 |5001 |4891 |1180k|  1 | 424k|  17 | 0.000000e+00 |      --      |    Inf |  13.61%
  335m|315300 | 11697 |181769k| 576.5 |   688M |  65 |1076 |4884 |2784 |1181k|  2 | 425k|  17 | 0.000000e+00 |      --      |    Inf |  13.61%
  335m|315400 | 11703 |181821k| 576.5 |   688M |  65 |1076 |4958 |3131 |1181k|  0 | 425k|  17 | 0.000000e+00 |      --      |    Inf |  13.61%
  335m|315500 | 11701 |181889k| 576.5 |   688M |  65 |1076 |5059 |3304 |1182k|  0 | 425k|  17 | 0.000000e+00 |      --      |    Inf |  13.61%
  335m|315600 | 11692 |181953k| 576.5 |   688M |  65 |1076 |5106 |4140 |1182k|  1 | 425k|  17 | 0.000000e+00 |      --      |    Inf |  13.61%
  335m|315700 | 11705 |182003k| 576.5 |   688M |  65 |1076 |5165 |3726 |1182k|  0 | 425k|  17 | 0.000000e+00 |      --      |    Inf |  13.61%
  335m|315800 | 11701 |182064k| 576.5 |   688M |  65 |1076 |5278 |3274 |1182k|  0 | 425k|  17 | 0.000000e+00 |      --      |    Inf |  13.61%
  335m|315900 | 11691 |182140k| 576.6 |   688M |  65 |1076 |4955 |2562 |1183k|  0 | 425k|  17 | 0.000000e+00 |      --      |    Inf |  13.61%
  335m|316000 | 11681 |182198k| 576.6 |   688M |  65 |1076 |4858 |2710 |1183k|  2 | 426k|  17 | 0.000000e+00 |      --      |    Inf |  13.61%
  336m|316100 | 11684 |182254k| 576.6 |   688M |  65 |1076 |4952 |3215 |1184k|  2 | 426k|  17 | 0.000000e+00 |      --      |    Inf |  13.62%
  336m|316200 | 11678 |182311k| 576.6 |   688M |  65 |1076 |4941 |4270 |1184k|  1 | 426k|  17 | 0.000000e+00 |      --      |    Inf |  13.62%
  336m|316300 | 11682 |182361k| 576.5 |   688M |  65 |1076 |4937 |2931 |1184k|  2 | 426k|  17 | 0.000000e+00 |      --      |    Inf |  13.62%
  336m|316400 | 11684 |182407k| 576.5 |   688M |  65 |1076 |5028 |4382 |1184k|  1 | 426k|  17 | 0.000000e+00 |      --      |    Inf |  13.62%
  336m|316500 | 11664 |182455k| 576.5 |   688M |  65 |1076 |4912 |   0 |1184k|  0 | 426k|  17 | 0.000000e+00 |      --      |    Inf |  13.62%
  336m|316600 | 11668 |182524k| 576.5 |   688M |  65 |1076 |4849 |2597 |1184k|  2 | 426k|  17 | 0.000000e+00 |      --      |    Inf |  13.63%
 time | node  | left  |LP iter|LP it/n|mem/heur|mdpt |vars |cons |rows |cuts |sepa|confs|strbr|  dualbound   | primalbound  |  gap   | compl. 
  336m|316700 | 11663 |182586k| 576.5 |   688M |  65 |1076 |4951 |4421 |1184k|  0 | 427k|  17 | 0.000000e+00 |      --      |    Inf |  13.63%
  336m|316800 | 11669 |182644k| 576.5 |   688M |  65 |1076 |4922 |4243 |1185k|  1 | 427k|  17 | 0.000000e+00 |      --      |    Inf |  13.63%
  337m|316900 | 11683 |182720k| 576.6 |   688M |  65 |1076 |4701 |2915 |1185k|  2 | 427k|  17 | 0.000000e+00 |      --      |    Inf |  13.63%
  337m|317000 | 11682 |182765k| 576.5 |   688M |  65 |1076 |4775 |2974 |1185k|  0 | 427k|  17 | 0.000000e+00 |      --      |    Inf |  13.63%
  337m|317100 | 11681 |182822k| 576.5 |   688M |  65 |1076 |4687 |4211 |1185k|  0 | 427k|  17 | 0.000000e+00 |      --      |    Inf |  13.64%
  337m|317200 | 11695 |182872k| 576.5 |   688M |  65 |1076 |4773 |   0 |1185k|  0 | 427k|  17 | 0.000000e+00 |      --      |    Inf |  13.64%
  337m|317300 | 11705 |182927k| 576.5 |   688M |  65 |1076 |4790 |4195 |1186k|  1 | 427k|  17 | 0.000000e+00 |      --      |    Inf |  13.64%
  337m|317400 | 11708 |182992k| 576.5 |   688M |  65 |1076 |4740 |3971 |1186k|  0 | 428k|  17 | 0.000000e+00 |      --      |    Inf |  13.74%
  337m|317500 | 11708 |183056k| 576.5 |   688M |  65 |1076 |4848 |3968 |1186k|  0 | 428k|  17 | 0.000000e+00 |      --      |    Inf |  13.74%
  337m|317600 | 11708 |183126k| 576.6 |   688M |  65 |1076 |4978 |3974 |1186k|  0 | 428k|  17 | 0.000000e+00 |      --      |    Inf |  13.74%
  338m|317700 | 11707 |183192k| 576.6 |   689M |  65 |1076 |4667 |4666 |1186k|  0 | 428k|  17 | 0.000000e+00 |      --      |    Inf |  13.76%
  338m|317800 | 11694 |183247k| 576.6 |   689M |  65 |1076 |4558 |4000 |1186k|  0 | 428k|  17 | 0.000000e+00 |      --      |    Inf |  13.77%
  338m|317900 | 11686 |183301k| 576.6 |   689M |  65 |1076 |4381 |3869 |1187k|  1 | 428k|  17 | 0.000000e+00 |      --      |    Inf |  13.77%
  338m|318000 | 11682 |183356k| 576.6 |   689M |  65 |1076 |4285 |3654 |1187k|  1 | 428k|  17 | 0.000000e+00 |      --      |    Inf |  13.77%
  338m|318100 | 11676 |183441k| 576.7 |   690M |  65 |1076 |4149 |3404 |1187k|  0 | 429k|  17 | 0.000000e+00 |      --      |    Inf |  13.78%
 time | node  | left  |LP iter|LP it/n|mem/heur|mdpt |vars |cons |rows |cuts |sepa|confs|strbr|  dualbound   | primalbound  |  gap   | compl. 
  338m|318200 | 11676 |183509k| 576.7 |   690M |  65 |1076 |4191 |2702 |1188k|  2 | 429k|  17 | 0.000000e+00 |      --      |    Inf |  13.78%
  338m|318300 | 11676 |183574k| 576.7 |   690M |  65 |1076 |4129 |   0 |1189k|  0 | 429k|  17 | 0.000000e+00 |      --      |    Inf |  13.98%
  339m|318400 | 11666 |183638k| 576.7 |   690M |  65 |1076 |4025 |4195 |1189k|  1 | 429k|  17 | 0.000000e+00 |      --      |    Inf |  13.98%
  339m|318500 | 11671 |183705k| 576.8 |   690M |  65 |1076 |4028 |4095 |1189k|  0 | 429k|  17 | 0.000000e+00 |      --      |    Inf |  13.98%
  339m|318600 | 11680 |183774k| 576.8 |   690M |  65 |1076 |4125 |4090 |1189k|  1 | 429k|  17 | 0.000000e+00 |      --      |    Inf |  13.98%
  339m|318700 | 11691 |183849k| 576.9 |   690M |  65 |1076 |4256 |4091 |1189k|  0 | 429k|  17 | 0.000000e+00 |      --      |    Inf |  13.98%
  339m|318800 | 11696 |183910k| 576.9 |   690M |  65 |1076 |4366 |4106 |1189k|  2 | 429k|  17 | 0.000000e+00 |      --      |    Inf |  13.98%
  339m|318900 | 11698 |183979k| 576.9 |   690M |  65 |1076 |4484 |4098 |1189k|  1 | 430k|  17 | 0.000000e+00 |      --      |    Inf |  13.98%
  339m|319000 | 11692 |184037k| 576.9 |   690M |  65 |1076 |4552 |4109 |1189k|  1 | 430k|  17 | 0.000000e+00 |      --      |    Inf |  13.98%
  340m|319100 | 11707 |184102k| 576.9 |   690M |  65 |1076 |4596 |4093 |1189k|  0 | 430k|  17 | 0.000000e+00 |      --      |    Inf |  13.98%
  340m|319200 | 11702 |184164k| 576.9 |   690M |  65 |1076 |4735 |4102 |1189k|  0 | 430k|  17 | 0.000000e+00 |      --      |    Inf |  13.98%
  340m|319300 | 11692 |184224k| 577.0 |   690M |  65 |1076 |4797 |   0 |1189k|  0 | 430k|  17 | 0.000000e+00 |      --      |    Inf |  13.98%
  340m|319400 | 11682 |184286k| 577.0 |   690M |  65 |1076 |4652 |4108 |1189k|  0 | 430k|  17 | 0.000000e+00 |      --      |    Inf |  13.98%
  340m|319500 | 11671 |184341k| 577.0 |   690M |  65 |1076 |4664 |2621 |1190k|  2 | 430k|  17 | 0.000000e+00 |      --      |    Inf |  13.98%
  340m|319600 | 11670 |184411k| 577.0 |   690M |  65 |1076 |4669 |5160 |1190k|  0 | 431k|  17 | 0.000000e+00 |      --      |    Inf |  13.98%
 time | node  | left  |LP iter|LP it/n|mem/heur|mdpt |vars |cons |rows |cuts |sepa|confs|strbr|  dualbound   | primalbound  |  gap   | compl. 
  340m|319700 | 11677 |184475k| 577.0 |   690M |  65 |1076 |4809 |4178 |1190k|  1 | 431k|  17 | 0.000000e+00 |      --      |    Inf |  13.98%
  341m|319800 | 11677 |184555k| 577.1 |   690M |  65 |1076 |4985 |4188 |1190k|  0 | 431k|  17 | 0.000000e+00 |      --      |    Inf |  13.98%
  341m|319900 | 11666 |184618k| 577.1 |   690M |  65 |1076 |5095 |4177 |1190k|  1 | 431k|  17 | 0.000000e+00 |      --      |    Inf |  13.98%
  341m|320000 | 11657 |184684k| 577.1 |   690M |  65 |1076 |5159 |3793 |1190k|  2 | 431k|  17 | 0.000000e+00 |      --      |    Inf |  13.99%
  341m|320100 | 11661 |184747k| 577.1 |   690M |  65 |1076 |5012 |4727 |1190k|  1 | 432k|  17 | 0.000000e+00 |      --      |    Inf |  13.99%
  341m|320200 | 11649 |184790k| 577.1 |   690M |  65 |1076 |5076 |3253 |1190k|  2 | 432k|  17 | 0.000000e+00 |      --      |    Inf |  13.99%
  341m|320300 | 11653 |184852k| 577.1 |   690M |  65 |1076 |4929 |4544 |1191k|  1 | 432k|  17 | 0.000000e+00 |      --      |    Inf |  13.99%
  341m|320400 | 11662 |184904k| 577.1 |   690M |  65 |1076 |5029 |4547 |1191k|  0 | 432k|  17 | 0.000000e+00 |      --      |    Inf |  13.99%
  342m|320500 | 11658 |184962k| 577.1 |   691M |  65 |1076 |4993 |3376 |1191k|  0 | 432k|  17 | 0.000000e+00 |      --      |    Inf |  14.00%
  342m|320600 | 11661 |185020k| 577.1 |   691M |  65 |1076 |4944 |3996 |1191k|  0 | 432k|  17 | 0.000000e+00 |      --      |    Inf |  14.00%
  342m|320700 | 11649 |185086k| 577.1 |   691M |  65 |1076 |4866 |4841 |1191k|  1 | 432k|  17 | 0.000000e+00 |      --      |    Inf |  14.00%
  342m|320800 | 11638 |185153k| 577.2 |   692M |  65 |1076 |4647 |4583 |1191k|  1 | 433k|  17 | 0.000000e+00 |      --      |    Inf |  14.00%
  342m|320900 | 11624 |185221k| 577.2 |   692M |  65 |1076 |4608 |3911 |1192k|  2 | 433k|  17 | 0.000000e+00 |      --      |    Inf |  14.01%
  342m|321000 | 11614 |185276k| 577.2 |   692M |  65 |1076 |4643 |3784 |1192k|  0 | 433k|  17 | 0.000000e+00 |      --      |    Inf |  14.01%
  342m|321100 | 11632 |185333k| 577.2 |   692M |  65 |1076 |4627 |2678 |1192k|  2 | 433k|  17 | 0.000000e+00 |      --      |    Inf |  14.01%
 time | node  | left  |LP iter|LP it/n|mem/heur|mdpt |vars |cons |rows |cuts |sepa|confs|strbr|  dualbound   | primalbound  |  gap   | compl. 
  342m|321200 | 11647 |185404k| 577.2 |   692M |  65 |1076 |4724 |2801 |1194k|  0 | 433k|  17 | 0.000000e+00 |      --      |    Inf |  14.01%
  343m|321300 | 11650 |185478k| 577.3 |   692M |  65 |1076 |4788 |3060 |1194k|  2 | 433k|  17 | 0.000000e+00 |      --      |    Inf |  14.01%
  343m|321400 | 11650 |185548k| 577.3 |   692M |  65 |1076 |4908 |3129 |1195k|  0 | 433k|  17 | 0.000000e+00 |      --      |    Inf |  14.01%
  343m|321500 | 11650 |185614k| 577.3 |   692M |  65 |1076 |5037 |2949 |1195k|  0 | 434k|  17 | 0.000000e+00 |      --      |    Inf |  14.01%
  343m|321600 | 11649 |185662k| 577.3 |   692M |  65 |1076 |5163 |3269 |1195k|  0 | 434k|  17 | 0.000000e+00 |      --      |    Inf |  14.01%
  343m|321700 | 11651 |185709k| 577.3 |   692M |  65 |1076 |5279 |3305 |1196k|  0 | 434k|  17 | 0.000000e+00 |      --      |    Inf |  14.01%
  343m|321800 | 11636 |185770k| 577.3 |   692M |  65 |1076 |5401 |3449 |1196k|  1 | 434k|  17 | 0.000000e+00 |      --      |    Inf |  14.01%
  343m|321900 | 11648 |185831k| 577.3 |   692M |  65 |1076 |5507 |3445 |1196k|  0 | 434k|  17 | 0.000000e+00 |      --      |    Inf |  14.01%
  343m|322000 | 11635 |185881k| 577.3 |   692M |  65 |1076 |5620 |5409 |1196k|  1 | 434k|  17 | 0.000000e+00 |      --      |    Inf |  14.01%
  343m|322100 | 11632 |185937k| 577.3 |   692M |  65 |1076 |5518 |3250 |1197k|  0 | 434k|  17 | 0.000000e+00 |      --      |    Inf |  14.01%
  343m|322200 | 11648 |185991k| 577.2 |   692M |  65 |1076 |5309 |4923 |1197k|  1 | 434k|  17 | 0.000000e+00 |      --      |    Inf |  14.01%
  343m|322300 | 11642 |186047k| 577.2 |   692M |  65 |1076 |5210 |2652 |1197k|  0 | 435k|  17 | 0.000000e+00 |      --      |    Inf |  14.02%
  344m|322400 | 11646 |186107k| 577.2 |   692M |  65 |1076 |5162 |3330 |1198k|  0 | 435k|  17 | 0.000000e+00 |      --      |    Inf |  14.02%
  344m|322500 | 11625 |186172k| 577.3 |   692M |  65 |1076 |4990 |3721 |1198k|  2 | 435k|  17 | 0.000000e+00 |      --      |    Inf |  14.02%
  344m|322600 | 11614 |186219k| 577.2 |   692M |  65 |1076 |4800 |3603 |1198k|  0 | 435k|  17 | 0.000000e+00 |      --      |    Inf |  14.03%
 time | node  | left  |LP iter|LP it/n|mem/heur|mdpt |vars |cons |rows |cuts |sepa|confs|strbr|  dualbound   | primalbound  |  gap   | compl. 
  344m|322700 | 11623 |186263k| 577.2 |   692M |  65 |1076 |4798 |4155 |1198k|  0 | 435k|  17 | 0.000000e+00 |      --      |    Inf |  14.03%
  344m|322800 | 11609 |186310k| 577.2 |   692M |  65 |1076 |4786 |5209 |1198k|  1 | 435k|  17 | 0.000000e+00 |      --      |    Inf |  14.03%
  344m|322900 | 11598 |186371k| 577.2 |   692M |  65 |1076 |4625 |   0 |1198k|  0 | 435k|  17 | 0.000000e+00 |      --      |    Inf |  14.03%
  344m|323000 | 11605 |186442k| 577.2 |   692M |  65 |1076 |4541 |3483 |1198k|  0 | 436k|  17 | 0.000000e+00 |      --      |    Inf |  14.03%
  344m|323100 | 11613 |186509k| 577.2 |   692M |  65 |1076 |4514 |2677 |1199k|  0 | 436k|  17 | 0.000000e+00 |      --      |    Inf |  14.03%
  344m|323200 | 11600 |186571k| 577.3 |   692M |  65 |1076 |4507 |4724 |1199k|  0 | 436k|  17 | 0.000000e+00 |      --      |    Inf |  14.04%
  345m|323300 | 11591 |186640k| 577.3 |   692M |  65 |1076 |4371 |5347 |1200k|  1 | 436k|  17 | 0.000000e+00 |      --      |    Inf |  14.05%
  345m|323400 | 11574 |186707k| 577.3 |   692M |  65 |1076 |4235 |4567 |1200k|  0 | 436k|  17 | 0.000000e+00 |      --      |    Inf |  14.06%
  345m|323500 | 11590 |186764k| 577.3 |   692M |  65 |1076 |4269 |4850 |1200k|  0 | 436k|  17 | 0.000000e+00 |      --      |    Inf |  14.06%
  345m|323600 | 11582 |186815k| 577.3 |   692M |  65 |1076 |4318 |2503 |1200k|  2 | 437k|  17 | 0.000000e+00 |      --      |    Inf |  14.06%
  345m|323700 | 11579 |186888k| 577.3 |   692M |  65 |1076 |4191 |4210 |1201k|  1 | 437k|  17 | 0.000000e+00 |      --      |    Inf |  14.06%
  345m|323800 | 11576 |186945k| 577.3 |   692M |  65 |1076 |4140 |5072 |1201k|  0 | 437k|  17 | 0.000000e+00 |      --      |    Inf |  14.09%
  345m|323900 | 11575 |187016k| 577.4 |   692M |  65 |1076 |4115 |2696 |1201k|  0 | 437k|  17 | 0.000000e+00 |      --      |    Inf |  14.09%
  345m|324000 | 11590 |187078k| 577.4 |   692M |  65 |1076 |4168 |4253 |1201k|  0 | 437k|  17 | 0.000000e+00 |      --      |    Inf |  14.09%
  346m|324100 | 11587 |187137k| 577.4 |   692M |  65 |1076 |4198 |4694 |1201k|  0 | 437k|  17 | 0.000000e+00 |      --      |    Inf |  14.09%
 time | node  | left  |LP iter|LP it/n|mem/heur|mdpt |vars |cons |rows |cuts |sepa|confs|strbr|  dualbound   | primalbound  |  gap   | compl. 
  346m|324200 | 11592 |187192k| 577.4 |   692M |  65 |1076 |4275 |4347 |1201k|  1 | 437k|  17 | 0.000000e+00 |      --      |    Inf |  14.09%
  346m|324300 | 11578 |187244k| 577.4 |   692M |  65 |1076 |4362 |4477 |1201k|  0 | 438k|  17 | 0.000000e+00 |      --      |    Inf |  14.10%
  346m|324400 | 11565 |187307k| 577.4 |   692M |  65 |1076 |4367 |4392 |1202k|  1 | 438k|  17 | 0.000000e+00 |      --      |    Inf |  14.10%
  346m|324500 | 11559 |187364k| 577.4 |   692M |  65 |1076 |4407 |3064 |1202k|  0 | 438k|  17 | 0.000000e+00 |      --      |    Inf |  14.10%
  346m|324600 | 11557 |187435k| 577.4 |   692M |  65 |1076 |4422 |3335 |1202k|  0 | 438k|  17 | 0.000000e+00 |      --      |    Inf |  14.10%
  346m|324700 | 11577 |187503k| 577.5 |   692M |  65 |1076 |4527 |3643 |1202k|  1 | 438k|  17 | 0.000000e+00 |      --      |    Inf |  14.10%
  346m|324800 | 11577 |187571k| 577.5 |   692M |  65 |1076 |4704 |3633 |1202k|  1 | 438k|  17 | 0.000000e+00 |      --      |    Inf |  14.10%
  346m|324900 | 11566 |187630k| 577.5 |   692M |  65 |1076 |4838 |   0 |1202k|  0 | 439k|  17 | 0.000000e+00 |      --      |    Inf |  14.10%
  347m|325000 | 11582 |187711k| 577.6 |   692M |  65 |1076 |4889 |4206 |1202k|  1 | 439k|  17 | 0.000000e+00 |      --      |    Inf |  14.11%
  347m|325100 | 11578 |187774k| 577.6 |   692M |  65 |1076 |5018 |4278 |1202k|  1 | 439k|  17 | 0.000000e+00 |      --      |    Inf |  14.11%
  347m|325200 | 11575 |187832k| 577.6 |   692M |  65 |1076 |5162 |4282 |1202k|  0 | 439k|  17 | 0.000000e+00 |      --      |    Inf |  14.11%
  347m|325300 | 11581 |187900k| 577.6 |   692M |  65 |1076 |5287 |4278 |1202k|  0 | 439k|  17 | 0.000000e+00 |      --      |    Inf |  14.11%
  347m|325400 | 11581 |187958k| 577.6 |   692M |  65 |1076 |5417 |4279 |1202k|  2 | 439k|  17 | 0.000000e+00 |      --      |    Inf |  14.11%
  347m|325500 | 11575 |188028k| 577.7 |   692M |  65 |1076 |5530 |4277 |1202k|  0 | 439k|  17 | 0.000000e+00 |      --      |    Inf |  14.11%
  347m|325600 | 11579 |188089k| 577.7 |   692M |  65 |1076 |5640 |4278 |1202k|  1 | 439k|  17 | 0.000000e+00 |      --      |    Inf |  14.11%
 time | node  | left  |LP iter|LP it/n|mem/heur|mdpt |vars |cons |rows |cuts |sepa|confs|strbr|  dualbound   | primalbound  |  gap   | compl. 
  347m|325700 | 11573 |188146k| 577.7 |   692M |  65 |1076 |5737 |4193 |1202k|  0 | 440k|  17 | 0.000000e+00 |      --      |    Inf |  14.11%
  348m|325800 | 11561 |188208k| 577.7 |   693M |  65 |1076 |5651 |4434 |1202k|  1 | 440k|  17 | 0.000000e+00 |      --      |    Inf |  14.11%
  348m|325900 | 11557 |188276k| 577.7 |   693M |  65 |1076 |5316 |4037 |1203k|  0 | 440k|  17 | 0.000000e+00 |      --      |    Inf |  14.14%
  348m|326000 | 11561 |188339k| 577.7 |   693M |  65 |1076 |5191 |5685 |1203k|  0 | 440k|  17 | 0.000000e+00 |      --      |    Inf |  14.15%
  348m|326100 | 11562 |188393k| 577.7 |   693M |  65 |1076 |5093 |2682 |1203k|  2 | 440k|  17 | 0.000000e+00 |      --      |    Inf |  14.15%
  348m|326200 | 11576 |188460k| 577.7 |   693M |  65 |1076 |5168 |5633 |1203k|  1 | 440k|  17 | 0.000000e+00 |      --      |    Inf |  14.15%
  348m|326300 | 11584 |188523k| 577.8 |   693M |  65 |1076 |5272 |5634 |1203k|  1 | 440k|  17 | 0.000000e+00 |      --      |    Inf |  14.15%
  348m|326400 | 11589 |188573k| 577.7 |   693M |  65 |1076 |5392 |5635 |1204k|  1 | 441k|  17 | 0.000000e+00 |      --      |    Inf |  14.15%
  348m|326500 | 11587 |188622k| 577.7 |   694M |  65 |1076 |5506 |5639 |1204k|  0 | 441k|  17 | 0.000000e+00 |      --      |    Inf |  14.15%
  349m|326600 | 11586 |188681k| 577.7 |   694M |  65 |1076 |5489 |2712 |1205k|  2 | 441k|  17 | 0.000000e+00 |      --      |    Inf |  14.15%
  349m|326700 | 11592 |188759k| 577.8 |   694M |  65 |1076 |5470 |2996 |1206k|  2 | 441k|  17 | 0.000000e+00 |      --      |    Inf |  14.16%
  349m|326800 | 11634 |188833k| 577.8 |   694M |  65 |1076 |5546 |3359 |1207k|  1 | 441k|  17 | 0.000000e+00 |      --      |    Inf |  14.16%
  349m|326900 | 11646 |188892k| 577.8 |   694M |  65 |1076 |5740 |3445 |1207k|  1 | 441k|  17 | 0.000000e+00 |      --      |    Inf |  14.16%
  349m|327000 | 11646 |188952k| 577.8 |   694M |  65 |1076 |5950 |3520 |1207k|  1 | 442k|  17 | 0.000000e+00 |      --      |    Inf |  14.16%
  349m|327100 | 11648 |189023k| 577.9 |   694M |  65 |1076 |6035 |3339 |1208k|  0 | 442k|  17 | 0.000000e+00 |      --      |    Inf |  14.16%
 time | node  | left  |LP iter|LP it/n|mem/heur|mdpt |vars |cons |rows |cuts |sepa|confs|strbr|  dualbound   | primalbound  |  gap   | compl. 
  349m|327200 | 11649 |189065k| 577.8 |   694M |  65 |1076 |6173 |3372 |1208k|  1 | 442k|  17 | 0.000000e+00 |      --      |    Inf |  14.16%
  349m|327300 | 11638 |189100k| 577.8 |   694M |  65 |1076 |6261 |3375 |1208k|  0 | 442k|  17 | 0.000000e+00 |      --      |    Inf |  14.16%
  349m|327400 | 11639 |189159k| 577.8 |   694M |  65 |1076 |6315 |3005 |1208k|  0 | 442k|  17 | 0.000000e+00 |      --      |    Inf |  14.16%
  349m|327500 | 11637 |189214k| 577.7 |   694M |  65 |1076 |6480 |3067 |1209k|  0 | 442k|  17 | 0.000000e+00 |      --      |    Inf |  14.16%
  350m|327600 | 11639 |189264k| 577.7 |   695M |  65 |1076 |6632 |3581 |1209k|  0 | 443k|  17 | 0.000000e+00 |      --      |    Inf |  14.16%
  350m|327700 | 11645 |189321k| 577.7 |   695M |  65 |1076 |6814 |   0 |1209k|  0 | 443k|  17 | 0.000000e+00 |      --      |    Inf |  14.16%
  350m|327800 | 11646 |189379k| 577.7 |   695M |  65 |1076 |6998 |3633 |1209k|  0 | 443k|  17 | 0.000000e+00 |      --      |    Inf |  14.16%
  350m|327900 | 11642 |189436k| 577.7 |   695M |  65 |1076 |7226 |3623 |1209k|  0 | 443k|  17 | 0.000000e+00 |      --      |    Inf |  14.16%
  350m|328000 | 11635 |189490k| 577.7 |   695M |  65 |1076 |7296 |3644 |1209k|  2 | 444k|  17 | 0.000000e+00 |      --      |    Inf |  14.16%
  350m|328100 | 11638 |189543k| 577.7 |   696M |  65 |1076 |7338 |3621 |1209k|  2 | 444k|  17 | 0.000000e+00 |      --      |    Inf |  14.16%
  350m|328200 | 11641 |189596k| 577.7 |   696M |  65 |1076 |7059 |3746 |1209k|  2 | 444k|  17 | 0.000000e+00 |      --      |    Inf |  14.16%
  350m|328300 | 11652 |189632k| 577.6 |   696M |  65 |1076 |7100 |4144 |1209k|  0 | 444k|  17 | 0.000000e+00 |      --      |    Inf |  14.16%
  350m|328400 | 11653 |189664k| 577.5 |   696M |  65 |1076 |7216 |4147 |1209k|  1 | 444k|  17 | 0.000000e+00 |      --      |    Inf |  14.16%
  350m|328500 | 11640 |189695k| 577.5 |   696M |  65 |1076 |7076 |3221 |1209k|  1 | 444k|  17 | 0.000000e+00 |      --      |    Inf |  14.16%
  350m|328600 | 11649 |189722k| 577.4 |   696M |  65 |1076 |7036 |3880 |1209k|  1 | 444k|  17 | 0.000000e+00 |      --      |    Inf |  14.17%
 time | node  | left  |LP iter|LP it/n|mem/heur|mdpt |vars |cons |rows |cuts |sepa|confs|strbr|  dualbound   | primalbound  |  gap   | compl. 
  350m|328700 | 11643 |189753k| 577.3 |   696M |  65 |1076 |7036 |3811 |1209k|  2 | 445k|  17 | 0.000000e+00 |      --      |    Inf |  14.17%
  350m|328800 | 11641 |189782k| 577.2 |   696M |  65 |1076 |6648 |4921 |1209k|  1 | 445k|  17 | 0.000000e+00 |      --      |    Inf |  14.22%
  350m|328900 | 11636 |189810k| 577.1 |   697M |  65 |1076 |6022 |3644 |1210k|  1 | 445k|  17 | 0.000000e+00 |      --      |    Inf |  14.24%
  351m|329000 | 11650 |189840k| 577.0 |   697M |  65 |1076 |5770 |5272 |1210k|  1 | 445k|  17 | 0.000000e+00 |      --      |    Inf |  14.25%
  351m|329100 | 11660 |189866k| 576.9 |   698M |  65 |1076 |5706 |4886 |1210k|  1 | 445k|  17 | 0.000000e+00 |      --      |    Inf |  14.25%
  351m|329200 | 11653 |189894k| 576.8 |   698M |  65 |1076 |5707 |3021 |1210k|  0 | 445k|  17 | 0.000000e+00 |      --      |    Inf |  14.26%
  351m|329300 | 11645 |189925k| 576.7 |   698M |  65 |1076 |5407 |4076 |1210k|  1 | 445k|  17 | 0.000000e+00 |      --      |    Inf |  14.26%
  351m|329400 | 11627 |189953k| 576.7 |   698M |  65 |1076 |5115 |4025 |1210k|  1 | 446k|  17 | 0.000000e+00 |      --      |    Inf |  14.26%
  351m|329500 | 11618 |189978k| 576.6 |   698M |  65 |1076 |4914 |4686 |1210k|  1 | 446k|  17 | 0.000000e+00 |      --      |    Inf |  14.48%
  351m|329600 | 11622 |190005k| 576.5 |   698M |  65 |1076 |4951 |4141 |1210k|  2 | 446k|  17 | 0.000000e+00 |      --      |    Inf |  14.48%
  351m|329700 | 11615 |190031k| 576.4 |   698M |  65 |1076 |4874 |3534 |1210k|  2 | 446k|  17 | 0.000000e+00 |      --      |    Inf |  14.49%
  351m|329800 | 11594 |190055k| 576.3 |   698M |  65 |1076 |4702 |4189 |1210k|  0 | 446k|  17 | 0.000000e+00 |      --      |    Inf |  14.49%
  351m|329900 | 11575 |190089k| 576.2 |   698M |  65 |1076 |4410 |4053 |1210k|  1 | 446k|  17 | 0.000000e+00 |      --      |    Inf |  14.50%
  351m|330000 | 11584 |190114k| 576.1 |   698M |  65 |1076 |4361 |4415 |1210k|  0 | 446k|  17 | 0.000000e+00 |      --      |    Inf |  14.50%
  351m|330100 | 11580 |190148k| 576.0 |   698M |  65 |1076 |4312 |2602 |1211k|  0 | 447k|  17 | 0.000000e+00 |      --      |    Inf |  14.50%
 time | node  | left  |LP iter|LP it/n|mem/heur|mdpt |vars |cons |rows |cuts |sepa|confs|strbr|  dualbound   | primalbound  |  gap   | compl. 
  351m|330200 | 11572 |190180k| 576.0 |   698M |  65 |1076 |4296 |3456 |1211k|  2 | 447k|  17 | 0.000000e+00 |      --      |    Inf |  14.51%
  351m|330300 | 11567 |190224k| 575.9 |   698M |  65 |1076 |4296 |4195 |1211k|  0 | 447k|  17 | 0.000000e+00 |      --      |    Inf |  14.52%
  351m|330400 | 11582 |190280k| 575.9 |   698M |  65 |1076 |4277 |2848 |1212k|  2 | 447k|  17 | 0.000000e+00 |      --      |    Inf |  14.52%
  351m|330500 | 11574 |190342k| 575.9 |   698M |  65 |1076 |4352 |2897 |1213k|  2 | 447k|  17 | 0.000000e+00 |      --      |    Inf |  14.52%
  352m|330600 | 11560 |190391k| 575.9 |   699M |  65 |1076 |4242 |4725 |1214k|  1 | 447k|  17 | 0.000000e+00 |      --      |    Inf |  14.53%
  352m|330700 | 11554 |190451k| 575.9 |   699M |  65 |1076 |4101 |3603 |1214k|  0 | 447k|  17 | 0.000000e+00 |      --      |    Inf |  14.53%
  352m|330800 | 11550 |190509k| 575.9 |   699M |  65 |1076 |4008 |2540 |1214k|  2 | 448k|  17 | 0.000000e+00 |      --      |    Inf |  14.53%
  352m|330900 | 11543 |190563k| 575.9 |   699M |  65 |1076 |3808 |   0 |1214k|  0 | 448k|  17 | 0.000000e+00 |      --      |    Inf |  14.54%
  352m|331000 | 11548 |190613k| 575.9 |   699M |  65 |1076 |3699 |4063 |1215k|  0 | 448k|  17 | 0.000000e+00 |      --      |    Inf |  14.54%
  352m|331100 | 11554 |190667k| 575.9 |   699M |  65 |1076 |3729 |2806 |1215k|  2 | 448k|  17 | 0.000000e+00 |      --      |    Inf |  14.55%
  352m|331200 | 11556 |190720k| 575.8 |   699M |  65 |1076 |3720 |4215 |1215k|  2 | 448k|  17 | 0.000000e+00 |      --      |    Inf |  14.55%
  352m|331300 | 11545 |190772k| 575.8 |   699M |  65 |1076 |3673 |3312 |1216k|  2 | 448k|  17 | 0.000000e+00 |      --      |    Inf |  14.55%
  352m|331400 | 11569 |190862k| 575.9 |   700M |  65 |1076 |3666 |3991 |1216k|  2 | 448k|  17 | 0.000000e+00 |      --      |    Inf |  14.56%
  353m|331500 | 11562 |190915k| 575.9 |   700M |  65 |1076 |3788 |5333 |1216k|  0 | 448k|  17 | 0.000000e+00 |      --      |    Inf |  14.56%
  353m|331600 | 11554 |190971k| 575.9 |   700M |  65 |1076 |3797 |4093 |1216k|  2 | 449k|  17 | 0.000000e+00 |      --      |    Inf |  14.56%
 time | node  | left  |LP iter|LP it/n|mem/heur|mdpt |vars |cons |rows |cuts |sepa|confs|strbr|  dualbound   | primalbound  |  gap   | compl. 
  353m|331700 | 11556 |191026k| 575.9 |   700M |  65 |1076 |3780 |4487 |1217k|  1 | 449k|  17 | 0.000000e+00 |      --      |    Inf |  14.61%
  353m|331800 | 11542 |191084k| 575.9 |   700M |  65 |1076 |3711 |3004 |1217k|  0 | 449k|  17 | 0.000000e+00 |      --      |    Inf |  14.62%
  353m|331900 | 11543 |191138k| 575.9 |   700M |  65 |1076 |3684 |4886 |1217k|  1 | 449k|  17 | 0.000000e+00 |      --      |    Inf |  14.62%
  353m|332000 | 11549 |191206k| 575.9 |   700M |  65 |1076 |3805 |3730 |1218k|  1 | 449k|  17 | 0.000000e+00 |      --      |    Inf |  14.62%
  353m|332100 | 11537 |191266k| 575.9 |   700M |  65 |1076 |3837 |5346 |1218k|  1 | 449k|  17 | 0.000000e+00 |      --      |    Inf |  14.63%
  353m|332200 | 11518 |191329k| 575.9 |   700M |  65 |1076 |3775 |2776 |1218k|  2 | 449k|  17 | 0.000000e+00 |      --      |    Inf |  14.63%
  354m|332300 | 11513 |191391k| 576.0 |   700M |  65 |1076 |3769 |5358 |1218k|  0 | 450k|  17 | 0.000000e+00 |      --      |    Inf |  14.63%
  354m|332400 | 11505 |191447k| 575.9 |   700M |  65 |1076 |3820 |3454 |1218k|  0 | 450k|  17 | 0.000000e+00 |      --      |    Inf |  14.63%
  354m|332500 | 11522 |191532k| 576.0 |   701M |  65 |1076 |3772 |4098 |1219k|  0 | 450k|  17 | 0.000000e+00 |      --      |    Inf |  14.73%
  354m|332600 | 11531 |191603k| 576.1 |   701M |  65 |1076 |3873 |3439 |1219k|  2 | 450k|  17 | 0.000000e+00 |      --      |    Inf |  14.73%
  354m|332700 | 11574 |191663k| 576.1 |   701M |  65 |1076 |3926 |4174 |1219k|  0 | 450k|  17 | 0.000000e+00 |      --      |    Inf |  14.73%
  354m|332800 | 11590 |191714k| 576.1 |   701M |  65 |1076 |4019 |4180 |1219k|  0 | 450k|  17 | 0.000000e+00 |      --      |    Inf |  14.73%
  354m|332900 | 11601 |191750k| 576.0 |   701M |  65 |1076 |4119 |3445 |1219k|  0 | 450k|  17 | 0.000000e+00 |      --      |    Inf |  14.73%
  354m|333000 | 11598 |191796k| 576.0 |   701M |  65 |1076 |4188 |5189 |1219k|  1 | 450k|  17 | 0.000000e+00 |      --      |    Inf |  14.73%
  354m|333100 | 11596 |191850k| 575.9 |   701M |  65 |1076 |4154 |4067 |1219k|  0 | 451k|  17 | 0.000000e+00 |      --      |    Inf |  14.73%
 time | node  | left  |LP iter|LP it/n|mem/heur|mdpt |vars |cons |rows |cuts |sepa|confs|strbr|  dualbound   | primalbound  |  gap   | compl. 
  355m|333200 | 11607 |191888k| 575.9 |   701M |  65 |1076 |4260 |4090 |1219k|  1 | 451k|  17 | 0.000000e+00 |      --      |    Inf |  14.73%
  355m|333300 | 11594 |191934k| 575.9 |   701M |  65 |1076 |4249 |5041 |1219k|  0 | 451k|  17 | 0.000000e+00 |      --      |    Inf |  14.75%
  355m|333400 | 11597 |191988k| 575.8 |   702M |  65 |1076 |4204 |3891 |1219k|  1 | 451k|  17 | 0.000000e+00 |      --      |    Inf |  14.75%
  355m|333500 | 11593 |192045k| 575.8 |   702M |  65 |1076 |4234 |4291 |1219k|  1 | 451k|  17 | 0.000000e+00 |      --      |    Inf |  14.75%
  355m|333600 | 11604 |192114k| 575.9 |   702M |  65 |1076 |4229 |2923 |1220k|  1 | 451k|  17 | 0.000000e+00 |      --      |    Inf |  14.75%
  355m|333700 | 11610 |192162k| 575.8 |   702M |  65 |1076 |4326 |2944 |1220k|  2 | 451k|  17 | 0.000000e+00 |      --      |    Inf |  14.75%
  355m|333800 | 11606 |192208k| 575.8 |   702M |  65 |1076 |4388 |3002 |1221k|  2 | 452k|  17 | 0.000000e+00 |      --      |    Inf |  14.75%
  355m|333900 | 11597 |192272k| 575.8 |   702M |  65 |1076 |4286 |3844 |1221k|  0 | 452k|  17 | 0.000000e+00 |      --      |    Inf |  14.75%
  355m|334000 | 11588 |192330k| 575.8 |   702M |  65 |1076 |4141 |4028 |1221k|  2 | 452k|  17 | 0.000000e+00 |      --      |    Inf |  14.76%
  355m|334100 | 11599 |192391k| 575.8 |   702M |  65 |1076 |3703 |4330 |1221k|  0 | 452k|  17 | 0.000000e+00 |      --      |    Inf |  14.76%
  356m|334200 | 11606 |192444k| 575.8 |   702M |  65 |1076 |3776 |4330 |1221k|  0 | 452k|  17 | 0.000000e+00 |      --      |    Inf |  14.76%
  356m|334300 | 11613 |192490k| 575.8 |   702M |  65 |1076 |3908 |4336 |1221k|  1 | 452k|  17 | 0.000000e+00 |      --      |    Inf |  14.76%
  356m|334400 | 11612 |192548k| 575.8 |   702M |  65 |1076 |4003 |4334 |1221k|  0 | 452k|  17 | 0.000000e+00 |      --      |    Inf |  14.76%
  356m|334500 | 11596 |192606k| 575.8 |   702M |  65 |1076 |3619 |3849 |1222k|  1 | 453k|  17 | 0.000000e+00 |      --      |    Inf |  14.76%
  356m|334600 | 11598 |192663k| 575.8 |   702M |  65 |1076 |3509 |2676 |1222k|  2 | 453k|  17 | 0.000000e+00 |      --      |    Inf |  14.77%
 time | node  | left  |LP iter|LP it/n|mem/heur|mdpt |vars |cons |rows |cuts |sepa|confs|strbr|  dualbound   | primalbound  |  gap   | compl. 
  356m|334700 | 11599 |192734k| 575.8 |   702M |  65 |1076 |3562 |3916 |1222k|  0 | 453k|  17 | 0.000000e+00 |      --      |    Inf |  14.77%
  356m|334800 | 11595 |192793k| 575.8 |   702M |  65 |1076 |3694 |3909 |1222k|  0 | 453k|  17 | 0.000000e+00 |      --      |    Inf |  14.77%
  356m|334900 | 11588 |192843k| 575.8 |   702M |  65 |1076 |3774 |3856 |1222k|  0 | 453k|  17 | 0.000000e+00 |      --      |    Inf |  14.77%
  356m|335000 | 11569 |192893k| 575.8 |   703M |  65 |1076 |3589 |4650 |1223k|  2 | 453k|  17 | 0.000000e+00 |      --      |    Inf |  14.82%
  356m|335100 | 11605 |192975k| 575.9 |   703M |  65 |1076 |3561 |3839 |1223k|  1 | 453k|  17 | 0.000000e+00 |      --      |    Inf |  14.82%
  357m|335200 | 11611 |193035k| 575.9 |   703M |  65 |1076 |3652 |3821 |1223k|  2 | 454k|  17 | 0.000000e+00 |      --      |    Inf |  14.82%
pressed CTRL-C 1 times (5 times for forcing termination)

SCIP Status        : solving was interrupted [user interrupt]
Solving Time (sec) : 21395.00
Solving Nodes      : 335246
Primal Bound       : +1.00000000000000e+20 (0 solutions)
Dual Bound         : +0.00000000000000e+00
Gap                : infinite


no solution available

SCIP> 