SCIP version 10.0.1 [precision: 8 byte] [memory: block] [mode: optimized] [LP solver: SoPlex 8.0.1] [GitHash: 76a50c97d6]
Copyright (c) 2002-2026 Zuse Institute Berlin (ZIB)

External libraries: 
  SoPlex 8.0.1         Linear programming solver developed at Zuse Institute Berlin (soplex.zib.de) [GitHash: c69290aa]
  CppAD 20180000.0     Algorithmic Differentiation of C++ algorithms developed by B. Bell (github.com/coin-or/CppAD)
  ZLIB 1.3.1           General purpose compression library by J. Gailly and M. Adler (zlib.net)
  MPFR 4.2.2           GNU Multiple Precision Floating-Point Reliable Library (mpfr.org)
  Boost 1.89.0         Boost C++ Libraries (boost.org)
  TinyCThread 1.2      small portable implementation of the C11 threads API (tinycthread.github.io)
  GMP 6.3.0            GNU Multiple Precision Arithmetic Library developed by T. Granlund (gmplib.org)
  ZIMPL 3.7.0          Zuse Institute Mathematical Programming Language developed by T. Koch (zimpl.zib.de)
  AMPL/MP 4.0.4        AMPL .nl file reader library (github.com/ampl/mp)
  PaPILO 3.0.0         parallel presolve for integer and linear optimization (github.com/scipopt/papilo) (built with TBB) [GitHash: 4cbdc327]
  Nauty 2.8.8          Computing Graph Automorphism Groups by Brendan D. McKay (users.cecs.anu.edu.au/~bdm/nauty)
  sassy 2.0            Symmetry preprocessor by Markus Anders (github.com/markusa4/sassy)
  Ipopt 3.14.19        Interior Point Optimizer developed by A. Waechter et.al. (github.com/coin-or/Ipopt)

user parameter file <scip.set> not found - using default parameters

loaded parameter file <scip_v5.set>

read problem <N21_R8_K3_0_20_split_20_fix0B_5_exact_wo_lem.lp>
============

original problem has 1682 variables (1658 bin, 22 int, 2 cont) and 5987 constraints
heuristics/padm/freq = -1
heuristics/ofins/freq = -1
heuristics/reoptsols/freq = -1
heuristics/trivialnegation/freq = -1
heuristics/trivial/freq = -1
heuristics/clique/freq = -1
heuristics/locks/freq = -1
heuristics/vbounds/freq = -1
heuristics/shiftandpropagate/freq = -1
heuristics/completesol/freq = -1
heuristics/simplerounding/freq = -1
heuristics/randrounding/freq = -1
heuristics/zirounding/freq = -1
heuristics/rounding/freq = -1
heuristics/shifting/freq = -1
heuristics/intshifting/freq = -1
heuristics/oneopt/freq = -1
heuristics/indicator/freq = -1
heuristics/adaptivediving/freq = -1
heuristics/indicatordiving/freq = -1
heuristics/farkasdiving/freq = -1
heuristics/feaspump/freq = -1
heuristics/conflictdiving/freq = -1
heuristics/pscostdiving/freq = -1
heuristics/fracdiving/freq = -1
heuristics/nlpdiving/freq = -1
heuristics/veclendiving/freq = -1
heuristics/distributiondiving/freq = -1
heuristics/objpscostdiving/freq = -1
heuristics/rootsoldiving/freq = -1
heuristics/linesearchdiving/freq = -1
heuristics/guideddiving/freq = -1
heuristics/rens/freq = -1
heuristics/alns/freq = -1
heuristics/rins/freq = -1
heuristics/gins/freq = -1
heuristics/crossover/freq = -1
heuristics/lpface/freq = -1
heuristics/undercover/freq = -1
heuristics/subnlp/freq = -1
heuristics/mpec/freq = -1
heuristics/multistart/freq = -1
heuristics/trysol/freq = -1
presolving/restartfac = 0.0125
presolving/restartminred = 0.06
constraints/setppc/cliquelifting = TRUE
presolving/boundshift/maxrounds = -1
presolving/qpkktref/maxrounds = -1
presolving/stuffing/maxrounds = -1
presolving/tworowbnd/maxrounds = -1
presolving/dualinfer/maxrounds = -1
presolving/dualagg/maxrounds = -1
presolving/implint/maxrounds = -1
presolving/redvub/maxrounds = -1
propagating/probing/maxuseless = 1500
propagating/probing/maxtotaluseless = 75
separating/closecuts/freq = 0
separating/rlt/freq = 20
separating/rlt/maxroundsroot = 15
separating/disjunctive/freq = 20
separating/disjunctive/maxroundsroot = 150
separating/gauge/freq = 0
separating/interminor/freq = 0
separating/convexproj/freq = 0
separating/gomory/maxroundsroot = 15
separating/gomory/maxsepacutsroot = 400
separating/aggregation/maxsepacutsroot = 1000
separating/clique/freq = 20
separating/zerohalf/maxroundsroot = 30
separating/zerohalf/maxsepacutsroot = 200
separating/lagromory/freq = 0
separating/mcf/freq = 20
separating/mcf/maxsepacutsroot = 400
separating/eccuts/freq = 0
separating/eccuts/maxroundsroot = 375
separating/eccuts/maxsepacutsroot = 100
separating/oddcycle/freq = 0
separating/oddcycle/maxroundsroot = 15
separating/oddcycle/maxsepacutsroot = 10000
constraints/benderslp/sepafreq = 0
constraints/integral/sepafreq = 0
constraints/SOS2/sepafreq = 10
constraints/varbound/sepafreq = 10
constraints/knapsack/sepafreq = 10
constraints/knapsack/maxsepacutsroot = 500
constraints/setppc/sepafreq = 10
constraints/or/sepafreq = 10
constraints/xor/sepafreq = 10
constraints/conjunction/sepafreq = 0
constraints/disjunction/sepafreq = 0
constraints/exactsol/sepafreq = 0
constraints/linear/sepafreq = 10
constraints/linear/maxsepacutsroot = 500
constraints/exactlinear/sepafreq = 10
constraints/exactlinear/maxsepacutsroot = 500
constraints/orbitope_full/sepafreq = 0
constraints/orbitope_pp/sepafreq = 0
constraints/logicor/sepafreq = 10
constraints/bounddisjunction/sepafreq = 0
constraints/pseudoboolean/sepafreq = 0
constraints/superindicator/sepafreq = 0
constraints/benders/sepafreq = 0
constraints/fixedvar/sepafreq = 0
constraints/countsols/sepafreq = 0
constraints/components/sepafreq = 0
cutselection/hybrid/minorthoroot = 0.1
separating/maxroundsrootsubrun = 5
separating/maxaddrounds = 5
separating/maxcutsroot = 5000
constraints/linear/separateall = TRUE
separating/aggregation/maxfailsroot = 200
separating/mcf/maxtestdelta = -1
separating/mcf/trynegscaling = TRUE
conflict/preferbinary = TRUE
conflict/conflictweight = 1
conflict/usegenres = TRUE
nodeselection/restartdfs/stdpriority = 100000
conflict/useinflp = b
separating/clique/freq = 5
separating/zerohalf/freq = 5
misc/usesymmetry = 3
conflict/useprop = TRUE

presolving:
(round 1, fast)       548 del vars, 180 del conss, 0 add conss, 263 chg bounds, 118 chg sides, 236 chg coeffs, 0 upgd conss, 0 impls, 2485 clqs, 0 implints
(round 2, fast)       857 del vars, 2122 del conss, 0 add conss, 276 chg bounds, 182 chg sides, 370 chg coeffs, 0 upgd conss, 0 impls, 2553 clqs, 0 implints
(round 3, fast)       857 del vars, 2122 del conss, 0 add conss, 286 chg bounds, 231 chg sides, 474 chg coeffs, 0 upgd conss, 0 impls, 2553 clqs, 0 implints
(round 4, fast)       857 del vars, 2122 del conss, 0 add conss, 293 chg bounds, 272 chg sides, 571 chg coeffs, 0 upgd conss, 0 impls, 2553 clqs, 0 implints
(round 5, fast)       857 del vars, 2122 del conss, 0 add conss, 297 chg bounds, 291 chg sides, 634 chg coeffs, 0 upgd conss, 0 impls, 2553 clqs, 0 implints
(round 6, fast)       857 del vars, 2122 del conss, 0 add conss, 299 chg bounds, 296 chg sides, 670 chg coeffs, 0 upgd conss, 0 impls, 2553 clqs, 0 implints
   (0.0s) running MILP presolver
   (0.0s) MILP presolver (2 rounds): 28 aggregations, 0 fixings, 0 bound changes
(round 7, medium)     885 del vars, 2122 del conss, 0 add conss, 300 chg bounds, 296 chg sides, 681 chg coeffs, 0 upgd conss, 0 impls, 2497 clqs, 0 implints
(round 8, fast)       885 del vars, 2178 del conss, 0 add conss, 300 chg bounds, 296 chg sides, 681 chg coeffs, 0 upgd conss, 0 impls, 2497 clqs, 0 implints
(round 9, exhaustive) 885 del vars, 2185 del conss, 0 add conss, 300 chg bounds, 296 chg sides, 681 chg coeffs, 0 upgd conss, 0 impls, 2497 clqs, 0 implints
(round 10, exhaustive) 885 del vars, 2185 del conss, 0 add conss, 300 chg bounds, 296 chg sides, 681 chg coeffs, 3529 upgd conss, 0 impls, 2497 clqs, 0 implints
(round 11, exhaustive) 885 del vars, 5461 del conss, 819 add conss, 300 chg bounds, 296 chg sides, 681 chg coeffs, 3529 upgd conss, 0 impls, 2497 clqs, 0 implints
(round 12, exhaustive) 885 del vars, 5461 del conss, 819 add conss, 300 chg bounds, 296 chg sides, 842 chg coeffs, 3529 upgd conss, 0 impls, 2497 clqs, 0 implints
   (0.0s) probing: 1000/1106 (90.4%) - 0 fixings, 0 aggregations, 2972 implications, 0 bound changes
   (0.0s) probing: 1053/1106 (95.2%) - 0 fixings, 0 aggregations, 2972 implications, 0 bound changes
   (0.0s) probing aborted: 75/75 successive totally useless probings
   (0.0s) symmetry computation started: requiring (bin +, int +, cont +), (fixed: bin -, int -, cont -)
   (0.0s) no symmetry present (symcode time: 0.00)
presolving (13 rounds: 13 fast, 6 medium, 5 exhaustive):
 885 deleted vars, 5461 deleted constraints, 819 added constraints, 300 tightened bounds, 0 added holes, 296 changed sides, 842 changed coefficients
 2101 implications, 3368 cliques, 0 implied integral variables (0 bin, 0 int, 0 cont)
presolved problem has 1125 variables (1106 bin, 19 int, 0 cont) and 1345 constraints
     16 constraints of type <varbound>
    161 constraints of type <knapsack>
     40 constraints of type <setppc>
    819 constraints of type <and>
    273 constraints of type <linear>
     36 constraints of type <logicor>
transformed objective value is always integral (scale: 1)
Presolving Time: 0.00

 time | node  | left  |LP iter|LP it/n|mem/heur|mdpt |vars |cons |rows |cuts |sepa|confs|strbr|  dualbound   | primalbound  |  gap   | compl. 
  0.0s|     1 |     0 |  1379 |     - |    29M |   0 |1125 |1345 |2164 |   0 |  0 |   0 |   0 | 0.000000e+00 |      --      |    Inf | unknown
Computing relative interior point (time limit: 1e+20, iter limit: 13790) ...
  0.0s|     1 |     0 |  1580 |     - |    34M |   0 |1125 |1345 |2222 |  58 |  1 |   0 |   0 | 0.000000e+00 |      --      |    Inf | unknown
  1.0s|     1 |     0 |  1724 |     - |    64M |   0 |1125 |1394 |2511 | 347 |  2 |   0 |   0 | 0.000000e+00 |      --      |    Inf | unknown
  3.0s|     1 |     0 |  1824 |     - |    94M |   0 |1125 |1394 |2616 | 452 |  3 |   0 |   0 | 0.000000e+00 |      --      |    Inf | unknown
  6.0s|     1 |     0 |  1907 |     - |   115M |   0 |1125 |1394 |2905 | 741 |  4 |   0 |   0 | 0.000000e+00 |      --      |    Inf | unknown
  9.0s|     1 |     0 |  2033 |     - |   135M |   0 |1125 |1394 |3115 | 951 |  5 |   0 |   0 | 0.000000e+00 |      --      |    Inf | unknown
 12.0s|     1 |     0 |  2118 |     - |   158M |   0 |1125 |1394 |3377 |1213 |  6 |   0 |   0 | 0.000000e+00 |      --      |    Inf | unknown
 16.0s|     1 |     0 |  2267 |     - |   182M |   0 |1125 |1394 |3618 |1454 |  7 |   0 |   0 | 0.000000e+00 |      --      |    Inf | unknown
 21.0s|     1 |     0 |  2682 |     - |   217M |   0 |1125 |1394 |3770 |1606 |  8 |   0 |   0 | 0.000000e+00 |      --      |    Inf | unknown
 27.0s|     1 |     0 |  2818 |     - |   249M |   0 |1125 |1394 |4017 |1853 |  9 |   0 |   0 | 0.000000e+00 |      --      |    Inf | unknown
 34.0s|     1 |     0 |  2932 |     - |   283M |   0 |1125 |1394 |4324 |2160 | 10 |   0 |   0 | 0.000000e+00 |      --      |    Inf | unknown
 40.0s|     1 |     0 |  3099 |     - |   327M |   0 |1125 |1394 |4568 |2404 | 11 |   0 |   0 | 0.000000e+00 |      --      |    Inf | unknown
 42.0s|     1 |     2 |  3177 |     - |   327M |   0 |1125 |1394 |4568 |2404 | 11 |   0 |  11 | 0.000000e+00 |      --      |    Inf | unknown
 45.0s|   100 |    63 | 23591 | 207.0 |   320M |  26 |1125 |1394 |2391 |3175 |  2 |  17 |  11 | 0.000000e+00 |      --      |    Inf | unknown
 47.0s|   200 |    87 | 45002 | 210.6 |   323M |  30 |1125 |1394 |   0 |3760 |  0 |  23 |  11 | 0.000000e+00 |      --      |    Inf | unknown
 time | node  | left  |LP iter|LP it/n|mem/heur|mdpt |vars |cons |rows |cuts |sepa|confs|strbr|  dualbound   | primalbound  |  gap   | compl. 
 49.0s|   300 |    96 | 59534 | 188.7 |   324M |  31 |1125 |1394 |2413 |4107 |  1 |  36 |  11 | 0.000000e+00 |      --      |    Inf | unknown
 54.0s|   400 |   116 | 81398 | 196.2 |   329M |  31 |1125 |1394 |2406 |4751 |  2 |  48 |  11 | 0.000000e+00 |      --      |    Inf | unknown
 58.0s|   500 |   155 | 98340 | 190.9 |   331M |  31 |1125 |1391 |2402 |5337 |  1 |  65 |  11 | 0.000000e+00 |      --      |    Inf | unknown
 64.0s|   600 |   164 |118001 | 191.8 |   295M |  31 |1125 |1381 |2421 |5964 |  2 |  79 |  11 | 0.000000e+00 |      --      |    Inf | unknown
 68.0s|   700 |   183 |137908 | 192.9 |   295M |  31 |1125 |1381 |   0 |6367 |  0 |  92 |  11 | 0.000000e+00 |      --      |    Inf | unknown
 72.0s|   800 |   210 |156038 | 191.4 |   297M |  31 |1125 |1381 |2355 |6864 |  2 | 108 |  11 | 0.000000e+00 |      --      |    Inf | unknown
 78.0s|   900 |   261 |180400 | 197.2 |   298M |  31 |1125 |1380 |2424 |7722 |  0 | 118 |  11 | 0.000000e+00 |      --      |    Inf | unknown
 84.0s|  1000 |   297 |209853 | 207.0 |   300M |  31 |1125 |1380 |2474 |8736 |  2 | 125 |  11 | 0.000000e+00 |      --      |    Inf | unknown
 90.0s|  1100 |   340 |232143 | 208.4 |   301M |  31 |1125 |1380 |2436 |9649 |  2 | 134 |  11 | 0.000000e+00 |      --      |    Inf | unknown
 94.0s|  1200 |   343 |253829 | 209.1 |   302M |  31 |1125 |1380 |2437 |  10k|  2 | 166 |  11 | 0.000000e+00 |      --      |    Inf |   0.53%
  101s|  1300 |   362 |281139 | 214.0 |   305M |  31 |1125 |1359 |2661 |  10k|  2 | 178 |  11 | 0.000000e+00 |      --      |    Inf |   0.57%
  108s|  1400 |   389 |309358 | 218.9 |   309M |  31 |1125 |1360 |2390 |  11k|  2 | 187 |  11 | 0.000000e+00 |      --      |    Inf |   0.62%
  113s|  1500 |   427 |329408 | 217.7 |   310M |  31 |1125 |1360 |2480 |  12k|  2 | 198 |  11 | 0.000000e+00 |      --      |    Inf |   0.62%
  119s|  1600 |   467 |355487 | 220.4 |   312M |  31 |1125 |1360 |2438 |  12k|  2 | 213 |  11 | 0.000000e+00 |      --      |    Inf |   0.63%
  122s|  1700 |   485 |375269 | 219.1 |   312M |  31 |1125 |1360 |2378 |  13k|  1 | 245 |  11 | 0.000000e+00 |      --      |    Inf |   0.64%
 time | node  | left  |LP iter|LP it/n|mem/heur|mdpt |vars |cons |rows |cuts |sepa|confs|strbr|  dualbound   | primalbound  |  gap   | compl. 
  128s|  1800 |   510 |402262 | 221.9 |   315M |  31 |1125 |1360 |2402 |  14k|  2 | 262 |  11 | 0.000000e+00 |      --      |    Inf |   0.64%
  133s|  1900 |   524 |428071 | 223.8 |   315M |  31 |1125 |1360 |2463 |  15k|  2 | 290 |  11 | 0.000000e+00 |      --      |    Inf |   0.65%
  138s|  2000 |   528 |455622 | 226.4 |   315M |  31 |1125 |1362 |2531 |  16k|  2 | 315 |  11 | 0.000000e+00 |      --      |    Inf |   0.65%
  143s|  2100 |   538 |477287 | 225.9 |   317M |  31 |1125 |1363 |2454 |  16k|  2 | 353 |  11 | 0.000000e+00 |      --      |    Inf |   0.66%
  147s|  2200 |   526 |500842 | 226.3 |   318M |  31 |1125 |1363 |   0 |  17k|  0 | 369 |  11 | 0.000000e+00 |      --      |    Inf |   0.66%
  152s|  2300 |   545 |526299 | 227.6 |   319M |  31 |1125 |1364 |2654 |  18k|  3 | 377 |  11 | 0.000000e+00 |      --      |    Inf |   0.67%
  157s|  2400 |   536 |553189 | 229.3 |   322M |  31 |1125 |1363 |2520 |  18k|  0 | 407 |  11 | 0.000000e+00 |      --      |    Inf |   0.68%
  162s|  2500 |   550 |578769 | 230.4 |   324M |  31 |1125 |1363 |2589 |  19k|  0 | 430 |  11 | 0.000000e+00 |      --      |    Inf |   0.68%
  167s|  2600 |   558 |600919 | 230.0 |   325M |  31 |1125 |1363 |2648 |  19k|  0 | 475 |  11 | 0.000000e+00 |      --      |    Inf |   0.68%
  172s|  2700 |   562 |627128 | 231.2 |   328M |  31 |1125 |1363 |2579 |  20k|  2 | 518 |  11 | 0.000000e+00 |      --      |    Inf |   0.68%
  177s|  2800 |   558 |652626 | 232.1 |   329M |  31 |1125 |1363 |2436 |  20k|  2 | 564 |  11 | 0.000000e+00 |      --      |    Inf |   0.68%
  181s|  2900 |   559 |671675 | 230.6 |   329M |  31 |1125 |1363 |2466 |  21k|  2 | 609 |  11 | 0.000000e+00 |      --      |    Inf |   0.69%
  185s|  3000 |   565 |695420 | 230.9 |   329M |  32 |1125 |1363 |2428 |  21k|  0 | 633 |  11 | 0.000000e+00 |      --      |    Inf |   0.70%
  190s|  3100 |   578 |719453 | 231.2 |   330M |  32 |1125 |1362 |   0 |  22k|  0 | 645 |  11 | 0.000000e+00 |      --      |    Inf |   0.71%
  195s|  3200 |   602 |745334 | 232.0 |   331M |  32 |1125 |1362 |2472 |  23k|  0 | 659 |  11 | 0.000000e+00 |      --      |    Inf |   1.10%
 time | node  | left  |LP iter|LP it/n|mem/heur|mdpt |vars |cons |rows |cuts |sepa|confs|strbr|  dualbound   | primalbound  |  gap   | compl. 
  199s|  3300 |   610 |767883 | 231.8 |   331M |  32 |1125 |1362 |2453 |  23k|  1 | 676 |  11 | 0.000000e+00 |      --      |    Inf |   1.11%
  204s|  3400 |   626 |791171 | 231.9 |   332M |  32 |1125 |1362 |2457 |  23k|  0 | 705 |  11 | 0.000000e+00 |      --      |    Inf |   1.15%
  207s|  3500 |   649 |812854 | 231.4 |   332M |  32 |1125 |1363 |2536 |  24k|  0 | 730 |  11 | 0.000000e+00 |      --      |    Inf |   1.16%
  209s|  3600 |   640 |834081 | 230.9 |   333M |  32 |1125 |1364 |2444 |  25k|  2 | 755 |  11 | 0.000000e+00 |      --      |    Inf |   1.17%
  211s|  3700 |   662 |859845 | 231.6 |   333M |  33 |1125 |1363 |2448 |  25k|  1 | 780 |  11 | 0.000000e+00 |      --      |    Inf |   1.17%
  213s|  3800 |   680 |885443 | 232.3 |   334M |  34 |1125 |1363 |2530 |  26k|  3 | 791 |  11 | 0.000000e+00 |      --      |    Inf |   1.22%
  215s|  3900 |   673 |910832 | 232.8 |   335M |  34 |1125 |1362 |2430 |  27k|  0 | 805 |  11 | 0.000000e+00 |      --      |    Inf |   1.22%
  217s|  4000 |   683 |933869 | 232.8 |   336M |  34 |1125 |1362 |2606 |  27k|  2 | 823 |  11 | 0.000000e+00 |      --      |    Inf |   1.23%
  219s|  4100 |   706 |956874 | 232.7 |   337M |  34 |1125 |1361 |2521 |  28k|  0 | 835 |  11 | 0.000000e+00 |      --      |    Inf |   1.23%
  222s|  4200 |   701 |982433 | 233.2 |   338M |  34 |1125 |1361 |2520 |  28k|  2 | 848 |  11 | 0.000000e+00 |      --      |    Inf |   1.24%
  224s|  4300 |   704 |  1009k| 234.2 |   340M |  34 |1125 |1360 |2514 |  29k|  0 | 876 |  11 | 0.000000e+00 |      --      |    Inf |   1.24%
  227s|  4400 |   730 |  1032k| 234.1 |   342M |  34 |1125 |1360 |2354 |  30k|  2 | 884 |  11 | 0.000000e+00 |      --      |    Inf |   1.24%
  229s|  4500 |   757 |  1062k| 235.4 |   342M |  34 |1125 |1359 |2413 |  30k|  0 | 889 |  11 | 0.000000e+00 |      --      |    Inf |   1.29%
  232s|  4600 |   746 |  1085k| 235.4 |   343M |  34 |1125 |1359 |   0 |  31k|  0 | 915 |  11 | 0.000000e+00 |      --      |    Inf |   1.41%
  234s|  4700 |   766 |  1108k| 235.2 |   343M |  34 |1125 |1359 |2612 |  31k|  0 | 925 |  11 | 0.000000e+00 |      --      |    Inf |   1.42%
 time | node  | left  |LP iter|LP it/n|mem/heur|mdpt |vars |cons |rows |cuts |sepa|confs|strbr|  dualbound   | primalbound  |  gap   | compl. 
  236s|  4800 |   776 |  1128k| 234.5 |   343M |  34 |1125 |1359 |2366 |  32k|  2 | 936 |  11 | 0.000000e+00 |      --      |    Inf |   1.44%
  238s|  4900 |   784 |  1156k| 235.5 |   343M |  34 |1125 |1359 |2440 |  33k|  0 | 948 |  11 | 0.000000e+00 |      --      |    Inf |   1.70%
  240s|  5000 |   794 |  1181k| 235.7 |   343M |  34 |1125 |1359 |2396 |  33k|  2 | 973 |  11 | 0.000000e+00 |      --      |    Inf |   1.73%
  242s|  5100 |   795 |  1205k| 235.8 |   344M |  34 |1125 |1360 |2696 |  34k|  2 | 997 |  11 | 0.000000e+00 |      --      |    Inf |   1.75%
  244s|  5200 |   800 |  1220k| 234.2 |   345M |  34 |1125 |1360 |2614 |  34k|  2 |1014 |  11 | 0.000000e+00 |      --      |    Inf |   1.77%
  246s|  5300 |   820 |  1242k| 233.9 |   345M |  34 |1125 |1361 |2419 |  35k|  2 |1023 |  11 | 0.000000e+00 |      --      |    Inf |   1.80%
  248s|  5400 |   846 |  1268k| 234.3 |   345M |  34 |1125 |1359 |2555 |  35k|  2 |1030 |  11 | 0.000000e+00 |      --      |    Inf |   1.80%
  250s|  5500 |   855 |  1295k| 235.0 |   345M |  34 |1125 |1359 |2514 |  36k|  1 |1047 |  11 | 0.000000e+00 |      --      |    Inf |   1.80%
  252s|  5600 |   855 |  1318k| 235.0 |   345M |  34 |1125 |1359 |2520 |  37k|  2 |1083 |  11 | 0.000000e+00 |      --      |    Inf |   1.81%
  256s|  5700 |   864 |  1339k| 234.5 |   346M |  34 |1125 |1361 |2623 |  37k|  2 |1105 |  11 | 0.000000e+00 |      --      |    Inf |   1.90%
  261s|  5800 |   864 |  1363k| 234.6 |   346M |  34 |1125 |1360 |2637 |  38k|  1 |1115 |  11 | 0.000000e+00 |      --      |    Inf |   1.92%
  267s|  5900 |   865 |  1390k| 235.1 |   348M |  34 |1125 |1359 |2765 |  38k|  2 |1136 |  11 | 0.000000e+00 |      --      |    Inf |   1.96%
  272s|  6000 |   870 |  1416k| 235.5 |   352M |  34 |1125 |1358 |2785 |  39k|  2 |1152 |  11 | 0.000000e+00 |      --      |    Inf |   1.97%
  276s|  6100 |   855 |  1437k| 235.2 |   353M |  34 |1125 |1358 |2370 |  39k|  0 |1181 |  11 | 0.000000e+00 |      --      |    Inf |   2.02%
  282s|  6200 |   848 |  1466k| 236.1 |   354M |  34 |1125 |1358 |2563 |  40k|  0 |1200 |  11 | 0.000000e+00 |      --      |    Inf |   2.04%
 time | node  | left  |LP iter|LP it/n|mem/heur|mdpt |vars |cons |rows |cuts |sepa|confs|strbr|  dualbound   | primalbound  |  gap   | compl. 
  287s|  6300 |   864 |  1491k| 236.4 |   355M |  34 |1125 |1358 |2451 |  40k|  2 |1215 |  11 | 0.000000e+00 |      --      |    Inf |   2.07%
  292s|  6400 |   872 |  1516k| 236.5 |   355M |  34 |1125 |1358 |2608 |  41k|  0 |1229 |  11 | 0.000000e+00 |      --      |    Inf |   2.17%
  298s|  6500 |   881 |  1546k| 237.5 |   356M |  34 |1125 |1358 |2714 |  41k|  2 |1250 |  11 | 0.000000e+00 |      --      |    Inf |   2.18%
  303s|  6600 |   870 |  1573k| 237.9 |   357M |  34 |1125 |1359 |   0 |  42k|  0 |1271 |  11 | 0.000000e+00 |      --      |    Inf |   2.18%
  308s|  6700 |   870 |  1599k| 238.3 |   358M |  34 |1125 |1359 |2611 |  42k|  0 |1276 |  11 | 0.000000e+00 |      --      |    Inf |   2.23%
  313s|  6800 |   874 |  1625k| 238.6 |   359M |  34 |1125 |1358 |2557 |  43k|  0 |1292 |  11 | 0.000000e+00 |      --      |    Inf |   2.24%
  318s|  6900 |   858 |  1651k| 239.0 |   360M |  34 |1125 |1358 |2443 |  43k|  0 |1319 |  11 | 0.000000e+00 |      --      |    Inf |   2.64%
  322s|  7000 |   848 |  1676k| 239.0 |   360M |  34 |1125 |1358 |2710 |  43k|  3 |1339 |  11 | 0.000000e+00 |      --      |    Inf |   2.66%
  326s|  7100 |   860 |  1698k| 238.8 |   360M |  34 |1125 |1358 |2735 |  44k|  1 |1356 |  11 | 0.000000e+00 |      --      |    Inf |   3.35%
  332s|  7200 |   880 |  1726k| 239.5 |   360M |  34 |1125 |1359 |2757 |  44k|  2 |1367 |  11 | 0.000000e+00 |      --      |    Inf |   4.15%
  336s|  7300 |   883 |  1747k| 239.0 |   361M |  34 |1125 |1359 |2392 |  45k|  2 |1400 |  11 | 0.000000e+00 |      --      |    Inf |   4.25%
  340s|  7400 |   887 |  1776k| 239.6 |   361M |  34 |1125 |1359 |2401 |  45k|  0 |1414 |  11 | 0.000000e+00 |      --      |    Inf |   4.27%
  343s|  7500 |   907 |  1810k| 241.0 |   363M |  34 |1125 |1358 |   0 |  46k|  0 |1422 |  11 | 0.000000e+00 |      --      |    Inf |   4.28%
  345s|  7600 |   905 |  1833k| 240.8 |   363M |  34 |1125 |1359 |2550 |  47k|  2 |1447 |  11 | 0.000000e+00 |      --      |    Inf |   4.28%
  347s|  7700 |   951 |  1855k| 240.7 |   363M |  34 |1125 |1359 |2507 |  48k|  0 |1463 |  11 | 0.000000e+00 |      --      |    Inf |   4.39%
 time | node  | left  |LP iter|LP it/n|mem/heur|mdpt |vars |cons |rows |cuts |sepa|confs|strbr|  dualbound   | primalbound  |  gap   | compl. 
  350s|  7800 |   978 |  1890k| 242.0 |   364M |  34 |1125 |1358 |2551 |  49k|  2 |1475 |  11 | 0.000000e+00 |      --      |    Inf |   4.41%
  352s|  7900 |   984 |  1915k| 242.1 |   364M |  34 |1125 |1358 |   0 |  49k|  0 |1488 |  11 | 0.000000e+00 |      --      |    Inf |   4.42%
  355s|  8000 |   999 |  1939k| 242.0 |   365M |  34 |1125 |1357 |2628 |  50k|  2 |1505 |  11 | 0.000000e+00 |      --      |    Inf |   4.53%
  357s|  8100 |  1020 |  1961k| 241.8 |   366M |  34 |1125 |1357 |2645 |  51k|  2 |1517 |  11 | 0.000000e+00 |      --      |    Inf |   4.54%
  360s|  8200 |  1019 |  1997k| 243.2 |   368M |  34 |1125 |1357 |2453 |  51k|  2 |1546 |  11 | 0.000000e+00 |      --      |    Inf |   4.54%
  362s|  8300 |  1026 |  2021k| 243.2 |   369M |  34 |1125 |1357 |2568 |  52k|  2 |1568 |  11 | 0.000000e+00 |      --      |    Inf |   4.61%
  365s|  8400 |  1023 |  2054k| 244.2 |   370M |  34 |1125 |1357 |2457 |  53k|  0 |1581 |  11 | 0.000000e+00 |      --      |    Inf |   4.64%
  369s|  8500 |  1041 |  2080k| 244.5 |   370M |  34 |1125 |1357 |2460 |  54k|  2 |1589 |  11 | 0.000000e+00 |      --      |    Inf |   4.66%
  374s|  8600 |  1086 |  2107k| 244.7 |   370M |  34 |1125 |1357 |2563 |  55k|  3 |1608 |  11 | 0.000000e+00 |      --      |    Inf |   4.85%
  380s|  8700 |  1162 |  2131k| 244.7 |   370M |  34 |1125 |1356 |2661 |  56k|  2 |1615 |  11 | 0.000000e+00 |      --      |    Inf |   4.87%
  384s|  8800 |  1183 |  2153k| 244.4 |   371M |  34 |1125 |1356 |2563 |  56k|  2 |1634 |  11 | 0.000000e+00 |      --      |    Inf |   4.87%
  388s|  8900 |  1204 |  2174k| 244.1 |   371M |  34 |1125 |1357 |2618 |  57k|  0 |1657 |  11 | 0.000000e+00 |      --      |    Inf |   4.87%
  393s|  9000 |  1204 |  2200k| 244.2 |   373M |  34 |1125 |1358 |2624 |  58k|  0 |1685 |  11 | 0.000000e+00 |      --      |    Inf |   4.87%
  399s|  9100 |  1230 |  2229k| 244.7 |   373M |  34 |1125 |1358 |2614 |  58k|  2 |1702 |  11 | 0.000000e+00 |      --      |    Inf |   4.87%
  405s|  9200 |  1232 |  2260k| 245.4 |   373M |  34 |1125 |1357 |2750 |  59k|  2 |1738 |  11 | 0.000000e+00 |      --      |    Inf |   4.87%
 time | node  | left  |LP iter|LP it/n|mem/heur|mdpt |vars |cons |rows |cuts |sepa|confs|strbr|  dualbound   | primalbound  |  gap   | compl. 
  410s|  9300 |  1227 |  2285k| 245.5 |   374M |  34 |1125 |1358 |2648 |  59k|  2 |1775 |  11 | 0.000000e+00 |      --      |    Inf |   4.87%
  414s|  9400 |  1233 |  2306k| 245.0 |   375M |  34 |1125 |1358 |2635 |  60k|  2 |1796 |  11 | 0.000000e+00 |      --      |    Inf |   4.87%
  419s|  9500 |  1233 |  2331k| 245.1 |   375M |  34 |1125 |1360 |2538 |  60k|  2 |1813 |  11 | 0.000000e+00 |      --      |    Inf |   4.88%
  425s|  9600 |  1242 |  2360k| 245.6 |   376M |  34 |1125 |1359 |2799 |  61k|  2 |1821 |  11 | 0.000000e+00 |      --      |    Inf |   4.88%
  430s|  9700 |  1260 |  2385k| 245.6 |   376M |  34 |1125 |1359 |2608 |  62k|  1 |1827 |  11 | 0.000000e+00 |      --      |    Inf |   4.88%
  434s|  9800 |  1266 |  2405k| 245.2 |   376M |  34 |1125 |1360 |2524 |  62k|  1 |1847 |  11 | 0.000000e+00 |      --      |    Inf |   4.88%
  439s|  9900 |  1285 |  2429k| 245.2 |   377M |  34 |1125 |1360 |2671 |  63k|  2 |1868 |  11 | 0.000000e+00 |      --      |    Inf |   4.89%
  443s| 10000 |  1297 |  2450k| 244.8 |   378M |  34 |1125 |1361 |   0 |  63k|  0 |1889 |  11 | 0.000000e+00 |      --      |    Inf |   4.89%
  448s| 10100 |  1323 |  2472k| 244.6 |   378M |  34 |1125 |1362 |2616 |  64k|  1 |1907 |  11 | 0.000000e+00 |      --      |    Inf |   4.89%
  453s| 10200 |  1327 |  2499k| 244.8 |   378M |  34 |1125 |1362 |2653 |  64k|  2 |1936 |  11 | 0.000000e+00 |      --      |    Inf |   4.89%
  458s| 10300 |  1327 |  2523k| 244.8 |   379M |  34 |1125 |1362 |2657 |  65k|  0 |1959 |  11 | 0.000000e+00 |      --      |    Inf |   4.89%
  464s| 10400 |  1330 |  2553k| 245.2 |   381M |  34 |1125 |1361 |2575 |  66k|  2 |1985 |  11 | 0.000000e+00 |      --      |    Inf |   4.89%
  468s| 10500 |  1330 |  2576k| 245.1 |   381M |  34 |1125 |1362 |2618 |  66k|  2 |2007 |  11 | 0.000000e+00 |      --      |    Inf |   4.90%
  473s| 10600 |  1345 |  2602k| 245.2 |   382M |  34 |1125 |1361 |2613 |  67k|  2 |2027 |  11 | 0.000000e+00 |      --      |    Inf |   4.90%
  478s| 10700 |  1353 |  2626k| 245.2 |   382M |  34 |1125 |1361 |2680 |  68k|  2 |2045 |  11 | 0.000000e+00 |      --      |    Inf |   4.90%
 time | node  | left  |LP iter|LP it/n|mem/heur|mdpt |vars |cons |rows |cuts |sepa|confs|strbr|  dualbound   | primalbound  |  gap   | compl. 
  484s| 10800 |  1390 |  2652k| 245.4 |   383M |  34 |1125 |1361 |2566 |  68k|  2 |2066 |  11 | 0.000000e+00 |      --      |    Inf |   4.90%
  491s| 10900 |  1408 |  2690k| 246.6 |   383M |  34 |1125 |1357 |2603 |  69k|  2 |2081 |  11 | 0.000000e+00 |      --      |    Inf |   4.91%
  497s| 11000 |  1404 |  2721k| 247.2 |   383M |  34 |1125 |1357 |2571 |  70k|  2 |2101 |  11 | 0.000000e+00 |      --      |    Inf |   4.91%
  502s| 11100 |  1419 |  2743k| 246.9 |   383M |  34 |1125 |1357 |2912 |  71k|  2 |2127 |  11 | 0.000000e+00 |      --      |    Inf |   4.92%
  507s| 11200 |  1417 |  2768k| 246.9 |   383M |  34 |1125 |1357 |   0 |  71k|  0 |2156 |  11 | 0.000000e+00 |      --      |    Inf |   4.92%
  512s| 11300 |  1406 |  2796k| 247.2 |   384M |  34 |1125 |1358 |2622 |  71k|  0 |2184 |  11 | 0.000000e+00 |      --      |    Inf |   4.98%
  518s| 11400 |  1415 |  2824k| 247.5 |   385M |  34 |1125 |1359 |2700 |  72k|  0 |2201 |  11 | 0.000000e+00 |      --      |    Inf |   4.98%
  525s| 11500 |  1418 |  2857k| 248.3 |   386M |  34 |1125 |1357 |2605 |  73k|  0 |2227 |  11 | 0.000000e+00 |      --      |    Inf |   4.98%
  530s| 11600 |  1419 |  2880k| 248.1 |   386M |  34 |1125 |1359 |2672 |  73k|  1 |2238 |  11 | 0.000000e+00 |      --      |    Inf |   5.00%
  536s| 11700 |  1450 |  2912k| 248.7 |   386M |  34 |1125 |1359 |2779 |  74k|  2 |2246 |  11 | 0.000000e+00 |      --      |    Inf |   5.01%
  543s| 11800 |  1449 |  2946k| 249.5 |   387M |  34 |1125 |1359 |2810 |  75k|  2 |2269 |  11 | 0.000000e+00 |      --      |    Inf |   5.03%
  549s| 11900 |  1450 |  2975k| 249.8 |   388M |  34 |1125 |1359 |2686 |  75k|  1 |2290 |  11 | 0.000000e+00 |      --      |    Inf |   5.04%
  555s| 12000 |  1451 |  3003k| 250.1 |   390M |  34 |1125 |1360 |2634 |  76k|  0 |2307 |  11 | 0.000000e+00 |      --      |    Inf |   5.05%
  562s| 12100 |  1449 |  3038k| 250.9 |   391M |  34 |1125 |1360 |2583 |  77k|  0 |2317 |  11 | 0.000000e+00 |      --      |    Inf |   5.07%
  568s| 12200 |  1458 |  3068k| 251.3 |   391M |  34 |1125 |1360 |2579 |  77k|  2 |2329 |  11 | 0.000000e+00 |      --      |    Inf |   5.07%
 time | node  | left  |LP iter|LP it/n|mem/heur|mdpt |vars |cons |rows |cuts |sepa|confs|strbr|  dualbound   | primalbound  |  gap   | compl. 
  574s| 12300 |  1484 |  3093k| 251.3 |   391M |  34 |1125 |1360 |2591 |  78k|  2 |2335 |  11 | 0.000000e+00 |      --      |    Inf |   5.08%
  580s| 12400 |  1491 |  3123k| 251.7 |   393M |  34 |1125 |1360 |2650 |  79k|  2 |2371 |  11 | 0.000000e+00 |      --      |    Inf |   5.09%
  586s| 12500 |  1490 |  3155k| 252.2 |   393M |  34 |1125 |1360 |2638 |  79k|  0 |2395 |  11 | 0.000000e+00 |      --      |    Inf |   5.09%
  591s| 12600 |  1498 |  3183k| 252.4 |   393M |  34 |1125 |1359 |2460 |  80k|  0 |2414 |  11 | 0.000000e+00 |      --      |    Inf |   5.09%
  598s| 12700 |  1507 |  3216k| 253.0 |   393M |  34 |1125 |1357 |   0 |  80k|  0 |2427 |  11 | 0.000000e+00 |      --      |    Inf |   5.10%
  604s| 12800 |  1523 |  3246k| 253.4 |   394M |  34 |1125 |1357 |2521 |  81k|  2 |2444 |  11 | 0.000000e+00 |      --      |    Inf |   5.10%
  610s| 12900 |  1533 |  3277k| 253.8 |   395M |  34 |1125 |1358 |2535 |  82k|  2 |2454 |  11 | 0.000000e+00 |      --      |    Inf |   5.10%
  615s| 13000 |  1539 |  3304k| 254.0 |   395M |  34 |1125 |1358 |2444 |  83k|  2 |2470 |  11 | 0.000000e+00 |      --      |    Inf |   5.10%
  619s| 13100 |  1545 |  3321k| 253.3 |   395M |  34 |1125 |1358 |2489 |  83k|  1 |2478 |  11 | 0.000000e+00 |      --      |    Inf |   5.11%
  623s| 13200 |  1565 |  3345k| 253.2 |   395M |  34 |1125 |1357 |2565 |  84k|  0 |2504 |  11 | 0.000000e+00 |      --      |    Inf |   5.11%
  629s| 13300 |  1571 |  3372k| 253.3 |   395M |  34 |1125 |1357 |2533 |  85k|  0 |2536 |  11 | 0.000000e+00 |      --      |    Inf |   5.11%
  634s| 13400 |  1568 |  3398k| 253.4 |   395M |  34 |1125 |1357 |2696 |  85k|  2 |2556 |  11 | 0.000000e+00 |      --      |    Inf |   5.11%
  639s| 13500 |  1573 |  3424k| 253.5 |   395M |  34 |1125 |1357 |2655 |  85k|  0 |2573 |  11 | 0.000000e+00 |      --      |    Inf |   5.12%
  646s| 13600 |  1576 |  3457k| 254.0 |   395M |  34 |1125 |1357 |2560 |  86k|  2 |2589 |  11 | 0.000000e+00 |      --      |    Inf |   5.12%
  651s| 13700 |  1569 |  3484k| 254.1 |   395M |  34 |1125 |1358 |2616 |  87k|  0 |2619 |  11 | 0.000000e+00 |      --      |    Inf |   5.12%
 time | node  | left  |LP iter|LP it/n|mem/heur|mdpt |vars |cons |rows |cuts |sepa|confs|strbr|  dualbound   | primalbound  |  gap   | compl. 
  657s| 13800 |  1574 |  3512k| 254.3 |   395M |  34 |1125 |1358 |2822 |  87k|  0 |2644 |  11 | 0.000000e+00 |      --      |    Inf |   5.13%
  661s| 13900 |  1586 |  3535k| 254.2 |   395M |  34 |1125 |1360 |2686 |  87k|  0 |2661 |  11 | 0.000000e+00 |      --      |    Inf |   5.13%
  666s| 14000 |  1586 |  3562k| 254.2 |   396M |  34 |1125 |1360 |2659 |  88k|  0 |2686 |  11 | 0.000000e+00 |      --      |    Inf |   5.13%
  672s| 14100 |  1582 |  3593k| 254.6 |   396M |  34 |1125 |1359 |2557 |  89k|  0 |2707 |  11 | 0.000000e+00 |      --      |    Inf |   5.15%
  678s| 14200 |  1609 |  3618k| 254.6 |   396M |  34 |1125 |1359 |2717 |  89k|  2 |2718 |  11 | 0.000000e+00 |      --      |    Inf |   5.20%
  685s| 14300 |  1645 |  3652k| 255.2 |   397M |  34 |1125 |1359 |2729 |  90k|  0 |2723 |  11 | 0.000000e+00 |      --      |    Inf |   5.20%
  689s| 14400 |  1662 |  3672k| 254.8 |   398M |  34 |1125 |1359 |2716 |  91k|  1 |2734 |  11 | 0.000000e+00 |      --      |    Inf |   5.20%
  694s| 14500 |  1690 |  3696k| 254.7 |   398M |  34 |1125 |1360 |2735 |  91k|  2 |2744 |  11 | 0.000000e+00 |      --      |    Inf |   5.20%
  699s| 14600 |  1693 |  3721k| 254.7 |   398M |  34 |1125 |1359 |   0 |  92k|  0 |2770 |  11 | 0.000000e+00 |      --      |    Inf |   5.20%
  705s| 14700 |  1698 |  3751k| 255.0 |   398M |  34 |1125 |1359 |2836 |  92k|  2 |2800 |  11 | 0.000000e+00 |      --      |    Inf |   5.20%
  710s| 14800 |  1703 |  3773k| 254.8 |   398M |  34 |1125 |1359 |2778 |  92k|  2 |2819 |  11 | 0.000000e+00 |      --      |    Inf |   5.20%
  715s| 14900 |  1738 |  3798k| 254.7 |   398M |  34 |1125 |1359 |2570 |  93k|  2 |2827 |  11 | 0.000000e+00 |      --      |    Inf |   5.20%
  721s| 15000 |  1766 |  3830k| 255.2 |   398M |  34 |1125 |1357 |2578 |  94k|  2 |2844 |  11 | 0.000000e+00 |      --      |    Inf |   5.20%
  727s| 15100 |  1774 |  3862k| 255.6 |   398M |  34 |1125 |1357 |2636 |  94k|  2 |2861 |  11 | 0.000000e+00 |      --      |    Inf |   5.20%
  734s| 15200 |  1811 |  3895k| 256.1 |   398M |  34 |1125 |1357 |2755 |  95k|  0 |2880 |  11 | 0.000000e+00 |      --      |    Inf |   5.20%
 time | node  | left  |LP iter|LP it/n|mem/heur|mdpt |vars |cons |rows |cuts |sepa|confs|strbr|  dualbound   | primalbound  |  gap   | compl. 
  741s| 15300 |  1818 |  3929k| 256.6 |   399M |  34 |1125 |1357 |2673 |  96k|  2 |2897 |  11 | 0.000000e+00 |      --      |    Inf |   5.21%
  747s| 15400 |  1817 |  3959k| 256.9 |   399M |  34 |1125 |1357 |2655 |  96k|  2 |2932 |  11 | 0.000000e+00 |      --      |    Inf |   5.21%
  752s| 15500 |  1843 |  3983k| 256.8 |   399M |  34 |1125 |1357 |2772 |  97k|  0 |2951 |  11 | 0.000000e+00 |      --      |    Inf |   5.21%
  757s| 15600 |  1841 |  4011k| 257.0 |   399M |  34 |1125 |1357 |2631 |  97k|  2 |2994 |  11 | 0.000000e+00 |      --      |    Inf |   5.21%
  763s| 15700 |  1830 |  4041k| 257.2 |   399M |  34 |1125 |1358 |2654 |  98k|  2 |3025 |  11 | 0.000000e+00 |      --      |    Inf |   5.21%
  768s| 15800 |  1824 |  4070k| 257.5 |   399M |  34 |1125 |1357 |2679 |  98k|  2 |3054 |  11 | 0.000000e+00 |      --      |    Inf |   5.21%
  774s| 15900 |  1832 |  4096k| 257.5 |   399M |  34 |1125 |1357 |2713 |  98k|  2 |3093 |  11 | 0.000000e+00 |      --      |    Inf |   5.21%
  778s| 16000 |  1827 |  4121k| 257.4 |   399M |  34 |1125 |1357 |2742 |  99k|  1 |3131 |  11 | 0.000000e+00 |      --      |    Inf |   5.21%
  784s| 16100 |  1823 |  4149k| 257.5 |   399M |  34 |1125 |1357 |2671 |  99k|  0 |3149 |  11 | 0.000000e+00 |      --      |    Inf |   5.21%
  789s| 16200 |  1819 |  4178k| 257.8 |   400M |  34 |1125 |1357 |2682 |  99k|  2 |3182 |  11 | 0.000000e+00 |      --      |    Inf |   5.21%
  795s| 16300 |  1824 |  4207k| 258.0 |   400M |  34 |1125 |1357 |2622 | 100k|  2 |3198 |  11 | 0.000000e+00 |      --      |    Inf |   5.21%
  801s| 16400 |  1822 |  4235k| 258.1 |   400M |  34 |1125 |1357 |2533 | 101k|  2 |3218 |  11 | 0.000000e+00 |      --      |    Inf |   5.21%
  806s| 16500 |  1845 |  4261k| 258.1 |   400M |  34 |1125 |1358 |2634 | 101k|  2 |3229 |  11 | 0.000000e+00 |      --      |    Inf |   5.21%
  811s| 16600 |  1857 |  4286k| 258.0 |   400M |  34 |1125 |1359 |   0 | 102k|  0 |3243 |  11 | 0.000000e+00 |      --      |    Inf |   5.21%
  816s| 16700 |  1871 |  4308k| 257.8 |   400M |  34 |1125 |1360 |2649 | 102k|  2 |3255 |  11 | 0.000000e+00 |      --      |    Inf |   5.21%
 time | node  | left  |LP iter|LP it/n|mem/heur|mdpt |vars |cons |rows |cuts |sepa|confs|strbr|  dualbound   | primalbound  |  gap   | compl. 
  820s| 16800 |  1899 |  4331k| 257.6 |   400M |  34 |1125 |1360 |2590 | 103k|  0 |3274 |  11 | 0.000000e+00 |      --      |    Inf |   5.21%
  825s| 16900 |  1901 |  4355k| 257.6 |   400M |  34 |1125 |1360 |2587 | 103k|  2 |3292 |  11 | 0.000000e+00 |      --      |    Inf |   5.21%
  830s| 17000 |  1913 |  4379k| 257.4 |   400M |  34 |1125 |1360 |2633 | 104k|  2 |3319 |  11 | 0.000000e+00 |      --      |    Inf |   5.21%
  835s| 17100 |  1908 |  4410k| 257.7 |   400M |  34 |1125 |1360 |2721 | 104k|  2 |3343 |  11 | 0.000000e+00 |      --      |    Inf |   5.21%
  840s| 17200 |  1897 |  4437k| 257.8 |   400M |  34 |1125 |1362 |2680 | 105k|  0 |3374 |  11 | 0.000000e+00 |      --      |    Inf |   5.21%
  846s| 17300 |  1896 |  4464k| 257.9 |   400M |  34 |1125 |1362 |2421 | 105k|  0 |3411 |  11 | 0.000000e+00 |      --      |    Inf |   5.22%
  850s| 17400 |  1884 |  4485k| 257.6 |   401M |  34 |1125 |1362 |2658 | 106k|  2 |3431 |  11 | 0.000000e+00 |      --      |    Inf |   5.22%
  855s| 17500 |  1889 |  4512k| 257.7 |   401M |  34 |1125 |1361 |2719 | 106k|  2 |3449 |  11 | 0.000000e+00 |      --      |    Inf |   5.23%
  861s| 17600 |  1893 |  4537k| 257.7 |   401M |  34 |1125 |1361 |2639 | 107k|  2 |3470 |  11 | 0.000000e+00 |      --      |    Inf |   5.29%
  866s| 17700 |  1901 |  4566k| 257.8 |   402M |  34 |1125 |1361 |2622 | 107k|  2 |3490 |  11 | 0.000000e+00 |      --      |    Inf |   5.37%
  871s| 17800 |  1907 |  4594k| 257.9 |   402M |  34 |1125 |1359 |2901 | 108k|  1 |3525 |  11 | 0.000000e+00 |      --      |    Inf |   5.37%
  876s| 17900 |  1897 |  4618k| 257.9 |   402M |  34 |1125 |1359 |2509 | 108k|  0 |3554 |  11 | 0.000000e+00 |      --      |    Inf |   5.38%
  881s| 18000 |  1896 |  4644k| 257.9 |   402M |  34 |1125 |1360 |   0 | 109k|  0 |3567 |  11 | 0.000000e+00 |      --      |    Inf |   5.38%
  887s| 18100 |  1891 |  4675k| 258.1 |   402M |  34 |1125 |1360 |2894 | 109k|  0 |3591 |  11 | 0.000000e+00 |      --      |    Inf |   5.80%
  892s| 18200 |  1883 |  4699k| 258.1 |   403M |  34 |1125 |1358 |   0 | 110k|  0 |3607 |  11 | 0.000000e+00 |      --      |    Inf |   5.80%
 time | node  | left  |LP iter|LP it/n|mem/heur|mdpt |vars |cons |rows |cuts |sepa|confs|strbr|  dualbound   | primalbound  |  gap   | compl. 
  897s| 18300 |  1878 |  4723k| 258.0 |   403M |  34 |1125 |1357 |2488 | 110k|  1 |3612 |  11 | 0.000000e+00 |      --      |    Inf |   5.81%
  903s| 18400 |  1892 |  4752k| 258.1 |   403M |  34 |1125 |1357 |2473 | 111k|  2 |3630 |  11 | 0.000000e+00 |      --      |    Inf |   5.83%
  907s| 18500 |  1896 |  4772k| 257.8 |   403M |  34 |1125 |1358 |2589 | 112k|  1 |3646 |  11 | 0.000000e+00 |      --      |    Inf |   5.84%
  912s| 18600 |  1881 |  4797k| 257.8 |   403M |  34 |1125 |1358 |   0 | 112k|  0 |3656 |  11 | 0.000000e+00 |      --      |    Inf |   5.85%
  918s| 18700 |  1881 |  4825k| 257.9 |   403M |  34 |1125 |1359 |2594 | 113k|  2 |3686 |  11 | 0.000000e+00 |      --      |    Inf |   5.86%
  923s| 18800 |  1881 |  4849k| 257.8 |   403M |  34 |1125 |1359 |2677 | 113k|  0 |3703 |  11 | 0.000000e+00 |      --      |    Inf |   5.86%
  928s| 18900 |  1873 |  4877k| 257.9 |   404M |  34 |1125 |1358 |2826 | 113k|  2 |3740 |  11 | 0.000000e+00 |      --      |    Inf |   5.86%
  934s| 19000 |  1888 |  4907k| 258.2 |   405M |  34 |1125 |1358 |2591 | 114k|  2 |3764 |  11 | 0.000000e+00 |      --      |    Inf |   5.87%
  940s| 19100 |  1892 |  4936k| 258.3 |   406M |  34 |1125 |1358 |2600 | 115k|  0 |3784 |  11 | 0.000000e+00 |      --      |    Inf |   5.87%
  945s| 19200 |  1903 |  4958k| 258.1 |   407M |  34 |1125 |1358 |2389 | 115k|  2 |3795 |  11 | 0.000000e+00 |      --      |    Inf |   6.18%
  951s| 19300 |  1913 |  4991k| 258.5 |   407M |  34 |1125 |1358 |2476 | 116k|  2 |3817 |  11 | 0.000000e+00 |      --      |    Inf |   6.18%
  957s| 19400 |  1933 |  5024k| 258.8 |   407M |  34 |1125 |1358 |2573 | 117k|  2 |3827 |  11 | 0.000000e+00 |      --      |    Inf |   6.18%
  961s| 19500 |  1952 |  5044k| 258.5 |   407M |  34 |1125 |1361 |2745 | 117k|  0 |3846 |  11 | 0.000000e+00 |      --      |    Inf |   6.19%
  964s| 19600 |  1930 |  5058k| 257.9 |   408M |  34 |1125 |1362 |2523 | 117k|  2 |3871 |  11 | 0.000000e+00 |      --      |    Inf |   6.20%
  969s| 19700 |  1932 |  5082k| 257.9 |   408M |  34 |1125 |1363 |2544 | 118k|  0 |3889 |  11 | 0.000000e+00 |      --      |    Inf |   6.21%
 time | node  | left  |LP iter|LP it/n|mem/heur|mdpt |vars |cons |rows |cuts |sepa|confs|strbr|  dualbound   | primalbound  |  gap   | compl. 
  974s| 19800 |  1919 |  5107k| 257.8 |   408M |  34 |1125 |1361 |2748 | 118k|  0 |3898 |  11 | 0.000000e+00 |      --      |    Inf |   6.24%
  978s| 19900 |  1931 |  5131k| 257.7 |   409M |  34 |1125 |1360 |2872 | 119k|  2 |3914 |  11 | 0.000000e+00 |      --      |    Inf |   6.27%
  984s| 20000 |  1949 |  5160k| 257.9 |   410M |  34 |1125 |1360 |2760 | 120k|  2 |3932 |  11 | 0.000000e+00 |      --      |    Inf |   6.28%
  989s| 20100 |  1957 |  5186k| 257.9 |   410M |  34 |1125 |1359 |2458 | 120k|  0 |3943 |  11 | 0.000000e+00 |      --      |    Inf |   6.29%
  994s| 20200 |  1961 |  5214k| 258.0 |   411M |  34 |1125 |1359 |2480 | 121k|  2 |3966 |  11 | 0.000000e+00 |      --      |    Inf |   6.29%
  999s| 20300 |  1978 |  5240k| 258.0 |   411M |  34 |1125 |1360 |2738 | 121k|  2 |3985 |  11 | 0.000000e+00 |      --      |    Inf |   6.29%
 1003s| 20400 |  1976 |  5263k| 257.9 |   411M |  34 |1125 |1359 |2756 | 121k|  2 |4012 |  11 | 0.000000e+00 |      --      |    Inf |   6.29%
 1008s| 20500 |  1985 |  5287k| 257.8 |   411M |  34 |1125 |1359 |   0 | 122k|  0 |4029 |  11 | 0.000000e+00 |      --      |    Inf |   6.29%
 1012s| 20600 |  1976 |  5310k| 257.7 |   411M |  34 |1125 |1360 |2618 | 122k|  2 |4060 |  11 | 0.000000e+00 |      --      |    Inf |   6.29%
 1017s| 20700 |  1968 |  5339k| 257.8 |   411M |  34 |1125 |1360 |2543 | 123k|  1 |4079 |  11 | 0.000000e+00 |      --      |    Inf |   6.29%
 1022s| 20800 |  1972 |  5366k| 257.9 |   411M |  34 |1125 |1359 |2531 | 123k|  0 |4109 |  11 | 0.000000e+00 |      --      |    Inf |   6.30%
 1026s| 20900 |  1977 |  5388k| 257.7 |   412M |  34 |1125 |1359 |2561 | 124k|  2 |4126 |  11 | 0.000000e+00 |      --      |    Inf |   6.30%
 1031s| 21000 |  1981 |  5411k| 257.6 |   412M |  34 |1125 |1359 |2548 | 124k|  2 |4146 |  11 | 0.000000e+00 |      --      |    Inf |   6.30%
 1036s| 21100 |  1967 |  5436k| 257.5 |   412M |  34 |1125 |1360 |2595 | 125k|  0 |4168 |  11 | 0.000000e+00 |      --      |    Inf |   6.30%
 1040s| 21200 |  1974 |  5460k| 257.4 |   412M |  34 |1125 |1360 |2622 | 125k|  2 |4190 |  11 | 0.000000e+00 |      --      |    Inf |   6.89%
 time | node  | left  |LP iter|LP it/n|mem/heur|mdpt |vars |cons |rows |cuts |sepa|confs|strbr|  dualbound   | primalbound  |  gap   | compl. 
 1045s| 21300 |  1974 |  5487k| 257.5 |   412M |  36 |1125 |1360 |2829 | 126k|  2 |4217 |  11 | 0.000000e+00 |      --      |    Inf |   6.89%
 1049s| 21400 |  1976 |  5508k| 257.3 |   412M |  36 |1125 |1361 |2838 | 126k|  2 |4242 |  11 | 0.000000e+00 |      --      |    Inf |   6.89%
 1055s| 21500 |  1970 |  5535k| 257.3 |   413M |  36 |1125 |1360 |2560 | 126k|  2 |4274 |  11 | 0.000000e+00 |      --      |    Inf |   6.89%
 1060s| 21600 |  1984 |  5561k| 257.4 |   413M |  36 |1125 |1360 |2684 | 127k|  2 |4298 |  11 | 0.000000e+00 |      --      |    Inf |   6.90%
 1066s| 21700 |  2005 |  5590k| 257.5 |   413M |  36 |1125 |1360 |2389 | 127k|  0 |4313 |  11 | 0.000000e+00 |      --      |    Inf |   7.10%
 1070s| 21800 |  2008 |  5613k| 257.4 |   413M |  36 |1125 |1360 |2514 | 128k|  2 |4335 |  11 | 0.000000e+00 |      --      |    Inf |   7.12%
 1075s| 21900 |  2008 |  5637k| 257.3 |   413M |  36 |1125 |1360 |2804 | 129k|  2 |4344 |  11 | 0.000000e+00 |      --      |    Inf |   7.13%
 1080s| 22000 |  2036 |  5660k| 257.2 |   413M |  36 |1125 |1360 |   0 | 129k|  0 |4355 |  11 | 0.000000e+00 |      --      |    Inf |   7.17%
 1084s| 22100 |  2030 |  5683k| 257.1 |   413M |  36 |1125 |1360 |   0 | 130k|  0 |4373 |  11 | 0.000000e+00 |      --      |    Inf |   7.19%
 1091s| 22200 |  2059 |  5715k| 257.3 |   414M |  36 |1125 |1361 |2801 | 130k|  0 |4404 |  11 | 0.000000e+00 |      --      |    Inf |   7.20%
 1097s| 22300 |  2061 |  5747k| 257.6 |   414M |  36 |1125 |1358 |2840 | 131k|  0 |4423 |  11 | 0.000000e+00 |      --      |    Inf |   7.20%
 1101s| 22400 |  2060 |  5771k| 257.5 |   414M |  36 |1125 |1357 |2818 | 131k|  2 |4449 |  11 | 0.000000e+00 |      --      |    Inf |   7.20%
 1108s| 22500 |  2081 |  5805k| 257.9 |   414M |  36 |1125 |1357 |2458 | 132k|  2 |4456 |  11 | 0.000000e+00 |      --      |    Inf |   7.20%
 1113s| 22600 |  2089 |  5833k| 258.0 |   414M |  36 |1125 |1357 |2497 | 133k|  2 |4470 |  11 | 0.000000e+00 |      --      |    Inf |   7.20%
 1118s| 22700 |  2075 |  5859k| 258.0 |   415M |  36 |1125 |1358 |2569 | 133k|  1 |4477 |  11 | 0.000000e+00 |      --      |    Inf |   7.21%
 time | node  | left  |LP iter|LP it/n|mem/heur|mdpt |vars |cons |rows |cuts |sepa|confs|strbr|  dualbound   | primalbound  |  gap   | compl. 
 1122s| 22800 |  2088 |  5877k| 257.7 |   415M |  36 |1125 |1358 |2361 | 134k|  0 |4487 |  11 | 0.000000e+00 |      --      |    Inf |   7.35%
 1125s| 22900 |  2090 |  5895k| 257.3 |   418M |  36 |1125 |1358 |2360 | 134k|  2 |4497 |  11 | 0.000000e+00 |      --      |    Inf |   7.42%
 1130s| 23000 |  2076 |  5919k| 257.2 |   418M |  36 |1125 |1359 |2884 | 134k|  0 |4533 |  11 | 0.000000e+00 |      --      |    Inf |   7.44%
 1135s| 23100 |  2080 |  5947k| 257.3 |   418M |  36 |1125 |1359 |2415 | 135k|  2 |4565 |  11 | 0.000000e+00 |      --      |    Inf |   7.47%
 1140s| 23200 |  2079 |  5969k| 257.2 |   419M |  36 |1125 |1359 |2494 | 135k|  2 |4594 |  11 | 0.000000e+00 |      --      |    Inf |   7.67%
 1146s| 23300 |  2096 |  5999k| 257.4 |   419M |  36 |1125 |1359 |2537 | 136k|  2 |4609 |  11 | 0.000000e+00 |      --      |    Inf |   7.68%
 1152s| 23400 |  2086 |  6030k| 257.6 |   419M |  36 |1125 |1358 |2706 | 136k|  0 |4640 |  11 | 0.000000e+00 |      --      |    Inf |   7.69%
 1156s| 23500 |  2089 |  6054k| 257.5 |   420M |  36 |1125 |1358 |2928 | 137k|  2 |4658 |  11 | 0.000000e+00 |      --      |    Inf |   7.69%
 1163s| 23600 |  2112 |  6087k| 257.8 |   420M |  36 |1125 |1358 |2633 | 137k|  0 |4673 |  11 | 0.000000e+00 |      --      |    Inf |   7.70%
 1170s| 23700 |  2115 |  6122k| 258.2 |   420M |  36 |1125 |1357 |2644 | 138k|  1 |4722 |  11 | 0.000000e+00 |      --      |    Inf |   7.70%
 1176s| 23800 |  2119 |  6154k| 258.5 |   420M |  36 |1125 |1357 |2682 | 139k|  2 |4765 |  11 | 0.000000e+00 |      --      |    Inf |   7.70%
 1183s| 23900 |  2125 |  6190k| 258.9 |   420M |  36 |1125 |1357 |2637 | 140k|  2 |4797 |  11 | 0.000000e+00 |      --      |    Inf |   7.70%
 1191s| 24000 |  2123 |  6228k| 259.4 |   420M |  36 |1125 |1357 |2796 | 141k|  2 |4850 |  11 | 0.000000e+00 |      --      |    Inf |   7.71%
 1196s| 24100 |  2115 |  6257k| 259.5 |   420M |  36 |1125 |1358 |2680 | 141k|  2 |4881 |  11 | 0.000000e+00 |      --      |    Inf |   7.71%
 1203s| 24200 |  2133 |  6288k| 259.8 |   420M |  36 |1125 |1358 |2756 | 141k|  2 |4889 |  11 | 0.000000e+00 |      --      |    Inf |   7.71%
 time | node  | left  |LP iter|LP it/n|mem/heur|mdpt |vars |cons |rows |cuts |sepa|confs|strbr|  dualbound   | primalbound  |  gap   | compl. 
 1208s| 24300 |  2127 |  6314k| 259.8 |   420M |  36 |1125 |1358 |2583 | 142k|  2 |4912 |  11 | 0.000000e+00 |      --      |    Inf |   7.73%
 1214s| 24400 |  2132 |  6342k| 259.8 |   420M |  36 |1125 |1358 |2412 | 143k|  0 |4937 |  11 | 0.000000e+00 |      --      |    Inf |   7.75%
 1221s| 24500 |  2149 |  6377k| 260.2 |   420M |  36 |1125 |1357 |2638 | 143k|  2 |4957 |  11 | 0.000000e+00 |      --      |    Inf |   7.75%
 1225s| 24600 |  2150 |  6397k| 260.0 |   420M |  36 |1125 |1357 |2754 | 144k|  1 |4967 |  11 | 0.000000e+00 |      --      |    Inf |   7.78%
 1231s| 24700 |  2145 |  6424k| 260.0 |   421M |  36 |1125 |1357 |2610 | 144k|  2 |4985 |  11 | 0.000000e+00 |      --      |    Inf |   7.78%
 1238s| 24800 |  2160 |  6454k| 260.2 |   421M |  36 |1125 |1358 |2424 | 145k|  2 |4996 |  11 | 0.000000e+00 |      --      |    Inf |   7.79%
 1243s| 24900 |  2153 |  6481k| 260.2 |   421M |  36 |1125 |1358 |2422 | 146k|  0 |5014 |  11 | 0.000000e+00 |      --      |    Inf |   7.80%
 1249s| 25000 |  2168 |  6510k| 260.3 |   421M |  36 |1125 |1356 |   0 | 146k|  0 |5027 |  11 | 0.000000e+00 |      --      |    Inf |   7.80%
 1254s| 25100 |  2171 |  6538k| 260.4 |   421M |  36 |1125 |1355 |2582 | 147k|  2 |5037 |  11 | 0.000000e+00 |      --      |    Inf |   7.84%
 1260s| 25200 |  2183 |  6563k| 260.4 |   421M |  36 |1125 |1355 |2797 | 147k|  1 |5059 |  11 | 0.000000e+00 |      --      |    Inf |   7.84%
 1265s| 25300 |  2188 |  6589k| 260.4 |   422M |  36 |1125 |1355 |   0 | 148k|  0 |5072 |  11 | 0.000000e+00 |      --      |    Inf |   7.87%
 1272s| 25400 |  2185 |  6620k| 260.5 |   422M |  36 |1125 |1355 |2774 | 149k|  1 |5095 |  11 | 0.000000e+00 |      --      |    Inf |   7.88%
 1277s| 25500 |  2186 |  6647k| 260.6 |   422M |  36 |1125 |1356 |2814 | 149k|  3 |5110 |  11 | 0.000000e+00 |      --      |    Inf |   7.89%
 1283s| 25600 |  2175 |  6681k| 260.9 |   422M |  36 |1125 |1357 |   0 | 149k|  0 |5125 |  11 | 0.000000e+00 |      --      |    Inf |   7.89%
 1290s| 25700 |  2182 |  6713k| 261.1 |   422M |  36 |1125 |1357 |2720 | 150k|  2 |5169 |  11 | 0.000000e+00 |      --      |    Inf |   7.90%
 time | node  | left  |LP iter|LP it/n|mem/heur|mdpt |vars |cons |rows |cuts |sepa|confs|strbr|  dualbound   | primalbound  |  gap   | compl. 
 1295s| 25800 |  2178 |  6735k| 261.0 |   423M |  36 |1125 |1357 |2481 | 151k|  2 |5171 |  11 | 0.000000e+00 |      --      |    Inf |   7.92%
 1299s| 25900 |  2174 |  6759k| 260.9 |   423M |  36 |1125 |1357 |   0 | 151k|  0 |5179 |  11 | 0.000000e+00 |      --      |    Inf |   7.93%
 1305s| 26000 |  2163 |  6787k| 260.9 |   423M |  36 |1125 |1357 |2845 | 151k|  0 |5198 |  11 | 0.000000e+00 |      --      |    Inf |   7.94%
 1310s| 26100 |  2157 |  6813k| 260.9 |   423M |  36 |1125 |1357 |2696 | 152k|  0 |5221 |  11 | 0.000000e+00 |      --      |    Inf |   7.96%
 1316s| 26200 |  2166 |  6843k| 261.1 |   423M |  36 |1125 |1357 |2686 | 153k|  2 |5247 |  11 | 0.000000e+00 |      --      |    Inf |   7.97%
 1322s| 26300 |  2164 |  6874k| 261.3 |   423M |  36 |1125 |1357 |2411 | 153k|  0 |5261 |  11 | 0.000000e+00 |      --      |    Inf |   7.98%
 1328s| 26400 |  2173 |  6904k| 261.4 |   423M |  36 |1125 |1357 |2737 | 154k|  2 |5277 |  11 | 0.000000e+00 |      --      |    Inf |   7.99%
 1334s| 26500 |  2177 |  6936k| 261.7 |   424M |  36 |1125 |1356 |2523 | 154k|  1 |5297 |  11 | 0.000000e+00 |      --      |    Inf |   8.00%
 1339s| 26600 |  2207 |  6961k| 261.6 |   424M |  36 |1125 |1355 |2478 | 155k|  2 |5303 |  11 | 0.000000e+00 |      --      |    Inf |   8.14%
 1347s| 26700 |  2247 |  6995k| 261.9 |   424M |  36 |1125 |1355 |2548 | 156k|  1 |5311 |  11 | 0.000000e+00 |      --      |    Inf |   8.14%
 1355s| 26800 |  2267 |  7034k| 262.4 |   424M |  36 |1125 |1355 |   0 | 157k|  0 |5327 |  11 | 0.000000e+00 |      --      |    Inf |   8.15%
 1360s| 26900 |  2270 |  7061k| 262.4 |   424M |  36 |1125 |1355 |2694 | 158k|  2 |5338 |  11 | 0.000000e+00 |      --      |    Inf |   8.17%
 1367s| 27000 |  2291 |  7093k| 262.6 |   424M |  36 |1125 |1355 |2589 | 159k|  0 |5349 |  11 | 0.000000e+00 |      --      |    Inf |   8.18%
 1373s| 27100 |  2305 |  7123k| 262.7 |   424M |  36 |1125 |1355 |2617 | 160k|  2 |5367 |  11 | 0.000000e+00 |      --      |    Inf |   8.18%
 1379s| 27200 |  2323 |  7153k| 262.9 |   424M |  36 |1125 |1355 |2749 | 160k|  2 |5385 |  11 | 0.000000e+00 |      --      |    Inf |   8.18%
 time | node  | left  |LP iter|LP it/n|mem/heur|mdpt |vars |cons |rows |cuts |sepa|confs|strbr|  dualbound   | primalbound  |  gap   | compl. 
 1386s| 27300 |  2325 |  7193k| 263.4 |   424M |  36 |1125 |1355 |2525 | 161k|  2 |5423 |  11 | 0.000000e+00 |      --      |    Inf |   8.18%
 1392s| 27400 |  2378 |  7222k| 263.5 |   424M |  36 |1125 |1355 |2560 | 162k|  2 |5435 |  11 | 0.000000e+00 |      --      |    Inf |   8.19%
 1397s| 27500 |  2385 |  7249k| 263.5 |   424M |  36 |1125 |1355 |2556 | 163k|  1 |5465 |  11 | 0.000000e+00 |      --      |    Inf |   8.19%
 1402s| 27600 |  2396 |  7275k| 263.5 |   424M |  36 |1125 |1355 |2739 | 163k|  0 |5487 |  11 | 0.000000e+00 |      --      |    Inf |   8.19%
 1408s| 27700 |  2418 |  7306k| 263.7 |   424M |  36 |1125 |1355 |2594 | 164k|  1 |5506 |  11 | 0.000000e+00 |      --      |    Inf |   8.19%
 1416s| 27800 |  2422 |  7344k| 264.1 |   424M |  36 |1125 |1355 |2856 | 164k|  0 |5545 |  11 | 0.000000e+00 |      --      |    Inf |   8.19%
 1422s| 27900 |  2423 |  7373k| 264.2 |   425M |  36 |1125 |1355 |   0 | 165k|  0 |5563 |  11 | 0.000000e+00 |      --      |    Inf |   8.19%
 1427s| 28000 |  2456 |  7400k| 264.2 |   425M |  36 |1125 |1355 |2788 | 166k|  2 |5579 |  11 | 0.000000e+00 |      --      |    Inf |   8.20%
 1431s| 28100 |  2459 |  7421k| 264.0 |   426M |  36 |1125 |1356 |2469 | 166k|  0 |5590 |  11 | 0.000000e+00 |      --      |    Inf |   8.27%
 1437s| 28200 |  2455 |  7452k| 264.2 |   428M |  36 |1125 |1356 |2378 | 167k|  2 |5617 |  11 | 0.000000e+00 |      --      |    Inf |   8.28%
 1443s| 28300 |  2462 |  7484k| 264.4 |   428M |  36 |1125 |1355 |2634 | 167k|  2 |5633 |  11 | 0.000000e+00 |      --      |    Inf |   8.40%
 1448s| 28400 |  2478 |  7506k| 264.2 |   428M |  36 |1125 |1355 |2537 | 168k|  0 |5641 |  11 | 0.000000e+00 |      --      |    Inf |   8.40%
 1454s| 28500 |  2478 |  7537k| 264.4 |   429M |  36 |1125 |1355 |2863 | 168k|  2 |5659 |  11 | 0.000000e+00 |      --      |    Inf |   8.40%
 1460s| 28600 |  2475 |  7566k| 264.5 |   429M |  36 |1125 |1355 |2803 | 169k|  2 |5677 |  11 | 0.000000e+00 |      --      |    Inf |   8.42%
 1465s| 28700 |  2483 |  7592k| 264.5 |   429M |  36 |1125 |1355 |2435 | 169k|  2 |5693 |  11 | 0.000000e+00 |      --      |    Inf |   8.47%
 time | node  | left  |LP iter|LP it/n|mem/heur|mdpt |vars |cons |rows |cuts |sepa|confs|strbr|  dualbound   | primalbound  |  gap   | compl. 
 1470s| 28800 |  2500 |  7620k| 264.5 |   429M |  36 |1125 |1355 |2518 | 170k|  2 |5702 |  11 | 0.000000e+00 |      --      |    Inf |   8.48%
 1476s| 28900 |  2522 |  7651k| 264.7 |   429M |  36 |1125 |1355 |   0 | 171k|  0 |5718 |  11 | 0.000000e+00 |      --      |    Inf |   8.48%
 1482s| 29000 |  2535 |  7680k| 264.7 |   431M |  36 |1125 |1357 |2659 | 172k|  2 |5743 |  11 | 0.000000e+00 |      --      |    Inf |   8.48%
 1488s| 29100 |  2541 |  7709k| 264.8 |   432M |  36 |1125 |1357 |2600 | 172k|  2 |5767 |  11 | 0.000000e+00 |      --      |    Inf |   8.49%
 1490s| 29200 |  2527 |  7730k| 264.7 |   432M |  36 |1125 |1357 |   0 | 173k|  0 |5788 |  11 | 0.000000e+00 |      --      |    Inf |   8.51%
 1493s| 29300 |  2542 |  7759k| 264.7 |   432M |  36 |1125 |1357 |2441 | 174k|  0 |5808 |  11 | 0.000000e+00 |      --      |    Inf |   8.51%
 1496s| 29400 |  2546 |  7794k| 265.0 |   432M |  36 |1125 |1357 |2410 | 175k|  2 |5828 |  11 | 0.000000e+00 |      --      |    Inf |   8.52%
 1498s| 29500 |  2536 |  7825k| 265.2 |   433M |  36 |1125 |1356 |   0 | 175k|  0 |5842 |  11 | 0.000000e+00 |      --      |    Inf |   8.54%
 1501s| 29600 |  2533 |  7858k| 265.4 |   433M |  36 |1125 |1356 |2806 | 176k|  2 |5861 |  11 | 0.000000e+00 |      --      |    Inf |   8.64%
 1503s| 29700 |  2540 |  7880k| 265.3 |   433M |  36 |1125 |1357 |   0 | 176k|  0 |5872 |  11 | 0.000000e+00 |      --      |    Inf |   8.65%
 1506s| 29800 |  2555 |  7914k| 265.5 |   433M |  36 |1125 |1356 |2877 | 177k|  2 |5893 |  11 | 0.000000e+00 |      --      |    Inf |   8.66%
 1508s| 29900 |  2553 |  7943k| 265.6 |   433M |  36 |1125 |1356 |2550 | 178k|  2 |5927 |  11 | 0.000000e+00 |      --      |    Inf |   8.66%
 1511s| 30000 |  2559 |  7975k| 265.8 |   433M |  36 |1125 |1356 |   0 | 179k|  0 |5934 |  11 | 0.000000e+00 |      --      |    Inf |   8.67%
 1514s| 30100 |  2563 |  7998k| 265.6 |   433M |  36 |1125 |1356 |2753 | 180k|  1 |5937 |  11 | 0.000000e+00 |      --      |    Inf |   8.67%
 1516s| 30200 |  2559 |  8028k| 265.8 |   433M |  36 |1125 |1356 |2660 | 180k|  2 |5952 |  11 | 0.000000e+00 |      --      |    Inf |   8.69%
 time | node  | left  |LP iter|LP it/n|mem/heur|mdpt |vars |cons |rows |cuts |sepa|confs|strbr|  dualbound   | primalbound  |  gap   | compl. 
 1519s| 30300 |  2564 |  8054k| 265.7 |   434M |  36 |1125 |1355 |2527 | 181k|  2 |5967 |  11 | 0.000000e+00 |      --      |    Inf |   8.69%
 1522s| 30400 |  2564 |  8089k| 266.0 |   434M |  36 |1125 |1355 |2610 | 182k|  3 |5986 |  11 | 0.000000e+00 |      --      |    Inf |   8.70%
 1525s| 30500 |  2557 |  8119k| 266.1 |   434M |  36 |1125 |1355 |2534 | 183k|  2 |5996 |  11 | 0.000000e+00 |      --      |    Inf |   8.72%
 1527s| 30600 |  2578 |  8147k| 266.2 |   434M |  36 |1125 |1355 |2366 | 183k|  2 |6008 |  11 | 0.000000e+00 |      --      |    Inf |   8.72%
 1529s| 30700 |  2581 |  8173k| 266.1 |   434M |  36 |1125 |1355 |2594 | 183k|  0 |6023 |  11 | 0.000000e+00 |      --      |    Inf |   8.75%
 1532s| 30800 |  2594 |  8207k| 266.4 |   435M |  36 |1125 |1355 |   0 | 184k|  0 |6031 |  11 | 0.000000e+00 |      --      |    Inf |   8.79%
 1535s| 30900 |  2607 |  8239k| 266.5 |   435M |  36 |1125 |1355 |2754 | 185k|  1 |6041 |  11 | 0.000000e+00 |      --      |    Inf |   8.80%
 1538s| 31000 |  2609 |  8270k| 266.7 |   435M |  38 |1125 |1355 |2680 | 186k|  2 |6083 |  11 | 0.000000e+00 |      --      |    Inf |   8.80%
 1541s| 31100 |  2605 |  8303k| 266.9 |   436M |  40 |1125 |1355 |2704 | 186k|  0 |6134 |  11 | 0.000000e+00 |      --      |    Inf |   8.82%
 1546s| 31200 |  2613 |  8332k| 267.0 |   436M |  40 |1125 |1355 |2641 | 187k|  2 |6146 |  11 | 0.000000e+00 |      --      |    Inf |   8.82%
 1552s| 31300 |  2611 |  8363k| 267.1 |   436M |  40 |1125 |1354 |2518 | 188k|  1 |6160 |  11 | 0.000000e+00 |      --      |    Inf |   8.84%
 1557s| 31400 |  2594 |  8388k| 267.1 |   436M |  40 |1125 |1354 |3026 | 188k|  0 |6178 |  11 | 0.000000e+00 |      --      |    Inf |   8.88%
 1562s| 31500 |  2599 |  8412k| 267.0 |   436M |  40 |1125 |1354 |2666 | 189k|  1 |6201 |  11 | 0.000000e+00 |      --      |    Inf |   8.92%
 1569s| 31600 |  2590 |  8447k| 267.2 |   436M |  40 |1125 |1354 |2838 | 189k|  0 |6220 |  11 | 0.000000e+00 |      --      |    Inf |   8.92%
 1575s| 31700 |  2595 |  8478k| 267.4 |   436M |  40 |1125 |1354 |2796 | 190k|  1 |6237 |  11 | 0.000000e+00 |      --      |    Inf |   8.97%
 time | node  | left  |LP iter|LP it/n|mem/heur|mdpt |vars |cons |rows |cuts |sepa|confs|strbr|  dualbound   | primalbound  |  gap   | compl. 
 1580s| 31800 |  2597 |  8506k| 267.4 |   436M |  40 |1125 |1354 |2705 | 190k|  0 |6257 |  11 | 0.000000e+00 |      --      |    Inf |   8.99%
 1585s| 31900 |  2585 |  8529k| 267.3 |   436M |  40 |1125 |1354 |2655 | 191k|  2 |6283 |  11 | 0.000000e+00 |      --      |    Inf |   8.99%
 1590s| 32000 |  2591 |  8555k| 267.3 |   436M |  40 |1125 |1354 |2727 | 191k|  2 |6315 |  11 | 0.000000e+00 |      --      |    Inf |   8.99%
 1595s| 32100 |  2594 |  8582k| 267.3 |   436M |  40 |1125 |1354 |2666 | 191k|  2 |6348 |  11 | 0.000000e+00 |      --      |    Inf |   8.99%
 1600s| 32200 |  2575 |  8607k| 267.2 |   436M |  40 |1125 |1355 |2682 | 192k|  0 |6384 |  11 | 0.000000e+00 |      --      |    Inf |   9.09%
 1607s| 32300 |  2570 |  8638k| 267.4 |   438M |  40 |1125 |1355 |2875 | 192k|  1 |6414 |  11 | 0.000000e+00 |      --      |    Inf |   9.09%
 1613s| 32400 |  2566 |  8668k| 267.5 |   438M |  40 |1125 |1355 |2438 | 193k|  2 |6434 |  11 | 0.000000e+00 |      --      |    Inf |   9.10%
 1617s| 32500 |  2577 |  8693k| 267.4 |   438M |  40 |1125 |1355 |2345 | 193k|  2 |6461 |  11 | 0.000000e+00 |      --      |    Inf |   9.15%
 1621s| 32600 |  2619 |  8725k| 267.6 |   438M |  40 |1125 |1354 |2544 | 194k|  2 |6471 |  11 | 0.000000e+00 |      --      |    Inf |   9.21%
 1624s| 32700 |  2631 |  8762k| 267.9 |   438M |  40 |1125 |1354 |2575 | 195k|  0 |6484 |  11 | 0.000000e+00 |      --      |    Inf |   9.22%
 1627s| 32800 |  2649 |  8794k| 268.0 |   439M |  40 |1125 |1354 |2618 | 196k|  2 |6504 |  11 | 0.000000e+00 |      --      |    Inf |   9.22%
 1629s| 32900 |  2653 |  8824k| 268.1 |   439M |  40 |1125 |1354 |2587 | 197k|  0 |6515 |  11 | 0.000000e+00 |      --      |    Inf |   9.23%
 1632s| 33000 |  2653 |  8854k| 268.2 |   440M |  40 |1125 |1354 |2792 | 197k|  0 |6541 |  11 | 0.000000e+00 |      --      |    Inf |   9.24%
 1634s| 33100 |  2667 |  8881k| 268.2 |   440M |  40 |1125 |1354 |2473 | 197k|  2 |6558 |  11 | 0.000000e+00 |      --      |    Inf |   9.25%
 1636s| 33200 |  2677 |  8906k| 268.2 |   440M |  40 |1125 |1354 |2597 | 198k|  2 |6569 |  11 | 0.000000e+00 |      --      |    Inf |   9.25%
 time | node  | left  |LP iter|LP it/n|mem/heur|mdpt |vars |cons |rows |cuts |sepa|confs|strbr|  dualbound   | primalbound  |  gap   | compl. 
 1641s| 33300 |  2673 |  8938k| 268.3 |   442M |  40 |1125 |1354 |2806 | 198k|  2 |6593 |  11 | 0.000000e+00 |      --      |    Inf |   9.26%
 1646s| 33400 |  2660 |  8962k| 268.3 |   442M |  40 |1125 |1354 |2654 | 199k|  0 |6614 |  11 | 0.000000e+00 |      --      |    Inf |   9.27%
 1653s| 33500 |  2670 |  8996k| 268.5 |   442M |  40 |1125 |1354 |2561 | 199k|  2 |6623 |  11 | 0.000000e+00 |      --      |    Inf |   9.29%
 1658s| 33600 |  2679 |  9025k| 268.5 |   442M |  40 |1125 |1354 |2446 | 200k|  2 |6631 |  11 | 0.000000e+00 |      --      |    Inf |   9.29%
 1666s| 33700 |  2675 |  9067k| 269.0 |   442M |  40 |1125 |1354 |2607 | 201k|  1 |6646 |  11 | 0.000000e+00 |      --      |    Inf |   9.30%
 1673s| 33800 |  2654 |  9102k| 269.2 |   443M |  40 |1125 |1354 |   0 | 202k|  0 |6665 |  11 | 0.000000e+00 |      --      |    Inf |   9.31%
 1680s| 33900 |  2652 |  9134k| 269.4 |   444M |  40 |1125 |1354 |2610 | 203k|  2 |6678 |  11 | 0.000000e+00 |      --      |    Inf |   9.85%
 1688s| 34000 |  2657 |  9175k| 269.8 |   445M |  40 |1125 |1354 |   0 | 204k|  0 |6693 |  11 | 0.000000e+00 |      --      |    Inf |   9.95%
 1694s| 34100 |  2650 |  9204k| 269.9 |   445M |  40 |1125 |1354 |2529 | 204k|  2 |6713 |  11 | 0.000000e+00 |      --      |    Inf |   9.96%
 1699s| 34200 |  2645 |  9229k| 269.8 |   445M |  40 |1125 |1354 |2583 | 205k|  1 |6727 |  11 | 0.000000e+00 |      --      |    Inf |   9.97%
 1704s| 34300 |  2648 |  9254k| 269.7 |   445M |  40 |1125 |1354 |2651 | 205k|  2 |6746 |  11 | 0.000000e+00 |      --      |    Inf |  10.05%
 1709s| 34400 |  2671 |  9274k| 269.5 |   445M |  40 |1125 |1354 |2754 | 206k|  0 |6758 |  11 | 0.000000e+00 |      --      |    Inf |  10.10%
 1714s| 34500 |  2676 |  9301k| 269.5 |   446M |  40 |1125 |1354 |2863 | 206k|  0 |6781 |  11 | 0.000000e+00 |      --      |    Inf |  10.11%
 1721s| 34600 |  2668 |  9333k| 269.7 |   446M |  40 |1125 |1354 |   0 | 207k|  0 |6815 |  11 | 0.000000e+00 |      --      |    Inf |  10.11%
 1725s| 34700 |  2679 |  9356k| 269.6 |   446M |  40 |1125 |1356 |2787 | 207k|  2 |6833 |  11 | 0.000000e+00 |      --      |    Inf |  10.13%
 time | node  | left  |LP iter|LP it/n|mem/heur|mdpt |vars |cons |rows |cuts |sepa|confs|strbr|  dualbound   | primalbound  |  gap   | compl. 
 1731s| 34800 |  2696 |  9388k| 269.7 |   446M |  40 |1125 |1357 |2559 | 208k|  2 |6846 |  11 | 0.000000e+00 |      --      |    Inf |  10.14%
 1737s| 34900 |  2685 |  9414k| 269.7 |   447M |  40 |1125 |1358 |2698 | 209k|  0 |6860 |  11 | 0.000000e+00 |      --      |    Inf |  10.15%
 1742s| 35000 |  2693 |  9439k| 269.6 |   447M |  40 |1125 |1357 |2808 | 209k|  2 |6876 |  11 | 0.000000e+00 |      --      |    Inf |  10.54%
 1746s| 35100 |  2682 |  9459k| 269.4 |   447M |  40 |1125 |1358 |2816 | 210k|  0 |6892 |  11 | 0.000000e+00 |      --      |    Inf |  10.57%
 1750s| 35200 |  2678 |  9480k| 269.3 |   447M |  40 |1125 |1357 |   0 | 210k|  0 |6901 |  11 | 0.000000e+00 |      --      |    Inf |  10.58%
 1755s| 35300 |  2692 |  9506k| 269.2 |   447M |  40 |1125 |1356 |2552 | 211k|  0 |6905 |  11 | 0.000000e+00 |      --      |    Inf |  10.60%
 1762s| 35400 |  2704 |  9540k| 269.4 |   447M |  40 |1125 |1355 |   0 | 212k|  0 |6909 |  11 | 0.000000e+00 |      --      |    Inf |  10.61%
 1767s| 35500 |  2705 |  9567k| 269.4 |   448M |  40 |1125 |1357 |2504 | 213k|  2 |6922 |  11 | 0.000000e+00 |      --      |    Inf |  10.61%
 1773s| 35600 |  2699 |  9593k| 269.4 |   448M |  40 |1125 |1357 |2737 | 213k|  1 |6937 |  11 | 0.000000e+00 |      --      |    Inf |  10.62%
 1778s| 35700 |  2703 |  9619k| 269.4 |   448M |  40 |1125 |1355 |2779 | 214k|  2 |6971 |  11 | 0.000000e+00 |      --      |    Inf |  10.62%
 1783s| 35800 |  2702 |  9645k| 269.3 |   448M |  40 |1125 |1355 |2817 | 214k|  0 |6991 |  11 | 0.000000e+00 |      --      |    Inf |  10.63%
 1789s| 35900 |  2705 |  9674k| 269.4 |   448M |  40 |1125 |1355 |2582 | 214k|  2 |7019 |  11 | 0.000000e+00 |      --      |    Inf |  10.64%
 1795s| 36000 |  2701 |  9705k| 269.5 |   448M |  40 |1125 |1354 |2662 | 215k|  1 |7028 |  11 | 0.000000e+00 |      --      |    Inf |  10.64%
 1801s| 36100 |  2693 |  9736k| 269.6 |   448M |  40 |1125 |1354 |   0 | 215k|  0 |7044 |  11 | 0.000000e+00 |      --      |    Inf |  10.64%
 1805s| 36200 |  2714 |  9757k| 269.5 |   448M |  40 |1125 |1354 |2599 | 216k|  2 |7061 |  11 | 0.000000e+00 |      --      |    Inf |  10.68%
 time | node  | left  |LP iter|LP it/n|mem/heur|mdpt |vars |cons |rows |cuts |sepa|confs|strbr|  dualbound   | primalbound  |  gap   | compl. 
 1813s| 36300 |  2718 |  9796k| 269.8 |   448M |  40 |1125 |1354 |2564 | 217k|  0 |7086 |  11 | 0.000000e+00 |      --      |    Inf |  10.68%
 1819s| 36400 |  2722 |  9831k| 270.0 |   448M |  40 |1125 |1355 |2683 | 217k|  2 |7102 |  11 | 0.000000e+00 |      --      |    Inf |  10.70%
 1824s| 36500 |  2712 |  9858k| 270.0 |   448M |  40 |1125 |1355 |2836 | 218k|  0 |7115 |  11 | 0.000000e+00 |      --      |    Inf |  10.70%
 1832s| 36600 |  2721 |  9896k| 270.3 |   449M |  40 |1125 |1355 |2720 | 219k|  2 |7131 |  11 | 0.000000e+00 |      --      |    Inf |  10.71%
 1836s| 36700 |  2707 |  9919k| 270.2 |   449M |  40 |1125 |1355 |2917 | 219k|  2 |7148 |  11 | 0.000000e+00 |      --      |    Inf |  10.72%
 1842s| 36800 |  2692 |  9950k| 270.3 |   449M |  40 |1125 |1355 |2396 | 220k|  2 |7171 |  11 | 0.000000e+00 |      --      |    Inf |  10.80%
 1847s| 36900 |  2698 |  9971k| 270.2 |   449M |  40 |1125 |1356 |2622 | 220k|  2 |7193 |  11 | 0.000000e+00 |      --      |    Inf |  10.80%
 1852s| 37000 |  2703 |  9997k| 270.1 |   449M |  40 |1125 |1356 |2727 | 221k|  2 |7211 |  11 | 0.000000e+00 |      --      |    Inf |  10.80%
 1857s| 37100 |  2708 | 10026k| 270.2 |   449M |  40 |1125 |1357 |2672 | 221k|  2 |7230 |  11 | 0.000000e+00 |      --      |    Inf |  10.80%
 1863s| 37200 |  2730 | 10056k| 270.3 |   449M |  40 |1125 |1357 |2595 | 222k|  0 |7242 |  11 | 0.000000e+00 |      --      |    Inf |  10.81%
 1870s| 37300 |  2719 | 10090k| 270.4 |   449M |  40 |1125 |1357 |2767 | 223k|  0 |7267 |  11 | 0.000000e+00 |      --      |    Inf |  10.81%
 1876s| 37400 |  2732 | 10117k| 270.4 |   451M |  40 |1125 |1355 |3031 | 223k|  0 |7287 |  11 | 0.000000e+00 |      --      |    Inf |  10.81%
 1883s| 37500 |  2734 | 10146k| 270.5 |   453M |  40 |1125 |1354 |2890 | 223k|  0 |7305 |  11 | 0.000000e+00 |      --      |    Inf |  10.82%
 1889s| 37600 |  2722 | 10173k| 270.5 |   454M |  40 |1125 |1355 |2368 | 224k|  1 |7331 |  11 | 0.000000e+00 |      --      |    Inf |  10.82%
 1893s| 37700 |  2721 | 10191k| 270.2 |   454M |  40 |1125 |1355 |2896 | 224k|  0 |7346 |  11 | 0.000000e+00 |      --      |    Inf |  10.83%
 time | node  | left  |LP iter|LP it/n|mem/heur|mdpt |vars |cons |rows |cuts |sepa|confs|strbr|  dualbound   | primalbound  |  gap   | compl. 
 1898s| 37800 |  2739 | 10213k| 270.1 |   454M |  40 |1125 |1355 |2411 | 225k|  2 |7365 |  11 | 0.000000e+00 |      --      |    Inf |  10.87%
 1902s| 37900 |  2750 | 10232k| 269.9 |   454M |  40 |1125 |1356 |2420 | 225k|  0 |7380 |  11 | 0.000000e+00 |      --      |    Inf |  10.88%
 1908s| 38000 |  2751 | 10258k| 269.9 |   454M |  40 |1125 |1356 |2480 | 226k|  0 |7402 |  11 | 0.000000e+00 |      --      |    Inf |  10.90%
 1913s| 38100 |  2770 | 10283k| 269.8 |   454M |  40 |1125 |1356 |2390 | 227k|  2 |7418 |  11 | 0.000000e+00 |      --      |    Inf |  10.91%
 1918s| 38200 |  2778 | 10309k| 269.8 |   454M |  40 |1125 |1355 |2481 | 228k|  0 |7428 |  11 | 0.000000e+00 |      --      |    Inf |  10.92%
 1924s| 38300 |  2777 | 10334k| 269.8 |   454M |  40 |1125 |1357 |2585 | 229k|  2 |7443 |  11 | 0.000000e+00 |      --      |    Inf |  10.92%
 1929s| 38400 |  2772 | 10358k| 269.7 |   454M |  40 |1125 |1359 |2369 | 229k|  2 |7455 |  11 | 0.000000e+00 |      --      |    Inf |  10.93%
 1935s| 38500 |  2783 | 10385k| 269.7 |   454M |  40 |1125 |1359 |   0 | 230k|  0 |7467 |  11 | 0.000000e+00 |      --      |    Inf |  10.95%
 1941s| 38600 |  2789 | 10415k| 269.7 |   454M |  40 |1125 |1359 |2366 | 231k|  2 |7481 |  11 | 0.000000e+00 |      --      |    Inf |  10.96%
 1944s| 38700 |  2793 | 10426k| 269.4 |   454M |  40 |1125 |1360 |2382 | 232k|  0 |7490 |  11 | 0.000000e+00 |      --      |    Inf |  10.97%
 1948s| 38800 |  2789 | 10445k| 269.2 |   454M |  40 |1125 |1362 |2416 | 233k|  2 |7509 |  11 | 0.000000e+00 |      --      |    Inf |  10.99%
 1954s| 38900 |  2796 | 10474k| 269.2 |   455M |  40 |1125 |1362 |2950 | 233k|  1 |7525 |  11 | 0.000000e+00 |      --      |    Inf |  11.00%
 1959s| 39000 |  2797 | 10499k| 269.1 |   456M |  40 |1125 |1359 |2652 | 234k|  2 |7544 |  11 | 0.000000e+00 |      --      |    Inf |  11.01%
 1966s| 39100 |  2792 | 10533k| 269.3 |   457M |  40 |1125 |1359 |2822 | 234k|  2 |7587 |  11 | 0.000000e+00 |      --      |    Inf |  11.01%
 1971s| 39200 |  2811 | 10555k| 269.2 |   457M |  40 |1125 |1358 |2647 | 235k|  0 |7608 |  11 | 0.000000e+00 |      --      |    Inf |  11.01%
 time | node  | left  |LP iter|LP it/n|mem/heur|mdpt |vars |cons |rows |cuts |sepa|confs|strbr|  dualbound   | primalbound  |  gap   | compl. 
 1978s| 39300 |  2824 | 10585k| 269.3 |   457M |  40 |1125 |1358 |2533 | 235k|  2 |7622 |  11 | 0.000000e+00 |      --      |    Inf |  11.02%
 1984s| 39400 |  2830 | 10614k| 269.3 |   457M |  40 |1125 |1357 |2938 | 236k|  0 |7640 |  11 | 0.000000e+00 |      --      |    Inf |  11.02%
 1989s| 39500 |  2853 | 10638k| 269.3 |   457M |  40 |1125 |1357 |2472 | 237k|  2 |7658 |  11 | 0.000000e+00 |      --      |    Inf |  11.03%
 1994s| 39600 |  2873 | 10660k| 269.1 |   457M |  40 |1125 |1357 |2592 | 237k|  2 |7680 |  11 | 0.000000e+00 |      --      |    Inf |  11.04%
 1997s| 39700 |  2872 | 10677k| 268.9 |   458M |  40 |1125 |1357 |2461 | 237k|  0 |7693 |  11 | 0.000000e+00 |      --      |    Inf |  11.04%
 2001s| 39800 |  2890 | 10693k| 268.6 |   458M |  40 |1125 |1357 |2844 | 237k|  0 |7713 |  11 | 0.000000e+00 |      --      |    Inf |  11.05%
 2006s| 39900 |  2883 | 10716k| 268.5 |   460M |  40 |1125 |1356 |3158 | 238k|  0 |7748 |  11 | 0.000000e+00 |      --      |    Inf |  11.06%
 2011s| 40000 |  2885 | 10739k| 268.4 |   460M |  40 |1125 |1356 |2597 | 238k|  2 |7787 |  11 | 0.000000e+00 |      --      |    Inf |  11.09%
 2018s| 40100 |  2890 | 10775k| 268.7 |   460M |  40 |1125 |1356 |2701 | 239k|  2 |7810 |  11 | 0.000000e+00 |      --      |    Inf |  11.10%
 2026s| 40200 |  2884 | 10811k| 268.9 |   461M |  40 |1125 |1355 |2402 | 239k|  2 |7822 |  11 | 0.000000e+00 |      --      |    Inf |  11.11%
 2031s| 40300 |  2901 | 10830k| 268.7 |   461M |  40 |1125 |1355 |3032 | 240k|  0 |7833 |  11 | 0.000000e+00 |      --      |    Inf |  11.11%
 2035s| 40400 |  2916 | 10852k| 268.6 |   461M |  40 |1125 |1355 |2491 | 240k|  1 |7846 |  11 | 0.000000e+00 |      --      |    Inf |  11.11%
 2041s| 40500 |  2919 | 10878k| 268.5 |   461M |  40 |1125 |1355 |2973 | 241k|  2 |7865 |  11 | 0.000000e+00 |      --      |    Inf |  11.11%
 2047s| 40600 |  2916 | 10906k| 268.6 |   461M |  40 |1125 |1355 |2757 | 241k|  0 |7913 |  11 | 0.000000e+00 |      --      |    Inf |  11.11%
 2051s| 40700 |  2922 | 10927k| 268.4 |   461M |  40 |1125 |1356 |2559 | 241k|  0 |7932 |  11 | 0.000000e+00 |      --      |    Inf |  11.14%
 time | node  | left  |LP iter|LP it/n|mem/heur|mdpt |vars |cons |rows |cuts |sepa|confs|strbr|  dualbound   | primalbound  |  gap   | compl. 
 2056s| 40800 |  2952 | 10949k| 268.3 |   461M |  40 |1125 |1356 |2390 | 242k|  2 |7945 |  11 | 0.000000e+00 |      --      |    Inf |  11.19%
 2061s| 40900 |  2945 | 10975k| 268.3 |   461M |  40 |1125 |1355 |2362 | 243k|  0 |7975 |  11 | 0.000000e+00 |      --      |    Inf |  11.40%
 2065s| 41000 |  2935 | 10994k| 268.1 |   461M |  40 |1125 |1354 |2697 | 243k|  2 |7996 |  11 | 0.000000e+00 |      --      |    Inf |  11.41%
 2071s| 41100 |  2946 | 11020k| 268.1 |   461M |  40 |1125 |1354 |2578 | 244k|  2 |8010 |  11 | 0.000000e+00 |      --      |    Inf |  11.41%
 2077s| 41200 |  2944 | 11047k| 268.1 |   461M |  40 |1125 |1354 |2610 | 244k|  0 |8032 |  11 | 0.000000e+00 |      --      |    Inf |  11.41%
 2084s| 41300 |  2941 | 11079k| 268.2 |   461M |  40 |1125 |1354 |2789 | 245k|  0 |8065 |  11 | 0.000000e+00 |      --      |    Inf |  11.41%
 2090s| 41400 |  2942 | 11106k| 268.2 |   462M |  40 |1125 |1354 |2401 | 245k|  1 |8081 |  11 | 0.000000e+00 |      --      |    Inf |  11.42%
 2095s| 41500 |  2950 | 11128k| 268.1 |   462M |  40 |1125 |1354 |2452 | 246k|  2 |8102 |  11 | 0.000000e+00 |      --      |    Inf |  11.42%
 2099s| 41600 |  2965 | 11151k| 268.0 |   462M |  40 |1125 |1354 |2807 | 246k|  2 |8123 |  11 | 0.000000e+00 |      --      |    Inf |  11.42%
 2105s| 41700 |  2957 | 11178k| 268.0 |   462M |  40 |1125 |1354 |2607 | 246k|  2 |8147 |  11 | 0.000000e+00 |      --      |    Inf |  11.42%
 2114s| 41800 |  2940 | 11217k| 268.3 |   462M |  40 |1125 |1354 |2729 | 247k|  0 |8167 |  11 | 0.000000e+00 |      --      |    Inf |  11.42%
 2119s| 41900 |  2944 | 11244k| 268.3 |   462M |  40 |1125 |1354 |2667 | 248k|  2 |8199 |  11 | 0.000000e+00 |      --      |    Inf |  11.42%
 2124s| 42000 |  2965 | 11263k| 268.1 |   462M |  40 |1125 |1354 |2720 | 248k|  0 |8229 |  11 | 0.000000e+00 |      --      |    Inf |  11.42%
 2128s| 42100 |  2970 | 11284k| 268.0 |   462M |  40 |1125 |1354 |2727 | 248k|  0 |8253 |  11 | 0.000000e+00 |      --      |    Inf |  11.42%
 2133s| 42200 |  2966 | 11307k| 267.9 |   462M |  40 |1125 |1354 |   0 | 249k|  0 |8272 |  11 | 0.000000e+00 |      --      |    Inf |  11.42%
 time | node  | left  |LP iter|LP it/n|mem/heur|mdpt |vars |cons |rows |cuts |sepa|confs|strbr|  dualbound   | primalbound  |  gap   | compl. 
 2139s| 42300 |  2979 | 11333k| 267.9 |   462M |  40 |1125 |1354 |2824 | 249k|  2 |8296 |  11 | 0.000000e+00 |      --      |    Inf |  11.44%
 2142s| 42400 |  2981 | 11347k| 267.6 |   462M |  40 |1125 |1354 |2758 | 250k|  2 |8311 |  11 | 0.000000e+00 |      --      |    Inf |  11.47%
 2147s| 42500 |  2986 | 11371k| 267.5 |   462M |  40 |1125 |1354 |2320 | 250k|  2 |8331 |  11 | 0.000000e+00 |      --      |    Inf |  11.48%
 2150s| 42600 |  3031 | 11380k| 267.1 |   462M |  40 |1125 |1355 |2347 | 250k|  2 |8340 |  11 | 0.000000e+00 |      --      |    Inf |  11.50%
 2153s| 42700 |  3055 | 11395k| 266.8 |   463M |  40 |1125 |1355 |2474 | 251k|  2 |8352 |  11 | 0.000000e+00 |      --      |    Inf |  11.53%
 2158s| 42800 |  3059 | 11417k| 266.7 |   463M |  40 |1125 |1355 |2405 | 251k|  2 |8367 |  11 | 0.000000e+00 |      --      |    Inf |  11.58%
 2162s| 42900 |  3065 | 11435k| 266.5 |   463M |  40 |1125 |1355 |2391 | 252k|  2 |8391 |  11 | 0.000000e+00 |      --      |    Inf |  11.63%
 2167s| 43000 |  3073 | 11460k| 266.5 |   463M |  40 |1125 |1357 |2805 | 252k|  0 |8422 |  11 | 0.000000e+00 |      --      |    Inf |  11.65%
 2173s| 43100 |  3073 | 11483k| 266.4 |   464M |  40 |1125 |1354 |2803 | 253k|  2 |8444 |  11 | 0.000000e+00 |      --      |    Inf |  11.68%
 2177s| 43200 |  3074 | 11505k| 266.3 |   464M |  40 |1125 |1354 |   0 | 253k|  0 |8459 |  11 | 0.000000e+00 |      --      |    Inf |  11.75%
 2181s| 43300 |  3086 | 11523k| 266.1 |   464M |  40 |1125 |1355 |2887 | 254k|  1 |8478 |  11 | 0.000000e+00 |      --      |    Inf |  11.75%
 2188s| 43400 |  3079 | 11553k| 266.1 |   465M |  40 |1125 |1356 |2470 | 254k|  2 |8503 |  11 | 0.000000e+00 |      --      |    Inf |  11.76%
 2193s| 43500 |  3071 | 11576k| 266.1 |   465M |  40 |1125 |1354 |2765 | 255k|  2 |8517 |  11 | 0.000000e+00 |      --      |    Inf |  11.79%
 2200s| 43600 |  3082 | 11608k| 266.2 |   465M |  40 |1125 |1354 |2737 | 255k|  2 |8530 |  11 | 0.000000e+00 |      --      |    Inf |  11.79%
 2208s| 43700 |  3072 | 11647k| 266.5 |   465M |  40 |1125 |1354 |2886 | 256k|  2 |8554 |  11 | 0.000000e+00 |      --      |    Inf |  11.80%
 time | node  | left  |LP iter|LP it/n|mem/heur|mdpt |vars |cons |rows |cuts |sepa|confs|strbr|  dualbound   | primalbound  |  gap   | compl. 
 2213s| 43800 |  3064 | 11671k| 266.4 |   466M |  40 |1125 |1354 |2645 | 257k|  2 |8573 |  11 | 0.000000e+00 |      --      |    Inf |  11.81%
 2219s| 43900 |  3079 | 11700k| 266.5 |   467M |  40 |1125 |1354 |2692 | 257k|  1 |8585 |  11 | 0.000000e+00 |      --      |    Inf |  11.82%
 2224s| 44000 |  3064 | 11721k| 266.3 |   467M |  40 |1125 |1354 |2738 | 258k|  1 |8617 |  11 | 0.000000e+00 |      --      |    Inf |  11.84%
 2229s| 44100 |  3056 | 11743k| 266.2 |   468M |  40 |1125 |1354 |2590 | 258k|  0 |8641 |  11 | 0.000000e+00 |      --      |    Inf |  11.86%
 2236s| 44200 |  3057 | 11775k| 266.4 |   468M |  40 |1125 |1355 |2518 | 259k|  2 |8652 |  11 | 0.000000e+00 |      --      |    Inf |  11.86%
 2241s| 44300 |  3065 | 11798k| 266.3 |   468M |  40 |1125 |1355 |2522 | 259k|  2 |8668 |  11 | 0.000000e+00 |      --      |    Inf |  11.87%
 2245s| 44400 |  3069 | 11818k| 266.1 |   468M |  40 |1125 |1353 |2667 | 260k|  0 |8679 |  11 | 0.000000e+00 |      --      |    Inf |  11.89%
 2251s| 44500 |  3069 | 11846k| 266.2 |   469M |  40 |1125 |1353 |3027 | 260k|  2 |8703 |  11 | 0.000000e+00 |      --      |    Inf |  11.90%
 2256s| 44600 |  3065 | 11869k| 266.1 |   469M |  40 |1125 |1353 |2965 | 260k|  0 |8737 |  11 | 0.000000e+00 |      --      |    Inf |  11.94%
 2262s| 44700 |  3077 | 11894k| 266.0 |   469M |  40 |1125 |1354 |2727 | 261k|  1 |8752 |  11 | 0.000000e+00 |      --      |    Inf |  12.02%
 2266s| 44800 |  3089 | 11911k| 265.8 |   469M |  40 |1125 |1354 |2744 | 262k|  1 |8767 |  11 | 0.000000e+00 |      --      |    Inf |  12.03%
 2270s| 44900 |  3098 | 11934k| 265.7 |   469M |  40 |1125 |1354 |2562 | 262k|  2 |8799 |  11 | 0.000000e+00 |      --      |    Inf |  12.03%
 2276s| 45000 |  3101 | 11958k| 265.7 |   470M |  40 |1125 |1354 |2500 | 262k|  0 |8818 |  11 | 0.000000e+00 |      --      |    Inf |  12.03%
 2282s| 45100 |  3101 | 11984k| 265.7 |   470M |  40 |1125 |1354 |2514 | 263k|  1 |8835 |  11 | 0.000000e+00 |      --      |    Inf |  12.09%
 2290s| 45200 |  3101 | 12022k| 265.9 |   470M |  40 |1125 |1352 |2481 | 264k|  1 |8870 |  11 | 0.000000e+00 |      --      |    Inf |  12.09%
 time | node  | left  |LP iter|LP it/n|mem/heur|mdpt |vars |cons |rows |cuts |sepa|confs|strbr|  dualbound   | primalbound  |  gap   | compl. 
 2302s| 45300 |  3110 | 12078k| 266.6 |   470M |  40 |1125 |1353 |2851 | 265k|  2 |8883 |  11 | 0.000000e+00 |      --      |    Inf |  12.09%
 2314s| 45400 |  3114 | 12139k| 267.3 |   470M |  40 |1125 |1353 |2582 | 266k|  2 |8923 |  11 | 0.000000e+00 |      --      |    Inf |  12.09%
 2319s| 45500 |  3120 | 12195k| 268.0 |   471M |  40 |1125 |1352 |2474 | 267k|  0 |8944 |  11 | 0.000000e+00 |      --      |    Inf |  12.11%
 2324s| 45600 |  3118 | 12250k| 268.6 |   471M |  40 |1125 |1352 |2777 | 269k|  2 |8987 |  11 | 0.000000e+00 |      --      |    Inf |  12.12%
 2328s| 45700 |  3109 | 12302k| 269.1 |   471M |  40 |1125 |1352 |   0 | 269k|  0 |9005 |  11 | 0.000000e+00 |      --      |    Inf |  12.13%
 2334s| 45800 |  3123 | 12365k| 269.9 |   471M |  40 |1125 |1351 |2670 | 271k|  0 |9027 |  11 | 0.000000e+00 |      --      |    Inf |  12.14%
 2339s| 45900 |  3130 | 12421k| 270.6 |   471M |  40 |1125 |1351 |   0 | 273k|  0 |9044 |  11 | 0.000000e+00 |      --      |    Inf |  12.15%
 2343s| 46000 |  3124 | 12471k| 271.1 |   471M |  40 |1125 |1351 |2472 | 274k|  0 |9058 |  11 | 0.000000e+00 |      --      |    Inf |  12.16%
 2348s| 46100 |  3126 | 12527k| 271.7 |   471M |  40 |1125 |1351 |3027 | 274k|  0 |9084 |  11 | 0.000000e+00 |      --      |    Inf |  12.17%
 2352s| 46200 |  3124 | 12573k| 272.1 |   471M |  40 |1125 |1352 |2727 | 275k|  2 |9112 |  11 | 0.000000e+00 |      --      |    Inf |  12.17%
 2357s| 46300 |  3138 | 12626k| 272.7 |   472M |  40 |1125 |1353 |2820 | 276k|  1 |9129 |  11 | 0.000000e+00 |      --      |    Inf |  12.17%
 2363s| 46400 |  3155 | 12694k| 273.5 |   473M |  40 |1125 |1353 |3057 | 278k|  0 |9148 |  11 | 0.000000e+00 |      --      |    Inf |  12.17%
 2369s| 46500 |  3149 | 12770k| 274.6 |   473M |  40 |1125 |1353 |2775 | 279k|  0 |9158 |  11 | 0.000000e+00 |      --      |    Inf |  12.18%
 2374s| 46600 |  3149 | 12823k| 275.1 |   473M |  40 |1125 |1352 |2808 | 280k|  2 |9174 |  11 | 0.000000e+00 |      --      |    Inf |  12.19%
 2377s| 46700 |  3161 | 12869k| 275.5 |   473M |  40 |1125 |1352 |3032 | 282k|  2 |9190 |  11 | 0.000000e+00 |      --      |    Inf |  12.20%
 time | node  | left  |LP iter|LP it/n|mem/heur|mdpt |vars |cons |rows |cuts |sepa|confs|strbr|  dualbound   | primalbound  |  gap   | compl. 
 2382s| 46800 |  3157 | 12928k| 276.2 |   474M |  40 |1125 |1351 |2950 | 283k|  0 |9197 |  11 | 0.000000e+00 |      --      |    Inf |  12.42%
 2387s| 46900 |  3161 | 12987k| 276.9 |   474M |  40 |1125 |1351 |2725 | 284k|  2 |9207 |  11 | 0.000000e+00 |      --      |    Inf |  12.43%
 2392s| 47000 |  3164 | 13045k| 277.5 |   474M |  40 |1125 |1351 |2731 | 286k|  2 |9231 |  11 | 0.000000e+00 |      --      |    Inf |  12.44%
 2399s| 47100 |  3176 | 13121k| 278.5 |   475M |  40 |1125 |1351 |2670 | 288k|  2 |9248 |  11 | 0.000000e+00 |      --      |    Inf |  12.44%
 2407s| 47200 |  3185 | 13208k| 279.8 |   475M |  40 |1125 |1351 |2576 | 290k|  0 |9266 |  11 | 0.000000e+00 |      --      |    Inf |  12.44%
 2414s| 47300 |  3180 | 13280k| 280.7 |   476M |  40 |1125 |1351 |   0 | 291k|  0 |9285 |  11 | 0.000000e+00 |      --      |    Inf |  12.45%
 2418s| 47400 |  3186 | 13323k| 281.0 |   476M |  40 |1125 |1352 |2647 | 292k|  2 |9302 |  11 | 0.000000e+00 |      --      |    Inf |  12.45%
 2423s| 47500 |  3180 | 13379k| 281.6 |   477M |  40 |1125 |1353 |2780 | 293k|  2 |9325 |  11 | 0.000000e+00 |      --      |    Inf |  12.51%
 2429s| 47600 |  3184 | 13443k| 282.4 |   477M |  40 |1125 |1352 |   0 | 294k|  0 |9343 |  11 | 0.000000e+00 |      --      |    Inf |  12.53%
 2436s| 47700 |  3229 | 13515k| 283.3 |   478M |  40 |1125 |1351 |2592 | 297k|  2 |9352 |  11 | 0.000000e+00 |      --      |    Inf |  12.54%
 2444s| 47800 |  3237 | 13592k| 284.3 |   478M |  40 |1125 |1351 |2403 | 298k|  2 |9380 |  11 | 0.000000e+00 |      --      |    Inf |  12.56%
 2449s| 47900 |  3244 | 13642k| 284.7 |   479M |  40 |1125 |1351 |3126 | 299k|  2 |9396 |  11 | 0.000000e+00 |      --      |    Inf |  12.58%
 2455s| 48000 |  3241 | 13693k| 285.2 |   479M |  40 |1125 |1351 |2956 | 300k|  0 |9412 |  11 | 0.000000e+00 |      --      |    Inf |  12.58%
 2462s| 48100 |  3254 | 13757k| 286.0 |   480M |  40 |1125 |1352 |3074 | 301k|  0 |9448 |  11 | 0.000000e+00 |      --      |    Inf |  12.58%
 2468s| 48200 |  3243 | 13814k| 286.6 |   480M |  40 |1125 |1352 |2644 | 301k|  2 |9466 |  11 | 0.000000e+00 |      --      |    Inf |  12.63%
 time | node  | left  |LP iter|LP it/n|mem/heur|mdpt |vars |cons |rows |cuts |sepa|confs|strbr|  dualbound   | primalbound  |  gap   | compl. 
 2473s| 48300 |  3243 | 13866k| 287.0 |   481M |  40 |1125 |1351 |3019 | 302k|  0 |9487 |  11 | 0.000000e+00 |      --      |    Inf |  12.64%
 2480s| 48400 |  3261 | 13930k| 287.8 |   481M |  40 |1125 |1352 |2473 | 304k|  2 |9506 |  11 | 0.000000e+00 |      --      |    Inf |  12.66%
 2489s| 48500 |  3268 | 13992k| 288.4 |   484M |  40 |1125 |1353 |3084 | 305k|  2 |9540 |  11 | 0.000000e+00 |      --      |    Inf |  12.67%
 2498s| 48600 |  3268 | 14037k| 288.8 |   484M |  40 |1125 |1353 |2594 | 306k|  2 |9553 |  11 | 0.000000e+00 |      --      |    Inf |  12.68%
 2512s| 48700 |  3272 | 14100k| 289.5 |   485M |  40 |1125 |1352 |2988 | 307k|  2 |9576 |  11 | 0.000000e+00 |      --      |    Inf |  13.46%
 2525s| 48800 |  3278 | 14158k| 290.1 |   485M |  40 |1125 |1353 |2826 | 308k|  2 |9595 |  11 | 0.000000e+00 |      --      |    Inf |  13.46%
 2535s| 48900 |  3279 | 14206k| 290.5 |   485M |  40 |1125 |1353 |2738 | 309k|  2 |9612 |  11 | 0.000000e+00 |      --      |    Inf |  13.47%
 2553s| 49000 |  3284 | 14286k| 291.5 |   486M |  40 |1125 |1353 |   0 | 311k|  0 |9629 |  11 | 0.000000e+00 |      --      |    Inf |  13.47%
 2567s| 49100 |  3289 | 14352k| 292.3 |   486M |  40 |1125 |1351 |2773 | 312k|  2 |9653 |  11 | 0.000000e+00 |      --      |    Inf |  13.51%
 2577s| 49200 |  3277 | 14404k| 292.7 |   486M |  40 |1125 |1351 |   0 | 313k|  0 |9691 |  11 | 0.000000e+00 |      --      |    Inf |  13.51%
 2593s| 49300 |  3283 | 14479k| 293.6 |   487M |  40 |1125 |1351 |2945 | 314k|  0 |9715 |  11 | 0.000000e+00 |      --      |    Inf |  13.52%
 2606s| 49400 |  3301 | 14541k| 294.3 |   487M |  40 |1125 |1351 |2437 | 316k|  0 |9727 |  11 | 0.000000e+00 |      --      |    Inf |  13.52%
 2616s| 49500 |  3301 | 14587k| 294.6 |   487M |  40 |1125 |1351 |2899 | 317k|  0 |9752 |  11 | 0.000000e+00 |      --      |    Inf |  13.52%
 2628s| 49600 |  3297 | 14645k| 295.2 |   487M |  40 |1125 |1351 |2890 | 318k|  2 |9789 |  11 | 0.000000e+00 |      --      |    Inf |  13.52%
 2641s| 49700 |  3307 | 14706k| 295.9 |   487M |  40 |1125 |1351 |2713 | 319k|  0 |9804 |  11 | 0.000000e+00 |      --      |    Inf |  13.57%
 time | node  | left  |LP iter|LP it/n|mem/heur|mdpt |vars |cons |rows |cuts |sepa|confs|strbr|  dualbound   | primalbound  |  gap   | compl. 
 2655s| 49800 |  3310 | 14774k| 296.6 |   487M |  40 |1125 |1352 |2913 | 321k|  1 |9818 |  11 | 0.000000e+00 |      --      |    Inf |  13.57%
 2673s| 49900 |  3311 | 14855k| 297.6 |   487M |  40 |1125 |1351 |   0 | 322k|  0 |9837 |  11 | 0.000000e+00 |      --      |    Inf |  13.57%
 2686s| 50000 |  3312 | 14914k| 298.2 |   487M |  40 |1125 |1351 |3022 | 323k|  0 |9850 |  11 | 0.000000e+00 |      --      |    Inf |  13.62%
 2699s| 50100 |  3320 | 14972k| 298.8 |   487M |  40 |1125 |1351 |2533 | 325k|  2 |9867 |  11 | 0.000000e+00 |      --      |    Inf |  13.63%
 2710s| 50200 |  3312 | 15023k| 299.2 |   487M |  40 |1125 |1352 |2598 | 326k|  2 |9892 |  11 | 0.000000e+00 |      --      |    Inf |  13.63%
 2722s| 50300 |  3320 | 15085k| 299.9 |   487M |  40 |1125 |1352 |2467 | 327k|  1 |9898 |  11 | 0.000000e+00 |      --      |    Inf |  13.65%
 2734s| 50400 |  3340 | 15141k| 300.4 |   487M |  40 |1125 |1352 |2679 | 329k|  2 |9902 |  11 | 0.000000e+00 |      --      |    Inf |  13.66%
 2747s| 50500 |  3332 | 15200k| 301.0 |   487M |  40 |1125 |1352 |2495 | 330k|  2 |9911 |  11 | 0.000000e+00 |      --      |    Inf |  13.66%
 2760s| 50600 |  3346 | 15260k| 301.5 |   488M |  40 |1125 |1352 |2734 | 332k|  0 |9930 |  11 | 0.000000e+00 |      --      |    Inf |  13.67%
 2771s| 50700 |  3362 | 15312k| 302.0 |   489M |  40 |1125 |1352 |2803 | 333k|  2 |9936 |  11 | 0.000000e+00 |      --      |    Inf |  13.67%
 2781s| 50800 |  3359 | 15361k| 302.3 |   489M |  40 |1125 |1353 |2596 | 333k|  2 |9947 |  11 | 0.000000e+00 |      --      |    Inf |  13.67%
 2798s| 50900 |  3372 | 15438k| 303.3 |   489M |  40 |1125 |1353 |2976 | 335k|  2 |9958 |  11 | 0.000000e+00 |      --      |    Inf |  13.67%
 2810s| 51000 |  3365 | 15495k| 303.8 |   490M |  40 |1125 |1353 |2649 | 335k|  0 |  10k|  11 | 0.000000e+00 |      --      |    Inf |  13.67%
 2824s| 51100 |  3384 | 15565k| 304.5 |   490M |  40 |1125 |1352 |2637 | 337k|  2 |  10k|  11 | 0.000000e+00 |      --      |    Inf |  13.68%
 2832s| 51200 |  3394 | 15621k| 305.1 |   490M |  40 |1125 |1352 |2746 | 339k|  2 |  10k|  11 | 0.000000e+00 |      --      |    Inf |  13.70%
 time | node  | left  |LP iter|LP it/n|mem/heur|mdpt |vars |cons |rows |cuts |sepa|confs|strbr|  dualbound   | primalbound  |  gap   | compl. 
 2836s| 51300 |  3401 | 15673k| 305.5 |   490M |  40 |1125 |1352 |2878 | 340k|  1 |  10k|  11 | 0.000000e+00 |      --      |    Inf |  13.70%
 2841s| 51400 |  3392 | 15729k| 306.0 |   491M |  40 |1125 |1352 |2472 | 340k|  0 |  10k|  11 | 0.000000e+00 |      --      |    Inf |  13.70%
 2848s| 51500 |  3394 | 15805k| 306.8 |   491M |  40 |1125 |1352 |2798 | 342k|  2 |  10k|  11 | 0.000000e+00 |      --      |    Inf |  13.72%
 2854s| 51600 |  3394 | 15876k| 307.6 |   491M |  40 |1125 |1352 |2429 | 344k|  2 |  10k|  11 | 0.000000e+00 |      --      |    Inf |  13.73%
 2860s| 51700 |  3406 | 15937k| 308.2 |   491M |  40 |1125 |1352 |2643 | 345k|  0 |  10k|  11 | 0.000000e+00 |      --      |    Inf |  13.74%
 2863s| 51800 |  3404 | 15978k| 308.4 |   491M |  40 |1125 |1353 |2796 | 346k|  0 |  10k|  11 | 0.000000e+00 |      --      |    Inf |  13.74%
 2879s| 51900 |  3396 | 16062k| 309.4 |   492M |  40 |1125 |1353 |2755 | 348k|  1 |  10k|  11 | 0.000000e+00 |      --      |    Inf |  13.75%
 2893s| 52000 |  3399 | 16124k| 310.0 |   493M |  40 |1125 |1353 |2739 | 349k|  0 |  10k|  11 | 0.000000e+00 |      --      |    Inf |  13.76%
 2903s| 52100 |  3405 | 16173k| 310.4 |   493M |  40 |1125 |1353 |   0 | 350k|  0 |  10k|  11 | 0.000000e+00 |      --      |    Inf |  13.76%
 2916s| 52200 |  3417 | 16234k| 311.0 |   494M |  40 |1125 |1353 |2674 | 351k|  2 |  10k|  11 | 0.000000e+00 |      --      |    Inf |  13.78%
 2927s| 52300 |  3408 | 16284k| 311.3 |   494M |  40 |1125 |1353 |2706 | 352k|  0 |  10k|  11 | 0.000000e+00 |      --      |    Inf |  13.80%
 2937s| 52400 |  3425 | 16335k| 311.7 |   494M |  40 |1125 |1353 |2659 | 354k|  2 |  10k|  11 | 0.000000e+00 |      --      |    Inf |  14.59%
 2954s| 52500 |  3444 | 16410k| 312.5 |   495M |  40 |1125 |1353 |3056 | 356k|  2 |  10k|  11 | 0.000000e+00 |      --      |    Inf |  14.60%
 2967s| 52600 |  3448 | 16469k| 313.1 |   497M |  40 |1125 |1352 |3158 | 356k|  0 |  10k|  11 | 0.000000e+00 |      --      |    Inf |  14.60%
 2981s| 52700 |  3455 | 16528k| 313.6 |   500M |  40 |1125 |1352 |   0 | 357k|  0 |  10k|  11 | 0.000000e+00 |      --      |    Inf |  14.60%
 time | node  | left  |LP iter|LP it/n|mem/heur|mdpt |vars |cons |rows |cuts |sepa|confs|strbr|  dualbound   | primalbound  |  gap   | compl. 
 2994s| 52800 |  3457 | 16586k| 314.1 |   502M |  40 |1125 |1352 |3233 | 357k|  2 |  10k|  11 | 0.000000e+00 |      --      |    Inf |  14.60%
 3008s| 52900 |  3454 | 16650k| 314.7 |   504M |  40 |1125 |1351 |3266 | 358k|  0 |  10k|  11 | 0.000000e+00 |      --      |    Inf |  14.60%
 3019s| 53000 |  3454 | 16701k| 315.1 |   504M |  40 |1125 |1353 |2912 | 359k|  2 |  10k|  11 | 0.000000e+00 |      --      |    Inf |  14.60%
 3035s| 53100 |  3451 | 16773k| 315.8 |   505M |  40 |1125 |1351 |2814 | 360k|  0 |  10k|  11 | 0.000000e+00 |      --      |    Inf |  14.66%
 3046s| 53200 |  3452 | 16824k| 316.2 |   506M |  40 |1125 |1351 |2669 | 361k|  0 |  10k|  11 | 0.000000e+00 |      --      |    Inf |  14.67%
 3060s| 53300 |  3457 | 16888k| 316.8 |   506M |  40 |1125 |1352 |2560 | 362k|  2 |  10k|  11 | 0.000000e+00 |      --      |    Inf |  14.67%
 3072s| 53400 |  3463 | 16943k| 317.2 |   507M |  40 |1125 |1352 |3066 | 363k|  2 |  10k|  11 | 0.000000e+00 |      --      |    Inf |  14.67%
 3082s| 53500 |  3465 | 16993k| 317.6 |   507M |  40 |1125 |1352 |3082 | 364k|  3 |  10k|  11 | 0.000000e+00 |      --      |    Inf |  14.67%
 3092s| 53600 |  3468 | 17041k| 317.9 |   507M |  40 |1125 |1352 |2676 | 365k|  2 |  10k|  11 | 0.000000e+00 |      --      |    Inf |  14.69%
 3106s| 53700 |  3480 | 17107k| 318.5 |   507M |  40 |1125 |1352 |2875 | 367k|  2 |  10k|  11 | 0.000000e+00 |      --      |    Inf |  14.70%
 3120s| 53800 |  3484 | 17172k| 319.1 |   507M |  40 |1125 |1352 |2958 | 368k|  2 |  10k|  11 | 0.000000e+00 |      --      |    Inf |  14.70%
 3132s| 53900 |  3492 | 17230k| 319.6 |   507M |  40 |1125 |1352 |2722 | 369k|  0 |  10k|  11 | 0.000000e+00 |      --      |    Inf |  14.72%
 3142s| 54000 |  3487 | 17277k| 319.9 |   507M |  40 |1125 |1352 |2628 | 370k|  2 |  10k|  11 | 0.000000e+00 |      --      |    Inf |  14.82%
 3160s| 54100 |  3490 | 17358k| 320.8 |   507M |  40 |1125 |1352 |3014 | 372k|  2 |  10k|  11 | 0.000000e+00 |      --      |    Inf |  14.83%
 3173s| 54200 |  3480 | 17419k| 321.3 |   507M |  40 |1125 |1351 |   0 | 373k|  0 |  10k|  11 | 0.000000e+00 |      --      |    Inf |  14.83%
 time | node  | left  |LP iter|LP it/n|mem/heur|mdpt |vars |cons |rows |cuts |sepa|confs|strbr|  dualbound   | primalbound  |  gap   | compl. 
 3184s| 54300 |  3489 | 17474k| 321.8 |   508M |  40 |1125 |1351 |2478 | 374k|  0 |  10k|  11 | 0.000000e+00 |      --      |    Inf |  14.87%
 3197s| 54400 |  3492 | 17533k| 322.3 |   509M |  40 |1125 |1351 |2754 | 376k|  2 |  10k|  11 | 0.000000e+00 |      --      |    Inf |  14.88%
 3210s| 54500 |  3498 | 17594k| 322.8 |   509M |  40 |1125 |1351 |3054 | 377k|  2 |  10k|  11 | 0.000000e+00 |      --      |    Inf |  14.88%
 3220s| 54600 |  3510 | 17641k| 323.0 |   509M |  40 |1125 |1351 |   0 | 377k|  0 |  10k|  11 | 0.000000e+00 |      --      |    Inf |  14.88%
 3230s| 54700 |  3503 | 17689k| 323.3 |   509M |  40 |1125 |1351 |2624 | 378k|  2 |  10k|  11 | 0.000000e+00 |      --      |    Inf |  14.91%
 3242s| 54800 |  3510 | 17744k| 323.8 |   510M |  40 |1125 |1352 |2795 | 379k|  2 |  10k|  11 | 0.000000e+00 |      --      |    Inf |  14.92%
 3257s| 54900 |  3504 | 17812k| 324.4 |   510M |  40 |1125 |1353 |2916 | 381k|  0 |  10k|  11 | 0.000000e+00 |      --      |    Inf |  14.93%
 3268s| 55000 |  3496 | 17868k| 324.8 |   510M |  40 |1125 |1352 |2561 | 382k|  2 |  10k|  11 | 0.000000e+00 |      --      |    Inf |  14.94%
 3278s| 55100 |  3492 | 17916k| 325.1 |   510M |  40 |1125 |1352 |2748 | 383k|  0 |  10k|  11 | 0.000000e+00 |      --      |    Inf |  14.95%
 3289s| 55200 |  3479 | 17965k| 325.4 |   511M |  40 |1125 |1351 |   0 | 383k|  0 |  10k|  11 | 0.000000e+00 |      --      |    Inf |  14.98%
 3299s| 55300 |  3484 | 18008k| 325.6 |   513M |  40 |1125 |1351 |   0 | 384k|  0 |  10k|  11 | 0.000000e+00 |      --      |    Inf |  14.99%
 3308s| 55400 |  3479 | 18052k| 325.8 |   513M |  40 |1125 |1353 |2482 | 385k|  0 |  10k|  11 | 0.000000e+00 |      --      |    Inf |  14.99%
 3320s| 55500 |  3481 | 18109k| 326.3 |   514M |  40 |1125 |1353 |2947 | 386k|  2 |  10k|  11 | 0.000000e+00 |      --      |    Inf |  14.99%
 3331s| 55600 |  3480 | 18160k| 326.6 |   515M |  40 |1125 |1353 |3004 | 387k|  2 |  10k|  11 | 0.000000e+00 |      --      |    Inf |  15.00%
 3341s| 55700 |  3479 | 18205k| 326.8 |   515M |  40 |1125 |1352 |2721 | 387k|  2 |  11k|  11 | 0.000000e+00 |      --      |    Inf |  15.00%
 time | node  | left  |LP iter|LP it/n|mem/heur|mdpt |vars |cons |rows |cuts |sepa|confs|strbr|  dualbound   | primalbound  |  gap   | compl. 
 3352s| 55800 |  3472 | 18259k| 327.2 |   515M |  40 |1125 |1352 |   0 | 388k|  0 |  11k|  11 | 0.000000e+00 |      --      |    Inf |  15.01%
 3365s| 55900 |  3474 | 18320k| 327.7 |   515M |  40 |1125 |1351 |2902 | 390k|  0 |  11k|  11 | 0.000000e+00 |      --      |    Inf |  15.01%
 3383s| 56000 |  3499 | 18403k| 328.6 |   515M |  40 |1125 |1350 |2642 | 392k|  2 |  11k|  11 | 0.000000e+00 |      --      |    Inf |  15.01%
 3396s| 56100 |  3491 | 18469k| 329.2 |   515M |  40 |1125 |1350 |2675 | 394k|  2 |  11k|  11 | 0.000000e+00 |      --      |    Inf |  15.01%
 3405s| 56200 |  3506 | 18512k| 329.4 |   515M |  40 |1125 |1350 |2566 | 395k|  0 |  11k|  11 | 0.000000e+00 |      --      |    Inf |  15.03%
 3419s| 56300 |  3507 | 18582k| 330.0 |   515M |  40 |1125 |1350 |   0 | 397k|  0 |  11k|  11 | 0.000000e+00 |      --      |    Inf |  15.05%
 3432s| 56400 |  3502 | 18642k| 330.5 |   515M |  40 |1125 |1350 |2731 | 398k|  0 |  11k|  11 | 0.000000e+00 |      --      |    Inf |  15.08%
 3445s| 56500 |  3509 | 18704k| 331.0 |   515M |  40 |1125 |1350 |2845 | 399k|  1 |  11k|  11 | 0.000000e+00 |      --      |    Inf |  15.08%
 3457s| 56600 |  3506 | 18762k| 331.4 |   515M |  40 |1125 |1350 |2627 | 400k|  2 |  11k|  11 | 0.000000e+00 |      --      |    Inf |  15.09%
 3468s| 56700 |  3514 | 18813k| 331.8 |   515M |  40 |1125 |1350 |2690 | 401k|  0 |  11k|  11 | 0.000000e+00 |      --      |    Inf |  15.09%
 3485s| 56800 |  3524 | 18886k| 332.5 |   517M |  40 |1125 |1351 |   0 | 402k|  0 |  11k|  11 | 0.000000e+00 |      --      |    Inf |  15.09%
 3493s| 56900 |  3520 | 18929k| 332.6 |   517M |  40 |1125 |1352 |2377 | 403k|  2 |  11k|  11 | 0.000000e+00 |      --      |    Inf |  15.09%
 3505s| 57000 |  3526 | 18982k| 333.0 |   517M |  40 |1125 |1352 |2649 | 404k|  1 |  11k|  11 | 0.000000e+00 |      --      |    Inf |  15.10%
 3517s| 57100 |  3511 | 19040k| 333.4 |   517M |  40 |1125 |1352 |2956 | 405k|  0 |  11k|  11 | 0.000000e+00 |      --      |    Inf |  15.15%
 3531s| 57200 |  3529 | 19108k| 334.0 |   518M |  40 |1125 |1352 |2461 | 406k|  3 |  11k|  11 | 0.000000e+00 |      --      |    Inf |  15.18%
 time | node  | left  |LP iter|LP it/n|mem/heur|mdpt |vars |cons |rows |cuts |sepa|confs|strbr|  dualbound   | primalbound  |  gap   | compl. 
 3545s| 57300 |  3533 | 19171k| 334.5 |   518M |  40 |1125 |1352 |2775 | 407k|  2 |  11k|  11 | 0.000000e+00 |      --      |    Inf |  15.18%
 3558s| 57400 |  3541 | 19225k| 334.9 |   520M |  40 |1125 |1352 |3501 | 408k|  0 |  11k|  11 | 0.000000e+00 |      --      |    Inf |  15.18%
 3570s| 57500 |  3525 | 19280k| 335.3 |   522M |  40 |1125 |1351 |3044 | 408k|  0 |  11k|  11 | 0.000000e+00 |      --      |    Inf |  15.19%
 3579s| 57600 |  3536 | 19327k| 335.5 |   522M |  40 |1125 |1351 |2777 | 410k|  0 |  11k|  11 | 0.000000e+00 |      --      |    Inf |  15.19%
 3591s| 57700 |  3536 | 19382k| 335.9 |   522M |  40 |1125 |1351 |2952 | 411k|  2 |  11k|  11 | 0.000000e+00 |      --      |    Inf |  15.20%
 3601s| 57800 |  3539 | 19434k| 336.2 |   522M |  40 |1125 |1351 |2742 | 412k|  0 |  11k|  11 | 0.000000e+00 |      --      |    Inf |  15.21%
 3614s| 57900 |  3548 | 19491k| 336.6 |   522M |  40 |1125 |1351 |2986 | 413k|  0 |  11k|  11 | 0.000000e+00 |      --      |    Inf |  15.21%
 3631s| 58000 |  3569 | 19568k| 337.3 |   522M |  40 |1125 |1350 |2651 | 415k|  2 |  11k|  11 | 0.000000e+00 |      --      |    Inf |  15.61%
 3640s| 58100 |  3569 | 19613k| 337.5 |   522M |  40 |1125 |1350 |2785 | 416k|  2 |  11k|  11 | 0.000000e+00 |      --      |    Inf |  15.61%
 3650s| 58200 |  3557 | 19667k| 337.9 |   522M |  40 |1125 |1350 |2717 | 416k|  0 |  11k|  11 | 0.000000e+00 |      --      |    Inf |  15.63%
 3662s| 58300 |  3548 | 19723k| 338.3 |   522M |  40 |1125 |1351 |2821 | 418k|  2 |  11k|  11 | 0.000000e+00 |      --      |    Inf |  15.63%
 3677s| 58400 |  3548 | 19792k| 338.9 |   522M |  40 |1125 |1351 |3204 | 418k|  0 |  11k|  11 | 0.000000e+00 |      --      |    Inf |  15.63%
 3692s| 58500 |  3554 | 19849k| 339.3 |   524M |  40 |1125 |1351 |3169 | 419k|  0 |  11k|  11 | 0.000000e+00 |      --      |    Inf |  15.63%
 3711s| 58600 |  3540 | 19929k| 340.0 |   524M |  40 |1125 |1351 |3398 | 419k|  0 |  11k|  11 | 0.000000e+00 |      --      |    Inf |  15.63%
 3728s| 58700 |  3541 | 20004k| 340.7 |   524M |  40 |1125 |1351 |2982 | 420k|  0 |  11k|  11 | 0.000000e+00 |      --      |    Inf |  15.65%
 time | node  | left  |LP iter|LP it/n|mem/heur|mdpt |vars |cons |rows |cuts |sepa|confs|strbr|  dualbound   | primalbound  |  gap   | compl. 
 3741s| 58800 |  3530 | 20062k| 341.2 |   524M |  40 |1125 |1351 |2827 | 421k|  0 |  11k|  11 | 0.000000e+00 |      --      |    Inf |  15.66%
 3753s| 58900 |  3531 | 20122k| 341.6 |   524M |  40 |1125 |1351 |2699 | 423k|  2 |  11k|  11 | 0.000000e+00 |      --      |    Inf |  15.69%
 3767s| 59000 |  3530 | 20185k| 342.1 |   525M |  40 |1125 |1352 |2637 | 424k|  2 |  11k|  11 | 0.000000e+00 |      --      |    Inf |  15.70%
 3779s| 59100 |  3519 | 20242k| 342.5 |   525M |  40 |1125 |1352 |2730 | 425k|  0 |  11k|  11 | 0.000000e+00 |      --      |    Inf |  15.70%
 3790s| 59200 |  3512 | 20292k| 342.7 |   526M |  40 |1125 |1352 |2563 | 426k|  2 |  11k|  11 | 0.000000e+00 |      --      |    Inf |  15.72%
 3803s| 59300 |  3521 | 20351k| 343.2 |   526M |  40 |1125 |1352 |2884 | 427k|  2 |  11k|  11 | 0.000000e+00 |      --      |    Inf |  15.75%
 3809s| 59400 |  3529 | 20404k| 343.5 |   526M |  40 |1125 |1352 |2763 | 428k|  2 |  11k|  11 | 0.000000e+00 |      --      |    Inf |  15.76%
 3813s| 59500 |  3515 | 20448k| 343.6 |   526M |  40 |1125 |1353 |   0 | 429k|  0 |  11k|  11 | 0.000000e+00 |      --      |    Inf |  15.77%
 3820s| 59600 |  3519 | 20516k| 344.2 |   526M |  40 |1125 |1352 |3019 | 430k|  2 |  11k|  11 | 0.000000e+00 |      --      |    Inf |  15.80%
 3823s| 59700 |  3524 | 20557k| 344.3 |   526M |  40 |1125 |1353 |3039 | 431k|  0 |  11k|  11 | 0.000000e+00 |      --      |    Inf |  15.80%
 3827s| 59800 |  3521 | 20599k| 344.4 |   526M |  40 |1125 |1353 |3139 | 431k|  0 |  11k|  11 | 0.000000e+00 |      --      |    Inf |  15.80%
 3832s| 59900 |  3530 | 20655k| 344.8 |   527M |  40 |1125 |1353 |   0 | 432k|  0 |  11k|  11 | 0.000000e+00 |      --      |    Inf |  15.80%
 3836s| 60000 |  3529 | 20705k| 345.0 |   527M |  40 |1125 |1351 |2872 | 433k|  0 |  11k|  11 | 0.000000e+00 |      --      |    Inf |  15.81%
 3841s| 60100 |  3520 | 20760k| 345.4 |   527M |  40 |1125 |1350 |   0 | 435k|  0 |  12k|  11 | 0.000000e+00 |      --      |    Inf |  15.81%
 3847s| 60200 |  3512 | 20817k| 345.8 |   527M |  40 |1125 |1350 |2657 | 436k|  0 |  12k|  11 | 0.000000e+00 |      --      |    Inf |  15.83%
 time | node  | left  |LP iter|LP it/n|mem/heur|mdpt |vars |cons |rows |cuts |sepa|confs|strbr|  dualbound   | primalbound  |  gap   | compl. 
 3856s| 60300 |  3516 | 20881k| 346.2 |   527M |  40 |1125 |1350 |2995 | 437k|  2 |  12k|  11 | 0.000000e+00 |      --      |    Inf |  15.87%
 3869s| 60400 |  3513 | 20939k| 346.6 |   527M |  40 |1125 |1350 |2773 | 438k|  0 |  12k|  11 | 0.000000e+00 |      --      |    Inf |  15.93%
 3883s| 60500 |  3511 | 21002k| 347.1 |   527M |  40 |1125 |1350 |2767 | 439k|  0 |  12k|  11 | 0.000000e+00 |      --      |    Inf |  15.95%
 3896s| 60600 |  3529 | 21065k| 347.6 |   528M |  40 |1125 |1352 |2889 | 440k|  2 |  12k|  11 | 0.000000e+00 |      --      |    Inf |  15.98%
 3906s| 60700 |  3522 | 21112k| 347.8 |   528M |  40 |1125 |1351 |2814 | 441k|  2 |  12k|  11 | 0.000000e+00 |      --      |    Inf |  15.98%
 3915s| 60800 |  3521 | 21157k| 347.9 |   528M |  40 |1125 |1350 |2677 | 442k|  2 |  12k|  11 | 0.000000e+00 |      --      |    Inf |  15.98%
 3926s| 60900 |  3523 | 21212k| 348.3 |   528M |  40 |1125 |1350 |2787 | 442k|  2 |  12k|  11 | 0.000000e+00 |      --      |    Inf |  15.98%
 3935s| 61000 |  3521 | 21254k| 348.4 |   528M |  40 |1125 |1350 |   0 | 443k|  0 |  12k|  11 | 0.000000e+00 |      --      |    Inf |  15.98%
 3947s| 61100 |  3514 | 21312k| 348.8 |   528M |  40 |1125 |1350 |2892 | 444k|  0 |  12k|  11 | 0.000000e+00 |      --      |    Inf |  16.00%
 3962s| 61200 |  3506 | 21375k| 349.2 |   530M |  40 |1125 |1350 |3078 | 445k|  1 |  12k|  11 | 0.000000e+00 |      --      |    Inf |  16.00%
 3978s| 61300 |  3514 | 21446k| 349.8 |   532M |  40 |1125 |1350 |2850 | 447k|  2 |  12k|  11 | 0.000000e+00 |      --      |    Inf |  16.03%
 3992s| 61400 |  3506 | 21507k| 350.2 |   532M |  40 |1125 |1351 |2969 | 448k|  0 |  12k|  11 | 0.000000e+00 |      --      |    Inf |  16.03%
 4009s| 61500 |  3499 | 21582k| 350.9 |   532M |  40 |1125 |1351 |3027 | 449k|  2 |  12k|  11 | 0.000000e+00 |      --      |    Inf |  16.18%
 4025s| 61600 |  3509 | 21658k| 351.6 |   532M |  40 |1125 |1351 |   0 | 451k|  0 |  12k|  11 | 0.000000e+00 |      --      |    Inf |  16.19%
 4037s| 61700 |  3507 | 21712k| 351.9 |   532M |  40 |1125 |1350 |3079 | 452k|  2 |  12k|  11 | 0.000000e+00 |      --      |    Inf |  16.20%
 time | node  | left  |LP iter|LP it/n|mem/heur|mdpt |vars |cons |rows |cuts |sepa|confs|strbr|  dualbound   | primalbound  |  gap   | compl. 
 4053s| 61800 |  3504 | 21784k| 352.5 |   532M |  40 |1125 |1350 |2981 | 453k|  0 |  12k|  11 | 0.000000e+00 |      --      |    Inf |  16.40%
 4071s| 61900 |  3513 | 21862k| 353.1 |   533M |  40 |1125 |1351 |2937 | 455k|  2 |  12k|  11 | 0.000000e+00 |      --      |    Inf |  16.41%
 4092s| 62000 |  3531 | 21955k| 354.1 |   533M |  40 |1125 |1350 |2791 | 457k|  2 |  12k|  11 | 0.000000e+00 |      --      |    Inf |  16.42%
 4109s| 62100 |  3528 | 22036k| 354.8 |   534M |  40 |1125 |1350 |2609 | 458k|  0 |  12k|  11 | 0.000000e+00 |      --      |    Inf |  16.43%
 4115s| 62200 |  3522 | 22097k| 355.2 |   534M |  40 |1125 |1350 |2767 | 459k|  2 |  12k|  11 | 0.000000e+00 |      --      |    Inf |  16.48%
 4119s| 62300 |  3533 | 22147k| 355.5 |   534M |  40 |1125 |1350 |2434 | 460k|  2 |  12k|  11 | 0.000000e+00 |      --      |    Inf |  16.48%
 4125s| 62400 |  3538 | 22208k| 355.9 |   534M |  40 |1125 |1350 |3104 | 462k|  0 |  12k|  11 | 0.000000e+00 |      --      |    Inf |  16.51%
 4130s| 62500 |  3542 | 22265k| 356.2 |   534M |  40 |1125 |1350 |2864 | 463k|  0 |  12k|  11 | 0.000000e+00 |      --      |    Inf |  16.53%
 4133s| 62600 |  3537 | 22311k| 356.4 |   534M |  40 |1125 |1350 |2515 | 464k|  0 |  12k|  11 | 0.000000e+00 |      --      |    Inf |  16.54%
 4139s| 62700 |  3529 | 22375k| 356.8 |   534M |  40 |1125 |1350 |3050 | 465k|  0 |  12k|  11 | 0.000000e+00 |      --      |    Inf |  16.83%
 4145s| 62800 |  3544 | 22444k| 357.4 |   534M |  40 |1125 |1350 |2945 | 467k|  2 |  12k|  11 | 0.000000e+00 |      --      |    Inf |  16.83%
 4150s| 62900 |  3544 | 22498k| 357.6 |   534M |  40 |1125 |1350 |2711 | 468k|  0 |  12k|  11 | 0.000000e+00 |      --      |    Inf |  16.84%
 4154s| 63000 |  3539 | 22554k| 358.0 |   534M |  40 |1125 |1350 |3081 | 469k|  2 |  12k|  11 | 0.000000e+00 |      --      |    Inf |  16.85%
 4160s| 63100 |  3548 | 22621k| 358.5 |   534M |  40 |1125 |1350 |2907 | 470k|  0 |  12k|  11 | 0.000000e+00 |      --      |    Inf |  16.85%
 4166s| 63200 |  3530 | 22688k| 359.0 |   534M |  40 |1125 |1350 |2839 | 471k|  2 |  12k|  11 | 0.000000e+00 |      --      |    Inf |  16.86%
 time | node  | left  |LP iter|LP it/n|mem/heur|mdpt |vars |cons |rows |cuts |sepa|confs|strbr|  dualbound   | primalbound  |  gap   | compl. 
 4170s| 63300 |  3534 | 22737k| 359.2 |   534M |  40 |1125 |1350 |2962 | 472k|  0 |  12k|  11 | 0.000000e+00 |      --      |    Inf |  16.89%
 4174s| 63400 |  3527 | 22787k| 359.4 |   534M |  40 |1125 |1350 |3056 | 473k|  0 |  12k|  11 | 0.000000e+00 |      --      |    Inf |  16.89%
 4179s| 63500 |  3518 | 22843k| 359.7 |   534M |  40 |1125 |1350 |2890 | 474k|  0 |  12k|  11 | 0.000000e+00 |      --      |    Inf |  16.89%
 4184s| 63600 |  3511 | 22897k| 360.0 |   534M |  40 |1125 |1350 |2875 | 475k|  2 |  12k|  11 | 0.000000e+00 |      --      |    Inf |  16.91%
 4191s| 63700 |  3524 | 22975k| 360.6 |   535M |  40 |1125 |1350 |3077 | 476k|  2 |  12k|  11 | 0.000000e+00 |      --      |    Inf |  16.91%
 4197s| 63800 |  3520 | 23039k| 361.1 |   536M |  40 |1125 |1350 |3150 | 476k|  1 |  12k|  11 | 0.000000e+00 |      --      |    Inf |  16.92%
 4203s| 63900 |  3519 | 23099k| 361.5 |   537M |  40 |1125 |1350 |3148 | 477k|  0 |  12k|  11 | 0.000000e+00 |      --      |    Inf |  16.95%
 4208s| 64000 |  3514 | 23152k| 361.7 |   539M |  40 |1125 |1350 |2729 | 478k|  2 |  12k|  11 | 0.000000e+00 |      --      |    Inf |  16.95%
 4212s| 64100 |  3507 | 23190k| 361.7 |   539M |  40 |1125 |1351 |2603 | 479k|  1 |  12k|  11 | 0.000000e+00 |      --      |    Inf |  16.96%
 4214s| 64200 |  3516 | 23214k| 361.5 |   539M |  40 |1125 |1351 |2513 | 479k|  0 |  13k|  11 | 0.000000e+00 |      --      |    Inf |  16.97%
 4217s| 64300 |  3536 | 23254k| 361.6 |   539M |  40 |1125 |1350 |2432 | 480k|  1 |  13k|  11 | 0.000000e+00 |      --      |    Inf |  16.98%
 4220s| 64400 |  3551 | 23285k| 361.5 |   539M |  40 |1125 |1350 |2466 | 481k|  0 |  13k|  11 | 0.000000e+00 |      --      |    Inf |  16.98%
 4223s| 64500 |  3555 | 23313k| 361.4 |   539M |  40 |1125 |1350 |2550 | 482k|  2 |  13k|  11 | 0.000000e+00 |      --      |    Inf |  16.98%
 4226s| 64600 |  3559 | 23338k| 361.2 |   539M |  40 |1125 |1351 |2541 | 483k|  0 |  13k|  11 | 0.000000e+00 |      --      |    Inf |  16.99%
 4228s| 64700 |  3540 | 23361k| 361.0 |   539M |  40 |1125 |1351 |3295 | 484k|  0 |  13k|  11 | 0.000000e+00 |      --      |    Inf |  16.99%
 time | node  | left  |LP iter|LP it/n|mem/heur|mdpt |vars |cons |rows |cuts |sepa|confs|strbr|  dualbound   | primalbound  |  gap   | compl. 
 4230s| 64800 |  3523 | 23386k| 360.9 |   540M |  40 |1125 |1350 |2369 | 484k|  0 |  13k|  11 | 0.000000e+00 |      --      |    Inf |  17.04%
 4233s| 64900 |  3517 | 23413k| 360.7 |   540M |  40 |1125 |1351 |2740 | 484k|  0 |  13k|  11 | 0.000000e+00 |      --      |    Inf |  17.06%
 4235s| 65000 |  3529 | 23438k| 360.5 |   540M |  40 |1125 |1351 |2924 | 485k|  0 |  13k|  11 | 0.000000e+00 |      --      |    Inf |  17.07%
 4238s| 65100 |  3515 | 23462k| 360.4 |   540M |  40 |1125 |1351 |2609 | 485k|  1 |  13k|  11 | 0.000000e+00 |      --      |    Inf |  17.08%
 4242s| 65200 |  3492 | 23501k| 360.4 |   540M |  40 |1125 |1351 |3132 | 486k|  2 |  13k|  11 | 0.000000e+00 |      --      |    Inf |  17.19%
 4244s| 65300 |  3496 | 23524k| 360.2 |   540M |  40 |1125 |1351 |3022 | 486k|  0 |  13k|  11 | 0.000000e+00 |      --      |    Inf |  17.20%
 4246s| 65400 |  3487 | 23546k| 360.0 |   540M |  40 |1125 |1351 |2823 | 486k|  0 |  13k|  11 | 0.000000e+00 |      --      |    Inf |  17.20%
 4248s| 65500 |  3485 | 23569k| 359.8 |   540M |  40 |1125 |1351 |2862 | 487k|  0 |  13k|  11 | 0.000000e+00 |      --      |    Inf |  17.21%
 4251s| 65600 |  3490 | 23593k| 359.6 |   541M |  40 |1125 |1351 |2492 | 487k|  2 |  13k|  11 | 0.000000e+00 |      --      |    Inf |  17.21%
 4254s| 65700 |  3480 | 23622k| 359.5 |   541M |  40 |1125 |1351 |2513 | 488k|  2 |  13k|  11 | 0.000000e+00 |      --      |    Inf |  17.22%
 4256s| 65800 |  3471 | 23650k| 359.4 |   541M |  40 |1125 |1351 |2803 | 489k|  0 |  13k|  11 | 0.000000e+00 |      --      |    Inf |  17.28%
 4259s| 65900 |  3473 | 23674k| 359.2 |   541M |  40 |1125 |1351 |2472 | 489k|  2 |  13k|  11 | 0.000000e+00 |      --      |    Inf |  17.30%
 4261s| 66000 |  3467 | 23702k| 359.1 |   541M |  40 |1125 |1351 |2493 | 490k|  1 |  13k|  11 | 0.000000e+00 |      --      |    Inf |  17.31%
 4263s| 66100 |  3457 | 23724k| 358.9 |   541M |  40 |1125 |1353 |3064 | 490k|  2 |  13k|  11 | 0.000000e+00 |      --      |    Inf |  17.33%
 4267s| 66200 |  3454 | 23757k| 358.8 |   541M |  40 |1125 |1353 |2816 | 491k|  0 |  13k|  11 | 0.000000e+00 |      --      |    Inf |  17.33%
 time | node  | left  |LP iter|LP it/n|mem/heur|mdpt |vars |cons |rows |cuts |sepa|confs|strbr|  dualbound   | primalbound  |  gap   | compl. 
 4269s| 66300 |  3461 | 23778k| 358.6 |   541M |  40 |1125 |1353 |2894 | 491k|  2 |  13k|  11 | 0.000000e+00 |      --      |    Inf |  17.33%
 4270s| 66400 |  3464 | 23798k| 358.4 |   541M |  40 |1125 |1354 |2907 | 491k|  2 |  13k|  11 | 0.000000e+00 |      --      |    Inf |  17.33%
 4273s| 66500 |  3470 | 23820k| 358.2 |   541M |  40 |1125 |1353 |2533 | 492k|  2 |  13k|  11 | 0.000000e+00 |      --      |    Inf |  17.33%
 4275s| 66600 |  3484 | 23841k| 357.9 |   541M |  40 |1125 |1352 |2542 | 492k|  0 |  13k|  11 | 0.000000e+00 |      --      |    Inf |  17.33%
 4277s| 66700 |  3470 | 23865k| 357.8 |   541M |  40 |1125 |1353 |2995 | 493k|  2 |  13k|  11 | 0.000000e+00 |      --      |    Inf |  17.35%
 4280s| 66800 |  3470 | 23896k| 357.7 |   541M |  40 |1125 |1352 |2642 | 493k|  0 |  13k|  11 | 0.000000e+00 |      --      |    Inf |  17.35%
 4283s| 66900 |  3462 | 23926k| 357.6 |   541M |  40 |1125 |1352 |2867 | 494k|  2 |  13k|  11 | 0.000000e+00 |      --      |    Inf |  17.36%
 4285s| 67000 |  3474 | 23947k| 357.4 |   541M |  40 |1125 |1351 |3105 | 494k|  1 |  13k|  11 | 0.000000e+00 |      --      |    Inf |  17.36%
 4287s| 67100 |  3474 | 23967k| 357.2 |   541M |  40 |1125 |1351 |2900 | 494k|  0 |  13k|  11 | 0.000000e+00 |      --      |    Inf |  17.36%
 4289s| 67200 |  3476 | 23988k| 356.9 |   541M |  40 |1125 |1351 |2909 | 494k|  2 |  13k|  11 | 0.000000e+00 |      --      |    Inf |  17.36%
 4291s| 67300 |  3492 | 24006k| 356.7 |   541M |  40 |1125 |1351 |2375 | 495k|  2 |  13k|  11 | 0.000000e+00 |      --      |    Inf |  17.37%
 4293s| 67400 |  3501 | 24023k| 356.4 |   541M |  40 |1125 |1351 |2741 | 495k|  0 |  13k|  11 | 0.000000e+00 |      --      |    Inf |  17.42%
 4295s| 67500 |  3511 | 24044k| 356.2 |   541M |  40 |1125 |1351 |2614 | 496k|  1 |  13k|  11 | 0.000000e+00 |      --      |    Inf |  17.47%
 4297s| 67600 |  3514 | 24066k| 356.0 |   541M |  40 |1125 |1351 |2600 | 496k|  2 |  13k|  11 | 0.000000e+00 |      --      |    Inf |  17.48%
 4299s| 67700 |  3500 | 24093k| 355.8 |   541M |  40 |1125 |1351 |2650 | 496k|  2 |  13k|  11 | 0.000000e+00 |      --      |    Inf |  17.49%
 time | node  | left  |LP iter|LP it/n|mem/heur|mdpt |vars |cons |rows |cuts |sepa|confs|strbr|  dualbound   | primalbound  |  gap   | compl. 
 4302s| 67800 |  3497 | 24115k| 355.7 |   541M |  40 |1125 |1351 |2615 | 496k|  1 |  13k|  11 | 0.000000e+00 |      --      |    Inf |  17.55%
 4304s| 67900 |  3504 | 24136k| 355.4 |   542M |  40 |1125 |1351 |2423 | 497k|  2 |  13k|  11 | 0.000000e+00 |      --      |    Inf |  17.57%
 4305s| 68000 |  3503 | 24153k| 355.2 |   542M |  40 |1125 |1351 |3056 | 497k|  2 |  13k|  11 | 0.000000e+00 |      --      |    Inf |  17.60%
 4307s| 68100 |  3496 | 24173k| 354.9 |   542M |  40 |1125 |1351 |3184 | 497k|  0 |  13k|  11 | 0.000000e+00 |      --      |    Inf |  17.61%
 4309s| 68200 |  3492 | 24193k| 354.7 |   542M |  40 |1125 |1352 |2359 | 497k|  0 |  13k|  11 | 0.000000e+00 |      --      |    Inf |  17.62%
 4311s| 68300 |  3471 | 24215k| 354.5 |   542M |  40 |1125 |1353 |2994 | 498k|  2 |  13k|  11 | 0.000000e+00 |      --      |    Inf |  17.67%
 4316s| 68400 |  3479 | 24270k| 354.8 |   542M |  40 |1125 |1353 |3305 | 499k|  1 |  13k|  11 | 0.000000e+00 |      --      |    Inf |  17.69%
 4322s| 68500 |  3493 | 24329k| 355.1 |   543M |  40 |1125 |1353 |2755 | 500k|  0 |  13k|  11 | 0.000000e+00 |      --      |    Inf |  17.72%
 4331s| 68600 |  3491 | 24416k| 355.9 |   544M |  40 |1125 |1351 |3113 | 501k|  0 |  13k|  11 | 0.000000e+00 |      --      |    Inf |  17.73%
 4335s| 68700 |  3482 | 24463k| 356.1 |   544M |  40 |1125 |1351 |2984 | 502k|  0 |  13k|  11 | 0.000000e+00 |      --      |    Inf |  17.73%
 4340s| 68800 |  3475 | 24518k| 356.3 |   544M |  40 |1125 |1352 |2800 | 503k|  2 |  13k|  11 | 0.000000e+00 |      --      |    Inf |  17.95%
 4346s| 68900 |  3472 | 24584k| 356.8 |   544M |  40 |1125 |1352 |2834 | 504k|  2 |  14k|  11 | 0.000000e+00 |      --      |    Inf |  17.96%
 4352s| 69000 |  3471 | 24638k| 357.0 |   544M |  40 |1125 |1352 |2888 | 505k|  1 |  14k|  11 | 0.000000e+00 |      --      |    Inf |  17.96%
 4358s| 69100 |  3470 | 24704k| 357.5 |   544M |  40 |1125 |1352 |3039 | 506k|  2 |  14k|  11 | 0.000000e+00 |      --      |    Inf |  17.96%
 4363s| 69200 |  3460 | 24759k| 357.8 |   544M |  40 |1125 |1352 |2627 | 507k|  0 |  14k|  11 | 0.000000e+00 |      --      |    Inf |  17.97%
 time | node  | left  |LP iter|LP it/n|mem/heur|mdpt |vars |cons |rows |cuts |sepa|confs|strbr|  dualbound   | primalbound  |  gap   | compl. 
 4368s| 69300 |  3451 | 24811k| 358.0 |   544M |  40 |1125 |1352 |3204 | 507k|  0 |  14k|  11 | 0.000000e+00 |      --      |    Inf |  17.98%
 4374s| 69400 |  3437 | 24871k| 358.3 |   544M |  40 |1125 |1352 |3172 | 508k|  2 |  14k|  11 | 0.000000e+00 |      --      |    Inf |  17.99%
 4378s| 69500 |  3433 | 24913k| 358.4 |   544M |  40 |1125 |1352 |2802 | 509k|  0 |  14k|  11 | 0.000000e+00 |      --      |    Inf |  17.99%
 4385s| 69600 |  3428 | 24986k| 359.0 |   545M |  40 |1125 |1352 |2889 | 511k|  2 |  14k|  11 | 0.000000e+00 |      --      |    Inf |  18.01%
 4390s| 69700 |  3431 | 25038k| 359.2 |   545M |  40 |1125 |1352 |3261 | 512k|  1 |  14k|  11 | 0.000000e+00 |      --      |    Inf |  18.03%
 4395s| 69800 |  3425 | 25087k| 359.4 |   546M |  40 |1125 |1353 |3010 | 512k|  0 |  14k|  11 | 0.000000e+00 |      --      |    Inf |  18.04%
 4401s| 69900 |  3444 | 25151k| 359.8 |   546M |  40 |1125 |1352 |2700 | 514k|  2 |  14k|  11 | 0.000000e+00 |      --      |    Inf |  18.08%
 4407s| 70000 |  3451 | 25212k| 360.1 |   546M |  40 |1125 |1351 |2490 | 515k|  0 |  14k|  11 | 0.000000e+00 |      --      |    Inf |  18.12%
 4412s| 70100 |  3443 | 25268k| 360.4 |   547M |  40 |1125 |1351 |2624 | 516k|  2 |  14k|  11 | 0.000000e+00 |      --      |    Inf |  18.18%
 4417s| 70200 |  3432 | 25317k| 360.6 |   547M |  40 |1125 |1351 |2468 | 517k|  2 |  14k|  11 | 0.000000e+00 |      --      |    Inf |  18.20%
 4423s| 70300 |  3423 | 25383k| 361.0 |   547M |  40 |1125 |1351 |3000 | 518k|  0 |  14k|  11 | 0.000000e+00 |      --      |    Inf |  18.24%
 4429s| 70400 |  3426 | 25445k| 361.4 |   548M |  40 |1125 |1351 |2736 | 520k|  0 |  14k|  11 | 0.000000e+00 |      --      |    Inf |  18.28%
 4433s| 70500 |  3422 | 25491k| 361.5 |   548M |  40 |1125 |1351 |2438 | 520k|  2 |  14k|  11 | 0.000000e+00 |      --      |    Inf |  18.32%
 4439s| 70600 |  3432 | 25551k| 361.9 |   548M |  40 |1125 |1352 |2846 | 522k|  2 |  14k|  11 | 0.000000e+00 |      --      |    Inf |  18.38%
 4445s| 70700 |  3447 | 25614k| 362.3 |   548M |  40 |1125 |1351 |2746 | 523k|  2 |  14k|  11 | 0.000000e+00 |      --      |    Inf |  18.40%
 time | node  | left  |LP iter|LP it/n|mem/heur|mdpt |vars |cons |rows |cuts |sepa|confs|strbr|  dualbound   | primalbound  |  gap   | compl. 
 4450s| 70800 |  3459 | 25670k| 362.5 |   548M |  40 |1125 |1351 |2659 | 525k|  2 |  14k|  11 | 0.000000e+00 |      --      |    Inf |  18.40%
 4454s| 70900 |  3463 | 25709k| 362.6 |   548M |  40 |1125 |1351 |   0 | 525k|  0 |  14k|  11 | 0.000000e+00 |      --      |    Inf |  18.40%
 4458s| 71000 |  3470 | 25752k| 362.7 |   548M |  40 |1125 |1351 |2657 | 526k|  0 |  14k|  11 | 0.000000e+00 |      --      |    Inf |  18.40%
 4461s| 71100 |  3458 | 25794k| 362.8 |   548M |  40 |1125 |1352 |   0 | 527k|  0 |  14k|  11 | 0.000000e+00 |      --      |    Inf |  18.41%
 4466s| 71200 |  3460 | 25845k| 363.0 |   548M |  40 |1125 |1353 |3078 | 528k|  2 |  14k|  11 | 0.000000e+00 |      --      |    Inf |  18.44%
 4475s| 71300 |  3464 | 25925k| 363.6 |   550M |  40 |1125 |1352 |3327 | 529k|  0 |  14k|  11 | 0.000000e+00 |      --      |    Inf |  18.45%
 4482s| 71400 |  3476 | 25998k| 364.1 |   550M |  40 |1125 |1352 |3030 | 530k|  2 |  14k|  11 | 0.000000e+00 |      --      |    Inf |  18.46%
 4487s| 71500 |  3475 | 26061k| 364.5 |   550M |  40 |1125 |1352 |3035 | 531k|  2 |  14k|  11 | 0.000000e+00 |      --      |    Inf |  18.47%
 4493s| 71600 |  3484 | 26116k| 364.7 |   550M |  40 |1125 |1352 |2733 | 532k|  2 |  14k|  11 | 0.000000e+00 |      --      |    Inf |  18.57%
 4497s| 71700 |  3479 | 26163k| 364.9 |   550M |  40 |1125 |1351 |   0 | 533k|  0 |  14k|  11 | 0.000000e+00 |      --      |    Inf |  18.58%
 4502s| 71800 |  3476 | 26220k| 365.2 |   551M |  40 |1125 |1351 |3313 | 534k|  2 |  14k|  11 | 0.000000e+00 |      --      |    Inf |  18.60%
 4508s| 71900 |  3476 | 26275k| 365.4 |   551M |  40 |1125 |1351 |2822 | 535k|  2 |  14k|  11 | 0.000000e+00 |      --      |    Inf |  18.65%
 4513s| 72000 |  3488 | 26334k| 365.7 |   551M |  40 |1125 |1351 |2751 | 536k|  2 |  14k|  11 | 0.000000e+00 |      --      |    Inf |  18.76%
 4518s| 72100 |  3497 | 26389k| 366.0 |   551M |  40 |1125 |1351 |2830 | 537k|  0 |  14k|  11 | 0.000000e+00 |      --      |    Inf |  18.76%
 4526s| 72200 |  3511 | 26466k| 366.5 |   551M |  40 |1125 |1351 |2917 | 539k|  2 |  14k|  11 | 0.000000e+00 |      --      |    Inf |  18.77%
 time | node  | left  |LP iter|LP it/n|mem/heur|mdpt |vars |cons |rows |cuts |sepa|confs|strbr|  dualbound   | primalbound  |  gap   | compl. 
 4534s| 72300 |  3516 | 26548k| 367.2 |   551M |  40 |1125 |1351 |3138 | 540k|  0 |  14k|  11 | 0.000000e+00 |      --      |    Inf |  18.77%
 4540s| 72400 |  3500 | 26607k| 367.5 |   551M |  40 |1125 |1351 |2503 | 541k|  0 |  14k|  11 | 0.000000e+00 |      --      |    Inf |  18.77%
 4544s| 72500 |  3495 | 26656k| 367.6 |   551M |  40 |1125 |1352 |2806 | 542k|  0 |  14k|  11 | 0.000000e+00 |      --      |    Inf |  18.78%
 4549s| 72600 |  3501 | 26708k| 367.8 |   551M |  40 |1125 |1351 |2898 | 542k|  2 |  14k|  11 | 0.000000e+00 |      --      |    Inf |  18.79%
 4555s| 72700 |  3477 | 26769k| 368.2 |   552M |  40 |1125 |1352 |3314 | 543k|  0 |  14k|  11 | 0.000000e+00 |      --      |    Inf |  18.80%
 4559s| 72800 |  3497 | 26813k| 368.3 |   552M |  40 |1125 |1353 |2805 | 544k|  2 |  14k|  11 | 0.000000e+00 |      --      |    Inf |  18.85%
 4564s| 72900 |  3494 | 26869k| 368.5 |   553M |  40 |1125 |1354 |2593 | 545k|  0 |  14k|  11 | 0.000000e+00 |      --      |    Inf |  18.87%
 4570s| 73000 |  3493 | 26928k| 368.8 |   553M |  40 |1125 |1353 |2637 | 547k|  2 |  14k|  11 | 0.000000e+00 |      --      |    Inf |  18.88%
 4575s| 73100 |  3480 | 26987k| 369.2 |   553M |  40 |1125 |1352 |2641 | 548k|  0 |  14k|  11 | 0.000000e+00 |      --      |    Inf |  18.90%
 4579s| 73200 |  3475 | 27032k| 369.3 |   553M |  40 |1125 |1352 |2405 | 548k|  0 |  14k|  11 | 0.000000e+00 |      --      |    Inf |  18.95%
 4585s| 73300 |  3481 | 27094k| 369.6 |   553M |  40 |1125 |1352 |2567 | 550k|  1 |  14k|  11 | 0.000000e+00 |      --      |    Inf |  19.03%
 4590s| 73400 |  3481 | 27150k| 369.9 |   553M |  40 |1125 |1352 |3122 | 550k|  0 |  14k|  11 | 0.000000e+00 |      --      |    Inf |  19.04%
 4599s| 73500 |  3475 | 27229k| 370.4 |   554M |  40 |1125 |1353 |2912 | 551k|  0 |  14k|  11 | 0.000000e+00 |      --      |    Inf |  19.14%
 4606s| 73600 |  3475 | 27294k| 370.8 |   554M |  40 |1125 |1353 |2964 | 552k|  0 |  14k|  11 | 0.000000e+00 |      --      |    Inf |  19.15%
 4611s| 73700 |  3469 | 27353k| 371.1 |   554M |  40 |1125 |1352 |2835 | 553k|  0 |  14k|  11 | 0.000000e+00 |      --      |    Inf |  19.24%
 time | node  | left  |LP iter|LP it/n|mem/heur|mdpt |vars |cons |rows |cuts |sepa|confs|strbr|  dualbound   | primalbound  |  gap   | compl. 
 4616s| 73800 |  3472 | 27403k| 371.3 |   554M |  40 |1125 |1352 |2552 | 554k|  2 |  14k|  11 | 0.000000e+00 |      --      |    Inf |  19.24%
 4622s| 73900 |  3466 | 27463k| 371.6 |   554M |  40 |1125 |1351 |2936 | 555k|  2 |  14k|  11 | 0.000000e+00 |      --      |    Inf |  19.25%
 4628s| 74000 |  3470 | 27520k| 371.9 |   554M |  40 |1125 |1351 |2940 | 556k|  2 |  14k|  11 | 0.000000e+00 |      --      |    Inf |  19.26%
 4636s| 74100 |  3461 | 27591k| 372.3 |   554M |  40 |1125 |1353 |   0 | 557k|  0 |  14k|  11 | 0.000000e+00 |      --      |    Inf |  19.27%
 4642s| 74200 |  3477 | 27649k| 372.6 |   554M |  40 |1125 |1353 |3117 | 558k|  0 |  14k|  11 | 0.000000e+00 |      --      |    Inf |  19.31%
 4649s| 74300 |  3476 | 27716k| 373.0 |   555M |  40 |1125 |1351 |3201 | 559k|  1 |  15k|  11 | 0.000000e+00 |      --      |    Inf |  19.32%
 4655s| 74400 |  3471 | 27771k| 373.2 |   555M |  40 |1125 |1352 |   0 | 559k|  0 |  15k|  11 | 0.000000e+00 |      --      |    Inf |  19.34%
 4668s| 74500 |  3488 | 27865k| 374.0 |   556M |  40 |1125 |1351 |2876 | 562k|  2 |  15k|  11 | 0.000000e+00 |      --      |    Inf |  19.36%
 4683s| 74600 |  3490 | 27930k| 374.4 |   556M |  40 |1125 |1352 |2887 | 563k|  0 |  15k|  11 | 0.000000e+00 |      --      |    Inf |  19.40%
 4698s| 74700 |  3489 | 28001k| 374.8 |   556M |  40 |1125 |1351 |   0 | 564k|  0 |  15k|  11 | 0.000000e+00 |      --      |    Inf |  19.41%
 4712s| 74800 |  3490 | 28067k| 375.2 |   556M |  40 |1125 |1352 |2736 | 565k|  2 |  15k|  11 | 0.000000e+00 |      --      |    Inf |  19.52%
 4726s| 74900 |  3494 | 28130k| 375.5 |   556M |  40 |1125 |1352 |2788 | 566k|  2 |  15k|  11 | 0.000000e+00 |      --      |    Inf |  19.53%
 4737s| 75000 |  3487 | 28182k| 375.7 |   556M |  40 |1125 |1351 |3017 | 567k|  0 |  15k|  11 | 0.000000e+00 |      --      |    Inf |  19.56%
 4747s| 75100 |  3490 | 28232k| 375.9 |   556M |  40 |1125 |1351 |3296 | 568k|  2 |  15k|  11 | 0.000000e+00 |      --      |    Inf |  19.57%
 4760s| 75200 |  3480 | 28290k| 376.2 |   556M |  40 |1125 |1351 |   0 | 569k|  0 |  15k|  11 | 0.000000e+00 |      --      |    Inf |  19.63%
 time | node  | left  |LP iter|LP it/n|mem/heur|mdpt |vars |cons |rows |cuts |sepa|confs|strbr|  dualbound   | primalbound  |  gap   | compl. 
 4774s| 75300 |  3475 | 28352k| 376.5 |   556M |  40 |1125 |1351 |3143 | 570k|  1 |  15k|  11 | 0.000000e+00 |      --      |    Inf |  19.73%
 4788s| 75400 |  3493 | 28411k| 376.8 |   557M |  40 |1125 |1351 |3166 | 570k|  0 |  15k|  11 | 0.000000e+00 |      --      |    Inf |  19.74%
 4799s| 75500 |  3476 | 28460k| 376.9 |   557M |  40 |1125 |1351 |3188 | 571k|  2 |  15k|  11 | 0.000000e+00 |      --      |    Inf |  19.76%
 4808s| 75600 |  3465 | 28504k| 377.0 |   557M |  40 |1125 |1351 |2951 | 571k|  2 |  15k|  11 | 0.000000e+00 |      --      |    Inf |  19.78%
 4818s| 75700 |  3450 | 28550k| 377.1 |   558M |  40 |1125 |1352 |   0 | 572k|  0 |  15k|  11 | 0.000000e+00 |      --      |    Inf |  19.78%
 4828s| 75800 |  3440 | 28591k| 377.2 |   558M |  40 |1125 |1352 |3016 | 573k|  0 |  15k|  11 | 0.000000e+00 |      --      |    Inf |  19.81%
 4846s| 75900 |  3455 | 28673k| 377.7 |   558M |  40 |1125 |1353 |3121 | 575k|  2 |  15k|  11 | 0.000000e+00 |      --      |    Inf |  19.87%
 4860s| 76000 |  3470 | 28733k| 378.0 |   558M |  40 |1125 |1353 |2605 | 576k|  2 |  15k|  11 | 0.000000e+00 |      --      |    Inf |  19.92%
 4872s| 76100 |  3466 | 28789k| 378.3 |   559M |  40 |1125 |1353 |2732 | 577k|  2 |  15k|  11 | 0.000000e+00 |      --      |    Inf |  19.93%
 4886s| 76200 |  3468 | 28855k| 378.6 |   559M |  40 |1125 |1353 |2894 | 578k|  2 |  15k|  11 | 0.000000e+00 |      --      |    Inf |  19.97%
 4897s| 76300 |  3467 | 28910k| 378.9 |   560M |  40 |1125 |1354 |2981 | 579k|  0 |  15k|  11 | 0.000000e+00 |      --      |    Inf |  19.97%
 4907s| 76400 |  3455 | 28953k| 378.9 |   560M |  40 |1125 |1354 |2698 | 580k|  2 |  15k|  11 | 0.000000e+00 |      --      |    Inf |  19.98%
 4919s| 76500 |  3463 | 29010k| 379.2 |   560M |  40 |1125 |1354 |2511 | 581k|  2 |  15k|  11 | 0.000000e+00 |      --      |    Inf |  19.98%
 4930s| 76600 |  3457 | 29061k| 379.4 |   560M |  40 |1125 |1353 |3108 | 582k|  0 |  15k|  11 | 0.000000e+00 |      --      |    Inf |  20.01%
 4942s| 76700 |  3469 | 29118k| 379.6 |   560M |  40 |1125 |1353 |2493 | 584k|  2 |  15k|  11 | 0.000000e+00 |      --      |    Inf |  20.02%
 time | node  | left  |LP iter|LP it/n|mem/heur|mdpt |vars |cons |rows |cuts |sepa|confs|strbr|  dualbound   | primalbound  |  gap   | compl. 
 4953s| 76800 |  3466 | 29171k| 379.8 |   560M |  40 |1125 |1352 |2997 | 585k|  2 |  15k|  11 | 0.000000e+00 |      --      |    Inf |  20.03%
 4968s| 76900 |  3458 | 29237k| 380.2 |   560M |  40 |1125 |1353 |2857 | 586k|  2 |  15k|  11 | 0.000000e+00 |      --      |    Inf |  20.04%
 4980s| 77000 |  3462 | 29290k| 380.4 |   560M |  40 |1125 |1353 |2800 | 588k|  2 |  15k|  11 | 0.000000e+00 |      --      |    Inf |  20.05%
 4992s| 77100 |  3445 | 29347k| 380.6 |   560M |  40 |1125 |1353 |   0 | 589k|  0 |  15k|  11 | 0.000000e+00 |      --      |    Inf |  20.05%
 5005s| 77200 |  3459 | 29408k| 380.9 |   560M |  40 |1125 |1353 |3211 | 591k|  2 |  15k|  11 | 0.000000e+00 |      --      |    Inf |  20.08%
 5017s| 77300 |  3456 | 29463k| 381.1 |   561M |  40 |1125 |1353 |2421 | 591k|  2 |  15k|  11 | 0.000000e+00 |      --      |    Inf |  20.09%
 5028s| 77400 |  3452 | 29515k| 381.3 |   561M |  40 |1125 |1354 |2722 | 592k|  1 |  15k|  11 | 0.000000e+00 |      --      |    Inf |  20.12%
 5047s| 77500 |  3454 | 29592k| 381.8 |   561M |  40 |1125 |1354 |   0 | 594k|  0 |  15k|  11 | 0.000000e+00 |      --      |    Inf |  20.15%
 5056s| 77600 |  3459 | 29639k| 381.9 |   561M |  40 |1125 |1354 |2904 | 595k|  2 |  15k|  11 | 0.000000e+00 |      --      |    Inf |  20.19%
 5068s| 77700 |  3454 | 29694k| 382.1 |   561M |  40 |1125 |1353 |2835 | 596k|  2 |  15k|  11 | 0.000000e+00 |      --      |    Inf |  20.25%
 5084s| 77800 |  3458 | 29769k| 382.6 |   561M |  40 |1125 |1353 |2820 | 597k|  0 |  15k|  11 | 0.000000e+00 |      --      |    Inf |  20.26%
 5093s| 77900 |  3460 | 29812k| 382.7 |   561M |  40 |1125 |1353 |2831 | 598k|  2 |  15k|  11 | 0.000000e+00 |      --      |    Inf |  20.27%
 5105s| 78000 |  3465 | 29870k| 382.9 |   561M |  40 |1125 |1353 |3200 | 599k|  1 |  15k|  11 | 0.000000e+00 |      --      |    Inf |  20.28%
 5120s| 78100 |  3468 | 29933k| 383.2 |   563M |  40 |1125 |1353 |2877 | 600k|  2 |  15k|  11 | 0.000000e+00 |      --      |    Inf |  20.29%
 5133s| 78200 |  3457 | 29989k| 383.5 |   565M |  40 |1125 |1352 |3180 | 601k|  2 |  15k|  11 | 0.000000e+00 |      --      |    Inf |  20.31%
 time | node  | left  |LP iter|LP it/n|mem/heur|mdpt |vars |cons |rows |cuts |sepa|confs|strbr|  dualbound   | primalbound  |  gap   | compl. 
 5145s| 78300 |  3467 | 30045k| 383.7 |   565M |  40 |1125 |1353 |   0 | 602k|  0 |  15k|  11 | 0.000000e+00 |      --      |    Inf |  20.33%
 5156s| 78400 |  3468 | 30098k| 383.9 |   565M |  40 |1125 |1353 |2701 | 603k|  0 |  15k|  11 | 0.000000e+00 |      --      |    Inf |  20.33%
 5169s| 78500 |  3474 | 30158k| 384.1 |   565M |  40 |1125 |1352 |2723 | 605k|  2 |  15k|  11 | 0.000000e+00 |      --      |    Inf |  20.37%
 5181s| 78600 |  3477 | 30214k| 384.4 |   566M |  40 |1125 |1352 |   0 | 606k|  0 |  15k|  11 | 0.000000e+00 |      --      |    Inf |  20.42%
 5192s| 78700 |  3472 | 30265k| 384.5 |   566M |  40 |1125 |1352 |3096 | 606k|  2 |  15k|  11 | 0.000000e+00 |      --      |    Inf |  20.43%
 5206s| 78800 |  3474 | 30329k| 384.9 |   566M |  40 |1125 |1353 |2750 | 607k|  0 |  15k|  11 | 0.000000e+00 |      --      |    Inf |  20.43%
 5218s| 78900 |  3459 | 30387k| 385.1 |   567M |  40 |1125 |1353 |2636 | 608k|  2 |  15k|  11 | 0.000000e+00 |      --      |    Inf |  20.47%
 5231s| 79000 |  3462 | 30445k| 385.4 |   567M |  40 |1125 |1353 |2626 | 610k|  2 |  15k|  11 | 0.000000e+00 |      --      |    Inf |  20.57%
 5246s| 79100 |  3469 | 30517k| 385.8 |   567M |  40 |1125 |1352 |2836 | 611k|  2 |  15k|  11 | 0.000000e+00 |      --      |    Inf |  20.58%
 5258s| 79200 |  3469 | 30570k| 386.0 |   567M |  40 |1125 |1352 |2881 | 612k|  2 |  16k|  11 | 0.000000e+00 |      --      |    Inf |  20.61%
 5262s| 79300 |  3453 | 30616k| 386.0 |   567M |  40 |1125 |1352 |2995 | 612k|  2 |  16k|  11 | 0.000000e+00 |      --      |    Inf |  20.63%
 5269s| 79400 |  3447 | 30681k| 386.4 |   567M |  40 |1125 |1352 |3290 | 613k|  2 |  16k|  11 | 0.000000e+00 |      --      |    Inf |  20.64%
 5276s| 79500 |  3449 | 30752k| 386.8 |   568M |  40 |1125 |1351 |3122 | 615k|  0 |  16k|  11 | 0.000000e+00 |      --      |    Inf |  20.65%
 5280s| 79600 |  3452 | 30797k| 386.9 |   568M |  40 |1125 |1351 |3213 | 615k|  2 |  16k|  11 | 0.000000e+00 |      --      |    Inf |  20.67%
 5291s| 79700 |  3446 | 30859k| 387.2 |   571M |  40 |1125 |1351 |3275 | 616k|  2 |  16k|  11 | 0.000000e+00 |      --      |    Inf |  20.68%
 time | node  | left  |LP iter|LP it/n|mem/heur|mdpt |vars |cons |rows |cuts |sepa|confs|strbr|  dualbound   | primalbound  |  gap   | compl. 
 5308s| 79800 |  3447 | 30934k| 387.6 |   573M |  40 |1125 |1351 |3200 | 617k|  2 |  16k|  11 | 0.000000e+00 |      --      |    Inf |  20.69%
 5321s| 79900 |  3436 | 30988k| 387.8 |   573M |  40 |1125 |1351 |2810 | 618k|  2 |  16k|  11 | 0.000000e+00 |      --      |    Inf |  20.72%
 5331s| 80000 |  3424 | 31036k| 387.9 |   573M |  40 |1125 |1351 |2690 | 618k|  2 |  16k|  11 | 0.000000e+00 |      --      |    Inf |  20.72%
 5350s| 80100 |  3444 | 31114k| 388.4 |   574M |  40 |1125 |1351 |3203 | 619k|  2 |  16k|  11 | 0.000000e+00 |      --      |    Inf |  20.73%
 5368s| 80200 |  3446 | 31193k| 388.9 |   575M |  40 |1125 |1351 |3161 | 620k|  0 |  16k|  11 | 0.000000e+00 |      --      |    Inf |  20.73%
 5383s| 80300 |  3442 | 31257k| 389.2 |   575M |  40 |1125 |1351 |2661 | 621k|  0 |  16k|  11 | 0.000000e+00 |      --      |    Inf |  20.74%
 5395s| 80400 |  3441 | 31315k| 389.5 |   575M |  40 |1125 |1352 |2781 | 622k|  0 |  16k|  11 | 0.000000e+00 |      --      |    Inf |  20.75%
 5406s| 80500 |  3443 | 31368k| 389.6 |   576M |  40 |1125 |1352 |2747 | 623k|  2 |  16k|  11 | 0.000000e+00 |      --      |    Inf |  20.76%
 5415s| 80600 |  3428 | 31410k| 389.7 |   576M |  40 |1125 |1352 |   0 | 624k|  0 |  16k|  11 | 0.000000e+00 |      --      |    Inf |  20.79%
 5430s| 80700 |  3429 | 31475k| 390.0 |   577M |  40 |1125 |1351 |3164 | 625k|  0 |  16k|  11 | 0.000000e+00 |      --      |    Inf |  20.84%
 5446s| 80800 |  3437 | 31544k| 390.4 |   577M |  40 |1125 |1351 |2944 | 626k|  0 |  16k|  11 | 0.000000e+00 |      --      |    Inf |  20.84%
 5459s| 80900 |  3444 | 31604k| 390.6 |   577M |  40 |1125 |1351 |   0 | 627k|  0 |  16k|  11 | 0.000000e+00 |      --      |    Inf |  20.86%
 5482s| 81000 |  3452 | 31696k| 391.3 |   577M |  40 |1125 |1352 |   0 | 628k|  0 |  16k|  11 | 0.000000e+00 |      --      |    Inf |  20.86%
 5496s| 81100 |  3449 | 31755k| 391.5 |   578M |  40 |1125 |1353 |3390 | 629k|  0 |  16k|  11 | 0.000000e+00 |      --      |    Inf |  20.87%
 5513s| 81200 |  3441 | 31834k| 392.0 |   579M |  40 |1125 |1351 |3045 | 630k|  0 |  16k|  11 | 0.000000e+00 |      --      |    Inf |  20.88%
 time | node  | left  |LP iter|LP it/n|mem/heur|mdpt |vars |cons |rows |cuts |sepa|confs|strbr|  dualbound   | primalbound  |  gap   | compl. 
 5527s| 81300 |  3445 | 31900k| 392.3 |   579M |  40 |1125 |1351 |2864 | 632k|  2 |  16k|  11 | 0.000000e+00 |      --      |    Inf |  20.88%
 5535s| 81400 |  3435 | 31935k| 392.3 |   579M |  40 |1125 |1351 |2594 | 632k|  2 |  16k|  11 | 0.000000e+00 |      --      |    Inf |  20.92%
 5540s| 81500 |  3436 | 31958k| 392.1 |   579M |  40 |1125 |1351 |   0 | 633k|  0 |  16k|  11 | 0.000000e+00 |      --      |    Inf |  20.94%
 5544s| 81600 |  3453 | 31977k| 391.8 |   579M |  40 |1125 |1351 |   0 | 633k|  0 |  16k|  11 | 0.000000e+00 |      --      |    Inf |  20.99%
 5548s| 81700 |  3450 | 31995k| 391.6 |   579M |  40 |1125 |1351 |2740 | 633k|  2 |  16k|  11 | 0.000000e+00 |      --      |    Inf |  21.01%
 5554s| 81800 |  3443 | 32020k| 391.4 |   579M |  40 |1125 |1351 |2717 | 634k|  2 |  16k|  11 | 0.000000e+00 |      --      |    Inf |  21.02%
 5559s| 81900 |  3446 | 32044k| 391.2 |   579M |  40 |1125 |1351 |2902 | 634k|  2 |  16k|  11 | 0.000000e+00 |      --      |    Inf |  21.05%
 5564s| 82000 |  3445 | 32067k| 391.0 |   579M |  40 |1125 |1351 |2984 | 635k|  2 |  16k|  11 | 0.000000e+00 |      --      |    Inf |  21.06%
 5572s| 82100 |  3441 | 32099k| 391.0 |   579M |  40 |1125 |1351 |3079 | 635k|  0 |  16k|  11 | 0.000000e+00 |      --      |    Inf |  21.07%
 5579s| 82200 |  3441 | 32128k| 390.8 |   579M |  40 |1125 |1351 |2416 | 635k|  2 |  16k|  11 | 0.000000e+00 |      --      |    Inf |  21.09%
 5583s| 82300 |  3466 | 32147k| 390.6 |   579M |  40 |1125 |1351 |2400 | 636k|  2 |  16k|  11 | 0.000000e+00 |      --      |    Inf |  21.11%
 5588s| 82400 |  3481 | 32172k| 390.4 |   579M |  40 |1125 |1351 |2427 | 637k|  2 |  16k|  11 | 0.000000e+00 |      --      |    Inf |  21.12%
 5592s| 82500 |  3481 | 32192k| 390.2 |   579M |  40 |1125 |1351 |2560 | 637k|  2 |  16k|  11 | 0.000000e+00 |      --      |    Inf |  21.19%
 5596s| 82600 |  3484 | 32205k| 389.9 |   580M |  40 |1125 |1351 |3110 | 637k|  1 |  16k|  11 | 0.000000e+00 |      --      |    Inf |  21.23%
 5601s| 82700 |  3470 | 32227k| 389.7 |   580M |  40 |1125 |1351 |2638 | 638k|  2 |  16k|  11 | 0.000000e+00 |      --      |    Inf |  21.24%
 time | node  | left  |LP iter|LP it/n|mem/heur|mdpt |vars |cons |rows |cuts |sepa|confs|strbr|  dualbound   | primalbound  |  gap   | compl. 
 5606s| 82800 |  3479 | 32247k| 389.4 |   580M |  40 |1125 |1352 |2833 | 638k|  0 |  16k|  11 | 0.000000e+00 |      --      |    Inf |  21.40%
 5610s| 82900 |  3466 | 32266k| 389.2 |   580M |  40 |1125 |1352 |2700 | 638k|  0 |  16k|  11 | 0.000000e+00 |      --      |    Inf |  21.81%
 5614s| 83000 |  3465 | 32287k| 389.0 |   580M |  40 |1125 |1353 |2719 | 639k|  1 |  16k|  11 | 0.000000e+00 |      --      |    Inf |  21.81%
 5616s| 83100 |  3464 | 32299k| 388.7 |   580M |  40 |1125 |1355 |2687 | 639k|  1 |  16k|  11 | 0.000000e+00 |      --      |    Inf |  21.81%
 5620s| 83200 |  3462 | 32315k| 388.4 |   580M |  40 |1125 |1357 |3041 | 639k|  0 |  16k|  11 | 0.000000e+00 |      --      |    Inf |  21.81%
 5627s| 83300 |  3466 | 32345k| 388.3 |   580M |  40 |1125 |1355 |2858 | 639k|  2 |  16k|  11 | 0.000000e+00 |      --      |    Inf |  21.82%
 5633s| 83400 |  3490 | 32371k| 388.1 |   580M |  40 |1125 |1352 |   0 | 640k|  0 |  16k|  11 | 0.000000e+00 |      --      |    Inf |  21.82%
 5640s| 83500 |  3487 | 32400k| 388.0 |   581M |  40 |1125 |1353 |   0 | 640k|  0 |  16k|  11 | 0.000000e+00 |      --      |    Inf |  21.83%
 5645s| 83600 |  3486 | 32422k| 387.8 |   581M |  40 |1125 |1352 |2896 | 640k|  1 |  16k|  11 | 0.000000e+00 |      --      |    Inf |  21.83%
 5651s| 83700 |  3482 | 32450k| 387.7 |   581M |  40 |1125 |1351 |2917 | 641k|  2 |  16k|  11 | 0.000000e+00 |      --      |    Inf |  21.83%
 5657s| 83800 |  3479 | 32475k| 387.5 |   581M |  40 |1125 |1351 |2970 | 641k|  1 |  16k|  11 | 0.000000e+00 |      --      |    Inf |  21.85%
 5664s| 83900 |  3484 | 32505k| 387.4 |   582M |  40 |1125 |1351 |2898 | 641k|  2 |  16k|  11 | 0.000000e+00 |      --      |    Inf |  21.85%
 5671s| 84000 |  3490 | 32534k| 387.3 |   582M |  40 |1125 |1351 |2755 | 642k|  0 |  16k|  11 | 0.000000e+00 |      --      |    Inf |  21.85%
 5679s| 84100 |  3489 | 32570k| 387.2 |   582M |  40 |1125 |1351 |2918 | 642k|  2 |  16k|  11 | 0.000000e+00 |      --      |    Inf |  21.87%
 5684s| 84200 |  3479 | 32596k| 387.1 |   582M |  40 |1125 |1352 |2777 | 643k|  1 |  16k|  11 | 0.000000e+00 |      --      |    Inf |  21.88%
 time | node  | left  |LP iter|LP it/n|mem/heur|mdpt |vars |cons |rows |cuts |sepa|confs|strbr|  dualbound   | primalbound  |  gap   | compl. 
 5689s| 84300 |  3469 | 32616k| 386.9 |   582M |  40 |1125 |1352 |2941 | 643k|  0 |  17k|  11 | 0.000000e+00 |      --      |    Inf |  21.98%
 5693s| 84400 |  3471 | 32636k| 386.7 |   582M |  40 |1125 |1352 |3030 | 643k|  1 |  17k|  11 | 0.000000e+00 |      --      |    Inf |  21.98%
 5698s| 84500 |  3463 | 32656k| 386.4 |   582M |  40 |1125 |1352 |2472 | 643k|  2 |  17k|  11 | 0.000000e+00 |      --      |    Inf |  21.99%
 5707s| 84600 |  3464 | 32699k| 386.5 |   582M |  40 |1125 |1352 |3108 | 644k|  2 |  17k|  11 | 0.000000e+00 |      --      |    Inf |  22.01%
 5722s| 84700 |  3451 | 32767k| 386.8 |   582M |  40 |1125 |1352 |2484 | 645k|  2 |  17k|  11 | 0.000000e+00 |      --      |    Inf |  22.03%
 5733s| 84800 |  3443 | 32820k| 387.0 |   582M |  40 |1125 |1351 |2728 | 646k|  0 |  17k|  11 | 0.000000e+00 |      --      |    Inf |  22.04%
 5745s| 84900 |  3448 | 32876k| 387.2 |   582M |  40 |1125 |1351 |3030 | 647k|  2 |  17k|  11 | 0.000000e+00 |      --      |    Inf |  22.04%
 5759s| 85000 |  3449 | 32940k| 387.5 |   584M |  40 |1125 |1351 |3585 | 648k|  0 |  17k|  11 | 0.000000e+00 |      --      |    Inf |  22.06%
 5772s| 85100 |  3437 | 33000k| 387.7 |   586M |  40 |1125 |1351 |3256 | 649k|  2 |  17k|  11 | 0.000000e+00 |      --      |    Inf |  22.17%
 5790s| 85200 |  3442 | 33073k| 388.2 |   587M |  40 |1125 |1351 |3250 | 650k|  0 |  17k|  11 | 0.000000e+00 |      --      |    Inf |  22.17%
 5803s| 85300 |  3435 | 33132k| 388.4 |   587M |  40 |1125 |1351 |3292 | 650k|  0 |  17k|  11 | 0.000000e+00 |      --      |    Inf |  22.17%
 5818s| 85400 |  3436 | 33197k| 388.7 |   587M |  40 |1125 |1351 |3331 | 651k|  2 |  17k|  11 | 0.000000e+00 |      --      |    Inf |  22.17%
 5830s| 85500 |  3441 | 33251k| 388.9 |   587M |  40 |1125 |1351 |2735 | 651k|  2 |  17k|  11 | 0.000000e+00 |      --      |    Inf |  22.17%
 5841s| 85600 |  3441 | 33309k| 389.1 |   587M |  40 |1125 |1351 |2746 | 653k|  2 |  17k|  11 | 0.000000e+00 |      --      |    Inf |  22.17%
 5850s| 85700 |  3429 | 33358k| 389.2 |   587M |  40 |1125 |1352 |2667 | 654k|  2 |  17k|  11 | 0.000000e+00 |      --      |    Inf |  22.18%
 time | node  | left  |LP iter|LP it/n|mem/heur|mdpt |vars |cons |rows |cuts |sepa|confs|strbr|  dualbound   | primalbound  |  gap   | compl. 
 5860s| 85800 |  3416 | 33403k| 389.3 |   587M |  40 |1125 |1353 |2735 | 655k|  0 |  17k|  11 | 0.000000e+00 |      --      |    Inf |  22.20%
 5872s| 85900 |  3421 | 33463k| 389.5 |   588M |  40 |1125 |1353 |2771 | 656k|  0 |  17k|  11 | 0.000000e+00 |      --      |    Inf |  22.23%
 5881s| 86000 |  3426 | 33507k| 389.6 |   588M |  40 |1125 |1353 |   0 | 657k|  0 |  17k|  11 | 0.000000e+00 |      --      |    Inf |  22.29%
 5890s| 86100 |  3416 | 33556k| 389.7 |   588M |  40 |1125 |1353 |2993 | 657k|  2 |  17k|  11 | 0.000000e+00 |      --      |    Inf |  22.52%
 5903s| 86200 |  3414 | 33617k| 390.0 |   588M |  40 |1125 |1353 |3833 | 658k|  2 |  17k|  11 | 0.000000e+00 |      --      |    Inf |  22.53%
 5924s| 86300 |  3424 | 33698k| 390.4 |   593M |  40 |1125 |1353 |3887 | 658k|  1 |  17k|  11 | 0.000000e+00 |      --      |    Inf |  22.53%
 5934s| 86400 |  3424 | 33740k| 390.5 |   593M |  40 |1125 |1353 |3870 | 658k|  0 |  17k|  11 | 0.000000e+00 |      --      |    Inf |  22.53%
 5949s| 86500 |  3423 | 33800k| 390.7 |   594M |  40 |1125 |1353 |3874 | 659k|  1 |  17k|  11 | 0.000000e+00 |      --      |    Inf |  22.54%
 5962s| 86600 |  3421 | 33854k| 390.9 |   595M |  40 |1125 |1352 |3878 | 659k|  0 |  17k|  11 | 0.000000e+00 |      --      |    Inf |  22.54%
 5983s| 86700 |  3422 | 33931k| 391.3 |   596M |  40 |1125 |1352 |3874 | 659k|  0 |  17k|  11 | 0.000000e+00 |      --      |    Inf |  22.54%
 5999s| 86800 |  3419 | 33994k| 391.6 |   597M |  40 |1125 |1352 |3872 | 659k|  0 |  17k|  11 | 0.000000e+00 |      --      |    Inf |  22.54%
 6019s| 86900 |  3433 | 34068k| 392.0 |   598M |  40 |1125 |1352 |3892 | 659k|  1 |  17k|  11 | 0.000000e+00 |      --      |    Inf |  22.54%
 6036s| 87000 |  3419 | 34135k| 392.3 |   601M |  40 |1125 |1352 |3841 | 659k|  1 |  17k|  11 | 0.000000e+00 |      --      |    Inf |  22.55%
 6058s| 87100 |  3417 | 34214k| 392.8 |   603M |  40 |1125 |1353 |3875 | 660k|  0 |  17k|  11 | 0.000000e+00 |      --      |    Inf |  22.55%
 6076s| 87200 |  3411 | 34285k| 393.2 |   606M |  40 |1125 |1353 |3899 | 660k|  0 |  17k|  11 | 0.000000e+00 |      --      |    Inf |  22.56%
 time | node  | left  |LP iter|LP it/n|mem/heur|mdpt |vars |cons |rows |cuts |sepa|confs|strbr|  dualbound   | primalbound  |  gap   | compl. 
 6089s| 87300 |  3403 | 34339k| 393.3 |   606M |  40 |1125 |1352 |   0 | 661k|  0 |  17k|  11 | 0.000000e+00 |      --      |    Inf |  22.57%
 6100s| 87400 |  3402 | 34388k| 393.4 |   608M |  40 |1125 |1352 |3948 | 661k|  1 |  17k|  11 | 0.000000e+00 |      --      |    Inf |  22.58%
 6120s| 87500 |  3419 | 34475k| 394.0 |   608M |  40 |1125 |1351 |3156 | 663k|  2 |  17k|  11 | 0.000000e+00 |      --      |    Inf |  22.71%
 6138s| 87600 |  3406 | 34552k| 394.4 |   609M |  40 |1125 |1351 |   0 | 664k|  0 |  17k|  11 | 0.000000e+00 |      --      |    Inf |  22.74%
 6151s| 87700 |  3410 | 34607k| 394.6 |   609M |  40 |1125 |1351 |2804 | 665k|  2 |  17k|  11 | 0.000000e+00 |      --      |    Inf |  22.75%
 6163s| 87800 |  3402 | 34662k| 394.8 |   611M |  40 |1125 |1350 |2822 | 666k|  2 |  17k|  11 | 0.000000e+00 |      --      |    Inf |  22.76%
 6178s| 87900 |  3390 | 34728k| 395.1 |   611M |  40 |1125 |1350 |2704 | 667k|  2 |  17k|  11 | 0.000000e+00 |      --      |    Inf |  22.77%
 6193s| 88000 |  3388 | 34796k| 395.4 |   611M |  40 |1125 |1351 |3205 | 669k|  2 |  17k|  11 | 0.000000e+00 |      --      |    Inf |  22.79%
 6211s| 88100 |  3387 | 34870k| 395.8 |   611M |  40 |1125 |1351 |3166 | 669k|  2 |  17k|  11 | 0.000000e+00 |      --      |    Inf |  22.79%
 6230s| 88200 |  3385 | 34950k| 396.2 |   612M |  40 |1125 |1351 |   0 | 670k|  0 |  17k|  11 | 0.000000e+00 |      --      |    Inf |  22.80%
 6244s| 88300 |  3378 | 35013k| 396.5 |   612M |  40 |1125 |1351 |2992 | 671k|  2 |  17k|  11 | 0.000000e+00 |      --      |    Inf |  22.81%
 6255s| 88400 |  3376 | 35063k| 396.6 |   612M |  40 |1125 |1352 |2630 | 672k|  0 |  17k|  11 | 0.000000e+00 |      --      |    Inf |  22.82%
 6266s| 88500 |  3374 | 35115k| 396.8 |   612M |  40 |1125 |1351 |3234 | 673k|  1 |  17k|  11 | 0.000000e+00 |      --      |    Inf |  22.84%
 6277s| 88600 |  3377 | 35166k| 396.9 |   612M |  40 |1125 |1350 |   0 | 675k|  0 |  17k|  11 | 0.000000e+00 |      --      |    Inf |  22.87%
 6292s| 88700 |  3373 | 35236k| 397.2 |   612M |  40 |1125 |1350 |2851 | 677k|  2 |  17k|  11 | 0.000000e+00 |      --      |    Inf |  22.88%
 time | node  | left  |LP iter|LP it/n|mem/heur|mdpt |vars |cons |rows |cuts |sepa|confs|strbr|  dualbound   | primalbound  |  gap   | compl. 
 6305s| 88800 |  3364 | 35291k| 397.4 |   612M |  40 |1125 |1350 |3044 | 678k|  1 |  17k|  11 | 0.000000e+00 |      --      |    Inf |  22.89%
 6319s| 88900 |  3357 | 35356k| 397.7 |   612M |  40 |1125 |1350 |2768 | 679k|  2 |  17k|  11 | 0.000000e+00 |      --      |    Inf |  22.95%
 6329s| 89000 |  3348 | 35405k| 397.8 |   612M |  40 |1125 |1350 |2678 | 680k|  0 |  17k|  11 | 0.000000e+00 |      --      |    Inf |  22.95%
 6342s| 89100 |  3366 | 35461k| 398.0 |   612M |  40 |1125 |1350 |2798 | 681k|  2 |  17k|  11 | 0.000000e+00 |      --      |    Inf |  23.21%
 6350s| 89200 |  3362 | 35499k| 397.9 |   612M |  40 |1125 |1350 |3395 | 682k|  2 |  18k|  11 | 0.000000e+00 |      --      |    Inf |  23.50%
 6368s| 89300 |  3370 | 35575k| 398.4 |   615M |  40 |1125 |1350 |2923 | 683k|  0 |  18k|  11 | 0.000000e+00 |      --      |    Inf |  23.50%
 6378s| 89400 |  3372 | 35617k| 398.4 |   615M |  40 |1125 |1350 |2994 | 683k|  2 |  18k|  11 | 0.000000e+00 |      --      |    Inf |  23.50%
 6392s| 89500 |  3363 | 35676k| 398.6 |   617M |  40 |1125 |1351 |   0 | 684k|  0 |  18k|  11 | 0.000000e+00 |      --      |    Inf |  23.53%
 6407s| 89600 |  3363 | 35748k| 398.9 |   618M |  40 |1125 |1351 |2609 | 686k|  0 |  18k|  11 | 0.000000e+00 |      --      |    Inf |  23.54%
 6421s| 89700 |  3366 | 35809k| 399.2 |   618M |  40 |1125 |1352 |3136 | 687k|  0 |  18k|  11 | 0.000000e+00 |      --      |    Inf |  23.55%
 6435s| 89800 |  3362 | 35870k| 399.4 |   618M |  40 |1125 |1353 |2752 | 688k|  2 |  18k|  11 | 0.000000e+00 |      --      |    Inf |  23.55%
 6446s| 89900 |  3362 | 35917k| 399.5 |   618M |  40 |1125 |1352 |2951 | 688k|  0 |  18k|  11 | 0.000000e+00 |      --      |    Inf |  23.55%
 6457s| 90000 |  3370 | 35967k| 399.6 |   618M |  40 |1125 |1351 |3059 | 689k|  0 |  18k|  11 | 0.000000e+00 |      --      |    Inf |  23.55%
 6468s| 90100 |  3362 | 36020k| 399.8 |   618M |  40 |1125 |1350 |3069 | 689k|  0 |  18k|  11 | 0.000000e+00 |      --      |    Inf |  23.55%
 6481s| 90200 |  3364 | 36077k| 399.9 |   618M |  40 |1125 |1350 |3155 | 689k|  1 |  18k|  11 | 0.000000e+00 |      --      |    Inf |  23.55%
 time | node  | left  |LP iter|LP it/n|mem/heur|mdpt |vars |cons |rows |cuts |sepa|confs|strbr|  dualbound   | primalbound  |  gap   | compl. 
 6493s| 90300 |  3365 | 36132k| 400.1 |   618M |  40 |1125 |1350 |2969 | 690k|  2 |  18k|  11 | 0.000000e+00 |      --      |    Inf |  23.55%
 6506s| 90400 |  3371 | 36190k| 400.3 |   618M |  40 |1125 |1350 |2836 | 691k|  2 |  18k|  11 | 0.000000e+00 |      --      |    Inf |  23.55%
 6515s| 90500 |  3374 | 36234k| 400.4 |   618M |  40 |1125 |1350 |2909 | 691k|  2 |  18k|  11 | 0.000000e+00 |      --      |    Inf |  23.55%
 6530s| 90600 |  3376 | 36300k| 400.6 |   618M |  40 |1125 |1350 |3009 | 692k|  0 |  18k|  11 | 0.000000e+00 |      --      |    Inf |  23.55%
 6543s| 90700 |  3376 | 36362k| 400.9 |   618M |  40 |1125 |1350 |3111 | 693k|  2 |  18k|  11 | 0.000000e+00 |      --      |    Inf |  23.55%
 6552s| 90800 |  3369 | 36405k| 400.9 |   618M |  40 |1125 |1350 |   0 | 693k|  0 |  18k|  11 | 0.000000e+00 |      --      |    Inf |  23.55%
 6561s| 90900 |  3367 | 36446k| 400.9 |   618M |  40 |1125 |1350 |2964 | 694k|  0 |  18k|  11 | 0.000000e+00 |      --      |    Inf |  23.55%
 6571s| 91000 |  3362 | 36497k| 401.0 |   618M |  40 |1125 |1350 |3394 | 695k|  0 |  18k|  11 | 0.000000e+00 |      --      |    Inf |  23.74%
 6586s| 91100 |  3371 | 36557k| 401.3 |   621M |  40 |1125 |1350 |3800 | 695k|  0 |  18k|  11 | 0.000000e+00 |      --      |    Inf |  23.76%
 6600s| 91200 |  3371 | 36615k| 401.5 |   625M |  40 |1125 |1351 |3806 | 696k|  0 |  18k|  11 | 0.000000e+00 |      --      |    Inf |  23.77%
 6613s| 91300 |  3372 | 36667k| 401.6 |   625M |  40 |1125 |1351 |2929 | 696k|  1 |  18k|  11 | 0.000000e+00 |      --      |    Inf |  23.77%
 6628s| 91400 |  3365 | 36732k| 401.9 |   626M |  40 |1125 |1351 |3011 | 698k|  2 |  18k|  11 | 0.000000e+00 |      --      |    Inf |  23.78%
 6639s| 91500 |  3356 | 36782k| 402.0 |   626M |  40 |1125 |1351 |2665 | 699k|  0 |  18k|  11 | 0.000000e+00 |      --      |    Inf |  23.82%
 6657s| 91600 |  3353 | 36860k| 402.4 |   626M |  40 |1125 |1351 |   0 | 700k|  0 |  18k|  11 | 0.000000e+00 |      --      |    Inf |  23.86%
 6670s| 91700 |  3350 | 36918k| 402.6 |   626M |  40 |1125 |1352 |3270 | 701k|  0 |  18k|  11 | 0.000000e+00 |      --      |    Inf |  23.91%
 time | node  | left  |LP iter|LP it/n|mem/heur|mdpt |vars |cons |rows |cuts |sepa|confs|strbr|  dualbound   | primalbound  |  gap   | compl. 
 6681s| 91800 |  3338 | 36967k| 402.7 |   626M |  40 |1125 |1353 |   0 | 702k|  0 |  18k|  11 | 0.000000e+00 |      --      |    Inf |  23.92%
 6691s| 91900 |  3332 | 37013k| 402.7 |   627M |  40 |1125 |1353 |3214 | 702k|  2 |  18k|  11 | 0.000000e+00 |      --      |    Inf |  23.94%
 6708s| 92000 |  3339 | 37085k| 403.1 |   628M |  40 |1125 |1352 |3159 | 704k|  2 |  18k|  11 | 0.000000e+00 |      --      |    Inf |  23.95%
 6721s| 92100 |  3337 | 37142k| 403.3 |   628M |  40 |1125 |1350 |3033 | 704k|  0 |  18k|  11 | 0.000000e+00 |      --      |    Inf |  23.96%
 6741s| 92200 |  3325 | 37222k| 403.7 |   628M |  40 |1125 |1350 |3065 | 705k|  2 |  18k|  11 | 0.000000e+00 |      --      |    Inf |  24.02%
 6752s| 92300 |  3322 | 37271k| 403.8 |   628M |  40 |1125 |1351 |3352 | 706k|  0 |  18k|  11 | 0.000000e+00 |      --      |    Inf |  24.04%
 6766s| 92400 |  3313 | 37329k| 404.0 |   628M |  40 |1125 |1350 |3123 | 706k|  2 |  18k|  11 | 0.000000e+00 |      --      |    Inf |  24.07%
 6785s| 92500 |  3308 | 37410k| 404.4 |   628M |  40 |1125 |1350 |   0 | 707k|  0 |  18k|  11 | 0.000000e+00 |      --      |    Inf |  24.08%
 6799s| 92600 |  3304 | 37476k| 404.7 |   629M |  40 |1125 |1350 |3232 | 708k|  3 |  18k|  11 | 0.000000e+00 |      --      |    Inf |  24.12%
 6811s| 92700 |  3302 | 37530k| 404.8 |   629M |  40 |1125 |1350 |2710 | 710k|  0 |  18k|  11 | 0.000000e+00 |      --      |    Inf |  24.12%
 6823s| 92800 |  3298 | 37583k| 405.0 |   629M |  40 |1125 |1350 |   0 | 710k|  0 |  18k|  11 | 0.000000e+00 |      --      |    Inf |  24.14%
 6836s| 92900 |  3293 | 37639k| 405.1 |   630M |  40 |1125 |1350 |   0 | 711k|  0 |  18k|  11 | 0.000000e+00 |      --      |    Inf |  24.16%
 6845s| 93000 |  3296 | 37680k| 405.1 |   630M |  40 |1125 |1350 |2958 | 711k|  2 |  18k|  11 | 0.000000e+00 |      --      |    Inf |  24.17%
 6859s| 93100 |  3290 | 37743k| 405.4 |   631M |  40 |1125 |1350 |2910 | 712k|  0 |  18k|  11 | 0.000000e+00 |      --      |    Inf |  24.18%
 6873s| 93200 |  3283 | 37807k| 405.6 |   631M |  40 |1125 |1350 |3004 | 713k|  0 |  18k|  11 | 0.000000e+00 |      --      |    Inf |  24.20%
 time | node  | left  |LP iter|LP it/n|mem/heur|mdpt |vars |cons |rows |cuts |sepa|confs|strbr|  dualbound   | primalbound  |  gap   | compl. 
 6880s| 93300 |  3293 | 37868k| 405.8 |   631M |  40 |1125 |1350 |2915 | 714k|  0 |  18k|  11 | 0.000000e+00 |      --      |    Inf |  24.21%
 6887s| 93400 |  3292 | 37935k| 406.1 |   632M |  40 |1125 |1350 |3376 | 715k|  2 |  18k|  11 | 0.000000e+00 |      --      |    Inf |  24.21%
 6891s| 93500 |  3292 | 37979k| 406.2 |   632M |  40 |1125 |1350 |2882 | 716k|  2 |  18k|  11 | 0.000000e+00 |      --      |    Inf |  24.21%
 6897s| 93600 |  3291 | 38042k| 406.4 |   632M |  40 |1125 |1350 |2864 | 717k|  2 |  18k|  11 | 0.000000e+00 |      --      |    Inf |  24.23%
 6901s| 93700 |  3296 | 38089k| 406.5 |   632M |  40 |1125 |1350 |2765 | 718k|  2 |  18k|  11 | 0.000000e+00 |      --      |    Inf |  24.25%
 6907s| 93800 |  3302 | 38147k| 406.7 |   633M |  40 |1125 |1350 |3522 | 718k|  1 |  18k|  11 | 0.000000e+00 |      --      |    Inf |  24.27%
 6912s| 93900 |  3288 | 38204k| 406.8 |   633M |  40 |1125 |1350 |3574 | 719k|  0 |  19k|  11 | 0.000000e+00 |      --      |    Inf |  24.29%
 6918s| 94000 |  3284 | 38264k| 407.0 |   634M |  40 |1125 |1350 |2803 | 720k|  0 |  19k|  11 | 0.000000e+00 |      --      |    Inf |  24.29%
 6924s| 94100 |  3280 | 38330k| 407.3 |   635M |  40 |1125 |1350 |3069 | 721k|  2 |  19k|  11 | 0.000000e+00 |      --      |    Inf |  24.32%
 6929s| 94200 |  3273 | 38390k| 407.5 |   635M |  40 |1125 |1350 |2686 | 722k|  0 |  19k|  11 | 0.000000e+00 |      --      |    Inf |  24.32%
 6936s| 94300 |  3270 | 38459k| 407.8 |   635M |  40 |1125 |1350 |2563 | 723k|  0 |  19k|  11 | 0.000000e+00 |      --      |    Inf |  24.34%
 6942s| 94400 |  3285 | 38523k| 408.1 |   635M |  40 |1125 |1351 |2749 | 725k|  2 |  19k|  11 | 0.000000e+00 |      --      |    Inf |  24.34%
 6947s| 94500 |  3283 | 38582k| 408.3 |   636M |  40 |1125 |1350 |3527 | 726k|  2 |  19k|  11 | 0.000000e+00 |      --      |    Inf |  24.37%
 6953s| 94600 |  3313 | 38644k| 408.5 |   638M |  40 |1125 |1350 |3080 | 727k|  2 |  19k|  11 | 0.000000e+00 |      --      |    Inf |  24.39%
 6960s| 94700 |  3315 | 38718k| 408.8 |   638M |  40 |1125 |1352 |3181 | 728k|  2 |  19k|  11 | 0.000000e+00 |      --      |    Inf |  24.39%
 time | node  | left  |LP iter|LP it/n|mem/heur|mdpt |vars |cons |rows |cuts |sepa|confs|strbr|  dualbound   | primalbound  |  gap   | compl. 
 6965s| 94800 |  3312 | 38772k| 409.0 |   638M |  40 |1125 |1353 |3049 | 728k|  2 |  19k|  11 | 0.000000e+00 |      --      |    Inf |  24.39%
 6970s| 94900 |  3310 | 38830k| 409.1 |   638M |  40 |1125 |1352 |3057 | 729k|  0 |  19k|  11 | 0.000000e+00 |      --      |    Inf |  24.39%
 6976s| 95000 |  3312 | 38892k| 409.4 |   638M |  40 |1125 |1353 |3214 | 730k|  1 |  19k|  11 | 0.000000e+00 |      --      |    Inf |  24.39%
 6982s| 95100 |  3312 | 38951k| 409.6 |   638M |  40 |1125 |1355 |3182 | 730k|  2 |  19k|  11 | 0.000000e+00 |      --      |    Inf |  24.39%
 6990s| 95200 |  3301 | 39006k| 409.7 |   639M |  40 |1125 |1356 |2805 | 731k|  2 |  19k|  11 | 0.000000e+00 |      --      |    Inf |  24.39%
 7001s| 95300 |  3305 | 39055k| 409.8 |   639M |  40 |1125 |1356 |2934 | 732k|  2 |  19k|  11 | 0.000000e+00 |      --      |    Inf |  24.39%
 7010s| 95400 |  3303 | 39099k| 409.8 |   639M |  40 |1125 |1356 |3101 | 733k|  1 |  19k|  11 | 0.000000e+00 |      --      |    Inf |  24.39%
 7021s| 95500 |  3309 | 39146k| 409.9 |   639M |  40 |1125 |1355 |2942 | 734k|  0 |  19k|  11 | 0.000000e+00 |      --      |    Inf |  24.39%
 7030s| 95600 |  3301 | 39192k| 409.9 |   639M |  40 |1125 |1355 |2987 | 734k|  2 |  19k|  11 | 0.000000e+00 |      --      |    Inf |  24.40%
 7046s| 95700 |  3300 | 39260k| 410.2 |   640M |  40 |1125 |1355 |3027 | 735k|  0 |  19k|  11 | 0.000000e+00 |      --      |    Inf |  24.47%
 7059s| 95800 |  3308 | 39317k| 410.4 |   641M |  40 |1125 |1355 |2853 | 737k|  2 |  19k|  11 | 0.000000e+00 |      --      |    Inf |  24.48%
 7069s| 95900 |  3306 | 39364k| 410.4 |   641M |  40 |1125 |1354 |   0 | 737k|  0 |  19k|  11 | 0.000000e+00 |      --      |    Inf |  24.48%
 7080s| 96000 |  3320 | 39414k| 410.5 |   641M |  40 |1125 |1351 |2858 | 738k|  2 |  19k|  11 | 0.000000e+00 |      --      |    Inf |  24.48%
 7089s| 96100 |  3324 | 39455k| 410.5 |   641M |  40 |1125 |1351 |2928 | 739k|  2 |  19k|  11 | 0.000000e+00 |      --      |    Inf |  24.48%
 7098s| 96200 |  3315 | 39496k| 410.5 |   641M |  40 |1125 |1351 |3263 | 739k|  0 |  19k|  11 | 0.000000e+00 |      --      |    Inf |  24.48%
 time | node  | left  |LP iter|LP it/n|mem/heur|mdpt |vars |cons |rows |cuts |sepa|confs|strbr|  dualbound   | primalbound  |  gap   | compl. 
 7108s| 96300 |  3316 | 39542k| 410.6 |   641M |  40 |1125 |1351 |3042 | 739k|  2 |  19k|  11 | 0.000000e+00 |      --      |    Inf |  24.48%
 7122s| 96400 |  3312 | 39601k| 410.8 |   641M |  40 |1125 |1351 |3355 | 740k|  2 |  19k|  11 | 0.000000e+00 |      --      |    Inf |  24.48%
 7133s| 96500 |  3306 | 39651k| 410.9 |   641M |  40 |1125 |1351 |2917 | 740k|  2 |  19k|  11 | 0.000000e+00 |      --      |    Inf |  24.48%
 7149s| 96600 |  3315 | 39719k| 411.1 |   641M |  40 |1125 |1351 |3594 | 741k|  0 |  19k|  11 | 0.000000e+00 |      --      |    Inf |  24.49%
 7161s| 96700 |  3308 | 39771k| 411.3 |   641M |  40 |1125 |1351 |3325 | 741k|  2 |  19k|  11 | 0.000000e+00 |      --      |    Inf |  24.49%
 7172s| 96800 |  3304 | 39820k| 411.3 |   642M |  40 |1125 |1351 |2760 | 742k|  2 |  19k|  11 | 0.000000e+00 |      --      |    Inf |  24.49%
 7184s| 96900 |  3314 | 39873k| 411.5 |   642M |  40 |1125 |1351 |   0 | 743k|  0 |  19k|  11 | 0.000000e+00 |      --      |    Inf |  24.51%
 7192s| 97000 |  3302 | 39911k| 411.4 |   642M |  40 |1125 |1351 |2655 | 743k|  0 |  19k|  11 | 0.000000e+00 |      --      |    Inf |  24.51%
 7205s| 97100 |  3307 | 39968k| 411.6 |   642M |  40 |1125 |1351 |3166 | 744k|  2 |  19k|  11 | 0.000000e+00 |      --      |    Inf |  24.54%
 7220s| 97200 |  3303 | 40039k| 411.9 |   643M |  40 |1125 |1351 |   0 | 745k|  0 |  19k|  11 | 0.000000e+00 |      --      |    Inf |  24.54%
 7229s| 97300 |  3300 | 40074k| 411.8 |   643M |  40 |1125 |1351 |3473 | 745k|  0 |  19k|  11 | 0.000000e+00 |      --      |    Inf |  24.54%
 7239s| 97400 |  3304 | 40120k| 411.9 |   643M |  40 |1125 |1351 |3509 | 745k|  0 |  19k|  11 | 0.000000e+00 |      --      |    Inf |  24.55%
 7253s| 97500 |  3290 | 40181k| 412.1 |   643M |  40 |1125 |1354 |2724 | 746k|  0 |  19k|  11 | 0.000000e+00 |      --      |    Inf |  24.65%
 7263s| 97600 |  3290 | 40226k| 412.1 |   643M |  40 |1125 |1354 |3195 | 746k|  2 |  19k|  11 | 0.000000e+00 |      --      |    Inf |  24.65%
 7271s| 97700 |  3286 | 40266k| 412.1 |   643M |  40 |1125 |1354 |2989 | 747k|  2 |  19k|  11 | 0.000000e+00 |      --      |    Inf |  24.65%
 time | node  | left  |LP iter|LP it/n|mem/heur|mdpt |vars |cons |rows |cuts |sepa|confs|strbr|  dualbound   | primalbound  |  gap   | compl. 
 7288s| 97800 |  3311 | 40345k| 412.5 |   643M |  40 |1125 |1354 |2860 | 749k|  0 |  19k|  11 | 0.000000e+00 |      --      |    Inf |  24.65%
 7297s| 97900 |  3306 | 40388k| 412.5 |   643M |  40 |1125 |1353 |2808 | 749k|  2 |  19k|  11 | 0.000000e+00 |      --      |    Inf |  24.65%
 7308s| 98000 |  3309 | 40435k| 412.6 |   643M |  40 |1125 |1352 |2790 | 751k|  0 |  19k|  11 | 0.000000e+00 |      --      |    Inf |  24.66%
 7321s| 98100 |  3296 | 40499k| 412.8 |   643M |  40 |1125 |1352 |2688 | 752k|  1 |  19k|  11 | 0.000000e+00 |      --      |    Inf |  24.66%
 7334s| 98200 |  3293 | 40555k| 413.0 |   643M |  40 |1125 |1352 |2944 | 753k|  0 |  19k|  11 | 0.000000e+00 |      --      |    Inf |  24.67%
 7348s| 98300 |  3284 | 40619k| 413.2 |   643M |  40 |1125 |1352 |2964 | 754k|  0 |  19k|  11 | 0.000000e+00 |      --      |    Inf |  24.69%
 7358s| 98400 |  3284 | 40668k| 413.3 |   644M |  40 |1125 |1352 |2661 | 755k|  2 |  19k|  11 | 0.000000e+00 |      --      |    Inf |  24.71%
 7370s| 98500 |  3274 | 40725k| 413.4 |   644M |  40 |1125 |1353 |2813 | 756k|  1 |  19k|  11 | 0.000000e+00 |      --      |    Inf |  24.74%
 7381s| 98600 |  3277 | 40775k| 413.5 |   644M |  40 |1125 |1353 |   0 | 757k|  0 |  19k|  11 | 0.000000e+00 |      --      |    Inf |  24.74%
 7393s| 98700 |  3269 | 40826k| 413.6 |   645M |  40 |1125 |1352 |3834 | 758k|  2 |  19k|  11 | 0.000000e+00 |      --      |    Inf |  24.76%
 7404s| 98800 |  3265 | 40872k| 413.7 |   647M |  40 |1125 |1351 |3835 | 758k|  0 |  19k|  11 | 0.000000e+00 |      --      |    Inf |  24.76%
 7416s| 98900 |  3253 | 40929k| 413.8 |   647M |  40 |1125 |1351 |3095 | 759k|  2 |  19k|  11 | 0.000000e+00 |      --      |    Inf |  24.77%
 7425s| 99000 |  3236 | 40968k| 413.8 |   647M |  40 |1125 |1351 |   0 | 759k|  0 |  20k|  11 | 0.000000e+00 |      --      |    Inf |  24.79%
 7443s| 99100 |  3235 | 41053k| 414.2 |   648M |  40 |1125 |1352 |3326 | 761k|  2 |  20k|  11 | 0.000000e+00 |      --      |    Inf |  24.80%
 7452s| 99200 |  3235 | 41094k| 414.2 |   648M |  40 |1125 |1351 |2518 | 762k|  1 |  20k|  11 | 0.000000e+00 |      --      |    Inf |  24.88%
 time | node  | left  |LP iter|LP it/n|mem/heur|mdpt |vars |cons |rows |cuts |sepa|confs|strbr|  dualbound   | primalbound  |  gap   | compl. 
 7465s| 99300 |  3219 | 41151k| 414.4 |   648M |  40 |1125 |1353 |2495 | 763k|  0 |  20k|  11 | 0.000000e+00 |      --      |    Inf |  24.91%
 7478s| 99400 |  3203 | 41206k| 414.5 |   649M |  40 |1125 |1353 |3275 | 763k|  2 |  20k|  11 | 0.000000e+00 |      --      |    Inf |  24.94%
 7493s| 99500 |  3207 | 41273k| 414.8 |   650M |  40 |1125 |1353 |3353 | 764k|  2 |  20k|  11 | 0.000000e+00 |      --      |    Inf |  24.95%
 7508s| 99600 |  3196 | 41339k| 415.0 |   650M |  40 |1125 |1352 |2689 | 765k|  2 |  20k|  11 | 0.000000e+00 |      --      |    Inf |  24.95%
 7523s| 99700 |  3200 | 41409k| 415.3 |   650M |  40 |1125 |1352 |2919 | 766k|  0 |  20k|  11 | 0.000000e+00 |      --      |    Inf |  24.96%
 7536s| 99800 |  3193 | 41468k| 415.5 |   650M |  40 |1125 |1352 |2599 | 767k|  2 |  20k|  11 | 0.000000e+00 |      --      |    Inf |  24.96%
 7546s| 99900 |  3189 | 41514k| 415.5 |   650M |  40 |1125 |1352 |2766 | 768k|  2 |  20k|  11 | 0.000000e+00 |      --      |    Inf |  24.99%
 7556s|100000 |  3180 | 41557k| 415.5 |   650M |  40 |1125 |1352 |2723 | 768k|  2 |  20k|  11 | 0.000000e+00 |      --      |    Inf |  25.01%
 7561s|100100 |  3177 | 41580k| 415.4 |   650M |  40 |1125 |1352 |2543 | 769k|  2 |  20k|  11 | 0.000000e+00 |      --      |    Inf |  25.01%
 7564s|100200 |  3178 | 41593k| 415.1 |   650M |  40 |1125 |1353 |2525 | 769k|  2 |  20k|  11 | 0.000000e+00 |      --      |    Inf |  25.01%
 7568s|100300 |  3170 | 41610k| 414.8 |   650M |  40 |1125 |1353 |2957 | 770k|  0 |  20k|  11 | 0.000000e+00 |      --      |    Inf |  25.03%
 7573s|100400 |  3173 | 41632k| 414.6 |   650M |  40 |1125 |1352 |3335 | 770k|  2 |  20k|  11 | 0.000000e+00 |      --      |    Inf |  25.08%
 7576s|100500 |  3170 | 41646k| 414.4 |   650M |  40 |1125 |1353 |2693 | 770k|  1 |  20k|  11 | 0.000000e+00 |      --      |    Inf |  25.13%
 7580s|100600 |  3164 | 41662k| 414.1 |   651M |  40 |1125 |1354 |2667 | 771k|  2 |  20k|  11 | 0.000000e+00 |      --      |    Inf |  25.14%
 7589s|100700 |  3165 | 41704k| 414.1 |   651M |  40 |1125 |1352 |3272 | 771k|  0 |  20k|  11 | 0.000000e+00 |      --      |    Inf |  25.15%
 time | node  | left  |LP iter|LP it/n|mem/heur|mdpt |vars |cons |rows |cuts |sepa|confs|strbr|  dualbound   | primalbound  |  gap   | compl. 
 7598s|100800 |  3159 | 41746k| 414.1 |   652M |  40 |1125 |1351 |3286 | 771k|  1 |  20k|  11 | 0.000000e+00 |      --      |    Inf |  25.15%
 7607s|100900 |  3156 | 41781k| 414.1 |   653M |  40 |1125 |1351 |2740 | 771k|  0 |  20k|  11 | 0.000000e+00 |      --      |    Inf |  25.15%
 7615s|101000 |  3155 | 41819k| 414.0 |   653M |  40 |1125 |1351 |3366 | 771k|  0 |  20k|  11 | 0.000000e+00 |      --      |    Inf |  25.15%
 7621s|101100 |  3158 | 41845k| 413.9 |   653M |  40 |1125 |1351 |2585 | 772k|  2 |  20k|  11 | 0.000000e+00 |      --      |    Inf |  25.16%
 7625s|101200 |  3155 | 41862k| 413.6 |   653M |  40 |1125 |1351 |   0 | 772k|  0 |  20k|  11 | 0.000000e+00 |      --      |    Inf |  25.16%
 7634s|101300 |  3154 | 41901k| 413.6 |   653M |  40 |1125 |1351 |2742 | 772k|  2 |  20k|  11 | 0.000000e+00 |      --      |    Inf |  25.17%
 7639s|101400 |  3157 | 41925k| 413.4 |   653M |  40 |1125 |1351 |   0 | 773k|  0 |  20k|  11 | 0.000000e+00 |      --      |    Inf |  25.17%
 7650s|101500 |  3153 | 41980k| 413.6 |   653M |  40 |1125 |1351 |3663 | 773k|  2 |  20k|  11 | 0.000000e+00 |      --      |    Inf |  25.17%
 7661s|101600 |  3160 | 42031k| 413.7 |   653M |  40 |1125 |1351 |2839 | 774k|  1 |  20k|  11 | 0.000000e+00 |      --      |    Inf |  25.18%
 7672s|101700 |  3147 | 42078k| 413.7 |   653M |  40 |1125 |1351 |   0 | 774k|  0 |  20k|  11 | 0.000000e+00 |      --      |    Inf |  25.18%
 7690s|101800 |  3134 | 42155k| 414.1 |   653M |  40 |1125 |1352 |   0 | 775k|  0 |  20k|  11 | 0.000000e+00 |      --      |    Inf |  25.18%
 7700s|101900 |  3137 | 42200k| 414.1 |   653M |  40 |1125 |1352 |2956 | 776k|  1 |  20k|  11 | 0.000000e+00 |      --      |    Inf |  25.19%
 7712s|102000 |  3136 | 42256k| 414.2 |   653M |  40 |1125 |1352 |3274 | 777k|  2 |  20k|  11 | 0.000000e+00 |      --      |    Inf |  25.19%
 7723s|102100 |  3122 | 42307k| 414.3 |   653M |  40 |1125 |1351 |2458 | 778k|  0 |  20k|  11 | 0.000000e+00 |      --      |    Inf |  25.20%
 7736s|102200 |  3116 | 42368k| 414.5 |   653M |  40 |1125 |1351 |   0 | 779k|  0 |  20k|  11 | 0.000000e+00 |      --      |    Inf |  25.24%
 time | node  | left  |LP iter|LP it/n|mem/heur|mdpt |vars |cons |rows |cuts |sepa|confs|strbr|  dualbound   | primalbound  |  gap   | compl. 
 7748s|102300 |  3114 | 42419k| 414.6 |   653M |  40 |1125 |1351 |2981 | 779k|  2 |  20k|  11 | 0.000000e+00 |      --      |    Inf |  25.27%
 7760s|102400 |  3114 | 42477k| 414.8 |   654M |  40 |1125 |1351 |3379 | 780k|  0 |  20k|  11 | 0.000000e+00 |      --      |    Inf |  25.28%
 7769s|102500 |  3110 | 42518k| 414.8 |   655M |  40 |1125 |1351 |3433 | 781k|  1 |  20k|  11 | 0.000000e+00 |      --      |    Inf |  25.29%
 7783s|102600 |  3095 | 42582k| 415.0 |   655M |  40 |1125 |1351 |2965 | 782k|  2 |  20k|  11 | 0.000000e+00 |      --      |    Inf |  25.29%
 7799s|102700 |  3105 | 42649k| 415.3 |   655M |  40 |1125 |1351 |3294 | 783k|  0 |  20k|  11 | 0.000000e+00 |      --      |    Inf |  25.30%
 7815s|102800 |  3108 | 42723k| 415.6 |   655M |  40 |1125 |1351 |2725 | 784k|  2 |  20k|  11 | 0.000000e+00 |      --      |    Inf |  25.31%
 7829s|102900 |  3108 | 42787k| 415.8 |   655M |  40 |1125 |1351 |3283 | 785k|  2 |  20k|  11 | 0.000000e+00 |      --      |    Inf |  25.32%
 7847s|103000 |  3114 | 42863k| 416.1 |   656M |  40 |1125 |1351 |   0 | 786k|  0 |  20k|  11 | 0.000000e+00 |      --      |    Inf |  25.32%
 7859s|103100 |  3113 | 42917k| 416.2 |   656M |  40 |1125 |1352 |2938 | 787k|  2 |  20k|  11 | 0.000000e+00 |      --      |    Inf |  25.33%
 7872s|103200 |  3119 | 42977k| 416.4 |   656M |  40 |1125 |1352 |2947 | 788k|  0 |  20k|  11 | 0.000000e+00 |      --      |    Inf |  25.38%
 7886s|103300 |  3113 | 43040k| 416.6 |   656M |  40 |1125 |1351 |3188 | 788k|  0 |  20k|  11 | 0.000000e+00 |      --      |    Inf |  25.42%
 7902s|103400 |  3114 | 43110k| 416.9 |   656M |  40 |1125 |1351 |2975 | 789k|  0 |  20k|  11 | 0.000000e+00 |      --      |    Inf |  25.43%
 7918s|103500 |  3106 | 43181k| 417.2 |   658M |  40 |1125 |1351 |3407 | 789k|  2 |  20k|  11 | 0.000000e+00 |      --      |    Inf |  25.43%
 7931s|103600 |  3104 | 43241k| 417.4 |   658M |  40 |1125 |1351 |3005 | 791k|  0 |  20k|  11 | 0.000000e+00 |      --      |    Inf |  25.46%
 7944s|103700 |  3107 | 43300k| 417.5 |   658M |  40 |1125 |1351 |2648 | 792k|  0 |  20k|  11 | 0.000000e+00 |      --      |    Inf |  25.48%
 time | node  | left  |LP iter|LP it/n|mem/heur|mdpt |vars |cons |rows |cuts |sepa|confs|strbr|  dualbound   | primalbound  |  gap   | compl. 
 7959s|103800 |  3099 | 43370k| 417.8 |   659M |  40 |1125 |1351 |   0 | 792k|  0 |  21k|  11 | 0.000000e+00 |      --      |    Inf |  25.49%
 7970s|103900 |  3098 | 43419k| 417.9 |   659M |  40 |1125 |1351 |2573 | 793k|  2 |  21k|  11 | 0.000000e+00 |      --      |    Inf |  25.53%
 7981s|104000 |  3082 | 43469k| 417.9 |   659M |  40 |1125 |1351 |2947 | 794k|  2 |  21k|  11 | 0.000000e+00 |      --      |    Inf |  25.54%
 7994s|104100 |  3081 | 43526k| 418.1 |   660M |  40 |1125 |1351 |3264 | 795k|  2 |  21k|  11 | 0.000000e+00 |      --      |    Inf |  25.60%
 8003s|104200 |  3073 | 43571k| 418.1 |   660M |  40 |1125 |1351 |2738 | 795k|  0 |  21k|  11 | 0.000000e+00 |      --      |    Inf |  25.65%
 8016s|104300 |  3060 | 43630k| 418.3 |   660M |  40 |1125 |1352 |2846 | 796k|  0 |  21k|  11 | 0.000000e+00 |      --      |    Inf |  25.66%
 8028s|104400 |  3057 | 43684k| 418.4 |   660M |  40 |1125 |1352 |2958 | 797k|  2 |  21k|  11 | 0.000000e+00 |      --      |    Inf |  25.66%
 8034s|104500 |  3057 | 43733k| 418.5 |   660M |  40 |1125 |1352 |2912 | 798k|  2 |  21k|  11 | 0.000000e+00 |      --      |    Inf |  25.66%
 8039s|104600 |  3050 | 43782k| 418.5 |   660M |  40 |1125 |1352 |2966 | 799k|  0 |  21k|  11 | 0.000000e+00 |      --      |    Inf |  25.67%
 8043s|104700 |  3038 | 43831k| 418.6 |   660M |  40 |1125 |1352 |2968 | 800k|  2 |  21k|  11 | 0.000000e+00 |      --      |    Inf |  25.69%
 8050s|104800 |  3036 | 43897k| 418.8 |   660M |  40 |1125 |1352 |2905 | 801k|  2 |  21k|  11 | 0.000000e+00 |      --      |    Inf |  25.79%
 8056s|104900 |  3034 | 43961k| 419.1 |   660M |  40 |1125 |1352 |3070 | 802k|  2 |  21k|  11 | 0.000000e+00 |      --      |    Inf |  25.81%
 8061s|105000 |  3034 | 44020k| 419.2 |   661M |  40 |1125 |1352 |2581 | 802k|  2 |  21k|  11 | 0.000000e+00 |      --      |    Inf |  25.83%
 8067s|105100 |  3030 | 44079k| 419.4 |   662M |  40 |1125 |1352 |2667 | 803k|  1 |  21k|  11 | 0.000000e+00 |      --      |    Inf |  25.86%
 8072s|105200 |  3037 | 44131k| 419.5 |   662M |  40 |1125 |1353 |2773 | 804k|  2 |  21k|  11 | 0.000000e+00 |      --      |    Inf |  25.86%
 time | node  | left  |LP iter|LP it/n|mem/heur|mdpt |vars |cons |rows |cuts |sepa|confs|strbr|  dualbound   | primalbound  |  gap   | compl. 
 8076s|105300 |  3036 | 44178k| 419.5 |   662M |  40 |1125 |1353 |2733 | 805k|  2 |  21k|  11 | 0.000000e+00 |      --      |    Inf |  25.86%
 8079s|105400 |  3036 | 44223k| 419.6 |   662M |  40 |1125 |1352 |2782 | 805k|  0 |  21k|  11 | 0.000000e+00 |      --      |    Inf |  25.86%
 8084s|105500 |  3028 | 44277k| 419.7 |   662M |  40 |1125 |1351 |2996 | 806k|  2 |  21k|  11 | 0.000000e+00 |      --      |    Inf |  25.86%
 8089s|105600 |  3020 | 44331k| 419.8 |   663M |  40 |1125 |1351 |3240 | 807k|  2 |  21k|  11 | 0.000000e+00 |      --      |    Inf |  25.88%
 8096s|105700 |  3017 | 44396k| 420.0 |   663M |  40 |1125 |1351 |2865 | 808k|  2 |  21k|  11 | 0.000000e+00 |      --      |    Inf |  25.95%
 8101s|105800 |  3023 | 44457k| 420.2 |   663M |  40 |1125 |1352 |2657 | 810k|  2 |  21k|  11 | 0.000000e+00 |      --      |    Inf |  25.95%
 8111s|105900 |  3022 | 44504k| 420.2 |   663M |  40 |1125 |1352 |2852 | 811k|  0 |  21k|  11 | 0.000000e+00 |      --      |    Inf |  25.95%
 8119s|106000 |  3022 | 44545k| 420.2 |   663M |  40 |1125 |1352 |2877 | 811k|  1 |  21k|  11 | 0.000000e+00 |      --      |    Inf |  25.95%
 8130s|106100 |  3017 | 44596k| 420.3 |   663M |  40 |1125 |1352 |3101 | 812k|  3 |  21k|  11 | 0.000000e+00 |      --      |    Inf |  25.96%
 8143s|106200 |  3019 | 44655k| 420.5 |   664M |  40 |1125 |1353 |2736 | 813k|  2 |  21k|  11 | 0.000000e+00 |      --      |    Inf |  25.98%
 8158s|106300 |  3021 | 44720k| 420.7 |   664M |  40 |1125 |1352 |2788 | 814k|  0 |  21k|  11 | 0.000000e+00 |      --      |    Inf |  25.99%
 8176s|106400 |  3029 | 44796k| 421.0 |   664M |  40 |1125 |1352 |3368 | 815k|  0 |  21k|  11 | 0.000000e+00 |      --      |    Inf |  26.00%
 8189s|106500 |  3025 | 44847k| 421.1 |   665M |  40 |1125 |1352 |3054 | 815k|  0 |  21k|  11 | 0.000000e+00 |      --      |    Inf |  26.05%
 8206s|106600 |  3021 | 44921k| 421.4 |   665M |  40 |1125 |1352 |2970 | 816k|  0 |  21k|  11 | 0.000000e+00 |      --      |    Inf |  26.25%
 8221s|106700 |  3017 | 44986k| 421.6 |   665M |  40 |1125 |1351 |2869 | 818k|  1 |  21k|  11 | 0.000000e+00 |      --      |    Inf |  26.25%
 time | node  | left  |LP iter|LP it/n|mem/heur|mdpt |vars |cons |rows |cuts |sepa|confs|strbr|  dualbound   | primalbound  |  gap   | compl. 
 8231s|106800 |  3015 | 45035k| 421.7 |   665M |  40 |1125 |1351 |3095 | 818k|  2 |  21k|  11 | 0.000000e+00 |      --      |    Inf |  26.26%
 8242s|106900 |  3011 | 45086k| 421.7 |   665M |  40 |1125 |1355 |2673 | 820k|  0 |  21k|  11 | 0.000000e+00 |      --      |    Inf |  26.50%
 8254s|107000 |  3001 | 45141k| 421.9 |   666M |  40 |1125 |1355 |2526 | 820k|  2 |  21k|  11 | 0.000000e+00 |      --      |    Inf |  26.57%
 8263s|107100 |  2991 | 45179k| 421.8 |   666M |  40 |1125 |1353 |2731 | 821k|  2 |  21k|  11 | 0.000000e+00 |      --      |    Inf |  26.59%
 8274s|107200 |  3011 | 45231k| 421.9 |   666M |  40 |1125 |1352 |3001 | 822k|  2 |  21k|  11 | 0.000000e+00 |      --      |    Inf |  26.59%
 8289s|107300 |  3016 | 45297k| 422.1 |   666M |  40 |1125 |1351 |3029 | 823k|  2 |  21k|  11 | 0.000000e+00 |      --      |    Inf |  26.60%
 8305s|107400 |  3007 | 45365k| 422.4 |   666M |  40 |1125 |1351 |3001 | 823k|  0 |  21k|  11 | 0.000000e+00 |      --      |    Inf |  26.60%
 8324s|107500 |  3014 | 45446k| 422.7 |   666M |  40 |1125 |1351 |3152 | 824k|  2 |  21k|  11 | 0.000000e+00 |      --      |    Inf |  26.61%
 8340s|107600 |  3010 | 45515k| 423.0 |   666M |  40 |1125 |1351 |3097 | 825k|  0 |  21k|  11 | 0.000000e+00 |      --      |    Inf |  26.61%
 8354s|107700 |  3010 | 45576k| 423.2 |   666M |  40 |1125 |1352 |3166 | 825k|  1 |  21k|  11 | 0.000000e+00 |      --      |    Inf |  26.62%
 8368s|107800 |  3012 | 45633k| 423.3 |   666M |  40 |1125 |1352 |3138 | 826k|  2 |  21k|  11 | 0.000000e+00 |      --      |    Inf |  26.62%
 8383s|107900 |  3014 | 45696k| 423.5 |   666M |  40 |1125 |1352 |3167 | 826k|  2 |  21k|  11 | 0.000000e+00 |      --      |    Inf |  26.63%
 8399s|108000 |  3014 | 45763k| 423.7 |   666M |  40 |1125 |1353 |3127 | 827k|  2 |  21k|  11 | 0.000000e+00 |      --      |    Inf |  26.63%
 8413s|108100 |  3007 | 45823k| 423.9 |   666M |  40 |1125 |1353 |3143 | 828k|  2 |  21k|  11 | 0.000000e+00 |      --      |    Inf |  26.64%
 8424s|108200 |  3008 | 45871k| 423.9 |   666M |  40 |1125 |1352 |3016 | 828k|  2 |  21k|  11 | 0.000000e+00 |      --      |    Inf |  26.64%
 time | node  | left  |LP iter|LP it/n|mem/heur|mdpt |vars |cons |rows |cuts |sepa|confs|strbr|  dualbound   | primalbound  |  gap   | compl. 
 8440s|108300 |  3005 | 45940k| 424.2 |   666M |  40 |1125 |1352 |2652 | 829k|  2 |  21k|  11 | 0.000000e+00 |      --      |    Inf |  26.70%
 8449s|108400 |  3012 | 45986k| 424.2 |   666M |  40 |1125 |1352 |2740 | 830k|  2 |  21k|  11 | 0.000000e+00 |      --      |    Inf |  26.70%
 8466s|108500 |  3008 | 46062k| 424.5 |   667M |  40 |1125 |1352 |2836 | 832k|  2 |  21k|  11 | 0.000000e+00 |      --      |    Inf |  26.72%
 8482s|108600 |  3011 | 46130k| 424.7 |   667M |  40 |1125 |1354 |3041 | 833k|  2 |  21k|  11 | 0.000000e+00 |      --      |    Inf |  26.74%
 8495s|108700 |  3008 | 46189k| 424.9 |   667M |  40 |1125 |1353 |2633 | 834k|  2 |  21k|  11 | 0.000000e+00 |      --      |    Inf |  26.77%
 8503s|108800 |  3004 | 46227k| 424.9 |   667M |  40 |1125 |1353 |2999 | 834k|  0 |  21k|  11 | 0.000000e+00 |      --      |    Inf |  26.78%
 8517s|108900 |  3000 | 46291k| 425.1 |   667M |  40 |1125 |1352 |2718 | 836k|  2 |  21k|  11 | 0.000000e+00 |      --      |    Inf |  26.80%
 8531s|109000 |  2995 | 46349k| 425.2 |   668M |  40 |1125 |1351 |3160 | 837k|  2 |  21k|  11 | 0.000000e+00 |      --      |    Inf |  26.82%
 8546s|109100 |  2988 | 46420k| 425.5 |   668M |  40 |1125 |1351 |2835 | 838k|  2 |  22k|  11 | 0.000000e+00 |      --      |    Inf |  26.84%
 8561s|109200 |  2983 | 46486k| 425.7 |   669M |  40 |1125 |1351 |3018 | 838k|  0 |  22k|  11 | 0.000000e+00 |      --      |    Inf |  26.84%
 8573s|109300 |  2977 | 46542k| 425.8 |   669M |  40 |1125 |1351 |2782 | 840k|  2 |  22k|  11 | 0.000000e+00 |      --      |    Inf |  26.87%
 8584s|109400 |  2977 | 46591k| 425.9 |   669M |  40 |1125 |1351 |2890 | 840k|  0 |  22k|  11 | 0.000000e+00 |      --      |    Inf |  26.87%
 8598s|109500 |  2972 | 46652k| 426.0 |   669M |  40 |1125 |1351 |3234 | 841k|  2 |  22k|  11 | 0.000000e+00 |      --      |    Inf |  26.87%
 8611s|109600 |  2969 | 46712k| 426.2 |   669M |  40 |1125 |1351 |   0 | 842k|  0 |  22k|  11 | 0.000000e+00 |      --      |    Inf |  26.87%
 8624s|109700 |  2966 | 46774k| 426.4 |   669M |  40 |1125 |1351 |3103 | 843k|  0 |  22k|  11 | 0.000000e+00 |      --      |    Inf |  27.09%
 time | node  | left  |LP iter|LP it/n|mem/heur|mdpt |vars |cons |rows |cuts |sepa|confs|strbr|  dualbound   | primalbound  |  gap   | compl. 
 8636s|109800 |  2955 | 46825k| 426.4 |   669M |  40 |1125 |1351 |3094 | 843k|  0 |  22k|  11 | 0.000000e+00 |      --      |    Inf |  27.14%
 8649s|109900 |  2950 | 46884k| 426.6 |   669M |  40 |1125 |1351 |2927 | 844k|  0 |  22k|  11 | 0.000000e+00 |      --      |    Inf |  27.15%
 8658s|110000 |  2955 | 46925k| 426.6 |   669M |  40 |1125 |1351 |3283 | 845k|  2 |  22k|  11 | 0.000000e+00 |      --      |    Inf |  27.15%
 8666s|110100 |  2948 | 46964k| 426.5 |   669M |  40 |1125 |1351 |   0 | 845k|  0 |  22k|  11 | 0.000000e+00 |      --      |    Inf |  27.15%
 8675s|110200 |  2959 | 47005k| 426.5 |   669M |  40 |1125 |1351 |2982 | 845k|  0 |  22k|  11 | 0.000000e+00 |      --      |    Inf |  27.15%
 8684s|110300 |  2956 | 47046k| 426.5 |   669M |  40 |1125 |1350 |2931 | 846k|  2 |  22k|  11 | 0.000000e+00 |      --      |    Inf |  27.15%
 8696s|110400 |  2963 | 47102k| 426.6 |   669M |  40 |1125 |1350 |   0 | 846k|  0 |  22k|  11 | 0.000000e+00 |      --      |    Inf |  27.15%
 8711s|110500 |  2961 | 47165k| 426.8 |   669M |  40 |1125 |1350 |2991 | 847k|  0 |  22k|  11 | 0.000000e+00 |      --      |    Inf |  27.15%
 8724s|110600 |  2955 | 47225k| 427.0 |   669M |  40 |1125 |1350 |2764 | 848k|  0 |  22k|  11 | 0.000000e+00 |      --      |    Inf |  27.15%
 8736s|110700 |  2959 | 47278k| 427.1 |   669M |  40 |1125 |1350 |3349 | 849k|  0 |  22k|  11 | 0.000000e+00 |      --      |    Inf |  27.17%
 8747s|110800 |  2948 | 47326k| 427.1 |   669M |  40 |1125 |1350 |2676 | 849k|  0 |  22k|  11 | 0.000000e+00 |      --      |    Inf |  27.17%
 8758s|110900 |  2942 | 47374k| 427.2 |   669M |  40 |1125 |1350 |3357 | 850k|  0 |  22k|  11 | 0.000000e+00 |      --      |    Inf |  27.18%
 8766s|111000 |  2935 | 47411k| 427.1 |   669M |  40 |1125 |1350 |2869 | 850k|  1 |  22k|  11 | 0.000000e+00 |      --      |    Inf |  27.21%
 8779s|111100 |  2934 | 47470k| 427.3 |   669M |  40 |1125 |1350 |3236 | 851k|  0 |  22k|  11 | 0.000000e+00 |      --      |    Inf |  27.24%
 8792s|111200 |  2932 | 47527k| 427.4 |   669M |  40 |1125 |1350 |3101 | 852k|  2 |  22k|  11 | 0.000000e+00 |      --      |    Inf |  27.26%
 time | node  | left  |LP iter|LP it/n|mem/heur|mdpt |vars |cons |rows |cuts |sepa|confs|strbr|  dualbound   | primalbound  |  gap   | compl. 
 8802s|111300 |  2935 | 47570k| 427.4 |   670M |  40 |1125 |1350 |3034 | 853k|  2 |  22k|  11 | 0.000000e+00 |      --      |    Inf |  27.27%
 8814s|111400 |  2939 | 47622k| 427.5 |   670M |  40 |1125 |1350 |2392 | 853k|  2 |  22k|  11 | 0.000000e+00 |      --      |    Inf |  27.28%
 8834s|111500 |  2944 | 47702k| 427.8 |   675M |  40 |1125 |1350 |   0 | 854k|  0 |  22k|  11 | 0.000000e+00 |      --      |    Inf |  27.28%
 8847s|111600 |  2946 | 47754k| 427.9 |   675M |  40 |1125 |1350 |3857 | 854k|  1 |  22k|  11 | 0.000000e+00 |      --      |    Inf |  27.29%
 8861s|111700 |  2938 | 47813k| 428.0 |   675M |  40 |1125 |1350 |3014 | 855k|  0 |  22k|  11 | 0.000000e+00 |      --      |    Inf |  27.29%
 8871s|111800 |  2937 | 47857k| 428.0 |   675M |  40 |1125 |1352 |3145 | 855k|  0 |  22k|  11 | 0.000000e+00 |      --      |    Inf |  27.29%
 8881s|111900 |  2933 | 47904k| 428.1 |   675M |  40 |1125 |1352 |2930 | 856k|  3 |  22k|  11 | 0.000000e+00 |      --      |    Inf |  27.31%
 8896s|112000 |  2921 | 47968k| 428.3 |   676M |  40 |1125 |1352 |3080 | 857k|  1 |  22k|  11 | 0.000000e+00 |      --      |    Inf |  27.33%
 8913s|112100 |  2917 | 48046k| 428.6 |   676M |  40 |1125 |1353 |   0 | 859k|  0 |  22k|  11 | 0.000000e+00 |      --      |    Inf |  27.34%
 8937s|112200 |  2919 | 48144k| 429.1 |   676M |  40 |1125 |1355 |3934 | 861k|  1 |  22k|  11 | 0.000000e+00 |      --      |    Inf |  27.35%
 8953s|112300 |  2914 | 48211k| 429.3 |   678M |  40 |1125 |1355 |2887 | 861k|  0 |  22k|  11 | 0.000000e+00 |      --      |    Inf |  27.35%
 8968s|112400 |  2922 | 48280k| 429.5 |   678M |  40 |1125 |1354 |2955 | 863k|  2 |  22k|  11 | 0.000000e+00 |      --      |    Inf |  27.36%
 8983s|112500 |  2918 | 48352k| 429.8 |   678M |  40 |1125 |1353 |   0 | 863k|  0 |  22k|  11 | 0.000000e+00 |      --      |    Inf |  27.36%
 8997s|112600 |  2916 | 48415k| 430.0 |   678M |  40 |1125 |1355 |3118 | 864k|  2 |  22k|  11 | 0.000000e+00 |      --      |    Inf |  27.36%
 9009s|112700 |  2910 | 48467k| 430.0 |   678M |  40 |1125 |1355 |2924 | 865k|  2 |  22k|  11 | 0.000000e+00 |      --      |    Inf |  27.38%
 time | node  | left  |LP iter|LP it/n|mem/heur|mdpt |vars |cons |rows |cuts |sepa|confs|strbr|  dualbound   | primalbound  |  gap   | compl. 
 9023s|112800 |  2918 | 48531k| 430.2 |   678M |  40 |1125 |1352 |3236 | 865k|  0 |  22k|  11 | 0.000000e+00 |      --      |    Inf |  27.38%
 9038s|112900 |  2910 | 48595k| 430.4 |   679M |  40 |1125 |1351 |2649 | 866k|  2 |  22k|  11 | 0.000000e+00 |      --      |    Inf |  27.40%
 9051s|113000 |  2911 | 48652k| 430.5 |   679M |  40 |1125 |1351 |2786 | 868k|  2 |  22k|  11 | 0.000000e+00 |      --      |    Inf |  27.43%
 9067s|113100 |  2933 | 48728k| 430.8 |   679M |  40 |1125 |1351 |2682 | 869k|  0 |  22k|  11 | 0.000000e+00 |      --      |    Inf |  27.47%
 9078s|113200 |  2942 | 48779k| 430.9 |   679M |  40 |1125 |1351 |2918 | 870k|  0 |  22k|  11 | 0.000000e+00 |      --      |    Inf |  27.48%
 9091s|113300 |  2947 | 48837k| 431.0 |   679M |  40 |1125 |1351 |3016 | 871k|  2 |  22k|  11 | 0.000000e+00 |      --      |    Inf |  27.51%
 9104s|113400 |  2940 | 48892k| 431.1 |   680M |  40 |1125 |1351 |2748 | 872k|  2 |  22k|  11 | 0.000000e+00 |      --      |    Inf |  27.56%
 9121s|113500 |  2937 | 48967k| 431.4 |   680M |  40 |1125 |1351 |2884 | 873k|  0 |  22k|  11 | 0.000000e+00 |      --      |    Inf |  27.56%
 9139s|113600 |  2942 | 49044k| 431.7 |   680M |  40 |1125 |1351 |3308 | 874k|  2 |  22k|  11 | 0.000000e+00 |      --      |    Inf |  27.57%
 9153s|113700 |  2934 | 49105k| 431.9 |   680M |  40 |1125 |1351 |3271 | 874k|  3 |  22k|  11 | 0.000000e+00 |      --      |    Inf |  27.57%
 9170s|113800 |  2942 | 49175k| 432.1 |   680M |  40 |1125 |1351 |3291 | 874k|  1 |  22k|  11 | 0.000000e+00 |      --      |    Inf |  27.57%
 9186s|113900 |  2935 | 49243k| 432.3 |   681M |  40 |1125 |1351 |3333 | 875k|  2 |  22k|  11 | 0.000000e+00 |      --      |    Inf |  27.57%
 9202s|114000 |  2928 | 49311k| 432.5 |   681M |  40 |1125 |1352 |3433 | 875k|  0 |  23k|  11 | 0.000000e+00 |      --      |    Inf |  28.36%
 9215s|114100 |  2925 | 49371k| 432.7 |   681M |  40 |1125 |1351 |2724 | 876k|  2 |  23k|  11 | 0.000000e+00 |      --      |    Inf |  28.36%
 9226s|114200 |  2913 | 49420k| 432.7 |   681M |  40 |1125 |1351 |3486 | 877k|  0 |  23k|  11 | 0.000000e+00 |      --      |    Inf |  28.37%
 time | node  | left  |LP iter|LP it/n|mem/heur|mdpt |vars |cons |rows |cuts |sepa|confs|strbr|  dualbound   | primalbound  |  gap   | compl. 
 9235s|114300 |  2921 | 49462k| 432.7 |   681M |  40 |1125 |1351 |   0 | 878k|  0 |  23k|  11 | 0.000000e+00 |      --      |    Inf |  28.39%
 9247s|114400 |  2921 | 49519k| 432.8 |   681M |  40 |1125 |1352 |2810 | 879k|  0 |  23k|  11 | 0.000000e+00 |      --      |    Inf |  28.39%
 9262s|114500 |  2923 | 49584k| 433.0 |   681M |  40 |1125 |1351 |3030 | 880k|  0 |  23k|  11 | 0.000000e+00 |      --      |    Inf |  28.39%
 9276s|114600 |  2930 | 49645k| 433.2 |   681M |  40 |1125 |1351 |3132 | 880k|  2 |  23k|  11 | 0.000000e+00 |      --      |    Inf |  28.39%
 9286s|114700 |  2925 | 49696k| 433.2 |   681M |  40 |1125 |1351 |3022 | 881k|  0 |  23k|  11 | 0.000000e+00 |      --      |    Inf |  28.39%
 9298s|114800 |  2922 | 49747k| 433.3 |   681M |  40 |1125 |1351 |2989 | 881k|  0 |  23k|  11 | 0.000000e+00 |      --      |    Inf |  28.39%
 9312s|114900 |  2918 | 49811k| 433.5 |   681M |  40 |1125 |1351 |3039 | 882k|  0 |  23k|  11 | 0.000000e+00 |      --      |    Inf |  28.39%
 9323s|115000 |  2921 | 49857k| 433.5 |   682M |  40 |1125 |1351 |3413 | 882k|  1 |  23k|  11 | 0.000000e+00 |      --      |    Inf |  28.45%
 9333s|115100 |  2910 | 49901k| 433.5 |   682M |  40 |1125 |1351 |3126 | 882k|  2 |  23k|  11 | 0.000000e+00 |      --      |    Inf |  28.46%
 9344s|115200 |  2915 | 49949k| 433.6 |   682M |  40 |1125 |1351 |2751 | 883k|  2 |  23k|  11 | 0.000000e+00 |      --      |    Inf |  28.48%
 9355s|115300 |  2915 | 50002k| 433.7 |   682M |  40 |1125 |1351 |3493 | 884k|  2 |  23k|  11 | 0.000000e+00 |      --      |    Inf |  28.49%
 9365s|115400 |  2899 | 50045k| 433.6 |   682M |  40 |1125 |1351 |2619 | 884k|  2 |  23k|  11 | 0.000000e+00 |      --      |    Inf |  28.50%
 9384s|115500 |  2899 | 50123k| 433.9 |   684M |  40 |1125 |1351 |2942 | 886k|  2 |  23k|  11 | 0.000000e+00 |      --      |    Inf |  28.56%
 9394s|115600 |  2896 | 50171k| 434.0 |   684M |  40 |1125 |1351 |2892 | 886k|  2 |  23k|  11 | 0.000000e+00 |      --      |    Inf |  28.56%
 9404s|115700 |  2892 | 50220k| 434.0 |   684M |  40 |1125 |1351 |2936 | 887k|  0 |  23k|  11 | 0.000000e+00 |      --      |    Inf |  28.57%
 time | node  | left  |LP iter|LP it/n|mem/heur|mdpt |vars |cons |rows |cuts |sepa|confs|strbr|  dualbound   | primalbound  |  gap   | compl. 
 9410s|115800 |  2901 | 50247k| 433.9 |   684M |  40 |1125 |1351 |   0 | 888k|  0 |  23k|  11 | 0.000000e+00 |      --      |    Inf |  28.59%
 9416s|115900 |  2906 | 50270k| 433.7 |   684M |  40 |1125 |1351 |3337 | 888k|  0 |  23k|  11 | 0.000000e+00 |      --      |    Inf |  28.60%
 9422s|116000 |  2902 | 50297k| 433.6 |   684M |  40 |1125 |1351 |2679 | 888k|  2 |  23k|  11 | 0.000000e+00 |      --      |    Inf |  28.61%
 9427s|116100 |  2898 | 50320k| 433.4 |   684M |  40 |1125 |1351 |   0 | 888k|  0 |  23k|  11 | 0.000000e+00 |      --      |    Inf |  28.61%
 9432s|116200 |  2891 | 50347k| 433.3 |   684M |  40 |1125 |1351 |2517 | 889k|  0 |  23k|  11 | 0.000000e+00 |      --      |    Inf |  28.63%
 9438s|116300 |  2894 | 50370k| 433.1 |   684M |  40 |1125 |1351 |2727 | 889k|  1 |  23k|  11 | 0.000000e+00 |      --      |    Inf |  28.64%
 9446s|116400 |  2878 | 50405k| 433.0 |   684M |  40 |1125 |1351 |2421 | 890k|  2 |  23k|  11 | 0.000000e+00 |      --      |    Inf |  28.65%
 9455s|116500 |  2876 | 50444k| 433.0 |   684M |  40 |1125 |1351 |3252 | 890k|  0 |  23k|  11 | 0.000000e+00 |      --      |    Inf |  28.66%
 9460s|116600 |  2894 | 50467k| 432.8 |   684M |  40 |1125 |1351 |2700 | 891k|  2 |  23k|  11 | 0.000000e+00 |      --      |    Inf |  28.66%
 9466s|116700 |  2880 | 50494k| 432.7 |   684M |  40 |1125 |1350 |2712 | 891k|  1 |  23k|  11 | 0.000000e+00 |      --      |    Inf |  28.66%
 9472s|116800 |  2874 | 50520k| 432.5 |   684M |  40 |1125 |1352 |2856 | 891k|  0 |  23k|  11 | 0.000000e+00 |      --      |    Inf |  28.68%
 9477s|116900 |  2862 | 50541k| 432.3 |   684M |  40 |1125 |1353 |3465 | 892k|  1 |  23k|  11 | 0.000000e+00 |      --      |    Inf |  28.69%
 9478s|117000 |  2864 | 50546k| 432.0 |   684M |  40 |1125 |1354 |2662 | 892k|  1 |  23k|  11 | 0.000000e+00 |      --      |    Inf |  29.57%
 9481s|117100 |  2851 | 50556k| 431.7 |   684M |  40 |1125 |1353 |   0 | 892k|  0 |  23k|  11 | 0.000000e+00 |      --      |    Inf |  30.13%
 9485s|117200 |  2857 | 50573k| 431.5 |   684M |  40 |1125 |1352 |2927 | 892k|  2 |  23k|  11 | 0.000000e+00 |      --      |    Inf |  30.17%
 time | node  | left  |LP iter|LP it/n|mem/heur|mdpt |vars |cons |rows |cuts |sepa|confs|strbr|  dualbound   | primalbound  |  gap   | compl. 
 9490s|117300 |  2858 | 50596k| 431.3 |   684M |  40 |1125 |1352 |2915 | 892k|  2 |  23k|  11 | 0.000000e+00 |      --      |    Inf |  30.19%
 9495s|117400 |  2859 | 50620k| 431.2 |   684M |  40 |1125 |1353 |2927 | 893k|  0 |  23k|  11 | 0.000000e+00 |      --      |    Inf |  30.19%
 9500s|117500 |  2856 | 50642k| 431.0 |   684M |  40 |1125 |1355 |2940 | 893k|  2 |  23k|  11 | 0.000000e+00 |      --      |    Inf |  30.19%
 9507s|117600 |  2855 | 50676k| 430.9 |   684M |  40 |1125 |1352 |2951 | 893k|  0 |  23k|  11 | 0.000000e+00 |      --      |    Inf |  30.19%
 9514s|117700 |  2854 | 50709k| 430.8 |   684M |  40 |1125 |1352 |2852 | 893k|  0 |  23k|  11 | 0.000000e+00 |      --      |    Inf |  30.20%
 9519s|117800 |  2853 | 50732k| 430.6 |   684M |  40 |1125 |1352 |2858 | 894k|  0 |  23k|  11 | 0.000000e+00 |      --      |    Inf |  30.20%
 9522s|117900 |  2854 | 50746k| 430.4 |   684M |  40 |1125 |1352 |2622 | 894k|  2 |  23k|  11 | 0.000000e+00 |      --      |    Inf |  30.22%
 9526s|118000 |  2849 | 50764k| 430.2 |   684M |  40 |1125 |1352 |2547 | 894k|  2 |  23k|  11 | 0.000000e+00 |      --      |    Inf |  30.23%
 9531s|118100 |  2840 | 50789k| 430.0 |   686M |  40 |1125 |1352 |3165 | 894k|  1 |  23k|  11 | 0.000000e+00 |      --      |    Inf |  30.24%
 9537s|118200 |  2837 | 50810k| 429.8 |   687M |  40 |1125 |1352 |2864 | 895k|  0 |  23k|  11 | 0.000000e+00 |      --      |    Inf |  30.26%
 9546s|118300 |  2825 | 50847k| 429.8 |   687M |  40 |1125 |1352 |2858 | 895k|  0 |  23k|  11 | 0.000000e+00 |      --      |    Inf |  30.30%
 9550s|118400 |  2829 | 50866k| 429.6 |   687M |  40 |1125 |1352 |2676 | 896k|  2 |  23k|  11 | 0.000000e+00 |      --      |    Inf |  30.33%
 9556s|118500 |  2828 | 50894k| 429.5 |   688M |  40 |1125 |1352 |3080 | 896k|  2 |  24k|  11 | 0.000000e+00 |      --      |    Inf |  30.33%
 9562s|118600 |  2827 | 50920k| 429.3 |   688M |  40 |1125 |1352 |2911 | 896k|  2 |  24k|  11 | 0.000000e+00 |      --      |    Inf |  30.33%
 9568s|118700 |  2825 | 50945k| 429.2 |   688M |  40 |1125 |1352 |2873 | 897k|  2 |  24k|  11 | 0.000000e+00 |      --      |    Inf |  30.34%
 time | node  | left  |LP iter|LP it/n|mem/heur|mdpt |vars |cons |rows |cuts |sepa|confs|strbr|  dualbound   | primalbound  |  gap   | compl. 
 9572s|118800 |  2820 | 50966k| 429.0 |   688M |  40 |1125 |1353 |   0 | 897k|  0 |  24k|  11 | 0.000000e+00 |      --      |    Inf |  30.37%
 9578s|118900 |  2813 | 50988k| 428.8 |   689M |  40 |1125 |1353 |3188 | 897k|  1 |  24k|  11 | 0.000000e+00 |      --      |    Inf |  30.40%
 9583s|119000 |  2811 | 51013k| 428.7 |   689M |  40 |1125 |1353 |2989 | 897k|  2 |  24k|  11 | 0.000000e+00 |      --      |    Inf |  30.43%
 9589s|119100 |  2815 | 51038k| 428.5 |   689M |  40 |1125 |1352 |2463 | 898k|  2 |  24k|  11 | 0.000000e+00 |      --      |    Inf |  30.43%
 9593s|119200 |  2822 | 51057k| 428.3 |   689M |  40 |1125 |1353 |2379 | 899k|  2 |  24k|  11 | 0.000000e+00 |      --      |    Inf |  30.44%
 9597s|119300 |  2825 | 51077k| 428.1 |   689M |  40 |1125 |1353 |2402 | 900k|  0 |  24k|  11 | 0.000000e+00 |      --      |    Inf |  30.45%
 9601s|119400 |  2816 | 51094k| 427.9 |   689M |  40 |1125 |1353 |2462 | 901k|  2 |  24k|  11 | 0.000000e+00 |      --      |    Inf |  30.46%
 9605s|119500 |  2811 | 51108k| 427.7 |   689M |  40 |1125 |1353 |   0 | 901k|  0 |  24k|  11 | 0.000000e+00 |      --      |    Inf |  30.47%
 9609s|119600 |  2805 | 51128k| 427.5 |   689M |  40 |1125 |1353 |3188 | 901k|  1 |  24k|  11 | 0.000000e+00 |      --      |    Inf |  30.48%
 9613s|119700 |  2809 | 51145k| 427.3 |   689M |  40 |1125 |1352 |2919 | 902k|  2 |  24k|  11 | 0.000000e+00 |      --      |    Inf |  30.49%
 9618s|119800 |  2807 | 51166k| 427.1 |   689M |  40 |1125 |1351 |3534 | 902k|  0 |  24k|  11 | 0.000000e+00 |      --      |    Inf |  30.52%
 9622s|119900 |  2805 | 51184k| 426.9 |   689M |  40 |1125 |1353 |2392 | 903k|  2 |  24k|  11 | 0.000000e+00 |      --      |    Inf |  30.55%
 9628s|120000 |  2808 | 51204k| 426.7 |   689M |  40 |1125 |1353 |3566 | 903k|  1 |  24k|  11 | 0.000000e+00 |      --      |    Inf |  30.56%
 9636s|120100 |  2805 | 51235k| 426.6 |   691M |  40 |1125 |1353 |2745 | 903k|  2 |  24k|  11 | 0.000000e+00 |      --      |    Inf |  30.57%
 9642s|120200 |  2814 | 51260k| 426.4 |   691M |  40 |1125 |1353 |3205 | 903k|  1 |  24k|  11 | 0.000000e+00 |      --      |    Inf |  30.57%
 time | node  | left  |LP iter|LP it/n|mem/heur|mdpt |vars |cons |rows |cuts |sepa|confs|strbr|  dualbound   | primalbound  |  gap   | compl. 
 9648s|120300 |  2816 | 51284k| 426.3 |   691M |  40 |1125 |1352 |3207 | 903k|  1 |  24k|  11 | 0.000000e+00 |      --      |    Inf |  30.60%
 9653s|120400 |  2810 | 51308k| 426.1 |   691M |  40 |1125 |1352 |3213 | 904k|  0 |  24k|  11 | 0.000000e+00 |      --      |    Inf |  30.63%
 9657s|120500 |  2810 | 51326k| 425.9 |   691M |  40 |1125 |1351 |3222 | 904k|  0 |  24k|  11 | 0.000000e+00 |      --      |    Inf |  30.64%
 9663s|120600 |  2799 | 51352k| 425.8 |   691M |  40 |1125 |1352 |2971 | 904k|  1 |  24k|  11 | 0.000000e+00 |      --      |    Inf |  30.67%
 9667s|120700 |  2802 | 51372k| 425.6 |   691M |  40 |1125 |1352 |   0 | 904k|  0 |  24k|  11 | 0.000000e+00 |      --      |    Inf |  30.67%
 9675s|120800 |  2795 | 51402k| 425.5 |   691M |  40 |1125 |1352 |3029 | 905k|  1 |  24k|  11 | 0.000000e+00 |      --      |    Inf |  30.68%
 9685s|120900 |  2792 | 51446k| 425.5 |   691M |  40 |1125 |1352 |2803 | 905k|  0 |  24k|  11 | 0.000000e+00 |      --      |    Inf |  30.68%
 9690s|121000 |  2794 | 51465k| 425.3 |   691M |  40 |1125 |1352 |3058 | 906k|  0 |  24k|  11 | 0.000000e+00 |      --      |    Inf |  30.69%
 9693s|121100 |  2803 | 51481k| 425.1 |   691M |  40 |1125 |1351 |3056 | 906k|  2 |  24k|  11 | 0.000000e+00 |      --      |    Inf |  30.69%
 9698s|121200 |  2791 | 51502k| 424.9 |   691M |  40 |1125 |1351 |   0 | 906k|  0 |  24k|  11 | 0.000000e+00 |      --      |    Inf |  30.69%
 9704s|121300 |  2795 | 51530k| 424.8 |   691M |  40 |1125 |1351 |2665 | 907k|  0 |  24k|  11 | 0.000000e+00 |      --      |    Inf |  30.74%
 9709s|121400 |  2796 | 51551k| 424.6 |   691M |  40 |1125 |1351 |2686 | 907k|  2 |  24k|  11 | 0.000000e+00 |      --      |    Inf |  30.74%
 9714s|121500 |  2795 | 51576k| 424.5 |   691M |  40 |1125 |1351 |2696 | 907k|  2 |  24k|  11 | 0.000000e+00 |      --      |    Inf |  30.74%
 9720s|121600 |  2797 | 51603k| 424.3 |   691M |  40 |1125 |1351 |2713 | 907k|  0 |  24k|  11 | 0.000000e+00 |      --      |    Inf |  30.74%
 9725s|121700 |  2794 | 51628k| 424.2 |   691M |  40 |1125 |1351 |   0 | 908k|  0 |  24k|  11 | 0.000000e+00 |      --      |    Inf |  30.75%
 time | node  | left  |LP iter|LP it/n|mem/heur|mdpt |vars |cons |rows |cuts |sepa|confs|strbr|  dualbound   | primalbound  |  gap   | compl. 
 9732s|121800 |  2802 | 51656k| 424.1 |   691M |  40 |1125 |1351 |2984 | 908k|  2 |  24k|  11 | 0.000000e+00 |      --      |    Inf |  30.75%
 9738s|121900 |  2795 | 51683k| 424.0 |   691M |  40 |1125 |1351 |   0 | 909k|  0 |  24k|  11 | 0.000000e+00 |      --      |    Inf |  30.77%
 9746s|122000 |  2812 | 51714k| 423.9 |   691M |  40 |1125 |1351 |3061 | 909k|  2 |  24k|  11 | 0.000000e+00 |      --      |    Inf |  30.77%
 9754s|122100 |  2816 | 51749k| 423.8 |   691M |  40 |1125 |1351 |3061 | 910k|  0 |  24k|  11 | 0.000000e+00 |      --      |    Inf |  30.78%
 9761s|122200 |  2814 | 51780k| 423.7 |   691M |  40 |1125 |1351 |3046 | 910k|  2 |  24k|  11 | 0.000000e+00 |      --      |    Inf |  30.78%
 9768s|122300 |  2809 | 51808k| 423.6 |   691M |  40 |1125 |1352 |3065 | 910k|  1 |  24k|  11 | 0.000000e+00 |      --      |    Inf |  30.78%
 9776s|122400 |  2808 | 51842k| 423.5 |   691M |  40 |1125 |1352 |3116 | 910k|  0 |  24k|  11 | 0.000000e+00 |      --      |    Inf |  30.78%
 9788s|122500 |  2810 | 51898k| 423.6 |   691M |  40 |1125 |1351 |3170 | 911k|  2 |  24k|  11 | 0.000000e+00 |      --      |    Inf |  30.78%
 9801s|122600 |  2808 | 51954k| 423.8 |   691M |  40 |1125 |1351 |3213 | 911k|  2 |  24k|  11 | 0.000000e+00 |      --      |    Inf |  30.79%
 9816s|122700 |  2799 | 52017k| 423.9 |   691M |  40 |1125 |1352 |3169 | 911k|  2 |  24k|  11 | 0.000000e+00 |      --      |    Inf |  30.79%
 9831s|122800 |  2798 | 52084k| 424.1 |   692M |  40 |1125 |1351 |2952 | 912k|  0 |  24k|  11 | 0.000000e+00 |      --      |    Inf |  30.82%
 9842s|122900 |  2800 | 52132k| 424.2 |   692M |  40 |1125 |1351 |3114 | 912k|  2 |  24k|  11 | 0.000000e+00 |      --      |    Inf |  30.82%
 9855s|123000 |  2785 | 52188k| 424.3 |   693M |  40 |1125 |1351 |2901 | 913k|  2 |  24k|  11 | 0.000000e+00 |      --      |    Inf |  30.83%
 9867s|123100 |  2785 | 52240k| 424.4 |   693M |  40 |1125 |1351 |   0 | 914k|  0 |  25k|  11 | 0.000000e+00 |      --      |    Inf |  30.85%
 9877s|123200 |  2776 | 52287k| 424.4 |   693M |  40 |1125 |1351 |   0 | 914k|  0 |  25k|  11 | 0.000000e+00 |      --      |    Inf |  30.86%
 time | node  | left  |LP iter|LP it/n|mem/heur|mdpt |vars |cons |rows |cuts |sepa|confs|strbr|  dualbound   | primalbound  |  gap   | compl. 
 9888s|123300 |  2774 | 52333k| 424.4 |   693M |  40 |1125 |1351 |3831 | 915k|  0 |  25k|  11 | 0.000000e+00 |      --      |    Inf |  30.91%
 9902s|123400 |  2790 | 52395k| 424.6 |   693M |  40 |1125 |1351 |3118 | 916k|  2 |  25k|  11 | 0.000000e+00 |      --      |    Inf |  30.93%
 9915s|123500 |  2784 | 52451k| 424.7 |   694M |  40 |1125 |1351 |3503 | 917k|  0 |  25k|  11 | 0.000000e+00 |      --      |    Inf |  30.94%
 9928s|123600 |  2780 | 52509k| 424.8 |   695M |  40 |1125 |1351 |2817 | 917k|  0 |  25k|  11 | 0.000000e+00 |      --      |    Inf |  30.96%
 9942s|123700 |  2769 | 52567k| 424.9 |   695M |  40 |1125 |1351 |2946 | 918k|  2 |  25k|  11 | 0.000000e+00 |      --      |    Inf |  30.98%
 9962s|123800 |  2773 | 52654k| 425.3 |   695M |  40 |1125 |1351 |3168 | 919k|  2 |  25k|  11 | 0.000000e+00 |      --      |    Inf |  31.13%
 9979s|123900 |  2770 | 52726k| 425.5 |   695M |  40 |1125 |1352 |   0 | 920k|  0 |  25k|  11 | 0.000000e+00 |      --      |    Inf |  31.13%
 9992s|124000 |  2772 | 52783k| 425.7 |   695M |  40 |1125 |1351 |   0 | 921k|  0 |  25k|  11 | 0.000000e+00 |      --      |    Inf |  31.14%
  167m|124100 |  2780 | 52832k| 425.7 |   695M |  40 |1125 |1351 |3147 | 921k|  1 |  25k|  11 | 0.000000e+00 |      --      |    Inf |  31.17%
  167m|124200 |  2772 | 52875k| 425.7 |   695M |  40 |1125 |1352 |   0 | 922k|  0 |  25k|  11 | 0.000000e+00 |      --      |    Inf |  31.32%
  167m|124300 |  2773 | 52942k| 425.9 |   697M |  40 |1125 |1353 |2843 | 923k|  0 |  25k|  11 | 0.000000e+00 |      --      |    Inf |  31.33%
  167m|124400 |  2771 | 53000k| 426.0 |   697M |  40 |1125 |1350 |2585 | 924k|  2 |  25k|  11 | 0.000000e+00 |      --      |    Inf |  31.40%
  168m|124500 |  2775 | 53051k| 426.1 |   697M |  40 |1125 |1350 |   0 | 924k|  0 |  25k|  11 | 0.000000e+00 |      --      |    Inf |  31.41%
  168m|124600 |  2780 | 53110k| 426.2 |   697M |  40 |1125 |1350 |3026 | 925k|  1 |  25k|  11 | 0.000000e+00 |      --      |    Inf |  31.42%
  168m|124700 |  2782 | 53156k| 426.3 |   697M |  40 |1125 |1350 |3042 | 925k|  1 |  25k|  11 | 0.000000e+00 |      --      |    Inf |  31.42%
 time | node  | left  |LP iter|LP it/n|mem/heur|mdpt |vars |cons |rows |cuts |sepa|confs|strbr|  dualbound   | primalbound  |  gap   | compl. 
  168m|124800 |  2772 | 53203k| 426.3 |   697M |  40 |1125 |1350 |3332 | 925k|  0 |  25k|  11 | 0.000000e+00 |      --      |    Inf |  31.47%
  168m|124900 |  2776 | 53243k| 426.3 |   697M |  40 |1125 |1350 |3044 | 926k|  0 |  25k|  11 | 0.000000e+00 |      --      |    Inf |  31.47%
  168m|125000 |  2774 | 53290k| 426.3 |   697M |  40 |1125 |1350 |3078 | 926k|  2 |  25k|  11 | 0.000000e+00 |      --      |    Inf |  31.47%
  169m|125100 |  2766 | 53345k| 426.4 |   697M |  40 |1125 |1350 |3188 | 927k|  0 |  25k|  11 | 0.000000e+00 |      --      |    Inf |  31.47%
  169m|125200 |  2764 | 53403k| 426.5 |   697M |  40 |1125 |1351 |3204 | 928k|  2 |  25k|  11 | 0.000000e+00 |      --      |    Inf |  31.47%
  169m|125300 |  2761 | 53452k| 426.6 |   697M |  40 |1125 |1351 |2912 | 929k|  2 |  25k|  11 | 0.000000e+00 |      --      |    Inf |  31.53%
  169m|125400 |  2763 | 53513k| 426.7 |   697M |  40 |1125 |1351 |3252 | 930k|  0 |  25k|  11 | 0.000000e+00 |      --      |    Inf |  31.54%
  169m|125500 |  2758 | 53561k| 426.8 |   697M |  40 |1125 |1352 |3527 | 931k|  1 |  25k|  11 | 0.000000e+00 |      --      |    Inf |  31.54%
  170m|125600 |  2762 | 53627k| 426.9 |   697M |  40 |1125 |1353 |2651 | 931k|  0 |  25k|  11 | 0.000000e+00 |      --      |    Inf |  31.55%
  170m|125700 |  2758 | 53671k| 427.0 |   697M |  40 |1125 |1351 |2945 | 932k|  1 |  25k|  11 | 0.000000e+00 |      --      |    Inf |  31.58%
  170m|125800 |  2755 | 53709k| 426.9 |   698M |  40 |1125 |1351 |   0 | 932k|  0 |  25k|  11 | 0.000000e+00 |      --      |    Inf |  31.59%
  170m|125900 |  2757 | 53771k| 427.1 |   698M |  40 |1125 |1351 |3072 | 934k|  2 |  25k|  11 | 0.000000e+00 |      --      |    Inf |  31.60%
  170m|126000 |  2749 | 53834k| 427.2 |   698M |  40 |1125 |1352 |2549 | 934k|  2 |  25k|  11 | 0.000000e+00 |      --      |    Inf |  31.60%
  171m|126100 |  2769 | 53902k| 427.4 |   698M |  40 |1125 |1352 |3190 | 935k|  2 |  25k|  11 | 0.000000e+00 |      --      |    Inf |  31.61%
  171m|126200 |  2767 | 53945k| 427.4 |   698M |  40 |1125 |1352 |   0 | 936k|  0 |  25k|  11 | 0.000000e+00 |      --      |    Inf |  31.61%
 time | node  | left  |LP iter|LP it/n|mem/heur|mdpt |vars |cons |rows |cuts |sepa|confs|strbr|  dualbound   | primalbound  |  gap   | compl. 
  171m|126300 |  2753 | 53990k| 427.5 |   698M |  40 |1125 |1352 |2750 | 936k|  2 |  25k|  11 | 0.000000e+00 |      --      |    Inf |  31.63%
  171m|126400 |  2765 | 54052k| 427.6 |   698M |  40 |1125 |1352 |2947 | 937k|  2 |  25k|  11 | 0.000000e+00 |      --      |    Inf |  31.63%
  171m|126500 |  2762 | 54106k| 427.7 |   698M |  40 |1125 |1351 |2954 | 938k|  2 |  25k|  11 | 0.000000e+00 |      --      |    Inf |  31.63%
  172m|126600 |  2760 | 54160k| 427.8 |   698M |  40 |1125 |1351 |2975 | 938k|  0 |  25k|  11 | 0.000000e+00 |      --      |    Inf |  31.63%
  172m|126700 |  2768 | 54208k| 427.8 |   698M |  40 |1125 |1351 |3031 | 939k|  0 |  25k|  11 | 0.000000e+00 |      --      |    Inf |  31.63%
  172m|126800 |  2761 | 54261k| 427.9 |   698M |  40 |1125 |1351 |2890 | 939k|  2 |  25k|  11 | 0.000000e+00 |      --      |    Inf |  31.63%
  172m|126900 |  2762 | 54323k| 428.1 |   698M |  40 |1125 |1351 |3049 | 940k|  0 |  25k|  11 | 0.000000e+00 |      --      |    Inf |  31.63%
  173m|127000 |  2759 | 54393k| 428.3 |   698M |  40 |1125 |1351 |2990 | 940k|  2 |  25k|  11 | 0.000000e+00 |      --      |    Inf |  31.63%
  173m|127100 |  2749 | 54475k| 428.6 |   698M |  40 |1125 |1352 |3241 | 941k|  2 |  25k|  11 | 0.000000e+00 |      --      |    Inf |  31.64%
  173m|127200 |  2746 | 54527k| 428.7 |   698M |  40 |1125 |1352 |2484 | 942k|  0 |  25k|  11 | 0.000000e+00 |      --      |    Inf |  31.69%
  173m|127300 |  2739 | 54583k| 428.8 |   698M |  40 |1125 |1351 |3082 | 943k|  2 |  25k|  11 | 0.000000e+00 |      --      |    Inf |  31.73%
  173m|127400 |  2729 | 54635k| 428.8 |   698M |  40 |1125 |1351 |2628 | 943k|  2 |  25k|  11 | 0.000000e+00 |      --      |    Inf |  31.73%
  174m|127500 |  2731 | 54694k| 429.0 |   698M |  40 |1125 |1351 |3215 | 944k|  0 |  25k|  11 | 0.000000e+00 |      --      |    Inf |  31.75%
  174m|127600 |  2732 | 54743k| 429.0 |   698M |  40 |1125 |1352 |2858 | 945k|  0 |  25k|  11 | 0.000000e+00 |      --      |    Inf |  31.77%
  174m|127700 |  2736 | 54792k| 429.0 |   698M |  40 |1125 |1351 |   0 | 946k|  0 |  25k|  11 | 0.000000e+00 |      --      |    Inf |  31.77%
 time | node  | left  |LP iter|LP it/n|mem/heur|mdpt |vars |cons |rows |cuts |sepa|confs|strbr|  dualbound   | primalbound  |  gap   | compl. 
  174m|127800 |  2730 | 54840k| 429.1 |   698M |  40 |1125 |1351 |2488 | 946k|  2 |  25k|  11 | 0.000000e+00 |      --      |    Inf |  31.77%
  175m|127900 |  2732 | 54918k| 429.4 |   698M |  40 |1125 |1351 |2975 | 948k|  2 |  25k|  11 | 0.000000e+00 |      --      |    Inf |  31.79%
  175m|128000 |  2738 | 54984k| 429.5 |   698M |  40 |1125 |1351 |   0 | 948k|  0 |  25k|  11 | 0.000000e+00 |      --      |    Inf |  31.80%
  175m|128100 |  2737 | 55034k| 429.6 |   698M |  40 |1125 |1352 |   0 | 949k|  0 |  25k|  11 | 0.000000e+00 |      --      |    Inf |  31.83%
  175m|128200 |  2738 | 55077k| 429.6 |   698M |  40 |1125 |1352 |3021 | 950k|  0 |  26k|  11 | 0.000000e+00 |      --      |    Inf |  31.86%
  175m|128300 |  2736 | 55110k| 429.5 |   698M |  40 |1125 |1353 |2977 | 950k|  2 |  26k|  11 | 0.000000e+00 |      --      |    Inf |  31.93%
  175m|128400 |  2724 | 55165k| 429.6 |   698M |  40 |1125 |1353 |2898 | 951k|  0 |  26k|  11 | 0.000000e+00 |      --      |    Inf |  31.98%
  176m|128500 |  2730 | 55235k| 429.8 |   698M |  40 |1125 |1351 |2871 | 952k|  2 |  26k|  11 | 0.000000e+00 |      --      |    Inf |  31.98%
  176m|128600 |  2727 | 55318k| 430.1 |   698M |  40 |1125 |1351 |3002 | 953k|  0 |  26k|  11 | 0.000000e+00 |      --      |    Inf |  31.99%
  176m|128700 |  2725 | 55365k| 430.2 |   698M |  40 |1125 |1351 |3047 | 953k|  0 |  26k|  11 | 0.000000e+00 |      --      |    Inf |  31.99%
  176m|128800 |  2734 | 55422k| 430.3 |   699M |  40 |1125 |1351 |3019 | 954k|  0 |  26k|  11 | 0.000000e+00 |      --      |    Inf |  31.99%
  177m|128900 |  2729 | 55467k| 430.3 |   699M |  40 |1125 |1351 |2965 | 954k|  2 |  26k|  11 | 0.000000e+00 |      --      |    Inf |  32.00%
  177m|129000 |  2732 | 55511k| 430.3 |   699M |  40 |1125 |1351 |3586 | 955k|  0 |  26k|  11 | 0.000000e+00 |      --      |    Inf |  32.00%
  177m|129100 |  2740 | 55561k| 430.4 |   699M |  40 |1125 |1351 |3582 | 955k|  2 |  26k|  11 | 0.000000e+00 |      --      |    Inf |  32.00%
  177m|129200 |  2727 | 55626k| 430.5 |   700M |  40 |1125 |1351 |3561 | 955k|  2 |  26k|  11 | 0.000000e+00 |      --      |    Inf |  32.00%
 time | node  | left  |LP iter|LP it/n|mem/heur|mdpt |vars |cons |rows |cuts |sepa|confs|strbr|  dualbound   | primalbound  |  gap   | compl. 
  177m|129300 |  2727 | 55687k| 430.7 |   700M |  40 |1125 |1351 |3562 | 955k|  1 |  26k|  11 | 0.000000e+00 |      --      |    Inf |  32.00%
  178m|129400 |  2729 | 55730k| 430.7 |   700M |  40 |1125 |1351 |2661 | 956k|  0 |  26k|  11 | 0.000000e+00 |      --      |    Inf |  32.04%
  178m|129500 |  2730 | 55793k| 430.8 |   700M |  40 |1125 |1352 |2877 | 957k|  0 |  26k|  11 | 0.000000e+00 |      --      |    Inf |  32.05%
  178m|129600 |  2729 | 55855k| 431.0 |   700M |  40 |1125 |1352 |   0 | 958k|  0 |  26k|  11 | 0.000000e+00 |      --      |    Inf |  32.05%
  178m|129700 |  2727 | 55919k| 431.1 |   700M |  40 |1125 |1352 |3525 | 959k|  1 |  26k|  11 | 0.000000e+00 |      --      |    Inf |  32.05%
  178m|129800 |  2726 | 55965k| 431.1 |   700M |  40 |1125 |1351 |3566 | 959k|  1 |  26k|  11 | 0.000000e+00 |      --      |    Inf |  32.05%
  179m|129900 |  2726 | 56022k| 431.3 |   700M |  40 |1125 |1351 |2944 | 960k|  2 |  26k|  11 | 0.000000e+00 |      --      |    Inf |  32.08%
  179m|130000 |  2726 | 56081k| 431.4 |   700M |  40 |1125 |1351 |2983 | 960k|  0 |  26k|  11 | 0.000000e+00 |      --      |    Inf |  32.08%
  179m|130100 |  2727 | 56108k| 431.3 |   700M |  40 |1125 |1352 |3362 | 961k|  2 |  26k|  11 | 0.000000e+00 |      --      |    Inf |  32.08%
  179m|130200 |  2724 | 56157k| 431.3 |   700M |  40 |1125 |1354 |3000 | 961k|  2 |  26k|  11 | 0.000000e+00 |      --      |    Inf |  32.08%
  179m|130300 |  2729 | 56217k| 431.4 |   700M |  40 |1125 |1353 |2689 | 963k|  2 |  26k|  11 | 0.000000e+00 |      --      |    Inf |  32.10%
  180m|130400 |  2728 | 56278k| 431.6 |   700M |  40 |1125 |1353 |2812 | 964k|  2 |  26k|  11 | 0.000000e+00 |      --      |    Inf |  32.11%
  180m|130500 |  2721 | 56335k| 431.7 |   700M |  40 |1125 |1353 |   0 | 965k|  0 |  26k|  11 | 0.000000e+00 |      --      |    Inf |  32.11%
  180m|130600 |  2723 | 56389k| 431.8 |   700M |  40 |1125 |1352 |2597 | 966k|  2 |  26k|  11 | 0.000000e+00 |      --      |    Inf |  32.12%
  180m|130700 |  2724 | 56438k| 431.8 |   700M |  40 |1125 |1354 |2852 | 967k|  2 |  26k|  11 | 0.000000e+00 |      --      |    Inf |  32.15%
 time | node  | left  |LP iter|LP it/n|mem/heur|mdpt |vars |cons |rows |cuts |sepa|confs|strbr|  dualbound   | primalbound  |  gap   | compl. 
  180m|130800 |  2722 | 56486k| 431.8 |   700M |  40 |1125 |1354 |3045 | 967k|  2 |  26k|  11 | 0.000000e+00 |      --      |    Inf |  32.15%
  181m|130900 |  2718 | 56541k| 431.9 |   700M |  40 |1125 |1354 |3166 | 968k|  2 |  26k|  11 | 0.000000e+00 |      --      |    Inf |  32.15%
  181m|131000 |  2721 | 56605k| 432.1 |   700M |  40 |1125 |1354 |3024 | 969k|  2 |  26k|  11 | 0.000000e+00 |      --      |    Inf |  32.18%
  181m|131100 |  2723 | 56642k| 432.0 |   700M |  40 |1125 |1353 |3134 | 969k|  2 |  26k|  11 | 0.000000e+00 |      --      |    Inf |  32.18%
  181m|131200 |  2724 | 56671k| 431.9 |   700M |  40 |1125 |1352 |2964 | 970k|  0 |  26k|  11 | 0.000000e+00 |      --      |    Inf |  32.18%
  181m|131300 |  2717 | 56703k| 431.8 |   700M |  40 |1125 |1353 |2934 | 970k|  2 |  26k|  11 | 0.000000e+00 |      --      |    Inf |  32.18%
  181m|131400 |  2709 | 56726k| 431.7 |   700M |  40 |1125 |1353 |3328 | 970k|  0 |  26k|  11 | 0.000000e+00 |      --      |    Inf |  32.19%
  181m|131500 |  2704 | 56761k| 431.6 |   700M |  40 |1125 |1352 |2516 | 971k|  1 |  26k|  11 | 0.000000e+00 |      --      |    Inf |  32.20%
  182m|131600 |  2700 | 56797k| 431.6 |   700M |  40 |1125 |1352 |   0 | 971k|  0 |  26k|  11 | 0.000000e+00 |      --      |    Inf |  32.22%
  182m|131700 |  2697 | 56828k| 431.5 |   700M |  40 |1125 |1352 |3036 | 971k|  0 |  26k|  11 | 0.000000e+00 |      --      |    Inf |  32.27%
  182m|131800 |  2686 | 56853k| 431.3 |   700M |  40 |1125 |1352 |2618 | 972k|  0 |  26k|  11 | 0.000000e+00 |      --      |    Inf |  32.30%
  182m|131900 |  2676 | 56871k| 431.1 |   700M |  40 |1125 |1352 |3017 | 972k|  0 |  26k|  11 | 0.000000e+00 |      --      |    Inf |  32.35%
  182m|132000 |  2671 | 56891k| 431.0 |   700M |  40 |1125 |1353 |2748 | 973k|  3 |  26k|  11 | 0.000000e+00 |      --      |    Inf |  32.35%
  182m|132100 |  2675 | 56923k| 430.9 |   700M |  40 |1125 |1353 |2953 | 973k|  0 |  26k|  11 | 0.000000e+00 |      --      |    Inf |  32.41%
  182m|132200 |  2677 | 56942k| 430.7 |   701M |  40 |1125 |1354 |2856 | 973k|  2 |  26k|  11 | 0.000000e+00 |      --      |    Inf |  32.48%
 time | node  | left  |LP iter|LP it/n|mem/heur|mdpt |vars |cons |rows |cuts |sepa|confs|strbr|  dualbound   | primalbound  |  gap   | compl. 
  182m|132300 |  2671 | 56968k| 430.6 |   701M |  40 |1125 |1355 |   0 | 974k|  0 |  26k|  11 | 0.000000e+00 |      --      |    Inf |  32.52%
  182m|132400 |  2673 | 56990k| 430.4 |   701M |  40 |1125 |1355 |2601 | 974k|  0 |  27k|  11 | 0.000000e+00 |      --      |    Inf |  32.54%
  183m|132500 |  2666 | 57047k| 430.5 |   701M |  40 |1125 |1355 |2621 | 975k|  2 |  27k|  11 | 0.000000e+00 |      --      |    Inf |  32.55%
  183m|132600 |  2675 | 57098k| 430.6 |   701M |  40 |1125 |1355 |3336 | 976k|  2 |  27k|  11 | 0.000000e+00 |      --      |    Inf |  32.59%
  183m|132700 |  2666 | 57141k| 430.6 |   701M |  40 |1125 |1355 |3069 | 977k|  2 |  27k|  11 | 0.000000e+00 |      --      |    Inf |  32.60%
  183m|132800 |  2662 | 57177k| 430.5 |   701M |  40 |1125 |1354 |2821 | 977k|  0 |  27k|  11 | 0.000000e+00 |      --      |    Inf |  32.61%
  183m|132900 |  2657 | 57196k| 430.4 |   702M |  40 |1125 |1354 |2871 | 977k|  2 |  27k|  11 | 0.000000e+00 |      --      |    Inf |  32.61%
  183m|133000 |  2654 | 57217k| 430.2 |   702M |  40 |1125 |1351 |2941 | 978k|  2 |  27k|  11 | 0.000000e+00 |      --      |    Inf |  32.61%
  183m|133100 |  2655 | 57244k| 430.1 |   702M |  40 |1125 |1352 |3084 | 978k|  2 |  27k|  11 | 0.000000e+00 |      --      |    Inf |  32.61%
  183m|133200 |  2653 | 57298k| 430.2 |   702M |  40 |1125 |1352 |3078 | 979k|  2 |  27k|  11 | 0.000000e+00 |      --      |    Inf |  32.65%
  184m|133300 |  2649 | 57392k| 430.5 |   702M |  40 |1125 |1353 |3121 | 981k|  2 |  27k|  11 | 0.000000e+00 |      --      |    Inf |  32.67%
  184m|133400 |  2657 | 57456k| 430.7 |   702M |  40 |1125 |1353 |2915 | 982k|  2 |  27k|  11 | 0.000000e+00 |      --      |    Inf |  32.87%
  184m|133500 |  2647 | 57522k| 430.9 |   702M |  40 |1125 |1353 |2978 | 982k|  2 |  27k|  11 | 0.000000e+00 |      --      |    Inf |  32.87%
  184m|133600 |  2652 | 57607k| 431.2 |   703M |  40 |1125 |1353 |3923 | 983k|  2 |  27k|  11 | 0.000000e+00 |      --      |    Inf |  32.88%
  184m|133700 |  2652 | 57668k| 431.3 |   705M |  40 |1125 |1351 |3924 | 984k|  0 |  27k|  11 | 0.000000e+00 |      --      |    Inf |  32.88%
 time | node  | left  |LP iter|LP it/n|mem/heur|mdpt |vars |cons |rows |cuts |sepa|confs|strbr|  dualbound   | primalbound  |  gap   | compl. 
  185m|133800 |  2646 | 57715k| 431.3 |   705M |  40 |1125 |1351 |3333 | 984k|  2 |  27k|  11 | 0.000000e+00 |      --      |    Inf |  32.89%
  185m|133900 |  2649 | 57772k| 431.4 |   705M |  40 |1125 |1351 |   0 | 985k|  0 |  27k|  11 | 0.000000e+00 |      --      |    Inf |  32.91%
  185m|134000 |  2648 | 57832k| 431.6 |   707M |  40 |1125 |1352 |2887 | 986k|  2 |  27k|  11 | 0.000000e+00 |      --      |    Inf |  32.93%
  185m|134100 |  2659 | 57873k| 431.6 |   707M |  40 |1125 |1352 |   0 | 987k|  0 |  27k|  11 | 0.000000e+00 |      --      |    Inf |  32.94%
  185m|134200 |  2665 | 57923k| 431.6 |   707M |  40 |1125 |1352 |2852 | 988k|  1 |  27k|  11 | 0.000000e+00 |      --      |    Inf |  32.97%
  185m|134300 |  2657 | 57967k| 431.6 |   707M |  40 |1125 |1352 |   0 | 989k|  0 |  27k|  11 | 0.000000e+00 |      --      |    Inf |  32.98%
  185m|134400 |  2644 | 58026k| 431.7 |   707M |  40 |1125 |1352 |3210 | 989k|  0 |  27k|  11 | 0.000000e+00 |      --      |    Inf |  33.00%
  185m|134500 |  2637 | 58075k| 431.8 |   707M |  40 |1125 |1352 |2834 | 990k|  0 |  27k|  11 | 0.000000e+00 |      --      |    Inf |  33.00%
  185m|134600 |  2639 | 58147k| 432.0 |   707M |  40 |1125 |1352 |3082 | 991k|  0 |  27k|  11 | 0.000000e+00 |      --      |    Inf |  33.01%
  185m|134700 |  2644 | 58193k| 432.0 |   708M |  40 |1125 |1352 |3776 | 991k|  1 |  27k|  11 | 0.000000e+00 |      --      |    Inf |  33.01%
  185m|134800 |  2642 | 58241k| 432.0 |   710M |  40 |1125 |1352 |3777 | 991k|  0 |  27k|  11 | 0.000000e+00 |      --      |    Inf |  33.01%
  185m|134900 |  2638 | 58292k| 432.1 |   711M |  40 |1125 |1352 |2773 | 992k|  2 |  27k|  11 | 0.000000e+00 |      --      |    Inf |  33.01%
  185m|135000 |  2637 | 58338k| 432.1 |   712M |  40 |1125 |1352 |   0 | 992k|  0 |  27k|  11 | 0.000000e+00 |      --      |    Inf |  33.02%
  186m|135100 |  2638 | 58400k| 432.3 |   712M |  40 |1125 |1352 |3256 | 993k|  0 |  27k|  11 | 0.000000e+00 |      --      |    Inf |  33.02%
  186m|135200 |  2645 | 58452k| 432.3 |   712M |  40 |1125 |1352 |3253 | 993k|  1 |  27k|  11 | 0.000000e+00 |      --      |    Inf |  33.02%
 time | node  | left  |LP iter|LP it/n|mem/heur|mdpt |vars |cons |rows |cuts |sepa|confs|strbr|  dualbound   | primalbound  |  gap   | compl. 
  186m|135300 |  2635 | 58515k| 432.5 |   712M |  40 |1125 |1352 |3253 | 993k|  2 |  27k|  11 | 0.000000e+00 |      --      |    Inf |  33.02%
  186m|135400 |  2632 | 58593k| 432.7 |   712M |  40 |1125 |1352 |2955 | 994k|  0 |  27k|  11 | 0.000000e+00 |      --      |    Inf |  33.04%
  186m|135500 |  2631 | 58653k| 432.8 |   712M |  40 |1125 |1352 |3327 | 995k|  0 |  27k|  11 | 0.000000e+00 |      --      |    Inf |  33.05%
  186m|135600 |  2625 | 58712k| 433.0 |   712M |  40 |1125 |1352 |3330 | 995k|  2 |  27k|  11 | 0.000000e+00 |      --      |    Inf |  33.05%
  186m|135700 |  2621 | 58777k| 433.1 |   712M |  40 |1125 |1352 |2740 | 995k|  0 |  27k|  11 | 0.000000e+00 |      --      |    Inf |  33.05%
  186m|135800 |  2619 | 58850k| 433.3 |   714M |  40 |1125 |1353 |3029 | 996k|  2 |  27k|  11 | 0.000000e+00 |      --      |    Inf |  33.16%
  186m|135900 |  2617 | 58904k| 433.4 |   714M |  40 |1125 |1352 |3356 | 997k|  2 |  27k|  11 | 0.000000e+00 |      --      |    Inf |  33.16%
  187m|136000 |  2620 | 58968k| 433.6 |   714M |  40 |1125 |1352 |3437 | 997k|  2 |  27k|  11 | 0.000000e+00 |      --      |    Inf |  33.16%
  187m|136100 |  2613 | 59021k| 433.6 |   714M |  40 |1125 |1352 |3369 | 997k|  2 |  27k|  11 | 0.000000e+00 |      --      |    Inf |  33.16%
  187m|136200 |  2602 | 59074k| 433.7 |   714M |  40 |1125 |1352 |   0 | 998k|  0 |  27k|  11 | 0.000000e+00 |      --      |    Inf |  33.17%
  187m|136300 |  2611 | 59152k| 434.0 |   714M |  40 |1125 |1352 |2982 | 999k|  0 |  27k|  11 | 0.000000e+00 |      --      |    Inf |  33.17%
  187m|136400 |  2608 | 59204k| 434.0 |   714M |  40 |1125 |1354 |2964 | 999k|  0 |  27k|  11 | 0.000000e+00 |      --      |    Inf |  33.17%
  187m|136500 |  2606 | 59259k| 434.1 |   714M |  40 |1125 |1354 |3000 |1000k|  0 |  27k|  11 | 0.000000e+00 |      --      |    Inf |  33.17%
  187m|136600 |  2614 | 59358k| 434.5 |   714M |  40 |1125 |1353 |3023 |1001k|  2 |  27k|  11 | 0.000000e+00 |      --      |    Inf |  33.18%
  187m|136700 |  2620 | 59435k| 434.8 |   714M |  40 |1125 |1352 |2679 |1002k|  2 |  27k|  11 | 0.000000e+00 |      --      |    Inf |  33.19%
 time | node  | left  |LP iter|LP it/n|mem/heur|mdpt |vars |cons |rows |cuts |sepa|confs|strbr|  dualbound   | primalbound  |  gap   | compl. 
  187m|136800 |  2614 | 59496k| 434.9 |   714M |  40 |1125 |1352 |2751 |1003k|  0 |  27k|  11 | 0.000000e+00 |      --      |    Inf |  33.40%
  188m|136900 |  2609 | 59548k| 435.0 |   714M |  40 |1125 |1352 |2899 |1004k|  0 |  27k|  11 | 0.000000e+00 |      --      |    Inf |  33.43%
  188m|137000 |  2612 | 59608k| 435.1 |   714M |  40 |1125 |1352 |3023 |1004k|  2 |  28k|  11 | 0.000000e+00 |      --      |    Inf |  33.47%
  188m|137100 |  2613 | 59667k| 435.2 |   714M |  40 |1125 |1353 |3005 |1005k|  2 |  28k|  11 | 0.000000e+00 |      --      |    Inf |  33.47%
  188m|137200 |  2602 | 59716k| 435.2 |   714M |  40 |1125 |1354 |3220 |1005k|  0 |  28k|  11 | 0.000000e+00 |      --      |    Inf |  33.47%
  188m|137300 |  2624 | 59778k| 435.4 |   714M |  40 |1125 |1354 |2974 |1006k|  2 |  28k|  11 | 0.000000e+00 |      --      |    Inf |  33.49%
  188m|137400 |  2623 | 59844k| 435.5 |   714M |  40 |1125 |1352 |3041 |1007k|  2 |  28k|  11 | 0.000000e+00 |      --      |    Inf |  33.54%
  188m|137500 |  2615 | 59909k| 435.7 |   714M |  40 |1125 |1352 |3031 |1008k|  0 |  28k|  11 | 0.000000e+00 |      --      |    Inf |  33.60%
  188m|137600 |  2625 | 59978k| 435.9 |   714M |  40 |1125 |1352 |3049 |1008k|  2 |  28k|  11 | 0.000000e+00 |      --      |    Inf |  33.61%
  188m|137700 |  2622 | 60041k| 436.0 |   714M |  40 |1125 |1352 |3000 |1009k|  0 |  28k|  11 | 0.000000e+00 |      --      |    Inf |  33.62%
  188m|137800 |  2609 | 60103k| 436.1 |   714M |  40 |1125 |1352 |3101 |1010k|  0 |  28k|  11 | 0.000000e+00 |      --      |    Inf |  33.65%
  188m|137900 |  2606 | 60156k| 436.2 |   714M |  40 |1125 |1352 |3090 |1010k|  0 |  28k|  11 | 0.000000e+00 |      --      |    Inf |  33.68%
  189m|138000 |  2599 | 60203k| 436.2 |   714M |  40 |1125 |1352 |2709 |1011k|  0 |  28k|  11 | 0.000000e+00 |      --      |    Inf |  33.71%
  189m|138100 |  2596 | 60259k| 436.3 |   715M |  40 |1125 |1352 |3108 |1011k|  2 |  28k|  11 | 0.000000e+00 |      --      |    Inf |  33.71%
  189m|138200 |  2625 | 60318k| 436.4 |   715M |  40 |1125 |1352 |2574 |1013k|  2 |  28k|  11 | 0.000000e+00 |      --      |    Inf |  33.74%
 time | node  | left  |LP iter|LP it/n|mem/heur|mdpt |vars |cons |rows |cuts |sepa|confs|strbr|  dualbound   | primalbound  |  gap   | compl. 
  189m|138300 |  2653 | 60372k| 436.5 |   715M |  40 |1125 |1352 |2959 |1014k|  0 |  28k|  11 | 0.000000e+00 |      --      |    Inf |  33.74%
  189m|138400 |  2637 | 60418k| 436.5 |   715M |  40 |1125 |1352 |2958 |1015k|  0 |  28k|  11 | 0.000000e+00 |      --      |    Inf |  33.74%
  189m|138500 |  2621 | 60479k| 436.7 |   715M |  40 |1125 |1353 |3375 |1015k|  3 |  28k|  11 | 0.000000e+00 |      --      |    Inf |  33.75%
  189m|138600 |  2615 | 60534k| 436.7 |   715M |  40 |1125 |1353 |3230 |1016k|  2 |  28k|  11 | 0.000000e+00 |      --      |    Inf |  33.75%
  189m|138700 |  2618 | 60580k| 436.8 |   715M |  40 |1125 |1352 |2611 |1017k|  2 |  28k|  11 | 0.000000e+00 |      --      |    Inf |  33.81%
  189m|138800 |  2609 | 60646k| 436.9 |   716M |  40 |1125 |1352 |3853 |1018k|  0 |  28k|  11 | 0.000000e+00 |      --      |    Inf |  33.85%
  189m|138900 |  2603 | 60705k| 437.0 |   718M |  40 |1125 |1352 |3245 |1018k|  0 |  28k|  11 | 0.000000e+00 |      --      |    Inf |  33.85%
  189m|139000 |  2596 | 60761k| 437.1 |   718M |  40 |1125 |1352 |   0 |1019k|  0 |  28k|  11 | 0.000000e+00 |      --      |    Inf |  33.86%
  190m|139100 |  2590 | 60799k| 437.1 |   718M |  40 |1125 |1352 |2778 |1019k|  0 |  28k|  11 | 0.000000e+00 |      --      |    Inf |  33.86%
  190m|139200 |  2591 | 60855k| 437.2 |   718M |  40 |1125 |1352 |3059 |1020k|  2 |  28k|  11 | 0.000000e+00 |      --      |    Inf |  33.86%
  190m|139300 |  2595 | 60910k| 437.2 |   718M |  40 |1125 |1356 |   0 |1021k|  0 |  28k|  11 | 0.000000e+00 |      --      |    Inf |  33.87%
  190m|139400 |  2602 | 60974k| 437.4 |   718M |  40 |1125 |1356 |2959 |1022k|  0 |  28k|  11 | 0.000000e+00 |      --      |    Inf |  33.88%
  190m|139500 |  2606 | 61034k| 437.5 |   718M |  40 |1125 |1353 |3004 |1022k|  2 |  28k|  11 | 0.000000e+00 |      --      |    Inf |  33.88%
  190m|139600 |  2611 | 61079k| 437.5 |   718M |  40 |1125 |1353 |2957 |1023k|  2 |  28k|  11 | 0.000000e+00 |      --      |    Inf |  33.88%
  190m|139700 |  2606 | 61120k| 437.5 |   718M |  40 |1125 |1353 |3070 |1023k|  0 |  28k|  11 | 0.000000e+00 |      --      |    Inf |  33.88%
 time | node  | left  |LP iter|LP it/n|mem/heur|mdpt |vars |cons |rows |cuts |sepa|confs|strbr|  dualbound   | primalbound  |  gap   | compl. 
  190m|139800 |  2604 | 61174k| 437.6 |   718M |  40 |1125 |1352 |3119 |1023k|  2 |  28k|  11 | 0.000000e+00 |      --      |    Inf |  33.88%
  190m|139900 |  2609 | 61230k| 437.7 |   718M |  40 |1125 |1352 |2993 |1024k|  2 |  28k|  11 | 0.000000e+00 |      --      |    Inf |  33.88%
  190m|140000 |  2614 | 61291k| 437.8 |   718M |  40 |1125 |1352 |3014 |1024k|  2 |  28k|  11 | 0.000000e+00 |      --      |    Inf |  33.88%
  190m|140100 |  2610 | 61337k| 437.8 |   718M |  40 |1125 |1352 |   0 |1025k|  0 |  28k|  11 | 0.000000e+00 |      --      |    Inf |  33.89%
  190m|140200 |  2602 | 61388k| 437.8 |   718M |  40 |1125 |1352 |3104 |1025k|  0 |  28k|  11 | 0.000000e+00 |      --      |    Inf |  33.89%
  191m|140300 |  2605 | 61429k| 437.8 |   718M |  40 |1125 |1352 |3058 |1026k|  2 |  28k|  11 | 0.000000e+00 |      --      |    Inf |  33.89%
  191m|140400 |  2597 | 61475k| 437.8 |   718M |  40 |1125 |1352 |3168 |1026k|  2 |  28k|  11 | 0.000000e+00 |      --      |    Inf |  33.89%
  191m|140500 |  2591 | 61522k| 437.9 |   718M |  40 |1125 |1352 |2765 |1026k|  0 |  28k|  11 | 0.000000e+00 |      --      |    Inf |  34.09%
  191m|140600 |  2595 | 61570k| 437.9 |   718M |  40 |1125 |1352 |   0 |1027k|  0 |  28k|  11 | 0.000000e+00 |      --      |    Inf |  34.10%
  191m|140700 |  2588 | 61624k| 438.0 |   718M |  40 |1125 |1353 |2953 |1028k|  0 |  28k|  11 | 0.000000e+00 |      --      |    Inf |  34.13%
  191m|140800 |  2594 | 61688k| 438.1 |   718M |  40 |1125 |1352 |3078 |1029k|  3 |  28k|  11 | 0.000000e+00 |      --      |    Inf |  34.13%
  191m|140900 |  2591 | 61768k| 438.4 |   718M |  40 |1125 |1352 |3041 |1030k|  2 |  28k|  11 | 0.000000e+00 |      --      |    Inf |  34.14%
  191m|141000 |  2580 | 61826k| 438.5 |   718M |  40 |1125 |1352 |3299 |1030k|  0 |  28k|  11 | 0.000000e+00 |      --      |    Inf |  34.16%
  191m|141100 |  2587 | 61890k| 438.6 |   718M |  40 |1125 |1352 |3126 |1031k|  2 |  28k|  11 | 0.000000e+00 |      --      |    Inf |  34.19%
  191m|141200 |  2586 | 61959k| 438.8 |   718M |  40 |1125 |1352 |3091 |1031k|  2 |  28k|  11 | 0.000000e+00 |      --      |    Inf |  34.19%
 time | node  | left  |LP iter|LP it/n|mem/heur|mdpt |vars |cons |rows |cuts |sepa|confs|strbr|  dualbound   | primalbound  |  gap   | compl. 
  192m|141300 |  2590 | 62044k| 439.1 |   718M |  40 |1125 |1353 |3098 |1032k|  2 |  28k|  11 | 0.000000e+00 |      --      |    Inf |  34.19%
  192m|141400 |  2589 | 62089k| 439.1 |   718M |  40 |1125 |1353 |3141 |1033k|  2 |  28k|  11 | 0.000000e+00 |      --      |    Inf |  34.19%
  192m|141500 |  2588 | 62132k| 439.1 |   718M |  40 |1125 |1352 |   0 |1033k|  0 |  29k|  11 | 0.000000e+00 |      --      |    Inf |  34.19%
  192m|141600 |  2586 | 62189k| 439.2 |   718M |  40 |1125 |1352 |3076 |1033k|  2 |  29k|  11 | 0.000000e+00 |      --      |    Inf |  34.19%
  192m|141700 |  2590 | 62241k| 439.2 |   718M |  40 |1125 |1352 |3280 |1034k|  2 |  29k|  11 | 0.000000e+00 |      --      |    Inf |  34.19%
  192m|141800 |  2586 | 62292k| 439.3 |   718M |  40 |1125 |1352 |3091 |1034k|  0 |  29k|  11 | 0.000000e+00 |      --      |    Inf |  34.19%
  192m|141900 |  2586 | 62361k| 439.5 |   718M |  40 |1125 |1352 |3169 |1035k|  2 |  29k|  11 | 0.000000e+00 |      --      |    Inf |  34.19%
  192m|142000 |  2583 | 62420k| 439.6 |   718M |  40 |1125 |1352 |3065 |1035k|  0 |  29k|  11 | 0.000000e+00 |      --      |    Inf |  34.19%
  192m|142100 |  2585 | 62496k| 439.8 |   718M |  40 |1125 |1352 |3113 |1036k|  0 |  29k|  11 | 0.000000e+00 |      --      |    Inf |  34.19%
  192m|142200 |  2587 | 62562k| 439.9 |   718M |  40 |1125 |1352 |3154 |1037k|  2 |  29k|  11 | 0.000000e+00 |      --      |    Inf |  34.19%
  193m|142300 |  2579 | 62635k| 440.1 |   718M |  40 |1125 |1352 |2739 |1038k|  2 |  29k|  11 | 0.000000e+00 |      --      |    Inf |  34.21%
  193m|142400 |  2581 | 62724k| 440.5 |   718M |  40 |1125 |1352 |2951 |1039k|  0 |  29k|  11 | 0.000000e+00 |      --      |    Inf |  34.21%
  193m|142500 |  2578 | 62801k| 440.7 |   718M |  40 |1125 |1352 |2916 |1040k|  2 |  29k|  11 | 0.000000e+00 |      --      |    Inf |  34.21%
  193m|142600 |  2589 | 62873k| 440.9 |   718M |  40 |1125 |1352 |3162 |1041k|  0 |  29k|  11 | 0.000000e+00 |      --      |    Inf |  34.21%
  193m|142700 |  2585 | 62945k| 441.1 |   718M |  40 |1125 |1352 |3183 |1041k|  0 |  29k|  11 | 0.000000e+00 |      --      |    Inf |  34.21%
 time | node  | left  |LP iter|LP it/n|mem/heur|mdpt |vars |cons |rows |cuts |sepa|confs|strbr|  dualbound   | primalbound  |  gap   | compl. 
  193m|142800 |  2586 | 62996k| 441.1 |   718M |  40 |1125 |1352 |3226 |1041k|  2 |  29k|  11 | 0.000000e+00 |      --      |    Inf |  34.21%
  193m|142900 |  2580 | 63064k| 441.3 |   718M |  40 |1125 |1353 |3219 |1042k|  2 |  29k|  11 | 0.000000e+00 |      --      |    Inf |  34.21%
  193m|143000 |  2579 | 63153k| 441.6 |   718M |  40 |1125 |1352 |   0 |1043k|  0 |  29k|  11 | 0.000000e+00 |      --      |    Inf |  34.21%
  193m|143100 |  2570 | 63209k| 441.7 |   718M |  40 |1125 |1352 |2651 |1043k|  0 |  29k|  11 | 0.000000e+00 |      --      |    Inf |  34.22%
  194m|143200 |  2565 | 63252k| 441.7 |   718M |  40 |1125 |1354 |3147 |1044k|  2 |  29k|  11 | 0.000000e+00 |      --      |    Inf |  34.26%
  194m|143300 |  2575 | 63328k| 441.9 |   718M |  40 |1125 |1354 |   0 |1045k|  0 |  29k|  11 | 0.000000e+00 |      --      |    Inf |  34.26%
  194m|143400 |  2574 | 63422k| 442.3 |   718M |  40 |1125 |1353 |3228 |1046k|  0 |  29k|  11 | 0.000000e+00 |      --      |    Inf |  34.26%
  194m|143500 |  2574 | 63496k| 442.5 |   718M |  40 |1125 |1354 |3354 |1046k|  2 |  29k|  11 | 0.000000e+00 |      --      |    Inf |  34.26%
  194m|143600 |  2569 | 63549k| 442.5 |   718M |  40 |1125 |1354 |3259 |1047k|  2 |  29k|  11 | 0.000000e+00 |      --      |    Inf |  34.26%
  194m|143700 |  2565 | 63611k| 442.6 |   718M |  40 |1125 |1355 |   0 |1048k|  0 |  29k|  11 | 0.000000e+00 |      --      |    Inf |  34.26%
  194m|143800 |  2568 | 63690k| 442.9 |   718M |  40 |1125 |1355 |2944 |1049k|  0 |  29k|  11 | 0.000000e+00 |      --      |    Inf |  34.26%
  194m|143900 |  2567 | 63762k| 443.1 |   718M |  40 |1125 |1354 |3261 |1050k|  2 |  29k|  11 | 0.000000e+00 |      --      |    Inf |  34.26%
  195m|144000 |  2566 | 63822k| 443.2 |   718M |  40 |1125 |1353 |3402 |1051k|  2 |  29k|  11 | 0.000000e+00 |      --      |    Inf |  34.27%
  195m|144100 |  2571 | 63895k| 443.4 |   719M |  40 |1125 |1352 |3423 |1052k|  2 |  29k|  11 | 0.000000e+00 |      --      |    Inf |  34.27%
  195m|144200 |  2581 | 63946k| 443.4 |   720M |  40 |1125 |1352 |2583 |1052k|  2 |  29k|  11 | 0.000000e+00 |      --      |    Inf |  34.29%
 time | node  | left  |LP iter|LP it/n|mem/heur|mdpt |vars |cons |rows |cuts |sepa|confs|strbr|  dualbound   | primalbound  |  gap   | compl. 
  195m|144300 |  2573 | 63982k| 443.4 |   720M |  40 |1125 |1352 |3195 |1053k|  1 |  29k|  11 | 0.000000e+00 |      --      |    Inf |  34.33%
  195m|144400 |  2571 | 64051k| 443.6 |   720M |  40 |1125 |1352 |   0 |1054k|  0 |  29k|  11 | 0.000000e+00 |      --      |    Inf |  34.34%
  195m|144500 |  2578 | 64088k| 443.5 |   721M |  40 |1125 |1352 |3008 |1054k|  0 |  29k|  11 | 0.000000e+00 |      --      |    Inf |  34.34%
  195m|144600 |  2576 | 64141k| 443.6 |   721M |  40 |1125 |1352 |2761 |1055k|  2 |  29k|  11 | 0.000000e+00 |      --      |    Inf |  34.38%
  195m|144700 |  2568 | 64205k| 443.7 |   721M |  40 |1125 |1352 |3151 |1056k|  0 |  29k|  11 | 0.000000e+00 |      --      |    Inf |  34.40%
  195m|144800 |  2568 | 64256k| 443.7 |   721M |  40 |1125 |1352 |3172 |1056k|  2 |  29k|  11 | 0.000000e+00 |      --      |    Inf |  34.41%
  195m|144900 |  2564 | 64298k| 443.7 |   721M |  40 |1125 |1352 |2845 |1057k|  0 |  29k|  11 | 0.000000e+00 |      --      |    Inf |  34.42%
  195m|145000 |  2560 | 64358k| 443.8 |   721M |  40 |1125 |1352 |3078 |1058k|  0 |  29k|  11 | 0.000000e+00 |      --      |    Inf |  34.45%
  195m|145100 |  2566 | 64417k| 443.9 |   721M |  40 |1125 |1352 |3027 |1059k|  0 |  29k|  11 | 0.000000e+00 |      --      |    Inf |  34.45%
  196m|145200 |  2565 | 64483k| 444.1 |   721M |  40 |1125 |1352 |3074 |1060k|  2 |  29k|  11 | 0.000000e+00 |      --      |    Inf |  34.46%
  196m|145300 |  2560 | 64541k| 444.2 |   721M |  40 |1125 |1352 |3136 |1060k|  2 |  29k|  11 | 0.000000e+00 |      --      |    Inf |  34.47%
  196m|145400 |  2552 | 64596k| 444.3 |   721M |  40 |1125 |1352 |2845 |1061k|  2 |  30k|  11 | 0.000000e+00 |      --      |    Inf |  34.49%
  196m|145500 |  2554 | 64647k| 444.3 |   722M |  40 |1125 |1352 |3674 |1062k|  1 |  30k|  11 | 0.000000e+00 |      --      |    Inf |  34.73%
  196m|145600 |  2545 | 64713k| 444.4 |   722M |  40 |1125 |1352 |2852 |1063k|  2 |  30k|  11 | 0.000000e+00 |      --      |    Inf |  34.76%
  196m|145700 |  2535 | 64765k| 444.5 |   722M |  40 |1125 |1352 |2937 |1064k|  0 |  30k|  11 | 0.000000e+00 |      --      |    Inf |  34.78%
 time | node  | left  |LP iter|LP it/n|mem/heur|mdpt |vars |cons |rows |cuts |sepa|confs|strbr|  dualbound   | primalbound  |  gap   | compl. 
  196m|145800 |  2535 | 64815k| 444.5 |   722M |  40 |1125 |1352 |2831 |1065k|  0 |  30k|  11 | 0.000000e+00 |      --      |    Inf |  34.78%
  196m|145900 |  2525 | 64875k| 444.6 |   723M |  40 |1125 |1352 |2781 |1065k|  0 |  30k|  11 | 0.000000e+00 |      --      |    Inf |  34.80%
  196m|146000 |  2518 | 64920k| 444.6 |   723M |  40 |1125 |1352 |2955 |1066k|  2 |  30k|  11 | 0.000000e+00 |      --      |    Inf |  34.83%
  196m|146100 |  2518 | 64969k| 444.7 |   723M |  40 |1125 |1352 |   0 |1067k|  0 |  30k|  11 | 0.000000e+00 |      --      |    Inf |  34.86%
  196m|146200 |  2516 | 65009k| 444.6 |   723M |  40 |1125 |1352 |3924 |1067k|  2 |  30k|  11 | 0.000000e+00 |      --      |    Inf |  34.87%
  197m|146300 |  2519 | 65065k| 444.7 |   723M |  40 |1125 |1352 |2964 |1068k|  2 |  30k|  11 | 0.000000e+00 |      --      |    Inf |  34.87%
  197m|146400 |  2505 | 65108k| 444.7 |   723M |  40 |1125 |1352 |2747 |1068k|  1 |  30k|  11 | 0.000000e+00 |      --      |    Inf |  34.88%
  197m|146500 |  2508 | 65160k| 444.8 |   723M |  40 |1125 |1352 |2581 |1069k|  1 |  30k|  11 | 0.000000e+00 |      --      |    Inf |  34.91%
  197m|146600 |  2502 | 65227k| 444.9 |   723M |  40 |1125 |1352 |2907 |1070k|  2 |  30k|  11 | 0.000000e+00 |      --      |    Inf |  34.93%
  197m|146700 |  2507 | 65286k| 445.0 |   724M |  40 |1125 |1352 |3443 |1070k|  0 |  30k|  11 | 0.000000e+00 |      --      |    Inf |  34.95%
  197m|146800 |  2506 | 65336k| 445.1 |   725M |  40 |1125 |1353 |   0 |1071k|  0 |  30k|  11 | 0.000000e+00 |      --      |    Inf |  34.95%
  197m|146900 |  2492 | 65393k| 445.1 |   725M |  40 |1125 |1354 |3003 |1071k|  0 |  30k|  11 | 0.000000e+00 |      --      |    Inf |  34.96%
  197m|147000 |  2494 | 65451k| 445.2 |   725M |  40 |1125 |1353 |2914 |1072k|  0 |  30k|  11 | 0.000000e+00 |      --      |    Inf |  34.97%
  197m|147100 |  2483 | 65506k| 445.3 |   725M |  40 |1125 |1352 |3048 |1073k|  2 |  30k|  11 | 0.000000e+00 |      --      |    Inf |  35.83%
  197m|147200 |  2490 | 65558k| 445.4 |   725M |  40 |1125 |1353 |3447 |1074k|  2 |  30k|  11 | 0.000000e+00 |      --      |    Inf |  35.84%
 time | node  | left  |LP iter|LP it/n|mem/heur|mdpt |vars |cons |rows |cuts |sepa|confs|strbr|  dualbound   | primalbound  |  gap   | compl. 
  197m|147300 |  2483 | 65616k| 445.4 |   726M |  40 |1125 |1352 |2766 |1075k|  2 |  30k|  11 | 0.000000e+00 |      --      |    Inf |  35.84%
  198m|147400 |  2490 | 65682k| 445.6 |   726M |  40 |1125 |1353 |3090 |1076k|  2 |  30k|  11 | 0.000000e+00 |      --      |    Inf |  35.85%
  198m|147500 |  2487 | 65744k| 445.7 |   726M |  40 |1125 |1353 |3214 |1077k|  0 |  30k|  11 | 0.000000e+00 |      --      |    Inf |  35.85%
  198m|147600 |  2485 | 65811k| 445.9 |   726M |  40 |1125 |1353 |   0 |1078k|  0 |  30k|  11 | 0.000000e+00 |      --      |    Inf |  35.86%
  198m|147700 |  2479 | 65869k| 446.0 |   726M |  40 |1125 |1354 |3532 |1078k|  0 |  30k|  11 | 0.000000e+00 |      --      |    Inf |  35.89%
  198m|147800 |  2480 | 65920k| 446.0 |   726M |  40 |1125 |1354 |2934 |1079k|  2 |  30k|  11 | 0.000000e+00 |      --      |    Inf |  35.89%
  198m|147900 |  2482 | 65975k| 446.1 |   726M |  40 |1125 |1354 |2669 |1080k|  2 |  30k|  11 | 0.000000e+00 |      --      |    Inf |  35.89%
  198m|148000 |  2477 | 66031k| 446.1 |   727M |  40 |1125 |1354 |3702 |1081k|  1 |  30k|  11 | 0.000000e+00 |      --      |    Inf |  35.91%
  198m|148100 |  2474 | 66078k| 446.2 |   727M |  40 |1125 |1354 |3105 |1081k|  1 |  30k|  11 | 0.000000e+00 |      --      |    Inf |  35.92%
  198m|148200 |  2471 | 66121k| 446.1 |   727M |  40 |1125 |1354 |3227 |1082k|  2 |  30k|  11 | 0.000000e+00 |      --      |    Inf |  35.94%
  198m|148300 |  2469 | 66187k| 446.3 |   728M |  40 |1125 |1353 |3747 |1083k|  2 |  30k|  11 | 0.000000e+00 |      --      |    Inf |  35.94%
  199m|148400 |  2464 | 66245k| 446.4 |   729M |  40 |1125 |1352 |3026 |1083k|  2 |  30k|  11 | 0.000000e+00 |      --      |    Inf |  35.98%
  199m|148500 |  2459 | 66298k| 446.4 |   729M |  40 |1125 |1352 |2496 |1084k|  0 |  30k|  11 | 0.000000e+00 |      --      |    Inf |  35.99%
  199m|148600 |  2454 | 66353k| 446.5 |   729M |  40 |1125 |1352 |2693 |1085k|  0 |  30k|  11 | 0.000000e+00 |      --      |    Inf |  36.10%
  199m|148700 |  2451 | 66403k| 446.5 |   729M |  40 |1125 |1352 |2818 |1085k|  2 |  30k|  11 | 0.000000e+00 |      --      |    Inf |  36.11%
 time | node  | left  |LP iter|LP it/n|mem/heur|mdpt |vars |cons |rows |cuts |sepa|confs|strbr|  dualbound   | primalbound  |  gap   | compl. 
  199m|148800 |  2442 | 66468k| 446.7 |   729M |  40 |1125 |1351 |   0 |1086k|  0 |  30k|  11 | 0.000000e+00 |      --      |    Inf |  36.13%
  199m|148900 |  2457 | 66532k| 446.8 |   729M |  40 |1125 |1351 |3053 |1087k|  0 |  30k|  11 | 0.000000e+00 |      --      |    Inf |  36.15%
  199m|149000 |  2474 | 66591k| 446.9 |   729M |  40 |1125 |1351 |   0 |1088k|  0 |  30k|  11 | 0.000000e+00 |      --      |    Inf |  36.19%
  199m|149100 |  2476 | 66638k| 446.9 |   729M |  40 |1125 |1351 |3476 |1089k|  2 |  30k|  11 | 0.000000e+00 |      --      |    Inf |  36.30%
  199m|149200 |  2469 | 66692k| 447.0 |   729M |  40 |1125 |1351 |2876 |1089k|  2 |  30k|  11 | 0.000000e+00 |      --      |    Inf |  36.32%
  199m|149300 |  2473 | 66764k| 447.2 |   729M |  40 |1125 |1351 |2700 |1091k|  2 |  30k|  11 | 0.000000e+00 |      --      |    Inf |  36.44%
  199m|149400 |  2470 | 66821k| 447.2 |   729M |  40 |1125 |1351 |3545 |1091k|  0 |  30k|  11 | 0.000000e+00 |      --      |    Inf |  36.47%
  200m|149500 |  2458 | 66878k| 447.3 |   729M |  40 |1125 |1352 |3248 |1092k|  2 |  30k|  11 | 0.000000e+00 |      --      |    Inf |  36.59%
  200m|149600 |  2467 | 66942k| 447.5 |   729M |  40 |1125 |1352 |3608 |1092k|  1 |  30k|  11 | 0.000000e+00 |      --      |    Inf |  36.60%
  200m|149700 |  2464 | 67001k| 447.6 |   731M |  40 |1125 |1352 |3630 |1093k|  2 |  30k|  11 | 0.000000e+00 |      --      |    Inf |  36.60%
  200m|149800 |  2463 | 67065k| 447.7 |   731M |  40 |1125 |1352 |3644 |1093k|  0 |  30k|  11 | 0.000000e+00 |      --      |    Inf |  36.60%
  200m|149900 |  2463 | 67150k| 447.9 |   731M |  40 |1125 |1351 |3409 |1093k|  2 |  30k|  11 | 0.000000e+00 |      --      |    Inf |  36.60%
  200m|150000 |  2462 | 67221k| 448.1 |   731M |  40 |1125 |1352 |3472 |1093k|  2 |  30k|  11 | 0.000000e+00 |      --      |    Inf |  36.60%
  200m|150100 |  2458 | 67291k| 448.3 |   731M |  40 |1125 |1353 |2627 |1094k|  0 |  30k|  11 | 0.000000e+00 |      --      |    Inf |  36.60%
  200m|150200 |  2466 | 67344k| 448.3 |   731M |  40 |1125 |1352 |2638 |1095k|  2 |  30k|  11 | 0.000000e+00 |      --      |    Inf |  36.67%
 time | node  | left  |LP iter|LP it/n|mem/heur|mdpt |vars |cons |rows |cuts |sepa|confs|strbr|  dualbound   | primalbound  |  gap   | compl. 
  200m|150300 |  2460 | 67391k| 448.4 |   731M |  40 |1125 |1351 |2614 |1096k|  0 |  30k|  11 | 0.000000e+00 |      --      |    Inf |  36.70%
  201m|150400 |  2458 | 67442k| 448.4 |   731M |  40 |1125 |1351 |3295 |1097k|  2 |  30k|  11 | 0.000000e+00 |      --      |    Inf |  36.73%
  201m|150500 |  2460 | 67475k| 448.3 |   731M |  40 |1125 |1352 |3283 |1097k|  0 |  31k|  11 | 0.000000e+00 |      --      |    Inf |  36.73%
  201m|150600 |  2458 | 67519k| 448.3 |   731M |  40 |1125 |1352 |3440 |1097k|  2 |  31k|  11 | 0.000000e+00 |      --      |    Inf |  36.73%
  201m|150700 |  2451 | 67572k| 448.4 |   731M |  40 |1125 |1352 |3426 |1097k|  0 |  31k|  11 | 0.000000e+00 |      --      |    Inf |  36.73%
  201m|150800 |  2444 | 67630k| 448.5 |   731M |  40 |1125 |1352 |3686 |1098k|  1 |  31k|  11 | 0.000000e+00 |      --      |    Inf |  36.75%
  201m|150900 |  2444 | 67679k| 448.5 |   732M |  40 |1125 |1351 |3183 |1099k|  2 |  31k|  11 | 0.000000e+00 |      --      |    Inf |  36.76%
  201m|151000 |  2443 | 67722k| 448.5 |   732M |  40 |1125 |1351 |2503 |1099k|  0 |  31k|  11 | 0.000000e+00 |      --      |    Inf |  36.79%
  201m|151100 |  2435 | 67765k| 448.5 |   732M |  40 |1125 |1351 |3150 |1100k|  2 |  31k|  11 | 0.000000e+00 |      --      |    Inf |  36.83%
  201m|151200 |  2428 | 67805k| 448.4 |   732M |  40 |1125 |1351 |2961 |1101k|  0 |  31k|  11 | 0.000000e+00 |      --      |    Inf |  36.84%
  201m|151300 |  2428 | 67860k| 448.5 |   732M |  40 |1125 |1351 |2525 |1101k|  2 |  31k|  11 | 0.000000e+00 |      --      |    Inf |  36.89%
  201m|151400 |  2439 | 67910k| 448.5 |   732M |  40 |1125 |1351 |2704 |1102k|  0 |  31k|  11 | 0.000000e+00 |      --      |    Inf |  36.89%
  201m|151500 |  2433 | 67950k| 448.5 |   732M |  40 |1125 |1350 |2594 |1103k|  0 |  31k|  11 | 0.000000e+00 |      --      |    Inf |  36.89%
  201m|151600 |  2427 | 68000k| 448.5 |   732M |  40 |1125 |1351 |3442 |1104k|  0 |  31k|  11 | 0.000000e+00 |      --      |    Inf |  36.94%
  201m|151700 |  2419 | 68045k| 448.5 |   732M |  40 |1125 |1351 |2755 |1104k|  0 |  31k|  11 | 0.000000e+00 |      --      |    Inf |  36.95%
 time | node  | left  |LP iter|LP it/n|mem/heur|mdpt |vars |cons |rows |cuts |sepa|confs|strbr|  dualbound   | primalbound  |  gap   | compl. 
  202m|151800 |  2419 | 68107k| 448.7 |   732M |  40 |1125 |1351 |2866 |1105k|  0 |  31k|  11 | 0.000000e+00 |      --      |    Inf |  36.98%
  202m|151900 |  2419 | 68156k| 448.7 |   732M |  40 |1125 |1351 |2638 |1106k|  2 |  31k|  11 | 0.000000e+00 |      --      |    Inf |  36.98%
  202m|152000 |  2414 | 68221k| 448.8 |   732M |  40 |1125 |1350 |3363 |1108k|  1 |  31k|  11 | 0.000000e+00 |      --      |    Inf |  36.99%
  202m|152100 |  2414 | 68263k| 448.8 |   732M |  40 |1125 |1350 |2986 |1108k|  0 |  31k|  11 | 0.000000e+00 |      --      |    Inf |  37.01%
  202m|152200 |  2412 | 68323k| 448.9 |   732M |  40 |1125 |1350 |2995 |1109k|  1 |  31k|  11 | 0.000000e+00 |      --      |    Inf |  37.02%
  202m|152300 |  2403 | 68392k| 449.0 |   734M |  40 |1125 |1350 |3809 |1109k|  0 |  31k|  11 | 0.000000e+00 |      --      |    Inf |  37.03%
  202m|152400 |  2409 | 68445k| 449.1 |   735M |  40 |1125 |1350 |2838 |1110k|  1 |  31k|  11 | 0.000000e+00 |      --      |    Inf |  37.06%
  202m|152500 |  2412 | 68500k| 449.2 |   735M |  40 |1125 |1351 |3018 |1111k|  2 |  31k|  11 | 0.000000e+00 |      --      |    Inf |  37.08%
  202m|152600 |  2414 | 68545k| 449.2 |   735M |  40 |1125 |1351 |2909 |1111k|  2 |  31k|  11 | 0.000000e+00 |      --      |    Inf |  37.08%
  202m|152700 |  2404 | 68602k| 449.2 |   735M |  40 |1125 |1350 |   0 |1112k|  0 |  31k|  11 | 0.000000e+00 |      --      |    Inf |  37.09%
  203m|152800 |  2421 | 68667k| 449.4 |   736M |  40 |1125 |1350 |2497 |1113k|  2 |  31k|  11 | 0.000000e+00 |      --      |    Inf |  37.31%
  203m|152900 |  2420 | 68726k| 449.5 |   736M |  40 |1125 |1350 |2625 |1115k|  2 |  31k|  11 | 0.000000e+00 |      --      |    Inf |  37.51%
  203m|153000 |  2419 | 68792k| 449.6 |   736M |  40 |1125 |1350 |2620 |1116k|  2 |  31k|  11 | 0.000000e+00 |      --      |    Inf |  37.55%
  203m|153100 |  2423 | 68864k| 449.8 |   736M |  40 |1125 |1350 |2839 |1116k|  2 |  31k|  11 | 0.000000e+00 |      --      |    Inf |  37.55%
  203m|153200 |  2417 | 68924k| 449.9 |   736M |  40 |1125 |1350 |3600 |1117k|  2 |  31k|  11 | 0.000000e+00 |      --      |    Inf |  37.55%
 time | node  | left  |LP iter|LP it/n|mem/heur|mdpt |vars |cons |rows |cuts |sepa|confs|strbr|  dualbound   | primalbound  |  gap   | compl. 
  203m|153300 |  2417 | 68979k| 449.9 |   736M |  40 |1125 |1351 |2920 |1119k|  2 |  31k|  11 | 0.000000e+00 |      --      |    Inf |  37.55%
  203m|153400 |  2413 | 69029k| 450.0 |   736M |  40 |1125 |1351 |3257 |1119k|  0 |  31k|  11 | 0.000000e+00 |      --      |    Inf |  37.57%
  203m|153500 |  2406 | 69087k| 450.1 |   736M |  40 |1125 |1352 |3259 |1120k|  2 |  31k|  11 | 0.000000e+00 |      --      |    Inf |  37.59%
  203m|153600 |  2413 | 69129k| 450.0 |   736M |  40 |1125 |1352 |3292 |1120k|  1 |  31k|  11 | 0.000000e+00 |      --      |    Inf |  37.61%
  203m|153700 |  2403 | 69197k| 450.2 |   736M |  40 |1125 |1351 |2584 |1122k|  0 |  31k|  11 | 0.000000e+00 |      --      |    Inf |  37.62%
  203m|153800 |  2407 | 69244k| 450.2 |   736M |  40 |1125 |1351 |3036 |1122k|  0 |  31k|  11 | 0.000000e+00 |      --      |    Inf |  37.68%
  204m|153900 |  2396 | 69293k| 450.2 |   736M |  40 |1125 |1351 |3124 |1123k|  0 |  31k|  11 | 0.000000e+00 |      --      |    Inf |  37.73%
  204m|154000 |  2411 | 69372k| 450.5 |   736M |  40 |1125 |1352 |3022 |1125k|  1 |  31k|  11 | 0.000000e+00 |      --      |    Inf |  37.98%
  204m|154100 |  2409 | 69463k| 450.8 |   736M |  40 |1125 |1352 |2543 |1126k|  2 |  31k|  11 | 0.000000e+00 |      --      |    Inf |  38.00%
  204m|154200 |  2411 | 69550k| 451.0 |   736M |  40 |1125 |1351 |3146 |1127k|  1 |  31k|  11 | 0.000000e+00 |      --      |    Inf |  38.01%
  204m|154300 |  2416 | 69613k| 451.1 |   736M |  40 |1125 |1351 |3098 |1128k|  3 |  31k|  11 | 0.000000e+00 |      --      |    Inf |  38.02%
  204m|154400 |  2420 | 69687k| 451.3 |   736M |  40 |1125 |1351 |3292 |1129k|  0 |  31k|  11 | 0.000000e+00 |      --      |    Inf |  38.04%
  204m|154500 |  2422 | 69743k| 451.4 |   736M |  40 |1125 |1351 |   0 |1130k|  0 |  31k|  11 | 0.000000e+00 |      --      |    Inf |  38.04%
  204m|154600 |  2427 | 69795k| 451.4 |   736M |  40 |1125 |1350 |3350 |1130k|  0 |  31k|  11 | 0.000000e+00 |      --      |    Inf |  38.04%
  204m|154700 |  2424 | 69856k| 451.5 |   736M |  40 |1125 |1350 |3371 |1130k|  0 |  31k|  11 | 0.000000e+00 |      --      |    Inf |  38.04%
 time | node  | left  |LP iter|LP it/n|mem/heur|mdpt |vars |cons |rows |cuts |sepa|confs|strbr|  dualbound   | primalbound  |  gap   | compl. 
  205m|154800 |  2420 | 69911k| 451.6 |   736M |  40 |1125 |1350 |2940 |1131k|  1 |  31k|  11 | 0.000000e+00 |      --      |    Inf |  38.05%
  205m|154900 |  2406 | 69978k| 451.7 |   736M |  40 |1125 |1350 |3326 |1131k|  2 |  31k|  11 | 0.000000e+00 |      --      |    Inf |  38.10%
  205m|155000 |  2423 | 70046k| 451.9 |   736M |  40 |1125 |1350 |3375 |1132k|  2 |  31k|  11 | 0.000000e+00 |      --      |    Inf |  38.10%
  205m|155100 |  2434 | 70101k| 452.0 |   736M |  40 |1125 |1350 |3429 |1132k|  1 |  31k|  11 | 0.000000e+00 |      --      |    Inf |  38.12%
  205m|155200 |  2430 | 70166k| 452.1 |   736M |  40 |1125 |1350 |3418 |1132k|  2 |  31k|  11 | 0.000000e+00 |      --      |    Inf |  38.12%
  205m|155300 |  2429 | 70218k| 452.1 |   737M |  40 |1125 |1350 |3367 |1132k|  0 |  31k|  11 | 0.000000e+00 |      --      |    Inf |  38.13%
  205m|155400 |  2427 | 70291k| 452.3 |   737M |  40 |1125 |1350 |3385 |1133k|  0 |  31k|  11 | 0.000000e+00 |      --      |    Inf |  38.15%
  205m|155500 |  2425 | 70355k| 452.4 |   737M |  40 |1125 |1350 |3389 |1133k|  0 |  31k|  11 | 0.000000e+00 |      --      |    Inf |  38.15%
  205m|155600 |  2418 | 70406k| 452.5 |   737M |  40 |1125 |1350 |   0 |1133k|  0 |  32k|  11 | 0.000000e+00 |      --      |    Inf |  38.16%
  205m|155700 |  2423 | 70454k| 452.5 |   737M |  40 |1125 |1351 |3071 |1134k|  2 |  32k|  11 | 0.000000e+00 |      --      |    Inf |  38.21%
  206m|155800 |  2421 | 70481k| 452.4 |   737M |  40 |1125 |1351 |   0 |1134k|  0 |  32k|  11 | 0.000000e+00 |      --      |    Inf |  38.21%
  206m|155900 |  2415 | 70525k| 452.4 |   737M |  40 |1125 |1353 |   0 |1135k|  0 |  32k|  11 | 0.000000e+00 |      --      |    Inf |  38.21%
  206m|156000 |  2419 | 70609k| 452.6 |   737M |  40 |1125 |1353 |2904 |1136k|  2 |  32k|  11 | 0.000000e+00 |      --      |    Inf |  38.23%
  206m|156100 |  2415 | 70663k| 452.7 |   737M |  40 |1125 |1352 |2776 |1137k|  0 |  32k|  11 | 0.000000e+00 |      --      |    Inf |  38.24%
  206m|156200 |  2413 | 70715k| 452.7 |   737M |  40 |1125 |1353 |   0 |1138k|  0 |  32k|  11 | 0.000000e+00 |      --      |    Inf |  38.29%
 time | node  | left  |LP iter|LP it/n|mem/heur|mdpt |vars |cons |rows |cuts |sepa|confs|strbr|  dualbound   | primalbound  |  gap   | compl. 
  206m|156300 |  2414 | 70770k| 452.8 |   737M |  40 |1125 |1352 |   0 |1138k|  0 |  32k|  11 | 0.000000e+00 |      --      |    Inf |  38.31%
  206m|156400 |  2406 | 70830k| 452.9 |   737M |  40 |1125 |1352 |2933 |1138k|  2 |  32k|  11 | 0.000000e+00 |      --      |    Inf |  38.32%
  206m|156500 |  2396 | 70888k| 452.9 |   737M |  40 |1125 |1350 |3332 |1139k|  1 |  32k|  11 | 0.000000e+00 |      --      |    Inf |  38.33%
  206m|156600 |  2410 | 70955k| 453.1 |   738M |  40 |1125 |1350 |   0 |1139k|  0 |  32k|  11 | 0.000000e+00 |      --      |    Inf |  38.34%
  206m|156700 |  2400 | 71007k| 453.1 |   738M |  40 |1125 |1351 |2908 |1140k|  0 |  32k|  11 | 0.000000e+00 |      --      |    Inf |  38.36%
  207m|156800 |  2411 | 71065k| 453.2 |   739M |  40 |1125 |1351 |2844 |1140k|  2 |  32k|  11 | 0.000000e+00 |      --      |    Inf |  38.40%
  207m|156900 |  2408 | 71112k| 453.2 |   739M |  40 |1125 |1351 |2620 |1141k|  2 |  32k|  11 | 0.000000e+00 |      --      |    Inf |  38.45%
  207m|157000 |  2410 | 71166k| 453.3 |   739M |  40 |1125 |1350 |3565 |1142k|  2 |  32k|  11 | 0.000000e+00 |      --      |    Inf |  38.47%
  207m|157100 |  2409 | 71234k| 453.4 |   740M |  40 |1125 |1350 |3030 |1142k|  2 |  32k|  11 | 0.000000e+00 |      --      |    Inf |  38.49%
  207m|157200 |  2410 | 71304k| 453.6 |   740M |  40 |1125 |1350 |3050 |1143k|  0 |  32k|  11 | 0.000000e+00 |      --      |    Inf |  38.49%
  207m|157300 |  2402 | 71345k| 453.5 |   740M |  40 |1125 |1350 |3320 |1144k|  2 |  32k|  11 | 0.000000e+00 |      --      |    Inf |  38.51%
  207m|157400 |  2404 | 71373k| 453.4 |   741M |  40 |1125 |1350 |3035 |1144k|  2 |  32k|  11 | 0.000000e+00 |      --      |    Inf |  38.55%
  207m|157500 |  2406 | 71402k| 453.3 |   741M |  40 |1125 |1350 |3088 |1144k|  2 |  32k|  11 | 0.000000e+00 |      --      |    Inf |  38.56%
  207m|157600 |  2397 | 71427k| 453.2 |   741M |  40 |1125 |1351 |2970 |1145k|  0 |  32k|  11 | 0.000000e+00 |      --      |    Inf |  38.59%
  207m|157700 |  2393 | 71443k| 453.0 |   741M |  40 |1125 |1352 |3142 |1145k|  2 |  32k|  11 | 0.000000e+00 |      --      |    Inf |  38.62%
 time | node  | left  |LP iter|LP it/n|mem/heur|mdpt |vars |cons |rows |cuts |sepa|confs|strbr|  dualbound   | primalbound  |  gap   | compl. 
  207m|157800 |  2408 | 71465k| 452.9 |   741M |  40 |1125 |1351 |3260 |1145k|  0 |  32k|  11 | 0.000000e+00 |      --      |    Inf |  38.62%
  207m|157900 |  2402 | 71490k| 452.7 |   741M |  40 |1125 |1350 |2829 |1146k|  0 |  32k|  11 | 0.000000e+00 |      --      |    Inf |  38.73%
  207m|158000 |  2400 | 71510k| 452.6 |   741M |  40 |1125 |1350 |2489 |1146k|  2 |  32k|  11 | 0.000000e+00 |      --      |    Inf |  38.76%
  207m|158100 |  2396 | 71540k| 452.5 |   741M |  40 |1125 |1350 |2983 |1146k|  1 |  32k|  11 | 0.000000e+00 |      --      |    Inf |  38.90%
  207m|158200 |  2408 | 71566k| 452.4 |   741M |  40 |1125 |1350 |3400 |1147k|  0 |  32k|  11 | 0.000000e+00 |      --      |    Inf |  39.29%
  207m|158300 |  2407 | 71599k| 452.3 |   741M |  40 |1125 |1350 |3175 |1147k|  0 |  32k|  11 | 0.000000e+00 |      --      |    Inf |  39.29%
  207m|158400 |  2402 | 71630k| 452.2 |   741M |  40 |1125 |1350 |3200 |1147k|  0 |  32k|  11 | 0.000000e+00 |      --      |    Inf |  39.29%
  208m|158500 |  2399 | 71648k| 452.0 |   741M |  40 |1125 |1350 |3537 |1147k|  0 |  32k|  11 | 0.000000e+00 |      --      |    Inf |  39.29%
  208m|158600 |  2391 | 71668k| 451.9 |   741M |  40 |1125 |1351 |   0 |1147k|  0 |  32k|  11 | 0.000000e+00 |      --      |    Inf |  39.30%
  208m|158700 |  2394 | 71683k| 451.7 |   741M |  40 |1125 |1351 |3179 |1148k|  1 |  32k|  11 | 0.000000e+00 |      --      |    Inf |  39.30%
  208m|158800 |  2394 | 71706k| 451.5 |   741M |  40 |1125 |1351 |3189 |1148k|  1 |  32k|  11 | 0.000000e+00 |      --      |    Inf |  39.30%
  208m|158900 |  2389 | 71730k| 451.4 |   741M |  40 |1125 |1350 |2719 |1148k|  2 |  32k|  11 | 0.000000e+00 |      --      |    Inf |  39.50%
  208m|159000 |  2385 | 71758k| 451.3 |   741M |  40 |1125 |1350 |3120 |1148k|  2 |  32k|  11 | 0.000000e+00 |      --      |    Inf |  39.52%
  208m|159100 |  2377 | 71783k| 451.2 |   741M |  40 |1125 |1350 |3027 |1149k|  2 |  32k|  11 | 0.000000e+00 |      --      |    Inf |  39.54%
  208m|159200 |  2372 | 71811k| 451.1 |   741M |  40 |1125 |1350 |3075 |1149k|  0 |  32k|  11 | 0.000000e+00 |      --      |    Inf |  39.61%
 time | node  | left  |LP iter|LP it/n|mem/heur|mdpt |vars |cons |rows |cuts |sepa|confs|strbr|  dualbound   | primalbound  |  gap   | compl. 
  208m|159300 |  2377 | 71860k| 451.1 |   741M |  40 |1125 |1350 |3504 |1149k|  1 |  32k|  11 | 0.000000e+00 |      --      |    Inf |  39.66%
  208m|159400 |  2380 | 71918k| 451.2 |   741M |  40 |1125 |1351 |2605 |1151k|  2 |  32k|  11 | 0.000000e+00 |      --      |    Inf |  39.67%
  208m|159500 |  2377 | 71953k| 451.1 |   741M |  40 |1125 |1351 |   0 |1152k|  0 |  32k|  11 | 0.000000e+00 |      --      |    Inf |  39.68%
  208m|159600 |  2368 | 71987k| 451.0 |   741M |  40 |1125 |1351 |2692 |1152k|  2 |  32k|  11 | 0.000000e+00 |      --      |    Inf |  39.69%
  208m|159700 |  2361 | 72009k| 450.9 |   741M |  40 |1125 |1351 |3730 |1153k|  0 |  32k|  11 | 0.000000e+00 |      --      |    Inf |  39.73%
  208m|159800 |  2357 | 72050k| 450.9 |   741M |  40 |1125 |1351 |3092 |1153k|  2 |  32k|  11 | 0.000000e+00 |      --      |    Inf |  39.73%
  208m|159900 |  2349 | 72070k| 450.7 |   741M |  40 |1125 |1351 |2645 |1154k|  1 |  32k|  11 | 0.000000e+00 |      --      |    Inf |  39.78%
  208m|160000 |  2346 | 72091k| 450.6 |   742M |  40 |1125 |1352 |   0 |1154k|  0 |  32k|  11 | 0.000000e+00 |      --      |    Inf |  39.79%
  208m|160100 |  2340 | 72126k| 450.5 |   742M |  40 |1125 |1352 |3650 |1154k|  0 |  32k|  11 | 0.000000e+00 |      --      |    Inf |  39.82%
  208m|160200 |  2346 | 72150k| 450.4 |   742M |  40 |1125 |1352 |   0 |1155k|  0 |  32k|  11 | 0.000000e+00 |      --      |    Inf |  39.82%
  208m|160300 |  2346 | 72174k| 450.2 |   742M |  40 |1125 |1352 |2571 |1155k|  0 |  32k|  11 | 0.000000e+00 |      --      |    Inf |  39.88%
  208m|160400 |  2353 | 72198k| 450.1 |   742M |  40 |1125 |1352 |2635 |1156k|  2 |  32k|  11 | 0.000000e+00 |      --      |    Inf |  39.90%
  208m|160500 |  2347 | 72222k| 450.0 |   742M |  40 |1125 |1352 |2559 |1156k|  0 |  32k|  11 | 0.000000e+00 |      --      |    Inf |  39.91%
  209m|160600 |  2339 | 72254k| 449.9 |   742M |  40 |1125 |1352 |2581 |1156k|  0 |  33k|  11 | 0.000000e+00 |      --      |    Inf |  39.92%
  209m|160700 |  2327 | 72281k| 449.8 |   743M |  40 |1125 |1352 |3024 |1157k|  0 |  33k|  11 | 0.000000e+00 |      --      |    Inf |  39.95%
 time | node  | left  |LP iter|LP it/n|mem/heur|mdpt |vars |cons |rows |cuts |sepa|confs|strbr|  dualbound   | primalbound  |  gap   | compl. 
  209m|160800 |  2320 | 72300k| 449.6 |   743M |  40 |1125 |1351 |2906 |1157k|  2 |  33k|  11 | 0.000000e+00 |      --      |    Inf |  39.96%
  209m|160900 |  2318 | 72313k| 449.4 |   743M |  40 |1125 |1351 |3404 |1157k|  2 |  33k|  11 | 0.000000e+00 |      --      |    Inf |  40.01%
  209m|161000 |  2317 | 72338k| 449.3 |   744M |  40 |1125 |1351 |2649 |1158k|  2 |  33k|  11 | 0.000000e+00 |      --      |    Inf |  40.05%
  209m|161100 |  2315 | 72360k| 449.1 |   744M |  40 |1125 |1351 |2825 |1158k|  0 |  33k|  11 | 0.000000e+00 |      --      |    Inf |  40.47%
  209m|161200 |  2311 | 72387k| 449.0 |   744M |  40 |1125 |1351 |2796 |1159k|  1 |  33k|  11 | 0.000000e+00 |      --      |    Inf |  40.47%
  209m|161300 |  2315 | 72418k| 449.0 |   744M |  40 |1125 |1351 |3109 |1159k|  0 |  33k|  11 | 0.000000e+00 |      --      |    Inf |  40.47%
  209m|161400 |  2297 | 72445k| 448.8 |   744M |  40 |1125 |1352 |2866 |1159k|  2 |  33k|  11 | 0.000000e+00 |      --      |    Inf |  40.48%
  209m|161500 |  2282 | 72473k| 448.7 |   744M |  40 |1125 |1352 |2670 |1159k|  2 |  33k|  11 | 0.000000e+00 |      --      |    Inf |  40.51%
  209m|161600 |  2278 | 72498k| 448.6 |   744M |  40 |1125 |1351 |3129 |1160k|  1 |  33k|  11 | 0.000000e+00 |      --      |    Inf |  40.56%
  209m|161700 |  2296 | 72518k| 448.5 |   744M |  40 |1125 |1351 |3092 |1160k|  2 |  33k|  11 | 0.000000e+00 |      --      |    Inf |  40.61%
  209m|161800 |  2288 | 72538k| 448.3 |   744M |  40 |1125 |1353 |2904 |1160k|  2 |  33k|  11 | 0.000000e+00 |      --      |    Inf |  40.62%
  209m|161900 |  2286 | 72563k| 448.2 |   745M |  40 |1125 |1352 |3320 |1161k|  0 |  33k|  11 | 0.000000e+00 |      --      |    Inf |  40.63%
  209m|162000 |  2283 | 72590k| 448.1 |   745M |  40 |1125 |1351 |3312 |1161k|  1 |  33k|  11 | 0.000000e+00 |      --      |    Inf |  40.63%
  209m|162100 |  2277 | 72630k| 448.0 |   745M |  40 |1125 |1353 |3391 |1161k|  2 |  33k|  11 | 0.000000e+00 |      --      |    Inf |  40.65%
  209m|162200 |  2270 | 72661k| 448.0 |   745M |  40 |1125 |1353 |3279 |1161k|  1 |  33k|  11 | 0.000000e+00 |      --      |    Inf |  40.69%
 time | node  | left  |LP iter|LP it/n|mem/heur|mdpt |vars |cons |rows |cuts |sepa|confs|strbr|  dualbound   | primalbound  |  gap   | compl. 
  209m|162300 |  2261 | 72708k| 448.0 |   746M |  40 |1125 |1351 |2714 |1162k|  0 |  33k|  11 | 0.000000e+00 |      --      |    Inf |  40.71%
  209m|162400 |  2268 | 72782k| 448.2 |   746M |  40 |1125 |1350 |2946 |1163k|  0 |  33k|  11 | 0.000000e+00 |      --      |    Inf |  40.73%
  210m|162500 |  2265 | 72875k| 448.5 |   746M |  40 |1125 |1350 |3224 |1164k|  2 |  33k|  11 | 0.000000e+00 |      --      |    Inf |  40.76%
  210m|162600 |  2260 | 72956k| 448.7 |   747M |  40 |1125 |1351 |3243 |1165k|  2 |  33k|  11 | 0.000000e+00 |      --      |    Inf |  40.78%
  210m|162700 |  2266 | 73045k| 448.9 |   747M |  40 |1125 |1351 |2874 |1166k|  0 |  33k|  11 | 0.000000e+00 |      --      |    Inf |  40.81%
  210m|162800 |  2270 | 73108k| 449.1 |   747M |  40 |1125 |1351 |2938 |1167k|  1 |  33k|  11 | 0.000000e+00 |      --      |    Inf |  40.81%
  210m|162900 |  2264 | 73165k| 449.1 |   747M |  40 |1125 |1350 |2918 |1168k|  0 |  33k|  11 | 0.000000e+00 |      --      |    Inf |  40.81%
  210m|163000 |  2274 | 73209k| 449.1 |   747M |  40 |1125 |1350 |3001 |1168k|  0 |  33k|  11 | 0.000000e+00 |      --      |    Inf |  40.81%
  210m|163100 |  2272 | 73249k| 449.1 |   747M |  40 |1125 |1350 |3025 |1168k|  0 |  33k|  11 | 0.000000e+00 |      --      |    Inf |  40.81%
  210m|163200 |  2273 | 73282k| 449.0 |   747M |  40 |1125 |1350 |3003 |1169k|  2 |  33k|  11 | 0.000000e+00 |      --      |    Inf |  40.81%
  210m|163300 |  2263 | 73322k| 449.0 |   747M |  40 |1125 |1351 |   0 |1169k|  0 |  33k|  11 | 0.000000e+00 |      --      |    Inf |  40.81%
  210m|163400 |  2268 | 73383k| 449.1 |   747M |  40 |1125 |1352 |3331 |1170k|  0 |  33k|  11 | 0.000000e+00 |      --      |    Inf |  40.82%
  211m|163500 |  2274 | 73431k| 449.1 |   747M |  40 |1125 |1351 |3026 |1170k|  2 |  33k|  11 | 0.000000e+00 |      --      |    Inf |  40.83%
  211m|163600 |  2264 | 73478k| 449.1 |   747M |  40 |1125 |1350 |3295 |1171k|  1 |  33k|  11 | 0.000000e+00 |      --      |    Inf |  40.83%
  211m|163700 |  2261 | 73530k| 449.2 |   747M |  40 |1125 |1352 |3366 |1171k|  0 |  33k|  11 | 0.000000e+00 |      --      |    Inf |  40.84%
 time | node  | left  |LP iter|LP it/n|mem/heur|mdpt |vars |cons |rows |cuts |sepa|confs|strbr|  dualbound   | primalbound  |  gap   | compl. 
  211m|163800 |  2273 | 73591k| 449.3 |   747M |  40 |1125 |1351 |3428 |1172k|  2 |  33k|  11 | 0.000000e+00 |      --      |    Inf |  40.84%
  211m|163900 |  2262 | 73642k| 449.3 |   747M |  40 |1125 |1351 |   0 |1172k|  0 |  33k|  11 | 0.000000e+00 |      --      |    Inf |  40.84%
  211m|164000 |  2261 | 73686k| 449.3 |   747M |  40 |1125 |1351 |3402 |1172k|  0 |  33k|  11 | 0.000000e+00 |      --      |    Inf |  40.84%
  211m|164100 |  2258 | 73741k| 449.4 |   747M |  40 |1125 |1352 |2755 |1173k|  0 |  33k|  11 | 0.000000e+00 |      --      |    Inf |  40.84%
  211m|164200 |  2258 | 73808k| 449.5 |   747M |  40 |1125 |1352 |3329 |1174k|  2 |  33k|  11 | 0.000000e+00 |      --      |    Inf |  40.84%
  211m|164300 |  2257 | 73861k| 449.5 |   747M |  40 |1125 |1351 |3015 |1174k|  2 |  33k|  11 | 0.000000e+00 |      --      |    Inf |  40.84%
  211m|164400 |  2259 | 73907k| 449.5 |   747M |  40 |1125 |1351 |3064 |1174k|  0 |  33k|  11 | 0.000000e+00 |      --      |    Inf |  40.84%
  211m|164500 |  2258 | 73950k| 449.5 |   747M |  40 |1125 |1351 |3331 |1174k|  0 |  33k|  11 | 0.000000e+00 |      --      |    Inf |  40.84%
  211m|164600 |  2260 | 74006k| 449.6 |   747M |  40 |1125 |1351 |2854 |1175k|  0 |  33k|  11 | 0.000000e+00 |      --      |    Inf |  40.85%
  212m|164700 |  2258 | 74080k| 449.8 |   747M |  40 |1125 |1351 |3086 |1176k|  2 |  33k|  11 | 0.000000e+00 |      --      |    Inf |  40.88%
  212m|164800 |  2260 | 74171k| 450.1 |   747M |  40 |1125 |1351 |3235 |1177k|  0 |  33k|  11 | 0.000000e+00 |      --      |    Inf |  40.88%
  212m|164900 |  2264 | 74259k| 450.3 |   747M |  40 |1125 |1352 |3111 |1177k|  2 |  33k|  11 | 0.000000e+00 |      --      |    Inf |  40.89%
  212m|165000 |  2264 | 74324k| 450.4 |   747M |  40 |1125 |1352 |3280 |1178k|  2 |  33k|  11 | 0.000000e+00 |      --      |    Inf |  40.89%
  212m|165100 |  2256 | 74406k| 450.7 |   747M |  40 |1125 |1351 |3205 |1178k|  0 |  33k|  11 | 0.000000e+00 |      --      |    Inf |  40.89%
  212m|165200 |  2264 | 74481k| 450.8 |   747M |  40 |1125 |1352 |3232 |1178k|  2 |  33k|  11 | 0.000000e+00 |      --      |    Inf |  40.89%
 time | node  | left  |LP iter|LP it/n|mem/heur|mdpt |vars |cons |rows |cuts |sepa|confs|strbr|  dualbound   | primalbound  |  gap   | compl. 
  212m|165300 |  2257 | 74563k| 451.1 |   747M |  40 |1125 |1352 |3271 |1179k|  0 |  33k|  11 | 0.000000e+00 |      --      |    Inf |  40.89%
  213m|165400 |  2261 | 74635k| 451.2 |   747M |  40 |1125 |1352 |3251 |1179k|  2 |  33k|  11 | 0.000000e+00 |      --      |    Inf |  40.89%
  213m|165500 |  2260 | 74713k| 451.4 |   747M |  40 |1125 |1353 |3110 |1180k|  2 |  33k|  11 | 0.000000e+00 |      --      |    Inf |  40.90%
  213m|165600 |  2256 | 74779k| 451.5 |   747M |  40 |1125 |1353 |2508 |1181k|  2 |  34k|  11 | 0.000000e+00 |      --      |    Inf |  40.97%
  213m|165700 |  2257 | 74829k| 451.6 |   747M |  40 |1125 |1353 |3182 |1182k|  2 |  34k|  11 | 0.000000e+00 |      --      |    Inf |  40.98%
  213m|165800 |  2254 | 74869k| 451.6 |   749M |  40 |1125 |1353 |4125 |1182k|  1 |  34k|  11 | 0.000000e+00 |      --      |    Inf |  41.00%
  213m|165900 |  2249 | 74918k| 451.6 |   750M |  40 |1125 |1354 |2446 |1183k|  2 |  34k|  11 | 0.000000e+00 |      --      |    Inf |  41.00%
  213m|166000 |  2241 | 74971k| 451.6 |   751M |  40 |1125 |1353 |3421 |1184k|  0 |  34k|  11 | 0.000000e+00 |      --      |    Inf |  41.05%
  213m|166100 |  2237 | 75033k| 451.7 |   751M |  40 |1125 |1352 |3092 |1184k|  0 |  34k|  11 | 0.000000e+00 |      --      |    Inf |  41.07%
  213m|166200 |  2230 | 75087k| 451.8 |   751M |  40 |1125 |1352 |3172 |1185k|  0 |  34k|  11 | 0.000000e+00 |      --      |    Inf |  41.08%
  213m|166300 |  2220 | 75143k| 451.8 |   751M |  40 |1125 |1352 |3075 |1186k|  0 |  34k|  11 | 0.000000e+00 |      --      |    Inf |  41.12%
  213m|166400 |  2225 | 75202k| 451.9 |   751M |  40 |1125 |1352 |3109 |1186k|  0 |  34k|  11 | 0.000000e+00 |      --      |    Inf |  41.13%
  214m|166500 |  2220 | 75256k| 452.0 |   751M |  40 |1125 |1352 |3016 |1187k|  2 |  34k|  11 | 0.000000e+00 |      --      |    Inf |  41.13%
  214m|166600 |  2227 | 75323k| 452.1 |   751M |  40 |1125 |1352 |3160 |1187k|  2 |  34k|  11 | 0.000000e+00 |      --      |    Inf |  41.13%
  214m|166700 |  2231 | 75380k| 452.2 |   751M |  40 |1125 |1352 |3339 |1188k|  0 |  34k|  11 | 0.000000e+00 |      --      |    Inf |  41.13%
 time | node  | left  |LP iter|LP it/n|mem/heur|mdpt |vars |cons |rows |cuts |sepa|confs|strbr|  dualbound   | primalbound  |  gap   | compl. 
  214m|166800 |  2226 | 75426k| 452.2 |   751M |  40 |1125 |1352 |3362 |1188k|  0 |  34k|  11 | 0.000000e+00 |      --      |    Inf |  41.13%
  214m|166900 |  2229 | 75478k| 452.2 |   751M |  40 |1125 |1352 |3393 |1188k|  1 |  34k|  11 | 0.000000e+00 |      --      |    Inf |  41.13%
  214m|167000 |  2229 | 75539k| 452.3 |   751M |  40 |1125 |1351 |3303 |1188k|  0 |  34k|  11 | 0.000000e+00 |      --      |    Inf |  41.14%
  214m|167100 |  2230 | 75594k| 452.4 |   751M |  40 |1125 |1351 |3333 |1189k|  2 |  34k|  11 | 0.000000e+00 |      --      |    Inf |  41.14%
  214m|167200 |  2223 | 75658k| 452.5 |   751M |  40 |1125 |1351 |3289 |1189k|  2 |  34k|  11 | 0.000000e+00 |      --      |    Inf |  41.14%
  214m|167300 |  2222 | 75723k| 452.6 |   751M |  40 |1125 |1351 |3183 |1189k|  2 |  34k|  11 | 0.000000e+00 |      --      |    Inf |  41.14%
  214m|167400 |  2220 | 75779k| 452.7 |   751M |  40 |1125 |1351 |3171 |1190k|  2 |  34k|  11 | 0.000000e+00 |      --      |    Inf |  41.14%
  215m|167500 |  2222 | 75843k| 452.8 |   751M |  40 |1125 |1351 |3206 |1190k|  1 |  34k|  11 | 0.000000e+00 |      --      |    Inf |  41.14%
  215m|167600 |  2235 | 75915k| 452.9 |   751M |  40 |1125 |1351 |3152 |1191k|  1 |  34k|  11 | 0.000000e+00 |      --      |    Inf |  41.15%
  215m|167700 |  2242 | 75973k| 453.0 |   751M |  40 |1125 |1351 |3118 |1191k|  1 |  34k|  11 | 0.000000e+00 |      --      |    Inf |  41.16%
  215m|167800 |  2232 | 76035k| 453.1 |   751M |  40 |1125 |1351 |3124 |1192k|  2 |  34k|  11 | 0.000000e+00 |      --      |    Inf |  41.17%
  215m|167900 |  2230 | 76110k| 453.3 |   751M |  40 |1125 |1351 |2903 |1193k|  0 |  34k|  11 | 0.000000e+00 |      --      |    Inf |  41.18%
  215m|168000 |  2230 | 76172k| 453.4 |   751M |  40 |1125 |1351 |3135 |1193k|  2 |  34k|  11 | 0.000000e+00 |      --      |    Inf |  41.21%
  215m|168100 |  2224 | 76218k| 453.4 |   752M |  40 |1125 |1351 |2910 |1194k|  1 |  34k|  11 | 0.000000e+00 |      --      |    Inf |  41.21%
  215m|168200 |  2229 | 76240k| 453.3 |   752M |  40 |1125 |1351 |2389 |1195k|  2 |  34k|  11 | 0.000000e+00 |      --      |    Inf |  41.22%
 time | node  | left  |LP iter|LP it/n|mem/heur|mdpt |vars |cons |rows |cuts |sepa|confs|strbr|  dualbound   | primalbound  |  gap   | compl. 
  215m|168300 |  2225 | 76268k| 453.2 |   752M |  40 |1125 |1351 |3102 |1195k|  0 |  34k|  11 | 0.000000e+00 |      --      |    Inf |  41.26%
  215m|168400 |  2229 | 76292k| 453.0 |   752M |  40 |1125 |1351 |3496 |1195k|  0 |  34k|  11 | 0.000000e+00 |      --      |    Inf |  41.28%
  215m|168500 |  2216 | 76315k| 452.9 |   752M |  40 |1125 |1351 |2720 |1196k|  2 |  34k|  11 | 0.000000e+00 |      --      |    Inf |  41.32%
  215m|168600 |  2206 | 76340k| 452.8 |   752M |  40 |1125 |1351 |3169 |1196k|  0 |  34k|  11 | 0.000000e+00 |      --      |    Inf |  41.36%
  215m|168700 |  2209 | 76357k| 452.6 |   752M |  40 |1125 |1351 |2890 |1196k|  2 |  34k|  11 | 0.000000e+00 |      --      |    Inf |  41.42%
  215m|168800 |  2212 | 76377k| 452.5 |   752M |  40 |1125 |1351 |2906 |1196k|  0 |  34k|  11 | 0.000000e+00 |      --      |    Inf |  41.42%
  216m|168900 |  2223 | 76397k| 452.3 |   752M |  40 |1125 |1351 |2882 |1197k|  2 |  34k|  11 | 0.000000e+00 |      --      |    Inf |  41.42%
  216m|169000 |  2223 | 76415k| 452.1 |   752M |  40 |1125 |1351 |2914 |1197k|  0 |  34k|  11 | 0.000000e+00 |      --      |    Inf |  41.42%
  216m|169100 |  2221 | 76436k| 452.0 |   752M |  40 |1125 |1351 |2949 |1197k|  2 |  34k|  11 | 0.000000e+00 |      --      |    Inf |  41.43%
  216m|169200 |  2220 | 76452k| 451.8 |   752M |  40 |1125 |1351 |2950 |1197k|  1 |  34k|  11 | 0.000000e+00 |      --      |    Inf |  41.44%
  216m|169300 |  2223 | 76480k| 451.7 |   752M |  40 |1125 |1351 |2882 |1198k|  2 |  34k|  11 | 0.000000e+00 |      --      |    Inf |  41.44%
  216m|169400 |  2219 | 76509k| 451.6 |   752M |  40 |1125 |1351 |2882 |1198k|  0 |  34k|  11 | 0.000000e+00 |      --      |    Inf |  41.44%
  216m|169500 |  2211 | 76541k| 451.6 |   752M |  40 |1125 |1351 |2911 |1198k|  0 |  34k|  11 | 0.000000e+00 |      --      |    Inf |  41.45%
  216m|169600 |  2207 | 76564k| 451.4 |   752M |  40 |1125 |1351 |2797 |1198k|  2 |  34k|  11 | 0.000000e+00 |      --      |    Inf |  41.48%
  216m|169700 |  2210 | 76595k| 451.3 |   752M |  40 |1125 |1352 |2914 |1199k|  0 |  34k|  11 | 0.000000e+00 |      --      |    Inf |  41.48%
 time | node  | left  |LP iter|LP it/n|mem/heur|mdpt |vars |cons |rows |cuts |sepa|confs|strbr|  dualbound   | primalbound  |  gap   | compl. 
  216m|169800 |  2210 | 76648k| 451.4 |   752M |  40 |1125 |1352 |3118 |1199k|  0 |  34k|  11 | 0.000000e+00 |      --      |    Inf |  41.48%
  216m|169900 |  2200 | 76712k| 451.5 |   752M |  40 |1125 |1352 |   0 |1200k|  0 |  34k|  11 | 0.000000e+00 |      --      |    Inf |  41.50%
  216m|170000 |  2203 | 76774k| 451.6 |   752M |  40 |1125 |1352 |   0 |1201k|  0 |  34k|  11 | 0.000000e+00 |      --      |    Inf |  41.53%
  216m|170100 |  2199 | 76819k| 451.6 |   752M |  40 |1125 |1351 |3036 |1201k|  0 |  34k|  11 | 0.000000e+00 |      --      |    Inf |  41.54%
  216m|170200 |  2197 | 76861k| 451.6 |   752M |  40 |1125 |1351 |2557 |1202k|  2 |  34k|  11 | 0.000000e+00 |      --      |    Inf |  41.58%
  216m|170300 |  2185 | 76888k| 451.5 |   752M |  40 |1125 |1352 |3540 |1203k|  0 |  34k|  11 | 0.000000e+00 |      --      |    Inf |  41.63%
  216m|170400 |  2182 | 76929k| 451.4 |   752M |  40 |1125 |1353 |2866 |1204k|  2 |  34k|  11 | 0.000000e+00 |      --      |    Inf |  41.65%
  216m|170500 |  2184 | 76955k| 451.3 |   752M |  40 |1125 |1351 |3095 |1204k|  0 |  34k|  11 | 0.000000e+00 |      --      |    Inf |  41.65%
  216m|170600 |  2185 | 76980k| 451.2 |   752M |  40 |1125 |1351 |3483 |1204k|  0 |  34k|  11 | 0.000000e+00 |      --      |    Inf |  41.66%
  217m|170700 |  2188 | 77005k| 451.1 |   752M |  40 |1125 |1351 |3100 |1204k|  2 |  35k|  11 | 0.000000e+00 |      --      |    Inf |  41.67%
  217m|170800 |  2189 | 77025k| 451.0 |   752M |  40 |1125 |1351 |3098 |1204k|  0 |  35k|  11 | 0.000000e+00 |      --      |    Inf |  41.73%
  217m|170900 |  2183 | 77046k| 450.8 |   752M |  40 |1125 |1351 |3075 |1204k|  1 |  35k|  11 | 0.000000e+00 |      --      |    Inf |  41.76%
  217m|171000 |  2184 | 77083k| 450.8 |   752M |  40 |1125 |1351 |2814 |1205k|  2 |  35k|  11 | 0.000000e+00 |      --      |    Inf |  41.77%
  217m|171100 |  2188 | 77110k| 450.7 |   752M |  40 |1125 |1351 |2801 |1205k|  0 |  35k|  11 | 0.000000e+00 |      --      |    Inf |  41.77%
  217m|171200 |  2193 | 77139k| 450.6 |   752M |  40 |1125 |1351 |2819 |1206k|  2 |  35k|  11 | 0.000000e+00 |      --      |    Inf |  41.77%
 time | node  | left  |LP iter|LP it/n|mem/heur|mdpt |vars |cons |rows |cuts |sepa|confs|strbr|  dualbound   | primalbound  |  gap   | compl. 
  217m|171300 |  2190 | 77164k| 450.4 |   752M |  40 |1125 |1351 |2795 |1206k|  2 |  35k|  11 | 0.000000e+00 |      --      |    Inf |  41.77%
  217m|171400 |  2191 | 77188k| 450.3 |   752M |  40 |1125 |1352 |2821 |1206k|  1 |  35k|  11 | 0.000000e+00 |      --      |    Inf |  41.77%
  217m|171500 |  2185 | 77213k| 450.2 |   752M |  40 |1125 |1352 |   0 |1207k|  0 |  35k|  11 | 0.000000e+00 |      --      |    Inf |  41.77%
  217m|171600 |  2186 | 77238k| 450.1 |   752M |  40 |1125 |1352 |   0 |1207k|  0 |  35k|  11 | 0.000000e+00 |      --      |    Inf |  41.77%
  217m|171700 |  2179 | 77257k| 449.9 |   752M |  40 |1125 |1353 |   0 |1207k|  0 |  35k|  11 | 0.000000e+00 |      --      |    Inf |  41.77%
  217m|171800 |  2178 | 77275k| 449.8 |   752M |  40 |1125 |1354 |   0 |1207k|  0 |  35k|  11 | 0.000000e+00 |      --      |    Inf |  41.77%
  217m|171900 |  2181 | 77288k| 449.6 |   752M |  40 |1125 |1354 |2805 |1208k|  0 |  35k|  11 | 0.000000e+00 |      --      |    Inf |  41.77%
  217m|172000 |  2173 | 77310k| 449.5 |   752M |  40 |1125 |1354 |2805 |1208k|  0 |  35k|  11 | 0.000000e+00 |      --      |    Inf |  41.77%
  217m|172100 |  2183 | 77327k| 449.3 |   752M |  40 |1125 |1356 |3011 |1208k|  0 |  35k|  11 | 0.000000e+00 |      --      |    Inf |  41.77%
  217m|172200 |  2179 | 77347k| 449.2 |   752M |  40 |1125 |1356 |3012 |1208k|  0 |  35k|  11 | 0.000000e+00 |      --      |    Inf |  41.77%
  217m|172300 |  2183 | 77364k| 449.0 |   752M |  40 |1125 |1357 |3007 |1208k|  1 |  35k|  11 | 0.000000e+00 |      --      |    Inf |  41.77%
  217m|172400 |  2189 | 77380k| 448.8 |   752M |  40 |1125 |1357 |3099 |1208k|  0 |  35k|  11 | 0.000000e+00 |      --      |    Inf |  41.77%
  217m|172500 |  2182 | 77395k| 448.7 |   752M |  40 |1125 |1356 |3037 |1209k|  0 |  35k|  11 | 0.000000e+00 |      --      |    Inf |  41.77%
  217m|172600 |  2178 | 77415k| 448.5 |   752M |  40 |1125 |1355 |2645 |1209k|  0 |  35k|  11 | 0.000000e+00 |      --      |    Inf |  41.78%
  217m|172700 |  2171 | 77439k| 448.4 |   752M |  40 |1125 |1355 |2790 |1209k|  0 |  35k|  11 | 0.000000e+00 |      --      |    Inf |  41.80%
 time | node  | left  |LP iter|LP it/n|mem/heur|mdpt |vars |cons |rows |cuts |sepa|confs|strbr|  dualbound   | primalbound  |  gap   | compl. 
  217m|172800 |  2170 | 77461k| 448.3 |   752M |  40 |1125 |1355 |2881 |1209k|  0 |  35k|  11 | 0.000000e+00 |      --      |    Inf |  41.83%
  217m|172900 |  2156 | 77490k| 448.2 |   753M |  40 |1125 |1353 |3750 |1210k|  2 |  35k|  11 | 0.000000e+00 |      --      |    Inf |  41.96%
  217m|173000 |  2150 | 77525k| 448.1 |   755M |  40 |1125 |1353 |3699 |1210k|  0 |  35k|  11 | 0.000000e+00 |      --      |    Inf |  41.97%
  217m|173100 |  2150 | 77550k| 448.0 |   755M |  40 |1125 |1353 |3661 |1210k|  2 |  35k|  11 | 0.000000e+00 |      --      |    Inf |  41.98%
  217m|173200 |  2146 | 77567k| 447.8 |   755M |  40 |1125 |1353 |2869 |1211k|  2 |  35k|  11 | 0.000000e+00 |      --      |    Inf |  42.03%
  218m|173300 |  2154 | 77630k| 447.9 |   755M |  40 |1125 |1353 |3463 |1211k|  0 |  35k|  11 | 0.000000e+00 |      --      |    Inf |  42.07%
  218m|173400 |  2163 | 77679k| 448.0 |   755M |  40 |1125 |1353 |3545 |1211k|  1 |  35k|  11 | 0.000000e+00 |      --      |    Inf |  42.07%
  218m|173500 |  2165 | 77745k| 448.1 |   755M |  40 |1125 |1353 |3537 |1212k|  2 |  35k|  11 | 0.000000e+00 |      --      |    Inf |  42.07%
  218m|173600 |  2153 | 77808k| 448.2 |   755M |  40 |1125 |1353 |   0 |1212k|  0 |  35k|  11 | 0.000000e+00 |      --      |    Inf |  42.07%
  218m|173700 |  2156 | 77907k| 448.5 |   755M |  40 |1125 |1352 |3331 |1213k|  2 |  35k|  11 | 0.000000e+00 |      --      |    Inf |  42.07%
  218m|173800 |  2155 | 77975k| 448.6 |   755M |  40 |1125 |1352 |3389 |1213k|  0 |  35k|  11 | 0.000000e+00 |      --      |    Inf |  42.07%
  218m|173900 |  2153 | 78032k| 448.7 |   755M |  40 |1125 |1352 |3361 |1214k|  2 |  35k|  11 | 0.000000e+00 |      --      |    Inf |  42.07%
  218m|174000 |  2153 | 78124k| 449.0 |   755M |  40 |1125 |1352 |3407 |1214k|  0 |  35k|  11 | 0.000000e+00 |      --      |    Inf |  42.08%
  219m|174100 |  2156 | 78185k| 449.1 |   755M |  40 |1125 |1352 |3432 |1215k|  0 |  35k|  11 | 0.000000e+00 |      --      |    Inf |  42.08%
  219m|174200 |  2155 | 78227k| 449.1 |   755M |  40 |1125 |1352 |3419 |1215k|  1 |  35k|  11 | 0.000000e+00 |      --      |    Inf |  42.08%
 time | node  | left  |LP iter|LP it/n|mem/heur|mdpt |vars |cons |rows |cuts |sepa|confs|strbr|  dualbound   | primalbound  |  gap   | compl. 
  219m|174300 |  2150 | 78274k| 449.1 |   755M |  40 |1125 |1352 |3401 |1215k|  1 |  35k|  11 | 0.000000e+00 |      --      |    Inf |  42.08%
  219m|174400 |  2149 | 78351k| 449.3 |   755M |  40 |1125 |1352 |3395 |1215k|  2 |  35k|  11 | 0.000000e+00 |      --      |    Inf |  42.08%
  219m|174500 |  2143 | 78399k| 449.3 |   755M |  40 |1125 |1352 |3255 |1216k|  2 |  35k|  11 | 0.000000e+00 |      --      |    Inf |  42.10%
  219m|174600 |  2140 | 78446k| 449.3 |   755M |  40 |1125 |1352 |3305 |1217k|  0 |  35k|  11 | 0.000000e+00 |      --      |    Inf |  42.31%
  219m|174700 |  2135 | 78514k| 449.4 |   755M |  40 |1125 |1352 |3220 |1217k|  2 |  35k|  11 | 0.000000e+00 |      --      |    Inf |  42.43%
  219m|174800 |  2133 | 78567k| 449.5 |   755M |  40 |1125 |1352 |   0 |1218k|  0 |  36k|  11 | 0.000000e+00 |      --      |    Inf |  42.47%
  219m|174900 |  2133 | 78621k| 449.5 |   755M |  40 |1125 |1352 |2999 |1219k|  0 |  36k|  11 | 0.000000e+00 |      --      |    Inf |  42.50%
  219m|175000 |  2130 | 78686k| 449.6 |   755M |  40 |1125 |1352 |   0 |1219k|  0 |  36k|  11 | 0.000000e+00 |      --      |    Inf |  42.53%
  219m|175100 |  2138 | 78764k| 449.8 |   755M |  40 |1125 |1351 |2928 |1220k|  1 |  36k|  11 | 0.000000e+00 |      --      |    Inf |  42.53%
  220m|175200 |  2132 | 78818k| 449.9 |   755M |  40 |1125 |1351 |2808 |1221k|  0 |  36k|  11 | 0.000000e+00 |      --      |    Inf |  42.54%
  220m|175300 |  2129 | 78886k| 450.0 |   755M |  40 |1125 |1351 |3060 |1222k|  2 |  36k|  11 | 0.000000e+00 |      --      |    Inf |  42.54%
  220m|175400 |  2129 | 78952k| 450.1 |   755M |  40 |1125 |1351 |3358 |1223k|  2 |  36k|  11 | 0.000000e+00 |      --      |    Inf |  42.58%
  220m|175500 |  2128 | 79013k| 450.2 |   755M |  40 |1125 |1352 |3495 |1223k|  0 |  36k|  11 | 0.000000e+00 |      --      |    Inf |  42.65%
  220m|175600 |  2126 | 79072k| 450.3 |   756M |  40 |1125 |1354 |3557 |1224k|  2 |  36k|  11 | 0.000000e+00 |      --      |    Inf |  42.66%
  220m|175700 |  2129 | 79142k| 450.4 |   756M |  40 |1125 |1353 |3518 |1224k|  0 |  36k|  11 | 0.000000e+00 |      --      |    Inf |  42.66%
 time | node  | left  |LP iter|LP it/n|mem/heur|mdpt |vars |cons |rows |cuts |sepa|confs|strbr|  dualbound   | primalbound  |  gap   | compl. 
  220m|175800 |  2127 | 79210k| 450.6 |   756M |  40 |1125 |1352 |   0 |1225k|  0 |  36k|  11 | 0.000000e+00 |      --      |    Inf |  42.66%
  220m|175900 |  2121 | 79261k| 450.6 |   756M |  40 |1125 |1352 |   0 |1225k|  0 |  36k|  11 | 0.000000e+00 |      --      |    Inf |  42.66%
  220m|176000 |  2124 | 79317k| 450.7 |   756M |  40 |1125 |1351 |   0 |1226k|  0 |  36k|  11 | 0.000000e+00 |      --      |    Inf |  42.68%
  221m|176100 |  2123 | 79389k| 450.8 |   756M |  40 |1125 |1351 |2745 |1226k|  0 |  36k|  11 | 0.000000e+00 |      --      |    Inf |  42.69%
  221m|176200 |  2124 | 79442k| 450.9 |   757M |  40 |1125 |1351 |2901 |1227k|  2 |  36k|  11 | 0.000000e+00 |      --      |    Inf |  42.71%
  221m|176300 |  2117 | 79492k| 450.9 |   757M |  40 |1125 |1351 |3202 |1227k|  1 |  36k|  11 | 0.000000e+00 |      --      |    Inf |  42.72%
  221m|176400 |  2124 | 79541k| 450.9 |   757M |  40 |1125 |1351 |2969 |1228k|  0 |  36k|  11 | 0.000000e+00 |      --      |    Inf |  42.72%
  221m|176500 |  2120 | 79595k| 450.9 |   757M |  40 |1125 |1352 |2970 |1228k|  2 |  36k|  11 | 0.000000e+00 |      --      |    Inf |  42.74%
  221m|176600 |  2116 | 79647k| 451.0 |   757M |  40 |1125 |1352 |2966 |1229k|  2 |  36k|  11 | 0.000000e+00 |      --      |    Inf |  42.76%
  221m|176700 |  2118 | 79695k| 451.0 |   757M |  40 |1125 |1351 |   0 |1229k|  0 |  36k|  11 | 0.000000e+00 |      --      |    Inf |  42.77%
  221m|176800 |  2108 | 79734k| 451.0 |   757M |  40 |1125 |1351 |3133 |1229k|  2 |  36k|  11 | 0.000000e+00 |      --      |    Inf |  42.82%
  221m|176900 |  2109 | 79785k| 451.0 |   757M |  40 |1125 |1351 |2790 |1230k|  0 |  36k|  11 | 0.000000e+00 |      --      |    Inf |  42.84%
  221m|177000 |  2111 | 79852k| 451.1 |   757M |  40 |1125 |1351 |2601 |1231k|  0 |  36k|  11 | 0.000000e+00 |      --      |    Inf |  42.86%
  221m|177100 |  2108 | 79904k| 451.2 |   757M |  40 |1125 |1351 |2810 |1232k|  0 |  36k|  11 | 0.000000e+00 |      --      |    Inf |  42.90%
  222m|177200 |  2103 | 79958k| 451.2 |   757M |  40 |1125 |1351 |   0 |1233k|  0 |  36k|  11 | 0.000000e+00 |      --      |    Inf |  42.92%
 time | node  | left  |LP iter|LP it/n|mem/heur|mdpt |vars |cons |rows |cuts |sepa|confs|strbr|  dualbound   | primalbound  |  gap   | compl. 
  222m|177300 |  2119 | 80032k| 451.4 |   757M |  40 |1125 |1351 |3380 |1234k|  0 |  36k|  11 | 0.000000e+00 |      --      |    Inf |  42.93%
  222m|177400 |  2117 | 80099k| 451.5 |   757M |  40 |1125 |1351 |3291 |1234k|  2 |  36k|  11 | 0.000000e+00 |      --      |    Inf |  42.94%
  222m|177500 |  2119 | 80135k| 451.5 |   757M |  40 |1125 |1351 |3263 |1235k|  1 |  36k|  11 | 0.000000e+00 |      --      |    Inf |  42.95%
  222m|177600 |  2118 | 80167k| 451.4 |   757M |  40 |1125 |1351 |2957 |1235k|  2 |  36k|  11 | 0.000000e+00 |      --      |    Inf |  42.96%
  222m|177700 |  2111 | 80202k| 451.3 |   757M |  40 |1125 |1352 |2940 |1235k|  0 |  36k|  11 | 0.000000e+00 |      --      |    Inf |  42.96%
  222m|177800 |  2120 | 80222k| 451.2 |   757M |  40 |1125 |1353 |2763 |1236k|  2 |  36k|  11 | 0.000000e+00 |      --      |    Inf |  42.97%
  222m|177900 |  2108 | 80245k| 451.1 |   757M |  40 |1125 |1352 |2801 |1236k|  2 |  36k|  11 | 0.000000e+00 |      --      |    Inf |  43.04%
  222m|178000 |  2104 | 80278k| 451.0 |   757M |  40 |1125 |1352 |3484 |1237k|  1 |  36k|  11 | 0.000000e+00 |      --      |    Inf |  43.05%
  222m|178100 |  2114 | 80295k| 450.8 |   757M |  40 |1125 |1352 |2655 |1237k|  2 |  36k|  11 | 0.000000e+00 |      --      |    Inf |  43.10%
  222m|178200 |  2114 | 80318k| 450.7 |   757M |  40 |1125 |1351 |3003 |1237k|  2 |  36k|  11 | 0.000000e+00 |      --      |    Inf |  43.11%
  222m|178300 |  2116 | 80345k| 450.6 |   757M |  40 |1125 |1351 |3017 |1238k|  2 |  36k|  11 | 0.000000e+00 |      --      |    Inf |  43.12%
  222m|178400 |  2128 | 80370k| 450.5 |   757M |  40 |1125 |1351 |3045 |1238k|  1 |  36k|  11 | 0.000000e+00 |      --      |    Inf |  43.12%
  222m|178500 |  2127 | 80398k| 450.4 |   757M |  40 |1125 |1351 |3056 |1238k|  2 |  36k|  11 | 0.000000e+00 |      --      |    Inf |  43.12%
  222m|178600 |  2121 | 80426k| 450.3 |   757M |  40 |1125 |1351 |3075 |1238k|  0 |  36k|  11 | 0.000000e+00 |      --      |    Inf |  43.12%
  223m|178700 |  2121 | 80479k| 450.3 |   757M |  40 |1125 |1351 |3099 |1239k|  1 |  36k|  11 | 0.000000e+00 |      --      |    Inf |  43.14%
 time | node  | left  |LP iter|LP it/n|mem/heur|mdpt |vars |cons |rows |cuts |sepa|confs|strbr|  dualbound   | primalbound  |  gap   | compl. 
  223m|178800 |  2115 | 80550k| 450.5 |   757M |  40 |1125 |1351 |3202 |1240k|  2 |  36k|  11 | 0.000000e+00 |      --      |    Inf |  43.14%
  223m|178900 |  2125 | 80621k| 450.6 |   757M |  40 |1125 |1353 |3237 |1240k|  0 |  36k|  11 | 0.000000e+00 |      --      |    Inf |  43.14%
  223m|179000 |  2121 | 80678k| 450.7 |   757M |  40 |1125 |1353 |   0 |1241k|  0 |  36k|  11 | 0.000000e+00 |      --      |    Inf |  43.15%
  223m|179100 |  2117 | 80753k| 450.9 |   757M |  40 |1125 |1353 |3272 |1241k|  2 |  36k|  11 | 0.000000e+00 |      --      |    Inf |  43.15%
  223m|179200 |  2116 | 80805k| 450.9 |   757M |  40 |1125 |1353 |   0 |1242k|  0 |  36k|  11 | 0.000000e+00 |      --      |    Inf |  43.15%
  223m|179300 |  2104 | 80869k| 451.0 |   757M |  40 |1125 |1352 |3300 |1243k|  0 |  36k|  11 | 0.000000e+00 |      --      |    Inf |  43.15%
  223m|179400 |  2104 | 80936k| 451.1 |   757M |  40 |1125 |1352 |3066 |1243k|  1 |  36k|  11 | 0.000000e+00 |      --      |    Inf |  43.16%
  223m|179500 |  2105 | 80990k| 451.2 |   757M |  40 |1125 |1352 |2852 |1245k|  2 |  36k|  11 | 0.000000e+00 |      --      |    Inf |  43.16%
  223m|179600 |  2096 | 81056k| 451.3 |   757M |  40 |1125 |1352 |2685 |1246k|  2 |  36k|  11 | 0.000000e+00 |      --      |    Inf |  43.19%
  224m|179700 |  2090 | 81118k| 451.4 |   757M |  40 |1125 |1352 |3497 |1246k|  0 |  36k|  11 | 0.000000e+00 |      --      |    Inf |  43.22%
  224m|179800 |  2095 | 81162k| 451.4 |   757M |  40 |1125 |1354 |2836 |1247k|  2 |  36k|  11 | 0.000000e+00 |      --      |    Inf |  43.22%
  224m|179900 |  2098 | 81203k| 451.4 |   757M |  40 |1125 |1351 |3266 |1247k|  2 |  36k|  11 | 0.000000e+00 |      --      |    Inf |  43.22%
  224m|180000 |  2094 | 81252k| 451.4 |   757M |  40 |1125 |1351 |3283 |1248k|  0 |  36k|  11 | 0.000000e+00 |      --      |    Inf |  43.23%
  224m|180100 |  2109 | 81305k| 451.4 |   757M |  40 |1125 |1351 |3289 |1248k|  1 |  36k|  11 | 0.000000e+00 |      --      |    Inf |  43.25%
  224m|180200 |  2105 | 81361k| 451.5 |   757M |  40 |1125 |1352 |3255 |1249k|  1 |  36k|  11 | 0.000000e+00 |      --      |    Inf |  43.26%
 time | node  | left  |LP iter|LP it/n|mem/heur|mdpt |vars |cons |rows |cuts |sepa|confs|strbr|  dualbound   | primalbound  |  gap   | compl. 
  224m|180300 |  2099 | 81406k| 451.5 |   757M |  40 |1125 |1353 |2795 |1249k|  2 |  36k|  11 | 0.000000e+00 |      --      |    Inf |  43.28%
  224m|180400 |  2102 | 81458k| 451.5 |   757M |  40 |1125 |1353 |2740 |1250k|  2 |  36k|  11 | 0.000000e+00 |      --      |    Inf |  43.29%
  224m|180500 |  2096 | 81527k| 451.7 |   757M |  40 |1125 |1351 |2903 |1251k|  0 |  36k|  11 | 0.000000e+00 |      --      |    Inf |  43.30%
  224m|180600 |  2110 | 81571k| 451.7 |   757M |  40 |1125 |1351 |3308 |1251k|  1 |  36k|  11 | 0.000000e+00 |      --      |    Inf |  43.31%
  224m|180700 |  2128 | 81609k| 451.6 |   757M |  40 |1125 |1351 |2937 |1252k|  1 |  36k|  11 | 0.000000e+00 |      --      |    Inf |  43.35%
  225m|180800 |  2128 | 81665k| 451.7 |   759M |  40 |1125 |1351 |3931 |1252k|  2 |  36k|  11 | 0.000000e+00 |      --      |    Inf |  43.36%
  225m|180900 |  2138 | 81722k| 451.7 |   761M |  40 |1125 |1351 |3944 |1252k|  0 |  37k|  11 | 0.000000e+00 |      --      |    Inf |  43.36%
  225m|181000 |  2126 | 81754k| 451.7 |   763M |  40 |1125 |1351 |3958 |1252k|  0 |  37k|  11 | 0.000000e+00 |      --      |    Inf |  43.36%
  225m|181100 |  2121 | 81782k| 451.6 |   763M |  40 |1125 |1351 |2897 |1252k|  2 |  37k|  11 | 0.000000e+00 |      --      |    Inf |  43.36%
  225m|181200 |  2109 | 81808k| 451.5 |   764M |  40 |1125 |1351 |2839 |1253k|  0 |  37k|  11 | 0.000000e+00 |      --      |    Inf |  43.37%
  225m|181300 |  2112 | 81834k| 451.4 |   764M |  40 |1125 |1351 |2898 |1253k|  2 |  37k|  11 | 0.000000e+00 |      --      |    Inf |  43.39%
  225m|181400 |  2105 | 81868k| 451.3 |   764M |  40 |1125 |1351 |2932 |1253k|  1 |  37k|  11 | 0.000000e+00 |      --      |    Inf |  43.43%
  225m|181500 |  2090 | 81891k| 451.2 |   764M |  40 |1125 |1352 |3160 |1254k|  0 |  37k|  11 | 0.000000e+00 |      --      |    Inf |  43.93%
  225m|181600 |  2082 | 81918k| 451.1 |   764M |  40 |1125 |1352 |   0 |1254k|  0 |  37k|  11 | 0.000000e+00 |      --      |    Inf |  43.95%
  225m|181700 |  2087 | 81945k| 451.0 |   764M |  40 |1125 |1352 |2843 |1254k|  0 |  37k|  11 | 0.000000e+00 |      --      |    Inf |  43.96%
 time | node  | left  |LP iter|LP it/n|mem/heur|mdpt |vars |cons |rows |cuts |sepa|confs|strbr|  dualbound   | primalbound  |  gap   | compl. 
  225m|181800 |  2085 | 81976k| 450.9 |   764M |  40 |1125 |1352 |2765 |1254k|  1 |  37k|  11 | 0.000000e+00 |      --      |    Inf |  43.96%
  225m|181900 |  2083 | 82017k| 450.9 |   764M |  40 |1125 |1352 |   0 |1255k|  0 |  37k|  11 | 0.000000e+00 |      --      |    Inf |  43.96%
  225m|182000 |  2091 | 82074k| 450.9 |   764M |  40 |1125 |1352 |2995 |1256k|  2 |  37k|  11 | 0.000000e+00 |      --      |    Inf |  43.97%
  225m|182100 |  2088 | 82121k| 451.0 |   764M |  40 |1125 |1352 |2966 |1256k|  0 |  37k|  11 | 0.000000e+00 |      --      |    Inf |  43.97%
  225m|182200 |  2088 | 82186k| 451.1 |   764M |  40 |1125 |1352 |2995 |1257k|  2 |  37k|  11 | 0.000000e+00 |      --      |    Inf |  43.97%
  225m|182300 |  2080 | 82239k| 451.1 |   764M |  40 |1125 |1352 |2963 |1257k|  0 |  37k|  11 | 0.000000e+00 |      --      |    Inf |  43.98%
  226m|182400 |  2074 | 82293k| 451.2 |   764M |  40 |1125 |1352 |3218 |1258k|  0 |  37k|  11 | 0.000000e+00 |      --      |    Inf |  44.00%
  226m|182500 |  2079 | 82334k| 451.1 |   764M |  40 |1125 |1352 |3043 |1258k|  2 |  37k|  11 | 0.000000e+00 |      --      |    Inf |  44.05%
  226m|182600 |  2066 | 82390k| 451.2 |   765M |  40 |1125 |1352 |3415 |1259k|  0 |  37k|  11 | 0.000000e+00 |      --      |    Inf |  44.09%
  226m|182700 |  2066 | 82442k| 451.2 |   765M |  40 |1125 |1352 |2951 |1260k|  0 |  37k|  11 | 0.000000e+00 |      --      |    Inf |  44.10%
  226m|182800 |  2063 | 82510k| 451.4 |   765M |  40 |1125 |1352 |3400 |1261k|  0 |  37k|  11 | 0.000000e+00 |      --      |    Inf |  44.14%
  226m|182900 |  2075 | 82568k| 451.4 |   765M |  40 |1125 |1352 |   0 |1261k|  0 |  37k|  11 | 0.000000e+00 |      --      |    Inf |  44.15%
  226m|183000 |  2078 | 82627k| 451.5 |   765M |  40 |1125 |1352 |3154 |1262k|  2 |  37k|  11 | 0.000000e+00 |      --      |    Inf |  44.16%
  226m|183100 |  2075 | 82688k| 451.6 |   765M |  40 |1125 |1352 |   0 |1263k|  0 |  37k|  11 | 0.000000e+00 |      --      |    Inf |  44.19%
  226m|183200 |  2075 | 82753k| 451.7 |   765M |  40 |1125 |1352 |3295 |1263k|  2 |  37k|  11 | 0.000000e+00 |      --      |    Inf |  44.26%
 time | node  | left  |LP iter|LP it/n|mem/heur|mdpt |vars |cons |rows |cuts |sepa|confs|strbr|  dualbound   | primalbound  |  gap   | compl. 
  226m|183300 |  2074 | 82810k| 451.8 |   765M |  40 |1125 |1352 |3371 |1264k|  2 |  37k|  11 | 0.000000e+00 |      --      |    Inf |  44.27%
  227m|183400 |  2058 | 82870k| 451.8 |   765M |  40 |1125 |1352 |2456 |1264k|  2 |  37k|  11 | 0.000000e+00 |      --      |    Inf |  44.28%
  227m|183500 |  2062 | 82925k| 451.9 |   765M |  40 |1125 |1352 |   0 |1265k|  0 |  37k|  11 | 0.000000e+00 |      --      |    Inf |  44.29%
  227m|183600 |  2058 | 82987k| 452.0 |   765M |  40 |1125 |1352 |3382 |1266k|  0 |  37k|  11 | 0.000000e+00 |      --      |    Inf |  44.29%
  227m|183700 |  2054 | 83069k| 452.2 |   766M |  40 |1125 |1352 |3194 |1266k|  2 |  37k|  11 | 0.000000e+00 |      --      |    Inf |  44.29%
  227m|183800 |  2047 | 83133k| 452.3 |   766M |  40 |1125 |1352 |2550 |1267k|  0 |  37k|  11 | 0.000000e+00 |      --      |    Inf |  44.31%
  227m|183900 |  2049 | 83191k| 452.4 |   766M |  40 |1125 |1352 |3088 |1267k|  0 |  37k|  11 | 0.000000e+00 |      --      |    Inf |  44.33%
  227m|184000 |  2044 | 83242k| 452.4 |   766M |  40 |1125 |1351 |3176 |1268k|  2 |  37k|  11 | 0.000000e+00 |      --      |    Inf |  44.33%
  227m|184100 |  2042 | 83298k| 452.5 |   766M |  40 |1125 |1351 |2945 |1268k|  2 |  37k|  11 | 0.000000e+00 |      --      |    Inf |  44.34%
  227m|184200 |  2038 | 83365k| 452.6 |   767M |  40 |1125 |1351 |2923 |1269k|  0 |  37k|  11 | 0.000000e+00 |      --      |    Inf |  44.36%
  228m|184300 |  2045 | 83422k| 452.6 |   767M |  40 |1125 |1351 |3025 |1270k|  2 |  37k|  11 | 0.000000e+00 |      --      |    Inf |  44.38%
  228m|184400 |  2050 | 83498k| 452.8 |   767M |  40 |1125 |1351 |2896 |1271k|  2 |  37k|  11 | 0.000000e+00 |      --      |    Inf |  44.39%
  228m|184500 |  2040 | 83578k| 453.0 |   767M |  40 |1125 |1351 |2816 |1273k|  0 |  37k|  11 | 0.000000e+00 |      --      |    Inf |  44.40%
  228m|184600 |  2032 | 83647k| 453.1 |   767M |  40 |1125 |1351 |   0 |1274k|  0 |  37k|  11 | 0.000000e+00 |      --      |    Inf |  44.46%
  228m|184700 |  2030 | 83696k| 453.1 |   767M |  40 |1125 |1351 |2940 |1275k|  2 |  37k|  11 | 0.000000e+00 |      --      |    Inf |  44.50%
 time | node  | left  |LP iter|LP it/n|mem/heur|mdpt |vars |cons |rows |cuts |sepa|confs|strbr|  dualbound   | primalbound  |  gap   | compl. 
  229m|184800 |  2041 | 83756k| 453.2 |   767M |  40 |1125 |1351 |3884 |1275k|  2 |  37k|  11 | 0.000000e+00 |      --      |    Inf |  44.52%
  229m|184900 |  2039 | 83819k| 453.3 |   768M |  40 |1125 |1351 |3873 |1275k|  0 |  37k|  11 | 0.000000e+00 |      --      |    Inf |  44.52%
  229m|185000 |  2037 | 83904k| 453.5 |   769M |  40 |1125 |1351 |3909 |1276k|  2 |  37k|  11 | 0.000000e+00 |      --      |    Inf |  44.53%
  230m|185100 |  2029 | 83953k| 453.5 |   769M |  40 |1125 |1351 |   0 |1276k|  0 |  37k|  11 | 0.000000e+00 |      --      |    Inf |  44.54%
  230m|185200 |  2020 | 84026k| 453.7 |   769M |  40 |1125 |1351 |3385 |1276k|  2 |  37k|  11 | 0.000000e+00 |      --      |    Inf |  44.61%
  230m|185300 |  2006 | 84079k| 453.7 |   769M |  40 |1125 |1351 |2706 |1277k|  0 |  37k|  11 | 0.000000e+00 |      --      |    Inf |  44.62%
  230m|185400 |  2003 | 84133k| 453.8 |   769M |  40 |1125 |1351 |3424 |1278k|  2 |  37k|  11 | 0.000000e+00 |      --      |    Inf |  44.64%
  231m|185500 |  2007 | 84203k| 453.9 |   769M |  40 |1125 |1351 |2815 |1279k|  2 |  37k|  11 | 0.000000e+00 |      --      |    Inf |  44.65%
  231m|185600 |  2005 | 84267k| 454.0 |   769M |  40 |1125 |1351 |2868 |1280k|  2 |  37k|  11 | 0.000000e+00 |      --      |    Inf |  44.65%
  231m|185700 |  2010 | 84332k| 454.1 |   770M |  40 |1125 |1352 |3593 |1281k|  0 |  38k|  11 | 0.000000e+00 |      --      |    Inf |  44.66%
  231m|185800 |  2017 | 84400k| 454.2 |   771M |  40 |1125 |1352 |   0 |1281k|  0 |  38k|  11 | 0.000000e+00 |      --      |    Inf |  44.67%
  232m|185900 |  2011 | 84463k| 454.3 |   772M |  40 |1125 |1353 |3579 |1281k|  2 |  38k|  11 | 0.000000e+00 |      --      |    Inf |  44.68%
  232m|186000 |  2008 | 84539k| 454.5 |   772M |  40 |1125 |1353 |3612 |1282k|  1 |  38k|  11 | 0.000000e+00 |      --      |    Inf |  44.69%
  232m|186100 |  2000 | 84598k| 454.6 |   772M |  40 |1125 |1352 |3632 |1282k|  2 |  38k|  11 | 0.000000e+00 |      --      |    Inf |  44.71%
  232m|186200 |  1996 | 84654k| 454.6 |   773M |  40 |1125 |1352 |   0 |1282k|  0 |  38k|  11 | 0.000000e+00 |      --      |    Inf |  44.72%
 time | node  | left  |LP iter|LP it/n|mem/heur|mdpt |vars |cons |rows |cuts |sepa|confs|strbr|  dualbound   | primalbound  |  gap   | compl. 
  233m|186300 |  2008 | 84751k| 454.9 |   773M |  40 |1125 |1352 |   0 |1283k|  0 |  38k|  11 | 0.000000e+00 |      --      |    Inf |  44.74%
  233m|186400 |  1995 | 84825k| 455.1 |   773M |  40 |1125 |1351 |2924 |1284k|  2 |  38k|  11 | 0.000000e+00 |      --      |    Inf |  45.53%
  233m|186500 |  1989 | 84885k| 455.1 |   773M |  40 |1125 |1351 |2872 |1285k|  0 |  38k|  11 | 0.000000e+00 |      --      |    Inf |  45.55%
  233m|186600 |  1984 | 84936k| 455.2 |   773M |  40 |1125 |1351 |3476 |1286k|  1 |  38k|  11 | 0.000000e+00 |      --      |    Inf |  45.59%
  233m|186700 |  1987 | 84969k| 455.1 |   773M |  40 |1125 |1351 |3481 |1286k|  0 |  38k|  11 | 0.000000e+00 |      --      |    Inf |  45.59%
  234m|186800 |  1985 | 85023k| 455.1 |   773M |  40 |1125 |1351 |2830 |1286k|  2 |  38k|  11 | 0.000000e+00 |      --      |    Inf |  45.59%
  234m|186900 |  1976 | 85076k| 455.2 |   773M |  40 |1125 |1351 |2885 |1287k|  2 |  38k|  11 | 0.000000e+00 |      --      |    Inf |  45.61%
  234m|187000 |  1967 | 85130k| 455.2 |   773M |  40 |1125 |1352 |2526 |1287k|  2 |  38k|  11 | 0.000000e+00 |      --      |    Inf |  45.61%
  234m|187100 |  1971 | 85193k| 455.3 |   773M |  40 |1125 |1352 |2773 |1289k|  2 |  38k|  11 | 0.000000e+00 |      --      |    Inf |  45.68%
  234m|187200 |  1960 | 85241k| 455.3 |   773M |  40 |1125 |1351 |2693 |1290k|  2 |  38k|  11 | 0.000000e+00 |      --      |    Inf |  45.79%
  235m|187300 |  1956 | 85297k| 455.4 |   773M |  40 |1125 |1351 |3293 |1291k|  2 |  38k|  11 | 0.000000e+00 |      --      |    Inf |  45.81%
  235m|187400 |  1953 | 85359k| 455.5 |   773M |  40 |1125 |1352 |   0 |1291k|  0 |  38k|  11 | 0.000000e+00 |      --      |    Inf |  45.82%
  235m|187500 |  1943 | 85417k| 455.5 |   773M |  40 |1125 |1353 |2940 |1292k|  0 |  38k|  11 | 0.000000e+00 |      --      |    Inf |  45.87%
  235m|187600 |  1941 | 85468k| 455.6 |   773M |  40 |1125 |1352 |2821 |1292k|  1 |  38k|  11 | 0.000000e+00 |      --      |    Inf |  45.87%
  235m|187700 |  1942 | 85517k| 455.6 |   773M |  40 |1125 |1351 |   0 |1293k|  0 |  38k|  11 | 0.000000e+00 |      --      |    Inf |  45.88%
 time | node  | left  |LP iter|LP it/n|mem/heur|mdpt |vars |cons |rows |cuts |sepa|confs|strbr|  dualbound   | primalbound  |  gap   | compl. 
  236m|187800 |  1939 | 85585k| 455.7 |   773M |  40 |1125 |1352 |3314 |1294k|  0 |  38k|  11 | 0.000000e+00 |      --      |    Inf |  45.88%
  236m|187900 |  1947 | 85646k| 455.8 |   773M |  40 |1125 |1351 |3343 |1294k|  2 |  38k|  11 | 0.000000e+00 |      --      |    Inf |  45.88%
  236m|188000 |  1938 | 85695k| 455.8 |   773M |  40 |1125 |1351 |3346 |1294k|  0 |  38k|  11 | 0.000000e+00 |      --      |    Inf |  45.88%
  236m|188100 |  1933 | 85757k| 455.9 |   773M |  40 |1125 |1352 |2668 |1295k|  2 |  38k|  11 | 0.000000e+00 |      --      |    Inf |  45.91%
  237m|188200 |  1932 | 85830k| 456.0 |   773M |  40 |1125 |1352 |3147 |1296k|  1 |  38k|  11 | 0.000000e+00 |      --      |    Inf |  45.99%
  237m|188300 |  1923 | 85901k| 456.2 |   773M |  40 |1125 |1351 |3056 |1296k|  2 |  38k|  11 | 0.000000e+00 |      --      |    Inf |  46.01%
  237m|188400 |  1931 | 85963k| 456.3 |   773M |  40 |1125 |1351 |2733 |1297k|  2 |  38k|  11 | 0.000000e+00 |      --      |    Inf |  46.06%
  237m|188500 |  1929 | 86023k| 456.3 |   773M |  40 |1125 |1351 |2855 |1298k|  2 |  38k|  11 | 0.000000e+00 |      --      |    Inf |  46.11%
  238m|188600 |  1927 | 86083k| 456.4 |   773M |  40 |1125 |1351 |   0 |1299k|  0 |  38k|  11 | 0.000000e+00 |      --      |    Inf |  46.12%
  238m|188700 |  1916 | 86142k| 456.5 |   773M |  40 |1125 |1351 |3088 |1300k|  0 |  38k|  11 | 0.000000e+00 |      --      |    Inf |  46.16%
  238m|188800 |  1916 | 86196k| 456.5 |   773M |  40 |1125 |1351 |3603 |1300k|  0 |  38k|  11 | 0.000000e+00 |      --      |    Inf |  46.27%
  238m|188900 |  1912 | 86250k| 456.6 |   773M |  40 |1125 |1351 |3128 |1301k|  2 |  38k|  11 | 0.000000e+00 |      --      |    Inf |  46.28%
  238m|189000 |  1910 | 86314k| 456.7 |   773M |  40 |1125 |1351 |   0 |1302k|  0 |  38k|  11 | 0.000000e+00 |      --      |    Inf |  46.35%
  238m|189100 |  1903 | 86370k| 456.7 |   773M |  40 |1125 |1351 |2940 |1302k|  0 |  38k|  11 | 0.000000e+00 |      --      |    Inf |  46.35%
  238m|189200 |  1906 | 86433k| 456.8 |   773M |  40 |1125 |1351 |3071 |1303k|  2 |  38k|  11 | 0.000000e+00 |      --      |    Inf |  46.43%
 time | node  | left  |LP iter|LP it/n|mem/heur|mdpt |vars |cons |rows |cuts |sepa|confs|strbr|  dualbound   | primalbound  |  gap   | compl. 
  239m|189300 |  1920 | 86517k| 457.0 |   773M |  40 |1125 |1351 |3258 |1304k|  2 |  38k|  11 | 0.000000e+00 |      --      |    Inf |  46.46%
  239m|189400 |  1924 | 86599k| 457.2 |   773M |  40 |1125 |1351 |3031 |1305k|  0 |  38k|  11 | 0.000000e+00 |      --      |    Inf |  46.46%
  239m|189500 |  1914 | 86671k| 457.4 |   773M |  40 |1125 |1351 |3304 |1305k|  2 |  38k|  11 | 0.000000e+00 |      --      |    Inf |  46.48%
  239m|189600 |  1914 | 86702k| 457.3 |   773M |  40 |1125 |1351 |3057 |1305k|  2 |  38k|  11 | 0.000000e+00 |      --      |    Inf |  46.50%
  239m|189700 |  1909 | 86734k| 457.2 |   773M |  40 |1125 |1351 |3212 |1306k|  2 |  38k|  11 | 0.000000e+00 |      --      |    Inf |  46.52%
  240m|189800 |  1910 | 86770k| 457.2 |   773M |  40 |1125 |1351 |2980 |1306k|  0 |  38k|  11 | 0.000000e+00 |      --      |    Inf |  46.53%
  240m|189900 |  1906 | 86798k| 457.1 |   773M |  40 |1125 |1351 |   0 |1306k|  0 |  38k|  11 | 0.000000e+00 |      --      |    Inf |  46.56%
  240m|190000 |  1901 | 86826k| 457.0 |   773M |  40 |1125 |1351 |3033 |1306k|  0 |  38k|  11 | 0.000000e+00 |      --      |    Inf |  46.60%
  240m|190100 |  1914 | 86848k| 456.8 |   773M |  40 |1125 |1350 |2979 |1306k|  0 |  38k|  11 | 0.000000e+00 |      --      |    Inf |  46.61%
  240m|190200 |  1906 | 86874k| 456.7 |   773M |  40 |1125 |1350 |2994 |1307k|  0 |  39k|  11 | 0.000000e+00 |      --      |    Inf |  46.64%
  240m|190300 |  1901 | 86894k| 456.6 |   773M |  40 |1125 |1350 |3134 |1307k|  1 |  39k|  11 | 0.000000e+00 |      --      |    Inf |  46.77%
  240m|190400 |  1897 | 86927k| 456.5 |   773M |  40 |1125 |1350 |3424 |1307k|  0 |  39k|  11 | 0.000000e+00 |      --      |    Inf |  46.81%
  240m|190500 |  1887 | 86954k| 456.4 |   773M |  40 |1125 |1350 |3174 |1307k|  1 |  39k|  11 | 0.000000e+00 |      --      |    Inf |  46.85%
  240m|190600 |  1890 | 86982k| 456.3 |   773M |  40 |1125 |1350 |3428 |1307k|  0 |  39k|  11 | 0.000000e+00 |      --      |    Inf |  46.86%
  240m|190700 |  1890 | 87012k| 456.3 |   773M |  40 |1125 |1350 |3437 |1307k|  2 |  39k|  11 | 0.000000e+00 |      --      |    Inf |  46.86%
 time | node  | left  |LP iter|LP it/n|mem/heur|mdpt |vars |cons |rows |cuts |sepa|confs|strbr|  dualbound   | primalbound  |  gap   | compl. 
  241m|190800 |  1889 | 87047k| 456.2 |   773M |  40 |1125 |1352 |2753 |1308k|  2 |  39k|  11 | 0.000000e+00 |      --      |    Inf |  46.87%
  241m|190900 |  1876 | 87087k| 456.2 |   773M |  40 |1125 |1352 |3221 |1308k|  0 |  39k|  11 | 0.000000e+00 |      --      |    Inf |  46.89%
  241m|191000 |  1875 | 87147k| 456.3 |   773M |  40 |1125 |1351 |3495 |1308k|  2 |  39k|  11 | 0.000000e+00 |      --      |    Inf |  46.90%
  241m|191100 |  1889 | 87221k| 456.4 |   773M |  40 |1125 |1351 |3265 |1309k|  2 |  39k|  11 | 0.000000e+00 |      --      |    Inf |  46.92%
  241m|191200 |  1879 | 87269k| 456.4 |   773M |  40 |1125 |1351 |3122 |1310k|  2 |  39k|  11 | 0.000000e+00 |      --      |    Inf |  46.95%
  242m|191300 |  1880 | 87333k| 456.5 |   773M |  40 |1125 |1353 |3076 |1310k|  1 |  39k|  11 | 0.000000e+00 |      --      |    Inf |  46.99%
  242m|191400 |  1868 | 87384k| 456.5 |   773M |  40 |1125 |1352 |2458 |1311k|  2 |  39k|  11 | 0.000000e+00 |      --      |    Inf |  47.01%
  242m|191500 |  1872 | 87441k| 456.6 |   773M |  40 |1125 |1352 |2679 |1312k|  2 |  39k|  11 | 0.000000e+00 |      --      |    Inf |  47.01%
  242m|191600 |  1873 | 87525k| 456.8 |   773M |  40 |1125 |1352 |3187 |1313k|  2 |  39k|  11 | 0.000000e+00 |      --      |    Inf |  47.02%
  243m|191700 |  1865 | 87590k| 456.9 |   773M |  40 |1125 |1351 |2446 |1313k|  2 |  39k|  11 | 0.000000e+00 |      --      |    Inf |  47.03%
  243m|191800 |  1866 | 87653k| 457.0 |   773M |  40 |1125 |1351 |2841 |1314k|  2 |  39k|  11 | 0.000000e+00 |      --      |    Inf |  47.11%
  243m|191900 |  1862 | 87700k| 457.0 |   773M |  40 |1125 |1351 |3063 |1315k|  0 |  39k|  11 | 0.000000e+00 |      --      |    Inf |  47.13%
  243m|192000 |  1858 | 87764k| 457.1 |   773M |  40 |1125 |1351 |3082 |1315k|  0 |  39k|  11 | 0.000000e+00 |      --      |    Inf |  47.14%
  244m|192100 |  1853 | 87826k| 457.2 |   773M |  40 |1125 |1351 |   0 |1316k|  0 |  39k|  11 | 0.000000e+00 |      --      |    Inf |  47.20%
  244m|192200 |  1855 | 87883k| 457.2 |   773M |  40 |1125 |1351 |3352 |1316k|  0 |  39k|  11 | 0.000000e+00 |      --      |    Inf |  47.24%
 time | node  | left  |LP iter|LP it/n|mem/heur|mdpt |vars |cons |rows |cuts |sepa|confs|strbr|  dualbound   | primalbound  |  gap   | compl. 
  244m|192300 |  1852 | 87945k| 457.3 |   773M |  40 |1125 |1351 |3210 |1317k|  0 |  39k|  11 | 0.000000e+00 |      --      |    Inf |  47.25%
  244m|192400 |  1856 | 88005k| 457.4 |   773M |  40 |1125 |1351 |3158 |1317k|  0 |  39k|  11 | 0.000000e+00 |      --      |    Inf |  47.25%
  245m|192500 |  1854 | 88073k| 457.5 |   773M |  40 |1125 |1352 |3184 |1318k|  1 |  39k|  11 | 0.000000e+00 |      --      |    Inf |  47.26%
  245m|192600 |  1853 | 88142k| 457.6 |   773M |  40 |1125 |1352 |3221 |1318k|  2 |  39k|  11 | 0.000000e+00 |      --      |    Inf |  47.26%
  245m|192700 |  1863 | 88231k| 457.9 |   773M |  40 |1125 |1352 |3162 |1319k|  2 |  39k|  11 | 0.000000e+00 |      --      |    Inf |  47.26%
  245m|192800 |  1864 | 88300k| 458.0 |   773M |  40 |1125 |1354 |3138 |1320k|  2 |  39k|  11 | 0.000000e+00 |      --      |    Inf |  47.26%
  246m|192900 |  1852 | 88364k| 458.1 |   773M |  40 |1125 |1354 |3307 |1321k|  2 |  39k|  11 | 0.000000e+00 |      --      |    Inf |  47.27%
  246m|193000 |  1852 | 88454k| 458.3 |   773M |  40 |1125 |1356 |   0 |1322k|  0 |  39k|  11 | 0.000000e+00 |      --      |    Inf |  47.27%
  246m|193100 |  1855 | 88510k| 458.4 |   773M |  40 |1125 |1356 |3147 |1322k|  1 |  39k|  11 | 0.000000e+00 |      --      |    Inf |  47.27%
  246m|193200 |  1851 | 88565k| 458.4 |   773M |  40 |1125 |1355 |3133 |1323k|  0 |  39k|  11 | 0.000000e+00 |      --      |    Inf |  47.28%
  247m|193300 |  1854 | 88627k| 458.5 |   773M |  40 |1125 |1354 |3008 |1324k|  0 |  39k|  11 | 0.000000e+00 |      --      |    Inf |  47.28%
  247m|193400 |  1868 | 88695k| 458.6 |   773M |  40 |1125 |1351 |3070 |1325k|  2 |  39k|  11 | 0.000000e+00 |      --      |    Inf |  47.29%
  247m|193500 |  1862 | 88776k| 458.8 |   773M |  40 |1125 |1352 |3095 |1326k|  2 |  39k|  11 | 0.000000e+00 |      --      |    Inf |  47.29%
  247m|193600 |  1857 | 88838k| 458.9 |   773M |  40 |1125 |1354 |2642 |1327k|  2 |  39k|  11 | 0.000000e+00 |      --      |    Inf |  47.30%
  248m|193700 |  1857 | 88907k| 459.0 |   773M |  40 |1125 |1353 |2680 |1328k|  2 |  39k|  11 | 0.000000e+00 |      --      |    Inf |  47.30%
 time | node  | left  |LP iter|LP it/n|mem/heur|mdpt |vars |cons |rows |cuts |sepa|confs|strbr|  dualbound   | primalbound  |  gap   | compl. 
  248m|193800 |  1851 | 88973k| 459.1 |   773M |  40 |1125 |1353 |3206 |1329k|  0 |  39k|  11 | 0.000000e+00 |      --      |    Inf |  47.31%
  248m|193900 |  1857 | 89031k| 459.2 |   773M |  40 |1125 |1353 |3227 |1329k|  2 |  39k|  11 | 0.000000e+00 |      --      |    Inf |  47.32%
  248m|194000 |  1851 | 89100k| 459.3 |   773M |  40 |1125 |1354 |3190 |1330k|  2 |  39k|  11 | 0.000000e+00 |      --      |    Inf |  47.33%
  249m|194100 |  1853 | 89140k| 459.2 |   773M |  40 |1125 |1353 |   0 |1331k|  0 |  39k|  11 | 0.000000e+00 |      --      |    Inf |  47.47%
  249m|194200 |  1848 | 89196k| 459.3 |   773M |  40 |1125 |1352 |3212 |1332k|  2 |  39k|  11 | 0.000000e+00 |      --      |    Inf |  47.54%
  249m|194300 |  1840 | 89243k| 459.3 |   773M |  40 |1125 |1352 |3858 |1332k|  2 |  39k|  11 | 0.000000e+00 |      --      |    Inf |  47.55%
  249m|194400 |  1846 | 89317k| 459.4 |   773M |  40 |1125 |1352 |3053 |1333k|  2 |  39k|  11 | 0.000000e+00 |      --      |    Inf |  47.55%
  250m|194500 |  1841 | 89377k| 459.5 |   773M |  40 |1125 |1352 |3014 |1333k|  2 |  39k|  11 | 0.000000e+00 |      --      |    Inf |  47.55%
  250m|194600 |  1842 | 89446k| 459.6 |   773M |  40 |1125 |1352 |2916 |1334k|  0 |  39k|  11 | 0.000000e+00 |      --      |    Inf |  47.55%
  250m|194700 |  1842 | 89505k| 459.7 |   773M |  40 |1125 |1354 |2950 |1335k|  2 |  39k|  11 | 0.000000e+00 |      --      |    Inf |  47.55%
  250m|194800 |  1836 | 89558k| 459.7 |   773M |  40 |1125 |1355 |2986 |1336k|  2 |  39k|  11 | 0.000000e+00 |      --      |    Inf |  47.55%
  250m|194900 |  1840 | 89626k| 459.8 |   773M |  40 |1125 |1355 |   0 |1337k|  0 |  39k|  11 | 0.000000e+00 |      --      |    Inf |  47.56%
  251m|195000 |  1844 | 89673k| 459.9 |   773M |  40 |1125 |1354 |3132 |1337k|  1 |  39k|  11 | 0.000000e+00 |      --      |    Inf |  47.56%
  251m|195100 |  1840 | 89717k| 459.8 |   773M |  40 |1125 |1354 |   0 |1338k|  0 |  39k|  11 | 0.000000e+00 |      --      |    Inf |  47.56%
  251m|195200 |  1836 | 89779k| 459.9 |   773M |  40 |1125 |1353 |2850 |1338k|  2 |  39k|  11 | 0.000000e+00 |      --      |    Inf |  47.56%
 time | node  | left  |LP iter|LP it/n|mem/heur|mdpt |vars |cons |rows |cuts |sepa|confs|strbr|  dualbound   | primalbound  |  gap   | compl. 
  251m|195300 |  1843 | 89848k| 460.0 |   773M |  40 |1125 |1354 |3104 |1339k|  0 |  39k|  11 | 0.000000e+00 |      --      |    Inf |  47.56%
  252m|195400 |  1841 | 89911k| 460.1 |   773M |  40 |1125 |1354 |   0 |1340k|  0 |  40k|  11 | 0.000000e+00 |      --      |    Inf |  47.56%
  252m|195500 |  1844 | 89947k| 460.1 |   773M |  40 |1125 |1354 |2926 |1341k|  0 |  40k|  11 | 0.000000e+00 |      --      |    Inf |  47.56%
  252m|195600 |  1843 | 89997k| 460.1 |   773M |  40 |1125 |1355 |   0 |1341k|  0 |  40k|  11 | 0.000000e+00 |      --      |    Inf |  47.56%
  252m|195700 |  1838 | 90055k| 460.2 |   773M |  40 |1125 |1355 |2990 |1342k|  2 |  40k|  11 | 0.000000e+00 |      --      |    Inf |  47.56%
  252m|195800 |  1842 | 90117k| 460.2 |   773M |  40 |1125 |1358 |2962 |1343k|  2 |  40k|  11 | 0.000000e+00 |      --      |    Inf |  47.56%
  252m|195900 |  1836 | 90167k| 460.3 |   773M |  40 |1125 |1354 |2951 |1343k|  1 |  40k|  11 | 0.000000e+00 |      --      |    Inf |  47.56%
  253m|196000 |  1836 | 90224k| 460.3 |   773M |  40 |1125 |1353 |2969 |1344k|  2 |  40k|  11 | 0.000000e+00 |      --      |    Inf |  47.56%
  253m|196100 |  1831 | 90276k| 460.3 |   773M |  40 |1125 |1353 |3120 |1345k|  2 |  40k|  11 | 0.000000e+00 |      --      |    Inf |  47.58%
  253m|196200 |  1829 | 90344k| 460.5 |   773M |  40 |1125 |1353 |3088 |1346k|  2 |  40k|  11 | 0.000000e+00 |      --      |    Inf |  47.58%
  253m|196300 |  1828 | 90409k| 460.6 |   773M |  40 |1125 |1353 |2867 |1347k|  0 |  40k|  11 | 0.000000e+00 |      --      |    Inf |  47.58%
  254m|196400 |  1821 | 90471k| 460.6 |   773M |  40 |1125 |1353 |2911 |1347k|  0 |  40k|  11 | 0.000000e+00 |      --      |    Inf |  47.59%
  254m|196500 |  1824 | 90530k| 460.7 |   773M |  40 |1125 |1353 |3389 |1348k|  0 |  40k|  11 | 0.000000e+00 |      --      |    Inf |  47.62%
  254m|196600 |  1822 | 90567k| 460.7 |   774M |  40 |1125 |1353 |   0 |1348k|  0 |  40k|  11 | 0.000000e+00 |      --      |    Inf |  47.64%
  254m|196700 |  1826 | 90627k| 460.7 |   774M |  40 |1125 |1353 |   0 |1350k|  0 |  40k|  11 | 0.000000e+00 |      --      |    Inf |  47.67%
 time | node  | left  |LP iter|LP it/n|mem/heur|mdpt |vars |cons |rows |cuts |sepa|confs|strbr|  dualbound   | primalbound  |  gap   | compl. 
  254m|196800 |  1825 | 90689k| 460.8 |   774M |  40 |1125 |1352 |3234 |1351k|  2 |  40k|  11 | 0.000000e+00 |      --      |    Inf |  47.69%
  255m|196900 |  1841 | 90774k| 461.0 |   774M |  40 |1125 |1353 |3127 |1352k|  2 |  40k|  11 | 0.000000e+00 |      --      |    Inf |  47.70%
  255m|197000 |  1857 | 90848k| 461.1 |   774M |  40 |1125 |1353 |3075 |1353k|  1 |  40k|  11 | 0.000000e+00 |      --      |    Inf |  47.70%
  255m|197100 |  1843 | 90899k| 461.2 |   774M |  40 |1125 |1353 |3518 |1353k|  2 |  40k|  11 | 0.000000e+00 |      --      |    Inf |  47.71%
  255m|197200 |  1829 | 90939k| 461.1 |   775M |  40 |1125 |1353 |2840 |1353k|  0 |  40k|  11 | 0.000000e+00 |      --      |    Inf |  47.72%
  256m|197300 |  1832 | 90992k| 461.2 |   775M |  40 |1125 |1353 |2843 |1354k|  2 |  40k|  11 | 0.000000e+00 |      --      |    Inf |  47.75%
  256m|197400 |  1836 | 91046k| 461.2 |   775M |  40 |1125 |1352 |3335 |1355k|  0 |  40k|  11 | 0.000000e+00 |      --      |    Inf |  47.75%
  256m|197500 |  1832 | 91089k| 461.2 |   775M |  40 |1125 |1352 |2940 |1355k|  2 |  40k|  11 | 0.000000e+00 |      --      |    Inf |  47.75%
  256m|197600 |  1849 | 91136k| 461.2 |   775M |  40 |1125 |1352 |3161 |1356k|  1 |  40k|  11 | 0.000000e+00 |      --      |    Inf |  47.75%
  256m|197700 |  1835 | 91178k| 461.2 |   775M |  40 |1125 |1352 |   0 |1356k|  0 |  40k|  11 | 0.000000e+00 |      --      |    Inf |  47.75%
  256m|197800 |  1835 | 91217k| 461.1 |   775M |  40 |1125 |1352 |3673 |1356k|  0 |  40k|  11 | 0.000000e+00 |      --      |    Inf |  47.76%
  257m|197900 |  1827 | 91260k| 461.1 |   775M |  40 |1125 |1353 |3175 |1356k|  0 |  40k|  11 | 0.000000e+00 |      --      |    Inf |  47.76%
  257m|198000 |  1825 | 91304k| 461.1 |   775M |  40 |1125 |1353 |3112 |1357k|  2 |  40k|  11 | 0.000000e+00 |      --      |    Inf |  47.76%
  257m|198100 |  1842 | 91366k| 461.2 |   775M |  40 |1125 |1352 |3448 |1358k|  0 |  40k|  11 | 0.000000e+00 |      --      |    Inf |  47.77%
  257m|198200 |  1839 | 91432k| 461.3 |   775M |  40 |1125 |1352 |3305 |1358k|  2 |  40k|  11 | 0.000000e+00 |      --      |    Inf |  47.78%
 time | node  | left  |LP iter|LP it/n|mem/heur|mdpt |vars |cons |rows |cuts |sepa|confs|strbr|  dualbound   | primalbound  |  gap   | compl. 
  258m|198300 |  1842 | 91506k| 461.4 |   775M |  40 |1125 |1352 |3347 |1359k|  1 |  40k|  11 | 0.000000e+00 |      --      |    Inf |  47.78%
  258m|198400 |  1839 | 91565k| 461.5 |   775M |  40 |1125 |1353 |3343 |1359k|  2 |  40k|  11 | 0.000000e+00 |      --      |    Inf |  47.79%
  258m|198500 |  1834 | 91607k| 461.5 |   775M |  40 |1125 |1353 |3354 |1360k|  2 |  40k|  11 | 0.000000e+00 |      --      |    Inf |  47.79%
  258m|198600 |  1828 | 91655k| 461.5 |   775M |  40 |1125 |1354 |2939 |1360k|  2 |  40k|  11 | 0.000000e+00 |      --      |    Inf |  47.79%
  258m|198700 |  1830 | 91711k| 461.5 |   775M |  40 |1125 |1356 |   0 |1361k|  0 |  40k|  11 | 0.000000e+00 |      --      |    Inf |  47.79%
  259m|198800 |  1829 | 91757k| 461.5 |   775M |  40 |1125 |1354 |2922 |1361k|  3 |  40k|  11 | 0.000000e+00 |      --      |    Inf |  47.79%
  259m|198900 |  1832 | 91805k| 461.6 |   775M |  40 |1125 |1355 |2956 |1362k|  2 |  40k|  11 | 0.000000e+00 |      --      |    Inf |  47.79%
  259m|199000 |  1833 | 91868k| 461.6 |   777M |  40 |1125 |1354 |2999 |1362k|  2 |  40k|  11 | 0.000000e+00 |      --      |    Inf |  47.80%
  259m|199100 |  1830 | 91913k| 461.6 |   777M |  40 |1125 |1353 |3015 |1363k|  0 |  40k|  11 | 0.000000e+00 |      --      |    Inf |  47.80%
  259m|199200 |  1831 | 91956k| 461.6 |   777M |  40 |1125 |1353 |3029 |1363k|  2 |  40k|  11 | 0.000000e+00 |      --      |    Inf |  47.80%
  260m|199300 |  1820 | 92006k| 461.6 |   777M |  40 |1125 |1353 |2647 |1363k|  2 |  40k|  11 | 0.000000e+00 |      --      |    Inf |  47.82%
  260m|199400 |  1819 | 92050k| 461.6 |   777M |  40 |1125 |1353 |3041 |1364k|  2 |  40k|  11 | 0.000000e+00 |      --      |    Inf |  47.89%
  260m|199500 |  1823 | 92108k| 461.7 |   777M |  40 |1125 |1353 |3149 |1364k|  0 |  40k|  11 | 0.000000e+00 |      --      |    Inf |  47.90%
  260m|199600 |  1832 | 92163k| 461.7 |   777M |  40 |1125 |1352 |   0 |1365k|  0 |  40k|  11 | 0.000000e+00 |      --      |    Inf |  47.93%
  260m|199700 |  1824 | 92208k| 461.7 |   777M |  40 |1125 |1352 |3452 |1366k|  2 |  40k|  11 | 0.000000e+00 |      --      |    Inf |  47.95%
 time | node  | left  |LP iter|LP it/n|mem/heur|mdpt |vars |cons |rows |cuts |sepa|confs|strbr|  dualbound   | primalbound  |  gap   | compl. 
  261m|199800 |  1825 | 92286k| 461.9 |   777M |  40 |1125 |1352 |3237 |1367k|  1 |  40k|  11 | 0.000000e+00 |      --      |    Inf |  47.96%
  261m|199900 |  1819 | 92345k| 461.9 |   777M |  40 |1125 |1352 |3360 |1367k|  2 |  40k|  11 | 0.000000e+00 |      --      |    Inf |  47.98%
  261m|200000 |  1815 | 92429k| 462.1 |   777M |  40 |1125 |1353 |3178 |1368k|  2 |  40k|  11 | 0.000000e+00 |      --      |    Inf |  48.03%
  261m|200100 |  1815 | 92490k| 462.2 |   777M |  40 |1125 |1353 |3118 |1368k|  2 |  40k|  11 | 0.000000e+00 |      --      |    Inf |  48.06%
  262m|200200 |  1813 | 92549k| 462.3 |   777M |  40 |1125 |1352 |2678 |1369k|  0 |  40k|  11 | 0.000000e+00 |      --      |    Inf |  48.08%
  262m|200300 |  1812 | 92600k| 462.3 |   777M |  40 |1125 |1352 |2657 |1370k|  2 |  40k|  11 | 0.000000e+00 |      --      |    Inf |  48.15%
  262m|200400 |  1820 | 92649k| 462.3 |   777M |  40 |1125 |1352 |2741 |1371k|  0 |  40k|  11 | 0.000000e+00 |      --      |    Inf |  48.20%
  262m|200500 |  1802 | 92695k| 462.3 |   777M |  40 |1125 |1352 |2989 |1372k|  2 |  40k|  11 | 0.000000e+00 |      --      |    Inf |  48.23%
  262m|200600 |  1807 | 92732k| 462.3 |   777M |  40 |1125 |1352 |   0 |1373k|  0 |  40k|  11 | 0.000000e+00 |      --      |    Inf |  48.23%
  262m|200700 |  1810 | 92782k| 462.3 |   777M |  40 |1125 |1352 |2788 |1374k|  2 |  40k|  11 | 0.000000e+00 |      --      |    Inf |  48.23%
  263m|200800 |  1810 | 92831k| 462.3 |   777M |  40 |1125 |1352 |3099 |1374k|  0 |  40k|  11 | 0.000000e+00 |      --      |    Inf |  48.24%
  263m|200900 |  1818 | 92893k| 462.4 |   777M |  40 |1125 |1352 |3127 |1375k|  2 |  40k|  11 | 0.000000e+00 |      --      |    Inf |  48.24%
  263m|201000 |  1812 | 92963k| 462.5 |   777M |  40 |1125 |1352 |3114 |1375k|  2 |  41k|  11 | 0.000000e+00 |      --      |    Inf |  48.25%
  263m|201100 |  1803 | 93029k| 462.6 |   777M |  40 |1125 |1352 |3238 |1376k|  2 |  41k|  11 | 0.000000e+00 |      --      |    Inf |  48.25%
  264m|201200 |  1804 | 93088k| 462.7 |   777M |  40 |1125 |1353 |3136 |1376k|  2 |  41k|  11 | 0.000000e+00 |      --      |    Inf |  48.26%
 time | node  | left  |LP iter|LP it/n|mem/heur|mdpt |vars |cons |rows |cuts |sepa|confs|strbr|  dualbound   | primalbound  |  gap   | compl. 
  264m|201300 |  1797 | 93157k| 462.8 |   777M |  40 |1125 |1352 |2771 |1377k|  1 |  41k|  11 | 0.000000e+00 |      --      |    Inf |  48.26%
  264m|201400 |  1792 | 93220k| 462.9 |   777M |  40 |1125 |1352 |3115 |1378k|  0 |  41k|  11 | 0.000000e+00 |      --      |    Inf |  48.29%
  264m|201500 |  1789 | 93297k| 463.0 |   777M |  40 |1125 |1352 |2775 |1378k|  2 |  41k|  11 | 0.000000e+00 |      --      |    Inf |  48.32%
  265m|201600 |  1785 | 93389k| 463.2 |   777M |  40 |1125 |1351 |3545 |1379k|  2 |  41k|  11 | 0.000000e+00 |      --      |    Inf |  48.33%
  265m|201700 |  1779 | 93450k| 463.3 |   777M |  40 |1125 |1352 |3374 |1380k|  0 |  41k|  11 | 0.000000e+00 |      --      |    Inf |  48.33%
  265m|201800 |  1781 | 93518k| 463.4 |   778M |  40 |1125 |1351 |3721 |1380k|  2 |  41k|  11 | 0.000000e+00 |      --      |    Inf |  48.33%
  266m|201900 |  1781 | 93593k| 463.6 |   782M |  40 |1125 |1351 |3724 |1380k|  0 |  41k|  11 | 0.000000e+00 |      --      |    Inf |  48.34%
  266m|202000 |  1779 | 93669k| 463.7 |   784M |  40 |1125 |1351 |3734 |1381k|  0 |  41k|  11 | 0.000000e+00 |      --      |    Inf |  48.34%
  266m|202100 |  1781 | 93734k| 463.8 |   784M |  40 |1125 |1351 |3731 |1381k|  0 |  41k|  11 | 0.000000e+00 |      --      |    Inf |  48.34%
  267m|202200 |  1779 | 93797k| 463.9 |   784M |  40 |1125 |1351 |3718 |1381k|  0 |  41k|  11 | 0.000000e+00 |      --      |    Inf |  48.35%
  267m|202300 |  1783 | 93861k| 464.0 |   785M |  40 |1125 |1351 |3703 |1381k|  0 |  41k|  11 | 0.000000e+00 |      --      |    Inf |  48.35%
  267m|202400 |  1781 | 93916k| 464.0 |   785M |  40 |1125 |1351 |3690 |1381k|  1 |  41k|  11 | 0.000000e+00 |      --      |    Inf |  48.36%
  267m|202500 |  1776 | 93971k| 464.0 |   786M |  40 |1125 |1351 |3117 |1382k|  2 |  41k|  11 | 0.000000e+00 |      --      |    Inf |  48.37%
  268m|202600 |  1774 | 94033k| 464.1 |   786M |  40 |1125 |1351 |2741 |1382k|  0 |  41k|  11 | 0.000000e+00 |      --      |    Inf |  48.41%
  268m|202700 |  1775 | 94084k| 464.1 |   786M |  40 |1125 |1350 |   0 |1383k|  0 |  41k|  11 | 0.000000e+00 |      --      |    Inf |  49.01%
 time | node  | left  |LP iter|LP it/n|mem/heur|mdpt |vars |cons |rows |cuts |sepa|confs|strbr|  dualbound   | primalbound  |  gap   | compl. 
  268m|202800 |  1777 | 94138k| 464.2 |   786M |  40 |1125 |1350 |3708 |1383k|  2 |  41k|  11 | 0.000000e+00 |      --      |    Inf |  49.10%
  268m|202900 |  1771 | 94200k| 464.3 |   787M |  40 |1125 |1350 |3632 |1384k|  0 |  41k|  11 | 0.000000e+00 |      --      |    Inf |  49.14%
  268m|203000 |  1769 | 94256k| 464.3 |   787M |  40 |1125 |1350 |3080 |1384k|  2 |  41k|  11 | 0.000000e+00 |      --      |    Inf |  49.15%
  269m|203100 |  1766 | 94292k| 464.3 |   787M |  40 |1125 |1350 |2836 |1384k|  0 |  41k|  11 | 0.000000e+00 |      --      |    Inf |  49.15%
  269m|203200 |  1753 | 94352k| 464.3 |   787M |  40 |1125 |1350 |   0 |1385k|  0 |  41k|  11 | 0.000000e+00 |      --      |    Inf |  49.17%
  269m|203300 |  1761 | 94418k| 464.4 |   787M |  40 |1125 |1350 |2663 |1387k|  2 |  41k|  11 | 0.000000e+00 |      --      |    Inf |  49.19%
  269m|203400 |  1765 | 94472k| 464.5 |   787M |  40 |1125 |1350 |2936 |1388k|  2 |  41k|  11 | 0.000000e+00 |      --      |    Inf |  49.19%
  269m|203500 |  1760 | 94513k| 464.4 |   787M |  40 |1125 |1350 |3333 |1388k|  2 |  41k|  11 | 0.000000e+00 |      --      |    Inf |  49.20%
  270m|203600 |  1749 | 94559k| 464.4 |   787M |  40 |1125 |1350 |3394 |1388k|  3 |  41k|  11 | 0.000000e+00 |      --      |    Inf |  49.21%
  270m|203700 |  1737 | 94624k| 464.5 |   787M |  40 |1125 |1350 |3464 |1389k|  1 |  41k|  11 | 0.000000e+00 |      --      |    Inf |  49.25%
  270m|203800 |  1735 | 94677k| 464.5 |   787M |  40 |1125 |1350 |   0 |1389k|  0 |  41k|  11 | 0.000000e+00 |      --      |    Inf |  49.30%
  270m|203900 |  1739 | 94753k| 464.7 |   787M |  40 |1125 |1350 |3217 |1390k|  2 |  41k|  11 | 0.000000e+00 |      --      |    Inf |  49.31%
  271m|204000 |  1730 | 94803k| 464.7 |   787M |  40 |1125 |1350 |3000 |1391k|  1 |  41k|  11 | 0.000000e+00 |      --      |    Inf |  49.31%
  271m|204100 |  1730 | 94859k| 464.8 |   787M |  40 |1125 |1351 |3055 |1391k|  0 |  41k|  11 | 0.000000e+00 |      --      |    Inf |  49.32%
  271m|204200 |  1722 | 94921k| 464.8 |   788M |  40 |1125 |1351 |2651 |1392k|  2 |  41k|  11 | 0.000000e+00 |      --      |    Inf |  49.38%
 time | node  | left  |LP iter|LP it/n|mem/heur|mdpt |vars |cons |rows |cuts |sepa|confs|strbr|  dualbound   | primalbound  |  gap   | compl. 
  271m|204300 |  1733 | 94990k| 464.9 |   788M |  40 |1125 |1351 |3228 |1393k|  2 |  41k|  11 | 0.000000e+00 |      --      |    Inf |  49.40%
  271m|204400 |  1722 | 95034k| 464.9 |   788M |  40 |1125 |1351 |3235 |1393k|  0 |  41k|  11 | 0.000000e+00 |      --      |    Inf |  49.40%
  272m|204500 |  1731 | 95127k| 465.2 |   788M |  40 |1125 |1351 |3623 |1394k|  1 |  41k|  11 | 0.000000e+00 |      --      |    Inf |  49.42%
  272m|204600 |  1722 | 95199k| 465.3 |   788M |  40 |1125 |1351 |3158 |1395k|  2 |  41k|  11 | 0.000000e+00 |      --      |    Inf |  49.46%
  273m|204700 |  1731 | 95293k| 465.5 |   788M |  40 |1125 |1351 |3261 |1396k|  0 |  41k|  11 | 0.000000e+00 |      --      |    Inf |  49.47%
  273m|204800 |  1725 | 95362k| 465.6 |   788M |  40 |1125 |1351 |   0 |1396k|  0 |  41k|  11 | 0.000000e+00 |      --      |    Inf |  49.47%
  273m|204900 |  1725 | 95433k| 465.7 |   789M |  40 |1125 |1351 |3231 |1397k|  2 |  41k|  11 | 0.000000e+00 |      --      |    Inf |  49.47%
  273m|205000 |  1727 | 95515k| 465.9 |   789M |  40 |1125 |1351 |3214 |1397k|  2 |  41k|  11 | 0.000000e+00 |      --      |    Inf |  49.47%
  274m|205100 |  1727 | 95581k| 466.0 |   789M |  40 |1125 |1351 |3270 |1397k|  2 |  41k|  11 | 0.000000e+00 |      --      |    Inf |  49.47%
  274m|205200 |  1721 | 95661k| 466.2 |   789M |  40 |1125 |1351 |3001 |1398k|  2 |  41k|  11 | 0.000000e+00 |      --      |    Inf |  49.47%
  274m|205300 |  1729 | 95742k| 466.3 |   789M |  40 |1125 |1351 |   0 |1399k|  0 |  41k|  11 | 0.000000e+00 |      --      |    Inf |  49.48%
  275m|205400 |  1730 | 95830k| 466.5 |   789M |  40 |1125 |1351 |   0 |1400k|  0 |  41k|  11 | 0.000000e+00 |      --      |    Inf |  49.48%
  275m|205500 |  1722 | 95905k| 466.7 |   789M |  40 |1125 |1351 |3380 |1400k|  2 |  41k|  11 | 0.000000e+00 |      --      |    Inf |  49.50%
  275m|205600 |  1732 | 95967k| 466.8 |   789M |  40 |1125 |1351 |3726 |1401k|  0 |  41k|  11 | 0.000000e+00 |      --      |    Inf |  49.56%
  275m|205700 |  1735 | 96017k| 466.8 |   789M |  40 |1125 |1351 |2992 |1401k|  1 |  41k|  11 | 0.000000e+00 |      --      |    Inf |  49.58%
 time | node  | left  |LP iter|LP it/n|mem/heur|mdpt |vars |cons |rows |cuts |sepa|confs|strbr|  dualbound   | primalbound  |  gap   | compl. 
  276m|205800 |  1736 | 96063k| 466.8 |   789M |  40 |1125 |1351 |2975 |1401k|  2 |  41k|  11 | 0.000000e+00 |      --      |    Inf |  49.58%
  276m|205900 |  1737 | 96114k| 466.8 |   789M |  40 |1125 |1351 |3308 |1402k|  1 |  41k|  11 | 0.000000e+00 |      --      |    Inf |  49.59%
  276m|206000 |  1733 | 96179k| 466.9 |   789M |  40 |1125 |1351 |3550 |1402k|  2 |  41k|  11 | 0.000000e+00 |      --      |    Inf |  49.63%
  276m|206100 |  1725 | 96220k| 466.9 |   789M |  40 |1125 |1351 |3868 |1402k|  2 |  42k|  11 | 0.000000e+00 |      --      |    Inf |  49.64%
  277m|206200 |  1729 | 96292k| 467.0 |   790M |  40 |1125 |1351 |3327 |1403k|  1 |  42k|  11 | 0.000000e+00 |      --      |    Inf |  49.64%
  277m|206300 |  1727 | 96372k| 467.1 |   791M |  40 |1125 |1351 |3942 |1403k|  1 |  42k|  11 | 0.000000e+00 |      --      |    Inf |  49.65%
  277m|206400 |  1721 | 96456k| 467.3 |   791M |  40 |1125 |1351 |3425 |1404k|  0 |  42k|  11 | 0.000000e+00 |      --      |    Inf |  49.68%
  277m|206500 |  1715 | 96510k| 467.4 |   791M |  40 |1125 |1351 |2813 |1404k|  0 |  42k|  11 | 0.000000e+00 |      --      |    Inf |  49.82%
  277m|206600 |  1709 | 96571k| 467.4 |   791M |  40 |1125 |1351 |2808 |1405k|  2 |  42k|  11 | 0.000000e+00 |      --      |    Inf |  49.83%
  278m|206700 |  1708 | 96644k| 467.5 |   791M |  40 |1125 |1353 |2741 |1406k|  2 |  42k|  11 | 0.000000e+00 |      --      |    Inf |  49.85%
  278m|206800 |  1714 | 96712k| 467.6 |   791M |  40 |1125 |1353 |2865 |1407k|  2 |  42k|  11 | 0.000000e+00 |      --      |    Inf |  49.85%
  278m|206900 |  1708 | 96782k| 467.8 |   791M |  40 |1125 |1353 |3114 |1407k|  2 |  42k|  11 | 0.000000e+00 |      --      |    Inf |  49.85%
  278m|207000 |  1703 | 96849k| 467.9 |   791M |  40 |1125 |1354 |2953 |1408k|  2 |  42k|  11 | 0.000000e+00 |      --      |    Inf |  49.85%
  278m|207100 |  1704 | 96916k| 468.0 |   791M |  40 |1125 |1354 |3102 |1409k|  1 |  42k|  11 | 0.000000e+00 |      --      |    Inf |  49.86%
  278m|207200 |  1701 | 96981k| 468.0 |   791M |  40 |1125 |1354 |   0 |1409k|  0 |  42k|  11 | 0.000000e+00 |      --      |    Inf |  49.87%
 time | node  | left  |LP iter|LP it/n|mem/heur|mdpt |vars |cons |rows |cuts |sepa|confs|strbr|  dualbound   | primalbound  |  gap   | compl. 
  278m|207300 |  1701 | 97063k| 468.2 |   791M |  40 |1125 |1353 |3199 |1410k|  0 |  42k|  11 | 0.000000e+00 |      --      |    Inf |  49.93%
  278m|207400 |  1692 | 97152k| 468.4 |   793M |  40 |1125 |1352 |   0 |1411k|  0 |  42k|  11 | 0.000000e+00 |      --      |    Inf |  49.96%
  278m|207500 |  1698 | 97213k| 468.5 |   793M |  40 |1125 |1353 |3316 |1411k|  2 |  42k|  11 | 0.000000e+00 |      --      |    Inf |  49.96%
  279m|207600 |  1692 | 97255k| 468.5 |   793M |  40 |1125 |1353 |3336 |1411k|  0 |  42k|  11 | 0.000000e+00 |      --      |    Inf |  49.96%
  279m|207700 |  1692 | 97314k| 468.5 |   793M |  40 |1125 |1353 |3344 |1412k|  2 |  42k|  11 | 0.000000e+00 |      --      |    Inf |  49.96%
  279m|207800 |  1699 | 97371k| 468.6 |   793M |  40 |1125 |1354 |3159 |1412k|  0 |  42k|  11 | 0.000000e+00 |      --      |    Inf |  49.97%
  279m|207900 |  1695 | 97409k| 468.5 |   793M |  40 |1125 |1353 |3151 |1413k|  0 |  42k|  11 | 0.000000e+00 |      --      |    Inf |  49.97%
  279m|208000 |  1692 | 97468k| 468.6 |   793M |  40 |1125 |1353 |3161 |1413k|  2 |  42k|  11 | 0.000000e+00 |      --      |    Inf |  49.97%
  279m|208100 |  1686 | 97527k| 468.6 |   793M |  40 |1125 |1352 |2936 |1414k|  2 |  42k|  11 | 0.000000e+00 |      --      |    Inf |  50.00%
  279m|208200 |  1691 | 97572k| 468.6 |   793M |  40 |1125 |1352 |3084 |1414k|  2 |  42k|  11 | 0.000000e+00 |      --      |    Inf |  50.00%
  279m|208300 |  1688 | 97631k| 468.7 |   793M |  40 |1125 |1354 |3082 |1415k|  0 |  42k|  11 | 0.000000e+00 |      --      |    Inf |  50.02%
  279m|208400 |  1682 | 97674k| 468.7 |   793M |  40 |1125 |1354 |3448 |1415k|  2 |  42k|  11 | 0.000000e+00 |      --      |    Inf |  50.06%
  279m|208500 |  1681 | 97774k| 468.9 |   793M |  40 |1125 |1353 |2857 |1417k|  2 |  42k|  11 | 0.000000e+00 |      --      |    Inf |  50.08%
  279m|208600 |  1679 | 97841k| 469.0 |   793M |  40 |1125 |1351 |2729 |1418k|  2 |  42k|  11 | 0.000000e+00 |      --      |    Inf |  50.10%
  280m|208700 |  1672 | 97914k| 469.2 |   793M |  40 |1125 |1351 |2584 |1419k|  2 |  42k|  11 | 0.000000e+00 |      --      |    Inf |  50.13%
 time | node  | left  |LP iter|LP it/n|mem/heur|mdpt |vars |cons |rows |cuts |sepa|confs|strbr|  dualbound   | primalbound  |  gap   | compl. 
  280m|208800 |  1673 | 97998k| 469.3 |   793M |  40 |1125 |1351 |3431 |1420k|  0 |  42k|  11 | 0.000000e+00 |      --      |    Inf |  50.15%
  280m|208900 |  1673 | 98060k| 469.4 |   793M |  40 |1125 |1351 |3372 |1421k|  2 |  42k|  11 | 0.000000e+00 |      --      |    Inf |  50.20%
  280m|209000 |  1666 | 98116k| 469.4 |   793M |  40 |1125 |1352 |3275 |1421k|  2 |  42k|  11 | 0.000000e+00 |      --      |    Inf |  50.34%
  280m|209100 |  1666 | 98185k| 469.6 |   793M |  40 |1125 |1352 |3343 |1422k|  2 |  42k|  11 | 0.000000e+00 |      --      |    Inf |  50.34%
  280m|209200 |  1662 | 98248k| 469.6 |   793M |  40 |1125 |1351 |   0 |1422k|  0 |  42k|  11 | 0.000000e+00 |      --      |    Inf |  50.35%
  280m|209300 |  1661 | 98287k| 469.6 |   793M |  40 |1125 |1351 |2598 |1423k|  2 |  42k|  11 | 0.000000e+00 |      --      |    Inf |  50.37%
  280m|209400 |  1668 | 98343k| 469.6 |   793M |  40 |1125 |1351 |2584 |1424k|  2 |  42k|  11 | 0.000000e+00 |      --      |    Inf |  50.39%
  280m|209500 |  1658 | 98387k| 469.6 |   793M |  40 |1125 |1351 |2754 |1424k|  0 |  42k|  11 | 0.000000e+00 |      --      |    Inf |  50.40%
  280m|209600 |  1657 | 98427k| 469.6 |   793M |  40 |1125 |1351 |2879 |1425k|  2 |  42k|  11 | 0.000000e+00 |      --      |    Inf |  50.57%
  281m|209700 |  1659 | 98468k| 469.6 |   793M |  40 |1125 |1351 |3406 |1425k|  0 |  42k|  11 | 0.000000e+00 |      --      |    Inf |  50.57%
  281m|209800 |  1657 | 98522k| 469.6 |   793M |  40 |1125 |1352 |2916 |1426k|  2 |  42k|  11 | 0.000000e+00 |      --      |    Inf |  50.58%
  281m|209900 |  1656 | 98601k| 469.7 |   793M |  40 |1125 |1350 |   0 |1427k|  0 |  42k|  11 | 0.000000e+00 |      --      |    Inf |  50.59%
  281m|210000 |  1658 | 98642k| 469.7 |   793M |  40 |1125 |1351 |3428 |1427k|  2 |  42k|  11 | 0.000000e+00 |      --      |    Inf |  50.59%
  281m|210100 |  1658 | 98692k| 469.7 |   793M |  40 |1125 |1351 |3402 |1427k|  0 |  42k|  11 | 0.000000e+00 |      --      |    Inf |  50.60%
  281m|210200 |  1658 | 98736k| 469.7 |   793M |  40 |1125 |1350 |3406 |1428k|  0 |  42k|  11 | 0.000000e+00 |      --      |    Inf |  50.62%
 time | node  | left  |LP iter|LP it/n|mem/heur|mdpt |vars |cons |rows |cuts |sepa|confs|strbr|  dualbound   | primalbound  |  gap   | compl. 
  281m|210300 |  1653 | 98787k| 469.7 |   793M |  40 |1125 |1351 |3315 |1428k|  0 |  42k|  11 | 0.000000e+00 |      --      |    Inf |  50.64%
  281m|210400 |  1658 | 98839k| 469.8 |   793M |  40 |1125 |1352 |3610 |1428k|  0 |  42k|  11 | 0.000000e+00 |      --      |    Inf |  50.66%
  281m|210500 |  1653 | 98904k| 469.8 |   793M |  40 |1125 |1351 |3635 |1428k|  1 |  42k|  11 | 0.000000e+00 |      --      |    Inf |  50.67%
  281m|210600 |  1641 | 98957k| 469.9 |   793M |  40 |1125 |1351 |3318 |1429k|  1 |  42k|  11 | 0.000000e+00 |      --      |    Inf |  50.73%
  282m|210700 |  1636 | 99020k| 469.9 |   793M |  40 |1125 |1352 |2891 |1430k|  2 |  42k|  11 | 0.000000e+00 |      --      |    Inf |  50.80%
  282m|210800 |  1632 | 99088k| 470.0 |   793M |  40 |1125 |1352 |3019 |1431k|  0 |  42k|  11 | 0.000000e+00 |      --      |    Inf |  50.81%
  282m|210900 |  1630 | 99148k| 470.1 |   793M |  40 |1125 |1352 |3338 |1432k|  0 |  42k|  11 | 0.000000e+00 |      --      |    Inf |  50.82%
  282m|211000 |  1632 | 99196k| 470.1 |   793M |  40 |1125 |1352 |3111 |1432k|  2 |  43k|  11 | 0.000000e+00 |      --      |    Inf |  50.82%
  282m|211100 |  1624 | 99261k| 470.2 |   794M |  40 |1125 |1352 |2923 |1433k|  3 |  43k|  11 | 0.000000e+00 |      --      |    Inf |  50.83%
  282m|211200 |  1613 | 99346k| 470.4 |   794M |  40 |1125 |1352 |   0 |1434k|  0 |  43k|  11 | 0.000000e+00 |      --      |    Inf |  50.85%
  282m|211300 |  1619 | 99417k| 470.5 |   794M |  40 |1125 |1352 |3221 |1436k|  2 |  43k|  11 | 0.000000e+00 |      --      |    Inf |  50.86%
  283m|211400 |  1632 | 99489k| 470.6 |   794M |  40 |1125 |1352 |2909 |1437k|  2 |  43k|  11 | 0.000000e+00 |      --      |    Inf |  51.00%
  283m|211500 |  1626 | 99552k| 470.7 |   794M |  40 |1125 |1351 |2921 |1438k|  0 |  43k|  11 | 0.000000e+00 |      --      |    Inf |  51.00%
  283m|211600 |  1613 | 99612k| 470.7 |   794M |  40 |1125 |1351 |3003 |1438k|  0 |  43k|  11 | 0.000000e+00 |      --      |    Inf |  51.12%
  283m|211700 |  1616 | 99654k| 470.7 |   794M |  40 |1125 |1351 |3014 |1439k|  1 |  43k|  11 | 0.000000e+00 |      --      |    Inf |  51.12%
 time | node  | left  |LP iter|LP it/n|mem/heur|mdpt |vars |cons |rows |cuts |sepa|confs|strbr|  dualbound   | primalbound  |  gap   | compl. 
  283m|211800 |  1610 | 99699k| 470.7 |   794M |  40 |1125 |1351 |3200 |1440k|  2 |  43k|  11 | 0.000000e+00 |      --      |    Inf |  51.14%
  283m|211900 |  1599 | 99750k| 470.7 |   794M |  40 |1125 |1351 |3049 |1440k|  0 |  43k|  11 | 0.000000e+00 |      --      |    Inf |  51.25%
  283m|212000 |  1601 | 99818k| 470.8 |   794M |  40 |1125 |1351 |3131 |1441k|  2 |  43k|  11 | 0.000000e+00 |      --      |    Inf |  51.26%
  283m|212100 |  1603 | 99870k| 470.9 |   794M |  40 |1125 |1351 |3068 |1441k|  1 |  43k|  11 | 0.000000e+00 |      --      |    Inf |  51.27%
  283m|212200 |  1597 | 99923k| 470.9 |   794M |  40 |1125 |1351 |3012 |1441k|  2 |  43k|  11 | 0.000000e+00 |      --      |    Inf |  51.27%
  283m|212300 |  1602 | 99981k| 470.9 |   794M |  40 |1125 |1352 |3126 |1442k|  0 |  43k|  11 | 0.000000e+00 |      --      |    Inf |  51.27%
  283m|212400 |  1610 |100034k| 471.0 |   794M |  40 |1125 |1352 |3048 |1443k|  2 |  43k|  11 | 0.000000e+00 |      --      |    Inf |  51.28%
  283m|212500 |  1602 |100079k| 470.9 |   794M |  40 |1125 |1352 |3051 |1443k|  2 |  43k|  11 | 0.000000e+00 |      --      |    Inf |  51.28%
  284m|212600 |  1602 |100131k| 471.0 |   794M |  40 |1125 |1352 |3016 |1444k|  1 |  43k|  11 | 0.000000e+00 |      --      |    Inf |  51.29%
  284m|212700 |  1600 |100171k| 470.9 |   794M |  40 |1125 |1356 |3018 |1444k|  0 |  43k|  11 | 0.000000e+00 |      --      |    Inf |  51.29%
  284m|212800 |  1595 |100216k| 470.9 |   794M |  40 |1125 |1356 |   0 |1445k|  0 |  43k|  11 | 0.000000e+00 |      --      |    Inf |  51.29%
  284m|212900 |  1596 |100265k| 470.9 |   794M |  40 |1125 |1356 |3067 |1445k|  1 |  43k|  11 | 0.000000e+00 |      --      |    Inf |  51.29%
  284m|213000 |  1593 |100321k| 471.0 |   794M |  40 |1125 |1353 |3118 |1446k|  2 |  43k|  11 | 0.000000e+00 |      --      |    Inf |  51.29%
  284m|213100 |  1591 |100389k| 471.1 |   794M |  40 |1125 |1353 |2722 |1447k|  2 |  43k|  11 | 0.000000e+00 |      --      |    Inf |  51.30%
  284m|213200 |  1588 |100439k| 471.1 |   794M |  40 |1125 |1353 |2684 |1448k|  2 |  43k|  11 | 0.000000e+00 |      --      |    Inf |  51.31%
 time | node  | left  |LP iter|LP it/n|mem/heur|mdpt |vars |cons |rows |cuts |sepa|confs|strbr|  dualbound   | primalbound  |  gap   | compl. 
  284m|213300 |  1593 |100494k| 471.1 |   794M |  40 |1125 |1351 |3165 |1448k|  1 |  43k|  11 | 0.000000e+00 |      --      |    Inf |  51.32%
  284m|213400 |  1593 |100547k| 471.2 |   794M |  40 |1125 |1351 |3182 |1449k|  2 |  43k|  11 | 0.000000e+00 |      --      |    Inf |  51.33%
  284m|213500 |  1602 |100592k| 471.1 |   794M |  40 |1125 |1351 |3223 |1449k|  0 |  43k|  11 | 0.000000e+00 |      --      |    Inf |  51.33%
  284m|213600 |  1593 |100639k| 471.1 |   794M |  40 |1125 |1351 |2709 |1449k|  0 |  43k|  11 | 0.000000e+00 |      --      |    Inf |  51.33%
  284m|213700 |  1587 |100690k| 471.2 |   794M |  40 |1125 |1351 |3124 |1449k|  0 |  43k|  11 | 0.000000e+00 |      --      |    Inf |  51.33%
  285m|213800 |  1587 |100737k| 471.2 |   794M |  40 |1125 |1351 |3239 |1450k|  2 |  43k|  11 | 0.000000e+00 |      --      |    Inf |  51.33%
  285m|213900 |  1586 |100777k| 471.1 |   794M |  40 |1125 |1351 |2464 |1450k|  2 |  43k|  11 | 0.000000e+00 |      --      |    Inf |  51.35%
  285m|214000 |  1582 |100832k| 471.2 |   794M |  40 |1125 |1351 |2953 |1451k|  0 |  43k|  11 | 0.000000e+00 |      --      |    Inf |  51.38%
  285m|214100 |  1581 |100878k| 471.2 |   794M |  40 |1125 |1351 |   0 |1452k|  0 |  43k|  11 | 0.000000e+00 |      --      |    Inf |  51.41%
  285m|214200 |  1588 |100954k| 471.3 |   794M |  40 |1125 |1351 |3104 |1453k|  2 |  43k|  11 | 0.000000e+00 |      --      |    Inf |  51.47%
  285m|214300 |  1579 |101013k| 471.4 |   794M |  40 |1125 |1351 |3074 |1454k|  2 |  43k|  11 | 0.000000e+00 |      --      |    Inf |  51.48%
  285m|214400 |  1570 |101084k| 471.5 |   795M |  40 |1125 |1352 |3094 |1455k|  2 |  43k|  11 | 0.000000e+00 |      --      |    Inf |  51.60%
  285m|214500 |  1575 |101132k| 471.5 |   795M |  40 |1125 |1352 |2580 |1456k|  2 |  43k|  11 | 0.000000e+00 |      --      |    Inf |  51.65%
  285m|214600 |  1557 |101173k| 471.4 |   795M |  40 |1125 |1352 |4135 |1456k|  0 |  43k|  11 | 0.000000e+00 |      --      |    Inf |  51.87%
  285m|214700 |  1552 |101224k| 471.5 |   797M |  40 |1125 |1352 |2985 |1457k|  2 |  43k|  11 | 0.000000e+00 |      --      |    Inf |  52.08%
 time | node  | left  |LP iter|LP it/n|mem/heur|mdpt |vars |cons |rows |cuts |sepa|confs|strbr|  dualbound   | primalbound  |  gap   | compl. 
  285m|214800 |  1546 |101275k| 471.5 |   797M |  40 |1125 |1351 |2866 |1458k|  0 |  43k|  11 | 0.000000e+00 |      --      |    Inf |  52.13%
  286m|214900 |  1546 |101323k| 471.5 |   797M |  40 |1125 |1351 |3444 |1458k|  1 |  43k|  11 | 0.000000e+00 |      --      |    Inf |  52.14%
  286m|215000 |  1549 |101435k| 471.8 |   797M |  40 |1125 |1351 |3217 |1459k|  1 |  43k|  11 | 0.000000e+00 |      --      |    Inf |  52.14%
  286m|215100 |  1545 |101531k| 472.0 |   797M |  40 |1125 |1351 |3020 |1460k|  2 |  43k|  11 | 0.000000e+00 |      --      |    Inf |  52.14%
  286m|215200 |  1550 |101623k| 472.2 |   797M |  40 |1125 |1351 |3131 |1461k|  0 |  43k|  11 | 0.000000e+00 |      --      |    Inf |  52.14%
  286m|215300 |  1547 |101695k| 472.3 |   797M |  40 |1125 |1351 |3007 |1462k|  2 |  43k|  11 | 0.000000e+00 |      --      |    Inf |  52.15%
  286m|215400 |  1540 |101753k| 472.4 |   797M |  40 |1125 |1351 |2700 |1463k|  2 |  43k|  11 | 0.000000e+00 |      --      |    Inf |  52.15%
  286m|215500 |  1541 |101819k| 472.5 |   798M |  40 |1125 |1351 |   0 |1463k|  0 |  43k|  11 | 0.000000e+00 |      --      |    Inf |  52.18%
  286m|215600 |  1539 |101871k| 472.5 |   798M |  40 |1125 |1351 |3601 |1464k|  2 |  43k|  11 | 0.000000e+00 |      --      |    Inf |  52.21%
  287m|215700 |  1526 |101932k| 472.6 |   798M |  40 |1125 |1351 |2824 |1464k|  0 |  43k|  11 | 0.000000e+00 |      --      |    Inf |  52.21%
  287m|215800 |  1534 |101985k| 472.6 |   798M |  40 |1125 |1351 |3675 |1465k|  1 |  43k|  11 | 0.000000e+00 |      --      |    Inf |  52.28%
  287m|215900 |  1534 |102030k| 472.6 |   798M |  40 |1125 |1354 |2709 |1466k|  1 |  44k|  11 | 0.000000e+00 |      --      |    Inf |  52.31%
  287m|216000 |  1532 |102097k| 472.7 |   798M |  40 |1125 |1353 |3220 |1466k|  1 |  44k|  11 | 0.000000e+00 |      --      |    Inf |  52.32%
  287m|216100 |  1530 |102165k| 472.8 |   798M |  40 |1125 |1354 |3226 |1467k|  0 |  44k|  11 | 0.000000e+00 |      --      |    Inf |  52.33%
  287m|216200 |  1531 |102230k| 472.8 |   798M |  40 |1125 |1354 |   0 |1467k|  0 |  44k|  11 | 0.000000e+00 |      --      |    Inf |  52.43%
 time | node  | left  |LP iter|LP it/n|mem/heur|mdpt |vars |cons |rows |cuts |sepa|confs|strbr|  dualbound   | primalbound  |  gap   | compl. 
  287m|216300 |  1529 |102295k| 472.9 |   798M |  40 |1125 |1354 |3059 |1468k|  2 |  44k|  11 | 0.000000e+00 |      --      |    Inf |  52.54%
  287m|216400 |  1525 |102344k| 472.9 |   799M |  40 |1125 |1351 |2929 |1468k|  0 |  44k|  11 | 0.000000e+00 |      --      |    Inf |  52.62%
  287m|216500 |  1528 |102412k| 473.0 |   799M |  40 |1125 |1351 |   0 |1470k|  0 |  44k|  11 | 0.000000e+00 |      --      |    Inf |  52.73%
  288m|216600 |  1536 |102485k| 473.1 |   799M |  40 |1125 |1351 |3061 |1471k|  0 |  44k|  11 | 0.000000e+00 |      --      |    Inf |  52.75%
  288m|216700 |  1528 |102564k| 473.3 |   799M |  40 |1125 |1351 |3067 |1471k|  0 |  44k|  11 | 0.000000e+00 |      --      |    Inf |  52.75%
  288m|216800 |  1527 |102637k| 473.4 |   799M |  40 |1125 |1350 |3186 |1472k|  0 |  44k|  11 | 0.000000e+00 |      --      |    Inf |  52.75%
  288m|216900 |  1528 |102706k| 473.5 |   799M |  40 |1125 |1351 |3335 |1473k|  0 |  44k|  11 | 0.000000e+00 |      --      |    Inf |  52.76%
  288m|217000 |  1528 |102776k| 473.6 |   799M |  40 |1125 |1351 |3218 |1473k|  1 |  44k|  11 | 0.000000e+00 |      --      |    Inf |  52.76%
  288m|217100 |  1532 |102834k| 473.7 |   799M |  40 |1125 |1350 |   0 |1474k|  0 |  44k|  11 | 0.000000e+00 |      --      |    Inf |  52.76%
  288m|217200 |  1531 |102914k| 473.8 |   799M |  40 |1125 |1350 |3282 |1475k|  2 |  44k|  11 | 0.000000e+00 |      --      |    Inf |  52.76%
  288m|217300 |  1534 |102970k| 473.9 |   799M |  40 |1125 |1350 |3388 |1475k|  0 |  44k|  11 | 0.000000e+00 |      --      |    Inf |  52.76%
  289m|217400 |  1529 |103024k| 473.9 |   799M |  40 |1125 |1351 |   0 |1476k|  0 |  44k|  11 | 0.000000e+00 |      --      |    Inf |  52.76%
  289m|217500 |  1529 |103104k| 474.0 |   799M |  40 |1125 |1352 |3381 |1477k|  0 |  44k|  11 | 0.000000e+00 |      --      |    Inf |  52.77%
  289m|217600 |  1528 |103171k| 474.1 |   799M |  40 |1125 |1352 |   0 |1477k|  0 |  44k|  11 | 0.000000e+00 |      --      |    Inf |  52.77%
  289m|217700 |  1524 |103215k| 474.1 |   799M |  40 |1125 |1352 |3115 |1477k|  0 |  44k|  11 | 0.000000e+00 |      --      |    Inf |  52.77%
 time | node  | left  |LP iter|LP it/n|mem/heur|mdpt |vars |cons |rows |cuts |sepa|confs|strbr|  dualbound   | primalbound  |  gap   | compl. 
  289m|217800 |  1531 |103273k| 474.2 |   799M |  40 |1125 |1350 |3165 |1478k|  2 |  44k|  11 | 0.000000e+00 |      --      |    Inf |  52.77%
  289m|217900 |  1530 |103330k| 474.2 |   799M |  40 |1125 |1350 |3147 |1478k|  2 |  44k|  11 | 0.000000e+00 |      --      |    Inf |  52.77%
  289m|218000 |  1520 |103380k| 474.2 |   799M |  40 |1125 |1350 |3455 |1479k|  2 |  44k|  11 | 0.000000e+00 |      --      |    Inf |  52.81%
  289m|218100 |  1517 |103442k| 474.3 |   799M |  40 |1125 |1351 |   0 |1480k|  0 |  44k|  11 | 0.000000e+00 |      --      |    Inf |  53.02%
  289m|218200 |  1520 |103490k| 474.3 |   799M |  40 |1125 |1350 |2711 |1480k|  0 |  44k|  11 | 0.000000e+00 |      --      |    Inf |  53.02%
  289m|218300 |  1524 |103570k| 474.4 |   799M |  40 |1125 |1350 |2928 |1482k|  0 |  44k|  11 | 0.000000e+00 |      --      |    Inf |  53.03%
  290m|218400 |  1520 |103649k| 474.6 |   799M |  40 |1125 |1350 |2880 |1483k|  1 |  44k|  11 | 0.000000e+00 |      --      |    Inf |  53.04%
  290m|218500 |  1528 |103708k| 474.6 |   799M |  40 |1125 |1350 |2678 |1484k|  0 |  44k|  11 | 0.000000e+00 |      --      |    Inf |  53.05%
  290m|218600 |  1522 |103745k| 474.6 |   799M |  40 |1125 |1350 |2637 |1485k|  2 |  44k|  11 | 0.000000e+00 |      --      |    Inf |  53.06%
  290m|218700 |  1521 |103788k| 474.6 |   799M |  40 |1125 |1350 |2728 |1486k|  2 |  44k|  11 | 0.000000e+00 |      --      |    Inf |  53.07%
  290m|218800 |  1524 |103821k| 474.5 |   799M |  40 |1125 |1350 |2794 |1486k|  0 |  44k|  11 | 0.000000e+00 |      --      |    Inf |  53.07%
  290m|218900 |  1526 |103861k| 474.5 |   799M |  40 |1125 |1350 |2812 |1486k|  2 |  44k|  11 | 0.000000e+00 |      --      |    Inf |  53.07%
  290m|219000 |  1522 |103906k| 474.4 |   799M |  40 |1125 |1350 |2808 |1487k|  0 |  44k|  11 | 0.000000e+00 |      --      |    Inf |  53.07%
  290m|219100 |  1522 |103941k| 474.4 |   799M |  40 |1125 |1350 |2975 |1487k|  0 |  44k|  11 | 0.000000e+00 |      --      |    Inf |  53.07%
  290m|219200 |  1522 |103965k| 474.3 |   799M |  40 |1125 |1351 |3543 |1487k|  2 |  44k|  11 | 0.000000e+00 |      --      |    Inf |  53.08%
 time | node  | left  |LP iter|LP it/n|mem/heur|mdpt |vars |cons |rows |cuts |sepa|confs|strbr|  dualbound   | primalbound  |  gap   | compl. 
  290m|219300 |  1518 |103993k| 474.2 |   799M |  40 |1125 |1351 |2980 |1488k|  1 |  44k|  11 | 0.000000e+00 |      --      |    Inf |  53.10%
  290m|219400 |  1510 |104020k| 474.1 |   799M |  40 |1125 |1350 |3000 |1488k|  1 |  44k|  11 | 0.000000e+00 |      --      |    Inf |  53.31%
  290m|219500 |  1512 |104042k| 474.0 |   799M |  40 |1125 |1351 |3728 |1488k|  0 |  44k|  11 | 0.000000e+00 |      --      |    Inf |  53.67%
  290m|219600 |  1517 |104063k| 473.9 |   799M |  40 |1125 |1351 |3138 |1488k|  2 |  44k|  11 | 0.000000e+00 |      --      |    Inf |  53.71%
  290m|219700 |  1506 |104093k| 473.8 |   799M |  40 |1125 |1351 |3211 |1488k|  0 |  44k|  11 | 0.000000e+00 |      --      |    Inf |  53.71%
  290m|219800 |  1505 |104124k| 473.7 |   799M |  40 |1125 |1351 |2827 |1489k|  2 |  44k|  11 | 0.000000e+00 |      --      |    Inf |  53.76%
  290m|219900 |  1496 |104137k| 473.6 |   799M |  40 |1125 |1351 |2677 |1489k|  2 |  44k|  11 | 0.000000e+00 |      --      |    Inf |  53.77%
  290m|220000 |  1497 |104159k| 473.4 |   799M |  40 |1125 |1352 |2688 |1489k|  0 |  44k|  11 | 0.000000e+00 |      --      |    Inf |  53.77%
  290m|220100 |  1492 |104179k| 473.3 |   799M |  40 |1125 |1354 |2751 |1490k|  0 |  44k|  11 | 0.000000e+00 |      --      |    Inf |  53.77%
  291m|220200 |  1500 |104199k| 473.2 |   799M |  40 |1125 |1354 |   0 |1490k|  0 |  44k|  11 | 0.000000e+00 |      --      |    Inf |  53.78%
  291m|220300 |  1499 |104227k| 473.1 |   799M |  40 |1125 |1351 |3197 |1490k|  0 |  44k|  11 | 0.000000e+00 |      --      |    Inf |  53.78%
  291m|220400 |  1500 |104258k| 473.0 |   799M |  40 |1125 |1350 |3199 |1491k|  2 |  44k|  11 | 0.000000e+00 |      --      |    Inf |  53.78%
  291m|220500 |  1499 |104277k| 472.9 |   799M |  40 |1125 |1350 |3200 |1491k|  1 |  44k|  11 | 0.000000e+00 |      --      |    Inf |  53.78%
  291m|220600 |  1496 |104297k| 472.8 |   799M |  40 |1125 |1351 |3175 |1491k|  1 |  44k|  11 | 0.000000e+00 |      --      |    Inf |  53.78%
  291m|220700 |  1494 |104320k| 472.7 |   799M |  40 |1125 |1351 |3383 |1491k|  2 |  45k|  11 | 0.000000e+00 |      --      |    Inf |  53.78%
 time | node  | left  |LP iter|LP it/n|mem/heur|mdpt |vars |cons |rows |cuts |sepa|confs|strbr|  dualbound   | primalbound  |  gap   | compl. 
  291m|220800 |  1487 |104364k| 472.7 |   799M |  40 |1125 |1351 |3025 |1491k|  2 |  45k|  11 | 0.000000e+00 |      --      |    Inf |  53.79%
  291m|220900 |  1484 |104436k| 472.8 |   800M |  40 |1125 |1351 |3883 |1492k|  0 |  45k|  11 | 0.000000e+00 |      --      |    Inf |  53.80%
  291m|221000 |  1492 |104493k| 472.8 |   800M |  40 |1125 |1351 |2801 |1493k|  2 |  45k|  11 | 0.000000e+00 |      --      |    Inf |  53.82%
  291m|221100 |  1484 |104554k| 472.9 |   800M |  40 |1125 |1350 |3002 |1493k|  0 |  45k|  11 | 0.000000e+00 |      --      |    Inf |  53.82%
  291m|221200 |  1482 |104628k| 473.0 |   800M |  40 |1125 |1350 |3401 |1494k|  1 |  45k|  11 | 0.000000e+00 |      --      |    Inf |  53.84%
  291m|221300 |  1487 |104702k| 473.1 |   800M |  40 |1125 |1350 |3482 |1495k|  0 |  45k|  11 | 0.000000e+00 |      --      |    Inf |  53.84%
  291m|221400 |  1479 |104748k| 473.1 |   800M |  40 |1125 |1350 |2662 |1495k|  2 |  45k|  11 | 0.000000e+00 |      --      |    Inf |  53.85%
  292m|221500 |  1473 |104813k| 473.2 |   800M |  40 |1125 |1350 |3566 |1496k|  0 |  45k|  11 | 0.000000e+00 |      --      |    Inf |  53.94%
  292m|221600 |  1473 |104860k| 473.2 |   800M |  40 |1125 |1351 |   0 |1496k|  0 |  45k|  11 | 0.000000e+00 |      --      |    Inf |  54.38%
  292m|221700 |  1476 |104902k| 473.2 |   800M |  40 |1125 |1352 |3284 |1497k|  2 |  45k|  11 | 0.000000e+00 |      --      |    Inf |  54.39%
  292m|221800 |  1468 |104942k| 473.1 |   800M |  40 |1125 |1353 |3723 |1497k|  0 |  45k|  11 | 0.000000e+00 |      --      |    Inf |  54.44%
  292m|221900 |  1481 |105018k| 473.3 |   800M |  40 |1125 |1353 |3180 |1498k|  2 |  45k|  11 | 0.000000e+00 |      --      |    Inf |  54.47%
  292m|222000 |  1479 |105063k| 473.2 |   800M |  40 |1125 |1353 |3180 |1498k|  0 |  45k|  11 | 0.000000e+00 |      --      |    Inf |  54.47%
  292m|222100 |  1478 |105138k| 473.4 |   800M |  40 |1125 |1352 |3161 |1499k|  0 |  45k|  11 | 0.000000e+00 |      --      |    Inf |  54.48%
  292m|222200 |  1479 |105210k| 473.5 |   800M |  40 |1125 |1352 |   0 |1500k|  0 |  45k|  11 | 0.000000e+00 |      --      |    Inf |  54.50%
 time | node  | left  |LP iter|LP it/n|mem/heur|mdpt |vars |cons |rows |cuts |sepa|confs|strbr|  dualbound   | primalbound  |  gap   | compl. 
  292m|222300 |  1489 |105286k| 473.6 |   800M |  40 |1125 |1353 |3105 |1500k|  2 |  45k|  11 | 0.000000e+00 |      --      |    Inf |  54.52%
  293m|222400 |  1486 |105344k| 473.7 |   800M |  40 |1125 |1352 |3103 |1501k|  2 |  45k|  11 | 0.000000e+00 |      --      |    Inf |  54.52%
  293m|222500 |  1483 |105415k| 473.8 |   800M |  40 |1125 |1352 |   0 |1501k|  0 |  45k|  11 | 0.000000e+00 |      --      |    Inf |  54.52%
  293m|222600 |  1481 |105491k| 473.9 |   800M |  40 |1125 |1352 |3100 |1502k|  2 |  45k|  11 | 0.000000e+00 |      --      |    Inf |  54.52%
  293m|222700 |  1482 |105567k| 474.0 |   800M |  40 |1125 |1353 |   0 |1503k|  0 |  45k|  11 | 0.000000e+00 |      --      |    Inf |  54.53%
  293m|222800 |  1479 |105626k| 474.1 |   800M |  40 |1125 |1354 |   0 |1503k|  0 |  45k|  11 | 0.000000e+00 |      --      |    Inf |  54.53%
  293m|222900 |  1474 |105672k| 474.1 |   800M |  40 |1125 |1354 |3157 |1504k|  2 |  45k|  11 | 0.000000e+00 |      --      |    Inf |  54.56%
  293m|223000 |  1472 |105732k| 474.1 |   800M |  40 |1125 |1354 |3107 |1504k|  0 |  45k|  11 | 0.000000e+00 |      --      |    Inf |  54.61%
  293m|223100 |  1467 |105790k| 474.2 |   800M |  40 |1125 |1352 |3028 |1505k|  0 |  45k|  11 | 0.000000e+00 |      --      |    Inf |  54.63%
  293m|223200 |  1473 |105846k| 474.2 |   800M |  40 |1125 |1353 |3048 |1506k|  2 |  45k|  11 | 0.000000e+00 |      --      |    Inf |  54.65%
  294m|223300 |  1465 |105911k| 474.3 |   800M |  40 |1125 |1351 |2765 |1507k|  1 |  45k|  11 | 0.000000e+00 |      --      |    Inf |  54.68%
  294m|223400 |  1467 |105965k| 474.3 |   800M |  40 |1125 |1350 |2746 |1508k|  0 |  45k|  11 | 0.000000e+00 |      --      |    Inf |  54.69%
  294m|223500 |  1474 |106030k| 474.4 |   800M |  40 |1125 |1350 |3250 |1508k|  0 |  45k|  11 | 0.000000e+00 |      --      |    Inf |  54.71%
  294m|223600 |  1468 |106085k| 474.4 |   800M |  40 |1125 |1350 |3251 |1509k|  0 |  45k|  11 | 0.000000e+00 |      --      |    Inf |  54.75%
  294m|223700 |  1469 |106140k| 474.5 |   800M |  40 |1125 |1351 |   0 |1510k|  0 |  45k|  11 | 0.000000e+00 |      --      |    Inf |  54.75%
 time | node  | left  |LP iter|LP it/n|mem/heur|mdpt |vars |cons |rows |cuts |sepa|confs|strbr|  dualbound   | primalbound  |  gap   | compl. 
  294m|223800 |  1477 |106202k| 474.5 |   800M |  40 |1125 |1351 |3319 |1511k|  0 |  45k|  11 | 0.000000e+00 |      --      |    Inf |  54.75%
  294m|223900 |  1467 |106267k| 474.6 |   800M |  40 |1125 |1352 |   0 |1511k|  0 |  45k|  11 | 0.000000e+00 |      --      |    Inf |  54.75%
  294m|224000 |  1472 |106350k| 474.8 |   800M |  40 |1125 |1351 |3359 |1512k|  2 |  45k|  11 | 0.000000e+00 |      --      |    Inf |  54.75%
  294m|224100 |  1467 |106434k| 474.9 |   800M |  40 |1125 |1352 |3325 |1513k|  2 |  45k|  11 | 0.000000e+00 |      --      |    Inf |  54.76%
  295m|224200 |  1452 |106491k| 475.0 |   800M |  40 |1125 |1351 |3125 |1514k|  2 |  45k|  11 | 0.000000e+00 |      --      |    Inf |  54.81%
  295m|224300 |  1452 |106551k| 475.0 |   800M |  40 |1125 |1351 |2771 |1514k|  0 |  45k|  11 | 0.000000e+00 |      --      |    Inf |  55.13%
  295m|224400 |  1455 |106609k| 475.1 |   800M |  40 |1125 |1351 |3538 |1515k|  0 |  45k|  11 | 0.000000e+00 |      --      |    Inf |  55.15%
  295m|224500 |  1450 |106648k| 475.0 |   800M |  40 |1125 |1351 |2822 |1516k|  0 |  45k|  11 | 0.000000e+00 |      --      |    Inf |  55.26%
  295m|224600 |  1448 |106697k| 475.0 |   800M |  40 |1125 |1353 |2818 |1516k|  2 |  45k|  11 | 0.000000e+00 |      --      |    Inf |  55.36%
  295m|224700 |  1455 |106734k| 475.0 |   800M |  40 |1125 |1353 |   0 |1517k|  0 |  45k|  11 | 0.000000e+00 |      --      |    Inf |  55.36%
  295m|224800 |  1442 |106769k| 474.9 |   800M |  40 |1125 |1353 |   0 |1517k|  0 |  45k|  11 | 0.000000e+00 |      --      |    Inf |  55.36%
  295m|224900 |  1448 |106821k| 475.0 |   800M |  40 |1125 |1356 |3192 |1518k|  2 |  45k|  11 | 0.000000e+00 |      --      |    Inf |  55.36%
  295m|225000 |  1450 |106854k| 474.9 |   800M |  40 |1125 |1358 |3294 |1518k|  0 |  45k|  11 | 0.000000e+00 |      --      |    Inf |  55.36%
  295m|225100 |  1449 |106900k| 474.9 |   800M |  40 |1125 |1356 |3289 |1518k|  0 |  45k|  11 | 0.000000e+00 |      --      |    Inf |  55.36%
  295m|225200 |  1452 |106950k| 474.9 |   800M |  40 |1125 |1357 |3329 |1519k|  0 |  45k|  11 | 0.000000e+00 |      --      |    Inf |  55.36%
 time | node  | left  |LP iter|LP it/n|mem/heur|mdpt |vars |cons |rows |cuts |sepa|confs|strbr|  dualbound   | primalbound  |  gap   | compl. 
  295m|225300 |  1459 |107004k| 474.9 |   800M |  40 |1125 |1359 |3365 |1519k|  0 |  45k|  11 | 0.000000e+00 |      --      |    Inf |  55.36%
  295m|225400 |  1461 |107060k| 475.0 |   800M |  40 |1125 |1359 |3368 |1520k|  2 |  46k|  11 | 0.000000e+00 |      --      |    Inf |  55.37%
  296m|225500 |  1461 |107102k| 474.9 |   800M |  40 |1125 |1357 |3346 |1520k|  2 |  46k|  11 | 0.000000e+00 |      --      |    Inf |  55.37%
  296m|225600 |  1458 |107138k| 474.9 |   800M |  40 |1125 |1358 |3355 |1520k|  2 |  46k|  11 | 0.000000e+00 |      --      |    Inf |  55.37%
  296m|225700 |  1460 |107173k| 474.8 |   800M |  40 |1125 |1358 |3400 |1520k|  2 |  46k|  11 | 0.000000e+00 |      --      |    Inf |  55.37%
  296m|225800 |  1456 |107212k| 474.8 |   800M |  40 |1125 |1358 |   0 |1520k|  0 |  46k|  11 | 0.000000e+00 |      --      |    Inf |  55.37%
  296m|225900 |  1453 |107242k| 474.7 |   800M |  40 |1125 |1358 |   0 |1520k|  0 |  46k|  11 | 0.000000e+00 |      --      |    Inf |  55.37%
  296m|226000 |  1447 |107271k| 474.6 |   800M |  40 |1125 |1357 |3302 |1521k|  2 |  46k|  11 | 0.000000e+00 |      --      |    Inf |  55.37%
  296m|226100 |  1452 |107313k| 474.6 |   800M |  40 |1125 |1356 |3312 |1521k|  1 |  46k|  11 | 0.000000e+00 |      --      |    Inf |  55.37%
  296m|226200 |  1456 |107369k| 474.7 |   800M |  40 |1125 |1350 |   0 |1521k|  0 |  46k|  11 | 0.000000e+00 |      --      |    Inf |  55.37%
  296m|226300 |  1454 |107414k| 474.6 |   800M |  40 |1125 |1350 |3361 |1521k|  2 |  46k|  11 | 0.000000e+00 |      --      |    Inf |  55.37%
  296m|226400 |  1458 |107460k| 474.6 |   800M |  40 |1125 |1350 |3415 |1522k|  2 |  46k|  11 | 0.000000e+00 |      --      |    Inf |  55.37%
  296m|226500 |  1454 |107508k| 474.6 |   800M |  40 |1125 |1351 |3410 |1522k|  1 |  46k|  11 | 0.000000e+00 |      --      |    Inf |  55.37%
  296m|226600 |  1459 |107552k| 474.6 |   800M |  40 |1125 |1351 |3358 |1522k|  2 |  46k|  11 | 0.000000e+00 |      --      |    Inf |  55.37%
  296m|226700 |  1459 |107596k| 474.6 |   800M |  40 |1125 |1350 |3570 |1522k|  2 |  46k|  11 | 0.000000e+00 |      --      |    Inf |  55.37%
 time | node  | left  |LP iter|LP it/n|mem/heur|mdpt |vars |cons |rows |cuts |sepa|confs|strbr|  dualbound   | primalbound  |  gap   | compl. 
  296m|226800 |  1460 |107633k| 474.6 |   800M |  40 |1125 |1350 |3569 |1522k|  2 |  46k|  11 | 0.000000e+00 |      --      |    Inf |  55.37%
  297m|226900 |  1462 |107673k| 474.5 |   800M |  40 |1125 |1350 |3446 |1523k|  2 |  46k|  11 | 0.000000e+00 |      --      |    Inf |  55.37%
  297m|227000 |  1456 |107711k| 474.5 |   800M |  40 |1125 |1350 |3438 |1523k|  2 |  46k|  11 | 0.000000e+00 |      --      |    Inf |  55.37%
  297m|227100 |  1459 |107759k| 474.5 |   800M |  40 |1125 |1350 |3601 |1523k|  2 |  46k|  11 | 0.000000e+00 |      --      |    Inf |  55.37%
  297m|227200 |  1455 |107825k| 474.6 |   800M |  40 |1125 |1350 |3584 |1523k|  2 |  46k|  11 | 0.000000e+00 |      --      |    Inf |  55.37%
  297m|227300 |  1460 |107895k| 474.7 |   800M |  40 |1125 |1351 |3482 |1523k|  2 |  46k|  11 | 0.000000e+00 |      --      |    Inf |  55.37%
  297m|227400 |  1449 |107941k| 474.7 |   800M |  40 |1125 |1351 |3376 |1524k|  0 |  46k|  11 | 0.000000e+00 |      --      |    Inf |  55.37%
  297m|227500 |  1459 |107992k| 474.7 |   800M |  40 |1125 |1351 |3457 |1524k|  1 |  46k|  11 | 0.000000e+00 |      --      |    Inf |  55.37%
  297m|227600 |  1461 |108040k| 474.7 |   800M |  40 |1125 |1352 |3476 |1524k|  1 |  46k|  11 | 0.000000e+00 |      --      |    Inf |  55.37%
  297m|227700 |  1460 |108098k| 474.7 |   800M |  40 |1125 |1353 |3478 |1524k|  2 |  46k|  11 | 0.000000e+00 |      --      |    Inf |  55.37%
  297m|227800 |  1467 |108151k| 474.8 |   800M |  40 |1125 |1353 |3484 |1525k|  2 |  46k|  11 | 0.000000e+00 |      --      |    Inf |  55.37%
  298m|227900 |  1473 |108214k| 474.8 |   800M |  40 |1125 |1352 |3494 |1525k|  1 |  46k|  11 | 0.000000e+00 |      --      |    Inf |  55.37%
  298m|228000 |  1476 |108266k| 474.8 |   800M |  40 |1125 |1352 |   0 |1525k|  0 |  46k|  11 | 0.000000e+00 |      --      |    Inf |  55.37%
  298m|228100 |  1466 |108312k| 474.8 |   800M |  40 |1125 |1353 |3522 |1525k|  2 |  46k|  11 | 0.000000e+00 |      --      |    Inf |  55.37%
  298m|228200 |  1465 |108364k| 474.9 |   800M |  40 |1125 |1353 |3500 |1525k|  0 |  46k|  11 | 0.000000e+00 |      --      |    Inf |  55.37%
 time | node  | left  |LP iter|LP it/n|mem/heur|mdpt |vars |cons |rows |cuts |sepa|confs|strbr|  dualbound   | primalbound  |  gap   | compl. 
  298m|228300 |  1462 |108417k| 474.9 |   800M |  40 |1125 |1352 |3486 |1525k|  2 |  46k|  11 | 0.000000e+00 |      --      |    Inf |  55.37%
  298m|228400 |  1463 |108467k| 474.9 |   800M |  40 |1125 |1352 |3494 |1526k|  2 |  46k|  11 | 0.000000e+00 |      --      |    Inf |  55.37%
  298m|228500 |  1464 |108512k| 474.9 |   800M |  40 |1125 |1352 |3484 |1526k|  0 |  46k|  11 | 0.000000e+00 |      --      |    Inf |  55.37%
  298m|228600 |  1461 |108559k| 474.9 |   800M |  40 |1125 |1350 |3428 |1526k|  0 |  46k|  11 | 0.000000e+00 |      --      |    Inf |  55.37%
  298m|228700 |  1458 |108605k| 474.9 |   800M |  40 |1125 |1350 |3506 |1526k|  1 |  46k|  11 | 0.000000e+00 |      --      |    Inf |  55.37%
  298m|228800 |  1458 |108642k| 474.8 |   800M |  40 |1125 |1350 |3532 |1526k|  0 |  46k|  11 | 0.000000e+00 |      --      |    Inf |  55.37%
  298m|228900 |  1456 |108697k| 474.9 |   800M |  40 |1125 |1350 |   0 |1526k|  0 |  46k|  11 | 0.000000e+00 |      --      |    Inf |  55.37%
  298m|229000 |  1457 |108729k| 474.8 |   800M |  40 |1125 |1350 |3475 |1526k|  0 |  46k|  11 | 0.000000e+00 |      --      |    Inf |  55.37%
  298m|229100 |  1446 |108756k| 474.7 |   803M |  40 |1125 |1350 |2798 |1526k|  2 |  46k|  11 | 0.000000e+00 |      --      |    Inf |  55.42%
  299m|229200 |  1445 |108782k| 474.6 |   803M |  40 |1125 |1351 |3583 |1527k|  0 |  46k|  11 | 0.000000e+00 |      --      |    Inf |  55.42%
  299m|229300 |  1443 |108814k| 474.5 |   803M |  40 |1125 |1351 |3198 |1527k|  2 |  46k|  11 | 0.000000e+00 |      --      |    Inf |  55.44%
  299m|229400 |  1451 |108836k| 474.4 |   803M |  40 |1125 |1351 |3220 |1527k|  2 |  46k|  11 | 0.000000e+00 |      --      |    Inf |  55.44%
  299m|229500 |  1445 |108862k| 474.3 |   803M |  40 |1125 |1351 |3235 |1528k|  0 |  46k|  11 | 0.000000e+00 |      --      |    Inf |  55.45%
  299m|229600 |  1446 |108886k| 474.2 |   803M |  40 |1125 |1351 |3233 |1528k|  0 |  46k|  11 | 0.000000e+00 |      --      |    Inf |  55.45%
  299m|229700 |  1447 |108913k| 474.1 |   803M |  40 |1125 |1350 |3242 |1528k|  2 |  46k|  11 | 0.000000e+00 |      --      |    Inf |  55.45%
 time | node  | left  |LP iter|LP it/n|mem/heur|mdpt |vars |cons |rows |cuts |sepa|confs|strbr|  dualbound   | primalbound  |  gap   | compl. 
  299m|229800 |  1441 |108937k| 474.0 |   803M |  40 |1125 |1350 |2784 |1528k|  2 |  46k|  11 | 0.000000e+00 |      --      |    Inf |  55.46%
  299m|229900 |  1452 |108967k| 474.0 |   803M |  40 |1125 |1350 |3165 |1529k|  0 |  46k|  11 | 0.000000e+00 |      --      |    Inf |  55.47%
  299m|230000 |  1449 |108984k| 473.8 |   803M |  40 |1125 |1350 |3166 |1529k|  0 |  46k|  11 | 0.000000e+00 |      --      |    Inf |  55.47%
  299m|230100 |  1457 |109003k| 473.7 |   803M |  40 |1125 |1350 |3175 |1529k|  2 |  46k|  11 | 0.000000e+00 |      --      |    Inf |  55.47%
  299m|230200 |  1457 |109019k| 473.6 |   803M |  40 |1125 |1350 |   0 |1529k|  0 |  46k|  11 | 0.000000e+00 |      --      |    Inf |  55.47%
  299m|230300 |  1452 |109041k| 473.5 |   803M |  40 |1125 |1350 |3187 |1529k|  1 |  47k|  11 | 0.000000e+00 |      --      |    Inf |  55.48%
  299m|230400 |  1452 |109062k| 473.4 |   803M |  40 |1125 |1350 |3159 |1530k|  2 |  47k|  11 | 0.000000e+00 |      --      |    Inf |  55.48%
  299m|230500 |  1446 |109076k| 473.2 |   803M |  40 |1125 |1351 |3139 |1530k|  2 |  47k|  11 | 0.000000e+00 |      --      |    Inf |  55.48%
  299m|230600 |  1445 |109084k| 473.0 |   803M |  40 |1125 |1355 |   0 |1530k|  0 |  47k|  11 | 0.000000e+00 |      --      |    Inf |  55.48%
  299m|230700 |  1445 |109102k| 472.9 |   803M |  40 |1125 |1355 |3146 |1530k|  1 |  47k|  11 | 0.000000e+00 |      --      |    Inf |  55.48%
  299m|230800 |  1445 |109119k| 472.8 |   803M |  40 |1125 |1352 |3199 |1531k|  0 |  47k|  11 | 0.000000e+00 |      --      |    Inf |  55.48%
  299m|230900 |  1447 |109141k| 472.7 |   803M |  40 |1125 |1352 |3198 |1531k|  2 |  47k|  11 | 0.000000e+00 |      --      |    Inf |  55.48%
  299m|231000 |  1447 |109168k| 472.6 |   803M |  40 |1125 |1350 |3156 |1531k|  2 |  47k|  11 | 0.000000e+00 |      --      |    Inf |  55.48%
  299m|231100 |  1443 |109192k| 472.5 |   803M |  40 |1125 |1350 |3125 |1531k|  2 |  47k|  11 | 0.000000e+00 |      --      |    Inf |  55.48%
  299m|231200 |  1445 |109232k| 472.4 |   803M |  40 |1125 |1350 |2489 |1532k|  2 |  47k|  11 | 0.000000e+00 |      --      |    Inf |  55.49%
 time | node  | left  |LP iter|LP it/n|mem/heur|mdpt |vars |cons |rows |cuts |sepa|confs|strbr|  dualbound   | primalbound  |  gap   | compl. 
  299m|231300 |  1454 |109280k| 472.5 |   803M |  40 |1125 |1350 |   0 |1533k|  0 |  47k|  11 | 0.000000e+00 |      --      |    Inf |  55.49%
  299m|231400 |  1457 |109297k| 472.3 |   803M |  40 |1125 |1350 |3163 |1533k|  0 |  47k|  11 | 0.000000e+00 |      --      |    Inf |  55.49%
  299m|231500 |  1452 |109324k| 472.2 |   803M |  40 |1125 |1350 |2552 |1534k|  1 |  47k|  11 | 0.000000e+00 |      --      |    Inf |  55.49%
  300m|231600 |  1452 |109369k| 472.2 |   803M |  40 |1125 |1350 |2546 |1535k|  0 |  47k|  11 | 0.000000e+00 |      --      |    Inf |  55.50%
  300m|231700 |  1446 |109413k| 472.2 |   803M |  40 |1125 |1350 |2590 |1536k|  2 |  47k|  11 | 0.000000e+00 |      --      |    Inf |  55.50%
  300m|231800 |  1458 |109449k| 472.2 |   803M |  40 |1125 |1350 |   0 |1536k|  0 |  47k|  11 | 0.000000e+00 |      --      |    Inf |  55.51%
  300m|231900 |  1454 |109478k| 472.1 |   803M |  40 |1125 |1353 |3251 |1536k|  2 |  47k|  11 | 0.000000e+00 |      --      |    Inf |  55.51%
  300m|232000 |  1447 |109509k| 472.0 |   803M |  40 |1125 |1354 |3479 |1537k|  2 |  47k|  11 | 0.000000e+00 |      --      |    Inf |  55.51%
  300m|232100 |  1460 |109554k| 472.0 |   803M |  40 |1125 |1353 |3462 |1537k|  1 |  47k|  11 | 0.000000e+00 |      --      |    Inf |  55.51%
  300m|232200 |  1441 |109599k| 472.0 |   803M |  40 |1125 |1351 |2817 |1537k|  0 |  47k|  11 | 0.000000e+00 |      --      |    Inf |  55.52%
  300m|232300 |  1447 |109654k| 472.0 |   803M |  40 |1125 |1350 |3297 |1538k|  0 |  47k|  11 | 0.000000e+00 |      --      |    Inf |  55.53%
  300m|232400 |  1452 |109699k| 472.0 |   803M |  40 |1125 |1350 |2877 |1539k|  2 |  47k|  11 | 0.000000e+00 |      --      |    Inf |  55.53%
  300m|232500 |  1452 |109755k| 472.1 |   803M |  40 |1125 |1350 |3456 |1539k|  2 |  47k|  11 | 0.000000e+00 |      --      |    Inf |  55.54%
  300m|232600 |  1446 |109820k| 472.1 |   803M |  40 |1125 |1350 |3273 |1540k|  2 |  47k|  11 | 0.000000e+00 |      --      |    Inf |  55.54%
  300m|232700 |  1440 |109891k| 472.2 |   803M |  40 |1125 |1350 |3511 |1540k|  2 |  47k|  11 | 0.000000e+00 |      --      |    Inf |  55.54%
 time | node  | left  |LP iter|LP it/n|mem/heur|mdpt |vars |cons |rows |cuts |sepa|confs|strbr|  dualbound   | primalbound  |  gap   | compl. 
  301m|232800 |  1431 |109956k| 472.3 |   803M |  40 |1125 |1350 |3526 |1541k|  2 |  47k|  11 | 0.000000e+00 |      --      |    Inf |  55.56%
  301m|232900 |  1430 |109996k| 472.3 |   803M |  40 |1125 |1351 |2905 |1541k|  2 |  47k|  11 | 0.000000e+00 |      --      |    Inf |  55.58%
  301m|233000 |  1420 |110043k| 472.3 |   803M |  40 |1125 |1351 |2810 |1541k|  2 |  47k|  11 | 0.000000e+00 |      --      |    Inf |  55.65%
  301m|233100 |  1418 |110123k| 472.4 |   803M |  40 |1125 |1351 |3213 |1542k|  0 |  47k|  11 | 0.000000e+00 |      --      |    Inf |  55.66%
  301m|233200 |  1428 |110199k| 472.5 |   803M |  40 |1125 |1351 |3274 |1542k|  0 |  47k|  11 | 0.000000e+00 |      --      |    Inf |  55.66%
  301m|233300 |  1425 |110278k| 472.7 |   803M |  40 |1125 |1351 |3288 |1543k|  0 |  47k|  11 | 0.000000e+00 |      --      |    Inf |  55.66%
  301m|233400 |  1416 |110353k| 472.8 |   803M |  40 |1125 |1351 |3216 |1543k|  2 |  47k|  11 | 0.000000e+00 |      --      |    Inf |  55.66%
  301m|233500 |  1409 |110425k| 472.9 |   803M |  40 |1125 |1351 |3288 |1544k|  2 |  47k|  11 | 0.000000e+00 |      --      |    Inf |  55.68%
  301m|233600 |  1409 |110478k| 472.9 |   803M |  40 |1125 |1351 |3027 |1545k|  0 |  47k|  11 | 0.000000e+00 |      --      |    Inf |  55.69%
  302m|233700 |  1400 |110528k| 472.9 |   803M |  40 |1125 |1351 |   0 |1545k|  0 |  47k|  11 | 0.000000e+00 |      --      |    Inf |  55.70%
  302m|233800 |  1396 |110592k| 473.0 |   803M |  40 |1125 |1351 |3288 |1546k|  2 |  47k|  11 | 0.000000e+00 |      --      |    Inf |  55.70%
  302m|233900 |  1402 |110662k| 473.1 |   803M |  40 |1125 |1352 |3390 |1546k|  0 |  47k|  11 | 0.000000e+00 |      --      |    Inf |  55.70%
  302m|234000 |  1398 |110725k| 473.2 |   803M |  40 |1125 |1354 |3365 |1546k|  2 |  47k|  11 | 0.000000e+00 |      --      |    Inf |  55.70%
  302m|234100 |  1396 |110788k| 473.2 |   803M |  40 |1125 |1354 |3359 |1547k|  2 |  47k|  11 | 0.000000e+00 |      --      |    Inf |  55.70%
  302m|234200 |  1391 |110859k| 473.3 |   803M |  40 |1125 |1351 |3253 |1547k|  0 |  47k|  11 | 0.000000e+00 |      --      |    Inf |  55.70%
 time | node  | left  |LP iter|LP it/n|mem/heur|mdpt |vars |cons |rows |cuts |sepa|confs|strbr|  dualbound   | primalbound  |  gap   | compl. 
  302m|234300 |  1391 |110909k| 473.4 |   803M |  40 |1125 |1351 |3327 |1548k|  2 |  47k|  11 | 0.000000e+00 |      --      |    Inf |  55.96%
  302m|234400 |  1382 |110959k| 473.4 |   803M |  40 |1125 |1351 |   0 |1548k|  0 |  47k|  11 | 0.000000e+00 |      --      |    Inf |  56.86%
  302m|234500 |  1397 |111013k| 473.4 |   804M |  40 |1125 |1351 |3559 |1549k|  0 |  47k|  11 | 0.000000e+00 |      --      |    Inf |  57.07%
  303m|234600 |  1391 |111069k| 473.4 |   804M |  40 |1125 |1351 |3133 |1549k|  1 |  47k|  11 | 0.000000e+00 |      --      |    Inf |  57.08%
  303m|234700 |  1385 |111121k| 473.5 |   804M |  40 |1125 |1351 |3609 |1549k|  2 |  47k|  11 | 0.000000e+00 |      --      |    Inf |  57.09%
  303m|234800 |  1379 |111181k| 473.5 |   804M |  40 |1125 |1351 |3597 |1549k|  0 |  48k|  11 | 0.000000e+00 |      --      |    Inf |  57.10%
  303m|234900 |  1385 |111268k| 473.7 |   804M |  40 |1125 |1351 |3365 |1550k|  2 |  48k|  11 | 0.000000e+00 |      --      |    Inf |  57.32%
  303m|235000 |  1388 |111338k| 473.8 |   804M |  40 |1125 |1352 |3249 |1551k|  1 |  48k|  11 | 0.000000e+00 |      --      |    Inf |  57.33%
  303m|235100 |  1389 |111396k| 473.8 |   804M |  40 |1125 |1352 |3248 |1551k|  2 |  48k|  11 | 0.000000e+00 |      --      |    Inf |  57.34%
  303m|235200 |  1385 |111450k| 473.8 |   804M |  40 |1125 |1353 |2885 |1552k|  0 |  48k|  11 | 0.000000e+00 |      --      |    Inf |  57.95%
  303m|235300 |  1384 |111531k| 474.0 |   804M |  40 |1125 |1351 |3341 |1553k|  2 |  48k|  11 | 0.000000e+00 |      --      |    Inf |  57.98%
  303m|235400 |  1388 |111587k| 474.0 |   804M |  40 |1125 |1351 |2869 |1554k|  2 |  48k|  11 | 0.000000e+00 |      --      |    Inf |  57.99%
  304m|235500 |  1387 |111633k| 474.0 |   804M |  40 |1125 |1351 |2797 |1554k|  2 |  48k|  11 | 0.000000e+00 |      --      |    Inf |  57.99%
  304m|235600 |  1382 |111685k| 474.0 |   804M |  40 |1125 |1351 |2766 |1555k|  0 |  48k|  11 | 0.000000e+00 |      --      |    Inf |  57.99%
  304m|235700 |  1384 |111745k| 474.1 |   804M |  40 |1125 |1351 |3464 |1555k|  2 |  48k|  11 | 0.000000e+00 |      --      |    Inf |  58.00%
 time | node  | left  |LP iter|LP it/n|mem/heur|mdpt |vars |cons |rows |cuts |sepa|confs|strbr|  dualbound   | primalbound  |  gap   | compl. 
  304m|235800 |  1384 |111818k| 474.2 |   804M |  40 |1125 |1351 |2768 |1557k|  0 |  48k|  11 | 0.000000e+00 |      --      |    Inf |  58.00%
  304m|235900 |  1377 |111897k| 474.3 |   804M |  40 |1125 |1351 |3878 |1558k|  2 |  48k|  11 | 0.000000e+00 |      --      |    Inf |  58.06%
  304m|236000 |  1405 |111958k| 474.4 |   804M |  40 |1125 |1351 |3317 |1558k|  2 |  48k|  11 | 0.000000e+00 |      --      |    Inf |  58.10%
  304m|236100 |  1397 |112014k| 474.4 |   804M |  40 |1125 |1351 |3356 |1558k|  1 |  48k|  11 | 0.000000e+00 |      --      |    Inf |  58.13%
  304m|236200 |  1415 |112078k| 474.5 |   804M |  40 |1125 |1351 |3391 |1559k|  0 |  48k|  11 | 0.000000e+00 |      --      |    Inf |  58.14%
  304m|236300 |  1413 |112139k| 474.6 |   804M |  40 |1125 |1352 |3385 |1559k|  1 |  48k|  11 | 0.000000e+00 |      --      |    Inf |  58.15%
  304m|236400 |  1412 |112207k| 474.6 |   804M |  40 |1125 |1352 |3402 |1559k|  2 |  48k|  11 | 0.000000e+00 |      --      |    Inf |  58.16%
  305m|236500 |  1407 |112255k| 474.6 |   804M |  40 |1125 |1352 |3276 |1560k|  0 |  48k|  11 | 0.000000e+00 |      --      |    Inf |  58.17%
  305m|236600 |  1403 |112325k| 474.7 |   804M |  40 |1125 |1352 |3384 |1560k|  0 |  48k|  11 | 0.000000e+00 |      --      |    Inf |  58.19%
  305m|236700 |  1400 |112374k| 474.7 |   804M |  40 |1125 |1351 |3380 |1560k|  1 |  48k|  11 | 0.000000e+00 |      --      |    Inf |  58.20%
  305m|236800 |  1397 |112440k| 474.8 |   804M |  40 |1125 |1351 |3374 |1560k|  1 |  48k|  11 | 0.000000e+00 |      --      |    Inf |  58.23%
  305m|236900 |  1389 |112493k| 474.8 |   804M |  40 |1125 |1350 |3534 |1560k|  2 |  48k|  11 | 0.000000e+00 |      --      |    Inf |  58.25%
  305m|237000 |  1386 |112540k| 474.8 |   804M |  40 |1125 |1350 |2611 |1561k|  2 |  48k|  11 | 0.000000e+00 |      --      |    Inf |  58.64%
  305m|237100 |  1384 |112593k| 474.9 |   804M |  40 |1125 |1350 |2966 |1561k|  1 |  48k|  11 | 0.000000e+00 |      --      |    Inf |  58.93%
  305m|237200 |  1380 |112648k| 474.9 |   804M |  40 |1125 |1350 |3360 |1562k|  2 |  48k|  11 | 0.000000e+00 |      --      |    Inf |  58.96%
 time | node  | left  |LP iter|LP it/n|mem/heur|mdpt |vars |cons |rows |cuts |sepa|confs|strbr|  dualbound   | primalbound  |  gap   | compl. 
  305m|237300 |  1384 |112721k| 475.0 |   804M |  40 |1125 |1350 |3672 |1562k|  2 |  48k|  11 | 0.000000e+00 |      --      |    Inf |  58.96%
  305m|237400 |  1380 |112782k| 475.1 |   805M |  40 |1125 |1350 |4142 |1563k|  1 |  48k|  11 | 0.000000e+00 |      --      |    Inf |  58.96%
  306m|237500 |  1374 |112821k| 475.0 |   805M |  40 |1125 |1350 |2655 |1563k|  2 |  48k|  11 | 0.000000e+00 |      --      |    Inf |  59.18%
  306m|237600 |  1374 |112842k| 474.9 |   805M |  40 |1125 |1350 |2900 |1564k|  2 |  48k|  11 | 0.000000e+00 |      --      |    Inf |  59.20%
  306m|237700 |  1373 |112870k| 474.8 |   805M |  40 |1125 |1350 |3038 |1564k|  1 |  48k|  11 | 0.000000e+00 |      --      |    Inf |  59.21%
  306m|237800 |  1372 |112892k| 474.7 |   805M |  40 |1125 |1350 |2512 |1564k|  1 |  48k|  11 | 0.000000e+00 |      --      |    Inf |  59.23%
  306m|237900 |  1378 |112917k| 474.6 |   806M |  40 |1125 |1350 |   0 |1564k|  0 |  48k|  11 | 0.000000e+00 |      --      |    Inf |  59.34%
  306m|238000 |  1365 |112941k| 474.5 |   806M |  40 |1125 |1351 |3649 |1564k|  0 |  48k|  11 | 0.000000e+00 |      --      |    Inf |  59.38%
  306m|238100 |  1362 |112973k| 474.5 |   806M |  40 |1125 |1351 |2815 |1565k|  1 |  48k|  11 | 0.000000e+00 |      --      |    Inf |  59.39%
  306m|238200 |  1352 |112997k| 474.4 |   806M |  40 |1125 |1351 |3106 |1565k|  1 |  48k|  11 | 0.000000e+00 |      --      |    Inf |  59.56%
  306m|238300 |  1352 |113020k| 474.3 |   806M |  40 |1125 |1350 |3004 |1565k|  2 |  48k|  11 | 0.000000e+00 |      --      |    Inf |  59.66%
  306m|238400 |  1349 |113041k| 474.2 |   807M |  40 |1125 |1350 |3643 |1566k|  0 |  48k|  11 | 0.000000e+00 |      --      |    Inf |  59.77%
  306m|238500 |  1354 |113059k| 474.0 |   807M |  40 |1125 |1351 |3046 |1566k|  0 |  48k|  11 | 0.000000e+00 |      --      |    Inf |  59.87%
  306m|238600 |  1349 |113075k| 473.9 |   807M |  40 |1125 |1351 |3438 |1566k|  0 |  48k|  11 | 0.000000e+00 |      --      |    Inf |  60.17%
  306m|238700 |  1347 |113099k| 473.8 |   807M |  40 |1125 |1352 |2970 |1566k|  0 |  48k|  11 | 0.000000e+00 |      --      |    Inf |  60.18%
 time | node  | left  |LP iter|LP it/n|mem/heur|mdpt |vars |cons |rows |cuts |sepa|confs|strbr|  dualbound   | primalbound  |  gap   | compl. 
  306m|238800 |  1342 |113123k| 473.7 |   807M |  40 |1125 |1352 |3078 |1566k|  0 |  48k|  11 | 0.000000e+00 |      --      |    Inf |  60.20%
  306m|238900 |  1345 |113142k| 473.6 |   807M |  40 |1125 |1351 |3076 |1567k|  2 |  48k|  11 | 0.000000e+00 |      --      |    Inf |  60.31%
  306m|239000 |  1344 |113158k| 473.5 |   807M |  40 |1125 |1351 |3640 |1567k|  0 |  48k|  11 | 0.000000e+00 |      --      |    Inf |  60.45%
  306m|239100 |  1349 |113175k| 473.3 |   807M |  40 |1125 |1353 |2602 |1567k|  2 |  48k|  11 | 0.000000e+00 |      --      |    Inf |  60.61%
  306m|239200 |  1352 |113187k| 473.2 |   807M |  40 |1125 |1354 |   0 |1567k|  0 |  48k|  11 | 0.000000e+00 |      --      |    Inf |  60.61%
  306m|239300 |  1343 |113202k| 473.0 |   807M |  40 |1125 |1354 |2598 |1568k|  2 |  48k|  11 | 0.000000e+00 |      --      |    Inf |  60.61%
  306m|239400 |  1337 |113217k| 472.9 |   807M |  40 |1125 |1354 |2650 |1568k|  2 |  48k|  11 | 0.000000e+00 |      --      |    Inf |  60.63%
  306m|239500 |  1341 |113237k| 472.8 |   807M |  40 |1125 |1352 |3371 |1568k|  0 |  48k|  11 | 0.000000e+00 |      --      |    Inf |  60.64%
  306m|239600 |  1338 |113254k| 472.7 |   807M |  40 |1125 |1352 |   0 |1568k|  0 |  48k|  11 | 0.000000e+00 |      --      |    Inf |  60.64%
  306m|239700 |  1336 |113281k| 472.6 |   807M |  40 |1125 |1352 |3421 |1569k|  0 |  48k|  11 | 0.000000e+00 |      --      |    Inf |  60.64%
  306m|239800 |  1336 |113304k| 472.5 |   807M |  40 |1125 |1352 |3626 |1569k|  0 |  48k|  11 | 0.000000e+00 |      --      |    Inf |  60.64%
  306m|239900 |  1338 |113326k| 472.4 |   807M |  40 |1125 |1352 |3414 |1569k|  2 |  48k|  11 | 0.000000e+00 |      --      |    Inf |  60.64%
  306m|240000 |  1336 |113351k| 472.3 |   807M |  40 |1125 |1353 |3411 |1569k|  2 |  49k|  11 | 0.000000e+00 |      --      |    Inf |  60.64%
  307m|240100 |  1338 |113390k| 472.3 |   807M |  40 |1125 |1353 |   0 |1569k|  0 |  49k|  11 | 0.000000e+00 |      --      |    Inf |  60.64%
  307m|240200 |  1335 |113420k| 472.2 |   807M |  40 |1125 |1352 |3409 |1569k|  0 |  49k|  11 | 0.000000e+00 |      --      |    Inf |  60.64%
 time | node  | left  |LP iter|LP it/n|mem/heur|mdpt |vars |cons |rows |cuts |sepa|confs|strbr|  dualbound   | primalbound  |  gap   | compl. 
  307m|240300 |  1341 |113447k| 472.1 |   807M |  40 |1125 |1351 |3413 |1569k|  1 |  49k|  11 | 0.000000e+00 |      --      |    Inf |  60.64%
  307m|240400 |  1341 |113479k| 472.0 |   807M |  40 |1125 |1351 |3434 |1569k|  1 |  49k|  11 | 0.000000e+00 |      --      |    Inf |  60.64%
  307m|240500 |  1344 |113504k| 471.9 |   807M |  40 |1125 |1351 |3433 |1569k|  1 |  49k|  11 | 0.000000e+00 |      --      |    Inf |  60.64%
  307m|240600 |  1336 |113522k| 471.8 |   807M |  40 |1125 |1354 |3435 |1569k|  0 |  49k|  11 | 0.000000e+00 |      --      |    Inf |  60.64%
  307m|240700 |  1332 |113553k| 471.8 |   807M |  40 |1125 |1355 |3437 |1569k|  0 |  49k|  11 | 0.000000e+00 |      --      |    Inf |  60.64%
  307m|240800 |  1332 |113579k| 471.7 |   807M |  40 |1125 |1356 |3436 |1569k|  1 |  49k|  11 | 0.000000e+00 |      --      |    Inf |  60.64%
  307m|240900 |  1330 |113598k| 471.5 |   807M |  40 |1125 |1356 |3120 |1570k|  0 |  49k|  11 | 0.000000e+00 |      --      |    Inf |  60.65%
  307m|241000 |  1332 |113658k| 471.6 |   807M |  40 |1125 |1353 |3158 |1570k|  2 |  49k|  11 | 0.000000e+00 |      --      |    Inf |  60.65%
  307m|241100 |  1320 |113702k| 471.6 |   807M |  40 |1125 |1352 |2989 |1571k|  2 |  49k|  11 | 0.000000e+00 |      --      |    Inf |  60.71%
  307m|241200 |  1313 |113757k| 471.6 |   808M |  40 |1125 |1350 |3669 |1571k|  2 |  49k|  11 | 0.000000e+00 |      --      |    Inf |  60.72%
  307m|241300 |  1305 |113799k| 471.6 |   808M |  40 |1125 |1351 |3445 |1572k|  1 |  49k|  11 | 0.000000e+00 |      --      |    Inf |  60.77%
  307m|241400 |  1305 |113862k| 471.7 |   808M |  40 |1125 |1351 |3258 |1572k|  0 |  49k|  11 | 0.000000e+00 |      --      |    Inf |  60.78%
  307m|241500 |  1310 |113926k| 471.7 |   808M |  40 |1125 |1350 |3260 |1573k|  2 |  49k|  11 | 0.000000e+00 |      --      |    Inf |  60.78%
  308m|241600 |  1308 |113980k| 471.8 |   808M |  40 |1125 |1351 |3339 |1573k|  0 |  49k|  11 | 0.000000e+00 |      --      |    Inf |  60.78%
  308m|241700 |  1305 |114045k| 471.8 |   808M |  40 |1125 |1351 |3318 |1573k|  2 |  49k|  11 | 0.000000e+00 |      --      |    Inf |  60.78%
 time | node  | left  |LP iter|LP it/n|mem/heur|mdpt |vars |cons |rows |cuts |sepa|confs|strbr|  dualbound   | primalbound  |  gap   | compl. 
  308m|241800 |  1300 |114094k| 471.8 |   808M |  40 |1125 |1350 |2560 |1574k|  0 |  49k|  11 | 0.000000e+00 |      --      |    Inf |  60.83%
  308m|241900 |  1290 |114137k| 471.8 |   808M |  40 |1125 |1350 |3243 |1574k|  2 |  49k|  11 | 0.000000e+00 |      --      |    Inf |  60.86%
  308m|242000 |  1286 |114180k| 471.8 |   808M |  40 |1125 |1350 |3777 |1575k|  0 |  49k|  11 | 0.000000e+00 |      --      |    Inf |  60.86%
  308m|242100 |  1293 |114241k| 471.9 |   808M |  40 |1125 |1350 |2789 |1576k|  2 |  49k|  11 | 0.000000e+00 |      --      |    Inf |  60.91%
  308m|242200 |  1279 |114296k| 471.9 |   808M |  40 |1125 |1350 |2716 |1576k|  0 |  49k|  11 | 0.000000e+00 |      --      |    Inf |  60.92%
  308m|242300 |  1280 |114344k| 471.9 |   808M |  40 |1125 |1350 |2889 |1577k|  2 |  49k|  11 | 0.000000e+00 |      --      |    Inf |  60.95%
  308m|242400 |  1273 |114402k| 471.9 |   808M |  40 |1125 |1350 |2905 |1577k|  0 |  49k|  11 | 0.000000e+00 |      --      |    Inf |  60.95%
  308m|242500 |  1277 |114453k| 472.0 |   808M |  40 |1125 |1352 |2770 |1578k|  2 |  49k|  11 | 0.000000e+00 |      --      |    Inf |  60.96%
  308m|242600 |  1289 |114499k| 472.0 |   808M |  40 |1125 |1351 |3174 |1578k|  0 |  49k|  11 | 0.000000e+00 |      --      |    Inf |  60.96%
  308m|242700 |  1280 |114547k| 472.0 |   808M |  40 |1125 |1351 |3513 |1579k|  0 |  49k|  11 | 0.000000e+00 |      --      |    Inf |  61.01%
  309m|242800 |  1270 |114596k| 472.0 |   808M |  40 |1125 |1351 |3596 |1579k|  0 |  49k|  11 | 0.000000e+00 |      --      |    Inf |  61.04%
  309m|242900 |  1271 |114648k| 472.0 |   808M |  40 |1125 |1351 |2564 |1580k|  2 |  49k|  11 | 0.000000e+00 |      --      |    Inf |  61.06%
  309m|243000 |  1268 |114704k| 472.0 |   808M |  40 |1125 |1351 |2597 |1581k|  2 |  49k|  11 | 0.000000e+00 |      --      |    Inf |  61.08%
  309m|243100 |  1271 |114747k| 472.0 |   808M |  40 |1125 |1351 |3162 |1581k|  2 |  49k|  11 | 0.000000e+00 |      --      |    Inf |  61.09%
  309m|243200 |  1274 |114810k| 472.1 |   808M |  40 |1125 |1351 |3152 |1582k|  0 |  49k|  11 | 0.000000e+00 |      --      |    Inf |  61.11%
 time | node  | left  |LP iter|LP it/n|mem/heur|mdpt |vars |cons |rows |cuts |sepa|confs|strbr|  dualbound   | primalbound  |  gap   | compl. 
  309m|243300 |  1265 |114858k| 472.1 |   808M |  40 |1125 |1351 |3106 |1582k|  0 |  49k|  11 | 0.000000e+00 |      --      |    Inf |  61.12%
  309m|243400 |  1269 |114898k| 472.0 |   808M |  40 |1125 |1352 |3186 |1582k|  2 |  49k|  11 | 0.000000e+00 |      --      |    Inf |  61.15%
  309m|243500 |  1267 |114972k| 472.2 |   808M |  40 |1125 |1352 |3883 |1582k|  2 |  49k|  11 | 0.000000e+00 |      --      |    Inf |  61.21%
  309m|243600 |  1262 |115037k| 472.2 |   808M |  40 |1125 |1353 |3081 |1583k|  1 |  49k|  11 | 0.000000e+00 |      --      |    Inf |  61.25%
  309m|243700 |  1261 |115104k| 472.3 |   808M |  40 |1125 |1351 |   0 |1584k|  0 |  49k|  11 | 0.000000e+00 |      --      |    Inf |  61.27%
  310m|243800 |  1259 |115188k| 472.5 |   808M |  40 |1125 |1353 |3083 |1585k|  2 |  49k|  11 | 0.000000e+00 |      --      |    Inf |  61.28%
  310m|243900 |  1257 |115289k| 472.7 |   808M |  40 |1125 |1352 |   0 |1586k|  0 |  50k|  11 | 0.000000e+00 |      --      |    Inf |  61.29%
  310m|244000 |  1252 |115344k| 472.7 |   808M |  40 |1125 |1354 |3012 |1587k|  0 |  50k|  11 | 0.000000e+00 |      --      |    Inf |  61.33%
  310m|244100 |  1250 |115403k| 472.8 |   809M |  40 |1125 |1355 |3065 |1588k|  2 |  50k|  11 | 0.000000e+00 |      --      |    Inf |  61.35%
  310m|244200 |  1235 |115474k| 472.9 |   809M |  40 |1125 |1353 |3716 |1589k|  0 |  50k|  11 | 0.000000e+00 |      --      |    Inf |  61.39%
  310m|244300 |  1236 |115527k| 472.9 |   809M |  40 |1125 |1351 |3722 |1589k|  0 |  50k|  11 | 0.000000e+00 |      --      |    Inf |  61.40%
  310m|244400 |  1238 |115592k| 473.0 |   809M |  40 |1125 |1351 |2516 |1589k|  0 |  50k|  11 | 0.000000e+00 |      --      |    Inf |  61.42%
  310m|244500 |  1240 |115652k| 473.0 |   809M |  40 |1125 |1351 |2568 |1591k|  1 |  50k|  11 | 0.000000e+00 |      --      |    Inf |  61.42%
  310m|244600 |  1236 |115705k| 473.0 |   809M |  40 |1125 |1351 |2465 |1592k|  2 |  50k|  11 | 0.000000e+00 |      --      |    Inf |  61.42%
  311m|244700 |  1242 |115804k| 473.2 |   809M |  40 |1125 |1351 |3010 |1594k|  0 |  50k|  11 | 0.000000e+00 |      --      |    Inf |  61.42%
 time | node  | left  |LP iter|LP it/n|mem/heur|mdpt |vars |cons |rows |cuts |sepa|confs|strbr|  dualbound   | primalbound  |  gap   | compl. 
  311m|244800 |  1232 |115873k| 473.3 |   809M |  40 |1125 |1351 |2936 |1595k|  0 |  50k|  11 | 0.000000e+00 |      --      |    Inf |  61.43%
  311m|244900 |  1225 |115931k| 473.4 |   809M |  40 |1125 |1351 |3406 |1596k|  3 |  50k|  11 | 0.000000e+00 |      --      |    Inf |  61.44%
  311m|245000 |  1235 |115989k| 473.4 |   809M |  40 |1125 |1351 |2834 |1597k|  2 |  50k|  11 | 0.000000e+00 |      --      |    Inf |  61.46%
  311m|245100 |  1246 |116062k| 473.5 |   809M |  40 |1125 |1351 |3062 |1598k|  0 |  50k|  11 | 0.000000e+00 |      --      |    Inf |  61.47%
  311m|245200 |  1244 |116126k| 473.6 |   809M |  40 |1125 |1351 |2933 |1598k|  2 |  50k|  11 | 0.000000e+00 |      --      |    Inf |  61.48%
  311m|245300 |  1231 |116198k| 473.7 |   809M |  40 |1125 |1351 |2510 |1599k|  2 |  50k|  11 | 0.000000e+00 |      --      |    Inf |  61.49%
  311m|245400 |  1224 |116277k| 473.8 |   811M |  40 |1125 |1351 |2885 |1600k|  0 |  50k|  11 | 0.000000e+00 |      --      |    Inf |  61.51%
  311m|245500 |  1222 |116332k| 473.8 |   811M |  40 |1125 |1351 |3032 |1601k|  2 |  50k|  11 | 0.000000e+00 |      --      |    Inf |  61.56%
  312m|245600 |  1220 |116389k| 473.9 |   811M |  40 |1125 |1351 |3000 |1601k|  2 |  50k|  11 | 0.000000e+00 |      --      |    Inf |  61.61%
  312m|245700 |  1213 |116432k| 473.9 |   811M |  40 |1125 |1351 |3733 |1602k|  1 |  50k|  11 | 0.000000e+00 |      --      |    Inf |  61.64%
  312m|245800 |  1208 |116483k| 473.9 |   811M |  40 |1125 |1351 |3337 |1602k|  2 |  50k|  11 | 0.000000e+00 |      --      |    Inf |  61.70%
  312m|245900 |  1194 |116531k| 473.9 |   811M |  40 |1125 |1352 |2722 |1603k|  2 |  50k|  11 | 0.000000e+00 |      --      |    Inf |  61.76%
  312m|246000 |  1198 |116584k| 473.9 |   811M |  40 |1125 |1351 |3173 |1603k|  2 |  50k|  11 | 0.000000e+00 |      --      |    Inf |  61.77%
  312m|246100 |  1196 |116635k| 473.9 |   811M |  40 |1125 |1351 |3329 |1604k|  0 |  50k|  11 | 0.000000e+00 |      --      |    Inf |  61.82%
  312m|246200 |  1198 |116670k| 473.9 |   811M |  40 |1125 |1351 |3276 |1604k|  1 |  50k|  11 | 0.000000e+00 |      --      |    Inf |  61.82%
 time | node  | left  |LP iter|LP it/n|mem/heur|mdpt |vars |cons |rows |cuts |sepa|confs|strbr|  dualbound   | primalbound  |  gap   | compl. 
  312m|246300 |  1196 |116712k| 473.9 |   811M |  40 |1125 |1351 |3293 |1604k|  2 |  50k|  11 | 0.000000e+00 |      --      |    Inf |  61.82%
  312m|246400 |  1194 |116751k| 473.8 |   811M |  40 |1125 |1351 |3315 |1605k|  2 |  50k|  11 | 0.000000e+00 |      --      |    Inf |  61.82%
  312m|246500 |  1184 |116802k| 473.8 |   811M |  40 |1125 |1351 |   0 |1605k|  0 |  50k|  11 | 0.000000e+00 |      --      |    Inf |  61.83%
  312m|246600 |  1185 |116862k| 473.9 |   811M |  40 |1125 |1351 |3230 |1606k|  2 |  50k|  11 | 0.000000e+00 |      --      |    Inf |  61.83%
  312m|246700 |  1182 |116917k| 473.9 |   811M |  40 |1125 |1351 |   0 |1606k|  0 |  50k|  11 | 0.000000e+00 |      --      |    Inf |  61.83%
  312m|246800 |  1184 |116963k| 473.9 |   811M |  40 |1125 |1351 |3486 |1607k|  2 |  50k|  11 | 0.000000e+00 |      --      |    Inf |  61.83%
  313m|246900 |  1182 |117012k| 473.9 |   811M |  40 |1125 |1351 |3285 |1607k|  2 |  50k|  11 | 0.000000e+00 |      --      |    Inf |  61.83%
  313m|247000 |  1182 |117052k| 473.9 |   811M |  40 |1125 |1352 |3749 |1607k|  1 |  50k|  11 | 0.000000e+00 |      --      |    Inf |  61.83%
  313m|247100 |  1181 |117088k| 473.8 |   811M |  40 |1125 |1352 |3308 |1607k|  2 |  50k|  11 | 0.000000e+00 |      --      |    Inf |  61.83%
  313m|247200 |  1181 |117142k| 473.9 |   811M |  40 |1125 |1352 |3445 |1608k|  1 |  50k|  11 | 0.000000e+00 |      --      |    Inf |  61.83%
  313m|247300 |  1180 |117214k| 474.0 |   811M |  40 |1125 |1351 |3542 |1608k|  2 |  50k|  11 | 0.000000e+00 |      --      |    Inf |  61.84%
  313m|247400 |  1185 |117254k| 473.9 |   811M |  40 |1125 |1351 |3278 |1608k|  0 |  50k|  11 | 0.000000e+00 |      --      |    Inf |  61.84%
  313m|247500 |  1170 |117305k| 474.0 |   811M |  40 |1125 |1351 |3044 |1608k|  2 |  50k|  11 | 0.000000e+00 |      --      |    Inf |  61.84%
  313m|247600 |  1166 |117353k| 474.0 |   811M |  40 |1125 |1352 |   0 |1609k|  0 |  50k|  11 | 0.000000e+00 |      --      |    Inf |  61.88%
  313m|247700 |  1160 |117408k| 474.0 |   811M |  40 |1125 |1352 |   0 |1610k|  0 |  50k|  11 | 0.000000e+00 |      --      |    Inf |  61.91%
 time | node  | left  |LP iter|LP it/n|mem/heur|mdpt |vars |cons |rows |cuts |sepa|confs|strbr|  dualbound   | primalbound  |  gap   | compl. 
  313m|247800 |  1162 |117475k| 474.1 |   811M |  40 |1125 |1352 |2797 |1612k|  1 |  50k|  11 | 0.000000e+00 |      --      |    Inf |  61.93%
  313m|247900 |  1155 |117521k| 474.1 |   811M |  40 |1125 |1351 |   0 |1612k|  0 |  50k|  11 | 0.000000e+00 |      --      |    Inf |  61.97%
  313m|248000 |  1155 |117562k| 474.0 |   811M |  40 |1125 |1351 |2882 |1613k|  2 |  50k|  11 | 0.000000e+00 |      --      |    Inf |  62.00%
  314m|248100 |  1150 |117608k| 474.0 |   811M |  40 |1125 |1351 |3525 |1613k|  1 |  50k|  11 | 0.000000e+00 |      --      |    Inf |  62.07%
  314m|248200 |  1155 |117666k| 474.1 |   811M |  40 |1125 |1351 |2952 |1614k|  0 |  50k|  11 | 0.000000e+00 |      --      |    Inf |  62.17%
  314m|248300 |  1153 |117716k| 474.1 |   811M |  40 |1125 |1351 |3348 |1614k|  0 |  50k|  11 | 0.000000e+00 |      --      |    Inf |  62.18%
  314m|248400 |  1160 |117778k| 474.1 |   811M |  40 |1125 |1352 |3366 |1615k|  0 |  50k|  11 | 0.000000e+00 |      --      |    Inf |  62.18%
  314m|248500 |  1158 |117825k| 474.1 |   811M |  40 |1125 |1356 |   0 |1615k|  0 |  50k|  11 | 0.000000e+00 |      --      |    Inf |  62.18%
  314m|248600 |  1160 |117870k| 474.1 |   811M |  40 |1125 |1357 |3350 |1616k|  2 |  50k|  11 | 0.000000e+00 |      --      |    Inf |  62.18%
  314m|248700 |  1164 |117919k| 474.1 |   811M |  40 |1125 |1357 |   0 |1616k|  0 |  50k|  11 | 0.000000e+00 |      --      |    Inf |  62.18%
  314m|248800 |  1167 |117973k| 474.2 |   811M |  40 |1125 |1357 |3309 |1617k|  2 |  50k|  11 | 0.000000e+00 |      --      |    Inf |  62.18%
  314m|248900 |  1155 |118016k| 474.1 |   811M |  40 |1125 |1357 |2894 |1617k|  0 |  51k|  11 | 0.000000e+00 |      --      |    Inf |  62.18%
  314m|249000 |  1159 |118072k| 474.2 |   811M |  40 |1125 |1356 |3322 |1617k|  1 |  51k|  11 | 0.000000e+00 |      --      |    Inf |  62.18%
  314m|249100 |  1160 |118094k| 474.1 |   811M |  40 |1125 |1356 |3327 |1617k|  0 |  51k|  11 | 0.000000e+00 |      --      |    Inf |  62.18%
  314m|249200 |  1155 |118117k| 474.0 |   811M |  40 |1125 |1355 |3417 |1617k|  1 |  51k|  11 | 0.000000e+00 |      --      |    Inf |  62.18%
 time | node  | left  |LP iter|LP it/n|mem/heur|mdpt |vars |cons |rows |cuts |sepa|confs|strbr|  dualbound   | primalbound  |  gap   | compl. 
  314m|249300 |  1160 |118139k| 473.9 |   811M |  40 |1125 |1355 |3427 |1618k|  1 |  51k|  11 | 0.000000e+00 |      --      |    Inf |  62.18%
  314m|249400 |  1158 |118164k| 473.8 |   811M |  40 |1125 |1354 |3435 |1618k|  1 |  51k|  11 | 0.000000e+00 |      --      |    Inf |  62.18%
  315m|249500 |  1152 |118185k| 473.7 |   811M |  40 |1125 |1353 |3419 |1618k|  0 |  51k|  11 | 0.000000e+00 |      --      |    Inf |  62.18%
  315m|249600 |  1152 |118211k| 473.6 |   811M |  40 |1125 |1354 |3184 |1618k|  0 |  51k|  11 | 0.000000e+00 |      --      |    Inf |  62.18%
  315m|249700 |  1153 |118240k| 473.5 |   811M |  40 |1125 |1354 |3445 |1618k|  0 |  51k|  11 | 0.000000e+00 |      --      |    Inf |  62.18%
  315m|249800 |  1148 |118268k| 473.4 |   811M |  40 |1125 |1352 |   0 |1618k|  0 |  51k|  11 | 0.000000e+00 |      --      |    Inf |  62.18%
  315m|249900 |  1148 |118292k| 473.3 |   811M |  40 |1125 |1352 |3273 |1619k|  2 |  51k|  11 | 0.000000e+00 |      --      |    Inf |  62.18%
  315m|250000 |  1151 |118316k| 473.3 |   811M |  40 |1125 |1352 |3294 |1619k|  2 |  51k|  11 | 0.000000e+00 |      --      |    Inf |  62.19%
  315m|250100 |  1146 |118342k| 473.2 |   811M |  40 |1125 |1353 |3187 |1619k|  2 |  51k|  11 | 0.000000e+00 |      --      |    Inf |  62.20%
  315m|250200 |  1148 |118370k| 473.1 |   811M |  40 |1125 |1350 |3027 |1619k|  2 |  51k|  11 | 0.000000e+00 |      --      |    Inf |  62.22%
  315m|250300 |  1149 |118400k| 473.0 |   812M |  40 |1125 |1351 |3035 |1619k|  2 |  51k|  11 | 0.000000e+00 |      --      |    Inf |  62.23%
  315m|250400 |  1139 |118424k| 472.9 |   812M |  40 |1125 |1351 |3361 |1620k|  2 |  51k|  11 | 0.000000e+00 |      --      |    Inf |  62.24%
  315m|250500 |  1141 |118444k| 472.8 |   812M |  40 |1125 |1350 |2427 |1620k|  2 |  51k|  11 | 0.000000e+00 |      --      |    Inf |  62.27%
  315m|250600 |  1137 |118464k| 472.7 |   812M |  40 |1125 |1351 |2468 |1620k|  0 |  51k|  11 | 0.000000e+00 |      --      |    Inf |  62.28%
  315m|250700 |  1138 |118488k| 472.6 |   812M |  40 |1125 |1351 |3582 |1621k|  1 |  51k|  11 | 0.000000e+00 |      --      |    Inf |  62.30%
 time | node  | left  |LP iter|LP it/n|mem/heur|mdpt |vars |cons |rows |cuts |sepa|confs|strbr|  dualbound   | primalbound  |  gap   | compl. 
  315m|250800 |  1127 |118510k| 472.5 |   812M |  40 |1125 |1351 |   0 |1621k|  0 |  51k|  11 | 0.000000e+00 |      --      |    Inf |  62.31%
  315m|250900 |  1122 |118536k| 472.4 |   812M |  40 |1125 |1351 |3197 |1621k|  0 |  51k|  11 | 0.000000e+00 |      --      |    Inf |  62.33%
  315m|251000 |  1119 |118561k| 472.3 |   812M |  40 |1125 |1351 |2844 |1621k|  2 |  51k|  11 | 0.000000e+00 |      --      |    Inf |  62.44%
  315m|251100 |  1131 |118580k| 472.2 |   812M |  40 |1125 |1351 |2918 |1621k|  0 |  51k|  11 | 0.000000e+00 |      --      |    Inf |  62.47%
  315m|251200 |  1136 |118605k| 472.1 |   812M |  40 |1125 |1351 |2921 |1622k|  1 |  51k|  11 | 0.000000e+00 |      --      |    Inf |  62.49%
  315m|251300 |  1125 |118635k| 472.1 |   812M |  40 |1125 |1351 |2858 |1622k|  0 |  51k|  11 | 0.000000e+00 |      --      |    Inf |  62.50%
  315m|251400 |  1118 |118658k| 472.0 |   812M |  40 |1125 |1351 |2885 |1622k|  0 |  51k|  11 | 0.000000e+00 |      --      |    Inf |  62.53%
  315m|251500 |  1120 |118682k| 471.9 |   812M |  40 |1125 |1351 |3269 |1622k|  2 |  51k|  11 | 0.000000e+00 |      --      |    Inf |  62.56%
  315m|251600 |  1118 |118701k| 471.8 |   812M |  40 |1125 |1351 |3332 |1623k|  0 |  51k|  11 | 0.000000e+00 |      --      |    Inf |  62.59%
  315m|251700 |  1122 |118741k| 471.7 |   812M |  40 |1125 |1351 |2917 |1623k|  2 |  51k|  11 | 0.000000e+00 |      --      |    Inf |  62.62%
  316m|251800 |  1117 |118797k| 471.8 |   812M |  40 |1125 |1351 |2948 |1624k|  0 |  51k|  11 | 0.000000e+00 |      --      |    Inf |  62.63%
  316m|251900 |  1105 |118856k| 471.8 |   812M |  40 |1125 |1351 |   0 |1625k|  0 |  51k|  11 | 0.000000e+00 |      --      |    Inf |  62.64%
  316m|252000 |  1121 |118916k| 471.9 |   812M |  40 |1125 |1351 |3170 |1625k|  0 |  51k|  11 | 0.000000e+00 |      --      |    Inf |  62.65%
  316m|252100 |  1109 |118966k| 471.9 |   812M |  40 |1125 |1351 |3045 |1626k|  2 |  51k|  11 | 0.000000e+00 |      --      |    Inf |  62.66%
  316m|252200 |  1111 |119024k| 471.9 |   812M |  40 |1125 |1351 |3080 |1626k|  2 |  51k|  11 | 0.000000e+00 |      --      |    Inf |  62.78%
 time | node  | left  |LP iter|LP it/n|mem/heur|mdpt |vars |cons |rows |cuts |sepa|confs|strbr|  dualbound   | primalbound  |  gap   | compl. 
  316m|252300 |  1111 |119068k| 471.9 |   812M |  40 |1125 |1351 |3029 |1627k|  0 |  51k|  11 | 0.000000e+00 |      --      |    Inf |  62.86%
  316m|252400 |  1113 |119107k| 471.9 |   812M |  40 |1125 |1351 |3125 |1627k|  2 |  51k|  11 | 0.000000e+00 |      --      |    Inf |  62.86%
  316m|252500 |  1104 |119150k| 471.9 |   812M |  40 |1125 |1351 |3218 |1627k|  0 |  51k|  11 | 0.000000e+00 |      --      |    Inf |  62.86%
  316m|252600 |  1101 |119192k| 471.9 |   812M |  40 |1125 |1352 |3575 |1628k|  0 |  51k|  11 | 0.000000e+00 |      --      |    Inf |  62.90%
  316m|252700 |  1107 |119243k| 471.9 |   812M |  40 |1125 |1352 |2530 |1628k|  2 |  51k|  11 | 0.000000e+00 |      --      |    Inf |  63.11%
  316m|252800 |  1115 |119292k| 471.9 |   812M |  40 |1125 |1353 |3253 |1630k|  2 |  51k|  11 | 0.000000e+00 |      --      |    Inf |  63.16%
  316m|252900 |  1115 |119349k| 471.9 |   812M |  40 |1125 |1357 |   0 |1631k|  0 |  51k|  11 | 0.000000e+00 |      --      |    Inf |  63.19%
  317m|253000 |  1119 |119411k| 472.0 |   812M |  40 |1125 |1356 |3377 |1632k|  2 |  51k|  11 | 0.000000e+00 |      --      |    Inf |  63.21%
  317m|253100 |  1118 |119481k| 472.1 |   812M |  40 |1125 |1356 |   0 |1633k|  0 |  51k|  11 | 0.000000e+00 |      --      |    Inf |  63.22%
  317m|253200 |  1115 |119538k| 472.1 |   812M |  40 |1125 |1353 |2862 |1634k|  2 |  51k|  11 | 0.000000e+00 |      --      |    Inf |  63.23%
  317m|253300 |  1117 |119590k| 472.1 |   812M |  40 |1125 |1352 |2729 |1634k|  2 |  51k|  11 | 0.000000e+00 |      --      |    Inf |  63.29%
  317m|253400 |  1119 |119664k| 472.2 |   812M |  40 |1125 |1352 |3376 |1635k|  0 |  52k|  11 | 0.000000e+00 |      --      |    Inf |  63.29%
  317m|253500 |  1123 |119710k| 472.2 |   812M |  40 |1125 |1352 |3352 |1635k|  2 |  52k|  11 | 0.000000e+00 |      --      |    Inf |  63.33%
  317m|253600 |  1119 |119744k| 472.2 |   812M |  40 |1125 |1352 |3344 |1636k|  2 |  52k|  11 | 0.000000e+00 |      --      |    Inf |  63.33%
  317m|253700 |  1123 |119798k| 472.2 |   812M |  40 |1125 |1352 |3353 |1636k|  2 |  52k|  11 | 0.000000e+00 |      --      |    Inf |  63.33%
 time | node  | left  |LP iter|LP it/n|mem/heur|mdpt |vars |cons |rows |cuts |sepa|confs|strbr|  dualbound   | primalbound  |  gap   | compl. 
  317m|253800 |  1123 |119846k| 472.2 |   812M |  40 |1125 |1352 |3323 |1636k|  2 |  52k|  11 | 0.000000e+00 |      --      |    Inf |  63.33%
  317m|253900 |  1121 |119892k| 472.2 |   812M |  40 |1125 |1352 |   0 |1636k|  0 |  52k|  11 | 0.000000e+00 |      --      |    Inf |  63.33%
  317m|254000 |  1118 |119932k| 472.2 |   812M |  40 |1125 |1352 |2537 |1637k|  2 |  52k|  11 | 0.000000e+00 |      --      |    Inf |  63.33%
  318m|254100 |  1139 |119984k| 472.2 |   812M |  40 |1125 |1351 |2993 |1638k|  0 |  52k|  11 | 0.000000e+00 |      --      |    Inf |  63.33%
  318m|254200 |  1129 |120039k| 472.2 |   812M |  40 |1125 |1351 |3067 |1638k|  2 |  52k|  11 | 0.000000e+00 |      --      |    Inf |  63.33%
  318m|254300 |  1132 |120106k| 472.3 |   812M |  40 |1125 |1351 |3026 |1639k|  0 |  52k|  11 | 0.000000e+00 |      --      |    Inf |  63.34%
  318m|254400 |  1128 |120171k| 472.4 |   812M |  40 |1125 |1351 |2849 |1641k|  0 |  52k|  11 | 0.000000e+00 |      --      |    Inf |  63.35%
  318m|254500 |  1131 |120234k| 472.4 |   812M |  40 |1125 |1352 |3071 |1642k|  2 |  52k|  11 | 0.000000e+00 |      --      |    Inf |  63.39%
  318m|254600 |  1121 |120283k| 472.4 |   812M |  40 |1125 |1352 |2664 |1643k|  0 |  52k|  11 | 0.000000e+00 |      --      |    Inf |  63.47%
  318m|254700 |  1128 |120346k| 472.5 |   812M |  40 |1125 |1351 |3417 |1644k|  2 |  52k|  11 | 0.000000e+00 |      --      |    Inf |  63.56%
  318m|254800 |  1124 |120423k| 472.6 |   812M |  40 |1125 |1351 |3298 |1645k|  2 |  52k|  11 | 0.000000e+00 |      --      |    Inf |  63.56%
  318m|254900 |  1124 |120507k| 472.8 |   812M |  40 |1125 |1351 |2988 |1646k|  0 |  52k|  11 | 0.000000e+00 |      --      |    Inf |  63.58%
  319m|255000 |  1125 |120593k| 472.9 |   812M |  40 |1125 |1351 |2970 |1647k|  2 |  52k|  11 | 0.000000e+00 |      --      |    Inf |  63.58%
  319m|255100 |  1123 |120649k| 472.9 |   812M |  40 |1125 |1352 |3040 |1648k|  2 |  52k|  11 | 0.000000e+00 |      --      |    Inf |  63.59%
  319m|255200 |  1124 |120677k| 472.9 |   812M |  40 |1125 |1352 |2892 |1649k|  0 |  52k|  11 | 0.000000e+00 |      --      |    Inf |  63.62%
 time | node  | left  |LP iter|LP it/n|mem/heur|mdpt |vars |cons |rows |cuts |sepa|confs|strbr|  dualbound   | primalbound  |  gap   | compl. 
  319m|255300 |  1128 |120694k| 472.7 |   812M |  40 |1125 |1352 |2927 |1649k|  1 |  52k|  11 | 0.000000e+00 |      --      |    Inf |  63.63%
  319m|255400 |  1128 |120721k| 472.7 |   812M |  40 |1125 |1352 |2946 |1649k|  0 |  52k|  11 | 0.000000e+00 |      --      |    Inf |  63.63%
  319m|255500 |  1135 |120739k| 472.6 |   813M |  40 |1125 |1352 |2917 |1649k|  0 |  52k|  11 | 0.000000e+00 |      --      |    Inf |  63.64%
  319m|255600 |  1129 |120762k| 472.5 |   813M |  40 |1125 |1352 |2922 |1650k|  0 |  52k|  11 | 0.000000e+00 |      --      |    Inf |  63.64%
  319m|255700 |  1123 |120788k| 472.4 |   813M |  40 |1125 |1353 |2924 |1650k|  0 |  52k|  11 | 0.000000e+00 |      --      |    Inf |  63.65%
  319m|255800 |  1121 |120812k| 472.3 |   813M |  40 |1125 |1353 |2929 |1650k|  2 |  52k|  11 | 0.000000e+00 |      --      |    Inf |  63.66%
  319m|255900 |  1123 |120832k| 472.2 |   813M |  40 |1125 |1353 |   0 |1651k|  0 |  52k|  11 | 0.000000e+00 |      --      |    Inf |  63.67%
  319m|256000 |  1114 |120856k| 472.1 |   813M |  40 |1125 |1353 |3560 |1651k|  0 |  52k|  11 | 0.000000e+00 |      --      |    Inf |  63.67%
  319m|256100 |  1115 |120876k| 472.0 |   813M |  40 |1125 |1352 |3302 |1651k|  0 |  52k|  11 | 0.000000e+00 |      --      |    Inf |  63.67%
  319m|256200 |  1104 |120905k| 471.9 |   813M |  40 |1125 |1352 |   0 |1651k|  0 |  52k|  11 | 0.000000e+00 |      --      |    Inf |  63.69%
  319m|256300 |  1103 |120929k| 471.8 |   813M |  40 |1125 |1352 |3583 |1651k|  0 |  52k|  11 | 0.000000e+00 |      --      |    Inf |  63.70%
  319m|256400 |  1102 |120958k| 471.7 |   813M |  40 |1125 |1352 |2913 |1652k|  0 |  52k|  11 | 0.000000e+00 |      --      |    Inf |  63.71%
  319m|256500 |  1101 |120976k| 471.6 |   813M |  40 |1125 |1352 |2484 |1652k|  0 |  52k|  11 | 0.000000e+00 |      --      |    Inf |  63.74%
  319m|256600 |  1093 |120998k| 471.5 |   813M |  40 |1125 |1352 |3621 |1652k|  0 |  52k|  11 | 0.000000e+00 |      --      |    Inf |  63.80%
  319m|256700 |  1089 |121028k| 471.5 |   813M |  40 |1125 |1352 |2711 |1652k|  0 |  52k|  11 | 0.000000e+00 |      --      |    Inf |  63.93%
 time | node  | left  |LP iter|LP it/n|mem/heur|mdpt |vars |cons |rows |cuts |sepa|confs|strbr|  dualbound   | primalbound  |  gap   | compl. 
  319m|256800 |  1095 |121047k| 471.4 |   813M |  40 |1125 |1352 |2589 |1653k|  0 |  52k|  11 | 0.000000e+00 |      --      |    Inf |  63.93%
  319m|256900 |  1095 |121066k| 471.2 |   813M |  40 |1125 |1352 |2623 |1653k|  2 |  52k|  11 | 0.000000e+00 |      --      |    Inf |  63.94%
  319m|257000 |  1093 |121086k| 471.1 |   813M |  40 |1125 |1352 |2579 |1653k|  2 |  52k|  11 | 0.000000e+00 |      --      |    Inf |  63.95%
  319m|257100 |  1089 |121106k| 471.0 |   813M |  40 |1125 |1352 |3170 |1654k|  0 |  52k|  11 | 0.000000e+00 |      --      |    Inf |  63.95%
  319m|257200 |  1086 |121125k| 470.9 |   813M |  40 |1125 |1353 |2858 |1654k|  2 |  52k|  11 | 0.000000e+00 |      --      |    Inf |  63.96%
  319m|257300 |  1079 |121140k| 470.8 |   813M |  40 |1125 |1354 |3428 |1654k|  0 |  52k|  11 | 0.000000e+00 |      --      |    Inf |  63.98%
  320m|257400 |  1101 |121161k| 470.7 |   813M |  40 |1125 |1354 |2986 |1654k|  2 |  52k|  11 | 0.000000e+00 |      --      |    Inf |  64.03%
  320m|257500 |  1102 |121183k| 470.6 |   813M |  40 |1125 |1352 |3008 |1655k|  2 |  52k|  11 | 0.000000e+00 |      --      |    Inf |  64.03%
  320m|257600 |  1091 |121202k| 470.5 |   813M |  40 |1125 |1352 |   0 |1655k|  0 |  52k|  11 | 0.000000e+00 |      --      |    Inf |  64.03%
  320m|257700 |  1074 |121221k| 470.4 |   813M |  40 |1125 |1352 |3168 |1655k|  0 |  52k|  11 | 0.000000e+00 |      --      |    Inf |  64.04%
  320m|257800 |  1071 |121245k| 470.3 |   813M |  40 |1125 |1352 |2852 |1655k|  2 |  52k|  11 | 0.000000e+00 |      --      |    Inf |  64.05%
  320m|257900 |  1069 |121265k| 470.2 |   813M |  40 |1125 |1352 |3224 |1656k|  0 |  53k|  11 | 0.000000e+00 |      --      |    Inf |  64.07%
  320m|258000 |  1071 |121290k| 470.1 |   813M |  40 |1125 |1352 |3155 |1656k|  0 |  53k|  11 | 0.000000e+00 |      --      |    Inf |  64.08%
  320m|258100 |  1069 |121314k| 470.0 |   813M |  40 |1125 |1351 |3110 |1656k|  1 |  53k|  11 | 0.000000e+00 |      --      |    Inf |  64.09%
  320m|258200 |  1064 |121340k| 469.9 |   813M |  40 |1125 |1351 |3110 |1656k|  0 |  53k|  11 | 0.000000e+00 |      --      |    Inf |  64.93%
 time | node  | left  |LP iter|LP it/n|mem/heur|mdpt |vars |cons |rows |cuts |sepa|confs|strbr|  dualbound   | primalbound  |  gap   | compl. 
  320m|258300 |  1077 |121369k| 469.9 |   813M |  40 |1125 |1351 |3111 |1657k|  2 |  53k|  11 | 0.000000e+00 |      --      |    Inf |  65.06%
  320m|258400 |  1071 |121401k| 469.8 |   813M |  40 |1125 |1351 |3143 |1657k|  1 |  53k|  11 | 0.000000e+00 |      --      |    Inf |  65.68%
  320m|258500 |  1074 |121428k| 469.7 |   813M |  40 |1125 |1351 |3128 |1657k|  2 |  53k|  11 | 0.000000e+00 |      --      |    Inf |  65.93%
  320m|258600 |  1077 |121457k| 469.7 |   813M |  40 |1125 |1351 |3131 |1657k|  2 |  53k|  11 | 0.000000e+00 |      --      |    Inf |  65.97%
  320m|258700 |  1068 |121481k| 469.6 |   813M |  40 |1125 |1351 |3142 |1657k|  0 |  53k|  11 | 0.000000e+00 |      --      |    Inf |  66.02%
  320m|258800 |  1072 |121512k| 469.5 |   813M |  40 |1125 |1351 |3149 |1657k|  1 |  53k|  11 | 0.000000e+00 |      --      |    Inf |  66.31%
  320m|258900 |  1063 |121541k| 469.4 |   813M |  40 |1125 |1351 |3122 |1657k|  1 |  53k|  11 | 0.000000e+00 |      --      |    Inf |  66.89%
  320m|259000 |  1063 |121570k| 469.4 |   813M |  40 |1125 |1351 |3140 |1657k|  0 |  53k|  11 | 0.000000e+00 |      --      |    Inf |  67.17%
  320m|259100 |  1060 |121595k| 469.3 |   813M |  40 |1125 |1351 |3416 |1658k|  2 |  53k|  11 | 0.000000e+00 |      --      |    Inf |  67.24%
  320m|259200 |  1062 |121621k| 469.2 |   813M |  40 |1125 |1351 |3401 |1658k|  1 |  53k|  11 | 0.000000e+00 |      --      |    Inf |  67.24%
  320m|259300 |  1064 |121644k| 469.1 |   813M |  40 |1125 |1353 |   0 |1658k|  0 |  53k|  11 | 0.000000e+00 |      --      |    Inf |  67.24%
  320m|259400 |  1059 |121667k| 469.0 |   813M |  40 |1125 |1353 |3404 |1658k|  0 |  53k|  11 | 0.000000e+00 |      --      |    Inf |  67.24%
  320m|259500 |  1055 |121686k| 468.9 |   813M |  40 |1125 |1353 |3410 |1658k|  1 |  53k|  11 | 0.000000e+00 |      --      |    Inf |  67.24%
  320m|259600 |  1057 |121709k| 468.8 |   813M |  40 |1125 |1353 |3201 |1658k|  0 |  53k|  11 | 0.000000e+00 |      --      |    Inf |  67.24%
  320m|259700 |  1059 |121731k| 468.7 |   813M |  40 |1125 |1353 |3418 |1658k|  0 |  53k|  11 | 0.000000e+00 |      --      |    Inf |  67.24%
 time | node  | left  |LP iter|LP it/n|mem/heur|mdpt |vars |cons |rows |cuts |sepa|confs|strbr|  dualbound   | primalbound  |  gap   | compl. 
  321m|259800 |  1059 |121751k| 468.6 |   813M |  40 |1125 |1353 |   0 |1658k|  0 |  53k|  11 | 0.000000e+00 |      --      |    Inf |  67.24%
  321m|259900 |  1053 |121772k| 468.5 |   813M |  40 |1125 |1354 |3418 |1659k|  2 |  53k|  11 | 0.000000e+00 |      --      |    Inf |  67.24%
  321m|260000 |  1056 |121797k| 468.4 |   813M |  40 |1125 |1355 |2553 |1659k|  2 |  53k|  11 | 0.000000e+00 |      --      |    Inf |  67.25%
  321m|260100 |  1053 |121814k| 468.3 |   813M |  40 |1125 |1351 |3208 |1659k|  0 |  53k|  11 | 0.000000e+00 |      --      |    Inf |  67.29%
  321m|260200 |  1037 |121836k| 468.2 |   813M |  40 |1125 |1351 |4053 |1659k|  0 |  53k|  11 | 0.000000e+00 |      --      |    Inf |  67.35%
  321m|260300 |  1032 |121861k| 468.1 |   813M |  40 |1125 |1351 |3715 |1659k|  1 |  53k|  11 | 0.000000e+00 |      --      |    Inf |  67.42%
  321m|260400 |  1037 |121905k| 468.1 |   813M |  40 |1125 |1351 |   0 |1660k|  0 |  53k|  11 | 0.000000e+00 |      --      |    Inf |  67.42%
  321m|260500 |  1038 |121934k| 468.1 |   813M |  40 |1125 |1352 |   0 |1661k|  0 |  53k|  11 | 0.000000e+00 |      --      |    Inf |  67.42%
  321m|260600 |  1031 |121962k| 468.0 |   813M |  40 |1125 |1353 |2862 |1661k|  2 |  53k|  11 | 0.000000e+00 |      --      |    Inf |  67.43%
  321m|260700 |  1037 |121992k| 467.9 |   813M |  40 |1125 |1354 |   0 |1661k|  0 |  53k|  11 | 0.000000e+00 |      --      |    Inf |  67.43%
  321m|260800 |  1039 |122026k| 467.9 |   813M |  40 |1125 |1354 |2853 |1662k|  1 |  53k|  11 | 0.000000e+00 |      --      |    Inf |  67.43%
  321m|260900 |  1039 |122053k| 467.8 |   813M |  40 |1125 |1356 |2874 |1662k|  2 |  53k|  11 | 0.000000e+00 |      --      |    Inf |  67.43%
  321m|261000 |  1045 |122074k| 467.7 |   813M |  40 |1125 |1356 |2878 |1663k|  2 |  53k|  11 | 0.000000e+00 |      --      |    Inf |  67.43%
  321m|261100 |  1035 |122109k| 467.7 |   813M |  40 |1125 |1357 |   0 |1663k|  0 |  53k|  11 | 0.000000e+00 |      --      |    Inf |  67.43%
  321m|261200 |  1032 |122139k| 467.6 |   813M |  40 |1125 |1358 |2853 |1664k|  0 |  53k|  11 | 0.000000e+00 |      --      |    Inf |  67.43%
 time | node  | left  |LP iter|LP it/n|mem/heur|mdpt |vars |cons |rows |cuts |sepa|confs|strbr|  dualbound   | primalbound  |  gap   | compl. 
  321m|261300 |  1035 |122164k| 467.5 |   813M |  40 |1125 |1357 |   0 |1664k|  0 |  53k|  11 | 0.000000e+00 |      --      |    Inf |  67.43%
  321m|261400 |  1036 |122187k| 467.4 |   813M |  40 |1125 |1357 |2809 |1664k|  2 |  53k|  11 | 0.000000e+00 |      --      |    Inf |  67.56%
  321m|261500 |  1034 |122213k| 467.3 |   813M |  40 |1125 |1353 |3350 |1665k|  0 |  53k|  11 | 0.000000e+00 |      --      |    Inf |  67.56%
  321m|261600 |  1036 |122248k| 467.3 |   813M |  40 |1125 |1351 |2877 |1665k|  2 |  53k|  11 | 0.000000e+00 |      --      |    Inf |  67.57%
  321m|261700 |  1034 |122295k| 467.3 |   813M |  40 |1125 |1351 |3428 |1666k|  2 |  53k|  11 | 0.000000e+00 |      --      |    Inf |  67.57%
  322m|261800 |  1028 |122366k| 467.4 |   813M |  40 |1125 |1351 |2863 |1667k|  0 |  53k|  11 | 0.000000e+00 |      --      |    Inf |  67.59%
  322m|261900 |  1028 |122443k| 467.5 |   813M |  40 |1125 |1351 |2942 |1668k|  2 |  53k|  11 | 0.000000e+00 |      --      |    Inf |  67.61%
  322m|262000 |  1032 |122521k| 467.6 |   813M |  40 |1125 |1351 |3061 |1669k|  2 |  53k|  11 | 0.000000e+00 |      --      |    Inf |  67.61%
  322m|262100 |  1029 |122598k| 467.7 |   813M |  40 |1125 |1351 |3052 |1670k|  2 |  53k|  11 | 0.000000e+00 |      --      |    Inf |  67.61%
  322m|262200 |  1029 |122666k| 467.8 |   813M |  40 |1125 |1351 |3308 |1671k|  0 |  53k|  11 | 0.000000e+00 |      --      |    Inf |  67.61%
  322m|262300 |  1033 |122744k| 467.9 |   813M |  40 |1125 |1351 |3074 |1672k|  2 |  53k|  11 | 0.000000e+00 |      --      |    Inf |  67.62%
  322m|262400 |  1022 |122804k| 468.0 |   813M |  40 |1125 |1351 |3021 |1672k|  0 |  53k|  11 | 0.000000e+00 |      --      |    Inf |  67.64%
  322m|262500 |  1020 |122848k| 468.0 |   813M |  40 |1125 |1351 |2965 |1673k|  0 |  54k|  11 | 0.000000e+00 |      --      |    Inf |  67.68%
  322m|262600 |  1018 |122890k| 468.0 |   813M |  40 |1125 |1351 |2665 |1673k|  2 |  54k|  11 | 0.000000e+00 |      --      |    Inf |  67.70%
  323m|262700 |  1031 |122964k| 468.1 |   813M |  40 |1125 |1351 |3057 |1674k|  2 |  54k|  11 | 0.000000e+00 |      --      |    Inf |  67.85%
 time | node  | left  |LP iter|LP it/n|mem/heur|mdpt |vars |cons |rows |cuts |sepa|confs|strbr|  dualbound   | primalbound  |  gap   | compl. 
  323m|262800 |  1020 |123024k| 468.1 |   813M |  40 |1125 |1351 |3093 |1674k|  1 |  54k|  11 | 0.000000e+00 |      --      |    Inf |  67.90%
  323m|262900 |  1022 |123084k| 468.2 |   813M |  40 |1125 |1351 |3131 |1675k|  2 |  54k|  11 | 0.000000e+00 |      --      |    Inf |  67.91%
  323m|263000 |  1026 |123152k| 468.3 |   813M |  40 |1125 |1351 |3141 |1676k|  2 |  54k|  11 | 0.000000e+00 |      --      |    Inf |  67.92%
  323m|263100 |  1035 |123211k| 468.3 |   813M |  40 |1125 |1351 |3173 |1676k|  1 |  54k|  11 | 0.000000e+00 |      --      |    Inf |  67.92%
  323m|263200 |  1032 |123267k| 468.3 |   813M |  40 |1125 |1351 |3241 |1677k|  2 |  54k|  11 | 0.000000e+00 |      --      |    Inf |  67.92%
  323m|263300 |  1024 |123316k| 468.3 |   813M |  40 |1125 |1351 |3295 |1677k|  1 |  54k|  11 | 0.000000e+00 |      --      |    Inf |  67.92%
  323m|263400 |  1027 |123374k| 468.4 |   813M |  40 |1125 |1351 |3307 |1678k|  0 |  54k|  11 | 0.000000e+00 |      --      |    Inf |  67.92%
  323m|263500 |  1022 |123446k| 468.5 |   813M |  40 |1125 |1351 |3123 |1678k|  2 |  54k|  11 | 0.000000e+00 |      --      |    Inf |  67.93%
  323m|263600 |  1025 |123502k| 468.5 |   813M |  40 |1125 |1351 |3139 |1679k|  0 |  54k|  11 | 0.000000e+00 |      --      |    Inf |  67.93%
  324m|263700 |  1023 |123579k| 468.6 |   813M |  40 |1125 |1351 |3106 |1680k|  0 |  54k|  11 | 0.000000e+00 |      --      |    Inf |  67.94%
  324m|263800 |  1031 |123671k| 468.8 |   813M |  40 |1125 |1351 |3361 |1680k|  2 |  54k|  11 | 0.000000e+00 |      --      |    Inf |  67.95%
  324m|263900 |  1027 |123716k| 468.8 |   813M |  40 |1125 |1351 |   0 |1681k|  0 |  54k|  11 | 0.000000e+00 |      --      |    Inf |  67.95%
  324m|264000 |  1020 |123766k| 468.8 |   813M |  40 |1125 |1351 |3359 |1681k|  2 |  54k|  11 | 0.000000e+00 |      --      |    Inf |  67.95%
  324m|264100 |  1018 |123847k| 468.9 |   813M |  40 |1125 |1351 |3357 |1681k|  2 |  54k|  11 | 0.000000e+00 |      --      |    Inf |  67.96%
  324m|264200 |  1020 |123903k| 469.0 |   813M |  40 |1125 |1352 |3407 |1682k|  0 |  54k|  11 | 0.000000e+00 |      --      |    Inf |  67.96%
 time | node  | left  |LP iter|LP it/n|mem/heur|mdpt |vars |cons |rows |cuts |sepa|confs|strbr|  dualbound   | primalbound  |  gap   | compl. 
  324m|264300 |  1022 |123948k| 469.0 |   813M |  40 |1125 |1352 |3424 |1682k|  0 |  54k|  11 | 0.000000e+00 |      --      |    Inf |  67.96%
  324m|264400 |  1023 |124024k| 469.1 |   813M |  40 |1125 |1352 |   0 |1683k|  0 |  54k|  11 | 0.000000e+00 |      --      |    Inf |  67.96%
  324m|264500 |  1021 |124081k| 469.1 |   813M |  40 |1125 |1351 |3162 |1683k|  2 |  54k|  11 | 0.000000e+00 |      --      |    Inf |  67.97%
  325m|264600 |  1022 |124129k| 469.1 |   813M |  40 |1125 |1351 |   0 |1684k|  0 |  54k|  11 | 0.000000e+00 |      --      |    Inf |  67.97%
  325m|264700 |  1023 |124199k| 469.2 |   813M |  40 |1125 |1351 |   0 |1685k|  0 |  54k|  11 | 0.000000e+00 |      --      |    Inf |  67.98%
  325m|264800 |  1038 |124250k| 469.2 |   813M |  40 |1125 |1351 |3070 |1685k|  2 |  54k|  11 | 0.000000e+00 |      --      |    Inf |  67.99%
  325m|264900 |  1020 |124298k| 469.2 |   813M |  40 |1125 |1351 |2905 |1686k|  0 |  54k|  11 | 0.000000e+00 |      --      |    Inf |  68.01%
  325m|265000 |  1021 |124340k| 469.2 |   813M |  40 |1125 |1351 |2981 |1686k|  0 |  54k|  11 | 0.000000e+00 |      --      |    Inf |  68.01%
  325m|265100 |  1027 |124395k| 469.2 |   813M |  40 |1125 |1351 |   0 |1687k|  0 |  54k|  11 | 0.000000e+00 |      --      |    Inf |  68.04%
  325m|265200 |  1025 |124450k| 469.3 |   813M |  40 |1125 |1351 |   0 |1687k|  0 |  54k|  11 | 0.000000e+00 |      --      |    Inf |  68.04%
  325m|265300 |  1014 |124491k| 469.2 |   813M |  40 |1125 |1351 |   0 |1688k|  0 |  54k|  11 | 0.000000e+00 |      --      |    Inf |  68.05%
  325m|265400 |  1009 |124539k| 469.2 |   813M |  40 |1125 |1351 |2758 |1688k|  2 |  54k|  11 | 0.000000e+00 |      --      |    Inf |  68.16%
  325m|265500 |   996 |124587k| 469.2 |   813M |  40 |1125 |1351 |3243 |1689k|  2 |  54k|  11 | 0.000000e+00 |      --      |    Inf |  68.20%
  325m|265600 |   982 |124624k| 469.2 |   813M |  40 |1125 |1353 |3337 |1689k|  0 |  54k|  11 | 0.000000e+00 |      --      |    Inf |  68.35%
  325m|265700 |   984 |124679k| 469.2 |   813M |  40 |1125 |1353 |3052 |1690k|  2 |  54k|  11 | 0.000000e+00 |      --      |    Inf |  68.35%
 time | node  | left  |LP iter|LP it/n|mem/heur|mdpt |vars |cons |rows |cuts |sepa|confs|strbr|  dualbound   | primalbound  |  gap   | compl. 
  326m|265800 |   980 |124731k| 469.3 |   813M |  40 |1125 |1351 |3029 |1690k|  0 |  54k|  11 | 0.000000e+00 |      --      |    Inf |  68.35%
  326m|265900 |   982 |124781k| 469.3 |   813M |  40 |1125 |1351 |3179 |1691k|  2 |  54k|  11 | 0.000000e+00 |      --      |    Inf |  68.36%
  326m|266000 |   983 |124843k| 469.3 |   813M |  40 |1125 |1351 |2934 |1691k|  0 |  54k|  11 | 0.000000e+00 |      --      |    Inf |  68.43%
  326m|266100 |   974 |124890k| 469.3 |   813M |  40 |1125 |1351 |3214 |1692k|  0 |  54k|  11 | 0.000000e+00 |      --      |    Inf |  68.46%
  326m|266200 |   985 |124955k| 469.4 |   813M |  40 |1125 |1351 |3199 |1693k|  2 |  54k|  11 | 0.000000e+00 |      --      |    Inf |  68.53%
  326m|266300 |   979 |125036k| 469.5 |   814M |  40 |1125 |1351 |3944 |1693k|  2 |  54k|  11 | 0.000000e+00 |      --      |    Inf |  68.58%
  326m|266400 |   978 |125090k| 469.5 |   814M |  40 |1125 |1353 |3261 |1694k|  2 |  54k|  11 | 0.000000e+00 |      --      |    Inf |  68.70%
  326m|266500 |   983 |125137k| 469.5 |   814M |  40 |1125 |1353 |2807 |1695k|  2 |  54k|  11 | 0.000000e+00 |      --      |    Inf |  68.73%
  326m|266600 |   979 |125187k| 469.6 |   814M |  40 |1125 |1353 |3168 |1696k|  1 |  54k|  11 | 0.000000e+00 |      --      |    Inf |  68.75%
  326m|266700 |   989 |125236k| 469.6 |   814M |  40 |1125 |1353 |2764 |1697k|  2 |  54k|  11 | 0.000000e+00 |      --      |    Inf |  68.78%
  326m|266800 |   990 |125283k| 469.6 |   814M |  40 |1125 |1353 |3200 |1697k|  2 |  54k|  11 | 0.000000e+00 |      --      |    Inf |  68.81%
  327m|266900 |   989 |125355k| 469.7 |   814M |  40 |1125 |1352 |3925 |1698k|  0 |  54k|  11 | 0.000000e+00 |      --      |    Inf |  68.82%
  327m|267000 |   982 |125402k| 469.7 |   814M |  40 |1125 |1352 |   0 |1698k|  0 |  54k|  11 | 0.000000e+00 |      --      |    Inf |  68.82%
  327m|267100 |   980 |125459k| 469.7 |   815M |  40 |1125 |1352 |3921 |1698k|  0 |  54k|  11 | 0.000000e+00 |      --      |    Inf |  68.89%
  327m|267200 |   978 |125518k| 469.7 |   815M |  40 |1125 |1352 |3922 |1699k|  2 |  54k|  11 | 0.000000e+00 |      --      |    Inf |  68.89%
 time | node  | left  |LP iter|LP it/n|mem/heur|mdpt |vars |cons |rows |cuts |sepa|confs|strbr|  dualbound   | primalbound  |  gap   | compl. 
  327m|267300 |   981 |125575k| 469.8 |   815M |  40 |1125 |1352 |3957 |1699k|  1 |  54k|  11 | 0.000000e+00 |      --      |    Inf |  68.89%
  327m|267400 |   974 |125631k| 469.8 |   817M |  40 |1125 |1352 |3029 |1700k|  0 |  54k|  11 | 0.000000e+00 |      --      |    Inf |  68.90%
  327m|267500 |   966 |125701k| 469.9 |   817M |  40 |1125 |1352 |3058 |1700k|  0 |  54k|  11 | 0.000000e+00 |      --      |    Inf |  68.90%
  327m|267600 |   963 |125756k| 469.9 |   817M |  40 |1125 |1352 |2854 |1702k|  2 |  55k|  11 | 0.000000e+00 |      --      |    Inf |  69.02%
  327m|267700 |   956 |125826k| 470.0 |   817M |  40 |1125 |1354 |3553 |1702k|  1 |  55k|  11 | 0.000000e+00 |      --      |    Inf |  69.03%
  327m|267800 |   951 |125876k| 470.0 |   818M |  40 |1125 |1354 |2733 |1703k|  2 |  55k|  11 | 0.000000e+00 |      --      |    Inf |  69.06%
  328m|267900 |   959 |125930k| 470.1 |   818M |  40 |1125 |1353 |3339 |1704k|  1 |  55k|  11 | 0.000000e+00 |      --      |    Inf |  69.06%
  328m|268000 |   963 |125993k| 470.1 |   818M |  40 |1125 |1352 |3054 |1704k|  0 |  55k|  11 | 0.000000e+00 |      --      |    Inf |  69.06%
  328m|268100 |   956 |126106k| 470.4 |   818M |  40 |1125 |1352 |3330 |1705k|  0 |  55k|  11 | 0.000000e+00 |      --      |    Inf |  69.06%
  328m|268200 |   955 |126149k| 470.3 |   818M |  40 |1125 |1352 |3145 |1705k|  0 |  55k|  11 | 0.000000e+00 |      --      |    Inf |  69.06%
  328m|268300 |   949 |126205k| 470.4 |   818M |  40 |1125 |1352 |3721 |1706k|  0 |  55k|  11 | 0.000000e+00 |      --      |    Inf |  69.12%
  328m|268400 |   946 |126263k| 470.4 |   819M |  40 |1125 |1352 |3172 |1706k|  0 |  55k|  11 | 0.000000e+00 |      --      |    Inf |  69.12%
  328m|268500 |   938 |126309k| 470.4 |   819M |  40 |1125 |1352 |3093 |1706k|  2 |  55k|  11 | 0.000000e+00 |      --      |    Inf |  69.23%
  328m|268600 |   937 |126351k| 470.4 |   819M |  40 |1125 |1352 |   0 |1707k|  0 |  55k|  11 | 0.000000e+00 |      --      |    Inf |  69.31%
  328m|268700 |   936 |126383k| 470.3 |   819M |  40 |1125 |1351 |2560 |1708k|  0 |  55k|  11 | 0.000000e+00 |      --      |    Inf |  69.35%
 time | node  | left  |LP iter|LP it/n|mem/heur|mdpt |vars |cons |rows |cuts |sepa|confs|strbr|  dualbound   | primalbound  |  gap   | compl. 
  328m|268800 |   927 |126430k| 470.3 |   819M |  40 |1125 |1351 |   0 |1708k|  0 |  55k|  11 | 0.000000e+00 |      --      |    Inf |  69.37%
  328m|268900 |   930 |126477k| 470.3 |   819M |  40 |1125 |1351 |3240 |1709k|  2 |  55k|  11 | 0.000000e+00 |      --      |    Inf |  69.38%
  329m|269000 |   935 |126549k| 470.4 |   819M |  40 |1125 |1351 |2886 |1710k|  1 |  55k|  11 | 0.000000e+00 |      --      |    Inf |  69.40%
  329m|269100 |   931 |126620k| 470.5 |   819M |  40 |1125 |1351 |2838 |1711k|  2 |  55k|  11 | 0.000000e+00 |      --      |    Inf |  69.43%
  329m|269200 |   925 |126682k| 470.6 |   819M |  40 |1125 |1351 |3299 |1712k|  2 |  55k|  11 | 0.000000e+00 |      --      |    Inf |  69.45%
  329m|269300 |   920 |126744k| 470.6 |   819M |  40 |1125 |1351 |3040 |1712k|  0 |  55k|  11 | 0.000000e+00 |      --      |    Inf |  69.49%
  329m|269400 |   923 |126812k| 470.7 |   819M |  40 |1125 |1351 |3661 |1713k|  2 |  55k|  11 | 0.000000e+00 |      --      |    Inf |  69.51%
  329m|269500 |   921 |126875k| 470.8 |   819M |  40 |1125 |1352 |   0 |1713k|  0 |  55k|  11 | 0.000000e+00 |      --      |    Inf |  69.56%
  329m|269600 |   930 |126965k| 470.9 |   820M |  40 |1125 |1352 |3230 |1715k|  2 |  55k|  11 | 0.000000e+00 |      --      |    Inf |  69.61%
  329m|269700 |   928 |127051k| 471.1 |   820M |  40 |1125 |1350 |3206 |1716k|  0 |  55k|  11 | 0.000000e+00 |      --      |    Inf |  69.64%
  330m|269800 |   917 |127149k| 471.3 |   820M |  40 |1125 |1350 |2895 |1716k|  2 |  55k|  11 | 0.000000e+00 |      --      |    Inf |  69.67%
  330m|269900 |   917 |127244k| 471.4 |   820M |  40 |1125 |1350 |2977 |1718k|  2 |  55k|  11 | 0.000000e+00 |      --      |    Inf |  69.68%
  330m|270000 |   920 |127321k| 471.6 |   820M |  40 |1125 |1350 |3186 |1718k|  2 |  55k|  11 | 0.000000e+00 |      --      |    Inf |  69.70%
  330m|270100 |   915 |127354k| 471.5 |   820M |  40 |1125 |1350 |2591 |1719k|  0 |  55k|  11 | 0.000000e+00 |      --      |    Inf |  69.73%
  330m|270200 |   928 |127384k| 471.4 |   820M |  40 |1125 |1350 |2629 |1720k|  0 |  55k|  11 | 0.000000e+00 |      --      |    Inf |  69.74%
 time | node  | left  |LP iter|LP it/n|mem/heur|mdpt |vars |cons |rows |cuts |sepa|confs|strbr|  dualbound   | primalbound  |  gap   | compl. 
  330m|270300 |   928 |127407k| 471.3 |   820M |  40 |1125 |1350 |2593 |1720k|  2 |  55k|  11 | 0.000000e+00 |      --      |    Inf |  69.74%
  330m|270400 |   927 |127434k| 471.3 |   820M |  40 |1125 |1351 |3057 |1720k|  1 |  55k|  11 | 0.000000e+00 |      --      |    Inf |  69.74%
  330m|270500 |   921 |127467k| 471.2 |   820M |  40 |1125 |1351 |2597 |1721k|  0 |  55k|  11 | 0.000000e+00 |      --      |    Inf |  69.76%
  330m|270600 |   921 |127498k| 471.2 |   820M |  40 |1125 |1351 |2633 |1721k|  0 |  55k|  11 | 0.000000e+00 |      --      |    Inf |  69.76%
  330m|270700 |   924 |127512k| 471.0 |   820M |  40 |1125 |1351 |   0 |1721k|  0 |  55k|  11 | 0.000000e+00 |      --      |    Inf |  69.90%
  330m|270800 |   919 |127536k| 471.0 |   820M |  40 |1125 |1351 |3051 |1722k|  0 |  55k|  11 | 0.000000e+00 |      --      |    Inf |  69.96%
  330m|270900 |   909 |127557k| 470.9 |   820M |  40 |1125 |1351 |3729 |1722k|  1 |  55k|  11 | 0.000000e+00 |      --      |    Inf |  70.07%
  330m|271000 |   899 |127587k| 470.8 |   820M |  40 |1125 |1351 |3263 |1722k|  2 |  55k|  11 | 0.000000e+00 |      --      |    Inf |  70.10%
  330m|271100 |   879 |127609k| 470.7 |   820M |  40 |1125 |1351 |   0 |1722k|  0 |  55k|  11 | 0.000000e+00 |      --      |    Inf |  70.42%
  330m|271200 |   882 |127632k| 470.6 |   820M |  40 |1125 |1351 |2729 |1723k|  2 |  55k|  11 | 0.000000e+00 |      --      |    Inf |  70.44%
  331m|271300 |   882 |127665k| 470.6 |   820M |  40 |1125 |1351 |3322 |1723k|  0 |  55k|  11 | 0.000000e+00 |      --      |    Inf |  70.46%
  331m|271400 |   874 |127692k| 470.5 |   820M |  40 |1125 |1352 |3385 |1723k|  2 |  55k|  11 | 0.000000e+00 |      --      |    Inf |  70.50%
  331m|271500 |   879 |127731k| 470.5 |   820M |  40 |1125 |1351 |2576 |1724k|  2 |  55k|  11 | 0.000000e+00 |      --      |    Inf |  70.52%
  331m|271600 |   883 |127759k| 470.4 |   820M |  40 |1125 |1350 |3155 |1724k|  2 |  55k|  11 | 0.000000e+00 |      --      |    Inf |  70.61%
  331m|271700 |   876 |127789k| 470.3 |   820M |  40 |1125 |1350 |3258 |1724k|  0 |  55k|  11 | 0.000000e+00 |      --      |    Inf |  70.65%
 time | node  | left  |LP iter|LP it/n|mem/heur|mdpt |vars |cons |rows |cuts |sepa|confs|strbr|  dualbound   | primalbound  |  gap   | compl. 
  331m|271800 |   873 |127820k| 470.3 |   820M |  40 |1125 |1350 |2949 |1725k|  2 |  55k|  11 | 0.000000e+00 |      --      |    Inf |  71.02%
  331m|271900 |   882 |127849k| 470.2 |   820M |  40 |1125 |1350 |3154 |1725k|  0 |  55k|  11 | 0.000000e+00 |      --      |    Inf |  71.03%
  331m|272000 |   876 |127880k| 470.1 |   820M |  40 |1125 |1350 |3146 |1725k|  1 |  55k|  11 | 0.000000e+00 |      --      |    Inf |  71.03%
  331m|272100 |   866 |127909k| 470.1 |   820M |  40 |1125 |1350 |3678 |1725k|  0 |  55k|  11 | 0.000000e+00 |      --      |    Inf |  71.04%
  331m|272200 |   869 |127930k| 470.0 |   820M |  40 |1125 |1350 |3201 |1726k|  0 |  56k|  11 | 0.000000e+00 |      --      |    Inf |  71.05%
  331m|272300 |   868 |127957k| 469.9 |   820M |  40 |1125 |1350 |3171 |1726k|  2 |  56k|  11 | 0.000000e+00 |      --      |    Inf |  71.05%
  331m|272400 |   866 |127995k| 469.9 |   820M |  40 |1125 |1350 |3147 |1726k|  0 |  56k|  11 | 0.000000e+00 |      --      |    Inf |  71.06%
  331m|272500 |   866 |128023k| 469.8 |   820M |  40 |1125 |1350 |2763 |1726k|  0 |  56k|  11 | 0.000000e+00 |      --      |    Inf |  71.07%
  331m|272600 |   862 |128055k| 469.7 |   820M |  40 |1125 |1350 |3555 |1727k|  0 |  56k|  11 | 0.000000e+00 |      --      |    Inf |  71.08%
  331m|272700 |   862 |128080k| 469.7 |   820M |  40 |1125 |1350 |2547 |1727k|  2 |  56k|  11 | 0.000000e+00 |      --      |    Inf |  71.08%
  331m|272800 |   867 |128104k| 469.6 |   820M |  40 |1125 |1350 |2913 |1728k|  0 |  56k|  11 | 0.000000e+00 |      --      |    Inf |  71.11%
  331m|272900 |   866 |128126k| 469.5 |   820M |  40 |1125 |1350 |   0 |1728k|  0 |  56k|  11 | 0.000000e+00 |      --      |    Inf |  71.11%
  331m|273000 |   868 |128151k| 469.4 |   820M |  40 |1125 |1352 |2896 |1729k|  2 |  56k|  11 | 0.000000e+00 |      --      |    Inf |  71.11%
  331m|273100 |   859 |128174k| 469.3 |   820M |  40 |1125 |1353 |2713 |1729k|  2 |  56k|  11 | 0.000000e+00 |      --      |    Inf |  71.15%
  331m|273200 |   854 |128198k| 469.2 |   820M |  40 |1125 |1354 |2541 |1730k|  0 |  56k|  11 | 0.000000e+00 |      --      |    Inf |  71.20%
 time | node  | left  |LP iter|LP it/n|mem/heur|mdpt |vars |cons |rows |cuts |sepa|confs|strbr|  dualbound   | primalbound  |  gap   | compl. 
  332m|273300 |   854 |128231k| 469.2 |   820M |  40 |1125 |1351 |2569 |1730k|  0 |  56k|  11 | 0.000000e+00 |      --      |    Inf |  71.21%
  332m|273400 |   860 |128253k| 469.1 |   820M |  40 |1125 |1350 |2494 |1731k|  2 |  56k|  11 | 0.000000e+00 |      --      |    Inf |  71.22%
  332m|273500 |   849 |128276k| 469.0 |   820M |  40 |1125 |1350 |   0 |1731k|  0 |  56k|  11 | 0.000000e+00 |      --      |    Inf |  71.24%
  332m|273600 |   863 |128306k| 468.9 |   820M |  40 |1125 |1350 |2530 |1732k|  2 |  56k|  11 | 0.000000e+00 |      --      |    Inf |  71.25%
  332m|273700 |   866 |128328k| 468.9 |   820M |  40 |1125 |1351 |2803 |1732k|  2 |  56k|  11 | 0.000000e+00 |      --      |    Inf |  71.25%
  332m|273800 |   859 |128343k| 468.7 |   820M |  40 |1125 |1351 |2497 |1733k|  2 |  56k|  11 | 0.000000e+00 |      --      |    Inf |  71.26%
  332m|273900 |   857 |128364k| 468.6 |   820M |  40 |1125 |1352 |3212 |1733k|  0 |  56k|  11 | 0.000000e+00 |      --      |    Inf |  71.27%
  332m|274000 |   854 |128387k| 468.6 |   820M |  40 |1125 |1353 |2682 |1734k|  0 |  56k|  11 | 0.000000e+00 |      --      |    Inf |  71.29%
  332m|274100 |   853 |128415k| 468.5 |   820M |  40 |1125 |1353 |2586 |1734k|  2 |  56k|  11 | 0.000000e+00 |      --      |    Inf |  71.30%
  332m|274200 |   854 |128442k| 468.4 |   820M |  40 |1125 |1350 |2618 |1735k|  0 |  56k|  11 | 0.000000e+00 |      --      |    Inf |  71.31%
  332m|274300 |   847 |128471k| 468.4 |   820M |  40 |1125 |1350 |2698 |1735k|  2 |  56k|  11 | 0.000000e+00 |      --      |    Inf |  71.33%
  332m|274400 |   840 |128496k| 468.3 |   820M |  40 |1125 |1350 |   0 |1736k|  0 |  56k|  11 | 0.000000e+00 |      --      |    Inf |  71.34%
  332m|274500 |   843 |128523k| 468.2 |   820M |  40 |1125 |1350 |2957 |1736k|  2 |  56k|  11 | 0.000000e+00 |      --      |    Inf |  71.42%
  332m|274600 |   846 |128543k| 468.1 |   820M |  40 |1125 |1350 |3405 |1736k|  1 |  56k|  11 | 0.000000e+00 |      --      |    Inf |  71.43%
  332m|274700 |   841 |128574k| 468.0 |   820M |  40 |1125 |1350 |3125 |1736k|  2 |  56k|  11 | 0.000000e+00 |      --      |    Inf |  71.44%
 time | node  | left  |LP iter|LP it/n|mem/heur|mdpt |vars |cons |rows |cuts |sepa|confs|strbr|  dualbound   | primalbound  |  gap   | compl. 
  332m|274800 |   834 |128595k| 468.0 |   820M |  40 |1125 |1350 |   0 |1737k|  0 |  56k|  11 | 0.000000e+00 |      --      |    Inf |  71.53%
  332m|274900 |   829 |128619k| 467.9 |   820M |  40 |1125 |1350 |3058 |1737k|  2 |  56k|  11 | 0.000000e+00 |      --      |    Inf |  71.61%
  332m|275000 |   836 |128639k| 467.8 |   820M |  40 |1125 |1350 |3274 |1737k|  2 |  56k|  11 | 0.000000e+00 |      --      |    Inf |  71.62%
  332m|275100 |   839 |128665k| 467.7 |   820M |  40 |1125 |1350 |3268 |1737k|  1 |  56k|  11 | 0.000000e+00 |      --      |    Inf |  71.62%
  332m|275200 |   837 |128690k| 467.6 |   820M |  40 |1125 |1350 |3283 |1737k|  0 |  56k|  11 | 0.000000e+00 |      --      |    Inf |  71.62%
  332m|275300 |   836 |128723k| 467.6 |   820M |  40 |1125 |1350 |3281 |1737k|  0 |  56k|  11 | 0.000000e+00 |      --      |    Inf |  71.62%
  332m|275400 |   837 |128759k| 467.5 |   820M |  40 |1125 |1351 |   0 |1738k|  0 |  56k|  11 | 0.000000e+00 |      --      |    Inf |  71.62%
  332m|275500 |   835 |128787k| 467.5 |   820M |  40 |1125 |1351 |3296 |1738k|  0 |  56k|  11 | 0.000000e+00 |      --      |    Inf |  71.62%
  333m|275600 |   825 |128818k| 467.4 |   820M |  40 |1125 |1353 |2608 |1738k|  0 |  56k|  11 | 0.000000e+00 |      --      |    Inf |  71.62%
  333m|275700 |   827 |128839k| 467.3 |   820M |  40 |1125 |1352 |2583 |1738k|  0 |  56k|  11 | 0.000000e+00 |      --      |    Inf |  71.67%
  333m|275800 |   822 |128863k| 467.2 |   820M |  40 |1125 |1351 |3212 |1739k|  0 |  56k|  11 | 0.000000e+00 |      --      |    Inf |  71.69%
  333m|275900 |   823 |128893k| 467.2 |   820M |  40 |1125 |1351 |2967 |1739k|  2 |  56k|  11 | 0.000000e+00 |      --      |    Inf |  71.72%
  333m|276000 |   818 |128921k| 467.1 |   820M |  40 |1125 |1351 |2978 |1739k|  2 |  56k|  11 | 0.000000e+00 |      --      |    Inf |  71.73%
  333m|276100 |   819 |128946k| 467.0 |   820M |  40 |1125 |1351 |2973 |1739k|  2 |  56k|  11 | 0.000000e+00 |      --      |    Inf |  71.73%
  333m|276200 |   821 |128975k| 467.0 |   820M |  40 |1125 |1351 |3001 |1740k|  2 |  56k|  11 | 0.000000e+00 |      --      |    Inf |  71.74%
 time | node  | left  |LP iter|LP it/n|mem/heur|mdpt |vars |cons |rows |cuts |sepa|confs|strbr|  dualbound   | primalbound  |  gap   | compl. 
  333m|276300 |   823 |129002k| 466.9 |   820M |  40 |1125 |1351 |3001 |1740k|  1 |  56k|  11 | 0.000000e+00 |      --      |    Inf |  71.75%
  333m|276400 |   819 |129036k| 466.8 |   820M |  40 |1125 |1351 |2983 |1740k|  2 |  56k|  11 | 0.000000e+00 |      --      |    Inf |  71.75%
  333m|276500 |   812 |129067k| 466.8 |   820M |  40 |1125 |1351 |3139 |1740k|  2 |  56k|  11 | 0.000000e+00 |      --      |    Inf |  71.75%
  333m|276600 |   810 |129105k| 466.7 |   820M |  40 |1125 |1351 |2728 |1741k|  0 |  56k|  11 | 0.000000e+00 |      --      |    Inf |  71.76%
  333m|276700 |   808 |129132k| 466.7 |   820M |  40 |1125 |1351 |3300 |1741k|  0 |  56k|  11 | 0.000000e+00 |      --      |    Inf |  71.78%
  333m|276800 |   810 |129151k| 466.6 |   820M |  40 |1125 |1351 |2798 |1741k|  2 |  56k|  11 | 0.000000e+00 |      --      |    Inf |  71.78%
  333m|276900 |   814 |129176k| 466.5 |   820M |  40 |1125 |1351 |3475 |1741k|  0 |  56k|  11 | 0.000000e+00 |      --      |    Inf |  71.78%
  333m|277000 |   808 |129203k| 466.4 |   820M |  40 |1125 |1351 |2786 |1742k|  2 |  56k|  11 | 0.000000e+00 |      --      |    Inf |  71.79%
  333m|277100 |   809 |129231k| 466.4 |   820M |  40 |1125 |1351 |2815 |1742k|  0 |  56k|  11 | 0.000000e+00 |      --      |    Inf |  71.79%
  333m|277200 |   815 |129252k| 466.3 |   820M |  40 |1125 |1352 |3465 |1742k|  0 |  57k|  11 | 0.000000e+00 |      --      |    Inf |  71.79%
  333m|277300 |   811 |129276k| 466.2 |   820M |  40 |1125 |1352 |3463 |1742k|  0 |  57k|  11 | 0.000000e+00 |      --      |    Inf |  71.79%
  333m|277400 |   802 |129306k| 466.1 |   820M |  40 |1125 |1352 |2601 |1742k|  2 |  57k|  11 | 0.000000e+00 |      --      |    Inf |  71.82%
  333m|277500 |   799 |129333k| 466.1 |   820M |  40 |1125 |1352 |3432 |1743k|  0 |  57k|  11 | 0.000000e+00 |      --      |    Inf |  72.39%
  333m|277600 |   804 |129362k| 466.0 |   820M |  40 |1125 |1350 |3151 |1743k|  2 |  57k|  11 | 0.000000e+00 |      --      |    Inf |  72.52%
  333m|277700 |   806 |129383k| 465.9 |   820M |  40 |1125 |1350 |3129 |1743k|  1 |  57k|  11 | 0.000000e+00 |      --      |    Inf |  72.54%
 time | node  | left  |LP iter|LP it/n|mem/heur|mdpt |vars |cons |rows |cuts |sepa|confs|strbr|  dualbound   | primalbound  |  gap   | compl. 
  334m|277800 |   806 |129404k| 465.8 |   820M |  40 |1125 |1350 |3153 |1743k|  1 |  57k|  11 | 0.000000e+00 |      --      |    Inf |  72.54%
  334m|277900 |   806 |129430k| 465.7 |   820M |  40 |1125 |1349 |3157 |1743k|  2 |  57k|  11 | 0.000000e+00 |      --      |    Inf |  72.54%
  334m|278000 |   803 |129454k| 465.7 |   820M |  40 |1125 |1349 |2904 |1744k|  0 |  57k|  11 | 0.000000e+00 |      --      |    Inf |  72.56%
  334m|278100 |   803 |129481k| 465.6 |   820M |  40 |1125 |1348 |2992 |1744k|  1 |  57k|  11 | 0.000000e+00 |      --      |    Inf |  72.56%
  334m|278200 |   807 |129511k| 465.5 |   820M |  40 |1125 |1348 |3796 |1744k|  1 |  57k|  11 | 0.000000e+00 |      --      |    Inf |  72.56%
  334m|278300 |   807 |129533k| 465.4 |   820M |  40 |1125 |1348 |2971 |1744k|  2 |  57k|  11 | 0.000000e+00 |      --      |    Inf |  72.56%
  334m|278400 |   799 |129562k| 465.4 |   820M |  40 |1125 |1348 |2958 |1744k|  0 |  57k|  11 | 0.000000e+00 |      --      |    Inf |  72.56%
  334m|278500 |   811 |129591k| 465.3 |   820M |  40 |1125 |1349 |3719 |1745k|  1 |  57k|  11 | 0.000000e+00 |      --      |    Inf |  72.57%
  334m|278600 |   805 |129615k| 465.2 |   820M |  40 |1125 |1348 |3719 |1745k|  1 |  57k|  11 | 0.000000e+00 |      --      |    Inf |  72.59%
  334m|278700 |   808 |129634k| 465.1 |   820M |  40 |1125 |1348 |3731 |1745k|  0 |  57k|  11 | 0.000000e+00 |      --      |    Inf |  72.59%
  334m|278800 |   814 |129655k| 465.0 |   820M |  40 |1125 |1348 |3727 |1745k|  1 |  57k|  11 | 0.000000e+00 |      --      |    Inf |  72.59%
  334m|278900 |   814 |129669k| 464.9 |   820M |  40 |1125 |1348 |3732 |1745k|  1 |  57k|  11 | 0.000000e+00 |      --      |    Inf |  72.59%
  334m|279000 |   811 |129686k| 464.8 |   820M |  40 |1125 |1348 |   0 |1745k|  0 |  57k|  11 | 0.000000e+00 |      --      |    Inf |  72.59%
  334m|279100 |   815 |129699k| 464.7 |   820M |  40 |1125 |1348 |3732 |1745k|  1 |  57k|  11 | 0.000000e+00 |      --      |    Inf |  72.59%
  334m|279200 |   808 |129708k| 464.6 |   820M |  40 |1125 |1349 |3732 |1745k|  1 |  57k|  11 | 0.000000e+00 |      --      |    Inf |  72.59%
 time | node  | left  |LP iter|LP it/n|mem/heur|mdpt |vars |cons |rows |cuts |sepa|confs|strbr|  dualbound   | primalbound  |  gap   | compl. 
  334m|279300 |   815 |129723k| 464.4 |   820M |  40 |1125 |1349 |   0 |1746k|  0 |  57k|  11 | 0.000000e+00 |      --      |    Inf |  72.59%
  334m|279400 |   805 |129744k| 464.4 |   820M |  40 |1125 |1349 |3733 |1746k|  0 |  57k|  11 | 0.000000e+00 |      --      |    Inf |  72.61%
  334m|279500 |   818 |129762k| 464.3 |   820M |  40 |1125 |1349 |3744 |1746k|  0 |  57k|  11 | 0.000000e+00 |      --      |    Inf |  72.61%
  334m|279600 |   809 |129779k| 464.2 |   820M |  40 |1125 |1350 |3731 |1746k|  2 |  57k|  11 | 0.000000e+00 |      --      |    Inf |  72.61%
  334m|279700 |   806 |129807k| 464.1 |   821M |  40 |1125 |1350 |3729 |1746k|  2 |  57k|  11 | 0.000000e+00 |      --      |    Inf |  72.61%
  334m|279800 |   802 |129832k| 464.0 |   821M |  40 |1125 |1350 |3744 |1746k|  0 |  57k|  11 | 0.000000e+00 |      --      |    Inf |  72.62%
  334m|279900 |   810 |129849k| 463.9 |   821M |  40 |1125 |1350 |3736 |1746k|  1 |  57k|  11 | 0.000000e+00 |      --      |    Inf |  72.62%
  334m|280000 |   805 |129873k| 463.8 |   821M |  40 |1125 |1349 |3754 |1746k|  2 |  57k|  11 | 0.000000e+00 |      --      |    Inf |  72.62%
  334m|280100 |   820 |129892k| 463.7 |   821M |  40 |1125 |1349 |3739 |1746k|  0 |  57k|  11 | 0.000000e+00 |      --      |    Inf |  72.62%
  334m|280200 |   814 |129913k| 463.6 |   822M |  40 |1125 |1349 |3740 |1746k|  0 |  57k|  11 | 0.000000e+00 |      --      |    Inf |  72.62%
  334m|280300 |   814 |129944k| 463.6 |   822M |  40 |1125 |1349 |3739 |1747k|  0 |  57k|  11 | 0.000000e+00 |      --      |    Inf |  72.62%
  335m|280400 |   818 |129970k| 463.5 |   822M |  40 |1125 |1349 |3738 |1747k|  0 |  57k|  11 | 0.000000e+00 |      --      |    Inf |  72.62%
  335m|280500 |   814 |129997k| 463.4 |   822M |  40 |1125 |1349 |3742 |1747k|  1 |  57k|  11 | 0.000000e+00 |      --      |    Inf |  72.62%
  335m|280600 |   816 |130028k| 463.4 |   822M |  40 |1125 |1349 |3739 |1747k|  0 |  57k|  11 | 0.000000e+00 |      --      |    Inf |  72.63%
  335m|280700 |   814 |130060k| 463.3 |   822M |  40 |1125 |1349 |   0 |1747k|  0 |  57k|  11 | 0.000000e+00 |      --      |    Inf |  72.63%
 time | node  | left  |LP iter|LP it/n|mem/heur|mdpt |vars |cons |rows |cuts |sepa|confs|strbr|  dualbound   | primalbound  |  gap   | compl. 
  335m|280800 |   810 |130089k| 463.3 |   822M |  40 |1125 |1349 |   0 |1747k|  0 |  57k|  11 | 0.000000e+00 |      --      |    Inf |  72.63%
  335m|280900 |   810 |130118k| 463.2 |   822M |  40 |1125 |1349 |3752 |1747k|  1 |  57k|  11 | 0.000000e+00 |      --      |    Inf |  72.63%
  335m|281000 |   800 |130151k| 463.2 |   822M |  40 |1125 |1349 |3600 |1747k|  0 |  57k|  11 | 0.000000e+00 |      --      |    Inf |  72.64%
  335m|281100 |   806 |130172k| 463.1 |   822M |  40 |1125 |1349 |3935 |1748k|  1 |  57k|  11 | 0.000000e+00 |      --      |    Inf |  72.64%
  335m|281200 |   800 |130190k| 463.0 |   822M |  40 |1125 |1349 |2634 |1748k|  0 |  57k|  11 | 0.000000e+00 |      --      |    Inf |  72.64%
  335m|281300 |   806 |130215k| 462.9 |   822M |  40 |1125 |1348 |3747 |1748k|  2 |  57k|  11 | 0.000000e+00 |      --      |    Inf |  72.64%
  335m|281400 |   805 |130244k| 462.8 |   822M |  40 |1125 |1348 |3758 |1748k|  0 |  57k|  11 | 0.000000e+00 |      --      |    Inf |  72.64%
  335m|281500 |   812 |130260k| 462.7 |   822M |  40 |1125 |1348 |3743 |1748k|  0 |  57k|  11 | 0.000000e+00 |      --      |    Inf |  72.64%
  335m|281600 |   806 |130276k| 462.6 |   822M |  40 |1125 |1348 |3749 |1748k|  0 |  57k|  11 | 0.000000e+00 |      --      |    Inf |  72.64%
  335m|281700 |   805 |130302k| 462.5 |   822M |  40 |1125 |1348 |3739 |1748k|  1 |  57k|  11 | 0.000000e+00 |      --      |    Inf |  72.65%
  335m|281800 |   799 |130326k| 462.5 |   822M |  40 |1125 |1348 |3744 |1748k|  0 |  57k|  11 | 0.000000e+00 |      --      |    Inf |  72.65%
  335m|281900 |   807 |130357k| 462.4 |   822M |  40 |1125 |1348 |3742 |1749k|  1 |  57k|  11 | 0.000000e+00 |      --      |    Inf |  72.65%
  335m|282000 |   800 |130387k| 462.4 |   824M |  40 |1125 |1348 |4046 |1749k|  0 |  57k|  11 | 0.000000e+00 |      --      |    Inf |  72.66%
  335m|282100 |   808 |130407k| 462.3 |   824M |  40 |1125 |1348 |3738 |1749k|  0 |  57k|  11 | 0.000000e+00 |      --      |    Inf |  72.66%
  335m|282200 |   799 |130438k| 462.2 |   824M |  40 |1125 |1348 |2744 |1749k|  2 |  57k|  11 | 0.000000e+00 |      --      |    Inf |  72.73%
 time | node  | left  |LP iter|LP it/n|mem/heur|mdpt |vars |cons |rows |cuts |sepa|confs|strbr|  dualbound   | primalbound  |  gap   | compl. 
  335m|282300 |   803 |130458k| 462.1 |   824M |  40 |1125 |1348 |2784 |1749k|  2 |  57k|  11 | 0.000000e+00 |      --      |    Inf |  72.79%
  335m|282400 |   801 |130477k| 462.0 |   824M |  40 |1125 |1348 |3177 |1750k|  1 |  57k|  11 | 0.000000e+00 |      --      |    Inf |  72.79%
  335m|282500 |   799 |130501k| 461.9 |   824M |  40 |1125 |1348 |2773 |1750k|  0 |  58k|  11 | 0.000000e+00 |      --      |    Inf |  72.84%
  336m|282600 |   794 |130548k| 461.9 |   824M |  40 |1125 |1348 |3250 |1751k|  0 |  58k|  11 | 0.000000e+00 |      --      |    Inf |  72.97%
  336m|282700 |   802 |130599k| 462.0 |   824M |  40 |1125 |1348 |   0 |1751k|  0 |  58k|  11 | 0.000000e+00 |      --      |    Inf |  73.01%
  336m|282800 |   799 |130640k| 461.9 |   824M |  40 |1125 |1348 |3908 |1751k|  1 |  58k|  11 | 0.000000e+00 |      --      |    Inf |  73.04%
  336m|282900 |   804 |130685k| 461.9 |   824M |  40 |1125 |1349 |3912 |1751k|  1 |  58k|  11 | 0.000000e+00 |      --      |    Inf |  73.04%
  336m|283000 |   800 |130729k| 461.9 |   824M |  40 |1125 |1349 |3606 |1751k|  0 |  58k|  11 | 0.000000e+00 |      --      |    Inf |  73.04%
  336m|283100 |   802 |130793k| 462.0 |   824M |  40 |1125 |1348 |3302 |1752k|  2 |  58k|  11 | 0.000000e+00 |      --      |    Inf |  73.06%
  336m|283200 |   805 |130912k| 462.3 |   825M |  40 |1125 |1349 |3363 |1753k|  2 |  58k|  11 | 0.000000e+00 |      --      |    Inf |  73.06%
  336m|283300 |   804 |130985k| 462.3 |   825M |  40 |1125 |1349 |3623 |1753k|  0 |  58k|  11 | 0.000000e+00 |      --      |    Inf |  73.06%
  336m|283400 |   799 |131041k| 462.4 |   825M |  40 |1125 |1349 |3620 |1753k|  0 |  58k|  11 | 0.000000e+00 |      --      |    Inf |  73.06%
  337m|283500 |   797 |131111k| 462.5 |   825M |  40 |1125 |1349 |   0 |1754k|  0 |  58k|  11 | 0.000000e+00 |      --      |    Inf |  73.07%
  337m|283600 |   793 |131156k| 462.5 |   825M |  40 |1125 |1349 |   0 |1754k|  0 |  58k|  11 | 0.000000e+00 |      --      |    Inf |  73.08%
  337m|283700 |   800 |131215k| 462.5 |   826M |  40 |1125 |1348 |3968 |1754k|  0 |  58k|  11 | 0.000000e+00 |      --      |    Inf |  73.08%
 time | node  | left  |LP iter|LP it/n|mem/heur|mdpt |vars |cons |rows |cuts |sepa|confs|strbr|  dualbound   | primalbound  |  gap   | compl. 
  337m|283800 |   801 |131257k| 462.5 |   826M |  40 |1125 |1350 |3969 |1754k|  1 |  58k|  11 | 0.000000e+00 |      --      |    Inf |  73.09%
  337m|283900 |   798 |131301k| 462.5 |   826M |  40 |1125 |1350 |3630 |1754k|  0 |  58k|  11 | 0.000000e+00 |      --      |    Inf |  73.09%
  337m|284000 |   791 |131352k| 462.5 |   827M |  40 |1125 |1348 |3146 |1754k|  0 |  58k|  11 | 0.000000e+00 |      --      |    Inf |  73.11%
  337m|284100 |   793 |131417k| 462.6 |   827M |  40 |1125 |1348 |   0 |1756k|  0 |  58k|  11 | 0.000000e+00 |      --      |    Inf |  73.11%
  337m|284200 |   798 |131469k| 462.6 |   827M |  40 |1125 |1348 |3072 |1757k|  1 |  58k|  11 | 0.000000e+00 |      --      |    Inf |  73.40%
  337m|284300 |   796 |131511k| 462.6 |   827M |  40 |1125 |1348 |3107 |1757k|  2 |  58k|  11 | 0.000000e+00 |      --      |    Inf |  73.45%
  337m|284400 |   798 |131558k| 462.6 |   827M |  40 |1125 |1348 |2769 |1758k|  0 |  58k|  11 | 0.000000e+00 |      --      |    Inf |  73.48%
  337m|284500 |   797 |131607k| 462.6 |   827M |  40 |1125 |1348 |2720 |1759k|  0 |  58k|  11 | 0.000000e+00 |      --      |    Inf |  73.50%
  337m|284600 |   807 |131656k| 462.6 |   827M |  40 |1125 |1348 |2819 |1760k|  2 |  58k|  11 | 0.000000e+00 |      --      |    Inf |  73.50%
  338m|284700 |   801 |131701k| 462.6 |   827M |  40 |1125 |1348 |2806 |1760k|  1 |  58k|  11 | 0.000000e+00 |      --      |    Inf |  73.51%
  338m|284800 |   791 |131741k| 462.6 |   827M |  40 |1125 |1348 |3736 |1760k|  0 |  58k|  11 | 0.000000e+00 |      --      |    Inf |  73.52%
  338m|284900 |   787 |131793k| 462.6 |   828M |  40 |1125 |1348 |3082 |1761k|  0 |  58k|  11 | 0.000000e+00 |      --      |    Inf |  73.56%
  338m|285000 |   781 |131871k| 462.7 |   828M |  40 |1125 |1348 |3130 |1762k|  2 |  58k|  11 | 0.000000e+00 |      --      |    Inf |  73.58%
  338m|285100 |   782 |131927k| 462.7 |   828M |  40 |1125 |1349 |3107 |1762k|  2 |  58k|  11 | 0.000000e+00 |      --      |    Inf |  73.62%
  338m|285200 |   776 |131997k| 462.8 |   828M |  40 |1125 |1349 |3216 |1763k|  0 |  58k|  11 | 0.000000e+00 |      --      |    Inf |  73.64%
 time | node  | left  |LP iter|LP it/n|mem/heur|mdpt |vars |cons |rows |cuts |sepa|confs|strbr|  dualbound   | primalbound  |  gap   | compl. 
  338m|285300 |   775 |132084k| 463.0 |   828M |  40 |1125 |1348 |3306 |1763k|  2 |  58k|  11 | 0.000000e+00 |      --      |    Inf |  73.65%
  338m|285400 |   777 |132149k| 463.0 |   828M |  40 |1125 |1347 |3214 |1764k|  2 |  58k|  11 | 0.000000e+00 |      --      |    Inf |  73.65%
  338m|285500 |   775 |132226k| 463.1 |   828M |  40 |1125 |1349 |3460 |1764k|  0 |  58k|  11 | 0.000000e+00 |      --      |    Inf |  73.65%
  339m|285600 |   777 |132303k| 463.2 |   828M |  40 |1125 |1350 |3292 |1764k|  2 |  58k|  11 | 0.000000e+00 |      --      |    Inf |  73.65%
  339m|285700 |   781 |132409k| 463.4 |   828M |  40 |1125 |1351 |3313 |1765k|  2 |  58k|  11 | 0.000000e+00 |      --      |    Inf |  73.65%
  339m|285800 |   775 |132516k| 463.7 |   828M |  40 |1125 |1350 |3311 |1766k|  2 |  58k|  11 | 0.000000e+00 |      --      |    Inf |  73.66%
  339m|285900 |   772 |132574k| 463.7 |   829M |  40 |1125 |1349 |4144 |1766k|  1 |  58k|  11 | 0.000000e+00 |      --      |    Inf |  73.66%
  339m|286000 |   768 |132623k| 463.7 |   830M |  40 |1125 |1347 |4147 |1766k|  0 |  58k|  11 | 0.000000e+00 |      --      |    Inf |  73.66%
  339m|286100 |   758 |132684k| 463.8 |   830M |  40 |1125 |1347 |2768 |1766k|  2 |  58k|  11 | 0.000000e+00 |      --      |    Inf |  73.69%
  339m|286200 |   751 |132736k| 463.8 |   830M |  40 |1125 |1347 |3429 |1767k|  0 |  58k|  11 | 0.000000e+00 |      --      |    Inf |  73.72%
  339m|286300 |   752 |132787k| 463.8 |   830M |  40 |1125 |1347 |3457 |1767k|  0 |  58k|  11 | 0.000000e+00 |      --      |    Inf |  73.72%
  340m|286400 |   748 |132835k| 463.8 |   830M |  40 |1125 |1347 |2744 |1768k|  0 |  58k|  11 | 0.000000e+00 |      --      |    Inf |  73.73%
  340m|286500 |   750 |132889k| 463.8 |   830M |  40 |1125 |1347 |3070 |1768k|  0 |  58k|  11 | 0.000000e+00 |      --      |    Inf |  73.77%
  340m|286600 |   739 |132946k| 463.9 |   830M |  40 |1125 |1347 |   0 |1769k|  0 |  58k|  11 | 0.000000e+00 |      --      |    Inf |  73.85%
  340m|286700 |   734 |133002k| 463.9 |   830M |  40 |1125 |1347 |2759 |1770k|  2 |  58k|  11 | 0.000000e+00 |      --      |    Inf |  73.86%
 time | node  | left  |LP iter|LP it/n|mem/heur|mdpt |vars |cons |rows |cuts |sepa|confs|strbr|  dualbound   | primalbound  |  gap   | compl. 
  340m|286800 |   731 |133062k| 463.9 |   830M |  40 |1125 |1347 |4252 |1770k|  1 |  58k|  11 | 0.000000e+00 |      --      |    Inf |  73.93%
  340m|286900 |   727 |133145k| 464.1 |   833M |  40 |1125 |1348 |3463 |1771k|  2 |  58k|  11 | 0.000000e+00 |      --      |    Inf |  73.94%
  340m|287000 |   720 |133210k| 464.1 |   833M |  40 |1125 |1347 |2727 |1772k|  2 |  58k|  11 | 0.000000e+00 |      --      |    Inf |  73.97%
  340m|287100 |   734 |133274k| 464.2 |   833M |  40 |1125 |1347 |3080 |1773k|  2 |  58k|  11 | 0.000000e+00 |      --      |    Inf |  73.97%
  340m|287200 |   735 |133329k| 464.2 |   833M |  40 |1125 |1348 |3043 |1774k|  2 |  58k|  11 | 0.000000e+00 |      --      |    Inf |  73.97%
  341m|287300 |   734 |133387k| 464.3 |   833M |  40 |1125 |1348 |3051 |1774k|  2 |  58k|  11 | 0.000000e+00 |      --      |    Inf |  73.97%
  341m|287400 |   729 |133447k| 464.3 |   833M |  40 |1125 |1348 |3097 |1775k|  2 |  58k|  11 | 0.000000e+00 |      --      |    Inf |  73.98%
  341m|287500 |   731 |133489k| 464.3 |   833M |  40 |1125 |1348 |3149 |1776k|  2 |  59k|  11 | 0.000000e+00 |      --      |    Inf |  73.98%
  341m|287600 |   728 |133543k| 464.3 |   833M |  40 |1125 |1348 |2931 |1777k|  2 |  59k|  11 | 0.000000e+00 |      --      |    Inf |  73.99%
  341m|287700 |   727 |133629k| 464.5 |   833M |  40 |1125 |1348 |3296 |1778k|  0 |  59k|  11 | 0.000000e+00 |      --      |    Inf |  73.99%
  341m|287800 |   740 |133717k| 464.6 |   833M |  40 |1125 |1348 |3322 |1778k|  0 |  59k|  11 | 0.000000e+00 |      --      |    Inf |  73.99%
  341m|287900 |   720 |133786k| 464.7 |   833M |  40 |1125 |1348 |3768 |1779k|  0 |  59k|  11 | 0.000000e+00 |      --      |    Inf |  74.04%
  341m|288000 |   723 |133835k| 464.7 |   833M |  40 |1125 |1348 |3459 |1779k|  0 |  59k|  11 | 0.000000e+00 |      --      |    Inf |  74.04%
  341m|288100 |   714 |133889k| 464.7 |   833M |  40 |1125 |1348 |2671 |1780k|  2 |  59k|  11 | 0.000000e+00 |      --      |    Inf |  74.09%
  341m|288200 |   715 |133931k| 464.7 |   833M |  40 |1125 |1348 |3074 |1780k|  2 |  59k|  11 | 0.000000e+00 |      --      |    Inf |  74.13%
 time | node  | left  |LP iter|LP it/n|mem/heur|mdpt |vars |cons |rows |cuts |sepa|confs|strbr|  dualbound   | primalbound  |  gap   | compl. 
  342m|288300 |   712 |133980k| 464.7 |   833M |  40 |1125 |1347 |3075 |1781k|  2 |  59k|  11 | 0.000000e+00 |      --      |    Inf |  74.14%
  342m|288400 |   704 |134038k| 464.8 |   833M |  40 |1125 |1347 |3168 |1781k|  2 |  59k|  11 | 0.000000e+00 |      --      |    Inf |  74.15%
  342m|288500 |   702 |134103k| 464.8 |   833M |  40 |1125 |1347 |3225 |1782k|  2 |  59k|  11 | 0.000000e+00 |      --      |    Inf |  74.16%
  342m|288600 |   697 |134150k| 464.8 |   833M |  40 |1125 |1347 |3113 |1782k|  0 |  59k|  11 | 0.000000e+00 |      --      |    Inf |  74.16%
  342m|288700 |   701 |134195k| 464.8 |   833M |  40 |1125 |1348 |3333 |1783k|  1 |  59k|  11 | 0.000000e+00 |      --      |    Inf |  74.19%
  342m|288800 |   702 |134261k| 464.9 |   833M |  40 |1125 |1347 |3308 |1784k|  2 |  59k|  11 | 0.000000e+00 |      --      |    Inf |  74.19%
  342m|288900 |   705 |134326k| 464.9 |   833M |  40 |1125 |1347 |3313 |1784k|  0 |  59k|  11 | 0.000000e+00 |      --      |    Inf |  74.21%
  342m|289000 |   703 |134371k| 464.9 |   833M |  40 |1125 |1347 |3329 |1784k|  2 |  59k|  11 | 0.000000e+00 |      --      |    Inf |  74.21%
  342m|289100 |   708 |134410k| 464.9 |   833M |  40 |1125 |1347 |3266 |1784k|  2 |  59k|  11 | 0.000000e+00 |      --      |    Inf |  74.21%
  342m|289200 |   709 |134451k| 464.9 |   833M |  40 |1125 |1347 |   0 |1785k|  0 |  59k|  11 | 0.000000e+00 |      --      |    Inf |  74.21%
  342m|289300 |   702 |134509k| 464.9 |   833M |  40 |1125 |1347 |3427 |1785k|  0 |  59k|  11 | 0.000000e+00 |      --      |    Inf |  74.21%
  342m|289400 |   704 |134566k| 465.0 |   833M |  40 |1125 |1348 |   0 |1785k|  0 |  59k|  11 | 0.000000e+00 |      --      |    Inf |  74.21%
  343m|289500 |   702 |134607k| 465.0 |   833M |  40 |1125 |1348 |3358 |1786k|  1 |  59k|  11 | 0.000000e+00 |      --      |    Inf |  74.21%
  343m|289600 |   707 |134670k| 465.0 |   833M |  40 |1125 |1348 |3355 |1786k|  2 |  59k|  11 | 0.000000e+00 |      --      |    Inf |  74.21%
  343m|289700 |   703 |134742k| 465.1 |   833M |  40 |1125 |1348 |   0 |1787k|  0 |  59k|  11 | 0.000000e+00 |      --      |    Inf |  74.21%
 time | node  | left  |LP iter|LP it/n|mem/heur|mdpt |vars |cons |rows |cuts |sepa|confs|strbr|  dualbound   | primalbound  |  gap   | compl. 
  343m|289800 |   705 |134800k| 465.1 |   833M |  40 |1125 |1348 |3287 |1787k|  3 |  59k|  11 | 0.000000e+00 |      --      |    Inf |  74.21%
  343m|289900 |   703 |134845k| 465.1 |   833M |  40 |1125 |1348 |   0 |1787k|  0 |  59k|  11 | 0.000000e+00 |      --      |    Inf |  74.21%
  343m|290000 |   708 |134903k| 465.2 |   833M |  40 |1125 |1348 |3341 |1788k|  1 |  59k|  11 | 0.000000e+00 |      --      |    Inf |  74.21%
  343m|290100 |   703 |134959k| 465.2 |   833M |  40 |1125 |1348 |3358 |1788k|  0 |  59k|  11 | 0.000000e+00 |      --      |    Inf |  74.21%
  343m|290200 |   707 |135019k| 465.3 |   833M |  40 |1125 |1347 |3494 |1788k|  1 |  59k|  11 | 0.000000e+00 |      --      |    Inf |  74.21%
  343m|290300 |   703 |135063k| 465.2 |   833M |  40 |1125 |1347 |3465 |1788k|  0 |  59k|  11 | 0.000000e+00 |      --      |    Inf |  74.21%
  343m|290400 |   704 |135115k| 465.3 |   833M |  40 |1125 |1348 |2938 |1789k|  0 |  59k|  11 | 0.000000e+00 |      --      |    Inf |  74.21%
  344m|290500 |   699 |135180k| 465.3 |   833M |  40 |1125 |1347 |2584 |1790k|  2 |  59k|  11 | 0.000000e+00 |      --      |    Inf |  74.28%
  344m|290600 |   702 |135246k| 465.4 |   833M |  40 |1125 |1347 |3326 |1791k|  0 |  59k|  11 | 0.000000e+00 |      --      |    Inf |  74.31%
  344m|290700 |   710 |135304k| 465.4 |   833M |  40 |1125 |1347 |3074 |1791k|  0 |  59k|  11 | 0.000000e+00 |      --      |    Inf |  74.31%
  344m|290800 |   703 |135360k| 465.5 |   833M |  40 |1125 |1347 |3107 |1792k|  0 |  59k|  11 | 0.000000e+00 |      --      |    Inf |  74.31%
  344m|290900 |   704 |135429k| 465.5 |   833M |  40 |1125 |1347 |3159 |1792k|  2 |  59k|  11 | 0.000000e+00 |      --      |    Inf |  74.31%
  344m|291000 |   704 |135493k| 465.6 |   833M |  40 |1125 |1348 |3291 |1793k|  2 |  59k|  11 | 0.000000e+00 |      --      |    Inf |  74.31%
  344m|291100 |   704 |135575k| 465.7 |   833M |  40 |1125 |1348 |3257 |1794k|  2 |  59k|  11 | 0.000000e+00 |      --      |    Inf |  74.31%
  344m|291200 |   699 |135633k| 465.8 |   833M |  40 |1125 |1348 |3101 |1794k|  2 |  59k|  11 | 0.000000e+00 |      --      |    Inf |  74.31%
 time | node  | left  |LP iter|LP it/n|mem/heur|mdpt |vars |cons |rows |cuts |sepa|confs|strbr|  dualbound   | primalbound  |  gap   | compl. 
  344m|291300 |   691 |135683k| 465.8 |   834M |  40 |1125 |1348 |   0 |1795k|  0 |  59k|  11 | 0.000000e+00 |      --      |    Inf |  74.35%
  344m|291400 |   695 |135728k| 465.8 |   834M |  40 |1125 |1348 |3216 |1795k|  2 |  59k|  11 | 0.000000e+00 |      --      |    Inf |  74.36%
  345m|291500 |   690 |135785k| 465.8 |   834M |  40 |1125 |1348 |   0 |1796k|  0 |  59k|  11 | 0.000000e+00 |      --      |    Inf |  74.38%
  345m|291600 |   692 |135849k| 465.9 |   834M |  40 |1125 |1348 |3292 |1797k|  2 |  59k|  11 | 0.000000e+00 |      --      |    Inf |  74.39%
  345m|291700 |   688 |135954k| 466.1 |   834M |  40 |1125 |1347 |3327 |1797k|  0 |  59k|  11 | 0.000000e+00 |      --      |    Inf |  74.39%
  345m|291800 |   699 |136072k| 466.3 |   834M |  40 |1125 |1347 |3311 |1798k|  2 |  59k|  11 | 0.000000e+00 |      --      |    Inf |  74.39%
  345m|291900 |   695 |136182k| 466.5 |   834M |  40 |1125 |1347 |3368 |1798k|  2 |  59k|  11 | 0.000000e+00 |      --      |    Inf |  74.40%
  345m|292000 |   693 |136279k| 466.7 |   834M |  40 |1125 |1347 |3337 |1799k|  2 |  59k|  11 | 0.000000e+00 |      --      |    Inf |  74.40%
  346m|292100 |   690 |136390k| 466.9 |   834M |  40 |1125 |1347 |3300 |1799k|  2 |  59k|  11 | 0.000000e+00 |      --      |    Inf |  74.40%
  346m|292200 |   690 |136496k| 467.1 |   834M |  40 |1125 |1347 |3324 |1800k|  1 |  60k|  11 | 0.000000e+00 |      --      |    Inf |  74.40%
  346m|292300 |   692 |136628k| 467.4 |   834M |  40 |1125 |1347 |3349 |1800k|  2 |  60k|  11 | 0.000000e+00 |      --      |    Inf |  74.41%
  346m|292400 |   688 |136707k| 467.5 |   834M |  40 |1125 |1347 |3324 |1801k|  0 |  60k|  11 | 0.000000e+00 |      --      |    Inf |  74.41%
  346m|292500 |   685 |136750k| 467.5 |   834M |  40 |1125 |1347 |3478 |1801k|  1 |  60k|  11 | 0.000000e+00 |      --      |    Inf |  74.43%
  346m|292600 |   694 |136781k| 467.5 |   834M |  40 |1125 |1347 |3480 |1801k|  2 |  60k|  11 | 0.000000e+00 |      --      |    Inf |  74.43%
  346m|292700 |   687 |136814k| 467.4 |   834M |  40 |1125 |1347 |3495 |1801k|  2 |  60k|  11 | 0.000000e+00 |      --      |    Inf |  74.44%
 time | node  | left  |LP iter|LP it/n|mem/heur|mdpt |vars |cons |rows |cuts |sepa|confs|strbr|  dualbound   | primalbound  |  gap   | compl. 
  346m|292800 |   707 |136841k| 467.3 |   834M |  40 |1125 |1347 |3104 |1801k|  0 |  60k|  11 | 0.000000e+00 |      --      |    Inf |  74.44%
  346m|292900 |   718 |136868k| 467.3 |   834M |  40 |1125 |1348 |3125 |1802k|  2 |  60k|  11 | 0.000000e+00 |      --      |    Inf |  74.46%
  347m|293000 |   728 |136892k| 467.2 |   834M |  40 |1125 |1349 |3109 |1802k|  1 |  60k|  11 | 0.000000e+00 |      --      |    Inf |  74.46%
  347m|293100 |   743 |136920k| 467.1 |   834M |  40 |1125 |1349 |   0 |1802k|  0 |  60k|  11 | 0.000000e+00 |      --      |    Inf |  74.60%
  347m|293200 |   742 |136943k| 467.1 |   834M |  40 |1125 |1349 |3122 |1802k|  1 |  60k|  11 | 0.000000e+00 |      --      |    Inf |  74.64%
  347m|293300 |   729 |136968k| 467.0 |   834M |  40 |1125 |1351 |   0 |1803k|  0 |  60k|  11 | 0.000000e+00 |      --      |    Inf |  74.75%
  347m|293400 |   736 |136997k| 466.9 |   834M |  40 |1125 |1350 |3118 |1803k|  2 |  60k|  11 | 0.000000e+00 |      --      |    Inf |  74.88%
  347m|293500 |   733 |137033k| 466.9 |   834M |  40 |1125 |1349 |3116 |1803k|  0 |  60k|  11 | 0.000000e+00 |      --      |    Inf |  74.91%
  347m|293600 |   734 |137075k| 466.9 |   834M |  40 |1125 |1348 |3119 |1803k|  0 |  60k|  11 | 0.000000e+00 |      --      |    Inf |  74.95%
  347m|293700 |   730 |137109k| 466.8 |   834M |  40 |1125 |1348 |3119 |1803k|  0 |  60k|  11 | 0.000000e+00 |      --      |    Inf |  74.97%
  347m|293800 |   716 |137141k| 466.8 |   834M |  40 |1125 |1348 |3105 |1804k|  1 |  60k|  11 | 0.000000e+00 |      --      |    Inf |  75.11%
  347m|293900 |   702 |137174k| 466.7 |   834M |  40 |1125 |1348 |3152 |1804k|  0 |  60k|  11 | 0.000000e+00 |      --      |    Inf |  75.17%
  347m|294000 |   717 |137198k| 466.7 |   834M |  40 |1125 |1348 |3105 |1804k|  0 |  60k|  11 | 0.000000e+00 |      --      |    Inf |  75.40%
  347m|294100 |   716 |137227k| 466.6 |   834M |  40 |1125 |1347 |3105 |1804k|  2 |  60k|  11 | 0.000000e+00 |      --      |    Inf |  75.41%
  347m|294200 |   731 |137256k| 466.5 |   834M |  40 |1125 |1347 |3130 |1805k|  1 |  60k|  11 | 0.000000e+00 |      --      |    Inf |  75.41%
 time | node  | left  |LP iter|LP it/n|mem/heur|mdpt |vars |cons |rows |cuts |sepa|confs|strbr|  dualbound   | primalbound  |  gap   | compl. 
  347m|294300 |   732 |137286k| 466.5 |   834M |  40 |1125 |1347 |3101 |1805k|  2 |  60k|  11 | 0.000000e+00 |      --      |    Inf |  75.41%
  347m|294400 |   746 |137309k| 466.4 |   834M |  40 |1125 |1347 |   0 |1805k|  0 |  60k|  11 | 0.000000e+00 |      --      |    Inf |  75.42%
  347m|294500 |   760 |137340k| 466.3 |   834M |  40 |1125 |1347 |3113 |1805k|  2 |  60k|  11 | 0.000000e+00 |      --      |    Inf |  75.43%
  347m|294600 |   766 |137364k| 466.3 |   834M |  40 |1125 |1347 |3136 |1805k|  0 |  60k|  11 | 0.000000e+00 |      --      |    Inf |  75.46%
  347m|294700 |   771 |137387k| 466.2 |   834M |  40 |1125 |1347 |3101 |1806k|  2 |  60k|  11 | 0.000000e+00 |      --      |    Inf |  75.47%
  347m|294800 |   766 |137416k| 466.1 |   834M |  40 |1125 |1347 |   0 |1806k|  0 |  60k|  11 | 0.000000e+00 |      --      |    Inf |  75.53%
  347m|294900 |   779 |137455k| 466.1 |   834M |  40 |1125 |1347 |3173 |1806k|  2 |  60k|  11 | 0.000000e+00 |      --      |    Inf |  75.59%
  348m|295000 |   784 |137483k| 466.0 |   834M |  40 |1125 |1347 |3124 |1806k|  0 |  60k|  11 | 0.000000e+00 |      --      |    Inf |  75.59%
  348m|295100 |   800 |137515k| 466.0 |   834M |  40 |1125 |1347 |3119 |1807k|  0 |  60k|  11 | 0.000000e+00 |      --      |    Inf |  75.61%
  348m|295200 |   811 |137552k| 466.0 |   834M |  40 |1125 |1347 |3140 |1807k|  1 |  60k|  11 | 0.000000e+00 |      --      |    Inf |  75.62%
  348m|295300 |   807 |137587k| 465.9 |   834M |  40 |1125 |1347 |3134 |1807k|  0 |  60k|  11 | 0.000000e+00 |      --      |    Inf |  75.62%
  348m|295400 |   806 |137626k| 465.9 |   834M |  40 |1125 |1347 |3122 |1808k|  2 |  60k|  11 | 0.000000e+00 |      --      |    Inf |  75.63%
  348m|295500 |   800 |137664k| 465.9 |   834M |  40 |1125 |1347 |3161 |1808k|  0 |  60k|  11 | 0.000000e+00 |      --      |    Inf |  75.63%
  348m|295600 |   814 |137695k| 465.8 |   834M |  40 |1125 |1347 |3134 |1808k|  0 |  60k|  11 | 0.000000e+00 |      --      |    Inf |  75.63%
  348m|295700 |   810 |137738k| 465.8 |   834M |  40 |1125 |1347 |3125 |1808k|  2 |  60k|  11 | 0.000000e+00 |      --      |    Inf |  75.63%
 time | node  | left  |LP iter|LP it/n|mem/heur|mdpt |vars |cons |rows |cuts |sepa|confs|strbr|  dualbound   | primalbound  |  gap   | compl. 
  348m|295800 |   817 |137777k| 465.8 |   834M |  40 |1125 |1347 |3123 |1808k|  2 |  60k|  11 | 0.000000e+00 |      --      |    Inf |  75.64%
  348m|295900 |   815 |137810k| 465.7 |   834M |  40 |1125 |1347 |3174 |1809k|  2 |  60k|  11 | 0.000000e+00 |      --      |    Inf |  75.64%
  348m|296000 |   809 |137845k| 465.7 |   834M |  40 |1125 |1347 |3168 |1809k|  0 |  60k|  11 | 0.000000e+00 |      --      |    Inf |  75.64%
  348m|296100 |   819 |137872k| 465.6 |   834M |  40 |1125 |1347 |3132 |1809k|  2 |  60k|  11 | 0.000000e+00 |      --      |    Inf |  75.64%
  348m|296200 |   821 |137903k| 465.6 |   834M |  40 |1125 |1347 |3126 |1809k|  0 |  60k|  11 | 0.000000e+00 |      --      |    Inf |  75.64%
  348m|296300 |   818 |137935k| 465.5 |   834M |  40 |1125 |1347 |3153 |1809k|  0 |  60k|  11 | 0.000000e+00 |      --      |    Inf |  75.64%
  348m|296400 |   818 |137968k| 465.5 |   834M |  40 |1125 |1347 |3184 |1809k|  0 |  60k|  11 | 0.000000e+00 |      --      |    Inf |  75.64%
  348m|296500 |   818 |138001k| 465.4 |   834M |  40 |1125 |1347 |3141 |1809k|  1 |  60k|  11 | 0.000000e+00 |      --      |    Inf |  75.64%
  348m|296600 |   804 |138038k| 465.4 |   834M |  40 |1125 |1347 |3186 |1810k|  0 |  60k|  11 | 0.000000e+00 |      --      |    Inf |  75.66%
  349m|296700 |   806 |138064k| 465.3 |   834M |  40 |1125 |1347 |3166 |1810k|  1 |  60k|  11 | 0.000000e+00 |      --      |    Inf |  75.66%
  349m|296800 |   795 |138098k| 465.3 |   834M |  40 |1125 |1347 |3173 |1810k|  0 |  61k|  11 | 0.000000e+00 |      --      |    Inf |  75.67%
  349m|296900 |   794 |138129k| 465.2 |   834M |  40 |1125 |1347 |3145 |1810k|  2 |  61k|  11 | 0.000000e+00 |      --      |    Inf |  75.67%
  349m|297000 |   782 |138161k| 465.2 |   834M |  40 |1125 |1347 |3115 |1810k|  1 |  61k|  11 | 0.000000e+00 |      --      |    Inf |  75.68%
  349m|297100 |   792 |138196k| 465.1 |   834M |  40 |1125 |1347 |3130 |1811k|  1 |  61k|  11 | 0.000000e+00 |      --      |    Inf |  75.68%
  349m|297200 |   796 |138233k| 465.1 |   834M |  40 |1125 |1347 |3155 |1811k|  2 |  61k|  11 | 0.000000e+00 |      --      |    Inf |  75.68%
 time | node  | left  |LP iter|LP it/n|mem/heur|mdpt |vars |cons |rows |cuts |sepa|confs|strbr|  dualbound   | primalbound  |  gap   | compl. 
  349m|297300 |   800 |138254k| 465.0 |   834M |  40 |1125 |1347 |   0 |1811k|  0 |  61k|  11 | 0.000000e+00 |      --      |    Inf |  75.68%
  349m|297400 |   801 |138288k| 465.0 |   834M |  40 |1125 |1347 |3158 |1811k|  1 |  61k|  11 | 0.000000e+00 |      --      |    Inf |  75.68%
  349m|297500 |   792 |138351k| 465.0 |   834M |  40 |1125 |1347 |3186 |1811k|  0 |  61k|  11 | 0.000000e+00 |      --      |    Inf |  75.68%
  349m|297600 |   789 |138427k| 465.1 |   834M |  40 |1125 |1347 |3165 |1812k|  0 |  61k|  11 | 0.000000e+00 |      --      |    Inf |  75.68%
  349m|297700 |   787 |138489k| 465.2 |   834M |  40 |1125 |1347 |3318 |1812k|  2 |  61k|  11 | 0.000000e+00 |      --      |    Inf |  75.68%
  349m|297800 |   799 |138555k| 465.3 |   834M |  40 |1125 |1347 |3304 |1813k|  1 |  61k|  11 | 0.000000e+00 |      --      |    Inf |  75.68%
  349m|297900 |   797 |138609k| 465.3 |   834M |  40 |1125 |1347 |3286 |1813k|  2 |  61k|  11 | 0.000000e+00 |      --      |    Inf |  75.68%
  350m|298000 |   793 |138652k| 465.3 |   834M |  40 |1125 |1348 |3347 |1813k|  0 |  61k|  11 | 0.000000e+00 |      --      |    Inf |  75.68%
  350m|298100 |   795 |138697k| 465.3 |   834M |  40 |1125 |1348 |3334 |1813k|  2 |  61k|  11 | 0.000000e+00 |      --      |    Inf |  75.69%
  350m|298200 |   797 |138765k| 465.3 |   834M |  40 |1125 |1348 |3374 |1814k|  0 |  61k|  11 | 0.000000e+00 |      --      |    Inf |  75.70%
  350m|298300 |   790 |138823k| 465.4 |   834M |  40 |1125 |1348 |3170 |1814k|  0 |  61k|  11 | 0.000000e+00 |      --      |    Inf |  75.71%
  350m|298400 |   788 |138873k| 465.4 |   834M |  40 |1125 |1348 |3155 |1814k|  0 |  61k|  11 | 0.000000e+00 |      --      |    Inf |  75.74%
  350m|298500 |   797 |138935k| 465.4 |   834M |  40 |1125 |1348 |3376 |1815k|  0 |  61k|  11 | 0.000000e+00 |      --      |    Inf |  75.74%
  350m|298600 |   798 |138986k| 465.5 |   834M |  40 |1125 |1348 |3236 |1815k|  0 |  61k|  11 | 0.000000e+00 |      --      |    Inf |  75.75%
  350m|298700 |   793 |139041k| 465.5 |   834M |  40 |1125 |1347 |3189 |1815k|  1 |  61k|  11 | 0.000000e+00 |      --      |    Inf |  75.75%
 time | node  | left  |LP iter|LP it/n|mem/heur|mdpt |vars |cons |rows |cuts |sepa|confs|strbr|  dualbound   | primalbound  |  gap   | compl. 
  350m|298800 |   785 |139096k| 465.5 |   834M |  40 |1125 |1347 |   0 |1816k|  0 |  61k|  11 | 0.000000e+00 |      --      |    Inf |  75.77%
  351m|298900 |   782 |139180k| 465.6 |   834M |  40 |1125 |1347 |3259 |1816k|  0 |  61k|  11 | 0.000000e+00 |      --      |    Inf |  75.78%
  351m|299000 |   768 |139244k| 465.7 |   834M |  40 |1125 |1347 |3187 |1816k|  0 |  61k|  11 | 0.000000e+00 |      --      |    Inf |  75.80%
  351m|299100 |   768 |139297k| 465.7 |   834M |  40 |1125 |1347 |3194 |1817k|  1 |  61k|  11 | 0.000000e+00 |      --      |    Inf |  75.80%
  351m|299200 |   768 |139370k| 465.8 |   834M |  40 |1125 |1347 |3220 |1817k|  2 |  61k|  11 | 0.000000e+00 |      --      |    Inf |  75.90%
  351m|299300 |   780 |139440k| 465.9 |   834M |  40 |1125 |1347 |3276 |1818k|  0 |  61k|  11 | 0.000000e+00 |      --      |    Inf |  75.99%
  351m|299400 |   767 |139507k| 465.9 |   834M |  40 |1125 |1347 |   0 |1818k|  0 |  61k|  11 | 0.000000e+00 |      --      |    Inf |  76.02%
  351m|299500 |   776 |139555k| 466.0 |   834M |  40 |1125 |1347 |3220 |1819k|  1 |  61k|  11 | 0.000000e+00 |      --      |    Inf |  76.07%
  351m|299600 |   761 |139601k| 466.0 |   834M |  40 |1125 |1347 |3259 |1819k|  2 |  61k|  11 | 0.000000e+00 |      --      |    Inf |  76.11%
  351m|299700 |   767 |139663k| 466.0 |   834M |  40 |1125 |1348 |3261 |1819k|  2 |  61k|  11 | 0.000000e+00 |      --      |    Inf |  76.12%
  351m|299800 |   765 |139716k| 466.0 |   834M |  40 |1125 |1348 |   0 |1819k|  0 |  61k|  11 | 0.000000e+00 |      --      |    Inf |  76.14%
  352m|299900 |   765 |139776k| 466.1 |   834M |  40 |1125 |1348 |3308 |1820k|  1 |  61k|  11 | 0.000000e+00 |      --      |    Inf |  76.15%
  352m|300000 |   761 |139847k| 466.2 |   834M |  40 |1125 |1348 |   0 |1820k|  0 |  61k|  11 | 0.000000e+00 |      --      |    Inf |  76.15%
  352m|300100 |   765 |139910k| 466.2 |   834M |  40 |1125 |1348 |3277 |1820k|  2 |  61k|  11 | 0.000000e+00 |      --      |    Inf |  76.19%
  352m|300200 |   766 |139967k| 466.2 |   834M |  40 |1125 |1348 |3163 |1821k|  2 |  61k|  11 | 0.000000e+00 |      --      |    Inf |  76.20%
 time | node  | left  |LP iter|LP it/n|mem/heur|mdpt |vars |cons |rows |cuts |sepa|confs|strbr|  dualbound   | primalbound  |  gap   | compl. 
  352m|300300 |   771 |140019k| 466.3 |   834M |  40 |1125 |1347 |3269 |1821k|  0 |  61k|  11 | 0.000000e+00 |      --      |    Inf |  76.20%
  352m|300400 |   765 |140072k| 466.3 |   834M |  40 |1125 |1347 |3181 |1821k|  0 |  61k|  11 | 0.000000e+00 |      --      |    Inf |  76.20%
  352m|300500 |   766 |140126k| 466.3 |   834M |  40 |1125 |1347 |3211 |1822k|  0 |  61k|  11 | 0.000000e+00 |      --      |    Inf |  76.20%
  352m|300600 |   764 |140172k| 466.3 |   834M |  40 |1125 |1347 |   0 |1822k|  0 |  61k|  11 | 0.000000e+00 |      --      |    Inf |  76.20%
  352m|300700 |   751 |140237k| 466.4 |   834M |  40 |1125 |1347 |3179 |1822k|  2 |  61k|  11 | 0.000000e+00 |      --      |    Inf |  76.21%
  352m|300800 |   755 |140309k| 466.4 |   834M |  40 |1125 |1347 |3189 |1822k|  2 |  61k|  11 | 0.000000e+00 |      --      |    Inf |  76.22%
  353m|300900 |   749 |140347k| 466.4 |   834M |  40 |1125 |1347 |3125 |1823k|  2 |  61k|  11 | 0.000000e+00 |      --      |    Inf |  76.24%
  353m|301000 |   737 |140381k| 466.4 |   834M |  40 |1125 |1347 |2665 |1823k|  2 |  61k|  11 | 0.000000e+00 |      --      |    Inf |  76.36%
  353m|301100 |   758 |140401k| 466.3 |   834M |  40 |1125 |1347 |2545 |1823k|  2 |  61k|  11 | 0.000000e+00 |      --      |    Inf |  76.37%
  353m|301200 |   757 |140425k| 466.2 |   834M |  40 |1125 |1347 |2590 |1824k|  2 |  61k|  11 | 0.000000e+00 |      --      |    Inf |  76.37%
  353m|301300 |   749 |140444k| 466.1 |   834M |  40 |1125 |1347 |   0 |1824k|  0 |  62k|  11 | 0.000000e+00 |      --      |    Inf |  76.38%
  353m|301400 |   746 |140472k| 466.1 |   834M |  40 |1125 |1347 |2562 |1825k|  0 |  62k|  11 | 0.000000e+00 |      --      |    Inf |  76.39%
  353m|301500 |   745 |140495k| 466.0 |   834M |  40 |1125 |1347 |2632 |1825k|  0 |  62k|  11 | 0.000000e+00 |      --      |    Inf |  76.40%
  353m|301600 |   748 |140514k| 465.9 |   834M |  40 |1125 |1347 |2547 |1825k|  2 |  62k|  11 | 0.000000e+00 |      --      |    Inf |  76.42%
  353m|301700 |   744 |140535k| 465.8 |   834M |  40 |1125 |1347 |2594 |1826k|  0 |  62k|  11 | 0.000000e+00 |      --      |    Inf |  76.44%
 time | node  | left  |LP iter|LP it/n|mem/heur|mdpt |vars |cons |rows |cuts |sepa|confs|strbr|  dualbound   | primalbound  |  gap   | compl. 
  353m|301800 |   741 |140562k| 465.7 |   834M |  40 |1125 |1347 |2617 |1827k|  2 |  62k|  11 | 0.000000e+00 |      --      |    Inf |  76.46%
  353m|301900 |   743 |140598k| 465.7 |   834M |  40 |1125 |1347 |   0 |1827k|  0 |  62k|  11 | 0.000000e+00 |      --      |    Inf |  76.46%
  353m|302000 |   744 |140629k| 465.7 |   834M |  40 |1125 |1347 |3071 |1827k|  1 |  62k|  11 | 0.000000e+00 |      --      |    Inf |  76.47%
  353m|302100 |   728 |140658k| 465.6 |   835M |  40 |1125 |1347 |3152 |1827k|  0 |  62k|  11 | 0.000000e+00 |      --      |    Inf |  76.53%
  353m|302200 |   731 |140676k| 465.5 |   835M |  40 |1125 |1348 |3163 |1827k|  2 |  62k|  11 | 0.000000e+00 |      --      |    Inf |  76.53%
  353m|302300 |   735 |140694k| 465.4 |   835M |  40 |1125 |1349 |3188 |1828k|  2 |  62k|  11 | 0.000000e+00 |      --      |    Inf |  76.53%
  353m|302400 |   728 |140731k| 465.4 |   835M |  40 |1125 |1349 |3184 |1828k|  0 |  62k|  11 | 0.000000e+00 |      --      |    Inf |  76.53%
  353m|302500 |   736 |140781k| 465.4 |   835M |  40 |1125 |1348 |3569 |1829k|  1 |  62k|  11 | 0.000000e+00 |      --      |    Inf |  76.53%
  353m|302600 |   724 |140828k| 465.4 |   835M |  40 |1125 |1349 |3112 |1829k|  0 |  62k|  11 | 0.000000e+00 |      --      |    Inf |  76.53%
  353m|302700 |   721 |140884k| 465.4 |   835M |  40 |1125 |1351 |   0 |1830k|  0 |  62k|  11 | 0.000000e+00 |      --      |    Inf |  76.54%
  354m|302800 |   732 |140931k| 465.4 |   835M |  40 |1125 |1350 |3279 |1830k|  2 |  62k|  11 | 0.000000e+00 |      --      |    Inf |  76.55%
  354m|302900 |   728 |140974k| 465.4 |   835M |  40 |1125 |1350 |3421 |1830k|  2 |  62k|  11 | 0.000000e+00 |      --      |    Inf |  76.55%
  354m|303000 |   735 |141030k| 465.4 |   835M |  40 |1125 |1350 |3301 |1831k|  2 |  62k|  11 | 0.000000e+00 |      --      |    Inf |  76.55%
  354m|303100 |   729 |141067k| 465.4 |   835M |  40 |1125 |1350 |3310 |1831k|  0 |  62k|  11 | 0.000000e+00 |      --      |    Inf |  76.55%
  354m|303200 |   722 |141113k| 465.4 |   835M |  40 |1125 |1349 |3243 |1831k|  0 |  62k|  11 | 0.000000e+00 |      --      |    Inf |  76.55%
 time | node  | left  |LP iter|LP it/n|mem/heur|mdpt |vars |cons |rows |cuts |sepa|confs|strbr|  dualbound   | primalbound  |  gap   | compl. 
  354m|303300 |   717 |141163k| 465.4 |   835M |  40 |1125 |1349 |3082 |1832k|  0 |  62k|  11 | 0.000000e+00 |      --      |    Inf |  76.56%
  354m|303400 |   718 |141215k| 465.4 |   835M |  40 |1125 |1348 |   0 |1832k|  0 |  62k|  11 | 0.000000e+00 |      --      |    Inf |  76.61%
  354m|303500 |   710 |141271k| 465.5 |   835M |  40 |1125 |1347 |3117 |1833k|  2 |  62k|  11 | 0.000000e+00 |      --      |    Inf |  76.67%
  354m|303600 |   705 |141313k| 465.5 |   835M |  40 |1125 |1347 |3095 |1833k|  0 |  62k|  11 | 0.000000e+00 |      --      |    Inf |  76.76%
  354m|303700 |   704 |141378k| 465.5 |   835M |  40 |1125 |1347 |2746 |1834k|  2 |  62k|  11 | 0.000000e+00 |      --      |    Inf |  76.80%
  354m|303800 |   704 |141438k| 465.6 |   835M |  40 |1125 |1347 |3748 |1834k|  0 |  62k|  11 | 0.000000e+00 |      --      |    Inf |  76.82%
  354m|303900 |   706 |141497k| 465.6 |   835M |  40 |1125 |1347 |3773 |1834k|  1 |  62k|  11 | 0.000000e+00 |      --      |    Inf |  76.82%
  355m|304000 |   704 |141557k| 465.6 |   835M |  40 |1125 |1347 |3749 |1835k|  2 |  62k|  11 | 0.000000e+00 |      --      |    Inf |  76.83%
  355m|304100 |   700 |141619k| 465.7 |   835M |  40 |1125 |1347 |3744 |1835k|  0 |  62k|  11 | 0.000000e+00 |      --      |    Inf |  76.84%
  355m|304200 |   692 |141667k| 465.7 |   835M |  40 |1125 |1347 |3377 |1835k|  2 |  62k|  11 | 0.000000e+00 |      --      |    Inf |  76.88%
  355m|304300 |   691 |141701k| 465.7 |   835M |  40 |1125 |1347 |3217 |1835k|  2 |  62k|  11 | 0.000000e+00 |      --      |    Inf |  76.89%
  355m|304400 |   677 |141748k| 465.7 |   835M |  40 |1125 |1347 |3014 |1836k|  2 |  62k|  11 | 0.000000e+00 |      --      |    Inf |  76.95%
  355m|304500 |   689 |141802k| 465.7 |   835M |  40 |1125 |1347 |3290 |1836k|  2 |  62k|  11 | 0.000000e+00 |      --      |    Inf |  76.98%
  355m|304600 |   684 |141849k| 465.7 |   835M |  40 |1125 |1347 |3268 |1837k|  2 |  62k|  11 | 0.000000e+00 |      --      |    Inf |  76.99%
  355m|304700 |   692 |141903k| 465.7 |   835M |  40 |1125 |1348 |3384 |1837k|  2 |  62k|  11 | 0.000000e+00 |      --      |    Inf |  76.99%
 time | node  | left  |LP iter|LP it/n|mem/heur|mdpt |vars |cons |rows |cuts |sepa|confs|strbr|  dualbound   | primalbound  |  gap   | compl. 
  355m|304800 |   687 |141961k| 465.7 |   835M |  40 |1125 |1348 |3350 |1837k|  1 |  62k|  11 | 0.000000e+00 |      --      |    Inf |  76.99%
  355m|304900 |   689 |142020k| 465.8 |   835M |  40 |1125 |1350 |3366 |1838k|  2 |  62k|  11 | 0.000000e+00 |      --      |    Inf |  76.99%
  356m|305000 |   685 |142089k| 465.9 |   835M |  40 |1125 |1349 |3384 |1838k|  2 |  62k|  11 | 0.000000e+00 |      --      |    Inf |  76.99%
  356m|305100 |   685 |142147k| 465.9 |   835M |  40 |1125 |1349 |3377 |1838k|  0 |  62k|  11 | 0.000000e+00 |      --      |    Inf |  76.99%
  356m|305200 |   685 |142213k| 466.0 |   835M |  40 |1125 |1349 |3352 |1839k|  2 |  62k|  11 | 0.000000e+00 |      --      |    Inf |  76.99%
  356m|305300 |   686 |142261k| 466.0 |   835M |  40 |1125 |1349 |3311 |1839k|  0 |  62k|  11 | 0.000000e+00 |      --      |    Inf |  76.99%
  356m|305400 |   685 |142316k| 466.0 |   835M |  40 |1125 |1347 |3329 |1840k|  0 |  62k|  11 | 0.000000e+00 |      --      |    Inf |  76.99%
  356m|305500 |   682 |142371k| 466.0 |   835M |  40 |1125 |1347 |3237 |1840k|  0 |  62k|  11 | 0.000000e+00 |      --      |    Inf |  76.99%
  356m|305600 |   682 |142417k| 466.0 |   835M |  40 |1125 |1347 |3248 |1840k|  0 |  62k|  11 | 0.000000e+00 |      --      |    Inf |  76.99%
  356m|305700 |   685 |142487k| 466.1 |   835M |  40 |1125 |1347 |3451 |1841k|  0 |  62k|  11 | 0.000000e+00 |      --      |    Inf |  76.99%
  357m|305800 |   679 |142548k| 466.1 |   835M |  40 |1125 |1347 |3357 |1841k|  0 |  62k|  11 | 0.000000e+00 |      --      |    Inf |  76.99%
  357m|305900 |   683 |142645k| 466.3 |   835M |  40 |1125 |1347 |3402 |1842k|  0 |  62k|  11 | 0.000000e+00 |      --      |    Inf |  76.99%
  357m|306000 |   687 |142725k| 466.4 |   835M |  40 |1125 |1347 |3407 |1843k|  0 |  62k|  11 | 0.000000e+00 |      --      |    Inf |  76.99%
  358m|306100 |   689 |142795k| 466.5 |   835M |  40 |1125 |1347 |3375 |1843k|  0 |  62k|  11 | 0.000000e+00 |      --      |    Inf |  76.99%
  358m|306200 |   688 |142848k| 466.5 |   835M |  40 |1125 |1347 |3367 |1844k|  2 |  62k|  11 | 0.000000e+00 |      --      |    Inf |  76.99%
 time | node  | left  |LP iter|LP it/n|mem/heur|mdpt |vars |cons |rows |cuts |sepa|confs|strbr|  dualbound   | primalbound  |  gap   | compl. 
  358m|306300 |   686 |142905k| 466.5 |   835M |  40 |1125 |1347 |3330 |1844k|  0 |  62k|  11 | 0.000000e+00 |      --      |    Inf |  76.99%
  358m|306400 |   686 |142979k| 466.6 |   835M |  40 |1125 |1347 |3417 |1844k|  0 |  63k|  11 | 0.000000e+00 |      --      |    Inf |  76.99%
  358m|306500 |   685 |143055k| 466.7 |   835M |  40 |1125 |1347 |3346 |1844k|  0 |  63k|  11 | 0.000000e+00 |      --      |    Inf |  76.99%
  358m|306600 |   682 |143118k| 466.8 |   835M |  40 |1125 |1347 |3315 |1845k|  0 |  63k|  11 | 0.000000e+00 |      --      |    Inf |  76.99%
  359m|306700 |   684 |143179k| 466.8 |   835M |  40 |1125 |1348 |3288 |1845k|  0 |  63k|  11 | 0.000000e+00 |      --      |    Inf |  76.99%
  359m|306800 |   689 |143243k| 466.9 |   835M |  40 |1125 |1348 |3406 |1846k|  2 |  63k|  11 | 0.000000e+00 |      --      |    Inf |  76.99%
  359m|306900 |   682 |143310k| 467.0 |   836M |  40 |1125 |1348 |3336 |1846k|  0 |  63k|  11 | 0.000000e+00 |      --      |    Inf |  76.99%
  359m|307000 |   684 |143372k| 467.0 |   836M |  40 |1125 |1348 |3388 |1846k|  2 |  63k|  11 | 0.000000e+00 |      --      |    Inf |  76.99%
  359m|307100 |   689 |143416k| 467.0 |   836M |  40 |1125 |1348 |3290 |1846k|  2 |  63k|  11 | 0.000000e+00 |      --      |    Inf |  76.99%
  359m|307200 |   681 |143434k| 466.9 |   836M |  40 |1125 |1348 |3263 |1847k|  2 |  63k|  11 | 0.000000e+00 |      --      |    Inf |  76.99%
  359m|307300 |   687 |143461k| 466.8 |   836M |  40 |1125 |1348 |3303 |1847k|  2 |  63k|  11 | 0.000000e+00 |      --      |    Inf |  76.99%
  359m|307400 |   680 |143483k| 466.8 |   836M |  40 |1125 |1348 |3287 |1847k|  2 |  63k|  11 | 0.000000e+00 |      --      |    Inf |  76.99%
  359m|307500 |   680 |143512k| 466.7 |   836M |  40 |1125 |1349 |3254 |1847k|  0 |  63k|  11 | 0.000000e+00 |      --      |    Inf |  76.99%
  359m|307600 |   687 |143531k| 466.6 |   836M |  40 |1125 |1350 |3158 |1847k|  2 |  63k|  11 | 0.000000e+00 |      --      |    Inf |  76.99%
  359m|307700 |   682 |143551k| 466.5 |   836M |  40 |1125 |1349 |3145 |1847k|  0 |  63k|  11 | 0.000000e+00 |      --      |    Inf |  76.99%
 time | node  | left  |LP iter|LP it/n|mem/heur|mdpt |vars |cons |rows |cuts |sepa|confs|strbr|  dualbound   | primalbound  |  gap   | compl. 
  359m|307800 |   679 |143577k| 466.5 |   836M |  40 |1125 |1348 |3143 |1847k|  0 |  63k|  11 | 0.000000e+00 |      --      |    Inf |  76.99%
  359m|307900 |   676 |143598k| 466.4 |   836M |  40 |1125 |1348 |3716 |1848k|  2 |  63k|  11 | 0.000000e+00 |      --      |    Inf |  76.99%
  359m|308000 |   672 |143622k| 466.3 |   836M |  40 |1125 |1348 |3275 |1848k|  2 |  63k|  11 | 0.000000e+00 |      --      |    Inf |  77.01%
  359m|308100 |   681 |143650k| 466.2 |   836M |  40 |1125 |1348 |3100 |1848k|  1 |  63k|  11 | 0.000000e+00 |      --      |    Inf |  77.03%
  359m|308200 |   691 |143678k| 466.2 |   836M |  40 |1125 |1348 |3109 |1848k|  2 |  63k|  11 | 0.000000e+00 |      --      |    Inf |  77.05%
  359m|308300 |   681 |143714k| 466.1 |   836M |  40 |1125 |1348 |3110 |1849k|  2 |  63k|  11 | 0.000000e+00 |      --      |    Inf |  77.07%
  360m|308400 |   685 |143753k| 466.1 |   836M |  40 |1125 |1348 |2643 |1849k|  2 |  63k|  11 | 0.000000e+00 |      --      |    Inf |  77.08%
  360m|308500 |   683 |143788k| 466.1 |   836M |  40 |1125 |1348 |2621 |1850k|  0 |  63k|  11 | 0.000000e+00 |      --      |    Inf |  77.09%
  360m|308600 |   683 |143831k| 466.1 |   836M |  40 |1125 |1348 |3127 |1851k|  2 |  63k|  11 | 0.000000e+00 |      --      |    Inf |  77.11%
  360m|308700 |   687 |143867k| 466.0 |   836M |  40 |1125 |1347 |3126 |1851k|  2 |  63k|  11 | 0.000000e+00 |      --      |    Inf |  77.15%
  360m|308800 |   684 |143901k| 466.0 |   836M |  40 |1125 |1347 |3123 |1851k|  1 |  63k|  11 | 0.000000e+00 |      --      |    Inf |  77.23%
  360m|308900 |   686 |143931k| 465.9 |   836M |  40 |1125 |1347 |3130 |1851k|  1 |  63k|  11 | 0.000000e+00 |      --      |    Inf |  77.28%
  360m|309000 |   684 |143961k| 465.9 |   836M |  40 |1125 |1347 |3101 |1852k|  1 |  63k|  11 | 0.000000e+00 |      --      |    Inf |  77.29%
  360m|309100 |   683 |143991k| 465.8 |   836M |  40 |1125 |1347 |3111 |1852k|  2 |  63k|  11 | 0.000000e+00 |      --      |    Inf |  77.30%
  360m|309200 |   680 |144021k| 465.8 |   836M |  40 |1125 |1347 |3122 |1852k|  2 |  63k|  11 | 0.000000e+00 |      --      |    Inf |  77.32%
 time | node  | left  |LP iter|LP it/n|mem/heur|mdpt |vars |cons |rows |cuts |sepa|confs|strbr|  dualbound   | primalbound  |  gap   | compl. 
  360m|309300 |   672 |144055k| 465.7 |   836M |  40 |1125 |1347 |3583 |1852k|  0 |  63k|  11 | 0.000000e+00 |      --      |    Inf |  77.34%
  360m|309400 |   672 |144080k| 465.7 |   836M |  40 |1125 |1347 |3595 |1853k|  0 |  63k|  11 | 0.000000e+00 |      --      |    Inf |  77.41%
  360m|309500 |   675 |144107k| 465.6 |   836M |  40 |1125 |1348 |3102 |1853k|  0 |  63k|  11 | 0.000000e+00 |      --      |    Inf |  77.48%
  360m|309600 |   673 |144141k| 465.6 |   836M |  40 |1125 |1348 |3106 |1853k|  0 |  63k|  11 | 0.000000e+00 |      --      |    Inf |  77.49%
  360m|309700 |   670 |144178k| 465.5 |   836M |  40 |1125 |1349 |   0 |1853k|  0 |  63k|  11 | 0.000000e+00 |      --      |    Inf |  77.51%
  360m|309800 |   670 |144195k| 465.4 |   836M |  40 |1125 |1349 |3085 |1853k|  0 |  63k|  11 | 0.000000e+00 |      --      |    Inf |  77.54%
  360m|309900 |   669 |144223k| 465.4 |   836M |  40 |1125 |1349 |3042 |1854k|  2 |  63k|  11 | 0.000000e+00 |      --      |    Inf |  77.55%
  360m|310000 |   679 |144249k| 465.3 |   836M |  40 |1125 |1349 |   0 |1854k|  0 |  63k|  11 | 0.000000e+00 |      --      |    Inf |  77.56%
  360m|310100 |   676 |144278k| 465.3 |   836M |  40 |1125 |1348 |3138 |1854k|  2 |  63k|  11 | 0.000000e+00 |      --      |    Inf |  77.56%
  360m|310200 |   674 |144325k| 465.3 |   836M |  40 |1125 |1349 |3134 |1854k|  2 |  63k|  11 | 0.000000e+00 |      --      |    Inf |  77.57%
  361m|310300 |   675 |144359k| 465.2 |   836M |  40 |1125 |1349 |3138 |1855k|  2 |  63k|  11 | 0.000000e+00 |      --      |    Inf |  77.58%
  361m|310400 |   668 |144402k| 465.2 |   836M |  40 |1125 |1347 |3134 |1855k|  0 |  64k|  11 | 0.000000e+00 |      --      |    Inf |  77.59%
  361m|310500 |   670 |144434k| 465.2 |   836M |  40 |1125 |1348 |3129 |1855k|  0 |  64k|  11 | 0.000000e+00 |      --      |    Inf |  77.59%
  361m|310600 |   670 |144480k| 465.2 |   836M |  40 |1125 |1348 |3150 |1855k|  0 |  64k|  11 | 0.000000e+00 |      --      |    Inf |  77.60%
  361m|310700 |   677 |144529k| 465.2 |   836M |  40 |1125 |1347 |3138 |1856k|  2 |  64k|  11 | 0.000000e+00 |      --      |    Inf |  77.60%
 time | node  | left  |LP iter|LP it/n|mem/heur|mdpt |vars |cons |rows |cuts |sepa|confs|strbr|  dualbound   | primalbound  |  gap   | compl. 
  361m|310800 |   671 |144571k| 465.1 |   836M |  40 |1125 |1348 |3115 |1856k|  2 |  64k|  11 | 0.000000e+00 |      --      |    Inf |  77.61%
  361m|310900 |   675 |144613k| 465.1 |   836M |  40 |1125 |1348 |3174 |1856k|  2 |  64k|  11 | 0.000000e+00 |      --      |    Inf |  77.63%
  361m|311000 |   668 |144667k| 465.2 |   836M |  40 |1125 |1347 |3177 |1857k|  2 |  64k|  11 | 0.000000e+00 |      --      |    Inf |  77.65%
  361m|311100 |   670 |144722k| 465.2 |   836M |  40 |1125 |1347 |3184 |1857k|  0 |  64k|  11 | 0.000000e+00 |      --      |    Inf |  77.65%
  361m|311200 |   669 |144800k| 465.3 |   836M |  40 |1125 |1347 |2813 |1858k|  2 |  64k|  11 | 0.000000e+00 |      --      |    Inf |  77.67%
  361m|311300 |   676 |144869k| 465.4 |   836M |  40 |1125 |1347 |3325 |1859k|  0 |  64k|  11 | 0.000000e+00 |      --      |    Inf |  77.70%
  362m|311400 |   689 |144942k| 465.4 |   836M |  40 |1125 |1347 |3365 |1860k|  0 |  64k|  11 | 0.000000e+00 |      --      |    Inf |  77.72%
  362m|311500 |   682 |145006k| 465.5 |   836M |  40 |1125 |1347 |   0 |1860k|  0 |  64k|  11 | 0.000000e+00 |      --      |    Inf |  77.83%
  362m|311600 |   703 |145079k| 465.6 |   836M |  40 |1125 |1347 |   0 |1861k|  0 |  64k|  11 | 0.000000e+00 |      --      |    Inf |  77.87%
  362m|311700 |   691 |145139k| 465.6 |   836M |  40 |1125 |1347 |2758 |1861k|  2 |  64k|  11 | 0.000000e+00 |      --      |    Inf |  78.07%
  362m|311800 |   689 |145206k| 465.7 |   836M |  40 |1125 |1347 |3355 |1862k|  1 |  64k|  11 | 0.000000e+00 |      --      |    Inf |  78.13%
  362m|311900 |   695 |145261k| 465.7 |   836M |  40 |1125 |1348 |   0 |1862k|  0 |  64k|  11 | 0.000000e+00 |      --      |    Inf |  78.15%
  362m|312000 |   684 |145326k| 465.8 |   836M |  40 |1125 |1348 |3337 |1862k|  1 |  64k|  11 | 0.000000e+00 |      --      |    Inf |  78.18%
  362m|312100 |   688 |145384k| 465.8 |   836M |  40 |1125 |1348 |3363 |1862k|  0 |  64k|  11 | 0.000000e+00 |      --      |    Inf |  78.20%
  362m|312200 |   690 |145457k| 465.9 |   836M |  40 |1125 |1348 |3387 |1863k|  2 |  64k|  11 | 0.000000e+00 |      --      |    Inf |  78.23%
 time | node  | left  |LP iter|LP it/n|mem/heur|mdpt |vars |cons |rows |cuts |sepa|confs|strbr|  dualbound   | primalbound  |  gap   | compl. 
  363m|312300 |   684 |145532k| 466.0 |   836M |  40 |1125 |1347 |3360 |1863k|  2 |  64k|  11 | 0.000000e+00 |      --      |    Inf |  78.26%
  363m|312400 |   678 |145600k| 466.1 |   836M |  40 |1125 |1347 |3146 |1864k|  0 |  64k|  11 | 0.000000e+00 |      --      |    Inf |  78.32%
  363m|312500 |   673 |145692k| 466.2 |   836M |  40 |1125 |1347 |3571 |1865k|  0 |  64k|  11 | 0.000000e+00 |      --      |    Inf |  78.39%
  363m|312600 |   672 |145747k| 466.2 |   836M |  40 |1125 |1347 |2990 |1866k|  2 |  64k|  11 | 0.000000e+00 |      --      |    Inf |  78.44%
  363m|312700 |   664 |145837k| 466.4 |   836M |  40 |1125 |1347 |3299 |1867k|  1 |  64k|  11 | 0.000000e+00 |      --      |    Inf |  78.51%
  363m|312800 |   673 |145888k| 466.4 |   836M |  40 |1125 |1347 |3288 |1867k|  1 |  64k|  11 | 0.000000e+00 |      --      |    Inf |  78.51%
  363m|312900 |   658 |145943k| 466.4 |   836M |  40 |1125 |1347 |3120 |1868k|  2 |  64k|  11 | 0.000000e+00 |      --      |    Inf |  78.54%
  363m|313000 |   659 |145984k| 466.4 |   836M |  40 |1125 |1347 |2831 |1868k|  2 |  64k|  11 | 0.000000e+00 |      --      |    Inf |  78.64%
  363m|313100 |   655 |146026k| 466.4 |   836M |  40 |1125 |1347 |2634 |1869k|  0 |  64k|  11 | 0.000000e+00 |      --      |    Inf |  78.64%
  363m|313200 |   659 |146078k| 466.4 |   836M |  40 |1125 |1347 |3305 |1870k|  0 |  64k|  11 | 0.000000e+00 |      --      |    Inf |  78.65%
  364m|313300 |   661 |146136k| 466.4 |   836M |  40 |1125 |1348 |3656 |1870k|  1 |  64k|  11 | 0.000000e+00 |      --      |    Inf |  78.66%
  364m|313400 |   673 |146186k| 466.4 |   836M |  40 |1125 |1348 |3103 |1871k|  2 |  64k|  11 | 0.000000e+00 |      --      |    Inf |  78.69%
  364m|313500 |   675 |146228k| 466.4 |   836M |  40 |1125 |1348 |3203 |1871k|  0 |  64k|  11 | 0.000000e+00 |      --      |    Inf |  78.81%
  364m|313600 |   669 |146281k| 466.5 |   836M |  40 |1125 |1348 |3175 |1872k|  2 |  64k|  11 | 0.000000e+00 |      --      |    Inf |  78.88%
  364m|313700 |   672 |146330k| 466.5 |   836M |  40 |1125 |1348 |   0 |1872k|  0 |  64k|  11 | 0.000000e+00 |      --      |    Inf |  78.91%
 time | node  | left  |LP iter|LP it/n|mem/heur|mdpt |vars |cons |rows |cuts |sepa|confs|strbr|  dualbound   | primalbound  |  gap   | compl. 
  364m|313800 |   669 |146381k| 466.5 |   836M |  40 |1125 |1348 |3172 |1872k|  2 |  64k|  11 | 0.000000e+00 |      --      |    Inf |  78.95%
  364m|313900 |   668 |146444k| 466.5 |   836M |  40 |1125 |1348 |   0 |1873k|  0 |  64k|  11 | 0.000000e+00 |      --      |    Inf |  79.06%
  364m|314000 |   668 |146484k| 466.5 |   836M |  40 |1125 |1348 |3217 |1873k|  2 |  64k|  11 | 0.000000e+00 |      --      |    Inf |  79.13%
  364m|314100 |   668 |146531k| 466.5 |   836M |  40 |1125 |1348 |3269 |1874k|  1 |  64k|  11 | 0.000000e+00 |      --      |    Inf |  79.25%
  364m|314200 |   659 |146581k| 466.5 |   836M |  40 |1125 |1348 |3107 |1874k|  0 |  64k|  11 | 0.000000e+00 |      --      |    Inf |  79.28%
  364m|314300 |   652 |146642k| 466.6 |   836M |  40 |1125 |1348 |3033 |1874k|  0 |  64k|  11 | 0.000000e+00 |      --      |    Inf |  79.46%
  365m|314400 |   654 |146689k| 466.6 |   836M |  40 |1125 |1348 |3464 |1875k|  2 |  64k|  11 | 0.000000e+00 |      --      |    Inf |  79.47%
  365m|314500 |   658 |146737k| 466.6 |   836M |  40 |1125 |1348 |3480 |1875k|  1 |  64k|  11 | 0.000000e+00 |      --      |    Inf |  79.47%
  365m|314600 |   658 |146797k| 466.6 |   836M |  40 |1125 |1348 |3490 |1875k|  0 |  64k|  11 | 0.000000e+00 |      --      |    Inf |  79.47%
  365m|314700 |   662 |146869k| 466.7 |   836M |  40 |1125 |1348 |3423 |1876k|  0 |  64k|  11 | 0.000000e+00 |      --      |    Inf |  79.47%
  365m|314800 |   658 |146907k| 466.7 |   836M |  40 |1125 |1348 |3439 |1876k|  0 |  64k|  11 | 0.000000e+00 |      --      |    Inf |  79.47%
  365m|314900 |   653 |146950k| 466.6 |   836M |  40 |1125 |1348 |3503 |1876k|  2 |  64k|  11 | 0.000000e+00 |      --      |    Inf |  79.47%
  365m|315000 |   646 |146984k| 466.6 |   836M |  40 |1125 |1348 |3245 |1876k|  2 |  64k|  11 | 0.000000e+00 |      --      |    Inf |  79.57%
  365m|315100 |   637 |147006k| 466.5 |   836M |  40 |1125 |1348 |3079 |1876k|  0 |  64k|  11 | 0.000000e+00 |      --      |    Inf |  79.68%
  365m|315200 |   643 |147025k| 466.4 |   836M |  40 |1125 |1348 |3133 |1876k|  1 |  64k|  11 | 0.000000e+00 |      --      |    Inf |  79.70%
 time | node  | left  |LP iter|LP it/n|mem/heur|mdpt |vars |cons |rows |cuts |sepa|confs|strbr|  dualbound   | primalbound  |  gap   | compl. 
  365m|315300 |   653 |147043k| 466.4 |   836M |  40 |1125 |1349 |   0 |1877k|  0 |  64k|  11 | 0.000000e+00 |      --      |    Inf |  79.70%
  365m|315400 |   670 |147059k| 466.3 |   836M |  40 |1125 |1350 |   0 |1877k|  0 |  64k|  11 | 0.000000e+00 |      --      |    Inf |  79.70%
  365m|315500 |   695 |147085k| 466.2 |   836M |  40 |1125 |1350 |3181 |1877k|  0 |  64k|  11 | 0.000000e+00 |      --      |    Inf |  79.70%
  365m|315600 |   701 |147099k| 466.1 |   836M |  40 |1125 |1352 |3173 |1877k|  1 |  64k|  11 | 0.000000e+00 |      --      |    Inf |  79.70%
  365m|315700 |   700 |147115k| 466.0 |   836M |  40 |1125 |1356 |3160 |1877k|  1 |  65k|  11 | 0.000000e+00 |      --      |    Inf |  79.70%
  365m|315800 |   686 |147143k| 465.9 |   836M |  40 |1125 |1356 |3189 |1877k|  1 |  65k|  11 | 0.000000e+00 |      --      |    Inf |  79.70%
  365m|315900 |   660 |147166k| 465.9 |   836M |  40 |1125 |1354 |3192 |1877k|  1 |  65k|  11 | 0.000000e+00 |      --      |    Inf |  79.70%
  365m|316000 |   662 |147185k| 465.8 |   836M |  40 |1125 |1354 |3158 |1877k|  1 |  65k|  11 | 0.000000e+00 |      --      |    Inf |  79.70%
  365m|316100 |   663 |147204k| 465.7 |   836M |  40 |1125 |1354 |3203 |1877k|  0 |  65k|  11 | 0.000000e+00 |      --      |    Inf |  79.70%
  365m|316200 |   655 |147223k| 465.6 |   836M |  40 |1125 |1352 |3161 |1877k|  2 |  65k|  11 | 0.000000e+00 |      --      |    Inf |  79.70%
  365m|316300 |   647 |147239k| 465.5 |   836M |  40 |1125 |1352 |   0 |1878k|  0 |  65k|  11 | 0.000000e+00 |      --      |    Inf |  79.70%
  365m|316400 |   644 |147256k| 465.4 |   836M |  40 |1125 |1352 |3166 |1878k|  0 |  65k|  11 | 0.000000e+00 |      --      |    Inf |  79.70%
  366m|316500 |   654 |147277k| 465.3 |   836M |  40 |1125 |1352 |3170 |1878k|  2 |  65k|  11 | 0.000000e+00 |      --      |    Inf |  79.70%
  366m|316600 |   661 |147303k| 465.3 |   836M |  40 |1125 |1352 |3181 |1878k|  0 |  65k|  11 | 0.000000e+00 |      --      |    Inf |  79.70%
  366m|316700 |   641 |147329k| 465.2 |   836M |  40 |1125 |1352 |3167 |1878k|  0 |  65k|  11 | 0.000000e+00 |      --      |    Inf |  79.70%
 time | node  | left  |LP iter|LP it/n|mem/heur|mdpt |vars |cons |rows |cuts |sepa|confs|strbr|  dualbound   | primalbound  |  gap   | compl. 
  366m|316800 |   634 |147352k| 465.1 |   836M |  40 |1125 |1351 |3210 |1878k|  2 |  65k|  11 | 0.000000e+00 |      --      |    Inf |  79.71%
  366m|316900 |   639 |147377k| 465.1 |   836M |  40 |1125 |1350 |   0 |1879k|  0 |  65k|  11 | 0.000000e+00 |      --      |    Inf |  79.78%
  366m|317000 |   639 |147407k| 465.0 |   836M |  40 |1125 |1350 |2625 |1879k|  1 |  65k|  11 | 0.000000e+00 |      --      |    Inf |  79.79%
  366m|317100 |   628 |147435k| 464.9 |   836M |  40 |1125 |1349 |3487 |1880k|  1 |  65k|  11 | 0.000000e+00 |      --      |    Inf |  79.92%
  366m|317200 |   625 |147446k| 464.8 |   836M |  40 |1125 |1349 |   0 |1880k|  0 |  65k|  11 | 0.000000e+00 |      --      |    Inf |  80.05%
  366m|317300 |   635 |147479k| 464.8 |   836M |  40 |1125 |1349 |3258 |1880k|  1 |  65k|  11 | 0.000000e+00 |      --      |    Inf |  80.06%
  366m|317400 |   623 |147529k| 464.8 |   836M |  40 |1125 |1349 |3274 |1880k|  0 |  65k|  11 | 0.000000e+00 |      --      |    Inf |  80.08%
  366m|317500 |   631 |147584k| 464.8 |   836M |  40 |1125 |1348 |   0 |1880k|  0 |  65k|  11 | 0.000000e+00 |      --      |    Inf |  80.13%
  366m|317600 |   632 |147648k| 464.9 |   836M |  40 |1125 |1349 |3279 |1881k|  0 |  65k|  11 | 0.000000e+00 |      --      |    Inf |  80.14%
  366m|317700 |   624 |147706k| 464.9 |   836M |  40 |1125 |1349 |3302 |1881k|  2 |  65k|  11 | 0.000000e+00 |      --      |    Inf |  80.15%
  366m|317800 |   623 |147764k| 465.0 |   836M |  40 |1125 |1349 |3068 |1882k|  2 |  65k|  11 | 0.000000e+00 |      --      |    Inf |  80.17%
  366m|317900 |   627 |147827k| 465.0 |   836M |  40 |1125 |1348 |3331 |1882k|  2 |  65k|  11 | 0.000000e+00 |      --      |    Inf |  80.19%
  367m|318000 |   637 |147914k| 465.1 |   836M |  40 |1125 |1348 |   0 |1883k|  0 |  65k|  11 | 0.000000e+00 |      --      |    Inf |  80.20%
  367m|318100 |   634 |147974k| 465.2 |   836M |  40 |1125 |1348 |3372 |1883k|  1 |  65k|  11 | 0.000000e+00 |      --      |    Inf |  80.20%
  367m|318200 |   633 |148039k| 465.2 |   836M |  40 |1125 |1348 |3364 |1883k|  0 |  65k|  11 | 0.000000e+00 |      --      |    Inf |  80.20%
 time | node  | left  |LP iter|LP it/n|mem/heur|mdpt |vars |cons |rows |cuts |sepa|confs|strbr|  dualbound   | primalbound  |  gap   | compl. 
  367m|318300 |   629 |148099k| 465.3 |   836M |  40 |1125 |1348 |3351 |1883k|  2 |  65k|  11 | 0.000000e+00 |      --      |    Inf |  80.21%
  367m|318400 |   629 |148184k| 465.4 |   836M |  40 |1125 |1348 |3374 |1884k|  0 |  65k|  11 | 0.000000e+00 |      --      |    Inf |  80.25%
  367m|318500 |   626 |148271k| 465.5 |   836M |  40 |1125 |1348 |3356 |1884k|  0 |  65k|  11 | 0.000000e+00 |      --      |    Inf |  80.26%
  367m|318600 |   610 |148320k| 465.5 |   836M |  40 |1125 |1348 |3454 |1885k|  0 |  65k|  11 | 0.000000e+00 |      --      |    Inf |  80.30%
  367m|318700 |   610 |148392k| 465.6 |   836M |  40 |1125 |1348 |3750 |1885k|  1 |  65k|  11 | 0.000000e+00 |      --      |    Inf |  80.32%
  368m|318800 |   607 |148442k| 465.6 |   836M |  40 |1125 |1347 |3165 |1885k|  0 |  65k|  11 | 0.000000e+00 |      --      |    Inf |  80.33%
  368m|318900 |   610 |148484k| 465.6 |   836M |  40 |1125 |1347 |2729 |1886k|  2 |  65k|  11 | 0.000000e+00 |      --      |    Inf |  80.33%
  368m|319000 |   598 |148536k| 465.6 |   836M |  40 |1125 |1347 |   0 |1887k|  0 |  65k|  11 | 0.000000e+00 |      --      |    Inf |  80.35%
  368m|319100 |   607 |148616k| 465.7 |   836M |  40 |1125 |1347 |3281 |1887k|  0 |  65k|  11 | 0.000000e+00 |      --      |    Inf |  80.36%
  368m|319200 |   603 |148664k| 465.7 |   836M |  40 |1125 |1347 |3189 |1887k|  0 |  65k|  11 | 0.000000e+00 |      --      |    Inf |  80.38%
  368m|319300 |   603 |148717k| 465.8 |   836M |  40 |1125 |1347 |3148 |1888k|  1 |  65k|  11 | 0.000000e+00 |      --      |    Inf |  80.39%
  368m|319400 |   601 |148778k| 465.8 |   836M |  40 |1125 |1347 |3130 |1888k|  0 |  65k|  11 | 0.000000e+00 |      --      |    Inf |  80.40%
  368m|319500 |   599 |148833k| 465.8 |   836M |  40 |1125 |1347 |3228 |1888k|  2 |  65k|  11 | 0.000000e+00 |      --      |    Inf |  80.45%
  368m|319600 |   596 |148884k| 465.8 |   836M |  40 |1125 |1347 |2853 |1889k|  0 |  65k|  11 | 0.000000e+00 |      --      |    Inf |  80.47%
  368m|319700 |   590 |148939k| 465.9 |   836M |  40 |1125 |1347 |3439 |1889k|  0 |  65k|  11 | 0.000000e+00 |      --      |    Inf |  80.49%
 time | node  | left  |LP iter|LP it/n|mem/heur|mdpt |vars |cons |rows |cuts |sepa|confs|strbr|  dualbound   | primalbound  |  gap   | compl. 
  368m|319800 |   586 |149000k| 465.9 |   836M |  40 |1125 |1347 |3391 |1890k|  2 |  65k|  11 | 0.000000e+00 |      --      |    Inf |  80.51%
  369m|319900 |   580 |149059k| 465.9 |   836M |  40 |1125 |1347 |2651 |1890k|  2 |  65k|  11 | 0.000000e+00 |      --      |    Inf |  80.53%
  369m|320000 |   574 |149120k| 466.0 |   836M |  40 |1125 |1347 |3249 |1891k|  0 |  65k|  11 | 0.000000e+00 |      --      |    Inf |  80.54%
  369m|320100 |   572 |149188k| 466.1 |   836M |  40 |1125 |1347 |3079 |1892k|  1 |  65k|  11 | 0.000000e+00 |      --      |    Inf |  80.57%
  369m|320200 |   568 |149235k| 466.1 |   836M |  40 |1125 |1348 |3113 |1893k|  0 |  65k|  11 | 0.000000e+00 |      --      |    Inf |  80.59%
  369m|320300 |   574 |149287k| 466.1 |   836M |  40 |1125 |1347 |3619 |1893k|  2 |  65k|  11 | 0.000000e+00 |      --      |    Inf |  80.60%
  369m|320400 |   567 |149351k| 466.1 |   836M |  40 |1125 |1347 |3572 |1893k|  2 |  65k|  11 | 0.000000e+00 |      --      |    Inf |  80.61%
  369m|320500 |   565 |149408k| 466.2 |   836M |  40 |1125 |1348 |3614 |1894k|  0 |  65k|  11 | 0.000000e+00 |      --      |    Inf |  80.61%
  369m|320600 |   562 |149463k| 466.2 |   836M |  40 |1125 |1350 |3460 |1894k|  1 |  65k|  11 | 0.000000e+00 |      --      |    Inf |  80.65%
  369m|320700 |   573 |149519k| 466.2 |   836M |  40 |1125 |1349 |3148 |1894k|  0 |  65k|  11 | 0.000000e+00 |      --      |    Inf |  80.68%
  369m|320800 |   566 |149571k| 466.2 |   836M |  40 |1125 |1348 |3188 |1895k|  2 |  65k|  11 | 0.000000e+00 |      --      |    Inf |  80.70%
  370m|320900 |   556 |149630k| 466.3 |   836M |  40 |1125 |1348 |3038 |1895k|  0 |  65k|  11 | 0.000000e+00 |      --      |    Inf |  80.76%
  370m|321000 |   550 |149686k| 466.3 |   836M |  40 |1125 |1348 |3888 |1896k|  0 |  66k|  11 | 0.000000e+00 |      --      |    Inf |  80.77%
  370m|321100 |   553 |149747k| 466.4 |   836M |  40 |1125 |1348 |3355 |1896k|  0 |  66k|  11 | 0.000000e+00 |      --      |    Inf |  80.79%
  370m|321200 |   553 |149805k| 466.4 |   836M |  40 |1125 |1348 |3300 |1896k|  2 |  66k|  11 | 0.000000e+00 |      --      |    Inf |  80.80%
 time | node  | left  |LP iter|LP it/n|mem/heur|mdpt |vars |cons |rows |cuts |sepa|confs|strbr|  dualbound   | primalbound  |  gap   | compl. 
  370m|321300 |   545 |149866k| 466.4 |   836M |  40 |1125 |1348 |3904 |1897k|  0 |  66k|  11 | 0.000000e+00 |      --      |    Inf |  80.82%
  370m|321400 |   540 |149922k| 466.5 |   836M |  40 |1125 |1348 |2677 |1897k|  2 |  66k|  11 | 0.000000e+00 |      --      |    Inf |  80.92%
  370m|321500 |   549 |149984k| 466.5 |   836M |  40 |1125 |1348 |3169 |1898k|  2 |  66k|  11 | 0.000000e+00 |      --      |    Inf |  80.98%
  370m|321600 |   548 |150052k| 466.6 |   836M |  40 |1125 |1348 |3098 |1899k|  3 |  66k|  11 | 0.000000e+00 |      --      |    Inf |  80.99%
  370m|321700 |   548 |150102k| 466.6 |   836M |  40 |1125 |1349 |3090 |1900k|  2 |  66k|  11 | 0.000000e+00 |      --      |    Inf |  81.06%
  370m|321800 |   545 |150158k| 466.6 |   836M |  40 |1125 |1349 |3092 |1900k|  1 |  66k|  11 | 0.000000e+00 |      --      |    Inf |  81.07%
  371m|321900 |   551 |150219k| 466.7 |   836M |  40 |1125 |1350 |3193 |1901k|  3 |  66k|  11 | 0.000000e+00 |      --      |    Inf |  81.17%
  371m|322000 |   549 |150277k| 466.7 |   836M |  40 |1125 |1350 |3262 |1901k|  2 |  66k|  11 | 0.000000e+00 |      --      |    Inf |  81.18%
  371m|322100 |   553 |150325k| 466.7 |   836M |  40 |1125 |1350 |3317 |1902k|  1 |  66k|  11 | 0.000000e+00 |      --      |    Inf |  81.19%
  371m|322200 |   547 |150380k| 466.7 |   836M |  40 |1125 |1351 |3321 |1902k|  2 |  66k|  11 | 0.000000e+00 |      --      |    Inf |  81.19%
  371m|322300 |   549 |150460k| 466.8 |   836M |  40 |1125 |1352 |3274 |1903k|  2 |  66k|  11 | 0.000000e+00 |      --      |    Inf |  81.20%
  371m|322400 |   545 |150526k| 466.9 |   836M |  40 |1125 |1353 |3144 |1903k|  2 |  66k|  11 | 0.000000e+00 |      --      |    Inf |  81.20%
  371m|322500 |   543 |150602k| 467.0 |   836M |  40 |1125 |1352 |   0 |1904k|  0 |  66k|  11 | 0.000000e+00 |      --      |    Inf |  81.22%
  371m|322600 |   541 |150670k| 467.0 |   836M |  40 |1125 |1352 |   0 |1905k|  0 |  66k|  11 | 0.000000e+00 |      --      |    Inf |  81.28%
  371m|322700 |   545 |150729k| 467.1 |   836M |  40 |1125 |1352 |3202 |1905k|  2 |  66k|  11 | 0.000000e+00 |      --      |    Inf |  81.30%
 time | node  | left  |LP iter|LP it/n|mem/heur|mdpt |vars |cons |rows |cuts |sepa|confs|strbr|  dualbound   | primalbound  |  gap   | compl. 
  372m|322800 |   547 |150802k| 467.2 |   836M |  40 |1125 |1352 |3288 |1906k|  1 |  66k|  11 | 0.000000e+00 |      --      |    Inf |  81.30%
  372m|322900 |   542 |150855k| 467.2 |   836M |  40 |1125 |1352 |3291 |1906k|  2 |  66k|  11 | 0.000000e+00 |      --      |    Inf |  81.30%
  372m|323000 |   541 |150904k| 467.2 |   836M |  40 |1125 |1352 |   0 |1907k|  0 |  66k|  11 | 0.000000e+00 |      --      |    Inf |  81.31%
  372m|323100 |   528 |150947k| 467.2 |   836M |  40 |1125 |1352 |3799 |1908k|  0 |  66k|  11 | 0.000000e+00 |      --      |    Inf |  81.33%
  372m|323200 |   525 |151016k| 467.2 |   836M |  40 |1125 |1350 |3202 |1908k|  0 |  66k|  11 | 0.000000e+00 |      --      |    Inf |  81.48%
  372m|323300 |   533 |151126k| 467.4 |   836M |  40 |1125 |1349 |3295 |1909k|  0 |  66k|  11 | 0.000000e+00 |      --      |    Inf |  81.56%
  372m|323400 |   535 |151199k| 467.5 |   836M |  40 |1125 |1350 |3299 |1910k|  2 |  66k|  11 | 0.000000e+00 |      --      |    Inf |  81.59%
  372m|323500 |   538 |151268k| 467.6 |   836M |  40 |1125 |1350 |3302 |1910k|  0 |  66k|  11 | 0.000000e+00 |      --      |    Inf |  81.60%
  373m|323600 |   537 |151349k| 467.7 |   836M |  40 |1125 |1350 |3390 |1911k|  2 |  66k|  11 | 0.000000e+00 |      --      |    Inf |  81.64%
  373m|323700 |   533 |151422k| 467.8 |   836M |  40 |1125 |1349 |3288 |1911k|  0 |  66k|  11 | 0.000000e+00 |      --      |    Inf |  81.67%
  373m|323800 |   537 |151503k| 467.9 |   836M |  40 |1125 |1349 |3354 |1911k|  2 |  66k|  11 | 0.000000e+00 |      --      |    Inf |  81.67%
  373m|323900 |   531 |151588k| 468.0 |   836M |  40 |1125 |1349 |   0 |1912k|  0 |  66k|  11 | 0.000000e+00 |      --      |    Inf |  81.68%
  373m|324000 |   540 |151656k| 468.1 |   836M |  40 |1125 |1349 |3387 |1912k|  0 |  66k|  11 | 0.000000e+00 |      --      |    Inf |  81.68%
  373m|324100 |   532 |151730k| 468.2 |   836M |  40 |1125 |1348 |3364 |1912k|  1 |  66k|  11 | 0.000000e+00 |      --      |    Inf |  81.68%
  373m|324200 |   530 |151815k| 468.3 |   836M |  40 |1125 |1347 |3522 |1913k|  0 |  66k|  11 | 0.000000e+00 |      --      |    Inf |  81.71%
 time | node  | left  |LP iter|LP it/n|mem/heur|mdpt |vars |cons |rows |cuts |sepa|confs|strbr|  dualbound   | primalbound  |  gap   | compl. 
  374m|324300 |   524 |151917k| 468.4 |   836M |  40 |1125 |1347 |3492 |1913k|  1 |  66k|  11 | 0.000000e+00 |      --      |    Inf |  81.72%
  374m|324400 |   528 |151999k| 468.5 |   836M |  40 |1125 |1347 |3433 |1913k|  1 |  66k|  11 | 0.000000e+00 |      --      |    Inf |  81.74%
  374m|324500 |   522 |152054k| 468.6 |   836M |  40 |1125 |1347 |3272 |1914k|  0 |  66k|  11 | 0.000000e+00 |      --      |    Inf |  81.83%
  374m|324600 |   520 |152104k| 468.6 |   836M |  40 |1125 |1347 |3305 |1914k|  2 |  66k|  11 | 0.000000e+00 |      --      |    Inf |  81.85%
  374m|324700 |   517 |152164k| 468.6 |   836M |  40 |1125 |1347 |3319 |1915k|  2 |  66k|  11 | 0.000000e+00 |      --      |    Inf |  81.91%
  374m|324800 |   516 |152222k| 468.7 |   836M |  40 |1125 |1347 |3170 |1915k|  0 |  66k|  11 | 0.000000e+00 |      --      |    Inf |  81.92%
  374m|324900 |   517 |152263k| 468.6 |   836M |  40 |1125 |1347 |3228 |1915k|  0 |  66k|  11 | 0.000000e+00 |      --      |    Inf |  81.92%
  374m|325000 |   518 |152293k| 468.6 |   836M |  40 |1125 |1347 |3115 |1916k|  2 |  66k|  11 | 0.000000e+00 |      --      |    Inf |  81.92%
  374m|325100 |   517 |152322k| 468.5 |   836M |  40 |1125 |1347 |3202 |1916k|  0 |  66k|  11 | 0.000000e+00 |      --      |    Inf |  81.92%
  374m|325200 |   515 |152346k| 468.5 |   836M |  40 |1125 |1347 |2714 |1916k|  1 |  66k|  11 | 0.000000e+00 |      --      |    Inf |  81.97%
  374m|325300 |   506 |152370k| 468.4 |   836M |  40 |1125 |1347 |2608 |1916k|  2 |  66k|  11 | 0.000000e+00 |      --      |    Inf |  82.08%
  374m|325400 |   513 |152395k| 468.3 |   836M |  40 |1125 |1348 |3413 |1917k|  1 |  66k|  11 | 0.000000e+00 |      --      |    Inf |  82.10%
  374m|325500 |   508 |152421k| 468.3 |   836M |  40 |1125 |1348 |3399 |1917k|  2 |  66k|  11 | 0.000000e+00 |      --      |    Inf |  82.10%
  375m|325600 |   508 |152445k| 468.2 |   836M |  40 |1125 |1349 |3407 |1917k|  0 |  66k|  11 | 0.000000e+00 |      --      |    Inf |  82.10%
  375m|325700 |   512 |152477k| 468.1 |   836M |  40 |1125 |1349 |3401 |1917k|  2 |  66k|  11 | 0.000000e+00 |      --      |    Inf |  82.14%
 time | node  | left  |LP iter|LP it/n|mem/heur|mdpt |vars |cons |rows |cuts |sepa|confs|strbr|  dualbound   | primalbound  |  gap   | compl. 
  375m|325800 |   512 |152503k| 468.1 |   836M |  40 |1125 |1347 |3404 |1917k|  1 |  66k|  11 | 0.000000e+00 |      --      |    Inf |  82.19%
  375m|325900 |   518 |152536k| 468.0 |   836M |  40 |1125 |1347 |3414 |1917k|  1 |  66k|  11 | 0.000000e+00 |      --      |    Inf |  82.20%
  375m|326000 |   524 |152574k| 468.0 |   836M |  40 |1125 |1347 |3424 |1918k|  0 |  66k|  11 | 0.000000e+00 |      --      |    Inf |  82.21%
  375m|326100 |   520 |152615k| 468.0 |   836M |  40 |1125 |1348 |3445 |1918k|  2 |  66k|  11 | 0.000000e+00 |      --      |    Inf |  82.21%
  375m|326200 |   514 |152649k| 468.0 |   836M |  40 |1125 |1348 |3428 |1918k|  1 |  66k|  11 | 0.000000e+00 |      --      |    Inf |  82.22%
  375m|326300 |   514 |152673k| 467.9 |   836M |  40 |1125 |1348 |3445 |1918k|  2 |  66k|  11 | 0.000000e+00 |      --      |    Inf |  82.23%
  375m|326400 |   518 |152702k| 467.8 |   836M |  40 |1125 |1348 |3428 |1918k|  1 |  66k|  11 | 0.000000e+00 |      --      |    Inf |  82.23%
  375m|326500 |   524 |152734k| 467.8 |   836M |  40 |1125 |1348 |3403 |1919k|  1 |  66k|  11 | 0.000000e+00 |      --      |    Inf |  82.24%
  375m|326600 |   517 |152767k| 467.7 |   836M |  40 |1125 |1348 |3443 |1919k|  0 |  66k|  11 | 0.000000e+00 |      --      |    Inf |  82.25%
  375m|326700 |   506 |152801k| 467.7 |   836M |  40 |1125 |1349 |   0 |1919k|  0 |  66k|  11 | 0.000000e+00 |      --      |    Inf |  82.25%
  375m|326800 |   499 |152831k| 467.7 |   836M |  40 |1125 |1349 |2561 |1919k|  2 |  66k|  11 | 0.000000e+00 |      --      |    Inf |  82.29%
  375m|326900 |   491 |152853k| 467.6 |   836M |  40 |1125 |1349 |   0 |1919k|  0 |  66k|  11 | 0.000000e+00 |      --      |    Inf |  82.34%
  375m|327000 |   507 |152898k| 467.6 |   836M |  40 |1125 |1349 |2998 |1920k|  1 |  66k|  11 | 0.000000e+00 |      --      |    Inf |  82.36%
  375m|327100 |   508 |152955k| 467.6 |   836M |  40 |1125 |1348 |3147 |1921k|  2 |  67k|  11 | 0.000000e+00 |      --      |    Inf |  82.36%
  376m|327200 |   508 |153004k| 467.6 |   836M |  40 |1125 |1348 |3203 |1921k|  2 |  67k|  11 | 0.000000e+00 |      --      |    Inf |  82.36%
 time | node  | left  |LP iter|LP it/n|mem/heur|mdpt |vars |cons |rows |cuts |sepa|confs|strbr|  dualbound   | primalbound  |  gap   | compl. 
  376m|327300 |   502 |153074k| 467.7 |   836M |  40 |1125 |1348 |3038 |1921k|  2 |  67k|  11 | 0.000000e+00 |      --      |    Inf |  82.36%
  376m|327400 |   506 |153155k| 467.8 |   836M |  40 |1125 |1348 |3214 |1922k|  0 |  67k|  11 | 0.000000e+00 |      --      |    Inf |  82.36%
  376m|327500 |   500 |153225k| 467.9 |   836M |  40 |1125 |1347 |3170 |1923k|  2 |  67k|  11 | 0.000000e+00 |      --      |    Inf |  82.36%
  376m|327600 |   504 |153313k| 468.0 |   836M |  40 |1125 |1347 |3035 |1924k|  2 |  67k|  11 | 0.000000e+00 |      --      |    Inf |  82.37%
  376m|327700 |   509 |153400k| 468.1 |   836M |  40 |1125 |1347 |3229 |1925k|  0 |  67k|  11 | 0.000000e+00 |      --      |    Inf |  82.37%
  376m|327800 |   502 |153497k| 468.3 |   836M |  40 |1125 |1347 |3221 |1926k|  0 |  67k|  11 | 0.000000e+00 |      --      |    Inf |  82.37%
  376m|327900 |   502 |153559k| 468.3 |   836M |  40 |1125 |1348 |3111 |1926k|  2 |  67k|  11 | 0.000000e+00 |      --      |    Inf |  82.37%
  377m|328000 |   504 |153620k| 468.3 |   836M |  40 |1125 |1350 |3130 |1927k|  0 |  67k|  11 | 0.000000e+00 |      --      |    Inf |  82.37%
  377m|328100 |   501 |153664k| 468.3 |   836M |  40 |1125 |1350 |3134 |1927k|  1 |  67k|  11 | 0.000000e+00 |      --      |    Inf |  82.37%
  377m|328200 |   499 |153748k| 468.5 |   836M |  40 |1125 |1350 |3179 |1928k|  2 |  67k|  11 | 0.000000e+00 |      --      |    Inf |  82.37%
  377m|328300 |   497 |153819k| 468.5 |   836M |  40 |1125 |1350 |3226 |1928k|  0 |  67k|  11 | 0.000000e+00 |      --      |    Inf |  82.37%
  377m|328400 |   505 |153896k| 468.6 |   836M |  40 |1125 |1351 |   0 |1929k|  0 |  67k|  11 | 0.000000e+00 |      --      |    Inf |  82.38%
  377m|328500 |   501 |153972k| 468.7 |   837M |  40 |1125 |1351 |2978 |1929k|  2 |  67k|  11 | 0.000000e+00 |      --      |    Inf |  82.38%
  377m|328600 |   503 |154033k| 468.7 |   837M |  40 |1125 |1350 |3111 |1930k|  0 |  67k|  11 | 0.000000e+00 |      --      |    Inf |  82.38%
  377m|328700 |   501 |154093k| 468.8 |   837M |  40 |1125 |1347 |3096 |1930k|  2 |  67k|  11 | 0.000000e+00 |      --      |    Inf |  82.38%
 time | node  | left  |LP iter|LP it/n|mem/heur|mdpt |vars |cons |rows |cuts |sepa|confs|strbr|  dualbound   | primalbound  |  gap   | compl. 
  377m|328800 |   497 |154180k| 468.9 |   837M |  40 |1125 |1347 |3149 |1931k|  0 |  67k|  11 | 0.000000e+00 |      --      |    Inf |  82.39%
  378m|328900 |   503 |154251k| 469.0 |   837M |  40 |1125 |1348 |3140 |1932k|  2 |  67k|  11 | 0.000000e+00 |      --      |    Inf |  82.39%
  378m|329000 |   497 |154345k| 469.1 |   837M |  40 |1125 |1348 |3145 |1933k|  2 |  67k|  11 | 0.000000e+00 |      --      |    Inf |  82.39%
  378m|329100 |   494 |154413k| 469.2 |   837M |  40 |1125 |1348 |3174 |1933k|  0 |  67k|  11 | 0.000000e+00 |      --      |    Inf |  82.39%
  378m|329200 |   496 |154499k| 469.3 |   837M |  40 |1125 |1347 |3111 |1934k|  0 |  67k|  11 | 0.000000e+00 |      --      |    Inf |  82.39%
  378m|329300 |   502 |154580k| 469.4 |   837M |  40 |1125 |1347 |3213 |1935k|  0 |  67k|  11 | 0.000000e+00 |      --      |    Inf |  82.40%
  378m|329400 |   499 |154650k| 469.5 |   837M |  40 |1125 |1347 |3234 |1935k|  1 |  67k|  11 | 0.000000e+00 |      --      |    Inf |  82.40%
  378m|329500 |   496 |154718k| 469.5 |   837M |  40 |1125 |1349 |3176 |1935k|  2 |  67k|  11 | 0.000000e+00 |      --      |    Inf |  82.40%
  378m|329600 |   500 |154779k| 469.6 |   837M |  40 |1125 |1349 |3208 |1936k|  2 |  67k|  11 | 0.000000e+00 |      --      |    Inf |  82.40%
  379m|329700 |   497 |154850k| 469.7 |   837M |  40 |1125 |1349 |3271 |1936k|  0 |  67k|  11 | 0.000000e+00 |      --      |    Inf |  82.40%
  379m|329800 |   506 |154929k| 469.8 |   837M |  40 |1125 |1347 |3294 |1937k|  2 |  67k|  11 | 0.000000e+00 |      --      |    Inf |  82.41%
  379m|329900 |   492 |154993k| 469.8 |   837M |  40 |1125 |1348 |3176 |1937k|  0 |  67k|  11 | 0.000000e+00 |      --      |    Inf |  82.41%
  379m|330000 |   500 |155074k| 469.9 |   837M |  40 |1125 |1348 |3175 |1938k|  0 |  67k|  11 | 0.000000e+00 |      --      |    Inf |  82.41%
  379m|330100 |   498 |155131k| 469.9 |   837M |  40 |1125 |1347 |3189 |1938k|  2 |  67k|  11 | 0.000000e+00 |      --      |    Inf |  82.41%
  379m|330200 |   497 |155197k| 470.0 |   837M |  40 |1125 |1347 |3156 |1939k|  2 |  67k|  11 | 0.000000e+00 |      --      |    Inf |  82.41%
 time | node  | left  |LP iter|LP it/n|mem/heur|mdpt |vars |cons |rows |cuts |sepa|confs|strbr|  dualbound   | primalbound  |  gap   | compl. 
  379m|330300 |   494 |155263k| 470.1 |   837M |  40 |1125 |1347 |3332 |1939k|  0 |  67k|  11 | 0.000000e+00 |      --      |    Inf |  82.41%
  379m|330400 |   494 |155352k| 470.2 |   837M |  40 |1125 |1348 |3168 |1940k|  1 |  67k|  11 | 0.000000e+00 |      --      |    Inf |  82.42%
  380m|330500 |   495 |155447k| 470.3 |   837M |  40 |1125 |1347 |3160 |1941k|  2 |  67k|  11 | 0.000000e+00 |      --      |    Inf |  82.43%
  380m|330600 |   501 |155527k| 470.4 |   837M |  40 |1125 |1347 |3179 |1941k|  2 |  67k|  11 | 0.000000e+00 |      --      |    Inf |  82.43%
  380m|330700 |   491 |155601k| 470.5 |   837M |  40 |1125 |1347 |3190 |1942k|  0 |  67k|  11 | 0.000000e+00 |      --      |    Inf |  82.44%
  380m|330800 |   496 |155663k| 470.6 |   837M |  40 |1125 |1347 |3188 |1942k|  2 |  67k|  11 | 0.000000e+00 |      --      |    Inf |  82.44%
  380m|330900 |   491 |155722k| 470.6 |   837M |  40 |1125 |1347 |3143 |1943k|  2 |  67k|  11 | 0.000000e+00 |      --      |    Inf |  82.44%
  380m|331000 |   502 |155793k| 470.7 |   837M |  40 |1125 |1347 |3450 |1943k|  1 |  67k|  11 | 0.000000e+00 |      --      |    Inf |  82.46%
  380m|331100 |   499 |155859k| 470.7 |   837M |  40 |1125 |1348 |   0 |1944k|  0 |  67k|  11 | 0.000000e+00 |      --      |    Inf |  82.47%
  380m|331200 |   505 |155930k| 470.8 |   837M |  40 |1125 |1348 |3525 |1945k|  2 |  67k|  11 | 0.000000e+00 |      --      |    Inf |  82.47%
  381m|331300 |   495 |155991k| 470.8 |   837M |  40 |1125 |1349 |   0 |1945k|  0 |  67k|  11 | 0.000000e+00 |      --      |    Inf |  82.47%
  381m|331400 |   494 |156068k| 470.9 |   837M |  40 |1125 |1349 |3441 |1945k|  0 |  67k|  11 | 0.000000e+00 |      --      |    Inf |  82.47%
  381m|331500 |   502 |156133k| 471.0 |   837M |  40 |1125 |1348 |3408 |1946k|  0 |  67k|  11 | 0.000000e+00 |      --      |    Inf |  82.47%
  381m|331600 |   500 |156198k| 471.0 |   837M |  40 |1125 |1348 |3444 |1946k|  0 |  67k|  11 | 0.000000e+00 |      --      |    Inf |  82.47%
  381m|331700 |   511 |156264k| 471.1 |   837M |  40 |1125 |1348 |   0 |1947k|  0 |  67k|  11 | 0.000000e+00 |      --      |    Inf |  82.47%
 time | node  | left  |LP iter|LP it/n|mem/heur|mdpt |vars |cons |rows |cuts |sepa|confs|strbr|  dualbound   | primalbound  |  gap   | compl. 
  381m|331800 |   504 |156339k| 471.2 |   837M |  40 |1125 |1348 |3466 |1947k|  2 |  68k|  11 | 0.000000e+00 |      --      |    Inf |  82.47%
  381m|331900 |   503 |156395k| 471.2 |   837M |  40 |1125 |1348 |3482 |1947k|  2 |  68k|  11 | 0.000000e+00 |      --      |    Inf |  82.47%
  381m|332000 |   505 |156462k| 471.3 |   837M |  40 |1125 |1348 |3515 |1947k|  2 |  68k|  11 | 0.000000e+00 |      --      |    Inf |  82.47%
  381m|332100 |   503 |156529k| 471.3 |   837M |  40 |1125 |1348 |3478 |1948k|  0 |  68k|  11 | 0.000000e+00 |      --      |    Inf |  82.47%
  382m|332200 |   499 |156598k| 471.4 |   837M |  40 |1125 |1347 |3467 |1948k|  2 |  68k|  11 | 0.000000e+00 |      --      |    Inf |  82.47%
  382m|332300 |   497 |156665k| 471.5 |   837M |  40 |1125 |1347 |3496 |1948k|  0 |  68k|  11 | 0.000000e+00 |      --      |    Inf |  82.47%
  382m|332400 |   495 |156730k| 471.5 |   837M |  40 |1125 |1347 |3390 |1949k|  0 |  68k|  11 | 0.000000e+00 |      --      |    Inf |  82.47%
  382m|332500 |   494 |156773k| 471.5 |   837M |  40 |1125 |1348 |3022 |1949k|  0 |  68k|  11 | 0.000000e+00 |      --      |    Inf |  82.47%
  382m|332600 |   496 |156840k| 471.6 |   837M |  40 |1125 |1348 |   0 |1950k|  0 |  68k|  11 | 0.000000e+00 |      --      |    Inf |  82.48%
  382m|332700 |   492 |156901k| 471.6 |   837M |  40 |1125 |1348 |3483 |1950k|  2 |  68k|  11 | 0.000000e+00 |      --      |    Inf |  82.48%
  382m|332800 |   499 |156981k| 471.7 |   837M |  40 |1125 |1348 |3375 |1950k|  0 |  68k|  11 | 0.000000e+00 |      --      |    Inf |  82.49%
  382m|332900 |   504 |157035k| 471.7 |   837M |  40 |1125 |1348 |   0 |1951k|  0 |  68k|  11 | 0.000000e+00 |      --      |    Inf |  82.49%
  383m|333000 |   510 |157087k| 471.7 |   837M |  40 |1125 |1349 |3416 |1951k|  0 |  68k|  11 | 0.000000e+00 |      --      |    Inf |  82.49%
  383m|333100 |   504 |157130k| 471.7 |   837M |  40 |1125 |1350 |3410 |1951k|  2 |  68k|  11 | 0.000000e+00 |      --      |    Inf |  82.49%
  383m|333200 |   498 |157180k| 471.7 |   837M |  40 |1125 |1348 |3442 |1951k|  0 |  68k|  11 | 0.000000e+00 |      --      |    Inf |  82.49%
 time | node  | left  |LP iter|LP it/n|mem/heur|mdpt |vars |cons |rows |cuts |sepa|confs|strbr|  dualbound   | primalbound  |  gap   | compl. 
  383m|333300 |   503 |157241k| 471.8 |   837M |  40 |1125 |1348 |3370 |1952k|  0 |  68k|  11 | 0.000000e+00 |      --      |    Inf |  82.49%
  383m|333400 |   507 |157289k| 471.8 |   837M |  40 |1125 |1350 |3323 |1952k|  2 |  68k|  11 | 0.000000e+00 |      --      |    Inf |  82.49%
  383m|333500 |   503 |157336k| 471.8 |   837M |  40 |1125 |1350 |3438 |1952k|  2 |  68k|  11 | 0.000000e+00 |      --      |    Inf |  82.49%
  383m|333600 |   499 |157384k| 471.8 |   837M |  40 |1125 |1350 |3688 |1953k|  0 |  68k|  11 | 0.000000e+00 |      --      |    Inf |  82.49%
  383m|333700 |   496 |157437k| 471.8 |   837M |  40 |1125 |1350 |3544 |1953k|  2 |  68k|  11 | 0.000000e+00 |      --      |    Inf |  82.49%
  383m|333800 |   491 |157500k| 471.8 |   837M |  40 |1125 |1350 |3371 |1953k|  2 |  68k|  11 | 0.000000e+00 |      --      |    Inf |  82.49%
  383m|333900 |   494 |157565k| 471.9 |   837M |  40 |1125 |1350 |3412 |1953k|  0 |  68k|  11 | 0.000000e+00 |      --      |    Inf |  82.49%
  383m|334000 |   494 |157619k| 471.9 |   837M |  40 |1125 |1351 |3563 |1954k|  0 |  68k|  11 | 0.000000e+00 |      --      |    Inf |  82.49%
  384m|334100 |   497 |157692k| 472.0 |   837M |  40 |1125 |1348 |   0 |1954k|  0 |  68k|  11 | 0.000000e+00 |      --      |    Inf |  82.50%
  384m|334200 |   495 |157743k| 472.0 |   837M |  40 |1125 |1348 |3543 |1954k|  0 |  68k|  11 | 0.000000e+00 |      --      |    Inf |  82.50%
  384m|334300 |   496 |157814k| 472.1 |   837M |  40 |1125 |1348 |3598 |1954k|  1 |  68k|  11 | 0.000000e+00 |      --      |    Inf |  82.50%
  384m|334400 |   496 |157868k| 472.1 |   837M |  40 |1125 |1352 |3609 |1954k|  0 |  68k|  11 | 0.000000e+00 |      --      |    Inf |  82.50%
  384m|334500 |   501 |157915k| 472.1 |   837M |  40 |1125 |1352 |3637 |1955k|  1 |  68k|  11 | 0.000000e+00 |      --      |    Inf |  82.50%
  384m|334600 |   498 |157974k| 472.1 |   837M |  40 |1125 |1351 |3539 |1955k|  0 |  68k|  11 | 0.000000e+00 |      --      |    Inf |  82.50%
  384m|334700 |   498 |158017k| 472.1 |   837M |  40 |1125 |1350 |3585 |1955k|  2 |  68k|  11 | 0.000000e+00 |      --      |    Inf |  82.50%
 time | node  | left  |LP iter|LP it/n|mem/heur|mdpt |vars |cons |rows |cuts |sepa|confs|strbr|  dualbound   | primalbound  |  gap   | compl. 
  384m|334800 |   494 |158063k| 472.1 |   837M |  40 |1125 |1350 |3513 |1955k|  1 |  68k|  11 | 0.000000e+00 |      --      |    Inf |  82.50%
  384m|334900 |   500 |158110k| 472.1 |   837M |  40 |1125 |1348 |   0 |1955k|  0 |  68k|  11 | 0.000000e+00 |      --      |    Inf |  82.50%
  384m|335000 |   497 |158171k| 472.1 |   837M |  40 |1125 |1348 |3528 |1955k|  0 |  68k|  11 | 0.000000e+00 |      --      |    Inf |  82.50%
  384m|335100 |   491 |158214k| 472.1 |   837M |  40 |1125 |1348 |   0 |1955k|  0 |  68k|  11 | 0.000000e+00 |      --      |    Inf |  82.50%
  385m|335200 |   493 |158269k| 472.2 |   837M |  40 |1125 |1348 |3558 |1955k|  0 |  68k|  11 | 0.000000e+00 |      --      |    Inf |  82.50%
  385m|335300 |   495 |158333k| 472.2 |   837M |  40 |1125 |1348 |3540 |1956k|  0 |  68k|  11 | 0.000000e+00 |      --      |    Inf |  82.50%
  385m|335400 |   495 |158384k| 472.2 |   837M |  40 |1125 |1348 |3552 |1956k|  0 |  68k|  11 | 0.000000e+00 |      --      |    Inf |  82.50%
  385m|335500 |   497 |158446k| 472.3 |   837M |  40 |1125 |1351 |3568 |1956k|  0 |  68k|  11 | 0.000000e+00 |      --      |    Inf |  82.50%
  385m|335600 |   491 |158507k| 472.3 |   837M |  40 |1125 |1350 |3529 |1956k|  1 |  68k|  11 | 0.000000e+00 |      --      |    Inf |  82.50%
  385m|335700 |   503 |158556k| 472.3 |   837M |  40 |1125 |1349 |3851 |1956k|  1 |  68k|  11 | 0.000000e+00 |      --      |    Inf |  82.50%
  385m|335800 |   500 |158602k| 472.3 |   837M |  40 |1125 |1350 |3623 |1957k|  0 |  68k|  11 | 0.000000e+00 |      --      |    Inf |  82.50%
  385m|335900 |   501 |158653k| 472.3 |   837M |  40 |1125 |1350 |3855 |1957k|  1 |  68k|  11 | 0.000000e+00 |      --      |    Inf |  82.50%
  385m|336000 |   501 |158710k| 472.3 |   837M |  40 |1125 |1350 |3626 |1957k|  2 |  69k|  11 | 0.000000e+00 |      --      |    Inf |  82.50%
  385m|336100 |   500 |158765k| 472.4 |   837M |  40 |1125 |1349 |   0 |1957k|  0 |  69k|  11 | 0.000000e+00 |      --      |    Inf |  82.50%
  386m|336200 |   500 |158812k| 472.4 |   837M |  40 |1125 |1349 |3634 |1957k|  1 |  69k|  11 | 0.000000e+00 |      --      |    Inf |  82.50%
 time | node  | left  |LP iter|LP it/n|mem/heur|mdpt |vars |cons |rows |cuts |sepa|confs|strbr|  dualbound   | primalbound  |  gap   | compl. 
  386m|336300 |   505 |158864k| 472.4 |   837M |  40 |1125 |1349 |3622 |1957k|  0 |  69k|  11 | 0.000000e+00 |      --      |    Inf |  82.50%
  386m|336400 |   507 |158921k| 472.4 |   837M |  40 |1125 |1350 |3640 |1957k|  2 |  69k|  11 | 0.000000e+00 |      --      |    Inf |  82.50%
  386m|336500 |   500 |158966k| 472.4 |   837M |  40 |1125 |1350 |3628 |1957k|  1 |  69k|  11 | 0.000000e+00 |      --      |    Inf |  82.50%
  386m|336600 |   498 |159019k| 472.4 |   837M |  40 |1125 |1349 |   0 |1958k|  0 |  69k|  11 | 0.000000e+00 |      --      |    Inf |  82.50%
  386m|336700 |   497 |159088k| 472.5 |   837M |  40 |1125 |1348 |3661 |1958k|  0 |  69k|  11 | 0.000000e+00 |      --      |    Inf |  82.50%
  386m|336800 |   492 |159141k| 472.5 |   837M |  40 |1125 |1348 |3611 |1958k|  2 |  69k|  11 | 0.000000e+00 |      --      |    Inf |  82.51%
  386m|336900 |   495 |159202k| 472.5 |   837M |  40 |1125 |1349 |3605 |1958k|  1 |  69k|  11 | 0.000000e+00 |      --      |    Inf |  82.51%
  386m|337000 |   502 |159263k| 472.6 |   837M |  40 |1125 |1349 |3630 |1958k|  2 |  69k|  11 | 0.000000e+00 |      --      |    Inf |  82.51%
  386m|337100 |   501 |159336k| 472.7 |   837M |  40 |1125 |1349 |3680 |1959k|  0 |  69k|  11 | 0.000000e+00 |      --      |    Inf |  82.51%
  387m|337200 |   494 |159398k| 472.7 |   837M |  40 |1125 |1349 |3628 |1959k|  0 |  69k|  11 | 0.000000e+00 |      --      |    Inf |  82.51%
  387m|337300 |   498 |159475k| 472.8 |   837M |  40 |1125 |1348 |3597 |1959k|  0 |  69k|  11 | 0.000000e+00 |      --      |    Inf |  82.51%
  387m|337400 |   498 |159527k| 472.8 |   837M |  40 |1125 |1348 |   0 |1960k|  0 |  69k|  11 | 0.000000e+00 |      --      |    Inf |  82.51%
  387m|337500 |   497 |159575k| 472.8 |   837M |  40 |1125 |1348 |3567 |1960k|  2 |  69k|  11 | 0.000000e+00 |      --      |    Inf |  82.51%
  387m|337600 |   494 |159599k| 472.7 |   837M |  40 |1125 |1351 |3573 |1960k|  2 |  69k|  11 | 0.000000e+00 |      --      |    Inf |  82.51%
  387m|337700 |   495 |159616k| 472.6 |   837M |  40 |1125 |1352 |   0 |1960k|  0 |  69k|  11 | 0.000000e+00 |      --      |    Inf |  82.51%
 time | node  | left  |LP iter|LP it/n|mem/heur|mdpt |vars |cons |rows |cuts |sepa|confs|strbr|  dualbound   | primalbound  |  gap   | compl. 
  387m|337800 |   497 |159633k| 472.6 |   837M |  40 |1125 |1350 |   0 |1960k|  0 |  69k|  11 | 0.000000e+00 |      --      |    Inf |  82.51%
  387m|337900 |   497 |159652k| 472.5 |   837M |  40 |1125 |1349 |3602 |1960k|  1 |  69k|  11 | 0.000000e+00 |      --      |    Inf |  82.51%
  387m|338000 |   492 |159672k| 472.4 |   837M |  40 |1125 |1349 |3609 |1960k|  0 |  69k|  11 | 0.000000e+00 |      --      |    Inf |  82.51%
  387m|338100 |   487 |159692k| 472.3 |   837M |  40 |1125 |1349 |3590 |1960k|  0 |  69k|  11 | 0.000000e+00 |      --      |    Inf |  82.51%
  387m|338200 |   495 |159715k| 472.2 |   837M |  40 |1125 |1348 |3604 |1960k|  3 |  69k|  11 | 0.000000e+00 |      --      |    Inf |  82.52%
  387m|338300 |   492 |159743k| 472.2 |   837M |  40 |1125 |1348 |3610 |1960k|  0 |  69k|  11 | 0.000000e+00 |      --      |    Inf |  82.52%
  387m|338400 |   499 |159771k| 472.1 |   837M |  40 |1125 |1348 |3604 |1960k|  2 |  69k|  11 | 0.000000e+00 |      --      |    Inf |  82.52%
  387m|338500 |   487 |159800k| 472.1 |   837M |  40 |1125 |1348 |   0 |1960k|  0 |  69k|  11 | 0.000000e+00 |      --      |    Inf |  82.52%
  387m|338600 |   486 |159824k| 472.0 |   837M |  40 |1125 |1349 |   0 |1961k|  0 |  69k|  11 | 0.000000e+00 |      --      |    Inf |  82.52%
  387m|338700 |   494 |159844k| 471.9 |   837M |  40 |1125 |1349 |2752 |1961k|  1 |  69k|  11 | 0.000000e+00 |      --      |    Inf |  82.60%
  387m|338800 |   492 |159867k| 471.9 |   837M |  40 |1125 |1350 |3161 |1961k|  2 |  69k|  11 | 0.000000e+00 |      --      |    Inf |  82.92%
  387m|338900 |   486 |159887k| 471.8 |   837M |  40 |1125 |1351 |3159 |1961k|  2 |  69k|  11 | 0.000000e+00 |      --      |    Inf |  82.92%
  387m|339000 |   485 |159908k| 471.7 |   837M |  40 |1125 |1353 |3132 |1962k|  2 |  69k|  11 | 0.000000e+00 |      --      |    Inf |  82.98%
  387m|339100 |   485 |159930k| 471.6 |   837M |  40 |1125 |1349 |   0 |1962k|  0 |  69k|  11 | 0.000000e+00 |      --      |    Inf |  82.98%
  388m|339200 |   488 |159949k| 471.5 |   837M |  40 |1125 |1349 |3135 |1962k|  0 |  69k|  11 | 0.000000e+00 |      --      |    Inf |  82.98%
 time | node  | left  |LP iter|LP it/n|mem/heur|mdpt |vars |cons |rows |cuts |sepa|confs|strbr|  dualbound   | primalbound  |  gap   | compl. 
  388m|339300 |   481 |159977k| 471.5 |   837M |  40 |1125 |1349 |3247 |1962k|  0 |  69k|  11 | 0.000000e+00 |      --      |    Inf |  82.99%
  388m|339400 |   478 |160004k| 471.4 |   837M |  40 |1125 |1349 |   0 |1962k|  0 |  69k|  11 | 0.000000e+00 |      --      |    Inf |  83.00%
  388m|339500 |   483 |160031k| 471.4 |   837M |  40 |1125 |1348 |3385 |1963k|  1 |  69k|  11 | 0.000000e+00 |      --      |    Inf |  83.00%
  388m|339600 |   480 |160061k| 471.3 |   837M |  40 |1125 |1348 |   0 |1963k|  0 |  69k|  11 | 0.000000e+00 |      --      |    Inf |  83.00%
  388m|339700 |   478 |160082k| 471.2 |   837M |  40 |1125 |1348 |   0 |1963k|  0 |  69k|  11 | 0.000000e+00 |      --      |    Inf |  83.02%
  388m|339800 |   477 |160106k| 471.2 |   837M |  40 |1125 |1348 |2419 |1964k|  2 |  69k|  11 | 0.000000e+00 |      --      |    Inf |  83.03%
  388m|339900 |   475 |160136k| 471.1 |   837M |  40 |1125 |1349 |3163 |1964k|  2 |  69k|  11 | 0.000000e+00 |      --      |    Inf |  83.63%
  388m|340000 |   480 |160160k| 471.1 |   837M |  40 |1125 |1349 |3170 |1964k|  2 |  69k|  11 | 0.000000e+00 |      --      |    Inf |  83.83%
  388m|340100 |   480 |160182k| 471.0 |   837M |  40 |1125 |1349 |3166 |1964k|  1 |  69k|  11 | 0.000000e+00 |      --      |    Inf |  83.83%
  388m|340200 |   474 |160210k| 470.9 |   837M |  40 |1125 |1349 |2999 |1965k|  0 |  69k|  11 | 0.000000e+00 |      --      |    Inf |  83.84%
  388m|340300 |   469 |160237k| 470.9 |   837M |  40 |1125 |1349 |3148 |1965k|  0 |  69k|  11 | 0.000000e+00 |      --      |    Inf |  83.90%
  388m|340400 |   458 |160265k| 470.8 |   837M |  40 |1125 |1349 |3428 |1965k|  0 |  69k|  11 | 0.000000e+00 |      --      |    Inf |  83.97%
  388m|340500 |   457 |160291k| 470.7 |   837M |  40 |1125 |1349 |2792 |1966k|  0 |  69k|  11 | 0.000000e+00 |      --      |    Inf |  83.98%
  388m|340600 |   461 |160316k| 470.7 |   837M |  40 |1125 |1349 |2805 |1966k|  2 |  69k|  11 | 0.000000e+00 |      --      |    Inf |  83.98%
  388m|340700 |   454 |160342k| 470.6 |   837M |  40 |1125 |1349 |2839 |1966k|  0 |  69k|  11 | 0.000000e+00 |      --      |    Inf |  83.98%
 time | node  | left  |LP iter|LP it/n|mem/heur|mdpt |vars |cons |rows |cuts |sepa|confs|strbr|  dualbound   | primalbound  |  gap   | compl. 
  388m|340800 |   456 |160374k| 470.6 |   839M |  40 |1125 |1349 |2819 |1966k|  2 |  69k|  11 | 0.000000e+00 |      --      |    Inf |  83.98%
  388m|340900 |   459 |160410k| 470.5 |   839M |  40 |1125 |1349 |3026 |1967k|  0 |  69k|  11 | 0.000000e+00 |      --      |    Inf |  83.99%
  388m|341000 |   457 |160482k| 470.6 |   839M |  40 |1125 |1349 |3090 |1967k|  2 |  69k|  11 | 0.000000e+00 |      --      |    Inf |  83.99%
  389m|341100 |   455 |160546k| 470.7 |   839M |  40 |1125 |1349 |3109 |1968k|  2 |  70k|  11 | 0.000000e+00 |      --      |    Inf |  83.99%
  389m|341200 |   450 |160603k| 470.7 |   839M |  40 |1125 |1349 |   0 |1968k|  0 |  70k|  11 | 0.000000e+00 |      --      |    Inf |  84.00%
  389m|341300 |   452 |160639k| 470.7 |   839M |  40 |1125 |1349 |   0 |1968k|  0 |  70k|  11 | 0.000000e+00 |      --      |    Inf |  84.01%
  389m|341400 |   450 |160689k| 470.7 |   839M |  40 |1125 |1350 |3310 |1969k|  0 |  70k|  11 | 0.000000e+00 |      --      |    Inf |  84.01%
  389m|341500 |   446 |160748k| 470.7 |   839M |  40 |1125 |1348 |2718 |1970k|  2 |  70k|  11 | 0.000000e+00 |      --      |    Inf |  84.08%
  389m|341600 |   453 |160818k| 470.8 |   839M |  40 |1125 |1348 |3137 |1971k|  0 |  70k|  11 | 0.000000e+00 |      --      |    Inf |  84.08%
  389m|341700 |   459 |160872k| 470.8 |   839M |  40 |1125 |1348 |3119 |1971k|  2 |  70k|  11 | 0.000000e+00 |      --      |    Inf |  84.08%
  389m|341800 |   454 |160918k| 470.8 |   839M |  40 |1125 |1348 |   0 |1972k|  0 |  70k|  11 | 0.000000e+00 |      --      |    Inf |  84.08%
  389m|341900 |   461 |160967k| 470.8 |   839M |  40 |1125 |1348 |3092 |1972k|  2 |  70k|  11 | 0.000000e+00 |      --      |    Inf |  84.08%
  389m|342000 |   458 |161009k| 470.8 |   839M |  40 |1125 |1348 |2931 |1972k|  1 |  70k|  11 | 0.000000e+00 |      --      |    Inf |  84.08%
  389m|342100 |   465 |161091k| 470.9 |   839M |  40 |1125 |1348 |3256 |1974k|  2 |  70k|  11 | 0.000000e+00 |      --      |    Inf |  84.12%
  390m|342200 |   466 |161185k| 471.0 |   839M |  40 |1125 |1348 |2804 |1974k|  2 |  70k|  11 | 0.000000e+00 |      --      |    Inf |  84.13%
 time | node  | left  |LP iter|LP it/n|mem/heur|mdpt |vars |cons |rows |cuts |sepa|confs|strbr|  dualbound   | primalbound  |  gap   | compl. 
  390m|342300 |   459 |161276k| 471.1 |   839M |  40 |1125 |1348 |3260 |1975k|  0 |  70k|  11 | 0.000000e+00 |      --      |    Inf |  84.14%
  390m|342400 |   459 |161358k| 471.2 |   839M |  40 |1125 |1348 |3278 |1976k|  0 |  70k|  11 | 0.000000e+00 |      --      |    Inf |  84.15%
  390m|342500 |   458 |161438k| 471.3 |   839M |  40 |1125 |1348 |2844 |1977k|  2 |  70k|  11 | 0.000000e+00 |      --      |    Inf |  84.62%
  390m|342600 |   445 |161484k| 471.3 |   839M |  40 |1125 |1349 |3464 |1977k|  0 |  70k|  11 | 0.000000e+00 |      --      |    Inf |  84.97%
  390m|342700 |   457 |161555k| 471.4 |   839M |  40 |1125 |1349 |3412 |1978k|  2 |  70k|  11 | 0.000000e+00 |      --      |    Inf |  84.99%
  390m|342800 |   452 |161619k| 471.5 |   839M |  40 |1125 |1348 |3420 |1979k|  0 |  70k|  11 | 0.000000e+00 |      --      |    Inf |  85.00%
  390m|342900 |   451 |161677k| 471.5 |   839M |  40 |1125 |1349 |3389 |1979k|  0 |  70k|  11 | 0.000000e+00 |      --      |    Inf |  85.00%
  391m|343000 |   456 |161730k| 471.5 |   839M |  40 |1125 |1349 |3360 |1980k|  2 |  70k|  11 | 0.000000e+00 |      --      |    Inf |  85.00%
  391m|343100 |   460 |161781k| 471.5 |   839M |  40 |1125 |1348 |3392 |1980k|  1 |  70k|  11 | 0.000000e+00 |      --      |    Inf |  85.00%
  391m|343200 |   448 |161827k| 471.5 |   839M |  40 |1125 |1348 |3354 |1980k|  0 |  70k|  11 | 0.000000e+00 |      --      |    Inf |  85.00%
  391m|343300 |   446 |161903k| 471.6 |   839M |  40 |1125 |1351 |3397 |1980k|  0 |  70k|  11 | 0.000000e+00 |      --      |    Inf |  85.05%
  391m|343400 |   441 |161963k| 471.6 |   839M |  40 |1125 |1350 |2820 |1982k|  0 |  70k|  11 | 0.000000e+00 |      --      |    Inf |  85.10%
  391m|343500 |   438 |162052k| 471.8 |   839M |  40 |1125 |1350 |   0 |1982k|  0 |  70k|  11 | 0.000000e+00 |      --      |    Inf |  85.11%
  391m|343600 |   448 |162137k| 471.9 |   839M |  40 |1125 |1349 |   0 |1983k|  0 |  70k|  11 | 0.000000e+00 |      --      |    Inf |  85.11%
  391m|343700 |   445 |162199k| 471.9 |   839M |  40 |1125 |1349 |3034 |1983k|  0 |  70k|  11 | 0.000000e+00 |      --      |    Inf |  85.12%
 time | node  | left  |LP iter|LP it/n|mem/heur|mdpt |vars |cons |rows |cuts |sepa|confs|strbr|  dualbound   | primalbound  |  gap   | compl. 
  392m|343800 |   447 |162293k| 472.1 |   839M |  40 |1125 |1349 |3052 |1984k|  0 |  70k|  11 | 0.000000e+00 |      --      |    Inf |  85.12%
  392m|343900 |   439 |162341k| 472.1 |   839M |  40 |1125 |1348 |2742 |1985k|  0 |  70k|  11 | 0.000000e+00 |      --      |    Inf |  85.19%
  392m|344000 |   427 |162395k| 472.1 |   839M |  40 |1125 |1349 |3214 |1985k|  0 |  70k|  11 | 0.000000e+00 |      --      |    Inf |  85.21%
  392m|344100 |   423 |162449k| 472.1 |   839M |  40 |1125 |1349 |3967 |1986k|  1 |  70k|  11 | 0.000000e+00 |      --      |    Inf |  85.29%
  392m|344200 |   423 |162486k| 472.1 |   839M |  40 |1125 |1349 |3977 |1986k|  1 |  70k|  11 | 0.000000e+00 |      --      |    Inf |  85.30%
  392m|344300 |   432 |162541k| 472.1 |   839M |  40 |1125 |1348 |3489 |1986k|  0 |  70k|  11 | 0.000000e+00 |      --      |    Inf |  85.31%
  392m|344400 |   419 |162610k| 472.1 |   839M |  40 |1125 |1348 |2758 |1986k|  0 |  70k|  11 | 0.000000e+00 |      --      |    Inf |  85.33%
  392m|344500 |   413 |162675k| 472.2 |   839M |  40 |1125 |1348 |   0 |1987k|  0 |  70k|  11 | 0.000000e+00 |      --      |    Inf |  85.36%
  392m|344600 |   410 |162715k| 472.2 |   839M |  40 |1125 |1347 |2941 |1987k|  2 |  70k|  11 | 0.000000e+00 |      --      |    Inf |  85.37%
  392m|344700 |   418 |162770k| 472.2 |   839M |  40 |1125 |1347 |3240 |1987k|  0 |  70k|  11 | 0.000000e+00 |      --      |    Inf |  85.38%
  393m|344800 |   428 |162833k| 472.2 |   839M |  40 |1125 |1347 |3276 |1988k|  2 |  70k|  11 | 0.000000e+00 |      --      |    Inf |  85.38%
  393m|344900 |   430 |162895k| 472.3 |   839M |  40 |1125 |1347 |3285 |1988k|  2 |  70k|  11 | 0.000000e+00 |      --      |    Inf |  85.39%
  393m|345000 |   430 |162954k| 472.3 |   839M |  40 |1125 |1347 |   0 |1989k|  0 |  70k|  11 | 0.000000e+00 |      --      |    Inf |  85.40%
  393m|345100 |   422 |163020k| 472.4 |   839M |  40 |1125 |1347 |3229 |1989k|  0 |  70k|  11 | 0.000000e+00 |      --      |    Inf |  85.41%
  393m|345200 |   412 |163079k| 472.4 |   839M |  40 |1125 |1347 |3224 |1990k|  0 |  70k|  11 | 0.000000e+00 |      --      |    Inf |  85.42%
 time | node  | left  |LP iter|LP it/n|mem/heur|mdpt |vars |cons |rows |cuts |sepa|confs|strbr|  dualbound   | primalbound  |  gap   | compl. 
  393m|345300 |   424 |163146k| 472.5 |   839M |  40 |1125 |1347 |3187 |1990k|  0 |  70k|  11 | 0.000000e+00 |      --      |    Inf |  85.43%
  393m|345400 |   421 |163216k| 472.5 |   839M |  40 |1125 |1348 |3243 |1991k|  2 |  70k|  11 | 0.000000e+00 |      --      |    Inf |  85.44%
  393m|345500 |   419 |163284k| 472.6 |   839M |  40 |1125 |1348 |3301 |1991k|  2 |  70k|  11 | 0.000000e+00 |      --      |    Inf |  85.45%
  393m|345600 |   418 |163342k| 472.6 |   839M |  40 |1125 |1348 |   0 |1992k|  0 |  70k|  11 | 0.000000e+00 |      --      |    Inf |  85.45%
  394m|345700 |   418 |163407k| 472.7 |   839M |  40 |1125 |1349 |3123 |1992k|  0 |  70k|  11 | 0.000000e+00 |      --      |    Inf |  85.47%
  394m|345800 |   407 |163453k| 472.7 |   839M |  40 |1125 |1348 |3959 |1992k|  1 |  70k|  11 | 0.000000e+00 |      --      |    Inf |  85.50%
  394m|345900 |   411 |163502k| 472.7 |   842M |  40 |1125 |1347 |3984 |1992k|  1 |  70k|  11 | 0.000000e+00 |      --      |    Inf |  85.50%
  394m|346000 |   409 |163546k| 472.7 |   842M |  40 |1125 |1347 |4007 |1992k|  0 |  70k|  11 | 0.000000e+00 |      --      |    Inf |  85.50%
  394m|346100 |   404 |163593k| 472.7 |   843M |  40 |1125 |1347 |3132 |1993k|  2 |  70k|  11 | 0.000000e+00 |      --      |    Inf |  85.50%
  394m|346200 |   412 |163609k| 472.6 |   843M |  40 |1125 |1347 |2667 |1993k|  0 |  70k|  11 | 0.000000e+00 |      --      |    Inf |  85.51%
  394m|346300 |   410 |163635k| 472.5 |   843M |  40 |1125 |1347 |   0 |1993k|  0 |  70k|  11 | 0.000000e+00 |      --      |    Inf |  85.51%
  394m|346400 |   410 |163662k| 472.5 |   843M |  40 |1125 |1347 |2740 |1993k|  0 |  70k|  11 | 0.000000e+00 |      --      |    Inf |  85.51%
  394m|346500 |   411 |163681k| 472.4 |   843M |  40 |1125 |1348 |2698 |1994k|  0 |  70k|  11 | 0.000000e+00 |      --      |    Inf |  85.51%
  394m|346600 |   411 |163708k| 472.3 |   843M |  40 |1125 |1348 |2684 |1994k|  1 |  70k|  11 | 0.000000e+00 |      --      |    Inf |  85.51%
  394m|346700 |   410 |163730k| 472.2 |   843M |  40 |1125 |1348 |2691 |1995k|  0 |  71k|  11 | 0.000000e+00 |      --      |    Inf |  85.51%
 time | node  | left  |LP iter|LP it/n|mem/heur|mdpt |vars |cons |rows |cuts |sepa|confs|strbr|  dualbound   | primalbound  |  gap   | compl. 
  394m|346800 |   408 |163750k| 472.2 |   843M |  40 |1125 |1348 |2686 |1995k|  2 |  71k|  11 | 0.000000e+00 |      --      |    Inf |  85.51%
  394m|346900 |   406 |163774k| 472.1 |   843M |  40 |1125 |1349 |   0 |1996k|  0 |  71k|  11 | 0.000000e+00 |      --      |    Inf |  85.51%
  394m|347000 |   404 |163806k| 472.1 |   843M |  40 |1125 |1349 |2750 |1996k|  0 |  71k|  11 | 0.000000e+00 |      --      |    Inf |  85.51%
  394m|347100 |   403 |163832k| 472.0 |   843M |  40 |1125 |1349 |   0 |1996k|  0 |  71k|  11 | 0.000000e+00 |      --      |    Inf |  85.52%
  394m|347200 |   402 |163858k| 471.9 |   843M |  40 |1125 |1349 |3743 |1997k|  0 |  71k|  11 | 0.000000e+00 |      --      |    Inf |  85.59%
  394m|347300 |   403 |163878k| 471.9 |   843M |  40 |1125 |1349 |3444 |1997k|  2 |  71k|  11 | 0.000000e+00 |      --      |    Inf |  85.63%
  394m|347400 |   409 |163897k| 471.8 |   843M |  40 |1125 |1349 |2813 |1997k|  2 |  71k|  11 | 0.000000e+00 |      --      |    Inf |  85.65%
  394m|347500 |   412 |163924k| 471.7 |   843M |  40 |1125 |1349 |3037 |1997k|  2 |  71k|  11 | 0.000000e+00 |      --      |    Inf |  85.65%
  394m|347600 |   402 |163961k| 471.7 |   843M |  40 |1125 |1348 |3019 |1998k|  1 |  71k|  11 | 0.000000e+00 |      --      |    Inf |  85.66%
  394m|347700 |   409 |163982k| 471.6 |   843M |  40 |1125 |1348 |   0 |1998k|  0 |  71k|  11 | 0.000000e+00 |      --      |    Inf |  85.67%
  395m|347800 |   402 |164005k| 471.5 |   843M |  40 |1125 |1348 |3046 |1999k|  0 |  71k|  11 | 0.000000e+00 |      --      |    Inf |  85.67%
  395m|347900 |   409 |164041k| 471.5 |   843M |  40 |1125 |1348 |2806 |1999k|  0 |  71k|  11 | 0.000000e+00 |      --      |    Inf |  85.67%
  395m|348000 |   401 |164076k| 471.5 |   843M |  40 |1125 |1349 |2671 |2000k|  1 |  71k|  11 | 0.000000e+00 |      --      |    Inf |  85.67%
  395m|348100 |   398 |164105k| 471.4 |   843M |  40 |1125 |1348 |3249 |2000k|  2 |  71k|  11 | 0.000000e+00 |      --      |    Inf |  85.70%
  395m|348200 |   396 |164137k| 471.4 |   843M |  40 |1125 |1348 |3705 |2000k|  0 |  71k|  11 | 0.000000e+00 |      --      |    Inf |  85.75%
 time | node  | left  |LP iter|LP it/n|mem/heur|mdpt |vars |cons |rows |cuts |sepa|confs|strbr|  dualbound   | primalbound  |  gap   | compl. 
  395m|348300 |   404 |164157k| 471.3 |   843M |  40 |1125 |1348 |2969 |2000k|  2 |  71k|  11 | 0.000000e+00 |      --      |    Inf |  85.82%
  395m|348400 |   401 |164185k| 471.2 |   843M |  40 |1125 |1348 |2973 |2001k|  0 |  71k|  11 | 0.000000e+00 |      --      |    Inf |  85.86%
  395m|348500 |   400 |164205k| 471.2 |   843M |  40 |1125 |1348 |2971 |2001k|  2 |  71k|  11 | 0.000000e+00 |      --      |    Inf |  85.90%
  395m|348600 |   406 |164229k| 471.1 |   843M |  40 |1125 |1350 |   0 |2001k|  0 |  71k|  11 | 0.000000e+00 |      --      |    Inf |  85.96%
  395m|348700 |   403 |164255k| 471.0 |   843M |  40 |1125 |1350 |2972 |2001k|  2 |  71k|  11 | 0.000000e+00 |      --      |    Inf |  86.07%
  395m|348800 |   407 |164277k| 471.0 |   843M |  40 |1125 |1351 |2981 |2001k|  2 |  71k|  11 | 0.000000e+00 |      --      |    Inf |  86.19%
  395m|348900 |   401 |164304k| 470.9 |   843M |  40 |1125 |1351 |2984 |2001k|  0 |  71k|  11 | 0.000000e+00 |      --      |    Inf |  86.20%
  395m|349000 |   404 |164333k| 470.9 |   843M |  40 |1125 |1351 |2989 |2002k|  0 |  71k|  11 | 0.000000e+00 |      --      |    Inf |  86.20%
  395m|349100 |   413 |164360k| 470.8 |   843M |  40 |1125 |1348 |3025 |2002k|  2 |  71k|  11 | 0.000000e+00 |      --      |    Inf |  86.20%
  395m|349200 |   406 |164388k| 470.8 |   843M |  40 |1125 |1348 |2999 |2002k|  0 |  71k|  11 | 0.000000e+00 |      --      |    Inf |  86.21%
  395m|349300 |   404 |164420k| 470.7 |   843M |  40 |1125 |1348 |2967 |2002k|  2 |  71k|  11 | 0.000000e+00 |      --      |    Inf |  86.21%
  395m|349400 |   409 |164445k| 470.6 |   843M |  40 |1125 |1348 |2981 |2002k|  2 |  71k|  11 | 0.000000e+00 |      --      |    Inf |  86.21%
  395m|349500 |   403 |164471k| 470.6 |   843M |  40 |1125 |1348 |2991 |2003k|  0 |  71k|  11 | 0.000000e+00 |      --      |    Inf |  86.22%
  395m|349600 |   405 |164497k| 470.5 |   843M |  40 |1125 |1348 |3009 |2003k|  2 |  71k|  11 | 0.000000e+00 |      --      |    Inf |  86.22%
  395m|349700 |   400 |164539k| 470.5 |   843M |  40 |1125 |1348 |3026 |2003k|  2 |  71k|  11 | 0.000000e+00 |      --      |    Inf |  86.24%
 time | node  | left  |LP iter|LP it/n|mem/heur|mdpt |vars |cons |rows |cuts |sepa|confs|strbr|  dualbound   | primalbound  |  gap   | compl. 
  396m|349800 |   402 |164610k| 470.6 |   843M |  40 |1125 |1348 |3073 |2004k|  2 |  71k|  11 | 0.000000e+00 |      --      |    Inf |  86.24%
  396m|349900 |   398 |164671k| 470.6 |   843M |  40 |1125 |1348 |3047 |2004k|  0 |  71k|  11 | 0.000000e+00 |      --      |    Inf |  86.24%
  396m|350000 |   397 |164730k| 470.7 |   843M |  40 |1125 |1348 |3140 |2004k|  2 |  71k|  11 | 0.000000e+00 |      --      |    Inf |  86.24%
  396m|350100 |   393 |164790k| 470.7 |   843M |  40 |1125 |1348 |3334 |2005k|  0 |  71k|  11 | 0.000000e+00 |      --      |    Inf |  86.27%
  396m|350200 |   383 |164830k| 470.7 |   844M |  40 |1125 |1349 |2850 |2005k|  2 |  71k|  11 | 0.000000e+00 |      --      |    Inf |  86.46%
  396m|350300 |   389 |164890k| 470.7 |   844M |  40 |1125 |1349 |3308 |2006k|  0 |  71k|  11 | 0.000000e+00 |      --      |    Inf |  86.48%
  396m|350400 |   384 |164944k| 470.7 |   844M |  40 |1125 |1348 |3324 |2006k|  0 |  71k|  11 | 0.000000e+00 |      --      |    Inf |  86.49%
  396m|350500 |   390 |165000k| 470.7 |   844M |  40 |1125 |1348 |3049 |2007k|  1 |  71k|  11 | 0.000000e+00 |      --      |    Inf |  86.49%
  396m|350600 |   390 |165061k| 470.8 |   844M |  40 |1125 |1348 |3256 |2007k|  2 |  71k|  11 | 0.000000e+00 |      --      |    Inf |  86.50%
  396m|350700 |   396 |165130k| 470.9 |   844M |  40 |1125 |1347 |   0 |2008k|  0 |  71k|  11 | 0.000000e+00 |      --      |    Inf |  86.50%
  397m|350800 |   393 |165198k| 470.9 |   844M |  40 |1125 |1347 |3454 |2008k|  2 |  71k|  11 | 0.000000e+00 |      --      |    Inf |  86.50%
  397m|350900 |   392 |165249k| 470.9 |   844M |  40 |1125 |1347 |3430 |2009k|  2 |  71k|  11 | 0.000000e+00 |      --      |    Inf |  86.50%
  397m|351000 |   387 |165298k| 470.9 |   844M |  40 |1125 |1347 |3101 |2009k|  0 |  71k|  11 | 0.000000e+00 |      --      |    Inf |  86.50%
  397m|351100 |   387 |165362k| 471.0 |   844M |  40 |1125 |1349 |3351 |2010k|  2 |  71k|  11 | 0.000000e+00 |      --      |    Inf |  86.57%
  397m|351200 |   381 |165410k| 471.0 |   844M |  40 |1125 |1350 |3153 |2010k|  2 |  71k|  11 | 0.000000e+00 |      --      |    Inf |  86.57%
 time | node  | left  |LP iter|LP it/n|mem/heur|mdpt |vars |cons |rows |cuts |sepa|confs|strbr|  dualbound   | primalbound  |  gap   | compl. 
  397m|351300 |   387 |165468k| 471.0 |   844M |  40 |1125 |1350 |3265 |2011k|  2 |  71k|  11 | 0.000000e+00 |      --      |    Inf |  86.57%
  397m|351400 |   385 |165518k| 471.0 |   844M |  40 |1125 |1350 |3296 |2011k|  0 |  71k|  11 | 0.000000e+00 |      --      |    Inf |  86.57%
  397m|351500 |   380 |165571k| 471.0 |   844M |  40 |1125 |1350 |3175 |2012k|  0 |  71k|  11 | 0.000000e+00 |      --      |    Inf |  86.57%
  397m|351600 |   380 |165645k| 471.1 |   844M |  40 |1125 |1349 |3289 |2013k|  2 |  71k|  11 | 0.000000e+00 |      --      |    Inf |  86.57%
  397m|351700 |   387 |165713k| 471.2 |   844M |  40 |1125 |1349 |3051 |2014k|  2 |  71k|  11 | 0.000000e+00 |      --      |    Inf |  86.57%
  398m|351800 |   380 |165776k| 471.2 |   844M |  40 |1125 |1350 |2986 |2015k|  0 |  71k|  11 | 0.000000e+00 |      --      |    Inf |  86.57%
  398m|351900 |   379 |165836k| 471.3 |   844M |  40 |1125 |1349 |   0 |2015k|  0 |  71k|  11 | 0.000000e+00 |      --      |    Inf |  86.57%
  398m|352000 |   375 |165898k| 471.3 |   844M |  40 |1125 |1349 |   0 |2016k|  0 |  72k|  11 | 0.000000e+00 |      --      |    Inf |  86.77%
  398m|352100 |   378 |165956k| 471.3 |   844M |  40 |1125 |1349 |3534 |2016k|  0 |  72k|  11 | 0.000000e+00 |      --      |    Inf |  86.77%
  398m|352200 |   380 |166004k| 471.3 |   844M |  40 |1125 |1350 |3507 |2017k|  0 |  72k|  11 | 0.000000e+00 |      --      |    Inf |  86.77%
  398m|352300 |   381 |166054k| 471.3 |   844M |  40 |1125 |1350 |3512 |2017k|  2 |  72k|  11 | 0.000000e+00 |      --      |    Inf |  86.77%
  398m|352400 |   377 |166120k| 471.4 |   844M |  40 |1125 |1352 |   0 |2017k|  0 |  72k|  11 | 0.000000e+00 |      --      |    Inf |  86.77%
  398m|352500 |   378 |166180k| 471.4 |   844M |  40 |1125 |1352 |3173 |2018k|  0 |  72k|  11 | 0.000000e+00 |      --      |    Inf |  86.78%
  398m|352600 |   379 |166233k| 471.4 |   844M |  40 |1125 |1352 |3467 |2018k|  0 |  72k|  11 | 0.000000e+00 |      --      |    Inf |  86.84%
  398m|352700 |   377 |166290k| 471.5 |   844M |  40 |1125 |1351 |3019 |2019k|  0 |  72k|  11 | 0.000000e+00 |      --      |    Inf |  86.88%
 time | node  | left  |LP iter|LP it/n|mem/heur|mdpt |vars |cons |rows |cuts |sepa|confs|strbr|  dualbound   | primalbound  |  gap   | compl. 
  398m|352800 |   379 |166350k| 471.5 |   844M |  40 |1125 |1349 |3084 |2019k|  0 |  72k|  11 | 0.000000e+00 |      --      |    Inf |  86.91%
  399m|352900 |   377 |166405k| 471.5 |   844M |  40 |1125 |1348 |3021 |2019k|  2 |  72k|  11 | 0.000000e+00 |      --      |    Inf |  86.92%
  399m|353000 |   377 |166468k| 471.6 |   844M |  40 |1125 |1348 |3028 |2020k|  2 |  72k|  11 | 0.000000e+00 |      --      |    Inf |  86.93%
  399m|353100 |   374 |166527k| 471.6 |   844M |  40 |1125 |1348 |3004 |2021k|  2 |  72k|  11 | 0.000000e+00 |      --      |    Inf |  86.94%
  399m|353200 |   376 |166584k| 471.6 |   844M |  40 |1125 |1348 |3095 |2021k|  1 |  72k|  11 | 0.000000e+00 |      --      |    Inf |  86.95%
  399m|353300 |   379 |166640k| 471.7 |   844M |  40 |1125 |1348 |2673 |2022k|  0 |  72k|  11 | 0.000000e+00 |      --      |    Inf |  86.96%
  399m|353400 |   376 |166691k| 471.7 |   844M |  40 |1125 |1348 |3069 |2022k|  0 |  72k|  11 | 0.000000e+00 |      --      |    Inf |  86.97%
  399m|353500 |   374 |166739k| 471.7 |   844M |  40 |1125 |1348 |   0 |2023k|  0 |  72k|  11 | 0.000000e+00 |      --      |    Inf |  86.99%
  399m|353600 |   374 |166790k| 471.7 |   844M |  40 |1125 |1348 |3111 |2023k|  0 |  72k|  11 | 0.000000e+00 |      --      |    Inf |  87.00%
  399m|353700 |   373 |166836k| 471.7 |   844M |  40 |1125 |1348 |3118 |2024k|  0 |  72k|  11 | 0.000000e+00 |      --      |    Inf |  87.00%
  399m|353800 |   372 |166885k| 471.7 |   844M |  40 |1125 |1348 |3080 |2024k|  2 |  72k|  11 | 0.000000e+00 |      --      |    Inf |  87.00%
  399m|353900 |   370 |166939k| 471.7 |   844M |  40 |1125 |1347 |3443 |2025k|  2 |  72k|  11 | 0.000000e+00 |      --      |    Inf |  87.01%
  400m|354000 |   372 |167021k| 471.8 |   844M |  40 |1125 |1347 |2967 |2025k|  0 |  72k|  11 | 0.000000e+00 |      --      |    Inf |  87.02%
  400m|354100 |   365 |167108k| 471.9 |   844M |  40 |1125 |1347 |3118 |2026k|  2 |  72k|  11 | 0.000000e+00 |      --      |    Inf |  87.04%
  400m|354200 |   369 |167161k| 471.9 |   844M |  40 |1125 |1347 |3739 |2026k|  2 |  72k|  11 | 0.000000e+00 |      --      |    Inf |  87.04%
 time | node  | left  |LP iter|LP it/n|mem/heur|mdpt |vars |cons |rows |cuts |sepa|confs|strbr|  dualbound   | primalbound  |  gap   | compl. 
  400m|354300 |   365 |167227k| 472.0 |   844M |  40 |1125 |1347 |2576 |2027k|  0 |  72k|  11 | 0.000000e+00 |      --      |    Inf |  87.17%
  400m|354400 |   364 |167327k| 472.1 |   844M |  40 |1125 |1348 |3242 |2028k|  2 |  72k|  11 | 0.000000e+00 |      --      |    Inf |  87.20%
  400m|354500 |   357 |167384k| 472.2 |   844M |  40 |1125 |1348 |3484 |2028k|  0 |  72k|  11 | 0.000000e+00 |      --      |    Inf |  87.22%
  400m|354600 |   358 |167436k| 472.2 |   844M |  40 |1125 |1347 |3176 |2029k|  2 |  72k|  11 | 0.000000e+00 |      --      |    Inf |  87.26%
  400m|354700 |   356 |167481k| 472.2 |   844M |  40 |1125 |1347 |3181 |2029k|  1 |  72k|  11 | 0.000000e+00 |      --      |    Inf |  87.28%
  400m|354800 |   350 |167532k| 472.2 |   844M |  40 |1125 |1347 |3136 |2029k|  1 |  72k|  11 | 0.000000e+00 |      --      |    Inf |  87.33%
  401m|354900 |   355 |167578k| 472.2 |   844M |  40 |1125 |1347 |3212 |2030k|  2 |  72k|  11 | 0.000000e+00 |      --      |    Inf |  87.34%
  401m|355000 |   360 |167627k| 472.2 |   844M |  40 |1125 |1347 |3292 |2030k|  2 |  72k|  11 | 0.000000e+00 |      --      |    Inf |  87.34%
  401m|355100 |   355 |167680k| 472.2 |   844M |  40 |1125 |1347 |3483 |2030k|  0 |  72k|  11 | 0.000000e+00 |      --      |    Inf |  87.36%
  401m|355200 |   355 |167718k| 472.2 |   844M |  40 |1125 |1347 |3502 |2031k|  2 |  72k|  11 | 0.000000e+00 |      --      |    Inf |  87.36%
  401m|355300 |   355 |167770k| 472.2 |   844M |  40 |1125 |1347 |3266 |2031k|  2 |  72k|  11 | 0.000000e+00 |      --      |    Inf |  87.36%
  401m|355400 |   355 |167816k| 472.2 |   844M |  40 |1125 |1348 |3197 |2031k|  2 |  72k|  11 | 0.000000e+00 |      --      |    Inf |  87.36%
  401m|355500 |   358 |167872k| 472.2 |   844M |  40 |1125 |1348 |3323 |2032k|  1 |  72k|  11 | 0.000000e+00 |      --      |    Inf |  87.36%
  401m|355600 |   351 |167923k| 472.2 |   844M |  40 |1125 |1349 |3244 |2032k|  0 |  72k|  11 | 0.000000e+00 |      --      |    Inf |  87.36%
  401m|355700 |   352 |167970k| 472.2 |   844M |  40 |1125 |1349 |3485 |2032k|  0 |  72k|  11 | 0.000000e+00 |      --      |    Inf |  87.36%
 time | node  | left  |LP iter|LP it/n|mem/heur|mdpt |vars |cons |rows |cuts |sepa|confs|strbr|  dualbound   | primalbound  |  gap   | compl. 
  401m|355800 |   354 |168024k| 472.2 |   844M |  40 |1125 |1347 |3520 |2032k|  0 |  72k|  11 | 0.000000e+00 |      --      |    Inf |  87.36%
  401m|355900 |   352 |168080k| 472.3 |   844M |  40 |1125 |1347 |3471 |2033k|  0 |  72k|  11 | 0.000000e+00 |      --      |    Inf |  87.36%
  401m|356000 |   352 |168138k| 472.3 |   844M |  40 |1125 |1347 |3564 |2033k|  1 |  72k|  11 | 0.000000e+00 |      --      |    Inf |  87.36%
  402m|356100 |   343 |168187k| 472.3 |   844M |  40 |1125 |1347 |4139 |2033k|  2 |  72k|  11 | 0.000000e+00 |      --      |    Inf |  87.39%
  402m|356200 |   340 |168233k| 472.3 |   844M |  40 |1125 |1347 |3510 |2033k|  2 |  72k|  11 | 0.000000e+00 |      --      |    Inf |  87.39%
  402m|356300 |   346 |168306k| 472.4 |   844M |  40 |1125 |1347 |3313 |2034k|  2 |  72k|  11 | 0.000000e+00 |      --      |    Inf |  87.42%
  402m|356400 |   345 |168362k| 472.4 |   844M |  40 |1125 |1347 |3214 |2034k|  2 |  72k|  11 | 0.000000e+00 |      --      |    Inf |  87.45%
  402m|356500 |   341 |168424k| 472.4 |   844M |  40 |1125 |1347 |3246 |2035k|  2 |  72k|  11 | 0.000000e+00 |      --      |    Inf |  87.46%
  402m|356600 |   333 |168489k| 472.5 |   844M |  40 |1125 |1347 |   0 |2036k|  0 |  72k|  11 | 0.000000e+00 |      --      |    Inf |  87.47%
  402m|356700 |   335 |168546k| 472.5 |   844M |  40 |1125 |1347 |3189 |2036k|  0 |  73k|  11 | 0.000000e+00 |      --      |    Inf |  87.48%
  402m|356800 |   336 |168597k| 472.5 |   844M |  40 |1125 |1347 |3184 |2037k|  0 |  73k|  11 | 0.000000e+00 |      --      |    Inf |  87.52%
  402m|356900 |   335 |168647k| 472.5 |   844M |  40 |1125 |1347 |3203 |2037k|  1 |  73k|  11 | 0.000000e+00 |      --      |    Inf |  87.52%
  402m|357000 |   328 |168705k| 472.6 |   844M |  40 |1125 |1347 |3505 |2037k|  0 |  73k|  11 | 0.000000e+00 |      --      |    Inf |  87.53%
  403m|357100 |   323 |168755k| 472.6 |   844M |  40 |1125 |1347 |3057 |2038k|  0 |  73k|  11 | 0.000000e+00 |      --      |    Inf |  87.63%
  403m|357200 |   333 |168808k| 472.6 |   844M |  40 |1125 |1349 |3259 |2039k|  2 |  73k|  11 | 0.000000e+00 |      --      |    Inf |  87.63%
 time | node  | left  |LP iter|LP it/n|mem/heur|mdpt |vars |cons |rows |cuts |sepa|confs|strbr|  dualbound   | primalbound  |  gap   | compl. 
  403m|357300 |   331 |168870k| 472.6 |   844M |  40 |1125 |1348 |3260 |2039k|  2 |  73k|  11 | 0.000000e+00 |      --      |    Inf |  87.68%
  403m|357400 |   325 |168920k| 472.6 |   844M |  40 |1125 |1348 |3293 |2039k|  0 |  73k|  11 | 0.000000e+00 |      --      |    Inf |  87.72%
  403m|357500 |   331 |168976k| 472.7 |   844M |  40 |1125 |1348 |3482 |2040k|  2 |  73k|  11 | 0.000000e+00 |      --      |    Inf |  87.78%
  403m|357600 |   330 |169034k| 472.7 |   844M |  40 |1125 |1349 |3447 |2041k|  2 |  73k|  11 | 0.000000e+00 |      --      |    Inf |  87.85%
  403m|357700 |   329 |169079k| 472.7 |   844M |  40 |1125 |1349 |   0 |2041k|  0 |  73k|  11 | 0.000000e+00 |      --      |    Inf |  87.88%
  403m|357800 |   338 |169137k| 472.7 |   844M |  40 |1125 |1349 |2958 |2042k|  0 |  73k|  11 | 0.000000e+00 |      --      |    Inf |  87.94%
  403m|357900 |   352 |169191k| 472.7 |   844M |  40 |1125 |1349 |   0 |2042k|  0 |  73k|  11 | 0.000000e+00 |      --      |    Inf |  87.94%
  403m|358000 |   346 |169241k| 472.7 |   844M |  40 |1125 |1348 |3048 |2043k|  2 |  73k|  11 | 0.000000e+00 |      --      |    Inf |  87.94%
  403m|358100 |   346 |169290k| 472.7 |   844M |  40 |1125 |1348 |2989 |2043k|  1 |  73k|  11 | 0.000000e+00 |      --      |    Inf |  87.94%
  404m|358200 |   334 |169334k| 472.7 |   844M |  40 |1125 |1349 |3006 |2043k|  0 |  73k|  11 | 0.000000e+00 |      --      |    Inf |  87.94%
  404m|358300 |   334 |169377k| 472.7 |   844M |  40 |1125 |1349 |2989 |2044k|  0 |  73k|  11 | 0.000000e+00 |      --      |    Inf |  87.94%
  404m|358400 |   336 |169438k| 472.8 |   844M |  40 |1125 |1350 |2926 |2044k|  2 |  73k|  11 | 0.000000e+00 |      --      |    Inf |  87.94%
  404m|358500 |   325 |169510k| 472.8 |   844M |  40 |1125 |1348 |3030 |2045k|  0 |  73k|  11 | 0.000000e+00 |      --      |    Inf |  87.95%
  404m|358600 |   328 |169577k| 472.9 |   844M |  40 |1125 |1348 |3241 |2046k|  0 |  73k|  11 | 0.000000e+00 |      --      |    Inf |  87.96%
  404m|358700 |   327 |169611k| 472.8 |   844M |  40 |1125 |1348 |3231 |2046k|  2 |  73k|  11 | 0.000000e+00 |      --      |    Inf |  87.96%
 time | node  | left  |LP iter|LP it/n|mem/heur|mdpt |vars |cons |rows |cuts |sepa|confs|strbr|  dualbound   | primalbound  |  gap   | compl. 
  404m|358800 |   337 |169678k| 472.9 |   844M |  40 |1125 |1348 |2922 |2047k|  2 |  73k|  11 | 0.000000e+00 |      --      |    Inf |  88.03%
  404m|358900 |   334 |169765k| 473.0 |   844M |  40 |1125 |1349 |3046 |2048k|  0 |  73k|  11 | 0.000000e+00 |      --      |    Inf |  88.04%
  404m|359000 |   330 |169857k| 473.1 |   845M |  40 |1125 |1349 |3002 |2049k|  2 |  73k|  11 | 0.000000e+00 |      --      |    Inf |  88.04%
  405m|359100 |   327 |169950k| 473.3 |   845M |  40 |1125 |1348 |2796 |2051k|  2 |  73k|  11 | 0.000000e+00 |      --      |    Inf |  88.06%
  405m|359200 |   320 |170014k| 473.3 |   845M |  40 |1125 |1348 |2584 |2052k|  2 |  73k|  11 | 0.000000e+00 |      --      |    Inf |  88.07%
  405m|359300 |   320 |170078k| 473.4 |   845M |  40 |1125 |1347 |3407 |2053k|  1 |  73k|  11 | 0.000000e+00 |      --      |    Inf |  88.13%
  405m|359400 |   326 |170134k| 473.4 |   845M |  40 |1125 |1347 |3470 |2053k|  0 |  73k|  11 | 0.000000e+00 |      --      |    Inf |  88.14%
  405m|359500 |   319 |170203k| 473.4 |   845M |  40 |1125 |1347 |3274 |2054k|  0 |  73k|  11 | 0.000000e+00 |      --      |    Inf |  88.15%
  405m|359600 |   321 |170265k| 473.5 |   845M |  40 |1125 |1347 |2970 |2054k|  0 |  73k|  11 | 0.000000e+00 |      --      |    Inf |  88.15%
  405m|359700 |   315 |170334k| 473.5 |   845M |  40 |1125 |1347 |   0 |2055k|  0 |  73k|  11 | 0.000000e+00 |      --      |    Inf |  88.16%
  405m|359800 |   317 |170404k| 473.6 |   845M |  40 |1125 |1348 |2971 |2056k|  2 |  73k|  11 | 0.000000e+00 |      --      |    Inf |  88.16%
  405m|359900 |   312 |170481k| 473.7 |   845M |  40 |1125 |1348 |2958 |2057k|  2 |  73k|  11 | 0.000000e+00 |      --      |    Inf |  88.16%
  406m|360000 |   315 |170550k| 473.7 |   845M |  40 |1125 |1348 |2983 |2058k|  2 |  73k|  11 | 0.000000e+00 |      --      |    Inf |  88.17%
  406m|360100 |   311 |170608k| 473.8 |   845M |  40 |1125 |1348 |2924 |2058k|  2 |  73k|  11 | 0.000000e+00 |      --      |    Inf |  88.20%
  406m|360200 |   316 |170687k| 473.9 |   845M |  40 |1125 |1347 |3337 |2059k|  2 |  73k|  11 | 0.000000e+00 |      --      |    Inf |  88.21%
 time | node  | left  |LP iter|LP it/n|mem/heur|mdpt |vars |cons |rows |cuts |sepa|confs|strbr|  dualbound   | primalbound  |  gap   | compl. 
  406m|360300 |   310 |170753k| 473.9 |   845M |  40 |1125 |1347 |2790 |2059k|  2 |  73k|  11 | 0.000000e+00 |      --      |    Inf |  88.22%
  406m|360400 |   309 |170827k| 474.0 |   845M |  40 |1125 |1347 |3191 |2060k|  0 |  73k|  11 | 0.000000e+00 |      --      |    Inf |  88.25%
  406m|360500 |   312 |170857k| 473.9 |   845M |  40 |1125 |1347 |2774 |2060k|  2 |  73k|  11 | 0.000000e+00 |      --      |    Inf |  88.29%
  406m|360600 |   318 |170882k| 473.9 |   845M |  40 |1125 |1347 |3284 |2060k|  2 |  73k|  11 | 0.000000e+00 |      --      |    Inf |  88.29%
  406m|360700 |   312 |170914k| 473.8 |   845M |  40 |1125 |1347 |2824 |2061k|  0 |  73k|  11 | 0.000000e+00 |      --      |    Inf |  88.29%
  406m|360800 |   326 |170936k| 473.8 |   845M |  40 |1125 |1347 |2822 |2061k|  0 |  73k|  11 | 0.000000e+00 |      --      |    Inf |  88.29%
  406m|360900 |   310 |170965k| 473.7 |   845M |  40 |1125 |1347 |2558 |2061k|  2 |  73k|  11 | 0.000000e+00 |      --      |    Inf |  88.29%
  406m|361000 |   299 |170989k| 473.6 |   845M |  40 |1125 |1347 |2561 |2062k|  1 |  73k|  11 | 0.000000e+00 |      --      |    Inf |  88.39%
  406m|361100 |   296 |171007k| 473.6 |   845M |  40 |1125 |1347 |   0 |2062k|  0 |  73k|  11 | 0.000000e+00 |      --      |    Inf |  88.44%
  406m|361200 |   299 |171031k| 473.5 |   845M |  40 |1125 |1347 |2589 |2062k|  0 |  73k|  11 | 0.000000e+00 |      --      |    Inf |  88.50%
  406m|361300 |   298 |171059k| 473.4 |   845M |  40 |1125 |1347 |3584 |2062k|  0 |  73k|  11 | 0.000000e+00 |      --      |    Inf |  88.61%
  406m|361400 |   289 |171079k| 473.4 |   845M |  40 |1125 |1347 |   0 |2063k|  0 |  73k|  11 | 0.000000e+00 |      --      |    Inf |  88.63%
  406m|361500 |   292 |171094k| 473.3 |   845M |  40 |1125 |1347 |   0 |2063k|  0 |  73k|  11 | 0.000000e+00 |      --      |    Inf |  88.83%
  407m|361600 |   300 |171109k| 473.2 |   845M |  40 |1125 |1348 |   0 |2063k|  0 |  73k|  11 | 0.000000e+00 |      --      |    Inf |  88.86%
  407m|361700 |   297 |171122k| 473.1 |   845M |  40 |1125 |1348 |2874 |2063k|  2 |  73k|  11 | 0.000000e+00 |      --      |    Inf |  88.88%
 time | node  | left  |LP iter|LP it/n|mem/heur|mdpt |vars |cons |rows |cuts |sepa|confs|strbr|  dualbound   | primalbound  |  gap   | compl. 
  407m|361800 |   302 |171131k| 473.0 |   845M |  40 |1125 |1349 |   0 |2064k|  0 |  73k|  11 | 0.000000e+00 |      --      |    Inf |  88.94%
  407m|361900 |   300 |171141k| 472.9 |   845M |  40 |1125 |1351 |2894 |2064k|  2 |  73k|  11 | 0.000000e+00 |      --      |    Inf |  89.01%
  407m|362000 |   302 |171156k| 472.8 |   845M |  40 |1125 |1353 |2899 |2064k|  2 |  73k|  11 | 0.000000e+00 |      --      |    Inf |  89.06%
  407m|362100 |   302 |171169k| 472.7 |   845M |  40 |1125 |1353 |2891 |2064k|  2 |  74k|  11 | 0.000000e+00 |      --      |    Inf |  89.11%
  407m|362200 |   300 |171180k| 472.6 |   845M |  40 |1125 |1355 |   0 |2064k|  0 |  74k|  11 | 0.000000e+00 |      --      |    Inf |  89.15%
  407m|362300 |   294 |171192k| 472.5 |   845M |  40 |1125 |1356 |   0 |2065k|  0 |  74k|  11 | 0.000000e+00 |      --      |    Inf |  89.17%
  407m|362400 |   286 |171218k| 472.5 |   845M |  40 |1125 |1356 |3224 |2065k|  2 |  74k|  11 | 0.000000e+00 |      --      |    Inf |  89.24%
  407m|362500 |   287 |171242k| 472.4 |   845M |  40 |1125 |1352 |2698 |2065k|  2 |  74k|  11 | 0.000000e+00 |      --      |    Inf |  89.25%
  407m|362600 |   299 |171260k| 472.3 |   845M |  40 |1125 |1352 |2454 |2065k|  2 |  74k|  11 | 0.000000e+00 |      --      |    Inf |  89.29%
  407m|362700 |   297 |171280k| 472.2 |   845M |  40 |1125 |1348 |2555 |2066k|  1 |  74k|  11 | 0.000000e+00 |      --      |    Inf |  89.46%
  407m|362800 |   295 |171307k| 472.2 |   845M |  40 |1125 |1348 |2574 |2066k|  0 |  74k|  11 | 0.000000e+00 |      --      |    Inf |  89.50%
  407m|362900 |   292 |171327k| 472.1 |   845M |  40 |1125 |1349 |2574 |2067k|  2 |  74k|  11 | 0.000000e+00 |      --      |    Inf |  89.56%
  407m|363000 |   293 |171350k| 472.0 |   845M |  40 |1125 |1349 |2630 |2067k|  2 |  74k|  11 | 0.000000e+00 |      --      |    Inf |  89.85%
  407m|363100 |   293 |171371k| 472.0 |   845M |  40 |1125 |1349 |   0 |2068k|  0 |  74k|  11 | 0.000000e+00 |      --      |    Inf |  89.88%
  407m|363200 |   288 |171391k| 471.9 |   845M |  40 |1125 |1349 |2441 |2068k|  2 |  74k|  11 | 0.000000e+00 |      --      |    Inf |  90.00%
 time | node  | left  |LP iter|LP it/n|mem/heur|mdpt |vars |cons |rows |cuts |sepa|confs|strbr|  dualbound   | primalbound  |  gap   | compl. 
  407m|363300 |   301 |171404k| 471.8 |   845M |  40 |1125 |1349 |2486 |2069k|  2 |  74k|  11 | 0.000000e+00 |      --      |    Inf |  90.03%
  407m|363400 |   292 |171415k| 471.7 |   845M |  40 |1125 |1350 |2435 |2069k|  2 |  74k|  11 | 0.000000e+00 |      --      |    Inf |  90.08%
  407m|363500 |   296 |171425k| 471.6 |   845M |  40 |1125 |1351 |   0 |2070k|  0 |  74k|  11 | 0.000000e+00 |      --      |    Inf |  90.68%
  407m|363600 |   290 |171438k| 471.5 |   845M |  40 |1125 |1351 |3338 |2070k|  2 |  74k|  11 | 0.000000e+00 |      --      |    Inf |  90.72%
  407m|363700 |   294 |171467k| 471.4 |   845M |  40 |1125 |1352 |2734 |2070k|  2 |  74k|  11 | 0.000000e+00 |      --      |    Inf |  90.82%
  407m|363800 |   294 |171502k| 471.4 |   845M |  40 |1125 |1352 |2741 |2071k|  0 |  74k|  11 | 0.000000e+00 |      --      |    Inf |  90.82%
  407m|363900 |   304 |171531k| 471.4 |   845M |  40 |1125 |1349 |2789 |2071k|  2 |  74k|  11 | 0.000000e+00 |      --      |    Inf |  90.83%
  407m|364000 |   296 |171565k| 471.3 |   845M |  40 |1125 |1347 |2806 |2071k|  2 |  74k|  11 | 0.000000e+00 |      --      |    Inf |  90.83%
  407m|364100 |   293 |171598k| 471.3 |   845M |  40 |1125 |1347 |2901 |2072k|  2 |  74k|  11 | 0.000000e+00 |      --      |    Inf |  90.83%
  407m|364200 |   293 |171654k| 471.3 |   845M |  40 |1125 |1347 |3089 |2072k|  0 |  74k|  11 | 0.000000e+00 |      --      |    Inf |  90.83%
  408m|364300 |   291 |171759k| 471.5 |   845M |  40 |1125 |1347 |2987 |2073k|  2 |  74k|  11 | 0.000000e+00 |      --      |    Inf |  90.83%
  408m|364400 |   280 |171828k| 471.5 |   845M |  40 |1125 |1347 |3602 |2074k|  0 |  74k|  11 | 0.000000e+00 |      --      |    Inf |  90.86%
  408m|364500 |   281 |171883k| 471.6 |   846M |  40 |1125 |1347 |3657 |2074k|  2 |  74k|  11 | 0.000000e+00 |      --      |    Inf |  90.87%
  408m|364600 |   282 |171928k| 471.5 |   846M |  40 |1125 |1347 |3708 |2075k|  2 |  74k|  11 | 0.000000e+00 |      --      |    Inf |  90.87%
  408m|364700 |   289 |171981k| 471.6 |   846M |  40 |1125 |1347 |3696 |2075k|  1 |  74k|  11 | 0.000000e+00 |      --      |    Inf |  90.87%
 time | node  | left  |LP iter|LP it/n|mem/heur|mdpt |vars |cons |rows |cuts |sepa|confs|strbr|  dualbound   | primalbound  |  gap   | compl. 
  408m|364800 |   282 |172030k| 471.6 |   846M |  40 |1125 |1347 |3709 |2075k|  0 |  74k|  11 | 0.000000e+00 |      --      |    Inf |  90.87%
  408m|364900 |   282 |172089k| 471.6 |   847M |  40 |1125 |1347 |3704 |2075k|  0 |  74k|  11 | 0.000000e+00 |      --      |    Inf |  90.87%
  408m|365000 |   281 |172145k| 471.6 |   847M |  40 |1125 |1347 |2627 |2076k|  0 |  74k|  11 | 0.000000e+00 |      --      |    Inf |  90.89%
  408m|365100 |   275 |172201k| 471.6 |   847M |  40 |1125 |1347 |3558 |2076k|  2 |  74k|  11 | 0.000000e+00 |      --      |    Inf |  91.09%
  408m|365200 |   278 |172264k| 471.7 |   847M |  40 |1125 |1347 |3432 |2077k|  1 |  74k|  11 | 0.000000e+00 |      --      |    Inf |  91.11%
  409m|365300 |   276 |172321k| 471.7 |   847M |  40 |1125 |1348 |2874 |2078k|  2 |  74k|  11 | 0.000000e+00 |      --      |    Inf |  91.13%
  409m|365400 |   270 |172372k| 471.7 |   847M |  40 |1125 |1349 |2648 |2078k|  2 |  74k|  11 | 0.000000e+00 |      --      |    Inf |  91.16%
  409m|365500 |   262 |172424k| 471.7 |   847M |  40 |1125 |1348 |3476 |2079k|  0 |  74k|  11 | 0.000000e+00 |      --      |    Inf |  91.19%
  409m|365600 |   268 |172474k| 471.8 |   847M |  40 |1125 |1347 |3584 |2079k|  0 |  74k|  11 | 0.000000e+00 |      --      |    Inf |  91.20%
  409m|365700 |   269 |172520k| 471.7 |   847M |  40 |1125 |1348 |3592 |2079k|  1 |  74k|  11 | 0.000000e+00 |      --      |    Inf |  91.20%
  409m|365800 |   269 |172585k| 471.8 |   847M |  40 |1125 |1348 |3641 |2080k|  1 |  74k|  11 | 0.000000e+00 |      --      |    Inf |  91.21%
  409m|365900 |   269 |172638k| 471.8 |   847M |  40 |1125 |1348 |3600 |2080k|  1 |  74k|  11 | 0.000000e+00 |      --      |    Inf |  91.22%
  409m|366000 |   271 |172703k| 471.9 |   847M |  40 |1125 |1348 |   0 |2080k|  0 |  74k|  11 | 0.000000e+00 |      --      |    Inf |  91.23%
  409m|366100 |   260 |172746k| 471.8 |   847M |  40 |1125 |1348 |3561 |2081k|  1 |  74k|  11 | 0.000000e+00 |      --      |    Inf |  91.29%
  409m|366200 |   270 |172784k| 471.8 |   847M |  40 |1125 |1348 |3745 |2081k|  0 |  74k|  11 | 0.000000e+00 |      --      |    Inf |  91.30%
 time | node  | left  |LP iter|LP it/n|mem/heur|mdpt |vars |cons |rows |cuts |sepa|confs|strbr|  dualbound   | primalbound  |  gap   | compl. 
  409m|366300 |   260 |172818k| 471.8 |   847M |  40 |1125 |1347 |3871 |2081k|  0 |  74k|  11 | 0.000000e+00 |      --      |    Inf |  91.31%
  410m|366400 |   254 |172860k| 471.8 |   847M |  40 |1125 |1347 |3493 |2081k|  2 |  74k|  11 | 0.000000e+00 |      --      |    Inf |  91.32%
  410m|366500 |   254 |172920k| 471.8 |   847M |  40 |1125 |1347 |3257 |2082k|  2 |  74k|  11 | 0.000000e+00 |      --      |    Inf |  91.34%
  410m|366600 |   261 |172996k| 471.9 |   847M |  40 |1125 |1347 |3150 |2083k|  1 |  74k|  11 | 0.000000e+00 |      --      |    Inf |  91.35%
  410m|366700 |   262 |173084k| 472.0 |   847M |  40 |1125 |1347 |3175 |2083k|  2 |  74k|  11 | 0.000000e+00 |      --      |    Inf |  91.35%
  410m|366800 |   268 |173159k| 472.1 |   847M |  40 |1125 |1347 |3012 |2084k|  0 |  74k|  11 | 0.000000e+00 |      --      |    Inf |  91.35%
  410m|366900 |   264 |173222k| 472.1 |   847M |  40 |1125 |1347 |3128 |2084k|  0 |  74k|  11 | 0.000000e+00 |      --      |    Inf |  91.35%
  410m|367000 |   254 |173286k| 472.2 |   847M |  40 |1125 |1347 |3065 |2085k|  0 |  74k|  11 | 0.000000e+00 |      --      |    Inf |  91.35%
  410m|367100 |   255 |173337k| 472.2 |   847M |  40 |1125 |1347 |3123 |2085k|  0 |  74k|  11 | 0.000000e+00 |      --      |    Inf |  91.35%
  410m|367200 |   251 |173415k| 472.3 |   847M |  40 |1125 |1347 |2647 |2086k|  0 |  74k|  11 | 0.000000e+00 |      --      |    Inf |  91.36%
  410m|367300 |   246 |173439k| 472.2 |   847M |  40 |1125 |1347 |2472 |2086k|  1 |  75k|  11 | 0.000000e+00 |      --      |    Inf |  91.39%
  411m|367400 |   260 |173462k| 472.1 |   847M |  40 |1125 |1347 |3172 |2086k|  2 |  75k|  11 | 0.000000e+00 |      --      |    Inf |  91.40%
  411m|367500 |   265 |173481k| 472.1 |   847M |  40 |1125 |1347 |3156 |2086k|  2 |  75k|  11 | 0.000000e+00 |      --      |    Inf |  91.40%
  411m|367600 |   261 |173501k| 472.0 |   847M |  40 |1125 |1347 |3151 |2086k|  1 |  75k|  11 | 0.000000e+00 |      --      |    Inf |  91.41%
  411m|367700 |   261 |173518k| 471.9 |   847M |  40 |1125 |1349 |3154 |2087k|  2 |  75k|  11 | 0.000000e+00 |      --      |    Inf |  91.41%
 time | node  | left  |LP iter|LP it/n|mem/heur|mdpt |vars |cons |rows |cuts |sepa|confs|strbr|  dualbound   | primalbound  |  gap   | compl. 
  411m|367800 |   262 |173535k| 471.8 |   847M |  40 |1125 |1349 |3167 |2087k|  1 |  75k|  11 | 0.000000e+00 |      --      |    Inf |  91.41%
  411m|367900 |   255 |173554k| 471.7 |   847M |  40 |1125 |1349 |3158 |2087k|  2 |  75k|  11 | 0.000000e+00 |      --      |    Inf |  91.41%
  411m|368000 |   246 |173566k| 471.6 |   847M |  40 |1125 |1349 |3141 |2087k|  2 |  75k|  11 | 0.000000e+00 |      --      |    Inf |  91.42%
  411m|368100 |   248 |173588k| 471.6 |   847M |  40 |1125 |1350 |3145 |2087k|  2 |  75k|  11 | 0.000000e+00 |      --      |    Inf |  91.42%
  411m|368200 |   240 |173617k| 471.5 |   847M |  40 |1125 |1351 |3142 |2087k|  2 |  75k|  11 | 0.000000e+00 |      --      |    Inf |  91.43%
  411m|368300 |   248 |173635k| 471.4 |   847M |  40 |1125 |1351 |3568 |2088k|  1 |  75k|  11 | 0.000000e+00 |      --      |    Inf |  91.44%
  411m|368400 |   246 |173651k| 471.4 |   847M |  40 |1125 |1351 |3567 |2088k|  0 |  75k|  11 | 0.000000e+00 |      --      |    Inf |  91.44%
  411m|368500 |   246 |173675k| 471.3 |   847M |  40 |1125 |1349 |3555 |2088k|  2 |  75k|  11 | 0.000000e+00 |      --      |    Inf |  91.45%
  411m|368600 |   250 |173701k| 471.2 |   847M |  40 |1125 |1350 |   0 |2088k|  0 |  75k|  11 | 0.000000e+00 |      --      |    Inf |  91.45%
  411m|368700 |   250 |173722k| 471.2 |   847M |  40 |1125 |1350 |3573 |2088k|  0 |  75k|  11 | 0.000000e+00 |      --      |    Inf |  91.45%
  411m|368800 |   248 |173752k| 471.1 |   847M |  40 |1125 |1350 |3583 |2088k|  0 |  75k|  11 | 0.000000e+00 |      --      |    Inf |  91.45%
  411m|368900 |   246 |173771k| 471.0 |   847M |  40 |1125 |1349 |3573 |2088k|  0 |  75k|  11 | 0.000000e+00 |      --      |    Inf |  91.45%
  411m|369000 |   245 |173791k| 471.0 |   847M |  40 |1125 |1349 |3590 |2088k|  0 |  75k|  11 | 0.000000e+00 |      --      |    Inf |  91.46%
  411m|369100 |   249 |173815k| 470.9 |   847M |  40 |1125 |1349 |3589 |2089k|  1 |  75k|  11 | 0.000000e+00 |      --      |    Inf |  91.47%
  411m|369200 |   241 |173844k| 470.9 |   847M |  40 |1125 |1348 |3600 |2089k|  1 |  75k|  11 | 0.000000e+00 |      --      |    Inf |  91.47%
 time | node  | left  |LP iter|LP it/n|mem/heur|mdpt |vars |cons |rows |cuts |sepa|confs|strbr|  dualbound   | primalbound  |  gap   | compl. 
  411m|369300 |   240 |173898k| 470.9 |   847M |  40 |1125 |1350 |   0 |2089k|  0 |  75k|  11 | 0.000000e+00 |      --      |    Inf |  91.48%
  411m|369400 |   238 |173954k| 470.9 |   847M |  40 |1125 |1351 |3134 |2090k|  1 |  75k|  11 | 0.000000e+00 |      --      |    Inf |  91.48%
  412m|369500 |   242 |174013k| 470.9 |   847M |  40 |1125 |1350 |2898 |2091k|  2 |  75k|  11 | 0.000000e+00 |      --      |    Inf |  91.52%
  412m|369600 |   239 |174078k| 471.0 |   847M |  40 |1125 |1350 |2789 |2092k|  2 |  75k|  11 | 0.000000e+00 |      --      |    Inf |  91.55%
  412m|369700 |   259 |174146k| 471.0 |   847M |  40 |1125 |1350 |2907 |2094k|  2 |  75k|  11 | 0.000000e+00 |      --      |    Inf |  91.59%
  412m|369800 |   260 |174193k| 471.0 |   847M |  40 |1125 |1347 |3115 |2094k|  2 |  75k|  11 | 0.000000e+00 |      --      |    Inf |  91.59%
  412m|369900 |   245 |174244k| 471.1 |   847M |  40 |1125 |1347 |2966 |2095k|  2 |  75k|  11 | 0.000000e+00 |      --      |    Inf |  91.60%
  412m|370000 |   241 |174283k| 471.0 |   847M |  40 |1125 |1347 |2958 |2095k|  1 |  75k|  11 | 0.000000e+00 |      --      |    Inf |  91.60%
  412m|370100 |   252 |174346k| 471.1 |   847M |  40 |1125 |1347 |2976 |2096k|  0 |  75k|  11 | 0.000000e+00 |      --      |    Inf |  91.60%
  412m|370200 |   243 |174383k| 471.0 |   847M |  40 |1125 |1347 |2959 |2096k|  0 |  75k|  11 | 0.000000e+00 |      --      |    Inf |  91.60%
  412m|370300 |   249 |174438k| 471.1 |   847M |  40 |1125 |1347 |3056 |2097k|  2 |  75k|  11 | 0.000000e+00 |      --      |    Inf |  91.62%
  412m|370400 |   239 |174487k| 471.1 |   847M |  40 |1125 |1347 |2933 |2097k|  2 |  75k|  11 | 0.000000e+00 |      --      |    Inf |  91.62%
  412m|370500 |   244 |174543k| 471.1 |   847M |  40 |1125 |1347 |3086 |2097k|  0 |  75k|  11 | 0.000000e+00 |      --      |    Inf |  91.62%
  412m|370600 |   246 |174590k| 471.1 |   847M |  40 |1125 |1347 |2994 |2098k|  0 |  75k|  11 | 0.000000e+00 |      --      |    Inf |  91.62%
  413m|370700 |   239 |174651k| 471.1 |   847M |  40 |1125 |1347 |2989 |2098k|  2 |  75k|  11 | 0.000000e+00 |      --      |    Inf |  91.62%
 time | node  | left  |LP iter|LP it/n|mem/heur|mdpt |vars |cons |rows |cuts |sepa|confs|strbr|  dualbound   | primalbound  |  gap   | compl. 
  413m|370800 |   247 |174711k| 471.2 |   847M |  40 |1125 |1347 |3107 |2099k|  2 |  75k|  11 | 0.000000e+00 |      --      |    Inf |  91.62%
  413m|370900 |   236 |174755k| 471.2 |   847M |  40 |1125 |1348 |   0 |2099k|  0 |  75k|  11 | 0.000000e+00 |      --      |    Inf |  91.62%
  413m|371000 |   240 |174802k| 471.2 |   847M |  40 |1125 |1349 |2996 |2099k|  2 |  75k|  11 | 0.000000e+00 |      --      |    Inf |  91.62%
  413m|371100 |   241 |174862k| 471.2 |   847M |  40 |1125 |1351 |2978 |2100k|  1 |  75k|  11 | 0.000000e+00 |      --      |    Inf |  91.62%
  413m|371200 |   241 |174915k| 471.2 |   847M |  40 |1125 |1351 |3171 |2101k|  2 |  75k|  11 | 0.000000e+00 |      --      |    Inf |  91.63%
  413m|371300 |   230 |174977k| 471.3 |   847M |  40 |1125 |1349 |3425 |2101k|  2 |  75k|  11 | 0.000000e+00 |      --      |    Inf |  91.84%
  413m|371400 |   234 |175034k| 471.3 |   847M |  40 |1125 |1348 |3601 |2102k|  0 |  75k|  11 | 0.000000e+00 |      --      |    Inf |  91.87%
  413m|371500 |   240 |175091k| 471.3 |   847M |  40 |1125 |1348 |3631 |2102k|  0 |  75k|  11 | 0.000000e+00 |      --      |    Inf |  91.87%
  413m|371600 |   241 |175147k| 471.3 |   847M |  40 |1125 |1348 |3721 |2102k|  1 |  75k|  11 | 0.000000e+00 |      --      |    Inf |  91.87%
  414m|371700 |   241 |175210k| 471.4 |   847M |  40 |1125 |1348 |3610 |2102k|  1 |  75k|  11 | 0.000000e+00 |      --      |    Inf |  91.87%
  414m|371800 |   232 |175258k| 471.4 |   847M |  40 |1125 |1348 |3628 |2102k|  0 |  75k|  11 | 0.000000e+00 |      --      |    Inf |  91.87%
  414m|371900 |   235 |175320k| 471.4 |   847M |  40 |1125 |1348 |3594 |2103k|  0 |  75k|  11 | 0.000000e+00 |      --      |    Inf |  91.88%
  414m|372000 |   233 |175364k| 471.4 |   847M |  40 |1125 |1348 |3604 |2103k|  2 |  75k|  11 | 0.000000e+00 |      --      |    Inf |  91.88%
  414m|372100 |   234 |175424k| 471.4 |   847M |  40 |1125 |1348 |3565 |2103k|  0 |  75k|  11 | 0.000000e+00 |      --      |    Inf |  91.88%
  414m|372200 |   233 |175494k| 471.5 |   847M |  40 |1125 |1348 |3715 |2103k|  1 |  75k|  11 | 0.000000e+00 |      --      |    Inf |  91.89%
 time | node  | left  |LP iter|LP it/n|mem/heur|mdpt |vars |cons |rows |cuts |sepa|confs|strbr|  dualbound   | primalbound  |  gap   | compl. 
  414m|372300 |   226 |175553k| 471.5 |   847M |  40 |1125 |1349 |   0 |2104k|  0 |  76k|  11 | 0.000000e+00 |      --      |    Inf |  91.94%
  414m|372400 |   230 |175637k| 471.6 |   847M |  40 |1125 |1348 |3164 |2105k|  0 |  76k|  11 | 0.000000e+00 |      --      |    Inf |  91.96%
  414m|372500 |   227 |175715k| 471.7 |   847M |  40 |1125 |1348 |3112 |2105k|  1 |  76k|  11 | 0.000000e+00 |      --      |    Inf |  91.97%
  415m|372600 |   230 |175818k| 471.9 |   847M |  40 |1125 |1348 |3172 |2106k|  0 |  76k|  11 | 0.000000e+00 |      --      |    Inf |  91.98%
  415m|372700 |   234 |175874k| 471.9 |   847M |  40 |1125 |1348 |3235 |2106k|  0 |  76k|  11 | 0.000000e+00 |      --      |    Inf |  91.99%
  415m|372800 |   233 |175950k| 472.0 |   847M |  40 |1125 |1348 |3157 |2107k|  0 |  76k|  11 | 0.000000e+00 |      --      |    Inf |  92.00%
  415m|372900 |   229 |176025k| 472.0 |   847M |  40 |1125 |1348 |3129 |2108k|  2 |  76k|  11 | 0.000000e+00 |      --      |    Inf |  92.00%
  415m|373000 |   231 |176117k| 472.2 |   847M |  40 |1125 |1348 |   0 |2108k|  0 |  76k|  11 | 0.000000e+00 |      --      |    Inf |  92.01%
  415m|373100 |   228 |176174k| 472.2 |   847M |  40 |1125 |1348 |3230 |2109k|  1 |  76k|  11 | 0.000000e+00 |      --      |    Inf |  92.03%
  415m|373200 |   224 |176237k| 472.2 |   847M |  40 |1125 |1348 |3179 |2109k|  0 |  76k|  11 | 0.000000e+00 |      --      |    Inf |  92.05%
  415m|373300 |   223 |176289k| 472.2 |   847M |  40 |1125 |1347 |3060 |2110k|  0 |  76k|  11 | 0.000000e+00 |      --      |    Inf |  92.07%
  416m|373400 |   217 |176335k| 472.2 |   847M |  40 |1125 |1347 |   0 |2110k|  0 |  76k|  11 | 0.000000e+00 |      --      |    Inf |  92.09%
  416m|373500 |   215 |176388k| 472.3 |   847M |  40 |1125 |1347 |3050 |2111k|  2 |  76k|  11 | 0.000000e+00 |      --      |    Inf |  92.10%
  416m|373600 |   207 |176441k| 472.3 |   847M |  40 |1125 |1347 |   0 |2111k|  0 |  76k|  11 | 0.000000e+00 |      --      |    Inf |  92.13%
  416m|373700 |   210 |176519k| 472.3 |   847M |  40 |1125 |1347 |   0 |2112k|  0 |  76k|  11 | 0.000000e+00 |      --      |    Inf |  92.15%
 time | node  | left  |LP iter|LP it/n|mem/heur|mdpt |vars |cons |rows |cuts |sepa|confs|strbr|  dualbound   | primalbound  |  gap   | compl. 
  416m|373800 |   205 |176588k| 472.4 |   847M |  40 |1125 |1348 |3045 |2113k|  0 |  76k|  11 | 0.000000e+00 |      --      |    Inf |  92.16%
  416m|373900 |   207 |176643k| 472.4 |   847M |  40 |1125 |1348 |3183 |2114k|  1 |  76k|  11 | 0.000000e+00 |      --      |    Inf |  92.31%
  416m|374000 |   205 |176681k| 472.4 |   848M |  40 |1125 |1349 |   0 |2114k|  0 |  76k|  11 | 0.000000e+00 |      --      |    Inf |  92.40%
  416m|374100 |   201 |176730k| 472.4 |   848M |  40 |1125 |1348 |3665 |2114k|  0 |  76k|  11 | 0.000000e+00 |      --      |    Inf |  92.40%
  416m|374200 |   205 |176775k| 472.4 |   848M |  40 |1125 |1349 |3652 |2114k|  1 |  76k|  11 | 0.000000e+00 |      --      |    Inf |  92.40%
  416m|374300 |   205 |176823k| 472.4 |   848M |  40 |1125 |1349 |3678 |2114k|  0 |  76k|  11 | 0.000000e+00 |      --      |    Inf |  92.41%
  416m|374400 |   199 |176868k| 472.4 |   848M |  40 |1125 |1351 |2995 |2115k|  0 |  76k|  11 | 0.000000e+00 |      --      |    Inf |  92.41%
  417m|374500 |   196 |176922k| 472.4 |   848M |  40 |1125 |1352 |3744 |2115k|  1 |  76k|  11 | 0.000000e+00 |      --      |    Inf |  92.41%
  417m|374600 |   200 |176967k| 472.4 |   848M |  40 |1125 |1352 |2741 |2116k|  0 |  76k|  11 | 0.000000e+00 |      --      |    Inf |  92.79%
  417m|374700 |   194 |177000k| 472.4 |   848M |  40 |1125 |1349 |3579 |2117k|  0 |  76k|  11 | 0.000000e+00 |      --      |    Inf |  93.20%
  417m|374800 |   191 |177025k| 472.3 |   848M |  40 |1125 |1348 |2665 |2118k|  2 |  76k|  11 | 0.000000e+00 |      --      |    Inf |  93.25%
  417m|374900 |   196 |177047k| 472.2 |   848M |  40 |1125 |1347 |2696 |2118k|  2 |  76k|  11 | 0.000000e+00 |      --      |    Inf |  93.25%
  417m|375000 |   192 |177071k| 472.2 |   848M |  40 |1125 |1347 |2989 |2118k|  1 |  76k|  11 | 0.000000e+00 |      --      |    Inf |  93.26%
  417m|375100 |   199 |177088k| 472.1 |   848M |  40 |1125 |1347 |3009 |2118k|  2 |  76k|  11 | 0.000000e+00 |      --      |    Inf |  93.26%
  417m|375200 |   190 |177109k| 472.0 |   848M |  40 |1125 |1347 |   0 |2118k|  0 |  76k|  11 | 0.000000e+00 |      --      |    Inf |  93.26%
 time | node  | left  |LP iter|LP it/n|mem/heur|mdpt |vars |cons |rows |cuts |sepa|confs|strbr|  dualbound   | primalbound  |  gap   | compl. 
  417m|375300 |   190 |177131k| 472.0 |   848M |  40 |1125 |1347 |3001 |2118k|  0 |  76k|  11 | 0.000000e+00 |      --      |    Inf |  93.27%
  417m|375400 |   191 |177159k| 471.9 |   848M |  40 |1125 |1348 |3013 |2119k|  2 |  76k|  11 | 0.000000e+00 |      --      |    Inf |  93.27%
  417m|375500 |   183 |177181k| 471.8 |   848M |  40 |1125 |1349 |3286 |2119k|  1 |  76k|  11 | 0.000000e+00 |      --      |    Inf |  93.29%
  417m|375600 |   182 |177210k| 471.8 |   848M |  40 |1125 |1349 |3496 |2119k|  2 |  76k|  11 | 0.000000e+00 |      --      |    Inf |  93.29%
  417m|375700 |   184 |177239k| 471.8 |   848M |  40 |1125 |1350 |3410 |2120k|  1 |  76k|  11 | 0.000000e+00 |      --      |    Inf |  93.52%
  417m|375800 |   188 |177262k| 471.7 |   848M |  40 |1125 |1347 |2496 |2120k|  0 |  76k|  11 | 0.000000e+00 |      --      |    Inf |  93.54%
  417m|375900 |   186 |177278k| 471.6 |   848M |  40 |1125 |1347 |2525 |2120k|  0 |  76k|  11 | 0.000000e+00 |      --      |    Inf |  93.56%
  417m|376000 |   186 |177298k| 471.5 |   848M |  40 |1125 |1347 |   0 |2120k|  0 |  76k|  11 | 0.000000e+00 |      --      |    Inf |  93.57%
  417m|376100 |   193 |177317k| 471.5 |   848M |  40 |1125 |1347 |2543 |2121k|  2 |  76k|  11 | 0.000000e+00 |      --      |    Inf |  93.58%
  417m|376200 |   190 |177339k| 471.4 |   848M |  40 |1125 |1347 |2630 |2121k|  2 |  76k|  11 | 0.000000e+00 |      --      |    Inf |  93.59%
  417m|376300 |   195 |177358k| 471.3 |   848M |  40 |1125 |1347 |2571 |2122k|  2 |  76k|  11 | 0.000000e+00 |      --      |    Inf |  93.59%
  417m|376400 |   195 |177378k| 471.2 |   848M |  40 |1125 |1347 |2650 |2122k|  2 |  76k|  11 | 0.000000e+00 |      --      |    Inf |  93.59%
  417m|376500 |   191 |177405k| 471.2 |   848M |  40 |1125 |1347 |2625 |2123k|  2 |  76k|  11 | 0.000000e+00 |      --      |    Inf |  93.59%
  417m|376600 |   186 |177429k| 471.1 |   848M |  40 |1125 |1347 |2648 |2123k|  0 |  76k|  11 | 0.000000e+00 |      --      |    Inf |  93.59%
  417m|376700 |   185 |177455k| 471.1 |   848M |  40 |1125 |1347 |3102 |2124k|  1 |  76k|  11 | 0.000000e+00 |      --      |    Inf |  93.65%
 time | node  | left  |LP iter|LP it/n|mem/heur|mdpt |vars |cons |rows |cuts |sepa|confs|strbr|  dualbound   | primalbound  |  gap   | compl. 
  417m|376800 |   187 |177468k| 471.0 |   848M |  40 |1125 |1349 |   0 |2124k|  0 |  76k|  11 | 0.000000e+00 |      --      |    Inf |  93.66%
  418m|376900 |   181 |177487k| 470.9 |   848M |  40 |1125 |1349 |2798 |2124k|  2 |  76k|  11 | 0.000000e+00 |      --      |    Inf |  93.66%
  418m|377000 |   173 |177519k| 470.9 |   848M |  40 |1125 |1349 |3170 |2125k|  0 |  76k|  11 | 0.000000e+00 |      --      |    Inf |  93.84%
  418m|377100 |   176 |177553k| 470.8 |   848M |  40 |1125 |1347 |3159 |2125k|  0 |  76k|  11 | 0.000000e+00 |      --      |    Inf |  93.85%
  418m|377200 |   174 |177589k| 470.8 |   848M |  40 |1125 |1348 |3178 |2125k|  1 |  76k|  11 | 0.000000e+00 |      --      |    Inf |  93.85%
  418m|377300 |   165 |177622k| 470.8 |   848M |  40 |1125 |1349 |3130 |2125k|  0 |  76k|  11 | 0.000000e+00 |      --      |    Inf |  93.93%
  418m|377400 |   161 |177644k| 470.7 |   848M |  40 |1125 |1348 |   0 |2126k|  0 |  76k|  11 | 0.000000e+00 |      --      |    Inf |  93.94%
  418m|377500 |   166 |177671k| 470.6 |   848M |  40 |1125 |1348 |2651 |2126k|  2 |  77k|  11 | 0.000000e+00 |      --      |    Inf |  93.94%
  418m|377600 |   160 |177699k| 470.6 |   848M |  40 |1125 |1348 |2627 |2127k|  2 |  77k|  11 | 0.000000e+00 |      --      |    Inf |  93.94%
  418m|377700 |   154 |177721k| 470.5 |   848M |  40 |1125 |1348 |3201 |2127k|  2 |  77k|  11 | 0.000000e+00 |      --      |    Inf |  93.98%
  418m|377800 |   153 |177741k| 470.5 |   848M |  40 |1125 |1348 |3208 |2127k|  2 |  77k|  11 | 0.000000e+00 |      --      |    Inf |  93.98%
  418m|377900 |   146 |177764k| 470.4 |   848M |  40 |1125 |1348 |3263 |2127k|  0 |  77k|  11 | 0.000000e+00 |      --      |    Inf |  94.01%
  418m|378000 |   148 |177795k| 470.4 |   848M |  40 |1125 |1348 |3261 |2127k|  1 |  77k|  11 | 0.000000e+00 |      --      |    Inf |  94.02%
  418m|378100 |   146 |177817k| 470.3 |   848M |  40 |1125 |1348 |2722 |2127k|  2 |  77k|  11 | 0.000000e+00 |      --      |    Inf |  94.08%
  418m|378200 |   149 |177837k| 470.2 |   848M |  40 |1125 |1348 |2652 |2128k|  2 |  77k|  11 | 0.000000e+00 |      --      |    Inf |  94.09%
 time | node  | left  |LP iter|LP it/n|mem/heur|mdpt |vars |cons |rows |cuts |sepa|confs|strbr|  dualbound   | primalbound  |  gap   | compl. 
  418m|378300 |   147 |177865k| 470.2 |   848M |  40 |1125 |1348 |2708 |2128k|  2 |  77k|  11 | 0.000000e+00 |      --      |    Inf |  94.09%
  418m|378400 |   145 |177892k| 470.1 |   848M |  40 |1125 |1348 |2648 |2129k|  2 |  77k|  11 | 0.000000e+00 |      --      |    Inf |  94.09%
  418m|378500 |   139 |177920k| 470.1 |   848M |  40 |1125 |1348 |2572 |2129k|  1 |  77k|  11 | 0.000000e+00 |      --      |    Inf |  94.14%
  418m|378600 |   140 |177942k| 470.0 |   848M |  40 |1125 |1348 |   0 |2130k|  0 |  77k|  11 | 0.000000e+00 |      --      |    Inf |  94.17%
  418m|378700 |   139 |177965k| 469.9 |   848M |  40 |1125 |1348 |3384 |2130k|  0 |  77k|  11 | 0.000000e+00 |      --      |    Inf |  94.18%
  418m|378800 |   141 |177989k| 469.9 |   849M |  40 |1125 |1350 |3807 |2130k|  0 |  77k|  11 | 0.000000e+00 |      --      |    Inf |  94.20%
  418m|378900 |   141 |178009k| 469.8 |   849M |  40 |1125 |1350 |2436 |2130k|  2 |  77k|  11 | 0.000000e+00 |      --      |    Inf |  94.21%
  418m|379000 |   140 |178034k| 469.7 |   849M |  40 |1125 |1350 |2451 |2131k|  0 |  77k|  11 | 0.000000e+00 |      --      |    Inf |  94.22%
  419m|379100 |   144 |178055k| 469.7 |   849M |  40 |1125 |1351 |2575 |2131k|  2 |  77k|  11 | 0.000000e+00 |      --      |    Inf |  94.23%
  419m|379200 |   142 |178071k| 469.6 |   849M |  40 |1125 |1350 |3428 |2132k|  1 |  77k|  11 | 0.000000e+00 |      --      |    Inf |  94.23%
  419m|379300 |   143 |178091k| 469.5 |   849M |  40 |1125 |1350 |2556 |2132k|  1 |  77k|  11 | 0.000000e+00 |      --      |    Inf |  94.23%
  419m|379400 |   140 |178146k| 469.5 |   849M |  40 |1125 |1350 |2630 |2133k|  2 |  77k|  11 | 0.000000e+00 |      --      |    Inf |  94.23%
  419m|379500 |   140 |178189k| 469.5 |   849M |  40 |1125 |1350 |2560 |2134k|  0 |  77k|  11 | 0.000000e+00 |      --      |    Inf |  94.23%
  419m|379600 |   133 |178234k| 469.5 |   849M |  40 |1125 |1351 |3489 |2135k|  0 |  77k|  11 | 0.000000e+00 |      --      |    Inf |  94.48%
  419m|379700 |   130 |178317k| 469.6 |   849M |  40 |1125 |1348 |2722 |2136k|  0 |  77k|  11 | 0.000000e+00 |      --      |    Inf |  94.48%
 time | node  | left  |LP iter|LP it/n|mem/heur|mdpt |vars |cons |rows |cuts |sepa|confs|strbr|  dualbound   | primalbound  |  gap   | compl. 
  419m|379800 |   132 |178380k| 469.7 |   849M |  40 |1125 |1348 |2779 |2138k|  2 |  77k|  11 | 0.000000e+00 |      --      |    Inf |  94.49%
  419m|379900 |   139 |178454k| 469.7 |   849M |  40 |1125 |1348 |2901 |2139k|  2 |  77k|  11 | 0.000000e+00 |      --      |    Inf |  94.49%
  419m|380000 |   156 |178518k| 469.8 |   849M |  40 |1125 |1348 |3049 |2140k|  0 |  77k|  11 | 0.000000e+00 |      --      |    Inf |  94.51%
  419m|380100 |   155 |178557k| 469.8 |   849M |  40 |1125 |1349 |3210 |2140k|  2 |  77k|  11 | 0.000000e+00 |      --      |    Inf |  94.52%
  419m|380200 |   154 |178620k| 469.8 |   849M |  40 |1125 |1351 |3174 |2141k|  2 |  77k|  11 | 0.000000e+00 |      --      |    Inf |  94.53%
  420m|380300 |   145 |178679k| 469.8 |   849M |  40 |1125 |1351 |3026 |2142k|  0 |  77k|  11 | 0.000000e+00 |      --      |    Inf |  94.55%
  420m|380400 |   141 |178728k| 469.8 |   849M |  40 |1125 |1351 |3046 |2142k|  2 |  77k|  11 | 0.000000e+00 |      --      |    Inf |  94.63%
  420m|380500 |   149 |178786k| 469.9 |   849M |  40 |1125 |1351 |2956 |2143k|  2 |  77k|  11 | 0.000000e+00 |      --      |    Inf |  94.69%
  420m|380600 |   147 |178839k| 469.9 |   849M |  40 |1125 |1349 |2967 |2144k|  2 |  77k|  11 | 0.000000e+00 |      --      |    Inf |  94.82%
  420m|380700 |   142 |178901k| 469.9 |   849M |  40 |1125 |1349 |3078 |2144k|  2 |  77k|  11 | 0.000000e+00 |      --      |    Inf |  94.90%
  420m|380800 |   139 |178939k| 469.9 |   849M |  40 |1125 |1348 |3070 |2145k|  0 |  77k|  11 | 0.000000e+00 |      --      |    Inf |  94.97%
  420m|380900 |   141 |178982k| 469.9 |   849M |  40 |1125 |1348 |3054 |2145k|  2 |  77k|  11 | 0.000000e+00 |      --      |    Inf |  95.01%
  420m|381000 |   137 |179032k| 469.9 |   849M |  40 |1125 |1348 |3246 |2146k|  0 |  77k|  11 | 0.000000e+00 |      --      |    Inf |  95.04%
  420m|381100 |   147 |179079k| 469.9 |   849M |  40 |1125 |1349 |3312 |2146k|  0 |  77k|  11 | 0.000000e+00 |      --      |    Inf |  95.04%
  420m|381200 |   151 |179119k| 469.9 |   849M |  40 |1125 |1350 |3312 |2146k|  1 |  77k|  11 | 0.000000e+00 |      --      |    Inf |  95.04%
 time | node  | left  |LP iter|LP it/n|mem/heur|mdpt |vars |cons |rows |cuts |sepa|confs|strbr|  dualbound   | primalbound  |  gap   | compl. 
  420m|381300 |   148 |179158k| 469.9 |   849M |  40 |1125 |1348 |   0 |2146k|  0 |  77k|  11 | 0.000000e+00 |      --      |    Inf |  95.04%
  420m|381400 |   144 |179194k| 469.8 |   849M |  40 |1125 |1348 |3333 |2146k|  2 |  77k|  11 | 0.000000e+00 |      --      |    Inf |  95.04%
  420m|381500 |   143 |179238k| 469.8 |   849M |  40 |1125 |1349 |3325 |2147k|  2 |  77k|  11 | 0.000000e+00 |      --      |    Inf |  95.04%
  421m|381600 |   146 |179278k| 469.8 |   849M |  40 |1125 |1349 |3320 |2147k|  1 |  77k|  11 | 0.000000e+00 |      --      |    Inf |  95.04%
  421m|381700 |   139 |179312k| 469.8 |   849M |  40 |1125 |1348 |3322 |2147k|  2 |  77k|  11 | 0.000000e+00 |      --      |    Inf |  95.04%
  421m|381800 |   142 |179374k| 469.8 |   849M |  40 |1125 |1348 |3277 |2147k|  1 |  77k|  11 | 0.000000e+00 |      --      |    Inf |  95.06%
  421m|381900 |   141 |179419k| 469.8 |   849M |  40 |1125 |1348 |3288 |2148k|  2 |  77k|  11 | 0.000000e+00 |      --      |    Inf |  95.06%
  421m|382000 |   137 |179469k| 469.8 |   849M |  40 |1125 |1348 |3268 |2148k|  0 |  77k|  11 | 0.000000e+00 |      --      |    Inf |  95.06%
  421m|382100 |   140 |179526k| 469.8 |   849M |  40 |1125 |1348 |3276 |2148k|  2 |  77k|  11 | 0.000000e+00 |      --      |    Inf |  95.07%
  421m|382200 |   140 |179569k| 469.8 |   849M |  40 |1125 |1348 |3287 |2148k|  2 |  78k|  11 | 0.000000e+00 |      --      |    Inf |  95.07%
  421m|382300 |   134 |179627k| 469.9 |   849M |  40 |1125 |1348 |   0 |2149k|  0 |  78k|  11 | 0.000000e+00 |      --      |    Inf |  95.08%
  421m|382400 |   143 |179696k| 469.9 |   849M |  40 |1125 |1349 |3107 |2150k|  2 |  78k|  11 | 0.000000e+00 |      --      |    Inf |  95.08%
  421m|382500 |   143 |179764k| 470.0 |   849M |  40 |1125 |1349 |3060 |2151k|  0 |  78k|  11 | 0.000000e+00 |      --      |    Inf |  95.09%
  421m|382600 |   150 |179836k| 470.0 |   849M |  40 |1125 |1348 |3165 |2151k|  2 |  78k|  11 | 0.000000e+00 |      --      |    Inf |  95.09%
  422m|382700 |   160 |179889k| 470.0 |   849M |  40 |1125 |1348 |3268 |2152k|  1 |  78k|  11 | 0.000000e+00 |      --      |    Inf |  95.09%
 time | node  | left  |LP iter|LP it/n|mem/heur|mdpt |vars |cons |rows |cuts |sepa|confs|strbr|  dualbound   | primalbound  |  gap   | compl. 
  422m|382800 |   162 |179944k| 470.1 |   849M |  40 |1125 |1348 |3244 |2152k|  2 |  78k|  11 | 0.000000e+00 |      --      |    Inf |  95.09%
  422m|382900 |   161 |179993k| 470.1 |   849M |  40 |1125 |1348 |3286 |2152k|  2 |  78k|  11 | 0.000000e+00 |      --      |    Inf |  95.09%
  422m|383000 |   144 |180048k| 470.1 |   849M |  40 |1125 |1349 |3134 |2153k|  1 |  78k|  11 | 0.000000e+00 |      --      |    Inf |  95.09%
  422m|383100 |   146 |180105k| 470.1 |   849M |  40 |1125 |1350 |3177 |2153k|  2 |  78k|  11 | 0.000000e+00 |      --      |    Inf |  95.09%
  422m|383200 |   144 |180169k| 470.2 |   849M |  40 |1125 |1350 |   0 |2153k|  0 |  78k|  11 | 0.000000e+00 |      --      |    Inf |  95.09%
  422m|383300 |   153 |180242k| 470.2 |   849M |  40 |1125 |1350 |3269 |2154k|  0 |  78k|  11 | 0.000000e+00 |      --      |    Inf |  95.09%
  422m|383400 |   159 |180305k| 470.3 |   849M |  40 |1125 |1350 |3187 |2154k|  0 |  78k|  11 | 0.000000e+00 |      --      |    Inf |  95.09%
  422m|383500 |   153 |180367k| 470.3 |   849M |  40 |1125 |1351 |3186 |2155k|  2 |  78k|  11 | 0.000000e+00 |      --      |    Inf |  95.09%
  422m|383600 |   151 |180427k| 470.3 |   849M |  40 |1125 |1353 |3124 |2155k|  0 |  78k|  11 | 0.000000e+00 |      --      |    Inf |  95.09%
  422m|383700 |   140 |180468k| 470.3 |   849M |  40 |1125 |1355 |   0 |2155k|  0 |  78k|  11 | 0.000000e+00 |      --      |    Inf |  95.09%
  423m|383800 |   148 |180526k| 470.4 |   849M |  40 |1125 |1354 |   0 |2156k|  0 |  78k|  11 | 0.000000e+00 |      --      |    Inf |  95.09%
  423m|383900 |   146 |180598k| 470.4 |   849M |  40 |1125 |1352 |3215 |2156k|  2 |  78k|  11 | 0.000000e+00 |      --      |    Inf |  95.09%
  423m|384000 |   139 |180659k| 470.5 |   849M |  40 |1125 |1353 |   0 |2157k|  0 |  78k|  11 | 0.000000e+00 |      --      |    Inf |  95.09%
  423m|384100 |   141 |180731k| 470.5 |   849M |  40 |1125 |1352 |3245 |2157k|  0 |  78k|  11 | 0.000000e+00 |      --      |    Inf |  95.09%
  423m|384200 |   139 |180779k| 470.5 |   849M |  40 |1125 |1350 |3266 |2157k|  0 |  78k|  11 | 0.000000e+00 |      --      |    Inf |  95.10%
 time | node  | left  |LP iter|LP it/n|mem/heur|mdpt |vars |cons |rows |cuts |sepa|confs|strbr|  dualbound   | primalbound  |  gap   | compl. 
  423m|384300 |   141 |180838k| 470.6 |   849M |  40 |1125 |1350 |3220 |2158k|  3 |  78k|  11 | 0.000000e+00 |      --      |    Inf |  95.10%
  423m|384400 |   139 |180890k| 470.6 |   849M |  40 |1125 |1349 |3220 |2158k|  0 |  78k|  11 | 0.000000e+00 |      --      |    Inf |  95.11%
  423m|384500 |   142 |180949k| 470.6 |   849M |  40 |1125 |1348 |3222 |2159k|  1 |  78k|  11 | 0.000000e+00 |      --      |    Inf |  95.12%
  423m|384600 |   147 |181009k| 470.6 |   849M |  40 |1125 |1348 |3303 |2159k|  2 |  78k|  11 | 0.000000e+00 |      --      |    Inf |  95.14%
  423m|384700 |   141 |181065k| 470.7 |   849M |  40 |1125 |1348 |3257 |2160k|  2 |  78k|  11 | 0.000000e+00 |      --      |    Inf |  95.14%
  424m|384800 |   145 |181134k| 470.7 |   849M |  40 |1125 |1349 |3161 |2160k|  0 |  78k|  11 | 0.000000e+00 |      --      |    Inf |  95.15%
  424m|384900 |   151 |181204k| 470.8 |   849M |  40 |1125 |1349 |3204 |2161k|  2 |  78k|  11 | 0.000000e+00 |      --      |    Inf |  95.17%
  424m|385000 |   142 |181260k| 470.8 |   849M |  40 |1125 |1349 |3183 |2161k|  1 |  78k|  11 | 0.000000e+00 |      --      |    Inf |  95.18%
  424m|385100 |   141 |181324k| 470.8 |   849M |  40 |1125 |1348 |   0 |2162k|  0 |  78k|  11 | 0.000000e+00 |      --      |    Inf |  95.19%
  424m|385200 |   149 |181381k| 470.9 |   849M |  40 |1125 |1349 |3225 |2162k|  0 |  78k|  11 | 0.000000e+00 |      --      |    Inf |  95.19%
  424m|385300 |   135 |181444k| 470.9 |   849M |  40 |1125 |1350 |3155 |2163k|  2 |  78k|  11 | 0.000000e+00 |      --      |    Inf |  95.21%
  424m|385400 |   133 |181505k| 470.9 |   849M |  40 |1125 |1350 |3032 |2163k|  0 |  78k|  11 | 0.000000e+00 |      --      |    Inf |  95.24%
  424m|385500 |   138 |181562k| 471.0 |   849M |  40 |1125 |1349 |3173 |2164k|  2 |  78k|  11 | 0.000000e+00 |      --      |    Inf |  95.26%
  424m|385600 |   138 |181617k| 471.0 |   849M |  40 |1125 |1349 |3133 |2164k|  2 |  78k|  11 | 0.000000e+00 |      --      |    Inf |  95.27%
  424m|385700 |   137 |181673k| 471.0 |   849M |  40 |1125 |1349 |3223 |2164k|  1 |  78k|  11 | 0.000000e+00 |      --      |    Inf |  95.27%
 time | node  | left  |LP iter|LP it/n|mem/heur|mdpt |vars |cons |rows |cuts |sepa|confs|strbr|  dualbound   | primalbound  |  gap   | compl. 
  425m|385800 |   137 |181721k| 471.0 |   849M |  40 |1125 |1348 |   0 |2165k|  0 |  78k|  11 | 0.000000e+00 |      --      |    Inf |  95.27%
  425m|385900 |   138 |181772k| 471.0 |   849M |  40 |1125 |1348 |3180 |2165k|  0 |  78k|  11 | 0.000000e+00 |      --      |    Inf |  95.27%
  425m|386000 |   136 |181816k| 471.0 |   849M |  40 |1125 |1348 |   0 |2165k|  0 |  78k|  11 | 0.000000e+00 |      --      |    Inf |  95.27%
  425m|386100 |   150 |181888k| 471.1 |   849M |  40 |1125 |1349 |3333 |2166k|  2 |  78k|  11 | 0.000000e+00 |      --      |    Inf |  95.27%
  425m|386200 |   149 |181931k| 471.1 |   849M |  40 |1125 |1350 |3492 |2166k|  0 |  78k|  11 | 0.000000e+00 |      --      |    Inf |  95.27%
  425m|386300 |   152 |182004k| 471.1 |   849M |  40 |1125 |1351 |3350 |2167k|  2 |  78k|  11 | 0.000000e+00 |      --      |    Inf |  95.27%
  425m|386400 |   155 |182065k| 471.2 |   849M |  40 |1125 |1352 |3349 |2167k|  2 |  78k|  11 | 0.000000e+00 |      --      |    Inf |  95.27%
  425m|386500 |   156 |182134k| 471.2 |   849M |  40 |1125 |1351 |3346 |2168k|  2 |  78k|  11 | 0.000000e+00 |      --      |    Inf |  95.27%
  425m|386600 |   156 |182203k| 471.3 |   849M |  40 |1125 |1351 |3332 |2168k|  2 |  78k|  11 | 0.000000e+00 |      --      |    Inf |  95.27%
  425m|386700 |   148 |182248k| 471.3 |   849M |  40 |1125 |1352 |3422 |2168k|  2 |  78k|  11 | 0.000000e+00 |      --      |    Inf |  95.27%
  425m|386800 |   158 |182297k| 471.3 |   849M |  40 |1125 |1348 |3315 |2168k|  2 |  78k|  11 | 0.000000e+00 |      --      |    Inf |  95.27%
  426m|386900 |   151 |182346k| 471.3 |   849M |  40 |1125 |1348 |3348 |2169k|  2 |  78k|  11 | 0.000000e+00 |      --      |    Inf |  95.27%
  426m|387000 |   145 |182404k| 471.3 |   849M |  40 |1125 |1349 |3365 |2169k|  0 |  78k|  11 | 0.000000e+00 |      --      |    Inf |  95.27%
  426m|387100 |   144 |182478k| 471.4 |   849M |  40 |1125 |1349 |   0 |2169k|  0 |  79k|  11 | 0.000000e+00 |      --      |    Inf |  95.27%
  426m|387200 |   144 |182540k| 471.4 |   849M |  40 |1125 |1349 |3292 |2170k|  2 |  79k|  11 | 0.000000e+00 |      --      |    Inf |  95.27%
 time | node  | left  |LP iter|LP it/n|mem/heur|mdpt |vars |cons |rows |cuts |sepa|confs|strbr|  dualbound   | primalbound  |  gap   | compl. 
  426m|387300 |   141 |182585k| 471.4 |   849M |  40 |1125 |1349 |3305 |2170k|  0 |  79k|  11 | 0.000000e+00 |      --      |    Inf |  95.27%
  426m|387400 |   145 |182640k| 471.4 |   849M |  40 |1125 |1350 |   0 |2170k|  0 |  79k|  11 | 0.000000e+00 |      --      |    Inf |  95.27%
  426m|387500 |   152 |182708k| 471.5 |   849M |  40 |1125 |1353 |3327 |2171k|  2 |  79k|  11 | 0.000000e+00 |      --      |    Inf |  95.27%
  426m|387600 |   149 |182767k| 471.5 |   849M |  40 |1125 |1354 |3310 |2172k|  2 |  79k|  11 | 0.000000e+00 |      --      |    Inf |  95.28%
  426m|387700 |   144 |182808k| 471.5 |   849M |  40 |1125 |1357 |3284 |2172k|  2 |  79k|  11 | 0.000000e+00 |      --      |    Inf |  95.28%
  426m|387800 |   149 |182855k| 471.5 |   849M |  40 |1125 |1349 |3179 |2173k|  2 |  79k|  11 | 0.000000e+00 |      --      |    Inf |  95.28%
  427m|387900 |   156 |182921k| 471.6 |   849M |  40 |1125 |1350 |3239 |2173k|  2 |  79k|  11 | 0.000000e+00 |      --      |    Inf |  95.28%
  427m|388000 |   147 |182983k| 471.6 |   849M |  40 |1125 |1351 |   0 |2174k|  0 |  79k|  11 | 0.000000e+00 |      --      |    Inf |  95.29%
  427m|388100 |   153 |183060k| 471.7 |   849M |  40 |1125 |1351 |3354 |2174k|  2 |  79k|  11 | 0.000000e+00 |      --      |    Inf |  95.29%
  427m|388200 |   169 |183119k| 471.7 |   849M |  40 |1125 |1351 |3325 |2175k|  2 |  79k|  11 | 0.000000e+00 |      --      |    Inf |  95.29%
  427m|388300 |   156 |183162k| 471.7 |   849M |  40 |1125 |1351 |3480 |2175k|  0 |  79k|  11 | 0.000000e+00 |      --      |    Inf |  95.29%
  427m|388400 |   159 |183209k| 471.7 |   849M |  40 |1125 |1351 |3492 |2175k|  0 |  79k|  11 | 0.000000e+00 |      --      |    Inf |  95.29%
  427m|388500 |   152 |183276k| 471.7 |   849M |  40 |1125 |1351 |3488 |2175k|  1 |  79k|  11 | 0.000000e+00 |      --      |    Inf |  95.30%
  427m|388600 |   156 |183339k| 471.8 |   849M |  40 |1125 |1350 |3508 |2175k|  0 |  79k|  11 | 0.000000e+00 |      --      |    Inf |  95.30%
  427m|388700 |   145 |183401k| 471.8 |   849M |  40 |1125 |1349 |3131 |2176k|  2 |  79k|  11 | 0.000000e+00 |      --      |    Inf |  95.30%
 time | node  | left  |LP iter|LP it/n|mem/heur|mdpt |vars |cons |rows |cuts |sepa|confs|strbr|  dualbound   | primalbound  |  gap   | compl. 
  427m|388800 |   147 |183450k| 471.8 |   849M |  40 |1125 |1349 |3213 |2176k|  2 |  79k|  11 | 0.000000e+00 |      --      |    Inf |  95.30%
  428m|388900 |   157 |183514k| 471.9 |   849M |  40 |1125 |1349 |3221 |2177k|  2 |  79k|  11 | 0.000000e+00 |      --      |    Inf |  95.31%
  428m|389000 |   157 |183557k| 471.9 |   849M |  40 |1125 |1349 |3226 |2177k|  2 |  79k|  11 | 0.000000e+00 |      --      |    Inf |  95.31%
  428m|389100 |   153 |183599k| 471.8 |   849M |  40 |1125 |1349 |3211 |2177k|  2 |  79k|  11 | 0.000000e+00 |      --      |    Inf |  95.31%
  428m|389200 |   149 |183642k| 471.8 |   849M |  40 |1125 |1349 |3207 |2177k|  1 |  79k|  11 | 0.000000e+00 |      --      |    Inf |  95.31%
  428m|389300 |   144 |183685k| 471.8 |   849M |  40 |1125 |1349 |3204 |2178k|  2 |  79k|  11 | 0.000000e+00 |      --      |    Inf |  95.31%
  428m|389400 |   151 |183737k| 471.8 |   849M |  40 |1125 |1349 |3275 |2178k|  2 |  79k|  11 | 0.000000e+00 |      --      |    Inf |  95.31%
  428m|389500 |   148 |183783k| 471.8 |   849M |  40 |1125 |1349 |   0 |2178k|  0 |  79k|  11 | 0.000000e+00 |      --      |    Inf |  95.31%
  428m|389600 |   151 |183843k| 471.9 |   849M |  40 |1125 |1349 |   0 |2179k|  0 |  79k|  11 | 0.000000e+00 |      --      |    Inf |  95.32%
  428m|389700 |   151 |183899k| 471.9 |   849M |  40 |1125 |1349 |3167 |2179k|  2 |  79k|  11 | 0.000000e+00 |      --      |    Inf |  95.33%
  428m|389800 |   158 |183970k| 472.0 |   849M |  40 |1125 |1349 |3297 |2180k|  2 |  79k|  11 | 0.000000e+00 |      --      |    Inf |  95.33%
  428m|389900 |   156 |184033k| 472.0 |   849M |  40 |1125 |1349 |3347 |2180k|  2 |  79k|  11 | 0.000000e+00 |      --      |    Inf |  95.34%
  429m|390000 |   154 |184074k| 472.0 |   849M |  40 |1125 |1349 |3358 |2180k|  2 |  79k|  11 | 0.000000e+00 |      --      |    Inf |  95.34%
  429m|390100 |   153 |184117k| 472.0 |   849M |  40 |1125 |1352 |   0 |2180k|  0 |  79k|  11 | 0.000000e+00 |      --      |    Inf |  95.34%
  429m|390200 |   155 |184175k| 472.0 |   849M |  40 |1125 |1349 |3392 |2181k|  0 |  79k|  11 | 0.000000e+00 |      --      |    Inf |  95.34%
 time | node  | left  |LP iter|LP it/n|mem/heur|mdpt |vars |cons |rows |cuts |sepa|confs|strbr|  dualbound   | primalbound  |  gap   | compl. 
  429m|390300 |   157 |184226k| 472.0 |   849M |  40 |1125 |1348 |3402 |2181k|  2 |  79k|  11 | 0.000000e+00 |      --      |    Inf |  95.34%
  429m|390400 |   155 |184275k| 472.0 |   849M |  40 |1125 |1349 |3350 |2181k|  2 |  79k|  11 | 0.000000e+00 |      --      |    Inf |  95.34%
  429m|390500 |   153 |184342k| 472.1 |   849M |  40 |1125 |1349 |3289 |2182k|  2 |  79k|  11 | 0.000000e+00 |      --      |    Inf |  95.34%
  429m|390600 |   161 |184418k| 472.1 |   849M |  40 |1125 |1349 |3355 |2182k|  0 |  79k|  11 | 0.000000e+00 |      --      |    Inf |  95.35%
  429m|390700 |   156 |184494k| 472.2 |   849M |  40 |1125 |1348 |3278 |2183k|  2 |  79k|  11 | 0.000000e+00 |      --      |    Inf |  95.35%
  429m|390800 |   155 |184547k| 472.2 |   849M |  40 |1125 |1348 |3298 |2183k|  0 |  79k|  11 | 0.000000e+00 |      --      |    Inf |  95.36%
  429m|390900 |   162 |184590k| 472.2 |   849M |  40 |1125 |1348 |3295 |2183k|  2 |  79k|  11 | 0.000000e+00 |      --      |    Inf |  95.36%
  429m|391000 |   152 |184641k| 472.2 |   849M |  40 |1125 |1348 |3174 |2184k|  2 |  79k|  11 | 0.000000e+00 |      --      |    Inf |  95.36%
  430m|391100 |   157 |184695k| 472.2 |   849M |  40 |1125 |1348 |3216 |2184k|  2 |  79k|  11 | 0.000000e+00 |      --      |    Inf |  95.36%
  430m|391200 |   157 |184744k| 472.2 |   849M |  40 |1125 |1348 |3240 |2185k|  2 |  79k|  11 | 0.000000e+00 |      --      |    Inf |  95.37%
  430m|391300 |   150 |184801k| 472.3 |   849M |  40 |1125 |1349 |3233 |2185k|  2 |  79k|  11 | 0.000000e+00 |      --      |    Inf |  95.37%
  430m|391400 |   152 |184852k| 472.3 |   849M |  40 |1125 |1349 |3250 |2186k|  0 |  79k|  11 | 0.000000e+00 |      --      |    Inf |  95.38%
  430m|391500 |   149 |184926k| 472.3 |   849M |  40 |1125 |1349 |3276 |2186k|  2 |  79k|  11 | 0.000000e+00 |      --      |    Inf |  95.38%
  430m|391600 |   150 |184996k| 472.4 |   849M |  40 |1125 |1350 |3239 |2187k|  1 |  80k|  11 | 0.000000e+00 |      --      |    Inf |  95.39%
  430m|391700 |   153 |185062k| 472.5 |   849M |  40 |1125 |1350 |3217 |2187k|  2 |  80k|  11 | 0.000000e+00 |      --      |    Inf |  95.39%
 time | node  | left  |LP iter|LP it/n|mem/heur|mdpt |vars |cons |rows |cuts |sepa|confs|strbr|  dualbound   | primalbound  |  gap   | compl. 
  430m|391800 |   160 |185120k| 472.5 |   849M |  40 |1125 |1351 |3302 |2188k|  2 |  80k|  11 | 0.000000e+00 |      --      |    Inf |  95.39%
  430m|391900 |   166 |185180k| 472.5 |   849M |  40 |1125 |1350 |3318 |2188k|  2 |  80k|  11 | 0.000000e+00 |      --      |    Inf |  95.39%
  430m|392000 |   155 |185227k| 472.5 |   849M |  40 |1125 |1351 |3256 |2188k|  2 |  80k|  11 | 0.000000e+00 |      --      |    Inf |  95.39%
  431m|392100 |   161 |185288k| 472.5 |   849M |  40 |1125 |1352 |3287 |2189k|  0 |  80k|  11 | 0.000000e+00 |      --      |    Inf |  95.39%
  431m|392200 |   156 |185345k| 472.6 |   849M |  40 |1125 |1351 |3212 |2189k|  0 |  80k|  11 | 0.000000e+00 |      --      |    Inf |  95.39%
  431m|392300 |   168 |185413k| 472.6 |   849M |  40 |1125 |1350 |3301 |2189k|  2 |  80k|  11 | 0.000000e+00 |      --      |    Inf |  95.39%
  431m|392400 |   158 |185476k| 472.7 |   849M |  40 |1125 |1351 |   0 |2190k|  0 |  80k|  11 | 0.000000e+00 |      --      |    Inf |  95.39%
  431m|392500 |   155 |185542k| 472.7 |   849M |  40 |1125 |1350 |3305 |2190k|  2 |  80k|  11 | 0.000000e+00 |      --      |    Inf |  95.39%
  431m|392600 |   162 |185604k| 472.8 |   849M |  40 |1125 |1349 |3284 |2190k|  1 |  80k|  11 | 0.000000e+00 |      --      |    Inf |  95.39%
  431m|392700 |   164 |185651k| 472.8 |   849M |  40 |1125 |1349 |3305 |2190k|  2 |  80k|  11 | 0.000000e+00 |      --      |    Inf |  95.39%
  431m|392800 |   156 |185685k| 472.7 |   849M |  40 |1125 |1348 |3305 |2190k|  2 |  80k|  11 | 0.000000e+00 |      --      |    Inf |  95.39%
  431m|392900 |   151 |185737k| 472.7 |   849M |  40 |1125 |1348 |3238 |2191k|  2 |  80k|  11 | 0.000000e+00 |      --      |    Inf |  95.39%
  432m|393000 |   144 |185811k| 472.8 |   849M |  40 |1125 |1349 |3248 |2191k|  0 |  80k|  11 | 0.000000e+00 |      --      |    Inf |  95.41%
  432m|393100 |   143 |185868k| 472.8 |   849M |  40 |1125 |1348 |3200 |2192k|  2 |  80k|  11 | 0.000000e+00 |      --      |    Inf |  95.41%
  432m|393200 |   152 |185927k| 472.9 |   849M |  40 |1125 |1348 |3250 |2192k|  2 |  80k|  11 | 0.000000e+00 |      --      |    Inf |  95.42%
 time | node  | left  |LP iter|LP it/n|mem/heur|mdpt |vars |cons |rows |cuts |sepa|confs|strbr|  dualbound   | primalbound  |  gap   | compl. 
  432m|393300 |   150 |185978k| 472.9 |   849M |  40 |1125 |1348 |3315 |2193k|  0 |  80k|  11 | 0.000000e+00 |      --      |    Inf |  95.42%
  432m|393400 |   146 |186033k| 472.9 |   849M |  40 |1125 |1348 |3298 |2193k|  0 |  80k|  11 | 0.000000e+00 |      --      |    Inf |  95.42%
  432m|393500 |   151 |186087k| 472.9 |   849M |  40 |1125 |1348 |3267 |2193k|  2 |  80k|  11 | 0.000000e+00 |      --      |    Inf |  95.42%
  432m|393600 |   152 |186119k| 472.9 |   849M |  40 |1125 |1348 |3174 |2194k|  0 |  80k|  11 | 0.000000e+00 |      --      |    Inf |  95.43%
  432m|393700 |   143 |186150k| 472.8 |   849M |  40 |1125 |1348 |   0 |2194k|  0 |  80k|  11 | 0.000000e+00 |      --      |    Inf |  95.43%
  432m|393800 |   144 |186185k| 472.8 |   849M |  40 |1125 |1348 |3174 |2194k|  2 |  80k|  11 | 0.000000e+00 |      --      |    Inf |  95.44%
  432m|393900 |   132 |186214k| 472.7 |   849M |  40 |1125 |1347 |3503 |2195k|  2 |  80k|  11 | 0.000000e+00 |      --      |    Inf |  95.54%
  432m|394000 |   129 |186243k| 472.7 |   849M |  40 |1125 |1347 |3476 |2195k|  0 |  80k|  11 | 0.000000e+00 |      --      |    Inf |  95.57%
  432m|394100 |   124 |186272k| 472.6 |   849M |  40 |1125 |1347 |2682 |2195k|  1 |  80k|  11 | 0.000000e+00 |      --      |    Inf |  95.61%
  432m|394200 |   125 |186300k| 472.6 |   849M |  40 |1125 |1347 |2955 |2195k|  2 |  80k|  11 | 0.000000e+00 |      --      |    Inf |  95.68%
  432m|394300 |   125 |186339k| 472.6 |   849M |  40 |1125 |1347 |2979 |2196k|  2 |  80k|  11 | 0.000000e+00 |      --      |    Inf |  95.73%
  433m|394400 |   125 |186372k| 472.5 |   849M |  40 |1125 |1347 |3069 |2196k|  2 |  80k|  11 | 0.000000e+00 |      --      |    Inf |  95.77%
  433m|394500 |   123 |186399k| 472.5 |   849M |  40 |1125 |1348 |3047 |2197k|  0 |  80k|  11 | 0.000000e+00 |      --      |    Inf |  95.77%
  433m|394600 |   119 |186431k| 472.4 |   849M |  40 |1125 |1348 |2979 |2197k|  2 |  80k|  11 | 0.000000e+00 |      --      |    Inf |  95.79%
  433m|394700 |   131 |186461k| 472.4 |   849M |  40 |1125 |1347 |3075 |2197k|  0 |  80k|  11 | 0.000000e+00 |      --      |    Inf |  95.80%
 time | node  | left  |LP iter|LP it/n|mem/heur|mdpt |vars |cons |rows |cuts |sepa|confs|strbr|  dualbound   | primalbound  |  gap   | compl. 
  433m|394800 |   122 |186490k| 472.4 |   849M |  40 |1125 |1347 |3646 |2197k|  0 |  80k|  11 | 0.000000e+00 |      --      |    Inf |  95.82%
  433m|394900 |   123 |186514k| 472.3 |   849M |  40 |1125 |1347 |3661 |2198k|  0 |  80k|  11 | 0.000000e+00 |      --      |    Inf |  95.83%
  433m|395000 |   118 |186548k| 472.3 |   849M |  40 |1125 |1347 |3639 |2198k|  1 |  80k|  11 | 0.000000e+00 |      --      |    Inf |  95.83%
  433m|395100 |   122 |186578k| 472.2 |   849M |  40 |1125 |1347 |3637 |2198k|  0 |  80k|  11 | 0.000000e+00 |      --      |    Inf |  95.85%
  433m|395200 |   117 |186613k| 472.2 |   849M |  40 |1125 |1347 |3275 |2198k|  0 |  80k|  11 | 0.000000e+00 |      --      |    Inf |  95.86%
  433m|395300 |   115 |186646k| 472.2 |   849M |  40 |1125 |1347 |2574 |2199k|  2 |  80k|  11 | 0.000000e+00 |      --      |    Inf |  95.87%
  433m|395400 |   113 |186670k| 472.1 |   849M |  40 |1125 |1347 |2926 |2199k|  2 |  80k|  11 | 0.000000e+00 |      --      |    Inf |  95.92%
  433m|395500 |   119 |186705k| 472.1 |   849M |  40 |1125 |1347 |2979 |2200k|  2 |  80k|  11 | 0.000000e+00 |      --      |    Inf |  95.95%
  433m|395600 |   113 |186769k| 472.1 |   849M |  40 |1125 |1347 |   0 |2201k|  0 |  80k|  11 | 0.000000e+00 |      --      |    Inf |  96.08%
  433m|395700 |   115 |186831k| 472.1 |   849M |  40 |1125 |1347 |2747 |2202k|  2 |  80k|  11 | 0.000000e+00 |      --      |    Inf |  96.11%
  434m|395800 |   125 |186877k| 472.1 |   849M |  40 |1125 |1347 |2995 |2202k|  0 |  80k|  11 | 0.000000e+00 |      --      |    Inf |  96.12%
  434m|395900 |   125 |186915k| 472.1 |   849M |  40 |1125 |1347 |   0 |2203k|  0 |  80k|  11 | 0.000000e+00 |      --      |    Inf |  96.12%
  434m|396000 |   128 |186953k| 472.1 |   849M |  40 |1125 |1347 |2964 |2204k|  0 |  81k|  11 | 0.000000e+00 |      --      |    Inf |  96.12%
  434m|396100 |   127 |186987k| 472.1 |   849M |  40 |1125 |1347 |2982 |2204k|  0 |  81k|  11 | 0.000000e+00 |      --      |    Inf |  96.12%
  434m|396200 |   124 |187036k| 472.1 |   849M |  40 |1125 |1347 |2982 |2205k|  0 |  81k|  11 | 0.000000e+00 |      --      |    Inf |  96.12%
 time | node  | left  |LP iter|LP it/n|mem/heur|mdpt |vars |cons |rows |cuts |sepa|confs|strbr|  dualbound   | primalbound  |  gap   | compl. 
  434m|396300 |   125 |187074k| 472.0 |   849M |  40 |1125 |1347 |3103 |2205k|  2 |  81k|  11 | 0.000000e+00 |      --      |    Inf |  96.12%
  434m|396400 |   120 |187122k| 472.0 |   849M |  40 |1125 |1347 |2777 |2206k|  2 |  81k|  11 | 0.000000e+00 |      --      |    Inf |  96.12%
  434m|396500 |   116 |187167k| 472.0 |   849M |  40 |1125 |1347 |2899 |2206k|  0 |  81k|  11 | 0.000000e+00 |      --      |    Inf |  96.12%
  434m|396600 |   124 |187213k| 472.0 |   849M |  40 |1125 |1347 |3043 |2207k|  1 |  81k|  11 | 0.000000e+00 |      --      |    Inf |  96.13%
  434m|396700 |   116 |187257k| 472.0 |   849M |  40 |1125 |1347 |3004 |2208k|  0 |  81k|  11 | 0.000000e+00 |      --      |    Inf |  96.13%
  434m|396800 |   116 |187310k| 472.0 |   849M |  40 |1125 |1347 |3005 |2208k|  3 |  81k|  11 | 0.000000e+00 |      --      |    Inf |  96.13%
  434m|396900 |   110 |187372k| 472.1 |   849M |  40 |1125 |1347 |   0 |2209k|  0 |  81k|  11 | 0.000000e+00 |      --      |    Inf |  96.13%
  434m|397000 |   111 |187419k| 472.1 |   849M |  40 |1125 |1347 |3198 |2209k|  0 |  81k|  11 | 0.000000e+00 |      --      |    Inf |  96.13%
  435m|397100 |   110 |187462k| 472.1 |   849M |  40 |1125 |1347 |3162 |2209k|  0 |  81k|  11 | 0.000000e+00 |      --      |    Inf |  96.13%
  435m|397200 |   113 |187526k| 472.1 |   849M |  40 |1125 |1347 |3234 |2210k|  0 |  81k|  11 | 0.000000e+00 |      --      |    Inf |  96.38%
  435m|397300 |   109 |187582k| 472.1 |   849M |  40 |1125 |1347 |3183 |2210k|  0 |  81k|  11 | 0.000000e+00 |      --      |    Inf |  96.47%
  435m|397400 |   117 |187635k| 472.2 |   849M |  40 |1125 |1347 |3147 |2211k|  0 |  81k|  11 | 0.000000e+00 |      --      |    Inf |  96.53%
  435m|397500 |   121 |187703k| 472.2 |   849M |  40 |1125 |1347 |3114 |2212k|  0 |  81k|  11 | 0.000000e+00 |      --      |    Inf |  96.55%
  435m|397600 |   118 |187762k| 472.2 |   849M |  40 |1125 |1347 |3090 |2212k|  0 |  81k|  11 | 0.000000e+00 |      --      |    Inf |  96.55%
  435m|397700 |   113 |187820k| 472.3 |   849M |  40 |1125 |1349 |3075 |2212k|  0 |  81k|  11 | 0.000000e+00 |      --      |    Inf |  96.60%
 time | node  | left  |LP iter|LP it/n|mem/heur|mdpt |vars |cons |rows |cuts |sepa|confs|strbr|  dualbound   | primalbound  |  gap   | compl. 
  435m|397800 |   119 |187859k| 472.2 |   849M |  40 |1125 |1350 |3083 |2213k|  2 |  81k|  11 | 0.000000e+00 |      --      |    Inf |  96.65%
  435m|397900 |   111 |187909k| 472.2 |   849M |  40 |1125 |1349 |   0 |2213k|  0 |  81k|  11 | 0.000000e+00 |      --      |    Inf |  96.71%
  436m|398000 |   116 |187974k| 472.3 |   849M |  40 |1125 |1349 |   0 |2214k|  0 |  81k|  11 | 0.000000e+00 |      --      |    Inf |  96.72%
  436m|398100 |   104 |188036k| 472.3 |   849M |  40 |1125 |1350 |4043 |2214k|  0 |  81k|  11 | 0.000000e+00 |      --      |    Inf |  96.73%
  436m|398200 |   106 |188086k| 472.3 |   849M |  40 |1125 |1350 |2775 |2215k|  2 |  81k|  11 | 0.000000e+00 |      --      |    Inf |  96.74%
  436m|398300 |   102 |188145k| 472.4 |   849M |  40 |1125 |1350 |3016 |2216k|  0 |  81k|  11 | 0.000000e+00 |      --      |    Inf |  96.75%
  436m|398400 |    99 |188203k| 472.4 |   849M |  40 |1125 |1350 |2952 |2217k|  0 |  81k|  11 | 0.000000e+00 |      --      |    Inf |  96.77%
  436m|398500 |    98 |188247k| 472.4 |   849M |  40 |1125 |1349 |3165 |2217k|  1 |  81k|  11 | 0.000000e+00 |      --      |    Inf |  96.77%
  436m|398600 |    95 |188301k| 472.4 |   849M |  40 |1125 |1348 |2753 |2218k|  2 |  81k|  11 | 0.000000e+00 |      --      |    Inf |  96.80%
  436m|398700 |    92 |188362k| 472.4 |   849M |  40 |1125 |1348 |3039 |2219k|  0 |  81k|  11 | 0.000000e+00 |      --      |    Inf |  96.82%
  436m|398800 |    90 |188436k| 472.5 |   849M |  40 |1125 |1348 |2606 |2220k|  1 |  81k|  11 | 0.000000e+00 |      --      |    Inf |  96.82%
  436m|398900 |    90 |188505k| 472.6 |   849M |  40 |1125 |1348 |2813 |2222k|  2 |  81k|  11 | 0.000000e+00 |      --      |    Inf |  96.84%
  437m|399000 |    87 |188565k| 472.6 |   849M |  40 |1125 |1348 |2757 |2223k|  0 |  81k|  11 | 0.000000e+00 |      --      |    Inf |  96.85%
  437m|399100 |    99 |188620k| 472.6 |   849M |  40 |1125 |1348 |2911 |2223k|  0 |  81k|  11 | 0.000000e+00 |      --      |    Inf |  96.86%
  437m|399200 |    90 |188661k| 472.6 |   849M |  40 |1125 |1348 |3272 |2224k|  1 |  81k|  11 | 0.000000e+00 |      --      |    Inf |  96.89%
 time | node  | left  |LP iter|LP it/n|mem/heur|mdpt |vars |cons |rows |cuts |sepa|confs|strbr|  dualbound   | primalbound  |  gap   | compl. 
  437m|399300 |    89 |188697k| 472.6 |   849M |  40 |1125 |1348 |3392 |2224k|  0 |  81k|  11 | 0.000000e+00 |      --      |    Inf |  96.92%
  437m|399400 |    88 |188744k| 472.6 |   849M |  40 |1125 |1348 |2773 |2224k|  1 |  81k|  11 | 0.000000e+00 |      --      |    Inf |  96.93%
  437m|399500 |    84 |188805k| 472.6 |   849M |  40 |1125 |1348 |   0 |2226k|  0 |  81k|  11 | 0.000000e+00 |      --      |    Inf |  96.95%
  437m|399600 |    85 |188865k| 472.6 |   849M |  40 |1125 |1348 |2548 |2226k|  2 |  81k|  11 | 0.000000e+00 |      --      |    Inf |  96.98%
  437m|399700 |    87 |188916k| 472.6 |   849M |  40 |1125 |1348 |2984 |2227k|  0 |  81k|  11 | 0.000000e+00 |      --      |    Inf |  97.00%
  437m|399800 |    89 |188987k| 472.7 |   849M |  40 |1125 |1348 |3126 |2228k|  2 |  81k|  11 | 0.000000e+00 |      --      |    Inf |  97.00%
  437m|399900 |    79 |189041k| 472.7 |   849M |  40 |1125 |1348 |   0 |2228k|  0 |  81k|  11 | 0.000000e+00 |      --      |    Inf |  97.05%
  438m|400000 |    81 |189104k| 472.8 |   849M |  40 |1125 |1350 |3116 |2230k|  2 |  81k|  11 | 0.000000e+00 |      --      |    Inf |  97.05%
  438m|400100 |    90 |189178k| 472.8 |   849M |  40 |1125 |1350 |3354 |2230k|  0 |  81k|  11 | 0.000000e+00 |      --      |    Inf |  97.13%
  438m|400200 |    93 |189259k| 472.9 |   849M |  40 |1125 |1348 |3395 |2231k|  0 |  81k|  11 | 0.000000e+00 |      --      |    Inf |  97.31%
  438m|400300 |   100 |189327k| 473.0 |   849M |  40 |1125 |1348 |3347 |2232k|  2 |  81k|  11 | 0.000000e+00 |      --      |    Inf |  97.35%
  438m|400400 |    91 |189390k| 473.0 |   849M |  40 |1125 |1348 |3278 |2232k|  0 |  81k|  11 | 0.000000e+00 |      --      |    Inf |  97.37%
  438m|400500 |    98 |189448k| 473.0 |   849M |  40 |1125 |1348 |3432 |2233k|  0 |  81k|  11 | 0.000000e+00 |      --      |    Inf |  97.41%
  438m|400600 |    96 |189530k| 473.1 |   849M |  40 |1125 |1349 |   0 |2233k|  0 |  81k|  11 | 0.000000e+00 |      --      |    Inf |  97.46%
  438m|400700 |    88 |189590k| 473.1 |   849M |  40 |1125 |1349 |   0 |2234k|  0 |  81k|  11 | 0.000000e+00 |      --      |    Inf |  97.52%
 time | node  | left  |LP iter|LP it/n|mem/heur|mdpt |vars |cons |rows |cuts |sepa|confs|strbr|  dualbound   | primalbound  |  gap   | compl. 
  438m|400800 |    94 |189649k| 473.2 |   849M |  40 |1125 |1348 |3250 |2234k|  2 |  81k|  11 | 0.000000e+00 |      --      |    Inf |  97.57%
  439m|400900 |    88 |189694k| 473.2 |   849M |  40 |1125 |1348 |3272 |2234k|  0 |  81k|  11 | 0.000000e+00 |      --      |    Inf |  97.60%
  439m|401000 |    82 |189743k| 473.2 |   849M |  40 |1125 |1348 |3330 |2235k|  0 |  81k|  11 | 0.000000e+00 |      --      |    Inf |  97.64%
  439m|401100 |    84 |189808k| 473.2 |   849M |  40 |1125 |1348 |3367 |2235k|  1 |  81k|  11 | 0.000000e+00 |      --      |    Inf |  97.73%
  439m|401200 |    84 |189871k| 473.3 |   849M |  40 |1125 |1348 |3124 |2236k|  2 |  81k|  11 | 0.000000e+00 |      --      |    Inf |  97.86%
  439m|401300 |    81 |189913k| 473.2 |   849M |  40 |1125 |1348 |3169 |2236k|  1 |  82k|  11 | 0.000000e+00 |      --      |    Inf |  98.25%
  439m|401400 |    82 |189971k| 473.3 |   849M |  40 |1125 |1349 |3222 |2236k|  2 |  82k|  11 | 0.000000e+00 |      --      |    Inf |  98.44%
  439m|401500 |    89 |190026k| 473.3 |   849M |  40 |1125 |1348 |3161 |2237k|  1 |  82k|  11 | 0.000000e+00 |      --      |    Inf |  98.55%
  439m|401600 |    81 |190072k| 473.3 |   849M |  40 |1125 |1347 |3227 |2237k|  1 |  82k|  11 | 0.000000e+00 |      --      |    Inf |  98.60%
  439m|401700 |    78 |190125k| 473.3 |   849M |  40 |1125 |1347 |3247 |2237k|  1 |  82k|  11 | 0.000000e+00 |      --      |    Inf |  98.65%
  439m|401800 |    81 |190209k| 473.4 |   849M |  40 |1125 |1347 |3032 |2239k|  0 |  82k|  11 | 0.000000e+00 |      --      |    Inf |  98.67%
  439m|401900 |    79 |190291k| 473.5 |   849M |  40 |1125 |1347 |3035 |2240k|  2 |  82k|  11 | 0.000000e+00 |      --      |    Inf |  98.68%
  440m|402000 |    77 |190383k| 473.6 |   849M |  40 |1125 |1347 |3089 |2241k|  2 |  82k|  11 | 0.000000e+00 |      --      |    Inf |  98.68%
  440m|402100 |    80 |190442k| 473.6 |   849M |  40 |1125 |1347 |2883 |2242k|  0 |  82k|  11 | 0.000000e+00 |      --      |    Inf |  98.68%
  440m|402200 |    77 |190499k| 473.6 |   849M |  40 |1125 |1347 |2812 |2242k|  2 |  82k|  11 | 0.000000e+00 |      --      |    Inf |  98.68%
 time | node  | left  |LP iter|LP it/n|mem/heur|mdpt |vars |cons |rows |cuts |sepa|confs|strbr|  dualbound   | primalbound  |  gap   | compl. 
  440m|402300 |    76 |190542k| 473.6 |   849M |  40 |1125 |1347 |2887 |2243k|  0 |  82k|  11 | 0.000000e+00 |      --      |    Inf |  98.68%
  440m|402400 |    79 |190601k| 473.7 |   849M |  40 |1125 |1349 |2903 |2244k|  2 |  82k|  11 | 0.000000e+00 |      --      |    Inf |  98.68%
  440m|402500 |    76 |190671k| 473.7 |   849M |  40 |1125 |1348 |2933 |2245k|  2 |  82k|  11 | 0.000000e+00 |      --      |    Inf |  98.68%
  440m|402600 |    75 |190724k| 473.7 |   849M |  40 |1125 |1348 |   0 |2246k|  0 |  82k|  11 | 0.000000e+00 |      --      |    Inf |  98.68%
  440m|402700 |    75 |190769k| 473.7 |   849M |  40 |1125 |1347 |2873 |2246k|  2 |  82k|  11 | 0.000000e+00 |      --      |    Inf |  98.68%
  440m|402800 |    86 |190829k| 473.8 |   849M |  40 |1125 |1348 |3353 |2247k|  1 |  82k|  11 | 0.000000e+00 |      --      |    Inf |  98.71%
  440m|402900 |    82 |190899k| 473.8 |   849M |  40 |1125 |1348 |3418 |2248k|  1 |  82k|  11 | 0.000000e+00 |      --      |    Inf |  98.74%
  441m|403000 |    70 |190964k| 473.9 |   849M |  40 |1125 |1349 |3327 |2249k|  1 |  82k|  11 | 0.000000e+00 |      --      |    Inf |  98.81%
  441m|403100 |    70 |191017k| 473.9 |   849M |  40 |1125 |1348 |2568 |2251k|  1 |  82k|  11 | 0.000000e+00 |      --      |    Inf |  98.83%
  441m|403200 |    70 |191090k| 473.9 |   849M |  40 |1125 |1348 |2766 |2252k|  2 |  82k|  11 | 0.000000e+00 |      --      |    Inf |  98.85%
  441m|403300 |    70 |191157k| 474.0 |   849M |  40 |1125 |1349 |2907 |2254k|  0 |  82k|  11 | 0.000000e+00 |      --      |    Inf |  98.87%
  441m|403400 |    72 |191228k| 474.0 |   849M |  40 |1125 |1349 |3039 |2255k|  2 |  82k|  11 | 0.000000e+00 |      --      |    Inf |  98.88%
  441m|403500 |    65 |191283k| 474.1 |   850M |  40 |1125 |1350 |   0 |2255k|  0 |  82k|  11 | 0.000000e+00 |      --      |    Inf |  98.89%
  441m|403600 |    73 |191346k| 474.1 |   850M |  40 |1125 |1350 |3041 |2256k|  2 |  82k|  11 | 0.000000e+00 |      --      |    Inf |  98.90%
  441m|403700 |    70 |191409k| 474.1 |   850M |  40 |1125 |1350 |3134 |2257k|  2 |  82k|  11 | 0.000000e+00 |      --      |    Inf |  98.90%
 time | node  | left  |LP iter|LP it/n|mem/heur|mdpt |vars |cons |rows |cuts |sepa|confs|strbr|  dualbound   | primalbound  |  gap   | compl. 
  441m|403800 |    66 |191473k| 474.2 |   850M |  40 |1125 |1349 |3160 |2258k|  2 |  82k|  11 | 0.000000e+00 |      --      |    Inf |  98.90%
  442m|403900 |    67 |191567k| 474.3 |   850M |  40 |1125 |1348 |3027 |2259k|  2 |  82k|  11 | 0.000000e+00 |      --      |    Inf |  98.90%
  442m|404000 |    65 |191661k| 474.4 |   850M |  40 |1125 |1347 |3305 |2260k|  2 |  82k|  11 | 0.000000e+00 |      --      |    Inf |  98.90%
  442m|404100 |    65 |191741k| 474.5 |   850M |  40 |1125 |1347 |3167 |2261k|  3 |  82k|  11 | 0.000000e+00 |      --      |    Inf |  98.90%
  442m|404200 |    73 |191806k| 474.5 |   850M |  40 |1125 |1348 |3202 |2262k|  2 |  82k|  11 | 0.000000e+00 |      --      |    Inf |  98.91%
  442m|404300 |    71 |191859k| 474.5 |   850M |  40 |1125 |1348 |   0 |2262k|  0 |  82k|  11 | 0.000000e+00 |      --      |    Inf |  98.91%
  442m|404400 |    73 |191942k| 474.6 |   850M |  40 |1125 |1348 |3197 |2263k|  0 |  82k|  11 | 0.000000e+00 |      --      |    Inf |  98.92%
  442m|404500 |    78 |192037k| 474.7 |   850M |  40 |1125 |1348 |3261 |2264k|  2 |  82k|  11 | 0.000000e+00 |      --      |    Inf |  98.93%
  442m|404600 |    74 |192105k| 474.8 |   850M |  40 |1125 |1348 |3264 |2265k|  1 |  82k|  11 | 0.000000e+00 |      --      |    Inf |  98.93%
  442m|404700 |    74 |192174k| 474.9 |   850M |  40 |1125 |1348 |3211 |2265k|  0 |  82k|  11 | 0.000000e+00 |      --      |    Inf |  98.93%
  443m|404800 |    70 |192251k| 474.9 |   850M |  40 |1125 |1347 |3235 |2266k|  2 |  82k|  11 | 0.000000e+00 |      --      |    Inf |  98.93%
  443m|404900 |    58 |192350k| 475.1 |   850M |  40 |1125 |1347 |3293 |2267k|  0 |  82k|  11 | 0.000000e+00 |      --      |    Inf |  98.95%
  443m|405000 |    55 |192414k| 475.1 |   850M |  40 |1125 |1347 |3405 |2268k|  2 |  82k|  11 | 0.000000e+00 |      --      |    Inf |  99.01%
  443m|405100 |    55 |192479k| 475.1 |   850M |  40 |1125 |1347 |3388 |2268k|  2 |  82k|  11 | 0.000000e+00 |      --      |    Inf |  99.07%
  443m|405200 |    55 |192549k| 475.2 |   850M |  40 |1125 |1347 |3638 |2269k|  1 |  82k|  11 | 0.000000e+00 |      --      |    Inf |  99.08%
 time | node  | left  |LP iter|LP it/n|mem/heur|mdpt |vars |cons |rows |cuts |sepa|confs|strbr|  dualbound   | primalbound  |  gap   | compl. 
  443m|405300 |    61 |192650k| 475.3 |   850M |  40 |1125 |1347 |3392 |2270k|  2 |  82k|  11 | 0.000000e+00 |      --      |    Inf |  99.10%
  443m|405400 |    55 |192755k| 475.5 |   850M |  40 |1125 |1347 |3342 |2270k|  0 |  82k|  11 | 0.000000e+00 |      --      |    Inf |  99.10%
  444m|405500 |    58 |192851k| 475.6 |   850M |  40 |1125 |1348 |3582 |2271k|  0 |  82k|  11 | 0.000000e+00 |      --      |    Inf |  99.10%
  444m|405600 |    53 |192909k| 475.6 |   850M |  40 |1125 |1348 |3978 |2271k|  2 |  82k|  11 | 0.000000e+00 |      --      |    Inf |  99.11%
  444m|405700 |    54 |192970k| 475.6 |   852M |  40 |1125 |1348 |2801 |2272k|  2 |  82k|  11 | 0.000000e+00 |      --      |    Inf |  99.16%
  444m|405800 |    48 |193031k| 475.7 |   852M |  40 |1125 |1348 |2693 |2273k|  1 |  82k|  11 | 0.000000e+00 |      --      |    Inf |  99.18%
  444m|405900 |    52 |193078k| 475.7 |   852M |  40 |1125 |1348 |3606 |2274k|  0 |  82k|  11 | 0.000000e+00 |      --      |    Inf |  99.18%
  444m|406000 |    54 |193147k| 475.7 |   852M |  40 |1125 |1348 |2899 |2275k|  2 |  82k|  11 | 0.000000e+00 |      --      |    Inf |  99.19%
  444m|406100 |    49 |193211k| 475.8 |   852M |  40 |1125 |1348 |   0 |2275k|  0 |  82k|  11 | 0.000000e+00 |      --      |    Inf |  99.19%
  444m|406200 |    51 |193290k| 475.8 |   852M |  40 |1125 |1348 |3617 |2277k|  0 |  82k|  11 | 0.000000e+00 |      --      |    Inf |  99.19%
  444m|406300 |    50 |193337k| 475.8 |   852M |  40 |1125 |1348 |3614 |2277k|  0 |  82k|  11 | 0.000000e+00 |      --      |    Inf |  99.19%
  444m|406400 |    52 |193393k| 475.9 |   852M |  40 |1125 |1348 |3613 |2277k|  0 |  82k|  11 | 0.000000e+00 |      --      |    Inf |  99.19%
  445m|406500 |    44 |193442k| 475.9 |   852M |  40 |1125 |1348 |2618 |2277k|  2 |  82k|  11 | 0.000000e+00 |      --      |    Inf |  99.20%
  445m|406600 |    49 |193513k| 475.9 |   852M |  40 |1125 |1349 |2806 |2279k|  2 |  82k|  11 | 0.000000e+00 |      --      |    Inf |  99.20%
  445m|406700 |    48 |193602k| 476.0 |   852M |  40 |1125 |1349 |2930 |2280k|  2 |  82k|  11 | 0.000000e+00 |      --      |    Inf |  99.21%
 time | node  | left  |LP iter|LP it/n|mem/heur|mdpt |vars |cons |rows |cuts |sepa|confs|strbr|  dualbound   | primalbound  |  gap   | compl. 
  445m|406800 |    47 |193696k| 476.1 |   852M |  40 |1125 |1348 |2986 |2281k|  3 |  83k|  11 | 0.000000e+00 |      --      |    Inf |  99.21%
  445m|406900 |    49 |193786k| 476.2 |   852M |  40 |1125 |1348 |2878 |2282k|  0 |  83k|  11 | 0.000000e+00 |      --      |    Inf |  99.21%
  445m|407000 |    45 |193885k| 476.4 |   852M |  40 |1125 |1348 |3010 |2283k|  2 |  83k|  11 | 0.000000e+00 |      --      |    Inf |  99.21%
  445m|407100 |    40 |193917k| 476.3 |   852M |  40 |1125 |1347 |   0 |2284k|  0 |  83k|  11 | 0.000000e+00 |      --      |    Inf |  99.25%
  445m|407200 |    40 |193956k| 476.3 |   852M |  40 |1125 |1347 |3156 |2284k|  0 |  83k|  11 | 0.000000e+00 |      --      |    Inf |  99.28%
  445m|407300 |    37 |194012k| 476.3 |   852M |  40 |1125 |1347 |3455 |2284k|  0 |  83k|  11 | 0.000000e+00 |      --      |    Inf |  99.33%
  445m|407400 |    35 |194058k| 476.3 |   852M |  40 |1125 |1347 |3372 |2285k|  0 |  83k|  11 | 0.000000e+00 |      --      |    Inf |  99.37%
  446m|407500 |    39 |194122k| 476.4 |   852M |  40 |1125 |1347 |3437 |2285k|  1 |  83k|  11 | 0.000000e+00 |      --      |    Inf |  99.38%
  446m|407600 |    36 |194184k| 476.4 |   852M |  40 |1125 |1347 |3406 |2285k|  2 |  83k|  11 | 0.000000e+00 |      --      |    Inf |  99.40%
  446m|407700 |    41 |194242k| 476.4 |   852M |  40 |1125 |1347 |3177 |2286k|  2 |  83k|  11 | 0.000000e+00 |      --      |    Inf |  99.43%
  446m|407800 |    42 |194290k| 476.4 |   852M |  40 |1125 |1347 |   0 |2286k|  0 |  83k|  11 | 0.000000e+00 |      --      |    Inf |  99.45%
  446m|407900 |    35 |194321k| 476.4 |   852M |  40 |1125 |1347 |3206 |2286k|  0 |  83k|  11 | 0.000000e+00 |      --      |    Inf |  99.45%
  446m|408000 |    35 |194373k| 476.4 |   852M |  40 |1125 |1347 |3402 |2287k|  0 |  83k|  11 | 0.000000e+00 |      --      |    Inf |  99.62%
  446m|408100 |    31 |194419k| 476.4 |   852M |  40 |1125 |1347 |3977 |2287k|  1 |  83k|  11 | 0.000000e+00 |      --      |    Inf |  99.67%
  446m|408200 |    26 |194481k| 476.4 |   852M |  40 |1125 |1347 |3496 |2287k|  0 |  83k|  11 | 0.000000e+00 |      --      |    Inf |  99.74%
 time | node  | left  |LP iter|LP it/n|mem/heur|mdpt |vars |cons |rows |cuts |sepa|confs|strbr|  dualbound   | primalbound  |  gap   | compl. 
  446m|408300 |    30 |194554k| 476.5 |   852M |  40 |1125 |1347 |3587 |2288k|  1 |  83k|  11 | 0.000000e+00 |      --      |    Inf |  99.75%
  446m|408400 |    32 |194625k| 476.6 |   852M |  40 |1125 |1347 |3640 |2288k|  0 |  83k|  11 | 0.000000e+00 |      --      |    Inf |  99.75%
  446m|408500 |    32 |194688k| 476.6 |   852M |  40 |1125 |1347 |3620 |2288k|  1 |  83k|  11 | 0.000000e+00 |      --      |    Inf |  99.75%
  447m|408600 |    39 |194738k| 476.6 |   852M |  40 |1125 |1347 |3582 |2288k|  2 |  83k|  11 | 0.000000e+00 |      --      |    Inf |  99.75%
  447m|408700 |    26 |194800k| 476.6 |   852M |  40 |1125 |1347 |   0 |2288k|  0 |  83k|  11 | 0.000000e+00 |      --      |    Inf |  99.75%
  447m|408800 |    34 |194885k| 476.7 |   852M |  40 |1125 |1349 |   0 |2289k|  0 |  83k|  11 | 0.000000e+00 |      --      |    Inf |  99.76%
  447m|408900 |    30 |194965k| 476.8 |   852M |  40 |1125 |1350 |3562 |2289k|  0 |  83k|  11 | 0.000000e+00 |      --      |    Inf |  99.76%
  447m|409000 |    27 |195045k| 476.9 |   852M |  40 |1125 |1350 |   0 |2290k|  0 |  83k|  11 | 0.000000e+00 |      --      |    Inf |  99.77%
  447m|409100 |    27 |195119k| 476.9 |   852M |  40 |1125 |1350 |   0 |2291k|  0 |  83k|  11 | 0.000000e+00 |      --      |    Inf |  99.78%
  447m|409200 |    25 |195192k| 477.0 |   852M |  40 |1125 |1350 |   0 |2292k|  0 |  83k|  11 | 0.000000e+00 |      --      |    Inf |  99.80%
  447m|409300 |    24 |195236k| 477.0 |   852M |  40 |1125 |1350 |2594 |2293k|  2 |  83k|  11 | 0.000000e+00 |      --      |    Inf |  99.81%
  447m|409400 |    20 |195292k| 477.0 |   852M |  40 |1125 |1350 |3456 |2295k|  0 |  83k|  11 | 0.000000e+00 |      --      |    Inf |  99.82%
  448m|409500 |    17 |195364k| 477.1 |   854M |  40 |1125 |1350 |4117 |2295k|  0 |  83k|  11 | 0.000000e+00 |      --      |    Inf |  99.83%
  448m|409600 |    17 |195420k| 477.1 |   856M |  40 |1125 |1350 |4105 |2296k|  1 |  83k|  11 | 0.000000e+00 |      --      |    Inf |  99.84%
  448m|409700 |    20 |195490k| 477.1 |   858M |  40 |1125 |1351 |   0 |2296k|  0 |  83k|  11 | 0.000000e+00 |      --      |    Inf |  99.85%
 time | node  | left  |LP iter|LP it/n|mem/heur|mdpt |vars |cons |rows |cuts |sepa|confs|strbr|  dualbound   | primalbound  |  gap   | compl. 
  448m|409800 |    13 |195562k| 477.2 |   859M |  40 |1125 |1351 |2809 |2296k|  1 |  83k|  11 | 0.000000e+00 |      --      |    Inf |  99.85%
  448m|409900 |    17 |195625k| 477.2 |   859M |  40 |1125 |1351 |3399 |2297k|  2 |  83k|  11 | 0.000000e+00 |      --      |    Inf |  99.88%
  448m|410000 |    12 |195659k| 477.2 |   859M |  40 |1125 |1349 |3377 |2297k|  0 |  83k|  11 | 0.000000e+00 |      --      |    Inf |  99.91%
  448m|410100 |    10 |195680k| 477.1 |   859M |  40 |1125 |1349 |   0 |2297k|  0 |  83k|  11 | 0.000000e+00 |      --      |    Inf |  99.96%
  448m|410200 |    12 |195698k| 477.1 |   859M |  40 |1125 |1350 |2581 |2297k|  0 |  83k|  11 | 0.000000e+00 |      --      |    Inf |  99.98%
  448m|410300 |     5 |195714k| 477.0 |   859M |  40 |1125 |1351 |3417 |2298k|  0 |  83k|  11 | 0.000000e+00 |      --      |    Inf |  99.99%
  448m|410400 |     7 |195738k| 476.9 |   859M |  40 |1125 |1350 |3000 |2298k|  0 |  83k|  11 | 0.000000e+00 |      --      |    Inf |  99.99%
  448m|410500 |     7 |195755k| 476.9 |   859M |  40 |1125 |1350 |   0 |2298k|  0 |  83k|  11 | 0.000000e+00 |      --      |    Inf |  99.99%
  448m|410600 |     7 |195776k| 476.8 |   859M |  40 |1125 |1190 |2984 |2299k|  1 |  83k|  11 | 0.000000e+00 |      --      |    Inf | 100.00%

SCIP Status        : problem is solved [infeasible]
Solving Time (sec) : 26901.00
Solving Nodes      : 410661
Primal Bound       : +1.00000000000000e+20 (0 solutions)
Dual Bound         : +1.00000000000000e+20
Gap                : 0.00 %


no solution available

SCIP> 